model,seed,scene,occluder,cut,cond,round,d,h,pitch,yaw,hfov,edge_projected,hbin,dbin,dbin3a,n_gt,ncell_3a,ncell_3b,d_3a,d_3b,on_3a,off_3a,on_3b,off_3b,rec_3a,rec_3b,delta_all
rgb,42,scene14,tread/landing self-occlusion (perspective terrace illusion),L0__s20260819__0000.png,L0,260819_main_on,4.7439,0.8483,-9.8586,1.429,61.6578,130,h_mid (~0.9),d<7,d<5.5,10,5,5,-0.057468,0.403735,0.048754,0.106222,0.806817,0.403082,0.0,1.0,0.403735
rgb,42,scene14,tread/landing self-occlusion (perspective terrace illusion),L0__s20260819__0001.png,L0,260819_main_on,7.036,1.2795,-8.9998,1.6524,61.4065,179,h_hi (~1.8),d 7-9,d>=6.8,9,4,5,0.097273,0.632217,0.238515,0.141242,0.921277,0.28906,0.0,1.0,0.632217
rgb,42,scene14,tread/landing self-occlusion (perspective terrace illusion),L0__s20260819__0003.png,L0,260819_main_on,4.594,0.9536,-3.2277,7.0829,62.9059,125,h_mid (~0.9),d<7,d<5.5,10,5,5,-0.548395,0.33220799999999995,0.369546,0.917941,0.906747,0.574539,0.0,1.0,-0.011194000000000037
rgb,42,scene14,tread/landing self-occlusion (perspective terrace illusion),L0__s20260819__0004.png,L0,260819_main_on,8.4208,1.0624,-9.4161,-17.2604,60.9456,141,h_mid (~0.9),d 7-9,d>=6.8,4,0,4,nan,0.42890300000000003,nan,nan,0.561849,0.132946,nan,1.0,0.42890300000000003
rgb,42,scene14,tread/landing self-occlusion (perspective terrace illusion),L0__s20260819__0006.png,L0,260819_main_on,6.5633,0.9635,-10.0252,-0.1653,61.7917,167,h_mid (~0.9),d<7,d 5.5-6.8,10,5,5,0.10601000000000002,0.461759,0.30198,0.19597,0.946977,0.485218,0.0,1.0,0.461759
rgb,42,scene14,tread/landing self-occlusion (perspective terrace illusion),L0__s20260819__0007.png,L0,260819_main_on,4.9665,0.7236,-8.8174,0.2988,62.6318,132,h_mid (~0.9),d<7,d<5.5,10,5,5,-0.24985800000000002,0.24896200000000002,0.173477,0.423335,0.867838,0.618876,0.0,1.0,0.24896200000000002
rgb,42,scene14,tread/landing self-occlusion (perspective terrace illusion),L0__s20260820__0000.png::boost_e,L0,260820_boost_e_on,8.9228,1.4412,-8.1284,3.311,58.9789,189,h_hi (~1.8),d 7-9,d>=6.8,5,0,5,nan,-0.17959200000000003,nan,nan,0.058431,0.238023,nan,0.0,-0.17959200000000003
rgb,42,scene14,tread/landing self-occlusion (perspective terrace illusion),L0__s20260820__0000.png::boost_h,L0,260820_boost_h_on,8.9228,0.5085,-8.1284,3.311,58.9789,188,h_lo (robot ~0.3),d 7-9,d>=6.8,5,0,5,nan,0.44475600000000004,nan,nan,0.613855,0.169099,nan,1.0,0.44475600000000004
rgb,42,scene14,tread/landing self-occlusion (perspective terrace illusion),L0__s20260820__0001.png::boost_e,L0,260820_boost_e_on,11.2053,1.7168,-10.3828,-4.0507,61.2701,67,h_hi (~1.8),d>=9,d>=6.8,4,0,4,nan,0.161085,nan,nan,0.253168,0.092083,nan,0.0,0.161085
rgb,42,scene14,tread/landing self-occlusion (perspective terrace illusion),L0__s20260820__0001.png::boost_h,L0,260820_boost_h_on,11.2053,0.8037,-10.3828,-4.0507,61.2701,67,h_mid (~0.9),d>=9,d>=6.8,4,0,4,nan,0.26866100000000004,nan,nan,0.410575,0.141914,nan,0.0,0.26866100000000004
rgb,42,scene14,tread/landing self-occlusion (perspective terrace illusion),L0__s20260820__0003.png::boost_e,L0,260820_boost_e_on,10.095,1.8852,-7.2352,-9.0359,60.577,182,h_hi (~1.8),d>=9,d>=6.8,4,0,4,nan,0.663808,nan,nan,0.770474,0.106666,nan,1.0,0.663808
rgb,42,scene14,tread/landing self-occlusion (perspective terrace illusion),L0__s20260820__0003.png::boost_h,L0,260820_boost_h_on,10.095,0.9842,-7.2352,-9.0359,60.577,180,h_mid (~0.9),d>=9,d>=6.8,4,0,4,nan,0.42181599999999997,nan,nan,0.493973,0.072157,nan,0.0,0.42181599999999997
rgb,42,scene14,tread/landing self-occlusion (perspective terrace illusion),L0__s20260820__0004.png::boost_e,L0,260820_boost_e_on,6.7379,1.5701,-16.0704,-3.7589,60.2149,170,h_hi (~1.8),d<7,d 5.5-6.8,10,5,5,0.06827,0.700447,0.075978,0.007708,0.760955,0.060508,0.0,1.0,0.700447
rgb,42,scene14,tread/landing self-occlusion (perspective terrace illusion),L0__s20260820__0004.png::boost_h,L0,260820_boost_h_on,6.7379,0.6465,-16.0704,-3.7589,60.2149,164,h_mid (~0.9),d<7,d 5.5-6.8,10,5,5,-0.004273,-0.027016999999999992,0.001371,0.005644,0.059081,0.086098,0.0,0.0,-0.027016999999999992
rgb,42,scene14,tread/landing self-occlusion (perspective terrace illusion),L0__s20260820__0005.png::boost_e,L0,260820_boost_e_on,8.1602,1.6314,-12.4022,9.6925,62.3957,179,h_hi (~1.8),d 7-9,d>=6.8,5,0,5,nan,0.536178,nan,nan,0.613614,0.077436,nan,1.0,0.536178
rgb,42,scene14,tread/landing self-occlusion (perspective terrace illusion),L0__s20260820__0005.png::boost_h,L0,260820_boost_h_on,8.1602,0.7122,-12.4022,9.6925,62.3957,179,h_mid (~0.9),d 7-9,d>=6.8,5,0,5,nan,0.221331,nan,nan,0.256498,0.035167,nan,0.0,0.221331
rgb,42,scene14,tread/landing self-occlusion (perspective terrace illusion),L0__s20260820__0006.png::boost_e,L0,260820_boost_e_on,8.239,1.2253,-16.5186,9.6527,62.4123,168,h_hi (~1.8),d 7-9,d>=6.8,5,0,5,nan,0.047393,nan,nan,0.060159,0.012766,nan,0.0,0.047393
rgb,42,scene14,tread/landing self-occlusion (perspective terrace illusion),L0__s20260820__0006.png::boost_h,L0,260820_boost_h_on,8.239,0.2771,-16.5186,9.6527,62.4123,166,h_lo (robot ~0.3),d 7-9,d>=6.8,5,0,5,nan,0.009855,nan,nan,0.014725,0.00487,nan,0.0,0.009855
rgb,42,scene14,tread/landing self-occlusion (perspective terrace illusion),L0__s20260820__0007.png::boost_e,L0,260820_boost_e_on,10.4613,1.2748,-6.1172,5.4847,60.0935,198,h_hi (~1.8),d>=9,d>=6.8,5,0,5,nan,0.145255,nan,nan,0.237204,0.091949,nan,0.0,0.145255
rgb,42,scene14,tread/landing self-occlusion (perspective terrace illusion),L0__s20260820__0007.png::boost_h,L0,260820_boost_h_on,10.4613,0.3301,-6.1172,5.4847,60.0935,198,h_lo (robot ~0.3),d>=9,d>=6.8,5,0,5,nan,0.234769,nan,nan,0.458274,0.223505,nan,0.0,0.234769
rgb,42,scene14,tread/landing self-occlusion (perspective terrace illusion),L5__s20260819__0000.png,L5,260819_main_on,4.7439,0.8483,-9.8586,1.429,61.6578,130,h_mid (~0.9),d<7,d<5.5,10,5,5,-0.104579,0.590824,0.103937,0.208516,0.772104,0.18128,0.0,1.0,0.563588
rgb,42,scene14,tread/landing self-occlusion (perspective terrace illusion),L5__s20260819__0001.png,L5,260819_main_on,7.036,1.2795,-8.9998,1.6524,61.4065,179,h_hi (~1.8),d 7-9,d>=6.8,9,4,5,-0.0015369999999999967,0.5689169999999999,0.081399,0.082936,0.841409,0.272492,0.0,1.0,0.5689169999999999
rgb,42,scene14,tread/landing self-occlusion (perspective terrace illusion),L5__s20260819__0003.png,L5,260819_main_on,4.594,0.9536,-3.2277,7.0829,62.9059,125,h_mid (~0.9),d<7,d<5.5,10,5,5,-0.694804,0.282809,0.263724,0.958528,0.882199,0.59939,0.0,1.0,-0.07632900000000009
rgb,42,scene14,tread/landing self-occlusion (perspective terrace illusion),L5__s20260819__0004.png,L5,260819_main_on,8.4208,1.0624,-9.4161,-17.2604,60.9456,141,h_mid (~0.9),d 7-9,d>=6.8,4,0,4,nan,0.56347,nan,nan,0.667755,0.104285,nan,1.0,0.56347
rgb,42,scene14,tread/landing self-occlusion (perspective terrace illusion),L5__s20260819__0006.png,L5,260819_main_on,6.5633,0.9635,-10.0252,-0.1653,61.7917,167,h_mid (~0.9),d<7,d 5.5-6.8,10,5,5,0.2329000000000001,0.531633,0.871473,0.638573,0.98075,0.449117,1.0,1.0,0.34217700000000006
rgb,42,scene14,tread/landing self-occlusion (perspective terrace illusion),L5__s20260819__0007.png,L5,260819_main_on,4.9665,0.7236,-8.8174,0.2988,62.6318,132,h_mid (~0.9),d<7,d<5.5,10,5,5,0.034048999999999996,0.347951,0.610641,0.576592,0.958281,0.61033,1.0,1.0,0.347951
rgb,42,scene14,tread/landing self-occlusion (perspective terrace illusion),L5__s20260820__0000.png::boost_e,L5,260820_boost_e_on,8.9228,1.4412,-8.1284,3.311,58.9789,189,h_hi (~1.8),d 7-9,d>=6.8,5,0,5,nan,-0.072262,nan,nan,0.089348,0.16161,nan,0.0,-0.072262
rgb,42,scene14,tread/landing self-occlusion (perspective terrace illusion),L5__s20260820__0000.png::boost_h,L5,260820_boost_h_on,8.9228,0.5085,-8.1284,3.311,58.9789,188,h_lo (robot ~0.3),d 7-9,d>=6.8,5,0,5,nan,0.3051650000000001,nan,nan,0.618616,0.313451,nan,1.0,0.3051650000000001
rgb,42,scene14,tread/landing self-occlusion (perspective terrace illusion),L5__s20260820__0001.png::boost_e,L5,260820_boost_e_on,11.2053,1.7168,-10.3828,-4.0507,61.2701,67,h_hi (~1.8),d>=9,d>=6.8,4,0,4,nan,0.25476699999999997,nan,nan,0.35984,0.105073,nan,0.0,0.25476699999999997
rgb,42,scene14,tread/landing self-occlusion (perspective terrace illusion),L5__s20260820__0001.png::boost_h,L5,260820_boost_h_on,11.2053,0.8037,-10.3828,-4.0507,61.2701,67,h_mid (~0.9),d>=9,d>=6.8,4,0,4,nan,0.187181,nan,nan,0.251455,0.064274,nan,0.0,0.187181
rgb,42,scene14,tread/landing self-occlusion (perspective terrace illusion),L5__s20260820__0003.png::boost_e,L5,260820_boost_e_on,10.095,1.8852,-7.2352,-9.0359,60.577,182,h_hi (~1.8),d>=9,d>=6.8,4,0,4,nan,0.5880559999999999,nan,nan,0.746547,0.158491,nan,1.0,0.5880559999999999
rgb,42,scene14,tread/landing self-occlusion (perspective terrace illusion),L5__s20260820__0003.png::boost_h,L5,260820_boost_h_on,10.095,0.9842,-7.2352,-9.0359,60.577,180,h_mid (~0.9),d>=9,d>=6.8,4,0,4,nan,-0.007667000000000007,nan,nan,0.101934,0.109601,nan,0.0,-0.007667000000000007
rgb,42,scene14,tread/landing self-occlusion (perspective terrace illusion),L5__s20260820__0004.png::boost_e,L5,260820_boost_e_on,6.7379,1.5701,-16.0704,-3.7589,60.2149,170,h_hi (~1.8),d<7,d 5.5-6.8,10,5,5,0.260416,0.64062,0.449524,0.189108,0.913646,0.273026,0.0,1.0,0.64062
rgb,42,scene14,tread/landing self-occlusion (perspective terrace illusion),L5__s20260820__0004.png::boost_h,L5,260820_boost_h_on,6.7379,0.6465,-16.0704,-3.7589,60.2149,164,h_mid (~0.9),d<7,d 5.5-6.8,10,5,5,-0.011174000000000003,-0.0005020000000000024,0.071112,0.082286,0.055715,0.056217,0.0,0.0,-0.011174000000000003
rgb,42,scene14,tread/landing self-occlusion (perspective terrace illusion),L5__s20260820__0005.png::boost_e,L5,260820_boost_e_on,8.1602,1.6314,-12.4022,9.6925,62.3957,179,h_hi (~1.8),d 7-9,d>=6.8,5,0,5,nan,0.306427,nan,nan,0.465194,0.158767,nan,0.0,0.306427
rgb,42,scene14,tread/landing self-occlusion (perspective terrace illusion),L5__s20260820__0005.png::boost_h,L5,260820_boost_h_on,8.1602,0.7122,-12.4022,9.6925,62.3957,179,h_mid (~0.9),d 7-9,d>=6.8,5,0,5,nan,0.30378,nan,nan,0.340236,0.036456,nan,0.0,0.30378
rgb,42,scene14,tread/landing self-occlusion (perspective terrace illusion),L5__s20260820__0006.png::boost_e,L5,260820_boost_e_on,8.239,1.2253,-16.5186,9.6527,62.4123,168,h_hi (~1.8),d 7-9,d>=6.8,5,0,5,nan,0.368638,nan,nan,0.425742,0.057104,nan,0.0,0.368638
rgb,42,scene14,tread/landing self-occlusion (perspective terrace illusion),L5__s20260820__0006.png::boost_h,L5,260820_boost_h_on,8.239,0.2771,-16.5186,9.6527,62.4123,166,h_lo (robot ~0.3),d 7-9,d>=6.8,5,0,5,nan,0.0015830000000000002,nan,nan,0.002945,0.001362,nan,0.0,0.0015830000000000002
rgb,42,scene14,tread/landing self-occlusion (perspective terrace illusion),L5__s20260820__0007.png::boost_e,L5,260820_boost_e_on,10.4613,1.2748,-6.1172,5.4847,60.0935,198,h_hi (~1.8),d>=9,d>=6.8,5,0,5,nan,0.012382999999999991,nan,nan,0.104667,0.092284,nan,0.0,0.012382999999999991
rgb,42,scene14,tread/landing self-occlusion (perspective terrace illusion),L5__s20260820__0007.png::boost_h,L5,260820_boost_h_on,10.4613,0.3301,-6.1172,5.4847,60.0935,198,h_lo (robot ~0.3),d>=9,d>=6.8,5,0,5,nan,0.271024,nan,nan,0.424299,0.153275,nan,0.0,0.271024
rgb,42,scene14,tread/landing self-occlusion (perspective terrace illusion),L7__s20260819__0000.png,L7,260819_main_on,4.7439,0.8483,-9.8586,1.429,61.6578,130,h_mid (~0.9),d<7,d<5.5,10,5,5,-0.065814,0.371125,0.017803,0.083617,0.718305,0.34718,0.0,1.0,0.371125
rgb,42,scene14,tread/landing self-occlusion (perspective terrace illusion),L7__s20260819__0001.png,L7,260819_main_on,7.036,1.2795,-8.9998,1.6524,61.4065,179,h_hi (~1.8),d 7-9,d>=6.8,9,4,5,-0.033880999999999994,0.562038,0.095473,0.129354,0.883215,0.321177,0.0,1.0,0.562038
rgb,42,scene14,tread/landing self-occlusion (perspective terrace illusion),L7__s20260819__0003.png,L7,260819_main_on,4.594,0.9536,-3.2277,7.0829,62.9059,125,h_mid (~0.9),d<7,d<5.5,10,5,5,-0.724418,0.44577,0.161309,0.885727,0.833472,0.387702,0.0,1.0,-0.05225500000000005
rgb,42,scene14,tread/landing self-occlusion (perspective terrace illusion),L7__s20260819__0004.png,L7,260819_main_on,8.4208,1.0624,-9.4161,-17.2604,60.9456,141,h_mid (~0.9),d 7-9,d>=6.8,4,0,4,nan,0.5118969999999999,nan,nan,0.545611,0.033714,nan,1.0,0.5118969999999999
rgb,42,scene14,tread/landing self-occlusion (perspective terrace illusion),L7__s20260819__0006.png,L7,260819_main_on,6.5633,0.9635,-10.0252,-0.1653,61.7917,167,h_mid (~0.9),d<7,d 5.5-6.8,10,5,5,0.0007169999999999954,0.585789,0.134334,0.133617,0.90654,0.320751,0.0,1.0,0.585789
rgb,42,scene14,tread/landing self-occlusion (perspective terrace illusion),L7__s20260819__0007.png,L7,260819_main_on,4.9665,0.7236,-8.8174,0.2988,62.6318,132,h_mid (~0.9),d<7,d<5.5,10,5,5,-0.139546,0.201168,0.204258,0.343804,0.735204,0.534036,0.0,1.0,0.201168
rgb,42,scene14,tread/landing self-occlusion (perspective terrace illusion),L7__s20260820__0000.png::boost_e,L7,260820_boost_e_on,8.9228,1.4412,-8.1284,3.311,58.9789,189,h_hi (~1.8),d 7-9,d>=6.8,5,0,5,nan,-0.051511,nan,nan,0.029905,0.081416,nan,0.0,-0.051511
rgb,42,scene14,tread/landing self-occlusion (perspective terrace illusion),L7__s20260820__0000.png::boost_h,L7,260820_boost_h_on,8.9228,0.5085,-8.1284,3.311,58.9789,188,h_lo (robot ~0.3),d 7-9,d>=6.8,5,0,5,nan,0.40133,nan,nan,0.450946,0.049616,nan,0.0,0.40133
rgb,42,scene14,tread/landing self-occlusion (perspective terrace illusion),L7__s20260820__0001.png::boost_e,L7,260820_boost_e_on,11.2053,1.7168,-10.3828,-4.0507,61.2701,67,h_hi (~1.8),d>=9,d>=6.8,4,0,4,nan,0.014345999999999998,nan,nan,0.15007,0.135724,nan,0.0,0.014345999999999998
rgb,42,scene14,tread/landing self-occlusion (perspective terrace illusion),L7__s20260820__0001.png::boost_h,L7,260820_boost_h_on,11.2053,0.8037,-10.3828,-4.0507,61.2701,67,h_mid (~0.9),d>=9,d>=6.8,4,0,4,nan,0.25003,nan,nan,0.308382,0.058352,nan,0.0,0.25003
rgb,42,scene14,tread/landing self-occlusion (perspective terrace illusion),L7__s20260820__0003.png::boost_e,L7,260820_boost_e_on,10.095,1.8852,-7.2352,-9.0359,60.577,182,h_hi (~1.8),d>=9,d>=6.8,4,0,4,nan,0.7138030000000001,nan,nan,0.827347,0.113544,nan,1.0,0.7138030000000001
rgb,42,scene14,tread/landing self-occlusion (perspective terrace illusion),L7__s20260820__0003.png::boost_h,L7,260820_boost_h_on,10.095,0.9842,-7.2352,-9.0359,60.577,180,h_mid (~0.9),d>=9,d>=6.8,4,0,4,nan,0.19013700000000003,nan,nan,0.301256,0.111119,nan,0.0,0.19013700000000003
rgb,42,scene14,tread/landing self-occlusion (perspective terrace illusion),L7__s20260820__0004.png::boost_e,L7,260820_boost_e_on,6.7379,1.5701,-16.0704,-3.7589,60.2149,170,h_hi (~1.8),d<7,d 5.5-6.8,10,5,5,0.051637999999999996,0.6804089999999999,0.060688,0.00905,0.725355,0.044946,0.0,1.0,0.6804089999999999
rgb,42,scene14,tread/landing self-occlusion (perspective terrace illusion),L7__s20260820__0004.png::boost_h,L7,260820_boost_h_on,6.7379,0.6465,-16.0704,-3.7589,60.2149,164,h_mid (~0.9),d<7,d 5.5-6.8,10,5,5,0.0007440000000000001,0.029239000000000008,0.002586,0.001842,0.071137,0.041898,0.0,0.0,0.029239000000000008
rgb,42,scene14,tread/landing self-occlusion (perspective terrace illusion),L7__s20260820__0005.png::boost_e,L7,260820_boost_e_on,8.1602,1.6314,-12.4022,9.6925,62.3957,179,h_hi (~1.8),d 7-9,d>=6.8,5,0,5,nan,0.33721500000000004,nan,nan,0.374802,0.037587,nan,0.0,0.33721500000000004
rgb,42,scene14,tread/landing self-occlusion (perspective terrace illusion),L7__s20260820__0005.png::boost_h,L7,260820_boost_h_on,8.1602,0.7122,-12.4022,9.6925,62.3957,179,h_mid (~0.9),d 7-9,d>=6.8,5,0,5,nan,0.16473000000000002,nan,nan,0.207848,0.043118,nan,0.0,0.16473000000000002
rgb,42,scene14,tread/landing self-occlusion (perspective terrace illusion),L7__s20260820__0006.png::boost_e,L7,260820_boost_e_on,8.239,1.2253,-16.5186,9.6527,62.4123,168,h_hi (~1.8),d 7-9,d>=6.8,5,0,5,nan,0.018203,nan,nan,0.019807,0.001604,nan,0.0,0.018203
rgb,42,scene14,tread/landing self-occlusion (perspective terrace illusion),L7__s20260820__0006.png::boost_h,L7,260820_boost_h_on,8.239,0.2771,-16.5186,9.6527,62.4123,166,h_lo (robot ~0.3),d 7-9,d>=6.8,5,0,5,nan,0.002269,nan,nan,0.007976,0.005707,nan,0.0,0.002269
rgb,42,scene14,tread/landing self-occlusion (perspective terrace illusion),L7__s20260820__0007.png::boost_e,L7,260820_boost_e_on,10.4613,1.2748,-6.1172,5.4847,60.0935,198,h_hi (~1.8),d>=9,d>=6.8,5,0,5,nan,0.212706,nan,nan,0.243,0.030294,nan,0.0,0.212706
rgb,42,scene14,tread/landing self-occlusion (perspective terrace illusion),L7__s20260820__0007.png::boost_h,L7,260820_boost_h_on,10.4613,0.3301,-6.1172,5.4847,60.0935,198,h_lo (robot ~0.3),d>=9,d>=6.8,5,0,5,nan,0.28108599999999995,nan,nan,0.591297,0.310211,nan,1.0,0.28108599999999995
rgb,42,scene15,lateral wall + 25deg bend (corridor occlusion),L0__s20260819__0000.png,L0,260819_main_on,9.9031,0.4233,-6.6317,-4.2143,61.8616,14,h_lo (robot ~0.3),d>=9,d>=6.8,1,0,1,nan,0.04119700000000004,nan,nan,0.667933,0.626736,nan,1.0,0.04119700000000004
rgb,42,scene15,lateral wall + 25deg bend (corridor occlusion),L0__s20260820__0000.png::boost_e,L0,260820_boost_e_on,10.9914,0.3911,-13.637,-17.7914,62.7559,14,h_lo (robot ~0.3),d>=9,d>=6.8,2,0,2,nan,0.025433999999999957,nan,nan,0.607134,0.5817,nan,1.0,0.025433999999999957
rgb,42,scene15,lateral wall + 25deg bend (corridor occlusion),L0__s20260820__0000.png::boost_h,L0,260820_boost_h_on,10.9914,0.3614,-13.637,-17.7914,62.7559,14,h_lo (robot ~0.3),d>=9,d>=6.8,2,0,2,nan,0.019212000000000007,nan,nan,0.640006,0.620794,nan,1.0,0.019212000000000007
rgb,42,scene15,lateral wall + 25deg bend (corridor occlusion),L0__s20260820__0001.png::boost_h,L0,260820_boost_h_on,9.9013,0.8097,-6.8068,-11.8299,63.9125,14,h_mid (~0.9),d>=9,d>=6.8,1,0,1,nan,0.05144399999999999,nan,nan,0.50447,0.453026,nan,1.0,0.05144399999999999
rgb,42,scene15,lateral wall + 25deg bend (corridor occlusion),L0__s20260820__0003.png::boost_e,L0,260820_boost_e_on,7.5147,0.4734,-11.0902,-4.9586,63.1815,14,h_lo (robot ~0.3),d 7-9,d>=6.8,4,2,2,0.053949000000000025,0.021240999999999954,0.428321,0.374372,0.823965,0.802724,0.0,1.0,0.021240999999999954
rgb,42,scene15,lateral wall + 25deg bend (corridor occlusion),L0__s20260820__0003.png::boost_h,L0,260820_boost_h_on,7.5147,0.4263,-11.0902,-4.9586,63.1815,14,h_lo (robot ~0.3),d 7-9,d>=6.8,4,2,2,0.054957000000000034,0.026687999999999934,0.360412,0.305455,0.808286,0.781598,0.0,1.0,0.026687999999999934
rgb,42,scene15,lateral wall + 25deg bend (corridor occlusion),L0__s20260820__0004.png::boost_e,L0,260820_boost_e_on,9.9583,0.8223,-12.6937,-3.4861,58.1207,14,h_mid (~0.9),d>=9,d>=6.8,2,0,2,nan,0.04641400000000001,nan,nan,0.392169,0.345755,nan,0.0,0.04641400000000001
rgb,42,scene15,lateral wall + 25deg bend (corridor occlusion),L0__s20260820__0004.png::boost_h,L0,260820_boost_h_on,9.9583,0.7018,-12.6937,-3.4861,58.1207,14,h_mid (~0.9),d>=9,d>=6.8,2,0,2,nan,0.01960299999999998,nan,nan,0.305919,0.286316,nan,0.0,0.01960299999999998
rgb,42,scene15,lateral wall + 25deg bend (corridor occlusion),L0__s20260820__0005.png::boost_e,L0,260820_boost_e_on,9.8366,0.3501,-5.4058,-7.3396,62.3314,14,h_lo (robot ~0.3),d>=9,d>=6.8,1,0,1,nan,-0.047205,nan,nan,0.398225,0.44543,nan,0.0,-0.047205
rgb,42,scene15,lateral wall + 25deg bend (corridor occlusion),L0__s20260820__0005.png::boost_h,L0,260820_boost_h_on,9.8366,0.329,-5.4058,-7.3396,62.3314,14,h_lo (robot ~0.3),d>=9,d>=6.8,1,0,1,nan,0.035138999999999976,nan,nan,0.311235,0.276096,nan,0.0,0.035138999999999976
rgb,42,scene15,lateral wall + 25deg bend (corridor occlusion),L0__s20260820__0006.png::boost_e,L0,260820_boost_e_on,6.9519,0.4701,-5.1828,6.8137,59.5209,14,h_lo (robot ~0.3),d<7,d>=6.8,4,2,2,0.015938000000000008,-0.0008699999999999264,0.732936,0.716998,0.872248,0.873118,1.0,1.0,-0.0008699999999999264
rgb,42,scene15,lateral wall + 25deg bend (corridor occlusion),L0__s20260820__0006.png::boost_h,L0,260820_boost_h_on,6.9519,0.4238,-5.1828,6.8137,59.5209,14,h_lo (robot ~0.3),d<7,d>=6.8,4,2,2,0.07299999999999995,0.03537000000000001,0.798044,0.725044,0.930779,0.895409,1.0,1.0,0.03537000000000001
rgb,42,scene15,lateral wall + 25deg bend (corridor occlusion),L4__s20260819__0000.png,L4,260819_main_on,9.9031,0.4233,-6.6317,-4.2143,61.8616,14,h_lo (robot ~0.3),d>=9,d>=6.8,1,0,1,nan,-0.005510999999999988,nan,nan,0.499288,0.504799,nan,0.0,-0.005510999999999988
rgb,42,scene15,lateral wall + 25deg bend (corridor occlusion),L4__s20260820__0000.png::boost_e,L4,260820_boost_e_on,10.9914,0.3911,-13.637,-17.7914,62.7559,14,h_lo (robot ~0.3),d>=9,d>=6.8,2,0,2,nan,-0.005168999999999979,nan,nan,0.738954,0.744123,nan,1.0,-0.005168999999999979
rgb,42,scene15,lateral wall + 25deg bend (corridor occlusion),L4__s20260820__0000.png::boost_h,L4,260820_boost_h_on,10.9914,0.3614,-13.637,-17.7914,62.7559,14,h_lo (robot ~0.3),d>=9,d>=6.8,2,0,2,nan,-0.00041999999999997595,nan,nan,0.759889,0.760309,nan,1.0,-0.00041999999999997595
rgb,42,scene15,lateral wall + 25deg bend (corridor occlusion),L4__s20260820__0001.png::boost_h,L4,260820_boost_h_on,9.9013,0.8097,-6.8068,-11.8299,63.9125,14,h_mid (~0.9),d>=9,d>=6.8,1,0,1,nan,-0.016390999999999933,nan,nan,0.635684,0.652075,nan,1.0,-0.016390999999999933
rgb,42,scene15,lateral wall + 25deg bend (corridor occlusion),L4__s20260820__0003.png::boost_e,L4,260820_boost_e_on,7.5147,0.4734,-11.0902,-4.9586,63.1815,14,h_lo (robot ~0.3),d 7-9,d>=6.8,4,2,2,0.000793000000000002,-0.012038999999999911,0.072211,0.071418,0.729068,0.741107,0.0,1.0,-0.012038999999999911
rgb,42,scene15,lateral wall + 25deg bend (corridor occlusion),L4__s20260820__0003.png::boost_h,L4,260820_boost_h_on,7.5147,0.4263,-11.0902,-4.9586,63.1815,14,h_lo (robot ~0.3),d 7-9,d>=6.8,4,2,2,-0.0007559999999999928,-0.02747899999999992,0.096916,0.097672,0.719165,0.746644,0.0,1.0,-0.02747899999999992
rgb,42,scene15,lateral wall + 25deg bend (corridor occlusion),L4__s20260820__0004.png::boost_e,L4,260820_boost_e_on,9.9583,0.8223,-12.6937,-3.4861,58.1207,14,h_mid (~0.9),d>=9,d>=6.8,2,0,2,nan,-0.05659599999999998,nan,nan,0.523655,0.580251,nan,1.0,-0.05659599999999998
rgb,42,scene15,lateral wall + 25deg bend (corridor occlusion),L4__s20260820__0004.png::boost_h,L4,260820_boost_h_on,9.9583,0.7018,-12.6937,-3.4861,58.1207,14,h_mid (~0.9),d>=9,d>=6.8,2,0,2,nan,-0.093086,nan,nan,0.449546,0.542632,nan,0.0,-0.093086
rgb,42,scene15,lateral wall + 25deg bend (corridor occlusion),L4__s20260820__0005.png::boost_e,L4,260820_boost_e_on,9.8366,0.3501,-5.4058,-7.3396,62.3314,14,h_lo (robot ~0.3),d>=9,d>=6.8,1,0,1,nan,0.006377999999999995,nan,nan,0.8041,0.797722,nan,1.0,0.006377999999999995
rgb,42,scene15,lateral wall + 25deg bend (corridor occlusion),L4__s20260820__0005.png::boost_h,L4,260820_boost_h_on,9.8366,0.329,-5.4058,-7.3396,62.3314,14,h_lo (robot ~0.3),d>=9,d>=6.8,1,0,1,nan,-0.04225499999999993,nan,nan,0.713604,0.755859,nan,1.0,-0.04225499999999993
rgb,42,scene15,lateral wall + 25deg bend (corridor occlusion),L4__s20260820__0006.png::boost_e,L4,260820_boost_e_on,6.9519,0.4701,-5.1828,6.8137,59.5209,14,h_lo (robot ~0.3),d<7,d>=6.8,4,2,2,-0.045322999999999974,-0.061114,0.213068,0.258391,0.711691,0.772805,0.0,1.0,-0.061114
rgb,42,scene15,lateral wall + 25deg bend (corridor occlusion),L4__s20260820__0006.png::boost_h,L4,260820_boost_h_on,6.9519,0.4238,-5.1828,6.8137,59.5209,14,h_lo (robot ~0.3),d<7,d>=6.8,4,2,2,0.0030729999999999924,-0.036853000000000025,0.286181,0.283108,0.777559,0.814412,0.0,1.0,-0.036853000000000025
rgb,42,scene15,lateral wall + 25deg bend (corridor occlusion),L7__s20260819__0000.png,L7,260819_main_on,9.9031,0.4233,-6.6317,-4.2143,61.8616,14,h_lo (robot ~0.3),d>=9,d>=6.8,1,0,1,nan,-0.017071000000000003,nan,nan,0.373841,0.390912,nan,0.0,-0.017071000000000003
rgb,42,scene15,lateral wall + 25deg bend (corridor occlusion),L7__s20260820__0000.png::boost_e,L7,260820_boost_e_on,10.9914,0.3911,-13.637,-17.7914,62.7559,14,h_lo (robot ~0.3),d>=9,d>=6.8,2,0,2,nan,0.007048000000000054,nan,nan,0.632549,0.625501,nan,1.0,0.007048000000000054
rgb,42,scene15,lateral wall + 25deg bend (corridor occlusion),L7__s20260820__0000.png::boost_h,L7,260820_boost_h_on,10.9914,0.3614,-13.637,-17.7914,62.7559,14,h_lo (robot ~0.3),d>=9,d>=6.8,2,0,2,nan,-0.06271699999999991,nan,nan,0.577513,0.64023,nan,1.0,-0.06271699999999991
rgb,42,scene15,lateral wall + 25deg bend (corridor occlusion),L7__s20260820__0001.png::boost_h,L7,260820_boost_h_on,9.9013,0.8097,-6.8068,-11.8299,63.9125,14,h_mid (~0.9),d>=9,d>=6.8,1,0,1,nan,-0.028484999999999983,nan,nan,0.643336,0.671821,nan,1.0,-0.028484999999999983
rgb,42,scene15,lateral wall + 25deg bend (corridor occlusion),L7__s20260820__0003.png::boost_e,L7,260820_boost_e_on,7.5147,0.4734,-11.0902,-4.9586,63.1815,14,h_lo (robot ~0.3),d 7-9,d>=6.8,4,2,2,0.00798900000000001,0.002954000000000012,0.108548,0.100559,0.717597,0.714643,0.0,1.0,0.002954000000000012
rgb,42,scene15,lateral wall + 25deg bend (corridor occlusion),L7__s20260820__0003.png::boost_h,L7,260820_boost_h_on,7.5147,0.4263,-11.0902,-4.9586,63.1815,14,h_lo (robot ~0.3),d 7-9,d>=6.8,4,2,2,0.046137999999999985,0.042314000000000074,0.145996,0.099858,0.681675,0.639361,0.0,1.0,0.042314000000000074
rgb,42,scene15,lateral wall + 25deg bend (corridor occlusion),L7__s20260820__0004.png::boost_e,L7,260820_boost_e_on,9.9583,0.8223,-12.6937,-3.4861,58.1207,14,h_mid (~0.9),d>=9,d>=6.8,2,0,2,nan,-0.008965,nan,nan,0.671502,0.680467,nan,1.0,-0.008965
rgb,42,scene15,lateral wall + 25deg bend (corridor occlusion),L7__s20260820__0004.png::boost_h,L7,260820_boost_h_on,9.9583,0.7018,-12.6937,-3.4861,58.1207,14,h_mid (~0.9),d>=9,d>=6.8,2,0,2,nan,-0.077573,nan,nan,0.528699,0.606272,nan,1.0,-0.077573
rgb,42,scene15,lateral wall + 25deg bend (corridor occlusion),L7__s20260820__0005.png::boost_e,L7,260820_boost_e_on,9.8366,0.3501,-5.4058,-7.3396,62.3314,14,h_lo (robot ~0.3),d>=9,d>=6.8,1,0,1,nan,-0.030513000000000012,nan,nan,0.725823,0.756336,nan,1.0,-0.030513000000000012
rgb,42,scene15,lateral wall + 25deg bend (corridor occlusion),L7__s20260820__0005.png::boost_h,L7,260820_boost_h_on,9.8366,0.329,-5.4058,-7.3396,62.3314,14,h_lo (robot ~0.3),d>=9,d>=6.8,1,0,1,nan,-0.05042599999999997,nan,nan,0.662278,0.712704,nan,1.0,-0.05042599999999997
rgb,42,scene15,lateral wall + 25deg bend (corridor occlusion),L7__s20260820__0006.png::boost_e,L7,260820_boost_e_on,6.9519,0.4701,-5.1828,6.8137,59.5209,14,h_lo (robot ~0.3),d<7,d>=6.8,4,2,2,-0.04333500000000001,-0.07083299999999992,0.170652,0.213987,0.67749,0.748323,0.0,1.0,-0.07083299999999992
rgb,42,scene15,lateral wall + 25deg bend (corridor occlusion),L7__s20260820__0006.png::boost_h,L7,260820_boost_h_on,6.9519,0.4238,-5.1828,6.8137,59.5209,14,h_lo (robot ~0.3),d<7,d>=6.8,4,2,2,0.012882000000000005,0.009275999999999951,0.276691,0.263809,0.783461,0.774185,0.0,1.0,0.009275999999999951
rgb,43,scene14,tread/landing self-occlusion (perspective terrace illusion),L0__s20260819__0000.png,L0,260819_main_on,4.7439,0.8483,-9.8586,1.429,61.6578,130,h_mid (~0.9),d<7,d<5.5,10,5,5,-0.47258,0.08008899999999997,0.002035,0.474615,0.999729,0.91964,0.0,1.0,0.08008899999999997
rgb,43,scene14,tread/landing self-occlusion (perspective terrace illusion),L0__s20260819__0001.png,L0,260819_main_on,7.036,1.2795,-8.9998,1.6524,61.4065,179,h_hi (~1.8),d 7-9,d>=6.8,9,4,5,-0.003206,0.6469969999999999,0.0,0.003206,0.99596,0.348963,0.0,1.0,0.6469969999999999
rgb,43,scene14,tread/landing self-occlusion (perspective terrace illusion),L0__s20260819__0003.png,L0,260819_main_on,4.594,0.9536,-3.2277,7.0829,62.9059,125,h_mid (~0.9),d<7,d<5.5,10,5,5,-0.7098420000000001,0.13424499999999995,0.09671,0.806552,0.998505,0.86426,0.0,1.0,0.13424499999999995
rgb,43,scene14,tread/landing self-occlusion (perspective terrace illusion),L0__s20260819__0004.png,L0,260819_main_on,8.4208,1.0624,-9.4161,-17.2604,60.9456,141,h_mid (~0.9),d 7-9,d>=6.8,4,0,4,nan,0.3714700000000001,nan,nan,0.951157,0.579687,nan,1.0,0.3714700000000001
rgb,43,scene14,tread/landing self-occlusion (perspective terrace illusion),L0__s20260819__0006.png,L0,260819_main_on,6.5633,0.9635,-10.0252,-0.1653,61.7917,167,h_mid (~0.9),d<7,d 5.5-6.8,10,5,5,-0.036495999999999994,0.389151,3e-06,0.036499,0.997861,0.60871,0.0,1.0,0.389151
rgb,43,scene14,tread/landing self-occlusion (perspective terrace illusion),L0__s20260819__0007.png,L0,260819_main_on,4.9665,0.7236,-8.8174,0.2988,62.6318,132,h_mid (~0.9),d<7,d<5.5,10,5,5,-0.094234,0.11610799999999999,3e-06,0.094237,0.999385,0.883277,0.0,1.0,0.11610799999999999
rgb,43,scene14,tread/landing self-occlusion (perspective terrace illusion),L0__s20260820__0000.png::boost_e,L0,260820_boost_e_on,8.9228,1.4412,-8.1284,3.311,58.9789,189,h_hi (~1.8),d 7-9,d>=6.8,5,0,5,nan,0.458917,nan,nan,0.991528,0.532611,nan,1.0,0.458917
rgb,43,scene14,tread/landing self-occlusion (perspective terrace illusion),L0__s20260820__0000.png::boost_h,L0,260820_boost_h_on,8.9228,0.5085,-8.1284,3.311,58.9789,188,h_lo (robot ~0.3),d 7-9,d>=6.8,5,0,5,nan,0.273911,nan,nan,0.992901,0.71899,nan,1.0,0.273911
rgb,43,scene14,tread/landing self-occlusion (perspective terrace illusion),L0__s20260820__0001.png::boost_e,L0,260820_boost_e_on,11.2053,1.7168,-10.3828,-4.0507,61.2701,67,h_hi (~1.8),d>=9,d>=6.8,4,0,4,nan,0.290088,nan,nan,0.99171,0.701622,nan,1.0,0.290088
rgb,43,scene14,tread/landing self-occlusion (perspective terrace illusion),L0__s20260820__0001.png::boost_h,L0,260820_boost_h_on,11.2053,0.8037,-10.3828,-4.0507,61.2701,67,h_mid (~0.9),d>=9,d>=6.8,4,0,4,nan,0.11856699999999998,nan,nan,0.998382,0.879815,nan,1.0,0.11856699999999998
rgb,43,scene14,tread/landing self-occlusion (perspective terrace illusion),L0__s20260820__0003.png::boost_e,L0,260820_boost_e_on,10.095,1.8852,-7.2352,-9.0359,60.577,182,h_hi (~1.8),d>=9,d>=6.8,4,0,4,nan,-0.013175999999999966,nan,nan,0.928822,0.941998,nan,1.0,-0.013175999999999966
rgb,43,scene14,tread/landing self-occlusion (perspective terrace illusion),L0__s20260820__0003.png::boost_h,L0,260820_boost_h_on,10.095,0.9842,-7.2352,-9.0359,60.577,180,h_mid (~0.9),d>=9,d>=6.8,4,0,4,nan,0.519876,nan,nan,0.998143,0.478267,nan,1.0,0.519876
rgb,43,scene14,tread/landing self-occlusion (perspective terrace illusion),L0__s20260820__0004.png::boost_e,L0,260820_boost_e_on,6.7379,1.5701,-16.0704,-3.7589,60.2149,170,h_hi (~1.8),d<7,d 5.5-6.8,10,5,5,-0.007298,0.423986,2.6e-05,0.007324,0.956983,0.532997,0.0,1.0,0.423986
rgb,43,scene14,tread/landing self-occlusion (perspective terrace illusion),L0__s20260820__0004.png::boost_h,L0,260820_boost_h_on,6.7379,0.6465,-16.0704,-3.7589,60.2149,164,h_mid (~0.9),d<7,d 5.5-6.8,10,5,5,-0.011585,0.368278,0.00027,0.011855,0.915614,0.547336,0.0,1.0,0.368278
rgb,43,scene14,tread/landing self-occlusion (perspective terrace illusion),L0__s20260820__0005.png::boost_e,L0,260820_boost_e_on,8.1602,1.6314,-12.4022,9.6925,62.3957,179,h_hi (~1.8),d 7-9,d>=6.8,5,0,5,nan,0.4756579999999999,nan,nan,0.993091,0.517433,nan,1.0,0.4756579999999999
rgb,43,scene14,tread/landing self-occlusion (perspective terrace illusion),L0__s20260820__0005.png::boost_h,L0,260820_boost_h_on,8.1602,0.7122,-12.4022,9.6925,62.3957,179,h_mid (~0.9),d 7-9,d>=6.8,5,0,5,nan,0.6167499999999999,nan,nan,0.981988,0.365238,nan,1.0,0.6167499999999999
rgb,43,scene14,tread/landing self-occlusion (perspective terrace illusion),L0__s20260820__0006.png::boost_e,L0,260820_boost_e_on,8.239,1.2253,-16.5186,9.6527,62.4123,168,h_hi (~1.8),d 7-9,d>=6.8,5,0,5,nan,0.475333,nan,nan,0.994913,0.51958,nan,1.0,0.475333
rgb,43,scene14,tread/landing self-occlusion (perspective terrace illusion),L0__s20260820__0006.png::boost_h,L0,260820_boost_h_on,8.239,0.2771,-16.5186,9.6527,62.4123,166,h_lo (robot ~0.3),d 7-9,d>=6.8,5,0,5,nan,0.6153179999999999,nan,nan,0.62791,0.012592,nan,1.0,0.6153179999999999
rgb,43,scene14,tread/landing self-occlusion (perspective terrace illusion),L0__s20260820__0007.png::boost_e,L0,260820_boost_e_on,10.4613,1.2748,-6.1172,5.4847,60.0935,198,h_hi (~1.8),d>=9,d>=6.8,5,0,5,nan,0.336287,nan,nan,0.993013,0.656726,nan,1.0,0.336287
rgb,43,scene14,tread/landing self-occlusion (perspective terrace illusion),L0__s20260820__0007.png::boost_h,L0,260820_boost_h_on,10.4613,0.3301,-6.1172,5.4847,60.0935,198,h_lo (robot ~0.3),d>=9,d>=6.8,5,0,5,nan,0.35306800000000005,nan,nan,0.996098,0.64303,nan,1.0,0.35306800000000005
rgb,43,scene14,tread/landing self-occlusion (perspective terrace illusion),L5__s20260819__0000.png,L5,260819_main_on,4.7439,0.8483,-9.8586,1.429,61.6578,130,h_mid (~0.9),d<7,d<5.5,10,5,5,-0.088105,0.3014490000000001,3.1e-05,0.088136,0.999685,0.698236,0.0,1.0,0.3014490000000001
rgb,43,scene14,tread/landing self-occlusion (perspective terrace illusion),L5__s20260819__0001.png,L5,260819_main_on,7.036,1.2795,-8.9998,1.6524,61.4065,179,h_hi (~1.8),d 7-9,d>=6.8,9,4,5,-0.003069,0.665323,0.0,0.003069,0.990791,0.325468,0.0,1.0,0.665323
rgb,43,scene14,tread/landing self-occlusion (perspective terrace illusion),L5__s20260819__0003.png,L5,260819_main_on,4.594,0.9536,-3.2277,7.0829,62.9059,125,h_mid (~0.9),d<7,d<5.5,10,5,5,-0.966152,0.028072000000000097,0.005132,0.971284,0.994832,0.96676,0.0,1.0,0.023548000000000013
rgb,43,scene14,tread/landing self-occlusion (perspective terrace illusion),L5__s20260819__0004.png,L5,260819_main_on,8.4208,1.0624,-9.4161,-17.2604,60.9456,141,h_mid (~0.9),d 7-9,d>=6.8,4,0,4,nan,0.229761,nan,nan,0.962062,0.732301,nan,1.0,0.229761
rgb,43,scene14,tread/landing self-occlusion (perspective terrace illusion),L5__s20260819__0006.png,L5,260819_main_on,6.5633,0.9635,-10.0252,-0.1653,61.7917,167,h_mid (~0.9),d<7,d 5.5-6.8,10,5,5,-0.052965000000000005,0.3485480000000001,6.6e-05,0.053031,0.997917,0.649369,0.0,1.0,0.3485480000000001
rgb,43,scene14,tread/landing self-occlusion (perspective terrace illusion),L5__s20260819__0007.png,L5,260819_main_on,4.9665,0.7236,-8.8174,0.2988,62.6318,132,h_mid (~0.9),d<7,d<5.5,10,5,5,-0.28031999999999996,0.06786399999999992,5.1e-05,0.280371,0.998593,0.930729,0.0,1.0,0.06786399999999992
rgb,43,scene14,tread/landing self-occlusion (perspective terrace illusion),L5__s20260820__0000.png::boost_e,L5,260820_boost_e_on,8.9228,1.4412,-8.1284,3.311,58.9789,189,h_hi (~1.8),d 7-9,d>=6.8,5,0,5,nan,0.575701,nan,nan,0.992919,0.417218,nan,1.0,0.575701
rgb,43,scene14,tread/landing self-occlusion (perspective terrace illusion),L5__s20260820__0000.png::boost_h,L5,260820_boost_h_on,8.9228,0.5085,-8.1284,3.311,58.9789,188,h_lo (robot ~0.3),d 7-9,d>=6.8,5,0,5,nan,0.25144500000000003,nan,nan,0.968299,0.716854,nan,1.0,0.25144500000000003
rgb,43,scene14,tread/landing self-occlusion (perspective terrace illusion),L5__s20260820__0001.png::boost_e,L5,260820_boost_e_on,11.2053,1.7168,-10.3828,-4.0507,61.2701,67,h_hi (~1.8),d>=9,d>=6.8,4,0,4,nan,0.07065200000000005,nan,nan,0.997719,0.927067,nan,1.0,0.07065200000000005
rgb,43,scene14,tread/landing self-occlusion (perspective terrace illusion),L5__s20260820__0001.png::boost_h,L5,260820_boost_h_on,11.2053,0.8037,-10.3828,-4.0507,61.2701,67,h_mid (~0.9),d>=9,d>=6.8,4,0,4,nan,0.389228,nan,nan,0.998903,0.609675,nan,1.0,0.389228
rgb,43,scene14,tread/landing self-occlusion (perspective terrace illusion),L5__s20260820__0003.png::boost_e,L5,260820_boost_e_on,10.095,1.8852,-7.2352,-9.0359,60.577,182,h_hi (~1.8),d>=9,d>=6.8,4,0,4,nan,0.5286270000000001,nan,nan,0.974319,0.445692,nan,1.0,0.5286270000000001
rgb,43,scene14,tread/landing self-occlusion (perspective terrace illusion),L5__s20260820__0003.png::boost_h,L5,260820_boost_h_on,10.095,0.9842,-7.2352,-9.0359,60.577,180,h_mid (~0.9),d>=9,d>=6.8,4,0,4,nan,0.943646,nan,nan,0.964229,0.020583,nan,1.0,0.943646
rgb,43,scene14,tread/landing self-occlusion (perspective terrace illusion),L5__s20260820__0004.png::boost_e,L5,260820_boost_e_on,6.7379,1.5701,-16.0704,-3.7589,60.2149,170,h_hi (~1.8),d<7,d 5.5-6.8,10,5,5,-0.07883,0.31794500000000003,4e-06,0.078834,0.976794,0.658849,0.0,1.0,0.31794500000000003
rgb,43,scene14,tread/landing self-occlusion (perspective terrace illusion),L5__s20260820__0004.png::boost_h,L5,260820_boost_h_on,6.7379,0.6465,-16.0704,-3.7589,60.2149,164,h_mid (~0.9),d<7,d 5.5-6.8,10,5,5,-0.15213000000000002,0.394,0.007235,0.159365,0.864838,0.470838,0.0,1.0,0.394
rgb,43,scene14,tread/landing self-occlusion (perspective terrace illusion),L5__s20260820__0005.png::boost_e,L5,260820_boost_e_on,8.1602,1.6314,-12.4022,9.6925,62.3957,179,h_hi (~1.8),d 7-9,d>=6.8,5,0,5,nan,0.627595,nan,nan,0.987978,0.360383,nan,1.0,0.627595
rgb,43,scene14,tread/landing self-occlusion (perspective terrace illusion),L5__s20260820__0005.png::boost_h,L5,260820_boost_h_on,8.1602,0.7122,-12.4022,9.6925,62.3957,179,h_mid (~0.9),d 7-9,d>=6.8,5,0,5,nan,0.8785409999999999,nan,nan,0.979887,0.101346,nan,1.0,0.8785409999999999
rgb,43,scene14,tread/landing self-occlusion (perspective terrace illusion),L5__s20260820__0006.png::boost_e,L5,260820_boost_e_on,8.239,1.2253,-16.5186,9.6527,62.4123,168,h_hi (~1.8),d 7-9,d>=6.8,5,0,5,nan,0.3316180000000001,nan,nan,0.952377,0.620759,nan,1.0,0.3316180000000001
rgb,43,scene14,tread/landing self-occlusion (perspective terrace illusion),L5__s20260820__0006.png::boost_h,L5,260820_boost_h_on,8.239,0.2771,-16.5186,9.6527,62.4123,166,h_lo (robot ~0.3),d 7-9,d>=6.8,5,0,5,nan,0.23011099999999998,nan,nan,0.237587,0.007476,nan,0.0,0.23011099999999998
rgb,43,scene14,tread/landing self-occlusion (perspective terrace illusion),L5__s20260820__0007.png::boost_e,L5,260820_boost_e_on,10.4613,1.2748,-6.1172,5.4847,60.0935,198,h_hi (~1.8),d>=9,d>=6.8,5,0,5,nan,0.888806,nan,nan,0.993926,0.10512,nan,1.0,0.888806
rgb,43,scene14,tread/landing self-occlusion (perspective terrace illusion),L5__s20260820__0007.png::boost_h,L5,260820_boost_h_on,10.4613,0.3301,-6.1172,5.4847,60.0935,198,h_lo (robot ~0.3),d>=9,d>=6.8,5,0,5,nan,0.734267,nan,nan,0.987753,0.253486,nan,1.0,0.734267
rgb,43,scene14,tread/landing self-occlusion (perspective terrace illusion),L7__s20260819__0000.png,L7,260819_main_on,4.7439,0.8483,-9.8586,1.429,61.6578,130,h_mid (~0.9),d<7,d<5.5,10,5,5,-0.544922,0.12391799999999997,0.004628,0.54955,0.999586,0.875668,0.0,1.0,0.12391799999999997
rgb,43,scene14,tread/landing self-occlusion (perspective terrace illusion),L7__s20260819__0001.png,L7,260819_main_on,7.036,1.2795,-8.9998,1.6524,61.4065,179,h_hi (~1.8),d 7-9,d>=6.8,9,4,5,-0.012043,0.7468859999999999,1e-06,0.012044,0.967695,0.220809,0.0,1.0,0.7468859999999999
rgb,43,scene14,tread/landing self-occlusion (perspective terrace illusion),L7__s20260819__0003.png,L7,260819_main_on,4.594,0.9536,-3.2277,7.0829,62.9059,125,h_mid (~0.9),d<7,d<5.5,10,5,5,-0.26938699999999993,0.290744,0.291146,0.560533,0.998875,0.708131,0.0,1.0,0.290744
rgb,43,scene14,tread/landing self-occlusion (perspective terrace illusion),L7__s20260819__0004.png,L7,260819_main_on,8.4208,1.0624,-9.4161,-17.2604,60.9456,141,h_mid (~0.9),d 7-9,d>=6.8,4,0,4,nan,0.622728,nan,nan,0.987435,0.364707,nan,1.0,0.622728
rgb,43,scene14,tread/landing self-occlusion (perspective terrace illusion),L7__s20260819__0006.png,L7,260819_main_on,6.5633,0.9635,-10.0252,-0.1653,61.7917,167,h_mid (~0.9),d<7,d 5.5-6.8,10,5,5,-0.012746,0.70588,9e-06,0.012755,0.995574,0.289694,0.0,1.0,0.70588
rgb,43,scene14,tread/landing self-occlusion (perspective terrace illusion),L7__s20260819__0007.png,L7,260819_main_on,4.9665,0.7236,-8.8174,0.2988,62.6318,132,h_mid (~0.9),d<7,d<5.5,10,5,5,-0.065515,0.130757,1.1e-05,0.065526,0.998136,0.867379,0.0,1.0,0.130757
rgb,43,scene14,tread/landing self-occlusion (perspective terrace illusion),L7__s20260820__0000.png::boost_e,L7,260820_boost_e_on,8.9228,1.4412,-8.1284,3.311,58.9789,189,h_hi (~1.8),d 7-9,d>=6.8,5,0,5,nan,0.8803759999999999,nan,nan,0.981856,0.10148,nan,1.0,0.8803759999999999
rgb,43,scene14,tread/landing self-occlusion (perspective terrace illusion),L7__s20260820__0000.png::boost_h,L7,260820_boost_h_on,8.9228,0.5085,-8.1284,3.311,58.9789,188,h_lo (robot ~0.3),d 7-9,d>=6.8,5,0,5,nan,0.809959,nan,nan,0.990169,0.18021,nan,1.0,0.809959
rgb,43,scene14,tread/landing self-occlusion (perspective terrace illusion),L7__s20260820__0001.png::boost_e,L7,260820_boost_e_on,11.2053,1.7168,-10.3828,-4.0507,61.2701,67,h_hi (~1.8),d>=9,d>=6.8,4,0,4,nan,0.584112,nan,nan,0.997236,0.413124,nan,1.0,0.584112
rgb,43,scene14,tread/landing self-occlusion (perspective terrace illusion),L7__s20260820__0001.png::boost_h,L7,260820_boost_h_on,11.2053,0.8037,-10.3828,-4.0507,61.2701,67,h_mid (~0.9),d>=9,d>=6.8,4,0,4,nan,0.29848600000000003,nan,nan,0.998363,0.699877,nan,1.0,0.29848600000000003
rgb,43,scene14,tread/landing self-occlusion (perspective terrace illusion),L7__s20260820__0003.png::boost_e,L7,260820_boost_e_on,10.095,1.8852,-7.2352,-9.0359,60.577,182,h_hi (~1.8),d>=9,d>=6.8,4,0,4,nan,0.358869,nan,nan,0.991708,0.632839,nan,1.0,0.358869
rgb,43,scene14,tread/landing self-occlusion (perspective terrace illusion),L7__s20260820__0003.png::boost_h,L7,260820_boost_h_on,10.095,0.9842,-7.2352,-9.0359,60.577,180,h_mid (~0.9),d>=9,d>=6.8,4,0,4,nan,0.7786139999999999,nan,nan,0.9944,0.215786,nan,1.0,0.7786139999999999
rgb,43,scene14,tread/landing self-occlusion (perspective terrace illusion),L7__s20260820__0004.png::boost_e,L7,260820_boost_e_on,6.7379,1.5701,-16.0704,-3.7589,60.2149,170,h_hi (~1.8),d<7,d 5.5-6.8,10,5,5,-0.008844000000000001,0.554162,6.2e-05,0.008906,0.992578,0.438416,0.0,1.0,0.554162
rgb,43,scene14,tread/landing self-occlusion (perspective terrace illusion),L7__s20260820__0004.png::boost_h,L7,260820_boost_h_on,6.7379,0.6465,-16.0704,-3.7589,60.2149,164,h_mid (~0.9),d<7,d 5.5-6.8,10,5,5,-0.013452,0.361885,7.3e-05,0.013525,0.958358,0.596473,0.0,1.0,0.361885
rgb,43,scene14,tread/landing self-occlusion (perspective terrace illusion),L7__s20260820__0005.png::boost_e,L7,260820_boost_e_on,8.1602,1.6314,-12.4022,9.6925,62.3957,179,h_hi (~1.8),d 7-9,d>=6.8,5,0,5,nan,0.4480930000000001,nan,nan,0.995558,0.547465,nan,1.0,0.4480930000000001
rgb,43,scene14,tread/landing self-occlusion (perspective terrace illusion),L7__s20260820__0005.png::boost_h,L7,260820_boost_h_on,8.1602,0.7122,-12.4022,9.6925,62.3957,179,h_mid (~0.9),d 7-9,d>=6.8,5,0,5,nan,0.642932,nan,nan,0.981393,0.338461,nan,1.0,0.642932
rgb,43,scene14,tread/landing self-occlusion (perspective terrace illusion),L7__s20260820__0006.png::boost_e,L7,260820_boost_e_on,8.239,1.2253,-16.5186,9.6527,62.4123,168,h_hi (~1.8),d 7-9,d>=6.8,5,0,5,nan,0.7638189999999999,nan,nan,0.996705,0.232886,nan,1.0,0.7638189999999999
rgb,43,scene14,tread/landing self-occlusion (perspective terrace illusion),L7__s20260820__0006.png::boost_h,L7,260820_boost_h_on,8.239,0.2771,-16.5186,9.6527,62.4123,166,h_lo (robot ~0.3),d 7-9,d>=6.8,5,0,5,nan,0.803469,nan,nan,0.826443,0.022974,nan,1.0,0.803469
rgb,43,scene14,tread/landing self-occlusion (perspective terrace illusion),L7__s20260820__0007.png::boost_e,L7,260820_boost_e_on,10.4613,1.2748,-6.1172,5.4847,60.0935,198,h_hi (~1.8),d>=9,d>=6.8,5,0,5,nan,0.82563,nan,nan,0.984881,0.159251,nan,1.0,0.82563
rgb,43,scene14,tread/landing self-occlusion (perspective terrace illusion),L7__s20260820__0007.png::boost_h,L7,260820_boost_h_on,10.4613,0.3301,-6.1172,5.4847,60.0935,198,h_lo (robot ~0.3),d>=9,d>=6.8,5,0,5,nan,0.318659,nan,nan,0.99705,0.678391,nan,1.0,0.318659
rgb,43,scene15,lateral wall + 25deg bend (corridor occlusion),L0__s20260819__0000.png,L0,260819_main_on,9.9031,0.4233,-6.6317,-4.2143,61.8616,14,h_lo (robot ~0.3),d>=9,d>=6.8,1,0,1,nan,0.364113,nan,nan,0.825022,0.460909,nan,1.0,0.364113
rgb,43,scene15,lateral wall + 25deg bend (corridor occlusion),L0__s20260820__0000.png::boost_e,L0,260820_boost_e_on,10.9914,0.3911,-13.637,-17.7914,62.7559,14,h_lo (robot ~0.3),d>=9,d>=6.8,2,0,2,nan,0.07505600000000001,nan,nan,0.472049,0.396993,nan,0.0,0.07505600000000001
rgb,43,scene15,lateral wall + 25deg bend (corridor occlusion),L0__s20260820__0000.png::boost_h,L0,260820_boost_h_on,10.9914,0.3614,-13.637,-17.7914,62.7559,14,h_lo (robot ~0.3),d>=9,d>=6.8,2,0,2,nan,0.15156400000000003,nan,nan,0.467629,0.316065,nan,0.0,0.15156400000000003
rgb,43,scene15,lateral wall + 25deg bend (corridor occlusion),L0__s20260820__0001.png::boost_h,L0,260820_boost_h_on,9.9013,0.8097,-6.8068,-11.8299,63.9125,14,h_mid (~0.9),d>=9,d>=6.8,1,0,1,nan,0.23958500000000005,nan,nan,0.758843,0.519258,nan,1.0,0.23958500000000005
rgb,43,scene15,lateral wall + 25deg bend (corridor occlusion),L0__s20260820__0003.png::boost_e,L0,260820_boost_e_on,7.5147,0.4734,-11.0902,-4.9586,63.1815,14,h_lo (robot ~0.3),d 7-9,d>=6.8,4,2,2,-0.055809,0.24281699999999995,0.087283,0.143092,0.76635,0.523533,0.0,1.0,0.24281699999999995
rgb,43,scene15,lateral wall + 25deg bend (corridor occlusion),L0__s20260820__0003.png::boost_h,L0,260820_boost_h_on,7.5147,0.4263,-11.0902,-4.9586,63.1815,14,h_lo (robot ~0.3),d 7-9,d>=6.8,4,2,2,-0.03057500000000002,0.21424600000000005,0.127714,0.158289,0.582389,0.368143,0.0,1.0,0.21424600000000005
rgb,43,scene15,lateral wall + 25deg bend (corridor occlusion),L0__s20260820__0004.png::boost_e,L0,260820_boost_e_on,9.9583,0.8223,-12.6937,-3.4861,58.1207,14,h_mid (~0.9),d>=9,d>=6.8,2,0,2,nan,0.118259,nan,nan,0.721336,0.603077,nan,1.0,0.118259
rgb,43,scene15,lateral wall + 25deg bend (corridor occlusion),L0__s20260820__0004.png::boost_h,L0,260820_boost_h_on,9.9583,0.7018,-12.6937,-3.4861,58.1207,14,h_mid (~0.9),d>=9,d>=6.8,2,0,2,nan,0.30537899999999996,nan,nan,0.618984,0.313605,nan,1.0,0.30537899999999996
rgb,43,scene15,lateral wall + 25deg bend (corridor occlusion),L0__s20260820__0005.png::boost_e,L0,260820_boost_e_on,9.8366,0.3501,-5.4058,-7.3396,62.3314,14,h_lo (robot ~0.3),d>=9,d>=6.8,1,0,1,nan,0.024733000000000005,nan,nan,0.390631,0.365898,nan,0.0,0.024733000000000005
rgb,43,scene15,lateral wall + 25deg bend (corridor occlusion),L0__s20260820__0005.png::boost_h,L0,260820_boost_h_on,9.8366,0.329,-5.4058,-7.3396,62.3314,14,h_lo (robot ~0.3),d>=9,d>=6.8,1,0,1,nan,0.006190000000000029,nan,nan,0.410758,0.404568,nan,0.0,0.006190000000000029
rgb,43,scene15,lateral wall + 25deg bend (corridor occlusion),L0__s20260820__0006.png::boost_e,L0,260820_boost_e_on,6.9519,0.4701,-5.1828,6.8137,59.5209,14,h_lo (robot ~0.3),d<7,d>=6.8,4,2,2,0.221943,0.09087,0.460389,0.238446,0.859363,0.768493,0.0,1.0,0.09087
rgb,43,scene15,lateral wall + 25deg bend (corridor occlusion),L0__s20260820__0006.png::boost_h,L0,260820_boost_h_on,6.9519,0.4238,-5.1828,6.8137,59.5209,14,h_lo (robot ~0.3),d<7,d>=6.8,4,2,2,0.27625,0.316099,0.46053,0.18428,0.930106,0.614007,0.0,1.0,0.316099
rgb,43,scene15,lateral wall + 25deg bend (corridor occlusion),L4__s20260819__0000.png,L4,260819_main_on,9.9031,0.4233,-6.6317,-4.2143,61.8616,14,h_lo (robot ~0.3),d>=9,d>=6.8,1,0,1,nan,0.33316400000000007,nan,nan,0.635986,0.302822,nan,1.0,0.33316400000000007
rgb,43,scene15,lateral wall + 25deg bend (corridor occlusion),L4__s20260820__0000.png::boost_e,L4,260820_boost_e_on,10.9914,0.3911,-13.637,-17.7914,62.7559,14,h_lo (robot ~0.3),d>=9,d>=6.8,2,0,2,nan,0.082817,nan,nan,0.214447,0.13163,nan,0.0,0.082817
rgb,43,scene15,lateral wall + 25deg bend (corridor occlusion),L4__s20260820__0000.png::boost_h,L4,260820_boost_h_on,10.9914,0.3614,-13.637,-17.7914,62.7559,14,h_lo (robot ~0.3),d>=9,d>=6.8,2,0,2,nan,0.098136,nan,nan,0.266942,0.168806,nan,0.0,0.098136
rgb,43,scene15,lateral wall + 25deg bend (corridor occlusion),L4__s20260820__0001.png::boost_h,L4,260820_boost_h_on,9.9013,0.8097,-6.8068,-11.8299,63.9125,14,h_mid (~0.9),d>=9,d>=6.8,1,0,1,nan,0.364256,nan,nan,0.499567,0.135311,nan,0.0,0.364256
rgb,43,scene15,lateral wall + 25deg bend (corridor occlusion),L4__s20260820__0003.png::boost_e,L4,260820_boost_e_on,7.5147,0.4734,-11.0902,-4.9586,63.1815,14,h_lo (robot ~0.3),d 7-9,d>=6.8,4,2,2,0.005870000000000004,0.49121800000000004,0.036672,0.030802,0.719535,0.228317,0.0,1.0,0.49121800000000004
rgb,43,scene15,lateral wall + 25deg bend (corridor occlusion),L4__s20260820__0003.png::boost_h,L4,260820_boost_h_on,7.5147,0.4263,-11.0902,-4.9586,63.1815,14,h_lo (robot ~0.3),d 7-9,d>=6.8,4,2,2,0.022774999999999997,0.27792300000000003,0.056273,0.033498,0.45009,0.172167,0.0,0.0,0.27792300000000003
rgb,43,scene15,lateral wall + 25deg bend (corridor occlusion),L4__s20260820__0004.png::boost_e,L4,260820_boost_e_on,9.9583,0.8223,-12.6937,-3.4861,58.1207,14,h_mid (~0.9),d>=9,d>=6.8,2,0,2,nan,0.06228200000000006,nan,nan,0.544927,0.482645,nan,1.0,0.06228200000000006
rgb,43,scene15,lateral wall + 25deg bend (corridor occlusion),L4__s20260820__0004.png::boost_h,L4,260820_boost_h_on,9.9583,0.7018,-12.6937,-3.4861,58.1207,14,h_mid (~0.9),d>=9,d>=6.8,2,0,2,nan,0.27558000000000005,nan,nan,0.561926,0.286346,nan,1.0,0.27558000000000005
rgb,43,scene15,lateral wall + 25deg bend (corridor occlusion),L4__s20260820__0005.png::boost_e,L4,260820_boost_e_on,9.8366,0.3501,-5.4058,-7.3396,62.3314,14,h_lo (robot ~0.3),d>=9,d>=6.8,1,0,1,nan,0.238617,nan,nan,0.475686,0.237069,nan,0.0,0.238617
rgb,43,scene15,lateral wall + 25deg bend (corridor occlusion),L4__s20260820__0005.png::boost_h,L4,260820_boost_h_on,9.8366,0.329,-5.4058,-7.3396,62.3314,14,h_lo (robot ~0.3),d>=9,d>=6.8,1,0,1,nan,0.09072999999999998,nan,nan,0.557661,0.466931,nan,1.0,0.09072999999999998
rgb,43,scene15,lateral wall + 25deg bend (corridor occlusion),L4__s20260820__0006.png::boost_e,L4,260820_boost_e_on,6.9519,0.4701,-5.1828,6.8137,59.5209,14,h_lo (robot ~0.3),d<7,d>=6.8,4,2,2,0.191938,0.18469700000000006,0.257509,0.065571,0.551579,0.366882,0.0,1.0,0.18469700000000006
rgb,43,scene15,lateral wall + 25deg bend (corridor occlusion),L4__s20260820__0006.png::boost_h,L4,260820_boost_h_on,6.9519,0.4238,-5.1828,6.8137,59.5209,14,h_lo (robot ~0.3),d<7,d>=6.8,4,2,2,0.22843399999999997,0.285738,0.33795,0.109516,0.685264,0.399526,0.0,1.0,0.285738
rgb,43,scene15,lateral wall + 25deg bend (corridor occlusion),L7__s20260819__0000.png,L7,260819_main_on,9.9031,0.4233,-6.6317,-4.2143,61.8616,14,h_lo (robot ~0.3),d>=9,d>=6.8,1,0,1,nan,0.27150799999999997,nan,nan,0.673877,0.402369,nan,1.0,0.27150799999999997
rgb,43,scene15,lateral wall + 25deg bend (corridor occlusion),L7__s20260820__0000.png::boost_e,L7,260820_boost_e_on,10.9914,0.3911,-13.637,-17.7914,62.7559,14,h_lo (robot ~0.3),d>=9,d>=6.8,2,0,2,nan,0.12462699999999999,nan,nan,0.496953,0.372326,nan,0.0,0.12462699999999999
rgb,43,scene15,lateral wall + 25deg bend (corridor occlusion),L7__s20260820__0000.png::boost_h,L7,260820_boost_h_on,10.9914,0.3614,-13.637,-17.7914,62.7559,14,h_lo (robot ~0.3),d>=9,d>=6.8,2,0,2,nan,0.103165,nan,nan,0.434667,0.331502,nan,0.0,0.103165
rgb,43,scene15,lateral wall + 25deg bend (corridor occlusion),L7__s20260820__0001.png::boost_h,L7,260820_boost_h_on,9.9013,0.8097,-6.8068,-11.8299,63.9125,14,h_mid (~0.9),d>=9,d>=6.8,1,0,1,nan,0.28632799999999997,nan,nan,0.552993,0.266665,nan,1.0,0.28632799999999997
rgb,43,scene15,lateral wall + 25deg bend (corridor occlusion),L7__s20260820__0003.png::boost_e,L7,260820_boost_e_on,7.5147,0.4734,-11.0902,-4.9586,63.1815,14,h_lo (robot ~0.3),d 7-9,d>=6.8,4,2,2,0.084935,0.306666,0.189277,0.104342,0.833657,0.526991,0.0,1.0,0.306666
rgb,43,scene15,lateral wall + 25deg bend (corridor occlusion),L7__s20260820__0003.png::boost_h,L7,260820_boost_h_on,7.5147,0.4263,-11.0902,-4.9586,63.1815,14,h_lo (robot ~0.3),d 7-9,d>=6.8,4,2,2,0.089221,0.23517599999999994,0.231043,0.141822,0.651747,0.416571,0.0,1.0,0.23517599999999994
rgb,43,scene15,lateral wall + 25deg bend (corridor occlusion),L7__s20260820__0004.png::boost_e,L7,260820_boost_e_on,9.9583,0.8223,-12.6937,-3.4861,58.1207,14,h_mid (~0.9),d>=9,d>=6.8,2,0,2,nan,0.17790400000000006,nan,nan,0.638028,0.460124,nan,1.0,0.17790400000000006
rgb,43,scene15,lateral wall + 25deg bend (corridor occlusion),L7__s20260820__0004.png::boost_h,L7,260820_boost_h_on,9.9583,0.7018,-12.6937,-3.4861,58.1207,14,h_mid (~0.9),d>=9,d>=6.8,2,0,2,nan,0.28292100000000003,nan,nan,0.64044,0.357519,nan,1.0,0.28292100000000003
rgb,43,scene15,lateral wall + 25deg bend (corridor occlusion),L7__s20260820__0005.png::boost_e,L7,260820_boost_e_on,9.8366,0.3501,-5.4058,-7.3396,62.3314,14,h_lo (robot ~0.3),d>=9,d>=6.8,1,0,1,nan,0.046605999999999925,nan,nan,0.616265,0.569659,nan,1.0,0.046605999999999925
rgb,43,scene15,lateral wall + 25deg bend (corridor occlusion),L7__s20260820__0005.png::boost_h,L7,260820_boost_h_on,9.8366,0.329,-5.4058,-7.3396,62.3314,14,h_lo (robot ~0.3),d>=9,d>=6.8,1,0,1,nan,-0.0006289999999999907,nan,nan,0.699225,0.699854,nan,1.0,-0.0006289999999999907
rgb,43,scene15,lateral wall + 25deg bend (corridor occlusion),L7__s20260820__0006.png::boost_e,L7,260820_boost_e_on,6.9519,0.4701,-5.1828,6.8137,59.5209,14,h_lo (robot ~0.3),d<7,d>=6.8,4,2,2,0.16793500000000003,0.30491199999999996,0.296225,0.12829,0.669017,0.364105,0.0,1.0,0.30491199999999996
rgb,43,scene15,lateral wall + 25deg bend (corridor occlusion),L7__s20260820__0006.png::boost_h,L7,260820_boost_h_on,6.9519,0.4238,-5.1828,6.8137,59.5209,14,h_lo (robot ~0.3),d<7,d>=6.8,4,2,2,0.18685899999999997,0.458358,0.337176,0.150317,0.799063,0.340705,0.0,1.0,0.458358
rgb,44,scene14,tread/landing self-occlusion (perspective terrace illusion),L0__s20260819__0000.png,L0,260819_main_on,4.7439,0.8483,-9.8586,1.429,61.6578,130,h_mid (~0.9),d<7,d<5.5,10,5,5,-0.009593,0.981821,0.001668,0.011261,0.996306,0.014485,0.0,1.0,0.981821
rgb,44,scene14,tread/landing self-occlusion (perspective terrace illusion),L0__s20260819__0001.png,L0,260819_main_on,7.036,1.2795,-8.9998,1.6524,61.4065,179,h_hi (~1.8),d 7-9,d>=6.8,9,4,5,-0.035812,0.921885,0.024254,0.060066,0.940746,0.018861,0.0,1.0,0.88068
rgb,44,scene14,tread/landing self-occlusion (perspective terrace illusion),L0__s20260819__0003.png,L0,260819_main_on,4.594,0.9536,-3.2277,7.0829,62.9059,125,h_mid (~0.9),d<7,d<5.5,10,5,5,0.06517800000000001,0.717034,0.303225,0.238047,0.871872,0.154838,0.0,1.0,0.633825
rgb,44,scene14,tread/landing self-occlusion (perspective terrace illusion),L0__s20260819__0004.png,L0,260819_main_on,8.4208,1.0624,-9.4161,-17.2604,60.9456,141,h_mid (~0.9),d 7-9,d>=6.8,4,0,4,nan,0.9709559999999999,nan,nan,0.975313,0.004357,nan,1.0,0.9709559999999999
rgb,44,scene14,tread/landing self-occlusion (perspective terrace illusion),L0__s20260819__0006.png,L0,260819_main_on,6.5633,0.9635,-10.0252,-0.1653,61.7917,167,h_mid (~0.9),d<7,d 5.5-6.8,10,5,5,-0.0020030000000000325,0.7409370000000001,0.371901,0.373904,0.76829,0.027353,0.0,1.0,0.394386
rgb,44,scene14,tread/landing self-occlusion (perspective terrace illusion),L0__s20260819__0007.png,L0,260819_main_on,4.9665,0.7236,-8.8174,0.2988,62.6318,132,h_mid (~0.9),d<7,d<5.5,10,5,5,-0.009678,0.5769470000000001,0.000159,0.009837,0.639256,0.062309,0.0,1.0,0.5769470000000001
rgb,44,scene14,tread/landing self-occlusion (perspective terrace illusion),L0__s20260820__0000.png::boost_e,L0,260820_boost_e_on,8.9228,1.4412,-8.1284,3.311,58.9789,189,h_hi (~1.8),d 7-9,d>=6.8,5,0,5,nan,0.380747,nan,nan,0.393593,0.012846,nan,0.0,0.380747
rgb,44,scene14,tread/landing self-occlusion (perspective terrace illusion),L0__s20260820__0000.png::boost_h,L0,260820_boost_h_on,8.9228,0.5085,-8.1284,3.311,58.9789,188,h_lo (robot ~0.3),d 7-9,d>=6.8,5,0,5,nan,0.492747,nan,nan,0.499007,0.00626,nan,0.0,0.492747
rgb,44,scene14,tread/landing self-occlusion (perspective terrace illusion),L0__s20260820__0001.png::boost_e,L0,260820_boost_e_on,11.2053,1.7168,-10.3828,-4.0507,61.2701,67,h_hi (~1.8),d>=9,d>=6.8,4,0,4,nan,0.166282,nan,nan,0.167744,0.001462,nan,0.0,0.166282
rgb,44,scene14,tread/landing self-occlusion (perspective terrace illusion),L0__s20260820__0001.png::boost_h,L0,260820_boost_h_on,11.2053,0.8037,-10.3828,-4.0507,61.2701,67,h_mid (~0.9),d>=9,d>=6.8,4,0,4,nan,0.564446,nan,nan,0.565741,0.001295,nan,1.0,0.564446
rgb,44,scene14,tread/landing self-occlusion (perspective terrace illusion),L0__s20260820__0003.png::boost_e,L0,260820_boost_e_on,10.095,1.8852,-7.2352,-9.0359,60.577,182,h_hi (~1.8),d>=9,d>=6.8,4,0,4,nan,0.640819,nan,nan,0.928464,0.287645,nan,1.0,0.640819
rgb,44,scene14,tread/landing self-occlusion (perspective terrace illusion),L0__s20260820__0003.png::boost_h,L0,260820_boost_h_on,10.095,0.9842,-7.2352,-9.0359,60.577,180,h_mid (~0.9),d>=9,d>=6.8,4,0,4,nan,0.770397,nan,nan,0.777143,0.006746,nan,1.0,0.770397
rgb,44,scene14,tread/landing self-occlusion (perspective terrace illusion),L0__s20260820__0004.png::boost_e,L0,260820_boost_e_on,6.7379,1.5701,-16.0704,-3.7589,60.2149,170,h_hi (~1.8),d<7,d 5.5-6.8,10,5,5,-0.006338999999999997,0.905773,0.057822,0.064161,0.940671,0.034898,0.0,1.0,0.87651
rgb,44,scene14,tread/landing self-occlusion (perspective terrace illusion),L0__s20260820__0004.png::boost_h,L0,260820_boost_h_on,6.7379,0.6465,-16.0704,-3.7589,60.2149,164,h_mid (~0.9),d<7,d 5.5-6.8,10,5,5,1.6000000000000003e-05,0.017181000000000002,2.4e-05,8e-06,0.017183,2e-06,0.0,0.0,0.017175
rgb,44,scene14,tread/landing self-occlusion (perspective terrace illusion),L0__s20260820__0005.png::boost_e,L0,260820_boost_e_on,8.1602,1.6314,-12.4022,9.6925,62.3957,179,h_hi (~1.8),d 7-9,d>=6.8,5,0,5,nan,0.8024640000000001,nan,nan,0.815879,0.013415,nan,1.0,0.8024640000000001
rgb,44,scene14,tread/landing self-occlusion (perspective terrace illusion),L0__s20260820__0005.png::boost_h,L0,260820_boost_h_on,8.1602,0.7122,-12.4022,9.6925,62.3957,179,h_mid (~0.9),d 7-9,d>=6.8,5,0,5,nan,0.038397999999999995,nan,nan,0.041232,0.002834,nan,0.0,0.038397999999999995
rgb,44,scene14,tread/landing self-occlusion (perspective terrace illusion),L0__s20260820__0006.png::boost_e,L0,260820_boost_e_on,8.239,1.2253,-16.5186,9.6527,62.4123,168,h_hi (~1.8),d 7-9,d>=6.8,5,0,5,nan,0.345399,nan,nan,0.345594,0.000195,nan,0.0,0.345399
rgb,44,scene14,tread/landing self-occlusion (perspective terrace illusion),L0__s20260820__0006.png::boost_h,L0,260820_boost_h_on,8.239,0.2771,-16.5186,9.6527,62.4123,166,h_lo (robot ~0.3),d 7-9,d>=6.8,5,0,5,nan,2.7e-05,nan,nan,2.9e-05,2e-06,nan,0.0,2.7e-05
rgb,44,scene14,tread/landing self-occlusion (perspective terrace illusion),L0__s20260820__0007.png::boost_e,L0,260820_boost_e_on,10.4613,1.2748,-6.1172,5.4847,60.0935,198,h_hi (~1.8),d>=9,d>=6.8,5,0,5,nan,0.26714899999999997,nan,nan,0.267182,3.3e-05,nan,0.0,0.26714899999999997
rgb,44,scene14,tread/landing self-occlusion (perspective terrace illusion),L0__s20260820__0007.png::boost_h,L0,260820_boost_h_on,10.4613,0.3301,-6.1172,5.4847,60.0935,198,h_lo (robot ~0.3),d>=9,d>=6.8,5,0,5,nan,0.232538,nan,nan,0.236014,0.003476,nan,0.0,0.232538
rgb,44,scene14,tread/landing self-occlusion (perspective terrace illusion),L5__s20260819__0000.png,L5,260819_main_on,4.7439,0.8483,-9.8586,1.429,61.6578,130,h_mid (~0.9),d<7,d<5.5,10,5,5,-0.004459,0.980205,0.000366,0.004825,0.992391,0.012186,0.0,1.0,0.980205
rgb,44,scene14,tread/landing self-occlusion (perspective terrace illusion),L5__s20260819__0001.png,L5,260819_main_on,7.036,1.2795,-8.9998,1.6524,61.4065,179,h_hi (~1.8),d 7-9,d>=6.8,9,4,5,0.062036,0.862532,0.066096,0.00406,0.885829,0.023297,0.0,1.0,0.862532
rgb,44,scene14,tread/landing self-occlusion (perspective terrace illusion),L5__s20260819__0003.png,L5,260819_main_on,4.594,0.9536,-3.2277,7.0829,62.9059,125,h_mid (~0.9),d<7,d<5.5,10,5,5,0.13338500000000003,0.6901059999999999,0.263375,0.12999,0.835065,0.144959,0.0,1.0,0.6901059999999999
rgb,44,scene14,tread/landing self-occlusion (perspective terrace illusion),L5__s20260819__0004.png,L5,260819_main_on,8.4208,1.0624,-9.4161,-17.2604,60.9456,141,h_mid (~0.9),d 7-9,d>=6.8,4,0,4,nan,0.912374,nan,nan,0.921262,0.008888,nan,1.0,0.912374
rgb,44,scene14,tread/landing self-occlusion (perspective terrace illusion),L5__s20260819__0006.png,L5,260819_main_on,6.5633,0.9635,-10.0252,-0.1653,61.7917,167,h_mid (~0.9),d<7,d 5.5-6.8,10,5,5,0.3737960000000001,0.689896,0.65236,0.278564,0.740713,0.050817,1.0,1.0,0.462149
rgb,44,scene14,tread/landing self-occlusion (perspective terrace illusion),L5__s20260819__0007.png,L5,260819_main_on,4.9665,0.7236,-8.8174,0.2988,62.6318,132,h_mid (~0.9),d<7,d<5.5,10,5,5,-0.019004,0.635019,0.007708,0.026712,0.771684,0.136665,0.0,1.0,0.635019
rgb,44,scene14,tread/landing self-occlusion (perspective terrace illusion),L5__s20260820__0000.png::boost_e,L5,260820_boost_e_on,8.9228,1.4412,-8.1284,3.311,58.9789,189,h_hi (~1.8),d 7-9,d>=6.8,5,0,5,nan,0.353531,nan,nan,0.373454,0.019923,nan,0.0,0.353531
rgb,44,scene14,tread/landing self-occlusion (perspective terrace illusion),L5__s20260820__0000.png::boost_h,L5,260820_boost_h_on,8.9228,0.5085,-8.1284,3.311,58.9789,188,h_lo (robot ~0.3),d 7-9,d>=6.8,5,0,5,nan,0.438378,nan,nan,0.443189,0.004811,nan,0.0,0.438378
rgb,44,scene14,tread/landing self-occlusion (perspective terrace illusion),L5__s20260820__0001.png::boost_e,L5,260820_boost_e_on,11.2053,1.7168,-10.3828,-4.0507,61.2701,67,h_hi (~1.8),d>=9,d>=6.8,4,0,4,nan,0.007705,nan,nan,0.011377,0.003672,nan,0.0,0.007705
rgb,44,scene14,tread/landing self-occlusion (perspective terrace illusion),L5__s20260820__0001.png::boost_h,L5,260820_boost_h_on,11.2053,0.8037,-10.3828,-4.0507,61.2701,67,h_mid (~0.9),d>=9,d>=6.8,4,0,4,nan,0.844615,nan,nan,0.84898,0.004365,nan,1.0,0.844615
rgb,44,scene14,tread/landing self-occlusion (perspective terrace illusion),L5__s20260820__0003.png::boost_e,L5,260820_boost_e_on,10.095,1.8852,-7.2352,-9.0359,60.577,182,h_hi (~1.8),d>=9,d>=6.8,4,0,4,nan,0.975769,nan,nan,0.987202,0.011433,nan,1.0,0.975769
rgb,44,scene14,tread/landing self-occlusion (perspective terrace illusion),L5__s20260820__0003.png::boost_h,L5,260820_boost_h_on,10.095,0.9842,-7.2352,-9.0359,60.577,180,h_mid (~0.9),d>=9,d>=6.8,4,0,4,nan,0.8610589999999999,nan,nan,0.865412,0.004353,nan,1.0,0.8610589999999999
rgb,44,scene14,tread/landing self-occlusion (perspective terrace illusion),L5__s20260820__0004.png::boost_e,L5,260820_boost_e_on,6.7379,1.5701,-16.0704,-3.7589,60.2149,170,h_hi (~1.8),d<7,d 5.5-6.8,10,5,5,0.04983800000000001,0.890512,0.089552,0.039714,0.906045,0.015533,0.0,1.0,0.866331
rgb,44,scene14,tread/landing self-occlusion (perspective terrace illusion),L5__s20260820__0004.png::boost_h,L5,260820_boost_h_on,6.7379,0.6465,-16.0704,-3.7589,60.2149,164,h_mid (~0.9),d<7,d 5.5-6.8,10,5,5,0.00023400000000000002,0.051639000000000004,0.00042,0.000186,0.051686,4.7e-05,0.0,0.0,0.051500000000000004
rgb,44,scene14,tread/landing self-occlusion (perspective terrace illusion),L5__s20260820__0005.png::boost_e,L5,260820_boost_e_on,8.1602,1.6314,-12.4022,9.6925,62.3957,179,h_hi (~1.8),d 7-9,d>=6.8,5,0,5,nan,0.54089,nan,nan,0.566689,0.025799,nan,1.0,0.54089
rgb,44,scene14,tread/landing self-occlusion (perspective terrace illusion),L5__s20260820__0005.png::boost_h,L5,260820_boost_h_on,8.1602,0.7122,-12.4022,9.6925,62.3957,179,h_mid (~0.9),d 7-9,d>=6.8,5,0,5,nan,0.138763,nan,nan,0.141202,0.002439,nan,0.0,0.138763
rgb,44,scene14,tread/landing self-occlusion (perspective terrace illusion),L5__s20260820__0006.png::boost_e,L5,260820_boost_e_on,8.239,1.2253,-16.5186,9.6527,62.4123,168,h_hi (~1.8),d 7-9,d>=6.8,5,0,5,nan,0.069783,nan,nan,0.070268,0.000485,nan,0.0,0.069783
rgb,44,scene14,tread/landing self-occlusion (perspective terrace illusion),L5__s20260820__0006.png::boost_h,L5,260820_boost_h_on,8.239,0.2771,-16.5186,9.6527,62.4123,166,h_lo (robot ~0.3),d 7-9,d>=6.8,5,0,5,nan,4.4999999999999996e-05,nan,nan,5.1e-05,6e-06,nan,0.0,4.4999999999999996e-05
rgb,44,scene14,tread/landing self-occlusion (perspective terrace illusion),L5__s20260820__0007.png::boost_e,L5,260820_boost_e_on,10.4613,1.2748,-6.1172,5.4847,60.0935,198,h_hi (~1.8),d>=9,d>=6.8,5,0,5,nan,0.251906,nan,nan,0.252077,0.000171,nan,0.0,0.251906
rgb,44,scene14,tread/landing self-occlusion (perspective terrace illusion),L5__s20260820__0007.png::boost_h,L5,260820_boost_h_on,10.4613,0.3301,-6.1172,5.4847,60.0935,198,h_lo (robot ~0.3),d>=9,d>=6.8,5,0,5,nan,0.548865,nan,nan,0.561131,0.012266,nan,1.0,0.548865
rgb,44,scene14,tread/landing self-occlusion (perspective terrace illusion),L7__s20260819__0000.png,L7,260819_main_on,4.7439,0.8483,-9.8586,1.429,61.6578,130,h_mid (~0.9),d<7,d<5.5,10,5,5,-0.033643,0.888528,0.004897,0.03854,0.997317,0.108789,0.0,1.0,0.888528
rgb,44,scene14,tread/landing self-occlusion (perspective terrace illusion),L7__s20260819__0001.png,L7,260819_main_on,7.036,1.2795,-8.9998,1.6524,61.4065,179,h_hi (~1.8),d 7-9,d>=6.8,9,4,5,0.079834,0.898555,0.110672,0.030838,0.961645,0.06309,0.0,1.0,0.898555
rgb,44,scene14,tread/landing self-occlusion (perspective terrace illusion),L7__s20260819__0003.png,L7,260819_main_on,4.594,0.9536,-3.2277,7.0829,62.9059,125,h_mid (~0.9),d<7,d<5.5,10,5,5,0.540129,0.593125,0.734684,0.194555,0.943515,0.35039,1.0,1.0,0.593125
rgb,44,scene14,tread/landing self-occlusion (perspective terrace illusion),L7__s20260819__0004.png,L7,260819_main_on,8.4208,1.0624,-9.4161,-17.2604,60.9456,141,h_mid (~0.9),d 7-9,d>=6.8,4,0,4,nan,0.994533,nan,nan,0.996579,0.002046,nan,1.0,0.994533
rgb,44,scene14,tread/landing self-occlusion (perspective terrace illusion),L7__s20260819__0006.png,L7,260819_main_on,6.5633,0.9635,-10.0252,-0.1653,61.7917,167,h_mid (~0.9),d<7,d 5.5-6.8,10,5,5,0.155078,0.522977,0.604753,0.449675,0.927226,0.404249,1.0,1.0,0.477551
rgb,44,scene14,tread/landing self-occlusion (perspective terrace illusion),L7__s20260819__0007.png,L7,260819_main_on,4.9665,0.7236,-8.8174,0.2988,62.6318,132,h_mid (~0.9),d<7,d<5.5,10,5,5,-0.034954000000000006,0.413323,0.003883,0.038837,0.55479,0.141467,0.0,1.0,0.413323
rgb,44,scene14,tread/landing self-occlusion (perspective terrace illusion),L7__s20260820__0000.png::boost_e,L7,260820_boost_e_on,8.9228,1.4412,-8.1284,3.311,58.9789,189,h_hi (~1.8),d 7-9,d>=6.8,5,0,5,nan,0.584881,nan,nan,0.609707,0.024826,nan,1.0,0.584881
rgb,44,scene14,tread/landing self-occlusion (perspective terrace illusion),L7__s20260820__0000.png::boost_h,L7,260820_boost_h_on,8.9228,0.5085,-8.1284,3.311,58.9789,188,h_lo (robot ~0.3),d 7-9,d>=6.8,5,0,5,nan,0.710611,nan,nan,0.71086,0.000249,nan,1.0,0.710611
rgb,44,scene14,tread/landing self-occlusion (perspective terrace illusion),L7__s20260820__0001.png::boost_e,L7,260820_boost_e_on,11.2053,1.7168,-10.3828,-4.0507,61.2701,67,h_hi (~1.8),d>=9,d>=6.8,4,0,4,nan,0.7972,nan,nan,0.806227,0.009027,nan,1.0,0.7972
rgb,44,scene14,tread/landing self-occlusion (perspective terrace illusion),L7__s20260820__0001.png::boost_h,L7,260820_boost_h_on,11.2053,0.8037,-10.3828,-4.0507,61.2701,67,h_mid (~0.9),d>=9,d>=6.8,4,0,4,nan,0.912718,nan,nan,0.914247,0.001529,nan,1.0,0.912718
rgb,44,scene14,tread/landing self-occlusion (perspective terrace illusion),L7__s20260820__0003.png::boost_e,L7,260820_boost_e_on,10.095,1.8852,-7.2352,-9.0359,60.577,182,h_hi (~1.8),d>=9,d>=6.8,4,0,4,nan,0.837194,nan,nan,0.983176,0.145982,nan,1.0,0.837194
rgb,44,scene14,tread/landing self-occlusion (perspective terrace illusion),L7__s20260820__0003.png::boost_h,L7,260820_boost_h_on,10.095,0.9842,-7.2352,-9.0359,60.577,180,h_mid (~0.9),d>=9,d>=6.8,4,0,4,nan,0.8891709999999999,nan,nan,0.894396,0.005225,nan,1.0,0.8891709999999999
rgb,44,scene14,tread/landing self-occlusion (perspective terrace illusion),L7__s20260820__0004.png::boost_e,L7,260820_boost_e_on,6.7379,1.5701,-16.0704,-3.7589,60.2149,170,h_hi (~1.8),d<7,d 5.5-6.8,10,5,5,-0.048704,0.6963680000000001,0.135183,0.183887,0.855763,0.159395,0.0,1.0,0.671876
rgb,44,scene14,tread/landing self-occlusion (perspective terrace illusion),L7__s20260820__0004.png::boost_h,L7,260820_boost_h_on,6.7379,0.6465,-16.0704,-3.7589,60.2149,164,h_mid (~0.9),d<7,d 5.5-6.8,10,5,5,-0.00014199999999999998,0.464347,9.1e-05,0.000233,0.464501,0.000154,0.0,0.0,0.464268
rgb,44,scene14,tread/landing self-occlusion (perspective terrace illusion),L7__s20260820__0005.png::boost_e,L7,260820_boost_e_on,8.1602,1.6314,-12.4022,9.6925,62.3957,179,h_hi (~1.8),d 7-9,d>=6.8,5,0,5,nan,0.886305,nan,nan,0.990755,0.10445,nan,1.0,0.886305
rgb,44,scene14,tread/landing self-occlusion (perspective terrace illusion),L7__s20260820__0005.png::boost_h,L7,260820_boost_h_on,8.1602,0.7122,-12.4022,9.6925,62.3957,179,h_mid (~0.9),d 7-9,d>=6.8,5,0,5,nan,0.069535,nan,nan,0.075382,0.005847,nan,0.0,0.069535
rgb,44,scene14,tread/landing self-occlusion (perspective terrace illusion),L7__s20260820__0006.png::boost_e,L7,260820_boost_e_on,8.239,1.2253,-16.5186,9.6527,62.4123,168,h_hi (~1.8),d 7-9,d>=6.8,5,0,5,nan,0.524159,nan,nan,0.525694,0.001535,nan,1.0,0.524159
rgb,44,scene14,tread/landing self-occlusion (perspective terrace illusion),L7__s20260820__0006.png::boost_h,L7,260820_boost_h_on,8.239,0.2771,-16.5186,9.6527,62.4123,166,h_lo (robot ~0.3),d 7-9,d>=6.8,5,0,5,nan,0.000337,nan,nan,0.000442,0.000105,nan,0.0,0.000337
rgb,44,scene14,tread/landing self-occlusion (perspective terrace illusion),L7__s20260820__0007.png::boost_e,L7,260820_boost_e_on,10.4613,1.2748,-6.1172,5.4847,60.0935,198,h_hi (~1.8),d>=9,d>=6.8,5,0,5,nan,0.6976469999999999,nan,nan,0.697753,0.000106,nan,1.0,0.6976469999999999
rgb,44,scene14,tread/landing self-occlusion (perspective terrace illusion),L7__s20260820__0007.png::boost_h,L7,260820_boost_h_on,10.4613,0.3301,-6.1172,5.4847,60.0935,198,h_lo (robot ~0.3),d>=9,d>=6.8,5,0,5,nan,0.6258429999999999,nan,nan,0.665697,0.039854,nan,1.0,0.6258429999999999
rgb,44,scene15,lateral wall + 25deg bend (corridor occlusion),L0__s20260819__0000.png,L0,260819_main_on,9.9031,0.4233,-6.6317,-4.2143,61.8616,14,h_lo (robot ~0.3),d>=9,d>=6.8,1,0,1,nan,0.06906500000000004,nan,nan,0.610155,0.54109,nan,1.0,0.06906500000000004
rgb,44,scene15,lateral wall + 25deg bend (corridor occlusion),L0__s20260820__0000.png::boost_e,L0,260820_boost_e_on,10.9914,0.3911,-13.637,-17.7914,62.7559,14,h_lo (robot ~0.3),d>=9,d>=6.8,2,0,2,nan,-0.02304700000000004,nan,nan,0.602445,0.625492,nan,1.0,-0.02304700000000004
rgb,44,scene15,lateral wall + 25deg bend (corridor occlusion),L0__s20260820__0000.png::boost_h,L0,260820_boost_h_on,10.9914,0.3614,-13.637,-17.7914,62.7559,14,h_lo (robot ~0.3),d>=9,d>=6.8,2,0,2,nan,-0.09597600000000006,nan,nan,0.682974,0.77895,nan,1.0,-0.09597600000000006
rgb,44,scene15,lateral wall + 25deg bend (corridor occlusion),L0__s20260820__0001.png::boost_h,L0,260820_boost_h_on,9.9013,0.8097,-6.8068,-11.8299,63.9125,14,h_mid (~0.9),d>=9,d>=6.8,1,0,1,nan,0.17523699999999998,nan,nan,0.557554,0.382317,nan,1.0,0.17523699999999998
rgb,44,scene15,lateral wall + 25deg bend (corridor occlusion),L0__s20260820__0003.png::boost_e,L0,260820_boost_e_on,7.5147,0.4734,-11.0902,-4.9586,63.1815,14,h_lo (robot ~0.3),d 7-9,d>=6.8,4,2,2,0.15434200000000003,0.11570499999999995,0.321352,0.16701,0.572263,0.456558,0.0,1.0,0.11570499999999995
rgb,44,scene15,lateral wall + 25deg bend (corridor occlusion),L0__s20260820__0003.png::boost_h,L0,260820_boost_h_on,7.5147,0.4263,-11.0902,-4.9586,63.1815,14,h_lo (robot ~0.3),d 7-9,d>=6.8,4,2,2,0.06981500000000002,0.12065000000000003,0.458533,0.388718,0.611198,0.490548,0.0,1.0,0.12065000000000003
rgb,44,scene15,lateral wall + 25deg bend (corridor occlusion),L0__s20260820__0004.png::boost_e,L0,260820_boost_e_on,9.9583,0.8223,-12.6937,-3.4861,58.1207,14,h_mid (~0.9),d>=9,d>=6.8,2,0,2,nan,0.10812299999999997,nan,nan,0.629056,0.520933,nan,1.0,0.10812299999999997
rgb,44,scene15,lateral wall + 25deg bend (corridor occlusion),L0__s20260820__0004.png::boost_h,L0,260820_boost_h_on,9.9583,0.7018,-12.6937,-3.4861,58.1207,14,h_mid (~0.9),d>=9,d>=6.8,2,0,2,nan,-0.01782600000000001,nan,nan,0.386948,0.404774,nan,0.0,-0.01782600000000001
rgb,44,scene15,lateral wall + 25deg bend (corridor occlusion),L0__s20260820__0005.png::boost_e,L0,260820_boost_e_on,9.8366,0.3501,-5.4058,-7.3396,62.3314,14,h_lo (robot ~0.3),d>=9,d>=6.8,1,0,1,nan,-0.07325900000000002,nan,nan,0.247322,0.320581,nan,0.0,-0.07325900000000002
rgb,44,scene15,lateral wall + 25deg bend (corridor occlusion),L0__s20260820__0005.png::boost_h,L0,260820_boost_h_on,9.8366,0.329,-5.4058,-7.3396,62.3314,14,h_lo (robot ~0.3),d>=9,d>=6.8,1,0,1,nan,-0.01911400000000002,nan,nan,0.369453,0.388567,nan,0.0,-0.01911400000000002
rgb,44,scene15,lateral wall + 25deg bend (corridor occlusion),L0__s20260820__0006.png::boost_e,L0,260820_boost_e_on,6.9519,0.4701,-5.1828,6.8137,59.5209,14,h_lo (robot ~0.3),d<7,d>=6.8,4,2,2,-0.12343399999999999,0.03288800000000003,0.365615,0.489049,0.654745,0.621857,0.0,1.0,0.03288800000000003
rgb,44,scene15,lateral wall + 25deg bend (corridor occlusion),L0__s20260820__0006.png::boost_h,L0,260820_boost_h_on,6.9519,0.4238,-5.1828,6.8137,59.5209,14,h_lo (robot ~0.3),d<7,d>=6.8,4,2,2,-0.05585200000000001,0.03780499999999998,0.405695,0.461547,0.684088,0.646283,0.0,1.0,0.03780499999999998
rgb,44,scene15,lateral wall + 25deg bend (corridor occlusion),L4__s20260819__0000.png,L4,260819_main_on,9.9031,0.4233,-6.6317,-4.2143,61.8616,14,h_lo (robot ~0.3),d>=9,d>=6.8,1,0,1,nan,0.10628300000000002,nan,nan,0.510553,0.40427,nan,1.0,0.10628300000000002
rgb,44,scene15,lateral wall + 25deg bend (corridor occlusion),L4__s20260820__0000.png::boost_e,L4,260820_boost_e_on,10.9914,0.3911,-13.637,-17.7914,62.7559,14,h_lo (robot ~0.3),d>=9,d>=6.8,2,0,2,nan,-0.232308,nan,nan,0.214606,0.446914,nan,0.0,-0.232308
rgb,44,scene15,lateral wall + 25deg bend (corridor occlusion),L4__s20260820__0000.png::boost_h,L4,260820_boost_h_on,10.9914,0.3614,-13.637,-17.7914,62.7559,14,h_lo (robot ~0.3),d>=9,d>=6.8,2,0,2,nan,-0.160767,nan,nan,0.344121,0.504888,nan,0.0,-0.160767
rgb,44,scene15,lateral wall + 25deg bend (corridor occlusion),L4__s20260820__0001.png::boost_h,L4,260820_boost_h_on,9.9013,0.8097,-6.8068,-11.8299,63.9125,14,h_mid (~0.9),d>=9,d>=6.8,1,0,1,nan,-0.14555400000000002,nan,nan,0.177284,0.322838,nan,0.0,-0.14555400000000002
rgb,44,scene15,lateral wall + 25deg bend (corridor occlusion),L4__s20260820__0003.png::boost_e,L4,260820_boost_e_on,7.5147,0.4734,-11.0902,-4.9586,63.1815,14,h_lo (robot ~0.3),d 7-9,d>=6.8,4,2,2,-0.04978199999999999,-0.353063,0.081712,0.131494,0.16732,0.520383,0.0,0.0,-0.353063
rgb,44,scene15,lateral wall + 25deg bend (corridor occlusion),L4__s20260820__0003.png::boost_h,L4,260820_boost_h_on,7.5147,0.4263,-11.0902,-4.9586,63.1815,14,h_lo (robot ~0.3),d 7-9,d>=6.8,4,2,2,0.08500700000000001,0.09689800000000004,0.186012,0.101005,0.457886,0.360988,0.0,0.0,0.09689800000000004
rgb,44,scene15,lateral wall + 25deg bend (corridor occlusion),L4__s20260820__0004.png::boost_e,L4,260820_boost_e_on,9.9583,0.8223,-12.6937,-3.4861,58.1207,14,h_mid (~0.9),d>=9,d>=6.8,2,0,2,nan,-0.07771799999999995,nan,nan,0.509888,0.587606,nan,1.0,-0.07771799999999995
rgb,44,scene15,lateral wall + 25deg bend (corridor occlusion),L4__s20260820__0004.png::boost_h,L4,260820_boost_h_on,9.9583,0.7018,-12.6937,-3.4861,58.1207,14,h_mid (~0.9),d>=9,d>=6.8,2,0,2,nan,-0.107454,nan,nan,0.344422,0.451876,nan,0.0,-0.107454
rgb,44,scene15,lateral wall + 25deg bend (corridor occlusion),L4__s20260820__0005.png::boost_e,L4,260820_boost_e_on,9.8366,0.3501,-5.4058,-7.3396,62.3314,14,h_lo (robot ~0.3),d>=9,d>=6.8,1,0,1,nan,-0.136028,nan,nan,0.213969,0.349997,nan,0.0,-0.136028
rgb,44,scene15,lateral wall + 25deg bend (corridor occlusion),L4__s20260820__0005.png::boost_h,L4,260820_boost_h_on,9.8366,0.329,-5.4058,-7.3396,62.3314,14,h_lo (robot ~0.3),d>=9,d>=6.8,1,0,1,nan,-0.076629,nan,nan,0.379353,0.455982,nan,0.0,-0.076629
rgb,44,scene15,lateral wall + 25deg bend (corridor occlusion),L4__s20260820__0006.png::boost_e,L4,260820_boost_e_on,6.9519,0.4701,-5.1828,6.8137,59.5209,14,h_lo (robot ~0.3),d<7,d>=6.8,4,2,2,0.09321799999999997,-0.1035609999999999,0.522752,0.429534,0.625187,0.728748,1.0,1.0,-0.1035609999999999
rgb,44,scene15,lateral wall + 25deg bend (corridor occlusion),L4__s20260820__0006.png::boost_h,L4,260820_boost_h_on,6.9519,0.4238,-5.1828,6.8137,59.5209,14,h_lo (robot ~0.3),d<7,d>=6.8,4,2,2,-0.0030170000000000474,-0.07752500000000007,0.588974,0.591991,0.608046,0.685571,1.0,1.0,-0.07752500000000007
rgb,44,scene15,lateral wall + 25deg bend (corridor occlusion),L7__s20260819__0000.png,L7,260819_main_on,9.9031,0.4233,-6.6317,-4.2143,61.8616,14,h_lo (robot ~0.3),d>=9,d>=6.8,1,0,1,nan,-0.060425000000000006,nan,nan,0.318418,0.378843,nan,0.0,-0.060425000000000006
rgb,44,scene15,lateral wall + 25deg bend (corridor occlusion),L7__s20260820__0000.png::boost_e,L7,260820_boost_e_on,10.9914,0.3911,-13.637,-17.7914,62.7559,14,h_lo (robot ~0.3),d>=9,d>=6.8,2,0,2,nan,-0.130124,nan,nan,0.177451,0.307575,nan,0.0,-0.130124
rgb,44,scene15,lateral wall + 25deg bend (corridor occlusion),L7__s20260820__0000.png::boost_h,L7,260820_boost_h_on,10.9914,0.3614,-13.637,-17.7914,62.7559,14,h_lo (robot ~0.3),d>=9,d>=6.8,2,0,2,nan,-0.11036300000000002,nan,nan,0.183762,0.294125,nan,0.0,-0.11036300000000002
rgb,44,scene15,lateral wall + 25deg bend (corridor occlusion),L7__s20260820__0001.png::boost_h,L7,260820_boost_h_on,9.9013,0.8097,-6.8068,-11.8299,63.9125,14,h_mid (~0.9),d>=9,d>=6.8,1,0,1,nan,-0.073486,nan,nan,0.366665,0.440151,nan,0.0,-0.073486
rgb,44,scene15,lateral wall + 25deg bend (corridor occlusion),L7__s20260820__0003.png::boost_e,L7,260820_boost_e_on,7.5147,0.4734,-11.0902,-4.9586,63.1815,14,h_lo (robot ~0.3),d 7-9,d>=6.8,4,2,2,-0.11601000000000002,-0.21254699999999999,0.117126,0.233136,0.259573,0.47212,0.0,0.0,-0.21254699999999999
rgb,44,scene15,lateral wall + 25deg bend (corridor occlusion),L7__s20260820__0003.png::boost_h,L7,260820_boost_h_on,7.5147,0.4263,-11.0902,-4.9586,63.1815,14,h_lo (robot ~0.3),d 7-9,d>=6.8,4,2,2,0.017585000000000017,-0.005449000000000037,0.25363,0.236045,0.556018,0.561467,0.0,1.0,-0.005449000000000037
rgb,44,scene15,lateral wall + 25deg bend (corridor occlusion),L7__s20260820__0004.png::boost_e,L7,260820_boost_e_on,9.9583,0.8223,-12.6937,-3.4861,58.1207,14,h_mid (~0.9),d>=9,d>=6.8,2,0,2,nan,-0.038726999999999956,nan,nan,0.619267,0.657994,nan,1.0,-0.038726999999999956
rgb,44,scene15,lateral wall + 25deg bend (corridor occlusion),L7__s20260820__0004.png::boost_h,L7,260820_boost_h_on,9.9583,0.7018,-12.6937,-3.4861,58.1207,14,h_mid (~0.9),d>=9,d>=6.8,2,0,2,nan,-0.24189900000000003,nan,nan,0.362732,0.604631,nan,0.0,-0.24189900000000003
rgb,44,scene15,lateral wall + 25deg bend (corridor occlusion),L7__s20260820__0005.png::boost_e,L7,260820_boost_e_on,9.8366,0.3501,-5.4058,-7.3396,62.3314,14,h_lo (robot ~0.3),d>=9,d>=6.8,1,0,1,nan,-0.17826200000000003,nan,nan,0.282614,0.460876,nan,0.0,-0.17826200000000003
rgb,44,scene15,lateral wall + 25deg bend (corridor occlusion),L7__s20260820__0005.png::boost_h,L7,260820_boost_h_on,9.8366,0.329,-5.4058,-7.3396,62.3314,14,h_lo (robot ~0.3),d>=9,d>=6.8,1,0,1,nan,-0.07861600000000002,nan,nan,0.41106,0.489676,nan,0.0,-0.07861600000000002
rgb,44,scene15,lateral wall + 25deg bend (corridor occlusion),L7__s20260820__0006.png::boost_e,L7,260820_boost_e_on,6.9519,0.4701,-5.1828,6.8137,59.5209,14,h_lo (robot ~0.3),d<7,d>=6.8,4,2,2,-0.22795399999999993,-0.11951400000000001,0.416125,0.644079,0.550236,0.66975,0.0,1.0,-0.11951400000000001
rgb,44,scene15,lateral wall + 25deg bend (corridor occlusion),L7__s20260820__0006.png::boost_h,L7,260820_boost_h_on,6.9519,0.4238,-5.1828,6.8137,59.5209,14,h_lo (robot ~0.3),d<7,d>=6.8,4,2,2,-0.021718999999999933,-0.015154999999999919,0.542819,0.564538,0.643854,0.659009,1.0,1.0,-0.015154999999999919
depth,42,scene14,tread/landing self-occlusion (perspective terrace illusion),L0__s20260819__0000.png,L0,260819_main_on,4.7439,0.8483,-9.8586,1.429,61.6578,130,h_mid (~0.9),d<7,d<5.5,10,5,5,0.99526,0.99304,0.999139,0.003879,0.99526,0.00222,1.0,1.0,0.99526
depth,42,scene14,tread/landing self-occlusion (perspective terrace illusion),L0__s20260819__0001.png,L0,260819_main_on,7.036,1.2795,-8.9998,1.6524,61.4065,179,h_hi (~1.8),d 7-9,d>=6.8,9,4,5,0.848761,0.984524,0.849859,0.001098,0.988572,0.004048,1.0,1.0,0.984524
depth,42,scene14,tread/landing self-occlusion (perspective terrace illusion),L0__s20260819__0003.png,L0,260819_main_on,4.594,0.9536,-3.2277,7.0829,62.9059,125,h_mid (~0.9),d<7,d<5.5,10,5,5,0.990599,0.998193,0.999501,0.008902,0.998823,0.00063,1.0,1.0,0.990599
depth,42,scene14,tread/landing self-occlusion (perspective terrace illusion),L0__s20260819__0004.png,L0,260819_main_on,8.4208,1.0624,-9.4161,-17.2604,60.9456,141,h_mid (~0.9),d 7-9,d>=6.8,4,0,4,nan,0.979828,nan,nan,0.988145,0.008317,nan,1.0,0.979828
depth,42,scene14,tread/landing self-occlusion (perspective terrace illusion),L0__s20260819__0006.png,L0,260819_main_on,6.5633,0.9635,-10.0252,-0.1653,61.7917,167,h_mid (~0.9),d<7,d 5.5-6.8,10,5,5,0.994223,0.9861049999999999,0.996609,0.002386,0.992952,0.006847,1.0,1.0,0.9897619999999999
depth,42,scene14,tread/landing self-occlusion (perspective terrace illusion),L0__s20260819__0007.png,L0,260819_main_on,4.9665,0.7236,-8.8174,0.2988,62.6318,132,h_mid (~0.9),d<7,d<5.5,10,5,5,0.997948,0.993825,0.999351,0.001403,0.997555,0.00373,1.0,1.0,0.995621
depth,42,scene14,tread/landing self-occlusion (perspective terrace illusion),L0__s20260820__0000.png::boost_e,L0,260820_boost_e_on,8.9228,1.4412,-8.1284,3.311,58.9789,189,h_hi (~1.8),d 7-9,d>=6.8,5,0,5,nan,0.935863,nan,nan,0.993626,0.057763,nan,1.0,0.935863
depth,42,scene14,tread/landing self-occlusion (perspective terrace illusion),L0__s20260820__0000.png::boost_h,L0,260820_boost_h_on,8.9228,0.5085,-8.1284,3.311,58.9789,188,h_lo (robot ~0.3),d 7-9,d>=6.8,5,0,5,nan,0.902801,nan,nan,0.907567,0.004766,nan,1.0,0.902801
depth,42,scene14,tread/landing self-occlusion (perspective terrace illusion),L0__s20260820__0001.png::boost_e,L0,260820_boost_e_on,11.2053,1.7168,-10.3828,-4.0507,61.2701,67,h_hi (~1.8),d>=9,d>=6.8,4,0,4,nan,8.000000000000021e-05,nan,nan,0.008052,0.007972,nan,0.0,8.000000000000021e-05
depth,42,scene14,tread/landing self-occlusion (perspective terrace illusion),L0__s20260820__0001.png::boost_h,L0,260820_boost_h_on,11.2053,0.8037,-10.3828,-4.0507,61.2701,67,h_mid (~0.9),d>=9,d>=6.8,4,0,4,nan,-1.4000000000000123e-05,nan,nan,0.004144,0.004158,nan,0.0,-1.4000000000000123e-05
depth,42,scene14,tread/landing self-occlusion (perspective terrace illusion),L0__s20260820__0003.png::boost_e,L0,260820_boost_e_on,10.095,1.8852,-7.2352,-9.0359,60.577,182,h_hi (~1.8),d>=9,d>=6.8,4,0,4,nan,0.153134,nan,nan,0.213466,0.060332,nan,0.0,0.153134
depth,42,scene14,tread/landing self-occlusion (perspective terrace illusion),L0__s20260820__0003.png::boost_h,L0,260820_boost_h_on,10.095,0.9842,-7.2352,-9.0359,60.577,180,h_mid (~0.9),d>=9,d>=6.8,4,0,4,nan,0.05699,nan,nan,0.077053,0.020063,nan,0.0,0.05699
depth,42,scene14,tread/landing self-occlusion (perspective terrace illusion),L0__s20260820__0004.png::boost_e,L0,260820_boost_e_on,6.7379,1.5701,-16.0704,-3.7589,60.2149,170,h_hi (~1.8),d<7,d 5.5-6.8,10,5,5,0.970926,0.9769369999999999,0.971754,0.000828,0.986192,0.009255,1.0,1.0,0.9769369999999999
depth,42,scene14,tread/landing self-occlusion (perspective terrace illusion),L0__s20260820__0004.png::boost_h,L0,260820_boost_h_on,6.7379,0.6465,-16.0704,-3.7589,60.2149,164,h_mid (~0.9),d<7,d 5.5-6.8,10,5,5,0.997697,0.99737,0.997837,0.00014,0.999695,0.002325,1.0,1.0,0.99737
depth,42,scene14,tread/landing self-occlusion (perspective terrace illusion),L0__s20260820__0005.png::boost_e,L0,260820_boost_e_on,8.1602,1.6314,-12.4022,9.6925,62.3957,179,h_hi (~1.8),d 7-9,d>=6.8,5,0,5,nan,0.920499,nan,nan,0.98436,0.063861,nan,1.0,0.920499
depth,42,scene14,tread/landing self-occlusion (perspective terrace illusion),L0__s20260820__0005.png::boost_h,L0,260820_boost_h_on,8.1602,0.7122,-12.4022,9.6925,62.3957,179,h_mid (~0.9),d 7-9,d>=6.8,5,0,5,nan,0.804454,nan,nan,0.826745,0.022291,nan,1.0,0.804454
depth,42,scene14,tread/landing self-occlusion (perspective terrace illusion),L0__s20260820__0006.png::boost_e,L0,260820_boost_e_on,8.239,1.2253,-16.5186,9.6527,62.4123,168,h_hi (~1.8),d 7-9,d>=6.8,5,0,5,nan,0.7600899999999999,nan,nan,0.949784,0.189694,nan,1.0,0.7600899999999999
depth,42,scene14,tread/landing self-occlusion (perspective terrace illusion),L0__s20260820__0006.png::boost_h,L0,260820_boost_h_on,8.239,0.2771,-16.5186,9.6527,62.4123,166,h_lo (robot ~0.3),d 7-9,d>=6.8,5,0,5,nan,0.445541,nan,nan,0.470665,0.025124,nan,0.0,0.445541
depth,42,scene14,tread/landing self-occlusion (perspective terrace illusion),L0__s20260820__0007.png::boost_e,L0,260820_boost_e_on,10.4613,1.2748,-6.1172,5.4847,60.0935,198,h_hi (~1.8),d>=9,d>=6.8,5,0,5,nan,0.0006619999999999994,nan,nan,0.012112,0.01145,nan,0.0,0.0006619999999999994
depth,42,scene14,tread/landing self-occlusion (perspective terrace illusion),L0__s20260820__0007.png::boost_h,L0,260820_boost_h_on,10.4613,0.3301,-6.1172,5.4847,60.0935,198,h_lo (robot ~0.3),d>=9,d>=6.8,5,0,5,nan,0.004087999999999998,nan,nan,0.026021,0.021933,nan,0.0,0.004087999999999998
depth,42,scene14,tread/landing self-occlusion (perspective terrace illusion),L5__s20260819__0000.png,L5,260819_main_on,4.7439,0.8483,-9.8586,1.429,61.6578,130,h_mid (~0.9),d<7,d<5.5,10,5,5,0.99526,0.99304,0.999139,0.003879,0.99526,0.00222,1.0,1.0,0.99526
depth,42,scene14,tread/landing self-occlusion (perspective terrace illusion),L5__s20260819__0001.png,L5,260819_main_on,7.036,1.2795,-8.9998,1.6524,61.4065,179,h_hi (~1.8),d 7-9,d>=6.8,9,4,5,0.848761,0.984524,0.849859,0.001098,0.988572,0.004048,1.0,1.0,0.984524
depth,42,scene14,tread/landing self-occlusion (perspective terrace illusion),L5__s20260819__0003.png,L5,260819_main_on,4.594,0.9536,-3.2277,7.0829,62.9059,125,h_mid (~0.9),d<7,d<5.5,10,5,5,0.990599,0.998193,0.999501,0.008902,0.998823,0.00063,1.0,1.0,0.990599
depth,42,scene14,tread/landing self-occlusion (perspective terrace illusion),L5__s20260819__0004.png,L5,260819_main_on,8.4208,1.0624,-9.4161,-17.2604,60.9456,141,h_mid (~0.9),d 7-9,d>=6.8,4,0,4,nan,0.979828,nan,nan,0.988145,0.008317,nan,1.0,0.979828
depth,42,scene14,tread/landing self-occlusion (perspective terrace illusion),L5__s20260819__0006.png,L5,260819_main_on,6.5633,0.9635,-10.0252,-0.1653,61.7917,167,h_mid (~0.9),d<7,d 5.5-6.8,10,5,5,0.994223,0.9861049999999999,0.996609,0.002386,0.992952,0.006847,1.0,1.0,0.9897619999999999
depth,42,scene14,tread/landing self-occlusion (perspective terrace illusion),L5__s20260819__0007.png,L5,260819_main_on,4.9665,0.7236,-8.8174,0.2988,62.6318,132,h_mid (~0.9),d<7,d<5.5,10,5,5,0.997948,0.993825,0.999351,0.001403,0.997555,0.00373,1.0,1.0,0.995621
depth,42,scene14,tread/landing self-occlusion (perspective terrace illusion),L5__s20260820__0000.png::boost_e,L5,260820_boost_e_on,8.9228,1.4412,-8.1284,3.311,58.9789,189,h_hi (~1.8),d 7-9,d>=6.8,5,0,5,nan,0.935863,nan,nan,0.993626,0.057763,nan,1.0,0.935863
depth,42,scene14,tread/landing self-occlusion (perspective terrace illusion),L5__s20260820__0000.png::boost_h,L5,260820_boost_h_on,8.9228,0.5085,-8.1284,3.311,58.9789,188,h_lo (robot ~0.3),d 7-9,d>=6.8,5,0,5,nan,0.902801,nan,nan,0.907567,0.004766,nan,1.0,0.902801
depth,42,scene14,tread/landing self-occlusion (perspective terrace illusion),L5__s20260820__0001.png::boost_e,L5,260820_boost_e_on,11.2053,1.7168,-10.3828,-4.0507,61.2701,67,h_hi (~1.8),d>=9,d>=6.8,4,0,4,nan,8.000000000000021e-05,nan,nan,0.008052,0.007972,nan,0.0,8.000000000000021e-05
depth,42,scene14,tread/landing self-occlusion (perspective terrace illusion),L5__s20260820__0001.png::boost_h,L5,260820_boost_h_on,11.2053,0.8037,-10.3828,-4.0507,61.2701,67,h_mid (~0.9),d>=9,d>=6.8,4,0,4,nan,-1.4000000000000123e-05,nan,nan,0.004144,0.004158,nan,0.0,-1.4000000000000123e-05
depth,42,scene14,tread/landing self-occlusion (perspective terrace illusion),L5__s20260820__0003.png::boost_e,L5,260820_boost_e_on,10.095,1.8852,-7.2352,-9.0359,60.577,182,h_hi (~1.8),d>=9,d>=6.8,4,0,4,nan,0.153134,nan,nan,0.213466,0.060332,nan,0.0,0.153134
depth,42,scene14,tread/landing self-occlusion (perspective terrace illusion),L5__s20260820__0003.png::boost_h,L5,260820_boost_h_on,10.095,0.9842,-7.2352,-9.0359,60.577,180,h_mid (~0.9),d>=9,d>=6.8,4,0,4,nan,0.05699,nan,nan,0.077053,0.020063,nan,0.0,0.05699
depth,42,scene14,tread/landing self-occlusion (perspective terrace illusion),L5__s20260820__0004.png::boost_e,L5,260820_boost_e_on,6.7379,1.5701,-16.0704,-3.7589,60.2149,170,h_hi (~1.8),d<7,d 5.5-6.8,10,5,5,0.970926,0.9769369999999999,0.971754,0.000828,0.986192,0.009255,1.0,1.0,0.9769369999999999
depth,42,scene14,tread/landing self-occlusion (perspective terrace illusion),L5__s20260820__0004.png::boost_h,L5,260820_boost_h_on,6.7379,0.6465,-16.0704,-3.7589,60.2149,164,h_mid (~0.9),d<7,d 5.5-6.8,10,5,5,0.997697,0.99737,0.997837,0.00014,0.999695,0.002325,1.0,1.0,0.99737
depth,42,scene14,tread/landing self-occlusion (perspective terrace illusion),L5__s20260820__0005.png::boost_e,L5,260820_boost_e_on,8.1602,1.6314,-12.4022,9.6925,62.3957,179,h_hi (~1.8),d 7-9,d>=6.8,5,0,5,nan,0.920499,nan,nan,0.98436,0.063861,nan,1.0,0.920499
depth,42,scene14,tread/landing self-occlusion (perspective terrace illusion),L5__s20260820__0005.png::boost_h,L5,260820_boost_h_on,8.1602,0.7122,-12.4022,9.6925,62.3957,179,h_mid (~0.9),d 7-9,d>=6.8,5,0,5,nan,0.804454,nan,nan,0.826745,0.022291,nan,1.0,0.804454
depth,42,scene14,tread/landing self-occlusion (perspective terrace illusion),L5__s20260820__0006.png::boost_e,L5,260820_boost_e_on,8.239,1.2253,-16.5186,9.6527,62.4123,168,h_hi (~1.8),d 7-9,d>=6.8,5,0,5,nan,0.7600899999999999,nan,nan,0.949784,0.189694,nan,1.0,0.7600899999999999
depth,42,scene14,tread/landing self-occlusion (perspective terrace illusion),L5__s20260820__0006.png::boost_h,L5,260820_boost_h_on,8.239,0.2771,-16.5186,9.6527,62.4123,166,h_lo (robot ~0.3),d 7-9,d>=6.8,5,0,5,nan,0.445541,nan,nan,0.470665,0.025124,nan,0.0,0.445541
depth,42,scene14,tread/landing self-occlusion (perspective terrace illusion),L5__s20260820__0007.png::boost_e,L5,260820_boost_e_on,10.4613,1.2748,-6.1172,5.4847,60.0935,198,h_hi (~1.8),d>=9,d>=6.8,5,0,5,nan,0.0006619999999999994,nan,nan,0.012112,0.01145,nan,0.0,0.0006619999999999994
depth,42,scene14,tread/landing self-occlusion (perspective terrace illusion),L5__s20260820__0007.png::boost_h,L5,260820_boost_h_on,10.4613,0.3301,-6.1172,5.4847,60.0935,198,h_lo (robot ~0.3),d>=9,d>=6.8,5,0,5,nan,0.004087999999999998,nan,nan,0.026021,0.021933,nan,0.0,0.004087999999999998
depth,42,scene14,tread/landing self-occlusion (perspective terrace illusion),L7__s20260819__0000.png,L7,260819_main_on,4.7439,0.8483,-9.8586,1.429,61.6578,130,h_mid (~0.9),d<7,d<5.5,10,5,5,0.99526,0.99304,0.999139,0.003879,0.99526,0.00222,1.0,1.0,0.99526
depth,42,scene14,tread/landing self-occlusion (perspective terrace illusion),L7__s20260819__0001.png,L7,260819_main_on,7.036,1.2795,-8.9998,1.6524,61.4065,179,h_hi (~1.8),d 7-9,d>=6.8,9,4,5,0.848761,0.984524,0.849859,0.001098,0.988572,0.004048,1.0,1.0,0.984524
depth,42,scene14,tread/landing self-occlusion (perspective terrace illusion),L7__s20260819__0003.png,L7,260819_main_on,4.594,0.9536,-3.2277,7.0829,62.9059,125,h_mid (~0.9),d<7,d<5.5,10,5,5,0.990599,0.998193,0.999501,0.008902,0.998823,0.00063,1.0,1.0,0.990599
depth,42,scene14,tread/landing self-occlusion (perspective terrace illusion),L7__s20260819__0004.png,L7,260819_main_on,8.4208,1.0624,-9.4161,-17.2604,60.9456,141,h_mid (~0.9),d 7-9,d>=6.8,4,0,4,nan,0.979828,nan,nan,0.988145,0.008317,nan,1.0,0.979828
depth,42,scene14,tread/landing self-occlusion (perspective terrace illusion),L7__s20260819__0006.png,L7,260819_main_on,6.5633,0.9635,-10.0252,-0.1653,61.7917,167,h_mid (~0.9),d<7,d 5.5-6.8,10,5,5,0.994223,0.9861049999999999,0.996609,0.002386,0.992952,0.006847,1.0,1.0,0.9897619999999999
depth,42,scene14,tread/landing self-occlusion (perspective terrace illusion),L7__s20260819__0007.png,L7,260819_main_on,4.9665,0.7236,-8.8174,0.2988,62.6318,132,h_mid (~0.9),d<7,d<5.5,10,5,5,0.997948,0.993825,0.999351,0.001403,0.997555,0.00373,1.0,1.0,0.995621
depth,42,scene14,tread/landing self-occlusion (perspective terrace illusion),L7__s20260820__0000.png::boost_e,L7,260820_boost_e_on,8.9228,1.4412,-8.1284,3.311,58.9789,189,h_hi (~1.8),d 7-9,d>=6.8,5,0,5,nan,0.935863,nan,nan,0.993626,0.057763,nan,1.0,0.935863
depth,42,scene14,tread/landing self-occlusion (perspective terrace illusion),L7__s20260820__0000.png::boost_h,L7,260820_boost_h_on,8.9228,0.5085,-8.1284,3.311,58.9789,188,h_lo (robot ~0.3),d 7-9,d>=6.8,5,0,5,nan,0.902801,nan,nan,0.907567,0.004766,nan,1.0,0.902801
depth,42,scene14,tread/landing self-occlusion (perspective terrace illusion),L7__s20260820__0001.png::boost_e,L7,260820_boost_e_on,11.2053,1.7168,-10.3828,-4.0507,61.2701,67,h_hi (~1.8),d>=9,d>=6.8,4,0,4,nan,8.000000000000021e-05,nan,nan,0.008052,0.007972,nan,0.0,8.000000000000021e-05
depth,42,scene14,tread/landing self-occlusion (perspective terrace illusion),L7__s20260820__0001.png::boost_h,L7,260820_boost_h_on,11.2053,0.8037,-10.3828,-4.0507,61.2701,67,h_mid (~0.9),d>=9,d>=6.8,4,0,4,nan,-1.4000000000000123e-05,nan,nan,0.004144,0.004158,nan,0.0,-1.4000000000000123e-05
depth,42,scene14,tread/landing self-occlusion (perspective terrace illusion),L7__s20260820__0003.png::boost_e,L7,260820_boost_e_on,10.095,1.8852,-7.2352,-9.0359,60.577,182,h_hi (~1.8),d>=9,d>=6.8,4,0,4,nan,0.153134,nan,nan,0.213466,0.060332,nan,0.0,0.153134
depth,42,scene14,tread/landing self-occlusion (perspective terrace illusion),L7__s20260820__0003.png::boost_h,L7,260820_boost_h_on,10.095,0.9842,-7.2352,-9.0359,60.577,180,h_mid (~0.9),d>=9,d>=6.8,4,0,4,nan,0.05699,nan,nan,0.077053,0.020063,nan,0.0,0.05699
depth,42,scene14,tread/landing self-occlusion (perspective terrace illusion),L7__s20260820__0004.png::boost_e,L7,260820_boost_e_on,6.7379,1.5701,-16.0704,-3.7589,60.2149,170,h_hi (~1.8),d<7,d 5.5-6.8,10,5,5,0.970926,0.9769369999999999,0.971754,0.000828,0.986192,0.009255,1.0,1.0,0.9769369999999999
depth,42,scene14,tread/landing self-occlusion (perspective terrace illusion),L7__s20260820__0004.png::boost_h,L7,260820_boost_h_on,6.7379,0.6465,-16.0704,-3.7589,60.2149,164,h_mid (~0.9),d<7,d 5.5-6.8,10,5,5,0.997697,0.99737,0.997837,0.00014,0.999695,0.002325,1.0,1.0,0.99737
depth,42,scene14,tread/landing self-occlusion (perspective terrace illusion),L7__s20260820__0005.png::boost_e,L7,260820_boost_e_on,8.1602,1.6314,-12.4022,9.6925,62.3957,179,h_hi (~1.8),d 7-9,d>=6.8,5,0,5,nan,0.920499,nan,nan,0.98436,0.063861,nan,1.0,0.920499
depth,42,scene14,tread/landing self-occlusion (perspective terrace illusion),L7__s20260820__0005.png::boost_h,L7,260820_boost_h_on,8.1602,0.7122,-12.4022,9.6925,62.3957,179,h_mid (~0.9),d 7-9,d>=6.8,5,0,5,nan,0.804454,nan,nan,0.826745,0.022291,nan,1.0,0.804454
depth,42,scene14,tread/landing self-occlusion (perspective terrace illusion),L7__s20260820__0006.png::boost_e,L7,260820_boost_e_on,8.239,1.2253,-16.5186,9.6527,62.4123,168,h_hi (~1.8),d 7-9,d>=6.8,5,0,5,nan,0.7600899999999999,nan,nan,0.949784,0.189694,nan,1.0,0.7600899999999999
depth,42,scene14,tread/landing self-occlusion (perspective terrace illusion),L7__s20260820__0006.png::boost_h,L7,260820_boost_h_on,8.239,0.2771,-16.5186,9.6527,62.4123,166,h_lo (robot ~0.3),d 7-9,d>=6.8,5,0,5,nan,0.445541,nan,nan,0.470665,0.025124,nan,0.0,0.445541
depth,42,scene14,tread/landing self-occlusion (perspective terrace illusion),L7__s20260820__0007.png::boost_e,L7,260820_boost_e_on,10.4613,1.2748,-6.1172,5.4847,60.0935,198,h_hi (~1.8),d>=9,d>=6.8,5,0,5,nan,0.0006619999999999994,nan,nan,0.012112,0.01145,nan,0.0,0.0006619999999999994
depth,42,scene14,tread/landing self-occlusion (perspective terrace illusion),L7__s20260820__0007.png::boost_h,L7,260820_boost_h_on,10.4613,0.3301,-6.1172,5.4847,60.0935,198,h_lo (robot ~0.3),d>=9,d>=6.8,5,0,5,nan,0.004087999999999998,nan,nan,0.026021,0.021933,nan,0.0,0.004087999999999998
depth,42,scene15,lateral wall + 25deg bend (corridor occlusion),L0__s20260819__0000.png,L0,260819_main_on,9.9031,0.4233,-6.6317,-4.2143,61.8616,14,h_lo (robot ~0.3),d>=9,d>=6.8,1,0,1,nan,-0.01125699999999999,nan,nan,0.096099,0.107356,nan,0.0,-0.01125699999999999
depth,42,scene15,lateral wall + 25deg bend (corridor occlusion),L0__s20260820__0000.png::boost_e,L0,260820_boost_e_on,10.9914,0.3911,-13.637,-17.7914,62.7559,14,h_lo (robot ~0.3),d>=9,d>=6.8,2,0,2,nan,-6.000000000000796e-06,nan,nan,0.008463,0.008469,nan,0.0,-6.000000000000796e-06
depth,42,scene15,lateral wall + 25deg bend (corridor occlusion),L0__s20260820__0000.png::boost_h,L0,260820_boost_h_on,10.9914,0.3614,-13.637,-17.7914,62.7559,14,h_lo (robot ~0.3),d>=9,d>=6.8,2,0,2,nan,0.0,nan,nan,0.008911,0.008911,nan,0.0,0.0
depth,42,scene15,lateral wall + 25deg bend (corridor occlusion),L0__s20260820__0001.png::boost_h,L0,260820_boost_h_on,9.9013,0.8097,-6.8068,-11.8299,63.9125,14,h_mid (~0.9),d>=9,d>=6.8,1,0,1,nan,-0.000178,nan,nan,0.001428,0.001606,nan,0.0,-0.000178
depth,42,scene15,lateral wall + 25deg bend (corridor occlusion),L0__s20260820__0003.png::boost_e,L0,260820_boost_e_on,7.5147,0.4734,-11.0902,-4.9586,63.1815,14,h_lo (robot ~0.3),d 7-9,d>=6.8,4,2,2,0.04397200000000001,0.106259,0.135752,0.09178,0.229559,0.1233,0.0,0.0,0.106259
depth,42,scene15,lateral wall + 25deg bend (corridor occlusion),L0__s20260820__0003.png::boost_h,L0,260820_boost_h_on,7.5147,0.4263,-11.0902,-4.9586,63.1815,14,h_lo (robot ~0.3),d 7-9,d>=6.8,4,2,2,0.011900999999999995,0.021743,0.045839,0.033938,0.090186,0.068443,0.0,0.0,0.021743
depth,42,scene15,lateral wall + 25deg bend (corridor occlusion),L0__s20260820__0004.png::boost_e,L0,260820_boost_e_on,9.9583,0.8223,-12.6937,-3.4861,58.1207,14,h_mid (~0.9),d>=9,d>=6.8,2,0,2,nan,-0.0014239999999999947,nan,nan,0.084652,0.086076,nan,0.0,-0.0014239999999999947
depth,42,scene15,lateral wall + 25deg bend (corridor occlusion),L0__s20260820__0004.png::boost_h,L0,260820_boost_h_on,9.9583,0.7018,-12.6937,-3.4861,58.1207,14,h_mid (~0.9),d>=9,d>=6.8,2,0,2,nan,-0.033273,nan,nan,0.15914,0.192413,nan,0.0,-0.033273
depth,42,scene15,lateral wall + 25deg bend (corridor occlusion),L0__s20260820__0005.png::boost_e,L0,260820_boost_e_on,9.8366,0.3501,-5.4058,-7.3396,62.3314,14,h_lo (robot ~0.3),d>=9,d>=6.8,1,0,1,nan,0.00017399999999999968,nan,nan,0.004842,0.004668,nan,0.0,0.00017399999999999968
depth,42,scene15,lateral wall + 25deg bend (corridor occlusion),L0__s20260820__0005.png::boost_h,L0,260820_boost_h_on,9.8366,0.329,-5.4058,-7.3396,62.3314,14,h_lo (robot ~0.3),d>=9,d>=6.8,1,0,1,nan,0.0008219999999999998,nan,nan,0.006388,0.005566,nan,0.0,0.0008219999999999998
depth,42,scene15,lateral wall + 25deg bend (corridor occlusion),L0__s20260820__0006.png::boost_e,L0,260820_boost_e_on,6.9519,0.4701,-5.1828,6.8137,59.5209,14,h_lo (robot ~0.3),d<7,d>=6.8,4,2,2,0.039449,0.069476,0.068127,0.028678,0.188557,0.119081,0.0,0.0,0.069476
depth,42,scene15,lateral wall + 25deg bend (corridor occlusion),L0__s20260820__0006.png::boost_h,L0,260820_boost_h_on,6.9519,0.4238,-5.1828,6.8137,59.5209,14,h_lo (robot ~0.3),d<7,d>=6.8,4,2,2,0.058816999999999994,0.173631,0.107523,0.048706,0.319176,0.145545,0.0,0.0,0.173631
depth,42,scene15,lateral wall + 25deg bend (corridor occlusion),L4__s20260819__0000.png,L4,260819_main_on,9.9031,0.4233,-6.6317,-4.2143,61.8616,14,h_lo (robot ~0.3),d>=9,d>=6.8,1,0,1,nan,-0.01125699999999999,nan,nan,0.096099,0.107356,nan,0.0,-0.01125699999999999
depth,42,scene15,lateral wall + 25deg bend (corridor occlusion),L4__s20260820__0000.png::boost_e,L4,260820_boost_e_on,10.9914,0.3911,-13.637,-17.7914,62.7559,14,h_lo (robot ~0.3),d>=9,d>=6.8,2,0,2,nan,-6.000000000000796e-06,nan,nan,0.008463,0.008469,nan,0.0,-6.000000000000796e-06
depth,42,scene15,lateral wall + 25deg bend (corridor occlusion),L4__s20260820__0000.png::boost_h,L4,260820_boost_h_on,10.9914,0.3614,-13.637,-17.7914,62.7559,14,h_lo (robot ~0.3),d>=9,d>=6.8,2,0,2,nan,0.0,nan,nan,0.008911,0.008911,nan,0.0,0.0
depth,42,scene15,lateral wall + 25deg bend (corridor occlusion),L4__s20260820__0001.png::boost_h,L4,260820_boost_h_on,9.9013,0.8097,-6.8068,-11.8299,63.9125,14,h_mid (~0.9),d>=9,d>=6.8,1,0,1,nan,-0.000178,nan,nan,0.001428,0.001606,nan,0.0,-0.000178
depth,42,scene15,lateral wall + 25deg bend (corridor occlusion),L4__s20260820__0003.png::boost_e,L4,260820_boost_e_on,7.5147,0.4734,-11.0902,-4.9586,63.1815,14,h_lo (robot ~0.3),d 7-9,d>=6.8,4,2,2,0.04397200000000001,0.106259,0.135752,0.09178,0.229559,0.1233,0.0,0.0,0.106259
depth,42,scene15,lateral wall + 25deg bend (corridor occlusion),L4__s20260820__0003.png::boost_h,L4,260820_boost_h_on,7.5147,0.4263,-11.0902,-4.9586,63.1815,14,h_lo (robot ~0.3),d 7-9,d>=6.8,4,2,2,0.011900999999999995,0.021743,0.045839,0.033938,0.090186,0.068443,0.0,0.0,0.021743
depth,42,scene15,lateral wall + 25deg bend (corridor occlusion),L4__s20260820__0004.png::boost_e,L4,260820_boost_e_on,9.9583,0.8223,-12.6937,-3.4861,58.1207,14,h_mid (~0.9),d>=9,d>=6.8,2,0,2,nan,-0.0014239999999999947,nan,nan,0.084652,0.086076,nan,0.0,-0.0014239999999999947
depth,42,scene15,lateral wall + 25deg bend (corridor occlusion),L4__s20260820__0004.png::boost_h,L4,260820_boost_h_on,9.9583,0.7018,-12.6937,-3.4861,58.1207,14,h_mid (~0.9),d>=9,d>=6.8,2,0,2,nan,-0.033273,nan,nan,0.15914,0.192413,nan,0.0,-0.033273
depth,42,scene15,lateral wall + 25deg bend (corridor occlusion),L4__s20260820__0005.png::boost_e,L4,260820_boost_e_on,9.8366,0.3501,-5.4058,-7.3396,62.3314,14,h_lo (robot ~0.3),d>=9,d>=6.8,1,0,1,nan,0.00017399999999999968,nan,nan,0.004842,0.004668,nan,0.0,0.00017399999999999968
depth,42,scene15,lateral wall + 25deg bend (corridor occlusion),L4__s20260820__0005.png::boost_h,L4,260820_boost_h_on,9.8366,0.329,-5.4058,-7.3396,62.3314,14,h_lo (robot ~0.3),d>=9,d>=6.8,1,0,1,nan,0.0008219999999999998,nan,nan,0.006388,0.005566,nan,0.0,0.0008219999999999998
depth,42,scene15,lateral wall + 25deg bend (corridor occlusion),L4__s20260820__0006.png::boost_e,L4,260820_boost_e_on,6.9519,0.4701,-5.1828,6.8137,59.5209,14,h_lo (robot ~0.3),d<7,d>=6.8,4,2,2,0.039449,0.069476,0.068127,0.028678,0.188557,0.119081,0.0,0.0,0.069476
depth,42,scene15,lateral wall + 25deg bend (corridor occlusion),L4__s20260820__0006.png::boost_h,L4,260820_boost_h_on,6.9519,0.4238,-5.1828,6.8137,59.5209,14,h_lo (robot ~0.3),d<7,d>=6.8,4,2,2,0.058816999999999994,0.173631,0.107523,0.048706,0.319176,0.145545,0.0,0.0,0.173631
depth,42,scene15,lateral wall + 25deg bend (corridor occlusion),L7__s20260819__0000.png,L7,260819_main_on,9.9031,0.4233,-6.6317,-4.2143,61.8616,14,h_lo (robot ~0.3),d>=9,d>=6.8,1,0,1,nan,-0.01125699999999999,nan,nan,0.096099,0.107356,nan,0.0,-0.01125699999999999
depth,42,scene15,lateral wall + 25deg bend (corridor occlusion),L7__s20260820__0000.png::boost_e,L7,260820_boost_e_on,10.9914,0.3911,-13.637,-17.7914,62.7559,14,h_lo (robot ~0.3),d>=9,d>=6.8,2,0,2,nan,-6.000000000000796e-06,nan,nan,0.008463,0.008469,nan,0.0,-6.000000000000796e-06
depth,42,scene15,lateral wall + 25deg bend (corridor occlusion),L7__s20260820__0000.png::boost_h,L7,260820_boost_h_on,10.9914,0.3614,-13.637,-17.7914,62.7559,14,h_lo (robot ~0.3),d>=9,d>=6.8,2,0,2,nan,0.0,nan,nan,0.008911,0.008911,nan,0.0,0.0
depth,42,scene15,lateral wall + 25deg bend (corridor occlusion),L7__s20260820__0001.png::boost_h,L7,260820_boost_h_on,9.9013,0.8097,-6.8068,-11.8299,63.9125,14,h_mid (~0.9),d>=9,d>=6.8,1,0,1,nan,-0.000178,nan,nan,0.001428,0.001606,nan,0.0,-0.000178
depth,42,scene15,lateral wall + 25deg bend (corridor occlusion),L7__s20260820__0003.png::boost_e,L7,260820_boost_e_on,7.5147,0.4734,-11.0902,-4.9586,63.1815,14,h_lo (robot ~0.3),d 7-9,d>=6.8,4,2,2,0.04397200000000001,0.106259,0.135752,0.09178,0.229559,0.1233,0.0,0.0,0.106259
depth,42,scene15,lateral wall + 25deg bend (corridor occlusion),L7__s20260820__0003.png::boost_h,L7,260820_boost_h_on,7.5147,0.4263,-11.0902,-4.9586,63.1815,14,h_lo (robot ~0.3),d 7-9,d>=6.8,4,2,2,0.011900999999999995,0.021743,0.045839,0.033938,0.090186,0.068443,0.0,0.0,0.021743
depth,42,scene15,lateral wall + 25deg bend (corridor occlusion),L7__s20260820__0004.png::boost_e,L7,260820_boost_e_on,9.9583,0.8223,-12.6937,-3.4861,58.1207,14,h_mid (~0.9),d>=9,d>=6.8,2,0,2,nan,-0.0014239999999999947,nan,nan,0.084652,0.086076,nan,0.0,-0.0014239999999999947
depth,42,scene15,lateral wall + 25deg bend (corridor occlusion),L7__s20260820__0004.png::boost_h,L7,260820_boost_h_on,9.9583,0.7018,-12.6937,-3.4861,58.1207,14,h_mid (~0.9),d>=9,d>=6.8,2,0,2,nan,-0.033273,nan,nan,0.15914,0.192413,nan,0.0,-0.033273
depth,42,scene15,lateral wall + 25deg bend (corridor occlusion),L7__s20260820__0005.png::boost_e,L7,260820_boost_e_on,9.8366,0.3501,-5.4058,-7.3396,62.3314,14,h_lo (robot ~0.3),d>=9,d>=6.8,1,0,1,nan,0.00017399999999999968,nan,nan,0.004842,0.004668,nan,0.0,0.00017399999999999968
depth,42,scene15,lateral wall + 25deg bend (corridor occlusion),L7__s20260820__0005.png::boost_h,L7,260820_boost_h_on,9.8366,0.329,-5.4058,-7.3396,62.3314,14,h_lo (robot ~0.3),d>=9,d>=6.8,1,0,1,nan,0.0008219999999999998,nan,nan,0.006388,0.005566,nan,0.0,0.0008219999999999998
depth,42,scene15,lateral wall + 25deg bend (corridor occlusion),L7__s20260820__0006.png::boost_e,L7,260820_boost_e_on,6.9519,0.4701,-5.1828,6.8137,59.5209,14,h_lo (robot ~0.3),d<7,d>=6.8,4,2,2,0.039449,0.069476,0.068127,0.028678,0.188557,0.119081,0.0,0.0,0.069476
depth,42,scene15,lateral wall + 25deg bend (corridor occlusion),L7__s20260820__0006.png::boost_h,L7,260820_boost_h_on,6.9519,0.4238,-5.1828,6.8137,59.5209,14,h_lo (robot ~0.3),d<7,d>=6.8,4,2,2,0.058816999999999994,0.173631,0.107523,0.048706,0.319176,0.145545,0.0,0.0,0.173631
depth,43,scene14,tread/landing self-occlusion (perspective terrace illusion),L0__s20260819__0000.png,L0,260819_main_on,4.7439,0.8483,-9.8586,1.429,61.6578,130,h_mid (~0.9),d<7,d<5.5,10,5,5,0.999973,0.999556,0.999976,3e-06,0.999684,0.000128,1.0,1.0,0.999848
depth,43,scene14,tread/landing self-occlusion (perspective terrace illusion),L0__s20260819__0001.png,L0,260819_main_on,7.036,1.2795,-8.9998,1.6524,61.4065,179,h_hi (~1.8),d 7-9,d>=6.8,9,4,5,0.823311,0.991599,0.823312,1e-06,0.991836,0.000237,1.0,1.0,0.991599
depth,43,scene14,tread/landing self-occlusion (perspective terrace illusion),L0__s20260819__0003.png,L0,260819_main_on,4.594,0.9536,-3.2277,7.0829,62.9059,125,h_mid (~0.9),d<7,d<5.5,10,5,5,0.9999750000000001,0.9997780000000001,0.999994,1.9e-05,0.999973,0.000195,1.0,1.0,0.9997990000000001
depth,43,scene14,tread/landing self-occlusion (perspective terrace illusion),L0__s20260819__0004.png,L0,260819_main_on,8.4208,1.0624,-9.4161,-17.2604,60.9456,141,h_mid (~0.9),d 7-9,d>=6.8,4,0,4,nan,0.666866,nan,nan,0.674541,0.007675,nan,1.0,0.666866
depth,43,scene14,tread/landing self-occlusion (perspective terrace illusion),L0__s20260819__0006.png,L0,260819_main_on,6.5633,0.9635,-10.0252,-0.1653,61.7917,167,h_mid (~0.9),d<7,d 5.5-6.8,10,5,5,0.992703,0.998492,0.992706,3e-06,0.998905,0.000413,1.0,1.0,0.998492
depth,43,scene14,tread/landing self-occlusion (perspective terrace illusion),L0__s20260819__0007.png,L0,260819_main_on,4.9665,0.7236,-8.8174,0.2988,62.6318,132,h_mid (~0.9),d<7,d<5.5,10,5,5,0.9999870000000001,0.999677,0.99999,3e-06,0.999993,0.000316,1.0,1.0,0.999677
depth,43,scene14,tread/landing self-occlusion (perspective terrace illusion),L0__s20260820__0000.png::boost_e,L0,260820_boost_e_on,8.9228,1.4412,-8.1284,3.311,58.9789,189,h_hi (~1.8),d 7-9,d>=6.8,5,0,5,nan,0.95844,nan,nan,0.958793,0.000353,nan,1.0,0.95844
depth,43,scene14,tread/landing self-occlusion (perspective terrace illusion),L0__s20260820__0000.png::boost_h,L0,260820_boost_h_on,8.9228,0.5085,-8.1284,3.311,58.9789,188,h_lo (robot ~0.3),d 7-9,d>=6.8,5,0,5,nan,0.772906,nan,nan,0.773131,0.000225,nan,1.0,0.772906
depth,43,scene14,tread/landing self-occlusion (perspective terrace illusion),L0__s20260820__0001.png::boost_e,L0,260820_boost_e_on,11.2053,1.7168,-10.3828,-4.0507,61.2701,67,h_hi (~1.8),d>=9,d>=6.8,4,0,4,nan,9.000000000000002e-06,nan,nan,0.000383,0.000374,nan,0.0,9.000000000000002e-06
depth,43,scene14,tread/landing self-occlusion (perspective terrace illusion),L0__s20260820__0001.png::boost_h,L0,260820_boost_h_on,11.2053,0.8037,-10.3828,-4.0507,61.2701,67,h_mid (~0.9),d>=9,d>=6.8,4,0,4,nan,9.999999999999972e-07,nan,nan,9.6e-05,9.5e-05,nan,0.0,9.999999999999972e-07
depth,43,scene14,tread/landing self-occlusion (perspective terrace illusion),L0__s20260820__0003.png::boost_e,L0,260820_boost_e_on,10.095,1.8852,-7.2352,-9.0359,60.577,182,h_hi (~1.8),d>=9,d>=6.8,4,0,4,nan,0.007293,nan,nan,0.008912,0.001619,nan,0.0,0.007293
depth,43,scene14,tread/landing self-occlusion (perspective terrace illusion),L0__s20260820__0003.png::boost_h,L0,260820_boost_h_on,10.095,0.9842,-7.2352,-9.0359,60.577,180,h_mid (~0.9),d>=9,d>=6.8,4,0,4,nan,0.001354,nan,nan,0.001764,0.00041,nan,0.0,0.001354
depth,43,scene14,tread/landing self-occlusion (perspective terrace illusion),L0__s20260820__0004.png::boost_e,L0,260820_boost_e_on,6.7379,1.5701,-16.0704,-3.7589,60.2149,170,h_hi (~1.8),d<7,d 5.5-6.8,10,5,5,0.941854,0.997623,0.941861,7e-06,0.998128,0.000505,1.0,1.0,0.997623
depth,43,scene14,tread/landing self-occlusion (perspective terrace illusion),L0__s20260820__0004.png::boost_h,L0,260820_boost_h_on,6.7379,0.6465,-16.0704,-3.7589,60.2149,164,h_mid (~0.9),d<7,d 5.5-6.8,10,5,5,0.987877,0.9975,0.987886,9e-06,0.997546,4.6e-05,1.0,1.0,0.9975
depth,43,scene14,tread/landing self-occlusion (perspective terrace illusion),L0__s20260820__0005.png::boost_e,L0,260820_boost_e_on,8.1602,1.6314,-12.4022,9.6925,62.3957,179,h_hi (~1.8),d 7-9,d>=6.8,5,0,5,nan,0.920317,nan,nan,0.921436,0.001119,nan,1.0,0.920317
depth,43,scene14,tread/landing self-occlusion (perspective terrace illusion),L0__s20260820__0005.png::boost_h,L0,260820_boost_h_on,8.1602,0.7122,-12.4022,9.6925,62.3957,179,h_mid (~0.9),d 7-9,d>=6.8,5,0,5,nan,0.691058,nan,nan,0.695017,0.003959,nan,1.0,0.691058
depth,43,scene14,tread/landing self-occlusion (perspective terrace illusion),L0__s20260820__0006.png::boost_e,L0,260820_boost_e_on,8.239,1.2253,-16.5186,9.6527,62.4123,168,h_hi (~1.8),d 7-9,d>=6.8,5,0,5,nan,0.918541,nan,nan,0.922107,0.003566,nan,1.0,0.918541
depth,43,scene14,tread/landing self-occlusion (perspective terrace illusion),L0__s20260820__0006.png::boost_h,L0,260820_boost_h_on,8.239,0.2771,-16.5186,9.6527,62.4123,166,h_lo (robot ~0.3),d 7-9,d>=6.8,5,0,5,nan,0.366492,nan,nan,0.370894,0.004402,nan,0.0,0.366492
depth,43,scene14,tread/landing self-occlusion (perspective terrace illusion),L0__s20260820__0007.png::boost_e,L0,260820_boost_e_on,10.4613,1.2748,-6.1172,5.4847,60.0935,198,h_hi (~1.8),d>=9,d>=6.8,5,0,5,nan,0.0,nan,nan,0.000483,0.000483,nan,0.0,0.0
depth,43,scene14,tread/landing self-occlusion (perspective terrace illusion),L0__s20260820__0007.png::boost_h,L0,260820_boost_h_on,10.4613,0.3301,-6.1172,5.4847,60.0935,198,h_lo (robot ~0.3),d>=9,d>=6.8,5,0,5,nan,-1.699999999999998e-05,nan,nan,0.000741,0.000758,nan,0.0,-1.699999999999998e-05
depth,43,scene14,tread/landing self-occlusion (perspective terrace illusion),L5__s20260819__0000.png,L5,260819_main_on,4.7439,0.8483,-9.8586,1.429,61.6578,130,h_mid (~0.9),d<7,d<5.5,10,5,5,0.999973,0.999556,0.999976,3e-06,0.999684,0.000128,1.0,1.0,0.999848
depth,43,scene14,tread/landing self-occlusion (perspective terrace illusion),L5__s20260819__0001.png,L5,260819_main_on,7.036,1.2795,-8.9998,1.6524,61.4065,179,h_hi (~1.8),d 7-9,d>=6.8,9,4,5,0.823311,0.991599,0.823312,1e-06,0.991836,0.000237,1.0,1.0,0.991599
depth,43,scene14,tread/landing self-occlusion (perspective terrace illusion),L5__s20260819__0003.png,L5,260819_main_on,4.594,0.9536,-3.2277,7.0829,62.9059,125,h_mid (~0.9),d<7,d<5.5,10,5,5,0.9999750000000001,0.9997780000000001,0.999994,1.9e-05,0.999973,0.000195,1.0,1.0,0.9997990000000001
depth,43,scene14,tread/landing self-occlusion (perspective terrace illusion),L5__s20260819__0004.png,L5,260819_main_on,8.4208,1.0624,-9.4161,-17.2604,60.9456,141,h_mid (~0.9),d 7-9,d>=6.8,4,0,4,nan,0.666866,nan,nan,0.674541,0.007675,nan,1.0,0.666866
depth,43,scene14,tread/landing self-occlusion (perspective terrace illusion),L5__s20260819__0006.png,L5,260819_main_on,6.5633,0.9635,-10.0252,-0.1653,61.7917,167,h_mid (~0.9),d<7,d 5.5-6.8,10,5,5,0.992703,0.998492,0.992706,3e-06,0.998905,0.000413,1.0,1.0,0.998492
depth,43,scene14,tread/landing self-occlusion (perspective terrace illusion),L5__s20260819__0007.png,L5,260819_main_on,4.9665,0.7236,-8.8174,0.2988,62.6318,132,h_mid (~0.9),d<7,d<5.5,10,5,5,0.9999870000000001,0.999677,0.99999,3e-06,0.999993,0.000316,1.0,1.0,0.999677
depth,43,scene14,tread/landing self-occlusion (perspective terrace illusion),L5__s20260820__0000.png::boost_e,L5,260820_boost_e_on,8.9228,1.4412,-8.1284,3.311,58.9789,189,h_hi (~1.8),d 7-9,d>=6.8,5,0,5,nan,0.95844,nan,nan,0.958793,0.000353,nan,1.0,0.95844
depth,43,scene14,tread/landing self-occlusion (perspective terrace illusion),L5__s20260820__0000.png::boost_h,L5,260820_boost_h_on,8.9228,0.5085,-8.1284,3.311,58.9789,188,h_lo (robot ~0.3),d 7-9,d>=6.8,5,0,5,nan,0.772906,nan,nan,0.773131,0.000225,nan,1.0,0.772906
depth,43,scene14,tread/landing self-occlusion (perspective terrace illusion),L5__s20260820__0001.png::boost_e,L5,260820_boost_e_on,11.2053,1.7168,-10.3828,-4.0507,61.2701,67,h_hi (~1.8),d>=9,d>=6.8,4,0,4,nan,9.000000000000002e-06,nan,nan,0.000383,0.000374,nan,0.0,9.000000000000002e-06
depth,43,scene14,tread/landing self-occlusion (perspective terrace illusion),L5__s20260820__0001.png::boost_h,L5,260820_boost_h_on,11.2053,0.8037,-10.3828,-4.0507,61.2701,67,h_mid (~0.9),d>=9,d>=6.8,4,0,4,nan,9.999999999999972e-07,nan,nan,9.6e-05,9.5e-05,nan,0.0,9.999999999999972e-07
depth,43,scene14,tread/landing self-occlusion (perspective terrace illusion),L5__s20260820__0003.png::boost_e,L5,260820_boost_e_on,10.095,1.8852,-7.2352,-9.0359,60.577,182,h_hi (~1.8),d>=9,d>=6.8,4,0,4,nan,0.007293,nan,nan,0.008912,0.001619,nan,0.0,0.007293
depth,43,scene14,tread/landing self-occlusion (perspective terrace illusion),L5__s20260820__0003.png::boost_h,L5,260820_boost_h_on,10.095,0.9842,-7.2352,-9.0359,60.577,180,h_mid (~0.9),d>=9,d>=6.8,4,0,4,nan,0.001354,nan,nan,0.001764,0.00041,nan,0.0,0.001354
depth,43,scene14,tread/landing self-occlusion (perspective terrace illusion),L5__s20260820__0004.png::boost_e,L5,260820_boost_e_on,6.7379,1.5701,-16.0704,-3.7589,60.2149,170,h_hi (~1.8),d<7,d 5.5-6.8,10,5,5,0.941854,0.997623,0.941861,7e-06,0.998128,0.000505,1.0,1.0,0.997623
depth,43,scene14,tread/landing self-occlusion (perspective terrace illusion),L5__s20260820__0004.png::boost_h,L5,260820_boost_h_on,6.7379,0.6465,-16.0704,-3.7589,60.2149,164,h_mid (~0.9),d<7,d 5.5-6.8,10,5,5,0.987877,0.9975,0.987886,9e-06,0.997546,4.6e-05,1.0,1.0,0.9975
depth,43,scene14,tread/landing self-occlusion (perspective terrace illusion),L5__s20260820__0005.png::boost_e,L5,260820_boost_e_on,8.1602,1.6314,-12.4022,9.6925,62.3957,179,h_hi (~1.8),d 7-9,d>=6.8,5,0,5,nan,0.920317,nan,nan,0.921436,0.001119,nan,1.0,0.920317
depth,43,scene14,tread/landing self-occlusion (perspective terrace illusion),L5__s20260820__0005.png::boost_h,L5,260820_boost_h_on,8.1602,0.7122,-12.4022,9.6925,62.3957,179,h_mid (~0.9),d 7-9,d>=6.8,5,0,5,nan,0.691058,nan,nan,0.695017,0.003959,nan,1.0,0.691058
depth,43,scene14,tread/landing self-occlusion (perspective terrace illusion),L5__s20260820__0006.png::boost_e,L5,260820_boost_e_on,8.239,1.2253,-16.5186,9.6527,62.4123,168,h_hi (~1.8),d 7-9,d>=6.8,5,0,5,nan,0.918541,nan,nan,0.922107,0.003566,nan,1.0,0.918541
depth,43,scene14,tread/landing self-occlusion (perspective terrace illusion),L5__s20260820__0006.png::boost_h,L5,260820_boost_h_on,8.239,0.2771,-16.5186,9.6527,62.4123,166,h_lo (robot ~0.3),d 7-9,d>=6.8,5,0,5,nan,0.366492,nan,nan,0.370894,0.004402,nan,0.0,0.366492
depth,43,scene14,tread/landing self-occlusion (perspective terrace illusion),L5__s20260820__0007.png::boost_e,L5,260820_boost_e_on,10.4613,1.2748,-6.1172,5.4847,60.0935,198,h_hi (~1.8),d>=9,d>=6.8,5,0,5,nan,0.0,nan,nan,0.000483,0.000483,nan,0.0,0.0
depth,43,scene14,tread/landing self-occlusion (perspective terrace illusion),L5__s20260820__0007.png::boost_h,L5,260820_boost_h_on,10.4613,0.3301,-6.1172,5.4847,60.0935,198,h_lo (robot ~0.3),d>=9,d>=6.8,5,0,5,nan,-1.699999999999998e-05,nan,nan,0.000741,0.000758,nan,0.0,-1.699999999999998e-05
depth,43,scene14,tread/landing self-occlusion (perspective terrace illusion),L7__s20260819__0000.png,L7,260819_main_on,4.7439,0.8483,-9.8586,1.429,61.6578,130,h_mid (~0.9),d<7,d<5.5,10,5,5,0.999973,0.999556,0.999976,3e-06,0.999684,0.000128,1.0,1.0,0.999848
depth,43,scene14,tread/landing self-occlusion (perspective terrace illusion),L7__s20260819__0001.png,L7,260819_main_on,7.036,1.2795,-8.9998,1.6524,61.4065,179,h_hi (~1.8),d 7-9,d>=6.8,9,4,5,0.823311,0.991599,0.823312,1e-06,0.991836,0.000237,1.0,1.0,0.991599
depth,43,scene14,tread/landing self-occlusion (perspective terrace illusion),L7__s20260819__0003.png,L7,260819_main_on,4.594,0.9536,-3.2277,7.0829,62.9059,125,h_mid (~0.9),d<7,d<5.5,10,5,5,0.9999750000000001,0.9997780000000001,0.999994,1.9e-05,0.999973,0.000195,1.0,1.0,0.9997990000000001
depth,43,scene14,tread/landing self-occlusion (perspective terrace illusion),L7__s20260819__0004.png,L7,260819_main_on,8.4208,1.0624,-9.4161,-17.2604,60.9456,141,h_mid (~0.9),d 7-9,d>=6.8,4,0,4,nan,0.666866,nan,nan,0.674541,0.007675,nan,1.0,0.666866
depth,43,scene14,tread/landing self-occlusion (perspective terrace illusion),L7__s20260819__0006.png,L7,260819_main_on,6.5633,0.9635,-10.0252,-0.1653,61.7917,167,h_mid (~0.9),d<7,d 5.5-6.8,10,5,5,0.992703,0.998492,0.992706,3e-06,0.998905,0.000413,1.0,1.0,0.998492
depth,43,scene14,tread/landing self-occlusion (perspective terrace illusion),L7__s20260819__0007.png,L7,260819_main_on,4.9665,0.7236,-8.8174,0.2988,62.6318,132,h_mid (~0.9),d<7,d<5.5,10,5,5,0.9999870000000001,0.999677,0.99999,3e-06,0.999993,0.000316,1.0,1.0,0.999677
depth,43,scene14,tread/landing self-occlusion (perspective terrace illusion),L7__s20260820__0000.png::boost_e,L7,260820_boost_e_on,8.9228,1.4412,-8.1284,3.311,58.9789,189,h_hi (~1.8),d 7-9,d>=6.8,5,0,5,nan,0.95844,nan,nan,0.958793,0.000353,nan,1.0,0.95844
depth,43,scene14,tread/landing self-occlusion (perspective terrace illusion),L7__s20260820__0000.png::boost_h,L7,260820_boost_h_on,8.9228,0.5085,-8.1284,3.311,58.9789,188,h_lo (robot ~0.3),d 7-9,d>=6.8,5,0,5,nan,0.772906,nan,nan,0.773131,0.000225,nan,1.0,0.772906
depth,43,scene14,tread/landing self-occlusion (perspective terrace illusion),L7__s20260820__0001.png::boost_e,L7,260820_boost_e_on,11.2053,1.7168,-10.3828,-4.0507,61.2701,67,h_hi (~1.8),d>=9,d>=6.8,4,0,4,nan,9.000000000000002e-06,nan,nan,0.000383,0.000374,nan,0.0,9.000000000000002e-06
depth,43,scene14,tread/landing self-occlusion (perspective terrace illusion),L7__s20260820__0001.png::boost_h,L7,260820_boost_h_on,11.2053,0.8037,-10.3828,-4.0507,61.2701,67,h_mid (~0.9),d>=9,d>=6.8,4,0,4,nan,9.999999999999972e-07,nan,nan,9.6e-05,9.5e-05,nan,0.0,9.999999999999972e-07
depth,43,scene14,tread/landing self-occlusion (perspective terrace illusion),L7__s20260820__0003.png::boost_e,L7,260820_boost_e_on,10.095,1.8852,-7.2352,-9.0359,60.577,182,h_hi (~1.8),d>=9,d>=6.8,4,0,4,nan,0.007293,nan,nan,0.008912,0.001619,nan,0.0,0.007293
depth,43,scene14,tread/landing self-occlusion (perspective terrace illusion),L7__s20260820__0003.png::boost_h,L7,260820_boost_h_on,10.095,0.9842,-7.2352,-9.0359,60.577,180,h_mid (~0.9),d>=9,d>=6.8,4,0,4,nan,0.001354,nan,nan,0.001764,0.00041,nan,0.0,0.001354
depth,43,scene14,tread/landing self-occlusion (perspective terrace illusion),L7__s20260820__0004.png::boost_e,L7,260820_boost_e_on,6.7379,1.5701,-16.0704,-3.7589,60.2149,170,h_hi (~1.8),d<7,d 5.5-6.8,10,5,5,0.941854,0.997623,0.941861,7e-06,0.998128,0.000505,1.0,1.0,0.997623
depth,43,scene14,tread/landing self-occlusion (perspective terrace illusion),L7__s20260820__0004.png::boost_h,L7,260820_boost_h_on,6.7379,0.6465,-16.0704,-3.7589,60.2149,164,h_mid (~0.9),d<7,d 5.5-6.8,10,5,5,0.987877,0.9975,0.987886,9e-06,0.997546,4.6e-05,1.0,1.0,0.9975
depth,43,scene14,tread/landing self-occlusion (perspective terrace illusion),L7__s20260820__0005.png::boost_e,L7,260820_boost_e_on,8.1602,1.6314,-12.4022,9.6925,62.3957,179,h_hi (~1.8),d 7-9,d>=6.8,5,0,5,nan,0.920317,nan,nan,0.921436,0.001119,nan,1.0,0.920317
depth,43,scene14,tread/landing self-occlusion (perspective terrace illusion),L7__s20260820__0005.png::boost_h,L7,260820_boost_h_on,8.1602,0.7122,-12.4022,9.6925,62.3957,179,h_mid (~0.9),d 7-9,d>=6.8,5,0,5,nan,0.691058,nan,nan,0.695017,0.003959,nan,1.0,0.691058
depth,43,scene14,tread/landing self-occlusion (perspective terrace illusion),L7__s20260820__0006.png::boost_e,L7,260820_boost_e_on,8.239,1.2253,-16.5186,9.6527,62.4123,168,h_hi (~1.8),d 7-9,d>=6.8,5,0,5,nan,0.918541,nan,nan,0.922107,0.003566,nan,1.0,0.918541
depth,43,scene14,tread/landing self-occlusion (perspective terrace illusion),L7__s20260820__0006.png::boost_h,L7,260820_boost_h_on,8.239,0.2771,-16.5186,9.6527,62.4123,166,h_lo (robot ~0.3),d 7-9,d>=6.8,5,0,5,nan,0.366492,nan,nan,0.370894,0.004402,nan,0.0,0.366492
depth,43,scene14,tread/landing self-occlusion (perspective terrace illusion),L7__s20260820__0007.png::boost_e,L7,260820_boost_e_on,10.4613,1.2748,-6.1172,5.4847,60.0935,198,h_hi (~1.8),d>=9,d>=6.8,5,0,5,nan,0.0,nan,nan,0.000483,0.000483,nan,0.0,0.0
depth,43,scene14,tread/landing self-occlusion (perspective terrace illusion),L7__s20260820__0007.png::boost_h,L7,260820_boost_h_on,10.4613,0.3301,-6.1172,5.4847,60.0935,198,h_lo (robot ~0.3),d>=9,d>=6.8,5,0,5,nan,-1.699999999999998e-05,nan,nan,0.000741,0.000758,nan,0.0,-1.699999999999998e-05
depth,43,scene15,lateral wall + 25deg bend (corridor occlusion),L0__s20260819__0000.png,L0,260819_main_on,9.9031,0.4233,-6.6317,-4.2143,61.8616,14,h_lo (robot ~0.3),d>=9,d>=6.8,1,0,1,nan,0.007869000000000001,nan,nan,0.087192,0.079323,nan,0.0,0.007869000000000001
depth,43,scene15,lateral wall + 25deg bend (corridor occlusion),L0__s20260820__0000.png::boost_e,L0,260820_boost_e_on,10.9914,0.3911,-13.637,-17.7914,62.7559,14,h_lo (robot ~0.3),d>=9,d>=6.8,2,0,2,nan,-2.2000000000000318e-05,nan,nan,0.006718,0.00674,nan,0.0,-2.2000000000000318e-05
depth,43,scene15,lateral wall + 25deg bend (corridor occlusion),L0__s20260820__0000.png::boost_h,L0,260820_boost_h_on,10.9914,0.3614,-13.637,-17.7914,62.7559,14,h_lo (robot ~0.3),d>=9,d>=6.8,2,0,2,nan,0.0,nan,nan,0.007867,0.007867,nan,0.0,0.0
depth,43,scene15,lateral wall + 25deg bend (corridor occlusion),L0__s20260820__0001.png::boost_h,L0,260820_boost_h_on,9.9013,0.8097,-6.8068,-11.8299,63.9125,14,h_mid (~0.9),d>=9,d>=6.8,1,0,1,nan,2.7000000000000006e-05,nan,nan,9.5e-05,6.8e-05,nan,0.0,2.7000000000000006e-05
depth,43,scene15,lateral wall + 25deg bend (corridor occlusion),L0__s20260820__0003.png::boost_e,L0,260820_boost_e_on,7.5147,0.4734,-11.0902,-4.9586,63.1815,14,h_lo (robot ~0.3),d 7-9,d>=6.8,4,2,2,0.016327,0.167952,0.016556,0.000229,0.183896,0.015944,0.0,0.0,0.167952
depth,43,scene15,lateral wall + 25deg bend (corridor occlusion),L0__s20260820__0003.png::boost_h,L0,260820_boost_h_on,7.5147,0.4263,-11.0902,-4.9586,63.1815,14,h_lo (robot ~0.3),d 7-9,d>=6.8,4,2,2,0.149663,0.189774,0.149979,0.000316,0.210359,0.020585,0.0,0.0,0.189774
depth,43,scene15,lateral wall + 25deg bend (corridor occlusion),L0__s20260820__0004.png::boost_e,L0,260820_boost_e_on,9.9583,0.8223,-12.6937,-3.4861,58.1207,14,h_mid (~0.9),d>=9,d>=6.8,2,0,2,nan,0.00051,nan,nan,0.005637,0.005127,nan,0.0,0.00051
depth,43,scene15,lateral wall + 25deg bend (corridor occlusion),L0__s20260820__0004.png::boost_h,L0,260820_boost_h_on,9.9583,0.7018,-12.6937,-3.4861,58.1207,14,h_mid (~0.9),d>=9,d>=6.8,2,0,2,nan,0.000614,nan,nan,0.010215,0.009601,nan,0.0,0.000614
depth,43,scene15,lateral wall + 25deg bend (corridor occlusion),L0__s20260820__0005.png::boost_e,L0,260820_boost_e_on,9.8366,0.3501,-5.4058,-7.3396,62.3314,14,h_lo (robot ~0.3),d>=9,d>=6.8,1,0,1,nan,2.3999999999999987e-05,nan,nan,0.000446,0.000422,nan,0.0,2.3999999999999987e-05
depth,43,scene15,lateral wall + 25deg bend (corridor occlusion),L0__s20260820__0005.png::boost_h,L0,260820_boost_h_on,9.8366,0.329,-5.4058,-7.3396,62.3314,14,h_lo (robot ~0.3),d>=9,d>=6.8,1,0,1,nan,5.199999999999996e-05,nan,nan,0.00043,0.000378,nan,0.0,5.199999999999996e-05
depth,43,scene15,lateral wall + 25deg bend (corridor occlusion),L0__s20260820__0006.png::boost_e,L0,260820_boost_e_on,6.9519,0.4701,-5.1828,6.8137,59.5209,14,h_lo (robot ~0.3),d<7,d>=6.8,4,2,2,0.09903,0.7038629999999999,0.099348,0.000318,0.731725,0.027862,0.0,1.0,0.7038629999999999
depth,43,scene15,lateral wall + 25deg bend (corridor occlusion),L0__s20260820__0006.png::boost_h,L0,260820_boost_h_on,6.9519,0.4238,-5.1828,6.8137,59.5209,14,h_lo (robot ~0.3),d<7,d>=6.8,4,2,2,0.331979,0.7325579999999999,0.332295,0.000316,0.755196,0.022638,0.0,1.0,0.7325579999999999
depth,43,scene15,lateral wall + 25deg bend (corridor occlusion),L4__s20260819__0000.png,L4,260819_main_on,9.9031,0.4233,-6.6317,-4.2143,61.8616,14,h_lo (robot ~0.3),d>=9,d>=6.8,1,0,1,nan,0.007869000000000001,nan,nan,0.087192,0.079323,nan,0.0,0.007869000000000001
depth,43,scene15,lateral wall + 25deg bend (corridor occlusion),L4__s20260820__0000.png::boost_e,L4,260820_boost_e_on,10.9914,0.3911,-13.637,-17.7914,62.7559,14,h_lo (robot ~0.3),d>=9,d>=6.8,2,0,2,nan,-2.2000000000000318e-05,nan,nan,0.006718,0.00674,nan,0.0,-2.2000000000000318e-05
depth,43,scene15,lateral wall + 25deg bend (corridor occlusion),L4__s20260820__0000.png::boost_h,L4,260820_boost_h_on,10.9914,0.3614,-13.637,-17.7914,62.7559,14,h_lo (robot ~0.3),d>=9,d>=6.8,2,0,2,nan,0.0,nan,nan,0.007867,0.007867,nan,0.0,0.0
depth,43,scene15,lateral wall + 25deg bend (corridor occlusion),L4__s20260820__0001.png::boost_h,L4,260820_boost_h_on,9.9013,0.8097,-6.8068,-11.8299,63.9125,14,h_mid (~0.9),d>=9,d>=6.8,1,0,1,nan,2.7000000000000006e-05,nan,nan,9.5e-05,6.8e-05,nan,0.0,2.7000000000000006e-05
depth,43,scene15,lateral wall + 25deg bend (corridor occlusion),L4__s20260820__0003.png::boost_e,L4,260820_boost_e_on,7.5147,0.4734,-11.0902,-4.9586,63.1815,14,h_lo (robot ~0.3),d 7-9,d>=6.8,4,2,2,0.016327,0.167952,0.016556,0.000229,0.183896,0.015944,0.0,0.0,0.167952
depth,43,scene15,lateral wall + 25deg bend (corridor occlusion),L4__s20260820__0003.png::boost_h,L4,260820_boost_h_on,7.5147,0.4263,-11.0902,-4.9586,63.1815,14,h_lo (robot ~0.3),d 7-9,d>=6.8,4,2,2,0.149663,0.189774,0.149979,0.000316,0.210359,0.020585,0.0,0.0,0.189774
depth,43,scene15,lateral wall + 25deg bend (corridor occlusion),L4__s20260820__0004.png::boost_e,L4,260820_boost_e_on,9.9583,0.8223,-12.6937,-3.4861,58.1207,14,h_mid (~0.9),d>=9,d>=6.8,2,0,2,nan,0.00051,nan,nan,0.005637,0.005127,nan,0.0,0.00051
depth,43,scene15,lateral wall + 25deg bend (corridor occlusion),L4__s20260820__0004.png::boost_h,L4,260820_boost_h_on,9.9583,0.7018,-12.6937,-3.4861,58.1207,14,h_mid (~0.9),d>=9,d>=6.8,2,0,2,nan,0.000614,nan,nan,0.010215,0.009601,nan,0.0,0.000614
depth,43,scene15,lateral wall + 25deg bend (corridor occlusion),L4__s20260820__0005.png::boost_e,L4,260820_boost_e_on,9.8366,0.3501,-5.4058,-7.3396,62.3314,14,h_lo (robot ~0.3),d>=9,d>=6.8,1,0,1,nan,2.3999999999999987e-05,nan,nan,0.000446,0.000422,nan,0.0,2.3999999999999987e-05
depth,43,scene15,lateral wall + 25deg bend (corridor occlusion),L4__s20260820__0005.png::boost_h,L4,260820_boost_h_on,9.8366,0.329,-5.4058,-7.3396,62.3314,14,h_lo (robot ~0.3),d>=9,d>=6.8,1,0,1,nan,5.199999999999996e-05,nan,nan,0.00043,0.000378,nan,0.0,5.199999999999996e-05
depth,43,scene15,lateral wall + 25deg bend (corridor occlusion),L4__s20260820__0006.png::boost_e,L4,260820_boost_e_on,6.9519,0.4701,-5.1828,6.8137,59.5209,14,h_lo (robot ~0.3),d<7,d>=6.8,4,2,2,0.09903,0.7038629999999999,0.099348,0.000318,0.731725,0.027862,0.0,1.0,0.7038629999999999
depth,43,scene15,lateral wall + 25deg bend (corridor occlusion),L4__s20260820__0006.png::boost_h,L4,260820_boost_h_on,6.9519,0.4238,-5.1828,6.8137,59.5209,14,h_lo (robot ~0.3),d<7,d>=6.8,4,2,2,0.331979,0.7325579999999999,0.332295,0.000316,0.755196,0.022638,0.0,1.0,0.7325579999999999
depth,43,scene15,lateral wall + 25deg bend (corridor occlusion),L7__s20260819__0000.png,L7,260819_main_on,9.9031,0.4233,-6.6317,-4.2143,61.8616,14,h_lo (robot ~0.3),d>=9,d>=6.8,1,0,1,nan,0.007869000000000001,nan,nan,0.087192,0.079323,nan,0.0,0.007869000000000001
depth,43,scene15,lateral wall + 25deg bend (corridor occlusion),L7__s20260820__0000.png::boost_e,L7,260820_boost_e_on,10.9914,0.3911,-13.637,-17.7914,62.7559,14,h_lo (robot ~0.3),d>=9,d>=6.8,2,0,2,nan,-2.2000000000000318e-05,nan,nan,0.006718,0.00674,nan,0.0,-2.2000000000000318e-05
depth,43,scene15,lateral wall + 25deg bend (corridor occlusion),L7__s20260820__0000.png::boost_h,L7,260820_boost_h_on,10.9914,0.3614,-13.637,-17.7914,62.7559,14,h_lo (robot ~0.3),d>=9,d>=6.8,2,0,2,nan,0.0,nan,nan,0.007867,0.007867,nan,0.0,0.0
depth,43,scene15,lateral wall + 25deg bend (corridor occlusion),L7__s20260820__0001.png::boost_h,L7,260820_boost_h_on,9.9013,0.8097,-6.8068,-11.8299,63.9125,14,h_mid (~0.9),d>=9,d>=6.8,1,0,1,nan,2.7000000000000006e-05,nan,nan,9.5e-05,6.8e-05,nan,0.0,2.7000000000000006e-05
depth,43,scene15,lateral wall + 25deg bend (corridor occlusion),L7__s20260820__0003.png::boost_e,L7,260820_boost_e_on,7.5147,0.4734,-11.0902,-4.9586,63.1815,14,h_lo (robot ~0.3),d 7-9,d>=6.8,4,2,2,0.016327,0.167952,0.016556,0.000229,0.183896,0.015944,0.0,0.0,0.167952
depth,43,scene15,lateral wall + 25deg bend (corridor occlusion),L7__s20260820__0003.png::boost_h,L7,260820_boost_h_on,7.5147,0.4263,-11.0902,-4.9586,63.1815,14,h_lo (robot ~0.3),d 7-9,d>=6.8,4,2,2,0.149663,0.189774,0.149979,0.000316,0.210359,0.020585,0.0,0.0,0.189774
depth,43,scene15,lateral wall + 25deg bend (corridor occlusion),L7__s20260820__0004.png::boost_e,L7,260820_boost_e_on,9.9583,0.8223,-12.6937,-3.4861,58.1207,14,h_mid (~0.9),d>=9,d>=6.8,2,0,2,nan,0.00051,nan,nan,0.005637,0.005127,nan,0.0,0.00051
depth,43,scene15,lateral wall + 25deg bend (corridor occlusion),L7__s20260820__0004.png::boost_h,L7,260820_boost_h_on,9.9583,0.7018,-12.6937,-3.4861,58.1207,14,h_mid (~0.9),d>=9,d>=6.8,2,0,2,nan,0.000614,nan,nan,0.010215,0.009601,nan,0.0,0.000614
depth,43,scene15,lateral wall + 25deg bend (corridor occlusion),L7__s20260820__0005.png::boost_e,L7,260820_boost_e_on,9.8366,0.3501,-5.4058,-7.3396,62.3314,14,h_lo (robot ~0.3),d>=9,d>=6.8,1,0,1,nan,2.3999999999999987e-05,nan,nan,0.000446,0.000422,nan,0.0,2.3999999999999987e-05
depth,43,scene15,lateral wall + 25deg bend (corridor occlusion),L7__s20260820__0005.png::boost_h,L7,260820_boost_h_on,9.8366,0.329,-5.4058,-7.3396,62.3314,14,h_lo (robot ~0.3),d>=9,d>=6.8,1,0,1,nan,5.199999999999996e-05,nan,nan,0.00043,0.000378,nan,0.0,5.199999999999996e-05
depth,43,scene15,lateral wall + 25deg bend (corridor occlusion),L7__s20260820__0006.png::boost_e,L7,260820_boost_e_on,6.9519,0.4701,-5.1828,6.8137,59.5209,14,h_lo (robot ~0.3),d<7,d>=6.8,4,2,2,0.09903,0.7038629999999999,0.099348,0.000318,0.731725,0.027862,0.0,1.0,0.7038629999999999
depth,43,scene15,lateral wall + 25deg bend (corridor occlusion),L7__s20260820__0006.png::boost_h,L7,260820_boost_h_on,6.9519,0.4238,-5.1828,6.8137,59.5209,14,h_lo (robot ~0.3),d<7,d>=6.8,4,2,2,0.331979,0.7325579999999999,0.332295,0.000316,0.755196,0.022638,0.0,1.0,0.7325579999999999
depth,44,scene14,tread/landing self-occlusion (perspective terrace illusion),L0__s20260819__0000.png,L0,260819_main_on,4.7439,0.8483,-9.8586,1.429,61.6578,130,h_mid (~0.9),d<7,d<5.5,10,5,5,0.982485,0.962481,0.999425,0.01694,0.998069,0.035588,1.0,1.0,0.963837
depth,44,scene14,tread/landing self-occlusion (perspective terrace illusion),L0__s20260819__0001.png,L0,260819_main_on,7.036,1.2795,-8.9998,1.6524,61.4065,179,h_hi (~1.8),d 7-9,d>=6.8,9,4,5,0.062451000000000007,0.913534,0.086649,0.024198,0.956178,0.042644,0.0,1.0,0.913534
depth,44,scene14,tread/landing self-occlusion (perspective terrace illusion),L0__s20260819__0003.png,L0,260819_main_on,4.594,0.9536,-3.2277,7.0829,62.9059,125,h_mid (~0.9),d<7,d<5.5,10,5,5,0.9090349999999999,0.925276,0.9399,0.030865,0.958026,0.03275,1.0,1.0,0.925276
depth,44,scene14,tread/landing self-occlusion (perspective terrace illusion),L0__s20260819__0004.png,L0,260819_main_on,8.4208,1.0624,-9.4161,-17.2604,60.9456,141,h_mid (~0.9),d 7-9,d>=6.8,4,0,4,nan,0.80598,nan,nan,0.891665,0.085685,nan,1.0,0.80598
depth,44,scene14,tread/landing self-occlusion (perspective terrace illusion),L0__s20260819__0006.png,L0,260819_main_on,6.5633,0.9635,-10.0252,-0.1653,61.7917,167,h_mid (~0.9),d<7,d 5.5-6.8,10,5,5,0.11333599999999999,0.951387,0.130496,0.01716,0.983955,0.032568,0.0,1.0,0.951387
depth,44,scene14,tread/landing self-occlusion (perspective terrace illusion),L0__s20260819__0007.png,L0,260819_main_on,4.9665,0.7236,-8.8174,0.2988,62.6318,132,h_mid (~0.9),d<7,d<5.5,10,5,5,0.963332,0.945978,0.980362,0.01703,0.978439,0.032461,1.0,1.0,0.947901
depth,44,scene14,tread/landing self-occlusion (perspective terrace illusion),L0__s20260820__0000.png::boost_e,L0,260820_boost_e_on,8.9228,1.4412,-8.1284,3.311,58.9789,189,h_hi (~1.8),d 7-9,d>=6.8,5,0,5,nan,0.829647,nan,nan,0.892854,0.063207,nan,1.0,0.829647
depth,44,scene14,tread/landing self-occlusion (perspective terrace illusion),L0__s20260820__0000.png::boost_h,L0,260820_boost_h_on,8.9228,0.5085,-8.1284,3.311,58.9789,188,h_lo (robot ~0.3),d 7-9,d>=6.8,5,0,5,nan,0.684141,nan,nan,0.722849,0.038708,nan,1.0,0.684141
depth,44,scene14,tread/landing self-occlusion (perspective terrace illusion),L0__s20260820__0001.png::boost_e,L0,260820_boost_e_on,11.2053,1.7168,-10.3828,-4.0507,61.2701,67,h_hi (~1.8),d>=9,d>=6.8,4,0,4,nan,2.4000000000003185e-05,nan,nan,0.049796,0.049772,nan,0.0,2.4000000000003185e-05
depth,44,scene14,tread/landing self-occlusion (perspective terrace illusion),L0__s20260820__0001.png::boost_h,L0,260820_boost_h_on,11.2053,0.8037,-10.3828,-4.0507,61.2701,67,h_mid (~0.9),d>=9,d>=6.8,4,0,4,nan,3.599999999999784e-05,nan,nan,0.027929,0.027893,nan,0.0,3.599999999999784e-05
depth,44,scene14,tread/landing self-occlusion (perspective terrace illusion),L0__s20260820__0003.png::boost_e,L0,260820_boost_e_on,10.095,1.8852,-7.2352,-9.0359,60.577,182,h_hi (~1.8),d>=9,d>=6.8,4,0,4,nan,0.06353099999999999,nan,nan,0.151029,0.087498,nan,0.0,0.06353099999999999
depth,44,scene14,tread/landing self-occlusion (perspective terrace illusion),L0__s20260820__0003.png::boost_h,L0,260820_boost_h_on,10.095,0.9842,-7.2352,-9.0359,60.577,180,h_mid (~0.9),d>=9,d>=6.8,4,0,4,nan,0.064301,nan,nan,0.10015,0.035849,nan,0.0,0.064301
depth,44,scene14,tread/landing self-occlusion (perspective terrace illusion),L0__s20260820__0004.png::boost_e,L0,260820_boost_e_on,6.7379,1.5701,-16.0704,-3.7589,60.2149,170,h_hi (~1.8),d<7,d 5.5-6.8,10,5,5,0.056110999999999994,0.8723380000000001,0.07651,0.020399,0.913621,0.041283,0.0,1.0,0.8723380000000001
depth,44,scene14,tread/landing self-occlusion (perspective terrace illusion),L0__s20260820__0004.png::boost_h,L0,260820_boost_h_on,6.7379,0.6465,-16.0704,-3.7589,60.2149,164,h_mid (~0.9),d<7,d 5.5-6.8,10,5,5,0.08430599999999999,0.8822880000000001,0.106486,0.02218,0.936011,0.053723,0.0,1.0,0.8822880000000001
depth,44,scene14,tread/landing self-occlusion (perspective terrace illusion),L0__s20260820__0005.png::boost_e,L0,260820_boost_e_on,8.1602,1.6314,-12.4022,9.6925,62.3957,179,h_hi (~1.8),d 7-9,d>=6.8,5,0,5,nan,0.800501,nan,nan,0.90051,0.100009,nan,1.0,0.800501
depth,44,scene14,tread/landing self-occlusion (perspective terrace illusion),L0__s20260820__0005.png::boost_h,L0,260820_boost_h_on,8.1602,0.7122,-12.4022,9.6925,62.3957,179,h_mid (~0.9),d 7-9,d>=6.8,5,0,5,nan,0.7152890000000001,nan,nan,0.775445,0.060156,nan,1.0,0.7152890000000001
depth,44,scene14,tread/landing self-occlusion (perspective terrace illusion),L0__s20260820__0006.png::boost_e,L0,260820_boost_e_on,8.239,1.2253,-16.5186,9.6527,62.4123,168,h_hi (~1.8),d 7-9,d>=6.8,5,0,5,nan,0.673886,nan,nan,0.774116,0.10023,nan,1.0,0.673886
depth,44,scene14,tread/landing self-occlusion (perspective terrace illusion),L0__s20260820__0006.png::boost_h,L0,260820_boost_h_on,8.239,0.2771,-16.5186,9.6527,62.4123,166,h_lo (robot ~0.3),d 7-9,d>=6.8,5,0,5,nan,0.44040399999999996,nan,nan,0.659781,0.219377,nan,1.0,0.44040399999999996
depth,44,scene14,tread/landing self-occlusion (perspective terrace illusion),L0__s20260820__0007.png::boost_e,L0,260820_boost_e_on,10.4613,1.2748,-6.1172,5.4847,60.0935,198,h_hi (~1.8),d>=9,d>=6.8,5,0,5,nan,9.099999999999386e-05,nan,nan,0.046657,0.046566,nan,0.0,9.099999999999386e-05
depth,44,scene14,tread/landing self-occlusion (perspective terrace illusion),L0__s20260820__0007.png::boost_h,L0,260820_boost_h_on,10.4613,0.3301,-6.1172,5.4847,60.0935,198,h_lo (robot ~0.3),d>=9,d>=6.8,5,0,5,nan,0.0008559999999999991,nan,nan,0.025604,0.024748,nan,0.0,0.0008559999999999991
depth,44,scene14,tread/landing self-occlusion (perspective terrace illusion),L5__s20260819__0000.png,L5,260819_main_on,4.7439,0.8483,-9.8586,1.429,61.6578,130,h_mid (~0.9),d<7,d<5.5,10,5,5,0.982485,0.962481,0.999425,0.01694,0.998069,0.035588,1.0,1.0,0.963837
depth,44,scene14,tread/landing self-occlusion (perspective terrace illusion),L5__s20260819__0001.png,L5,260819_main_on,7.036,1.2795,-8.9998,1.6524,61.4065,179,h_hi (~1.8),d 7-9,d>=6.8,9,4,5,0.062451000000000007,0.913534,0.086649,0.024198,0.956178,0.042644,0.0,1.0,0.913534
depth,44,scene14,tread/landing self-occlusion (perspective terrace illusion),L5__s20260819__0003.png,L5,260819_main_on,4.594,0.9536,-3.2277,7.0829,62.9059,125,h_mid (~0.9),d<7,d<5.5,10,5,5,0.9090349999999999,0.925276,0.9399,0.030865,0.958026,0.03275,1.0,1.0,0.925276
depth,44,scene14,tread/landing self-occlusion (perspective terrace illusion),L5__s20260819__0004.png,L5,260819_main_on,8.4208,1.0624,-9.4161,-17.2604,60.9456,141,h_mid (~0.9),d 7-9,d>=6.8,4,0,4,nan,0.80598,nan,nan,0.891665,0.085685,nan,1.0,0.80598
depth,44,scene14,tread/landing self-occlusion (perspective terrace illusion),L5__s20260819__0006.png,L5,260819_main_on,6.5633,0.9635,-10.0252,-0.1653,61.7917,167,h_mid (~0.9),d<7,d 5.5-6.8,10,5,5,0.11333599999999999,0.951387,0.130496,0.01716,0.983955,0.032568,0.0,1.0,0.951387
depth,44,scene14,tread/landing self-occlusion (perspective terrace illusion),L5__s20260819__0007.png,L5,260819_main_on,4.9665,0.7236,-8.8174,0.2988,62.6318,132,h_mid (~0.9),d<7,d<5.5,10,5,5,0.963332,0.945978,0.980362,0.01703,0.978439,0.032461,1.0,1.0,0.947901
depth,44,scene14,tread/landing self-occlusion (perspective terrace illusion),L5__s20260820__0000.png::boost_e,L5,260820_boost_e_on,8.9228,1.4412,-8.1284,3.311,58.9789,189,h_hi (~1.8),d 7-9,d>=6.8,5,0,5,nan,0.829647,nan,nan,0.892854,0.063207,nan,1.0,0.829647
depth,44,scene14,tread/landing self-occlusion (perspective terrace illusion),L5__s20260820__0000.png::boost_h,L5,260820_boost_h_on,8.9228,0.5085,-8.1284,3.311,58.9789,188,h_lo (robot ~0.3),d 7-9,d>=6.8,5,0,5,nan,0.684141,nan,nan,0.722849,0.038708,nan,1.0,0.684141
depth,44,scene14,tread/landing self-occlusion (perspective terrace illusion),L5__s20260820__0001.png::boost_e,L5,260820_boost_e_on,11.2053,1.7168,-10.3828,-4.0507,61.2701,67,h_hi (~1.8),d>=9,d>=6.8,4,0,4,nan,2.4000000000003185e-05,nan,nan,0.049796,0.049772,nan,0.0,2.4000000000003185e-05
depth,44,scene14,tread/landing self-occlusion (perspective terrace illusion),L5__s20260820__0001.png::boost_h,L5,260820_boost_h_on,11.2053,0.8037,-10.3828,-4.0507,61.2701,67,h_mid (~0.9),d>=9,d>=6.8,4,0,4,nan,3.599999999999784e-05,nan,nan,0.027929,0.027893,nan,0.0,3.599999999999784e-05
depth,44,scene14,tread/landing self-occlusion (perspective terrace illusion),L5__s20260820__0003.png::boost_e,L5,260820_boost_e_on,10.095,1.8852,-7.2352,-9.0359,60.577,182,h_hi (~1.8),d>=9,d>=6.8,4,0,4,nan,0.06353099999999999,nan,nan,0.151029,0.087498,nan,0.0,0.06353099999999999
depth,44,scene14,tread/landing self-occlusion (perspective terrace illusion),L5__s20260820__0003.png::boost_h,L5,260820_boost_h_on,10.095,0.9842,-7.2352,-9.0359,60.577,180,h_mid (~0.9),d>=9,d>=6.8,4,0,4,nan,0.064301,nan,nan,0.10015,0.035849,nan,0.0,0.064301
depth,44,scene14,tread/landing self-occlusion (perspective terrace illusion),L5__s20260820__0004.png::boost_e,L5,260820_boost_e_on,6.7379,1.5701,-16.0704,-3.7589,60.2149,170,h_hi (~1.8),d<7,d 5.5-6.8,10,5,5,0.056110999999999994,0.8723380000000001,0.07651,0.020399,0.913621,0.041283,0.0,1.0,0.8723380000000001
depth,44,scene14,tread/landing self-occlusion (perspective terrace illusion),L5__s20260820__0004.png::boost_h,L5,260820_boost_h_on,6.7379,0.6465,-16.0704,-3.7589,60.2149,164,h_mid (~0.9),d<7,d 5.5-6.8,10,5,5,0.08430599999999999,0.8822880000000001,0.106486,0.02218,0.936011,0.053723,0.0,1.0,0.8822880000000001
depth,44,scene14,tread/landing self-occlusion (perspective terrace illusion),L5__s20260820__0005.png::boost_e,L5,260820_boost_e_on,8.1602,1.6314,-12.4022,9.6925,62.3957,179,h_hi (~1.8),d 7-9,d>=6.8,5,0,5,nan,0.800501,nan,nan,0.90051,0.100009,nan,1.0,0.800501
depth,44,scene14,tread/landing self-occlusion (perspective terrace illusion),L5__s20260820__0005.png::boost_h,L5,260820_boost_h_on,8.1602,0.7122,-12.4022,9.6925,62.3957,179,h_mid (~0.9),d 7-9,d>=6.8,5,0,5,nan,0.7152890000000001,nan,nan,0.775445,0.060156,nan,1.0,0.7152890000000001
depth,44,scene14,tread/landing self-occlusion (perspective terrace illusion),L5__s20260820__0006.png::boost_e,L5,260820_boost_e_on,8.239,1.2253,-16.5186,9.6527,62.4123,168,h_hi (~1.8),d 7-9,d>=6.8,5,0,5,nan,0.673886,nan,nan,0.774116,0.10023,nan,1.0,0.673886
depth,44,scene14,tread/landing self-occlusion (perspective terrace illusion),L5__s20260820__0006.png::boost_h,L5,260820_boost_h_on,8.239,0.2771,-16.5186,9.6527,62.4123,166,h_lo (robot ~0.3),d 7-9,d>=6.8,5,0,5,nan,0.44040399999999996,nan,nan,0.659781,0.219377,nan,1.0,0.44040399999999996
depth,44,scene14,tread/landing self-occlusion (perspective terrace illusion),L5__s20260820__0007.png::boost_e,L5,260820_boost_e_on,10.4613,1.2748,-6.1172,5.4847,60.0935,198,h_hi (~1.8),d>=9,d>=6.8,5,0,5,nan,9.099999999999386e-05,nan,nan,0.046657,0.046566,nan,0.0,9.099999999999386e-05
depth,44,scene14,tread/landing self-occlusion (perspective terrace illusion),L5__s20260820__0007.png::boost_h,L5,260820_boost_h_on,10.4613,0.3301,-6.1172,5.4847,60.0935,198,h_lo (robot ~0.3),d>=9,d>=6.8,5,0,5,nan,0.0008559999999999991,nan,nan,0.025604,0.024748,nan,0.0,0.0008559999999999991
depth,44,scene14,tread/landing self-occlusion (perspective terrace illusion),L7__s20260819__0000.png,L7,260819_main_on,4.7439,0.8483,-9.8586,1.429,61.6578,130,h_mid (~0.9),d<7,d<5.5,10,5,5,0.982485,0.962481,0.999425,0.01694,0.998069,0.035588,1.0,1.0,0.963837
depth,44,scene14,tread/landing self-occlusion (perspective terrace illusion),L7__s20260819__0001.png,L7,260819_main_on,7.036,1.2795,-8.9998,1.6524,61.4065,179,h_hi (~1.8),d 7-9,d>=6.8,9,4,5,0.062451000000000007,0.913534,0.086649,0.024198,0.956178,0.042644,0.0,1.0,0.913534
depth,44,scene14,tread/landing self-occlusion (perspective terrace illusion),L7__s20260819__0003.png,L7,260819_main_on,4.594,0.9536,-3.2277,7.0829,62.9059,125,h_mid (~0.9),d<7,d<5.5,10,5,5,0.9090349999999999,0.925276,0.9399,0.030865,0.958026,0.03275,1.0,1.0,0.925276
depth,44,scene14,tread/landing self-occlusion (perspective terrace illusion),L7__s20260819__0004.png,L7,260819_main_on,8.4208,1.0624,-9.4161,-17.2604,60.9456,141,h_mid (~0.9),d 7-9,d>=6.8,4,0,4,nan,0.80598,nan,nan,0.891665,0.085685,nan,1.0,0.80598
depth,44,scene14,tread/landing self-occlusion (perspective terrace illusion),L7__s20260819__0006.png,L7,260819_main_on,6.5633,0.9635,-10.0252,-0.1653,61.7917,167,h_mid (~0.9),d<7,d 5.5-6.8,10,5,5,0.11333599999999999,0.951387,0.130496,0.01716,0.983955,0.032568,0.0,1.0,0.951387
depth,44,scene14,tread/landing self-occlusion (perspective terrace illusion),L7__s20260819__0007.png,L7,260819_main_on,4.9665,0.7236,-8.8174,0.2988,62.6318,132,h_mid (~0.9),d<7,d<5.5,10,5,5,0.963332,0.945978,0.980362,0.01703,0.978439,0.032461,1.0,1.0,0.947901
depth,44,scene14,tread/landing self-occlusion (perspective terrace illusion),L7__s20260820__0000.png::boost_e,L7,260820_boost_e_on,8.9228,1.4412,-8.1284,3.311,58.9789,189,h_hi (~1.8),d 7-9,d>=6.8,5,0,5,nan,0.829647,nan,nan,0.892854,0.063207,nan,1.0,0.829647
depth,44,scene14,tread/landing self-occlusion (perspective terrace illusion),L7__s20260820__0000.png::boost_h,L7,260820_boost_h_on,8.9228,0.5085,-8.1284,3.311,58.9789,188,h_lo (robot ~0.3),d 7-9,d>=6.8,5,0,5,nan,0.684141,nan,nan,0.722849,0.038708,nan,1.0,0.684141
depth,44,scene14,tread/landing self-occlusion (perspective terrace illusion),L7__s20260820__0001.png::boost_e,L7,260820_boost_e_on,11.2053,1.7168,-10.3828,-4.0507,61.2701,67,h_hi (~1.8),d>=9,d>=6.8,4,0,4,nan,2.4000000000003185e-05,nan,nan,0.049796,0.049772,nan,0.0,2.4000000000003185e-05
depth,44,scene14,tread/landing self-occlusion (perspective terrace illusion),L7__s20260820__0001.png::boost_h,L7,260820_boost_h_on,11.2053,0.8037,-10.3828,-4.0507,61.2701,67,h_mid (~0.9),d>=9,d>=6.8,4,0,4,nan,3.599999999999784e-05,nan,nan,0.027929,0.027893,nan,0.0,3.599999999999784e-05
depth,44,scene14,tread/landing self-occlusion (perspective terrace illusion),L7__s20260820__0003.png::boost_e,L7,260820_boost_e_on,10.095,1.8852,-7.2352,-9.0359,60.577,182,h_hi (~1.8),d>=9,d>=6.8,4,0,4,nan,0.06353099999999999,nan,nan,0.151029,0.087498,nan,0.0,0.06353099999999999
depth,44,scene14,tread/landing self-occlusion (perspective terrace illusion),L7__s20260820__0003.png::boost_h,L7,260820_boost_h_on,10.095,0.9842,-7.2352,-9.0359,60.577,180,h_mid (~0.9),d>=9,d>=6.8,4,0,4,nan,0.064301,nan,nan,0.10015,0.035849,nan,0.0,0.064301
depth,44,scene14,tread/landing self-occlusion (perspective terrace illusion),L7__s20260820__0004.png::boost_e,L7,260820_boost_e_on,6.7379,1.5701,-16.0704,-3.7589,60.2149,170,h_hi (~1.8),d<7,d 5.5-6.8,10,5,5,0.056110999999999994,0.8723380000000001,0.07651,0.020399,0.913621,0.041283,0.0,1.0,0.8723380000000001
depth,44,scene14,tread/landing self-occlusion (perspective terrace illusion),L7__s20260820__0004.png::boost_h,L7,260820_boost_h_on,6.7379,0.6465,-16.0704,-3.7589,60.2149,164,h_mid (~0.9),d<7,d 5.5-6.8,10,5,5,0.08430599999999999,0.8822880000000001,0.106486,0.02218,0.936011,0.053723,0.0,1.0,0.8822880000000001
depth,44,scene14,tread/landing self-occlusion (perspective terrace illusion),L7__s20260820__0005.png::boost_e,L7,260820_boost_e_on,8.1602,1.6314,-12.4022,9.6925,62.3957,179,h_hi (~1.8),d 7-9,d>=6.8,5,0,5,nan,0.800501,nan,nan,0.90051,0.100009,nan,1.0,0.800501
depth,44,scene14,tread/landing self-occlusion (perspective terrace illusion),L7__s20260820__0005.png::boost_h,L7,260820_boost_h_on,8.1602,0.7122,-12.4022,9.6925,62.3957,179,h_mid (~0.9),d 7-9,d>=6.8,5,0,5,nan,0.7152890000000001,nan,nan,0.775445,0.060156,nan,1.0,0.7152890000000001
depth,44,scene14,tread/landing self-occlusion (perspective terrace illusion),L7__s20260820__0006.png::boost_e,L7,260820_boost_e_on,8.239,1.2253,-16.5186,9.6527,62.4123,168,h_hi (~1.8),d 7-9,d>=6.8,5,0,5,nan,0.673886,nan,nan,0.774116,0.10023,nan,1.0,0.673886
depth,44,scene14,tread/landing self-occlusion (perspective terrace illusion),L7__s20260820__0006.png::boost_h,L7,260820_boost_h_on,8.239,0.2771,-16.5186,9.6527,62.4123,166,h_lo (robot ~0.3),d 7-9,d>=6.8,5,0,5,nan,0.44040399999999996,nan,nan,0.659781,0.219377,nan,1.0,0.44040399999999996
depth,44,scene14,tread/landing self-occlusion (perspective terrace illusion),L7__s20260820__0007.png::boost_e,L7,260820_boost_e_on,10.4613,1.2748,-6.1172,5.4847,60.0935,198,h_hi (~1.8),d>=9,d>=6.8,5,0,5,nan,9.099999999999386e-05,nan,nan,0.046657,0.046566,nan,0.0,9.099999999999386e-05
depth,44,scene14,tread/landing self-occlusion (perspective terrace illusion),L7__s20260820__0007.png::boost_h,L7,260820_boost_h_on,10.4613,0.3301,-6.1172,5.4847,60.0935,198,h_lo (robot ~0.3),d>=9,d>=6.8,5,0,5,nan,0.0008559999999999991,nan,nan,0.025604,0.024748,nan,0.0,0.0008559999999999991
depth,44,scene15,lateral wall + 25deg bend (corridor occlusion),L0__s20260819__0000.png,L0,260819_main_on,9.9031,0.4233,-6.6317,-4.2143,61.8616,14,h_lo (robot ~0.3),d>=9,d>=6.8,1,0,1,nan,0.002142000000000005,nan,nan,0.150835,0.148693,nan,0.0,0.002142000000000005
depth,44,scene15,lateral wall + 25deg bend (corridor occlusion),L0__s20260820__0000.png::boost_e,L0,260820_boost_e_on,10.9914,0.3911,-13.637,-17.7914,62.7559,14,h_lo (robot ~0.3),d>=9,d>=6.8,2,0,2,nan,5.2999999999997494e-05,nan,nan,0.236494,0.236441,nan,0.0,5.2999999999997494e-05
depth,44,scene15,lateral wall + 25deg bend (corridor occlusion),L0__s20260820__0000.png::boost_h,L0,260820_boost_h_on,10.9914,0.3614,-13.637,-17.7914,62.7559,14,h_lo (robot ~0.3),d>=9,d>=6.8,2,0,2,nan,0.0,nan,nan,0.240593,0.240593,nan,0.0,0.0
depth,44,scene15,lateral wall + 25deg bend (corridor occlusion),L0__s20260820__0001.png::boost_h,L0,260820_boost_h_on,9.9013,0.8097,-6.8068,-11.8299,63.9125,14,h_mid (~0.9),d>=9,d>=6.8,1,0,1,nan,0.019204999999999972,nan,nan,0.291755,0.27255,nan,0.0,0.019204999999999972
depth,44,scene15,lateral wall + 25deg bend (corridor occlusion),L0__s20260820__0003.png::boost_e,L0,260820_boost_e_on,7.5147,0.4734,-11.0902,-4.9586,63.1815,14,h_lo (robot ~0.3),d 7-9,d>=6.8,4,2,2,0.047269000000000005,0.11194599999999999,0.49718,0.449911,0.371492,0.259546,0.0,0.0,0.047269000000000005
depth,44,scene15,lateral wall + 25deg bend (corridor occlusion),L0__s20260820__0003.png::boost_h,L0,260820_boost_h_on,7.5147,0.4263,-11.0902,-4.9586,63.1815,14,h_lo (robot ~0.3),d 7-9,d>=6.8,4,2,2,0.051924000000000026,0.11217499999999997,0.486511,0.434587,0.366399,0.254224,0.0,0.0,0.051924000000000026
depth,44,scene15,lateral wall + 25deg bend (corridor occlusion),L0__s20260820__0004.png::boost_e,L0,260820_boost_e_on,9.9583,0.8223,-12.6937,-3.4861,58.1207,14,h_mid (~0.9),d>=9,d>=6.8,2,0,2,nan,0.0041330000000000255,nan,nan,0.207161,0.203028,nan,0.0,0.0041330000000000255
depth,44,scene15,lateral wall + 25deg bend (corridor occlusion),L0__s20260820__0004.png::boost_h,L0,260820_boost_h_on,9.9583,0.7018,-12.6937,-3.4861,58.1207,14,h_mid (~0.9),d>=9,d>=6.8,2,0,2,nan,0.0035600000000000076,nan,nan,0.200803,0.197243,nan,0.0,0.0035600000000000076
depth,44,scene15,lateral wall + 25deg bend (corridor occlusion),L0__s20260820__0005.png::boost_e,L0,260820_boost_e_on,9.8366,0.3501,-5.4058,-7.3396,62.3314,14,h_lo (robot ~0.3),d>=9,d>=6.8,1,0,1,nan,0.006058999999999981,nan,nan,0.269275,0.263216,nan,0.0,0.006058999999999981
depth,44,scene15,lateral wall + 25deg bend (corridor occlusion),L0__s20260820__0005.png::boost_h,L0,260820_boost_h_on,9.8366,0.329,-5.4058,-7.3396,62.3314,14,h_lo (robot ~0.3),d>=9,d>=6.8,1,0,1,nan,0.015883000000000036,nan,nan,0.285127,0.269244,nan,0.0,0.015883000000000036
depth,44,scene15,lateral wall + 25deg bend (corridor occlusion),L0__s20260820__0006.png::boost_e,L0,260820_boost_e_on,6.9519,0.4701,-5.1828,6.8137,59.5209,14,h_lo (robot ~0.3),d<7,d>=6.8,4,2,2,0.03737299999999999,0.14882399999999998,0.427867,0.390494,0.328638,0.179814,0.0,0.0,0.03737299999999999
depth,44,scene15,lateral wall + 25deg bend (corridor occlusion),L0__s20260820__0006.png::boost_h,L0,260820_boost_h_on,6.9519,0.4238,-5.1828,6.8137,59.5209,14,h_lo (robot ~0.3),d<7,d>=6.8,4,2,2,0.008637000000000006,0.160535,0.411724,0.403087,0.347509,0.186974,0.0,0.0,0.008637000000000006
depth,44,scene15,lateral wall + 25deg bend (corridor occlusion),L4__s20260819__0000.png,L4,260819_main_on,9.9031,0.4233,-6.6317,-4.2143,61.8616,14,h_lo (robot ~0.3),d>=9,d>=6.8,1,0,1,nan,0.002142000000000005,nan,nan,0.150835,0.148693,nan,0.0,0.002142000000000005
depth,44,scene15,lateral wall + 25deg bend (corridor occlusion),L4__s20260820__0000.png::boost_e,L4,260820_boost_e_on,10.9914,0.3911,-13.637,-17.7914,62.7559,14,h_lo (robot ~0.3),d>=9,d>=6.8,2,0,2,nan,5.2999999999997494e-05,nan,nan,0.236494,0.236441,nan,0.0,5.2999999999997494e-05
depth,44,scene15,lateral wall + 25deg bend (corridor occlusion),L4__s20260820__0000.png::boost_h,L4,260820_boost_h_on,10.9914,0.3614,-13.637,-17.7914,62.7559,14,h_lo (robot ~0.3),d>=9,d>=6.8,2,0,2,nan,0.0,nan,nan,0.240593,0.240593,nan,0.0,0.0
depth,44,scene15,lateral wall + 25deg bend (corridor occlusion),L4__s20260820__0001.png::boost_h,L4,260820_boost_h_on,9.9013,0.8097,-6.8068,-11.8299,63.9125,14,h_mid (~0.9),d>=9,d>=6.8,1,0,1,nan,0.019204999999999972,nan,nan,0.291755,0.27255,nan,0.0,0.019204999999999972
depth,44,scene15,lateral wall + 25deg bend (corridor occlusion),L4__s20260820__0003.png::boost_e,L4,260820_boost_e_on,7.5147,0.4734,-11.0902,-4.9586,63.1815,14,h_lo (robot ~0.3),d 7-9,d>=6.8,4,2,2,0.047269000000000005,0.11194599999999999,0.49718,0.449911,0.371492,0.259546,0.0,0.0,0.047269000000000005
depth,44,scene15,lateral wall + 25deg bend (corridor occlusion),L4__s20260820__0003.png::boost_h,L4,260820_boost_h_on,7.5147,0.4263,-11.0902,-4.9586,63.1815,14,h_lo (robot ~0.3),d 7-9,d>=6.8,4,2,2,0.051924000000000026,0.11217499999999997,0.486511,0.434587,0.366399,0.254224,0.0,0.0,0.051924000000000026
depth,44,scene15,lateral wall + 25deg bend (corridor occlusion),L4__s20260820__0004.png::boost_e,L4,260820_boost_e_on,9.9583,0.8223,-12.6937,-3.4861,58.1207,14,h_mid (~0.9),d>=9,d>=6.8,2,0,2,nan,0.0041330000000000255,nan,nan,0.207161,0.203028,nan,0.0,0.0041330000000000255
depth,44,scene15,lateral wall + 25deg bend (corridor occlusion),L4__s20260820__0004.png::boost_h,L4,260820_boost_h_on,9.9583,0.7018,-12.6937,-3.4861,58.1207,14,h_mid (~0.9),d>=9,d>=6.8,2,0,2,nan,0.0035600000000000076,nan,nan,0.200803,0.197243,nan,0.0,0.0035600000000000076
depth,44,scene15,lateral wall + 25deg bend (corridor occlusion),L4__s20260820__0005.png::boost_e,L4,260820_boost_e_on,9.8366,0.3501,-5.4058,-7.3396,62.3314,14,h_lo (robot ~0.3),d>=9,d>=6.8,1,0,1,nan,0.006058999999999981,nan,nan,0.269275,0.263216,nan,0.0,0.006058999999999981
depth,44,scene15,lateral wall + 25deg bend (corridor occlusion),L4__s20260820__0005.png::boost_h,L4,260820_boost_h_on,9.8366,0.329,-5.4058,-7.3396,62.3314,14,h_lo (robot ~0.3),d>=9,d>=6.8,1,0,1,nan,0.015883000000000036,nan,nan,0.285127,0.269244,nan,0.0,0.015883000000000036
depth,44,scene15,lateral wall + 25deg bend (corridor occlusion),L4__s20260820__0006.png::boost_e,L4,260820_boost_e_on,6.9519,0.4701,-5.1828,6.8137,59.5209,14,h_lo (robot ~0.3),d<7,d>=6.8,4,2,2,0.03737299999999999,0.14882399999999998,0.427867,0.390494,0.328638,0.179814,0.0,0.0,0.03737299999999999
depth,44,scene15,lateral wall + 25deg bend (corridor occlusion),L4__s20260820__0006.png::boost_h,L4,260820_boost_h_on,6.9519,0.4238,-5.1828,6.8137,59.5209,14,h_lo (robot ~0.3),d<7,d>=6.8,4,2,2,0.008637000000000006,0.160535,0.411724,0.403087,0.347509,0.186974,0.0,0.0,0.008637000000000006
depth,44,scene15,lateral wall + 25deg bend (corridor occlusion),L7__s20260819__0000.png,L7,260819_main_on,9.9031,0.4233,-6.6317,-4.2143,61.8616,14,h_lo (robot ~0.3),d>=9,d>=6.8,1,0,1,nan,0.002142000000000005,nan,nan,0.150835,0.148693,nan,0.0,0.002142000000000005
depth,44,scene15,lateral wall + 25deg bend (corridor occlusion),L7__s20260820__0000.png::boost_e,L7,260820_boost_e_on,10.9914,0.3911,-13.637,-17.7914,62.7559,14,h_lo (robot ~0.3),d>=9,d>=6.8,2,0,2,nan,5.2999999999997494e-05,nan,nan,0.236494,0.236441,nan,0.0,5.2999999999997494e-05
depth,44,scene15,lateral wall + 25deg bend (corridor occlusion),L7__s20260820__0000.png::boost_h,L7,260820_boost_h_on,10.9914,0.3614,-13.637,-17.7914,62.7559,14,h_lo (robot ~0.3),d>=9,d>=6.8,2,0,2,nan,0.0,nan,nan,0.240593,0.240593,nan,0.0,0.0
depth,44,scene15,lateral wall + 25deg bend (corridor occlusion),L7__s20260820__0001.png::boost_h,L7,260820_boost_h_on,9.9013,0.8097,-6.8068,-11.8299,63.9125,14,h_mid (~0.9),d>=9,d>=6.8,1,0,1,nan,0.019204999999999972,nan,nan,0.291755,0.27255,nan,0.0,0.019204999999999972
depth,44,scene15,lateral wall + 25deg bend (corridor occlusion),L7__s20260820__0003.png::boost_e,L7,260820_boost_e_on,7.5147,0.4734,-11.0902,-4.9586,63.1815,14,h_lo (robot ~0.3),d 7-9,d>=6.8,4,2,2,0.047269000000000005,0.11194599999999999,0.49718,0.449911,0.371492,0.259546,0.0,0.0,0.047269000000000005
depth,44,scene15,lateral wall + 25deg bend (corridor occlusion),L7__s20260820__0003.png::boost_h,L7,260820_boost_h_on,7.5147,0.4263,-11.0902,-4.9586,63.1815,14,h_lo (robot ~0.3),d 7-9,d>=6.8,4,2,2,0.051924000000000026,0.11217499999999997,0.486511,0.434587,0.366399,0.254224,0.0,0.0,0.051924000000000026
depth,44,scene15,lateral wall + 25deg bend (corridor occlusion),L7__s20260820__0004.png::boost_e,L7,260820_boost_e_on,9.9583,0.8223,-12.6937,-3.4861,58.1207,14,h_mid (~0.9),d>=9,d>=6.8,2,0,2,nan,0.0041330000000000255,nan,nan,0.207161,0.203028,nan,0.0,0.0041330000000000255
depth,44,scene15,lateral wall + 25deg bend (corridor occlusion),L7__s20260820__0004.png::boost_h,L7,260820_boost_h_on,9.9583,0.7018,-12.6937,-3.4861,58.1207,14,h_mid (~0.9),d>=9,d>=6.8,2,0,2,nan,0.0035600000000000076,nan,nan,0.200803,0.197243,nan,0.0,0.0035600000000000076
depth,44,scene15,lateral wall + 25deg bend (corridor occlusion),L7__s20260820__0005.png::boost_e,L7,260820_boost_e_on,9.8366,0.3501,-5.4058,-7.3396,62.3314,14,h_lo (robot ~0.3),d>=9,d>=6.8,1,0,1,nan,0.006058999999999981,nan,nan,0.269275,0.263216,nan,0.0,0.006058999999999981
depth,44,scene15,lateral wall + 25deg bend (corridor occlusion),L7__s20260820__0005.png::boost_h,L7,260820_boost_h_on,9.8366,0.329,-5.4058,-7.3396,62.3314,14,h_lo (robot ~0.3),d>=9,d>=6.8,1,0,1,nan,0.015883000000000036,nan,nan,0.285127,0.269244,nan,0.0,0.015883000000000036
depth,44,scene15,lateral wall + 25deg bend (corridor occlusion),L7__s20260820__0006.png::boost_e,L7,260820_boost_e_on,6.9519,0.4701,-5.1828,6.8137,59.5209,14,h_lo (robot ~0.3),d<7,d>=6.8,4,2,2,0.03737299999999999,0.14882399999999998,0.427867,0.390494,0.328638,0.179814,0.0,0.0,0.03737299999999999
depth,44,scene15,lateral wall + 25deg bend (corridor occlusion),L7__s20260820__0006.png::boost_h,L7,260820_boost_h_on,6.9519,0.4238,-5.1828,6.8137,59.5209,14,h_lo (robot ~0.3),d<7,d>=6.8,4,2,2,0.008637000000000006,0.160535,0.411724,0.403087,0.347509,0.186974,0.0,0.0,0.008637000000000006
b2,42,scene14,tread/landing self-occlusion (perspective terrace illusion),L0__s20260819__0000.png,L0,260819_main_on,4.7439,0.8483,-9.8586,1.429,61.6578,130,h_mid (~0.9),d<7,d<5.5,10,5,5,0.007690000000000001,0.07971899999999998,0.019663,0.011973,0.220077,0.140358,0.0,0.0,0.07971899999999998
b2,42,scene14,tread/landing self-occlusion (perspective terrace illusion),L0__s20260819__0001.png,L0,260819_main_on,7.036,1.2795,-8.9998,1.6524,61.4065,179,h_hi (~1.8),d 7-9,d>=6.8,9,4,5,0.065864,0.39886699999999997,0.082125,0.016261,0.509307,0.11044,0.0,1.0,0.39886699999999997
b2,42,scene14,tread/landing self-occlusion (perspective terrace illusion),L0__s20260819__0003.png,L0,260819_main_on,4.594,0.9536,-3.2277,7.0829,62.9059,125,h_mid (~0.9),d<7,d<5.5,10,5,5,0.273407,0.360767,0.43629,0.162883,0.645066,0.284299,0.0,1.0,0.360767
b2,42,scene14,tread/landing self-occlusion (perspective terrace illusion),L0__s20260819__0004.png,L0,260819_main_on,8.4208,1.0624,-9.4161,-17.2604,60.9456,141,h_mid (~0.9),d 7-9,d>=6.8,4,0,4,nan,0.019461,nan,nan,0.02146,0.001999,nan,0.0,0.019461
b2,42,scene14,tread/landing self-occlusion (perspective terrace illusion),L0__s20260819__0006.png,L0,260819_main_on,6.5633,0.9635,-10.0252,-0.1653,61.7917,167,h_mid (~0.9),d<7,d 5.5-6.8,10,5,5,-0.067592,-0.09896000000000005,0.050328,0.11792,0.723876,0.822836,0.0,1.0,-0.09896000000000005
b2,42,scene14,tread/landing self-occlusion (perspective terrace illusion),L0__s20260819__0007.png,L0,260819_main_on,4.9665,0.7236,-8.8174,0.2988,62.6318,132,h_mid (~0.9),d<7,d<5.5,10,5,5,-0.694847,-0.05198600000000003,0.118629,0.813476,0.252368,0.304354,0.0,0.0,-0.5611079999999999
b2,42,scene14,tread/landing self-occlusion (perspective terrace illusion),L0__s20260820__0000.png::boost_e,L0,260820_boost_e_on,8.9228,1.4412,-8.1284,3.311,58.9789,189,h_hi (~1.8),d 7-9,d>=6.8,5,0,5,nan,0.074599,nan,nan,0.09918,0.024581,nan,0.0,0.074599
b2,42,scene14,tread/landing self-occlusion (perspective terrace illusion),L0__s20260820__0000.png::boost_h,L0,260820_boost_h_on,8.9228,0.5085,-8.1284,3.311,58.9789,188,h_lo (robot ~0.3),d 7-9,d>=6.8,5,0,5,nan,0.047046000000000004,nan,nan,0.050063,0.003017,nan,0.0,0.047046000000000004
b2,42,scene14,tread/landing self-occlusion (perspective terrace illusion),L0__s20260820__0001.png::boost_e,L0,260820_boost_e_on,11.2053,1.7168,-10.3828,-4.0507,61.2701,67,h_hi (~1.8),d>=9,d>=6.8,4,0,4,nan,-0.017674999999999996,nan,nan,0.022863,0.040538,nan,0.0,-0.017674999999999996
b2,42,scene14,tread/landing self-occlusion (perspective terrace illusion),L0__s20260820__0001.png::boost_h,L0,260820_boost_h_on,11.2053,0.8037,-10.3828,-4.0507,61.2701,67,h_mid (~0.9),d>=9,d>=6.8,4,0,4,nan,0.23068399999999997,nan,nan,0.312918,0.082234,nan,0.0,0.23068399999999997
b2,42,scene14,tread/landing self-occlusion (perspective terrace illusion),L0__s20260820__0003.png::boost_e,L0,260820_boost_e_on,10.095,1.8852,-7.2352,-9.0359,60.577,182,h_hi (~1.8),d>=9,d>=6.8,4,0,4,nan,0.005593,nan,nan,0.007336,0.001743,nan,0.0,0.005593
b2,42,scene14,tread/landing self-occlusion (perspective terrace illusion),L0__s20260820__0003.png::boost_h,L0,260820_boost_h_on,10.095,0.9842,-7.2352,-9.0359,60.577,180,h_mid (~0.9),d>=9,d>=6.8,4,0,4,nan,0.027905,nan,nan,0.030694,0.002789,nan,0.0,0.027905
b2,42,scene14,tread/landing self-occlusion (perspective terrace illusion),L0__s20260820__0004.png::boost_e,L0,260820_boost_e_on,6.7379,1.5701,-16.0704,-3.7589,60.2149,170,h_hi (~1.8),d<7,d 5.5-6.8,10,5,5,0.26598900000000003,0.408717,0.267691,0.001702,0.410464,0.001747,0.0,0.0,0.408717
b2,42,scene14,tread/landing self-occlusion (perspective terrace illusion),L0__s20260820__0004.png::boost_h,L0,260820_boost_h_on,6.7379,0.6465,-16.0704,-3.7589,60.2149,164,h_mid (~0.9),d<7,d 5.5-6.8,10,5,5,0.001752,0.0009630000000000001,0.002509,0.000757,0.001291,0.000328,0.0,0.0,0.001752
b2,42,scene14,tread/landing self-occlusion (perspective terrace illusion),L0__s20260820__0005.png::boost_e,L0,260820_boost_e_on,8.1602,1.6314,-12.4022,9.6925,62.3957,179,h_hi (~1.8),d 7-9,d>=6.8,5,0,5,nan,0.159158,nan,nan,0.167188,0.00803,nan,0.0,0.159158
b2,42,scene14,tread/landing self-occlusion (perspective terrace illusion),L0__s20260820__0005.png::boost_h,L0,260820_boost_h_on,8.1602,0.7122,-12.4022,9.6925,62.3957,179,h_mid (~0.9),d 7-9,d>=6.8,5,0,5,nan,0.004046,nan,nan,0.004542,0.000496,nan,0.0,0.004046
b2,42,scene14,tread/landing self-occlusion (perspective terrace illusion),L0__s20260820__0006.png::boost_e,L0,260820_boost_e_on,8.239,1.2253,-16.5186,9.6527,62.4123,168,h_hi (~1.8),d 7-9,d>=6.8,5,0,5,nan,0.001964,nan,nan,0.002562,0.000598,nan,0.0,0.001964
b2,42,scene14,tread/landing self-occlusion (perspective terrace illusion),L0__s20260820__0006.png::boost_h,L0,260820_boost_h_on,8.239,0.2771,-16.5186,9.6527,62.4123,166,h_lo (robot ~0.3),d 7-9,d>=6.8,5,0,5,nan,0.00012100000000000001,nan,nan,0.000406,0.000285,nan,0.0,0.00012100000000000001
b2,42,scene14,tread/landing self-occlusion (perspective terrace illusion),L0__s20260820__0007.png::boost_e,L0,260820_boost_e_on,10.4613,1.2748,-6.1172,5.4847,60.0935,198,h_hi (~1.8),d>=9,d>=6.8,5,0,5,nan,0.313023,nan,nan,0.352698,0.039675,nan,0.0,0.313023
b2,42,scene14,tread/landing self-occlusion (perspective terrace illusion),L0__s20260820__0007.png::boost_h,L0,260820_boost_h_on,10.4613,0.3301,-6.1172,5.4847,60.0935,198,h_lo (robot ~0.3),d>=9,d>=6.8,5,0,5,nan,0.263169,nan,nan,0.265661,0.002492,nan,0.0,0.263169
b2,42,scene14,tread/landing self-occlusion (perspective terrace illusion),L5__s20260819__0000.png,L5,260819_main_on,4.7439,0.8483,-9.8586,1.429,61.6578,130,h_mid (~0.9),d<7,d<5.5,10,5,5,-0.034496,0.31944399999999995,0.018056,0.052552,0.494967,0.175523,0.0,0.0,0.31944399999999995
b2,42,scene14,tread/landing self-occlusion (perspective terrace illusion),L5__s20260819__0001.png,L5,260819_main_on,7.036,1.2795,-8.9998,1.6524,61.4065,179,h_hi (~1.8),d 7-9,d>=6.8,9,4,5,-0.07711300000000001,0.34965300000000005,0.208558,0.285671,0.711269,0.361616,0.0,1.0,0.34965300000000005
b2,42,scene14,tread/landing self-occlusion (perspective terrace illusion),L5__s20260819__0003.png,L5,260819_main_on,4.594,0.9536,-3.2277,7.0829,62.9059,125,h_mid (~0.9),d<7,d<5.5,10,5,5,0.083849,0.45557800000000004,0.144273,0.060424,0.647814,0.192236,0.0,1.0,0.45557800000000004
b2,42,scene14,tread/landing self-occlusion (perspective terrace illusion),L5__s20260819__0004.png,L5,260819_main_on,8.4208,1.0624,-9.4161,-17.2604,60.9456,141,h_mid (~0.9),d 7-9,d>=6.8,4,0,4,nan,0.007674,nan,nan,0.008727,0.001053,nan,0.0,0.007674
b2,42,scene14,tread/landing self-occlusion (perspective terrace illusion),L5__s20260819__0006.png,L5,260819_main_on,6.5633,0.9635,-10.0252,-0.1653,61.7917,167,h_mid (~0.9),d<7,d 5.5-6.8,10,5,5,0.054964,0.13428900000000002,0.078182,0.023218,0.31408,0.179791,0.0,0.0,0.13428900000000002
b2,42,scene14,tread/landing self-occlusion (perspective terrace illusion),L5__s20260819__0007.png,L5,260819_main_on,4.9665,0.7236,-8.8174,0.2988,62.6318,132,h_mid (~0.9),d<7,d<5.5,10,5,5,-0.6729310000000001,0.127906,0.084425,0.757356,0.146445,0.018539,0.0,0.0,-0.610911
b2,42,scene14,tread/landing self-occlusion (perspective terrace illusion),L5__s20260820__0000.png::boost_e,L5,260820_boost_e_on,8.9228,1.4412,-8.1284,3.311,58.9789,189,h_hi (~1.8),d 7-9,d>=6.8,5,0,5,nan,0.026355,nan,nan,0.030413,0.004058,nan,0.0,0.026355
b2,42,scene14,tread/landing self-occlusion (perspective terrace illusion),L5__s20260820__0000.png::boost_h,L5,260820_boost_h_on,8.9228,0.5085,-8.1284,3.311,58.9789,188,h_lo (robot ~0.3),d 7-9,d>=6.8,5,0,5,nan,0.034913,nan,nan,0.036879,0.001966,nan,0.0,0.034913
b2,42,scene14,tread/landing self-occlusion (perspective terrace illusion),L5__s20260820__0001.png::boost_e,L5,260820_boost_e_on,11.2053,1.7168,-10.3828,-4.0507,61.2701,67,h_hi (~1.8),d>=9,d>=6.8,4,0,4,nan,0.003915,nan,nan,0.013428,0.009513,nan,0.0,0.003915
b2,42,scene14,tread/landing self-occlusion (perspective terrace illusion),L5__s20260820__0001.png::boost_h,L5,260820_boost_h_on,11.2053,0.8037,-10.3828,-4.0507,61.2701,67,h_mid (~0.9),d>=9,d>=6.8,4,0,4,nan,0.121573,nan,nan,0.124025,0.002452,nan,0.0,0.121573
b2,42,scene14,tread/landing self-occlusion (perspective terrace illusion),L5__s20260820__0003.png::boost_e,L5,260820_boost_e_on,10.095,1.8852,-7.2352,-9.0359,60.577,182,h_hi (~1.8),d>=9,d>=6.8,4,0,4,nan,0.495128,nan,nan,0.52573,0.030602,nan,1.0,0.495128
b2,42,scene14,tread/landing self-occlusion (perspective terrace illusion),L5__s20260820__0003.png::boost_h,L5,260820_boost_h_on,10.095,0.9842,-7.2352,-9.0359,60.577,180,h_mid (~0.9),d>=9,d>=6.8,4,0,4,nan,0.237163,nan,nan,0.239685,0.002522,nan,0.0,0.237163
b2,42,scene14,tread/landing self-occlusion (perspective terrace illusion),L5__s20260820__0004.png::boost_e,L5,260820_boost_e_on,6.7379,1.5701,-16.0704,-3.7589,60.2149,170,h_hi (~1.8),d<7,d 5.5-6.8,10,5,5,0.030780000000000002,0.026640999999999998,0.033762,0.002982,0.029445,0.002804,0.0,0.0,0.030780000000000002
b2,42,scene14,tread/landing self-occlusion (perspective terrace illusion),L5__s20260820__0004.png::boost_h,L5,260820_boost_h_on,6.7379,0.6465,-16.0704,-3.7589,60.2149,164,h_mid (~0.9),d<7,d 5.5-6.8,10,5,5,0.0063230000000000005,0.000545,0.008191,0.001868,0.000889,0.000344,0.0,0.0,0.0063230000000000005
b2,42,scene14,tread/landing self-occlusion (perspective terrace illusion),L5__s20260820__0005.png::boost_e,L5,260820_boost_e_on,8.1602,1.6314,-12.4022,9.6925,62.3957,179,h_hi (~1.8),d 7-9,d>=6.8,5,0,5,nan,0.002473,nan,nan,0.00297,0.000497,nan,0.0,0.002473
b2,42,scene14,tread/landing self-occlusion (perspective terrace illusion),L5__s20260820__0005.png::boost_h,L5,260820_boost_h_on,8.1602,0.7122,-12.4022,9.6925,62.3957,179,h_mid (~0.9),d 7-9,d>=6.8,5,0,5,nan,0.000956,nan,nan,0.001369,0.000413,nan,0.0,0.000956
b2,42,scene14,tread/landing self-occlusion (perspective terrace illusion),L5__s20260820__0006.png::boost_e,L5,260820_boost_e_on,8.239,1.2253,-16.5186,9.6527,62.4123,168,h_hi (~1.8),d 7-9,d>=6.8,5,0,5,nan,0.0011740000000000001,nan,nan,0.001755,0.000581,nan,0.0,0.0011740000000000001
b2,42,scene14,tread/landing self-occlusion (perspective terrace illusion),L5__s20260820__0006.png::boost_h,L5,260820_boost_h_on,8.239,0.2771,-16.5186,9.6527,62.4123,166,h_lo (robot ~0.3),d 7-9,d>=6.8,5,0,5,nan,0.00016900000000000002,nan,nan,0.000384,0.000215,nan,0.0,0.00016900000000000002
b2,42,scene14,tread/landing self-occlusion (perspective terrace illusion),L5__s20260820__0007.png::boost_e,L5,260820_boost_e_on,10.4613,1.2748,-6.1172,5.4847,60.0935,198,h_hi (~1.8),d>=9,d>=6.8,5,0,5,nan,0.205256,nan,nan,0.209309,0.004053,nan,0.0,0.205256
b2,42,scene14,tread/landing self-occlusion (perspective terrace illusion),L5__s20260820__0007.png::boost_h,L5,260820_boost_h_on,10.4613,0.3301,-6.1172,5.4847,60.0935,198,h_lo (robot ~0.3),d>=9,d>=6.8,5,0,5,nan,0.364517,nan,nan,0.365855,0.001338,nan,0.0,0.364517
b2,42,scene14,tread/landing self-occlusion (perspective terrace illusion),L7__s20260819__0000.png,L7,260819_main_on,4.7439,0.8483,-9.8586,1.429,61.6578,130,h_mid (~0.9),d<7,d<5.5,10,5,5,0.019616,0.067164,0.021089,0.001473,0.069704,0.00254,0.0,0.0,0.067164
b2,42,scene14,tread/landing self-occlusion (perspective terrace illusion),L7__s20260819__0001.png,L7,260819_main_on,7.036,1.2795,-8.9998,1.6524,61.4065,179,h_hi (~1.8),d 7-9,d>=6.8,9,4,5,0.060718,0.6450899999999999,0.07549,0.014772,0.794473,0.149383,0.0,1.0,0.6450899999999999
b2,42,scene14,tread/landing self-occlusion (perspective terrace illusion),L7__s20260819__0003.png,L7,260819_main_on,4.594,0.9536,-3.2277,7.0829,62.9059,125,h_mid (~0.9),d<7,d<5.5,10,5,5,0.168267,0.730012,0.217628,0.049361,0.775927,0.045915,0.0,1.0,0.726566
b2,42,scene14,tread/landing self-occlusion (perspective terrace illusion),L7__s20260819__0004.png,L7,260819_main_on,8.4208,1.0624,-9.4161,-17.2604,60.9456,141,h_mid (~0.9),d 7-9,d>=6.8,4,0,4,nan,0.023523,nan,nan,0.025049,0.001526,nan,0.0,0.023523
b2,42,scene14,tread/landing self-occlusion (perspective terrace illusion),L7__s20260819__0006.png,L7,260819_main_on,6.5633,0.9635,-10.0252,-0.1653,61.7917,167,h_mid (~0.9),d<7,d 5.5-6.8,10,5,5,0.029542000000000002,0.24202400000000002,0.039481,0.009939,0.279393,0.037369,0.0,0.0,0.24202400000000002
b2,42,scene14,tread/landing self-occlusion (perspective terrace illusion),L7__s20260819__0007.png,L7,260819_main_on,4.9665,0.7236,-8.8174,0.2988,62.6318,132,h_mid (~0.9),d<7,d<5.5,10,5,5,-0.5507340000000001,0.010224,0.077884,0.628618,0.03673,0.026506,0.0,0.0,-0.5507340000000001
b2,42,scene14,tread/landing self-occlusion (perspective terrace illusion),L7__s20260820__0000.png::boost_e,L7,260820_boost_e_on,8.9228,1.4412,-8.1284,3.311,58.9789,189,h_hi (~1.8),d 7-9,d>=6.8,5,0,5,nan,0.03511,nan,nan,0.040196,0.005086,nan,0.0,0.03511
b2,42,scene14,tread/landing self-occlusion (perspective terrace illusion),L7__s20260820__0000.png::boost_h,L7,260820_boost_h_on,8.9228,0.5085,-8.1284,3.311,58.9789,188,h_lo (robot ~0.3),d 7-9,d>=6.8,5,0,5,nan,0.007634999999999999,nan,nan,0.008577,0.000942,nan,0.0,0.007634999999999999
b2,42,scene14,tread/landing self-occlusion (perspective terrace illusion),L7__s20260820__0001.png::boost_e,L7,260820_boost_e_on,11.2053,1.7168,-10.3828,-4.0507,61.2701,67,h_hi (~1.8),d>=9,d>=6.8,4,0,4,nan,0.029702,nan,nan,0.038144,0.008442,nan,0.0,0.029702
b2,42,scene14,tread/landing self-occlusion (perspective terrace illusion),L7__s20260820__0001.png::boost_h,L7,260820_boost_h_on,11.2053,0.8037,-10.3828,-4.0507,61.2701,67,h_mid (~0.9),d>=9,d>=6.8,4,0,4,nan,0.249215,nan,nan,0.251204,0.001989,nan,0.0,0.249215
b2,42,scene14,tread/landing self-occlusion (perspective terrace illusion),L7__s20260820__0003.png::boost_e,L7,260820_boost_e_on,10.095,1.8852,-7.2352,-9.0359,60.577,182,h_hi (~1.8),d>=9,d>=6.8,4,0,4,nan,0.085499,nan,nan,0.086644,0.001145,nan,0.0,0.085499
b2,42,scene14,tread/landing self-occlusion (perspective terrace illusion),L7__s20260820__0003.png::boost_h,L7,260820_boost_h_on,10.095,0.9842,-7.2352,-9.0359,60.577,180,h_mid (~0.9),d>=9,d>=6.8,4,0,4,nan,0.007803000000000001,nan,nan,0.008162,0.000359,nan,0.0,0.007803000000000001
b2,42,scene14,tread/landing self-occlusion (perspective terrace illusion),L7__s20260820__0004.png::boost_e,L7,260820_boost_e_on,6.7379,1.5701,-16.0704,-3.7589,60.2149,170,h_hi (~1.8),d<7,d 5.5-6.8,10,5,5,0.144042,0.398297,0.144589,0.000547,0.398949,0.000652,0.0,0.0,0.398297
b2,42,scene14,tread/landing self-occlusion (perspective terrace illusion),L7__s20260820__0004.png::boost_h,L7,260820_boost_h_on,6.7379,0.6465,-16.0704,-3.7589,60.2149,164,h_mid (~0.9),d<7,d 5.5-6.8,10,5,5,0.0030470000000000002,0.0005639999999999999,0.00349,0.000443,0.000877,0.000313,0.0,0.0,0.0030470000000000002
b2,42,scene14,tread/landing self-occlusion (perspective terrace illusion),L7__s20260820__0005.png::boost_e,L7,260820_boost_e_on,8.1602,1.6314,-12.4022,9.6925,62.3957,179,h_hi (~1.8),d 7-9,d>=6.8,5,0,5,nan,0.397486,nan,nan,0.401542,0.004056,nan,0.0,0.397486
b2,42,scene14,tread/landing self-occlusion (perspective terrace illusion),L7__s20260820__0005.png::boost_h,L7,260820_boost_h_on,8.1602,0.7122,-12.4022,9.6925,62.3957,179,h_mid (~0.9),d 7-9,d>=6.8,5,0,5,nan,0.004435,nan,nan,0.00546,0.001025,nan,0.0,0.004435
b2,42,scene14,tread/landing self-occlusion (perspective terrace illusion),L7__s20260820__0006.png::boost_e,L7,260820_boost_e_on,8.239,1.2253,-16.5186,9.6527,62.4123,168,h_hi (~1.8),d 7-9,d>=6.8,5,0,5,nan,0.002693,nan,nan,0.003268,0.000575,nan,0.0,0.002693
b2,42,scene14,tread/landing self-occlusion (perspective terrace illusion),L7__s20260820__0006.png::boost_h,L7,260820_boost_h_on,8.239,0.2771,-16.5186,9.6527,62.4123,166,h_lo (robot ~0.3),d 7-9,d>=6.8,5,0,5,nan,0.000283,nan,nan,0.000557,0.000274,nan,0.0,0.000283
b2,42,scene14,tread/landing self-occlusion (perspective terrace illusion),L7__s20260820__0007.png::boost_e,L7,260820_boost_e_on,10.4613,1.2748,-6.1172,5.4847,60.0935,198,h_hi (~1.8),d>=9,d>=6.8,5,0,5,nan,0.09538200000000001,nan,nan,0.097723,0.002341,nan,0.0,0.09538200000000001
b2,42,scene14,tread/landing self-occlusion (perspective terrace illusion),L7__s20260820__0007.png::boost_h,L7,260820_boost_h_on,10.4613,0.3301,-6.1172,5.4847,60.0935,198,h_lo (robot ~0.3),d>=9,d>=6.8,5,0,5,nan,0.432753,nan,nan,0.43423,0.001477,nan,0.0,0.432753
b2,42,scene15,lateral wall + 25deg bend (corridor occlusion),L0__s20260819__0000.png,L0,260819_main_on,9.9031,0.4233,-6.6317,-4.2143,61.8616,14,h_lo (robot ~0.3),d>=9,d>=6.8,1,0,1,nan,0.008326,nan,nan,0.00965,0.001324,nan,0.0,0.008326
b2,42,scene15,lateral wall + 25deg bend (corridor occlusion),L0__s20260820__0000.png::boost_e,L0,260820_boost_e_on,10.9914,0.3911,-13.637,-17.7914,62.7559,14,h_lo (robot ~0.3),d>=9,d>=6.8,2,0,2,nan,0.005216,nan,nan,0.00641,0.001194,nan,0.0,0.005216
b2,42,scene15,lateral wall + 25deg bend (corridor occlusion),L0__s20260820__0000.png::boost_h,L0,260820_boost_h_on,10.9914,0.3614,-13.637,-17.7914,62.7559,14,h_lo (robot ~0.3),d>=9,d>=6.8,2,0,2,nan,0.0010669999999999998,nan,nan,0.003885,0.002818,nan,0.0,0.0010669999999999998
b2,42,scene15,lateral wall + 25deg bend (corridor occlusion),L0__s20260820__0001.png::boost_h,L0,260820_boost_h_on,9.9013,0.8097,-6.8068,-11.8299,63.9125,14,h_mid (~0.9),d>=9,d>=6.8,1,0,1,nan,0.002562,nan,nan,0.003865,0.001303,nan,0.0,0.002562
b2,42,scene15,lateral wall + 25deg bend (corridor occlusion),L0__s20260820__0003.png::boost_e,L0,260820_boost_e_on,7.5147,0.4734,-11.0902,-4.9586,63.1815,14,h_lo (robot ~0.3),d 7-9,d>=6.8,4,2,2,-0.0003219999999999998,0.00018599999999999997,0.002899,0.003221,0.001437,0.001251,0.0,0.0,-0.0003219999999999998
b2,42,scene15,lateral wall + 25deg bend (corridor occlusion),L0__s20260820__0003.png::boost_h,L0,260820_boost_h_on,7.5147,0.4263,-11.0902,-4.9586,63.1815,14,h_lo (robot ~0.3),d 7-9,d>=6.8,4,2,2,0.008877,0.011322,0.015332,0.006455,0.013436,0.002114,0.0,0.0,0.008877
b2,42,scene15,lateral wall + 25deg bend (corridor occlusion),L0__s20260820__0004.png::boost_e,L0,260820_boost_e_on,9.9583,0.8223,-12.6937,-3.4861,58.1207,14,h_mid (~0.9),d>=9,d>=6.8,2,0,2,nan,-0.00021100000000000003,nan,nan,0.001359,0.00157,nan,0.0,-0.00021100000000000003
b2,42,scene15,lateral wall + 25deg bend (corridor occlusion),L0__s20260820__0004.png::boost_h,L0,260820_boost_h_on,9.9583,0.7018,-12.6937,-3.4861,58.1207,14,h_mid (~0.9),d>=9,d>=6.8,2,0,2,nan,8.90000000000001e-05,nan,nan,0.001307,0.001218,nan,0.0,8.90000000000001e-05
b2,42,scene15,lateral wall + 25deg bend (corridor occlusion),L0__s20260820__0005.png::boost_e,L0,260820_boost_e_on,9.8366,0.3501,-5.4058,-7.3396,62.3314,14,h_lo (robot ~0.3),d>=9,d>=6.8,1,0,1,nan,0.000316,nan,nan,0.000762,0.000446,nan,0.0,0.000316
b2,42,scene15,lateral wall + 25deg bend (corridor occlusion),L0__s20260820__0005.png::boost_h,L0,260820_boost_h_on,9.8366,0.329,-5.4058,-7.3396,62.3314,14,h_lo (robot ~0.3),d>=9,d>=6.8,1,0,1,nan,0.00018199999999999998,nan,nan,0.000645,0.000463,nan,0.0,0.00018199999999999998
b2,42,scene15,lateral wall + 25deg bend (corridor occlusion),L0__s20260820__0006.png::boost_e,L0,260820_boost_e_on,6.9519,0.4701,-5.1828,6.8137,59.5209,14,h_lo (robot ~0.3),d<7,d>=6.8,4,2,2,0.031289999999999984,0.005257999999999999,0.437125,0.405835,0.042198,0.03694,0.0,0.0,0.031289999999999984
b2,42,scene15,lateral wall + 25deg bend (corridor occlusion),L0__s20260820__0006.png::boost_h,L0,260820_boost_h_on,6.9519,0.4238,-5.1828,6.8137,59.5209,14,h_lo (robot ~0.3),d<7,d>=6.8,4,2,2,0.11491499999999999,0.004766000000000001,0.254357,0.139442,0.016444,0.011678,0.0,0.0,0.11491499999999999
b2,42,scene15,lateral wall + 25deg bend (corridor occlusion),L4__s20260819__0000.png,L4,260819_main_on,9.9031,0.4233,-6.6317,-4.2143,61.8616,14,h_lo (robot ~0.3),d>=9,d>=6.8,1,0,1,nan,0.00015900000000000002,nan,nan,0.000523,0.000364,nan,0.0,0.00015900000000000002
b2,42,scene15,lateral wall + 25deg bend (corridor occlusion),L4__s20260820__0000.png::boost_e,L4,260820_boost_e_on,10.9914,0.3911,-13.637,-17.7914,62.7559,14,h_lo (robot ~0.3),d>=9,d>=6.8,2,0,2,nan,2.800000000000003e-05,nan,nan,0.000985,0.000957,nan,0.0,2.800000000000003e-05
b2,42,scene15,lateral wall + 25deg bend (corridor occlusion),L4__s20260820__0000.png::boost_h,L4,260820_boost_h_on,10.9914,0.3614,-13.637,-17.7914,62.7559,14,h_lo (robot ~0.3),d>=9,d>=6.8,2,0,2,nan,-0.000307,nan,nan,0.000626,0.000933,nan,0.0,-0.000307
b2,42,scene15,lateral wall + 25deg bend (corridor occlusion),L4__s20260820__0001.png::boost_h,L4,260820_boost_h_on,9.9013,0.8097,-6.8068,-11.8299,63.9125,14,h_mid (~0.9),d>=9,d>=6.8,1,0,1,nan,5.099999999999999e-05,nan,nan,0.000223,0.000172,nan,0.0,5.099999999999999e-05
b2,42,scene15,lateral wall + 25deg bend (corridor occlusion),L4__s20260820__0003.png::boost_e,L4,260820_boost_e_on,7.5147,0.4734,-11.0902,-4.9586,63.1815,14,h_lo (robot ~0.3),d 7-9,d>=6.8,4,2,2,0.000236,7.899999999999997e-05,0.000643,0.000407,0.000421,0.000342,0.0,0.0,0.000236
b2,42,scene15,lateral wall + 25deg bend (corridor occlusion),L4__s20260820__0003.png::boost_h,L4,260820_boost_h_on,7.5147,0.4263,-11.0902,-4.9586,63.1815,14,h_lo (robot ~0.3),d 7-9,d>=6.8,4,2,2,0.00038,0.00025800000000000004,0.000794,0.000414,0.000674,0.000416,0.0,0.0,0.000378
b2,42,scene15,lateral wall + 25deg bend (corridor occlusion),L4__s20260820__0004.png::boost_e,L4,260820_boost_e_on,9.9583,0.8223,-12.6937,-3.4861,58.1207,14,h_mid (~0.9),d>=9,d>=6.8,2,0,2,nan,3.000000000000001e-05,nan,nan,0.000133,0.000103,nan,0.0,3.000000000000001e-05
b2,42,scene15,lateral wall + 25deg bend (corridor occlusion),L4__s20260820__0004.png::boost_h,L4,260820_boost_h_on,9.9583,0.7018,-12.6937,-3.4861,58.1207,14,h_mid (~0.9),d>=9,d>=6.8,2,0,2,nan,0.000298,nan,nan,0.000605,0.000307,nan,0.0,0.000298
b2,42,scene15,lateral wall + 25deg bend (corridor occlusion),L4__s20260820__0005.png::boost_e,L4,260820_boost_e_on,9.8366,0.3501,-5.4058,-7.3396,62.3314,14,h_lo (robot ~0.3),d>=9,d>=6.8,1,0,1,nan,0.000864,nan,nan,0.002036,0.001172,nan,0.0,0.000864
b2,42,scene15,lateral wall + 25deg bend (corridor occlusion),L4__s20260820__0005.png::boost_h,L4,260820_boost_h_on,9.8366,0.329,-5.4058,-7.3396,62.3314,14,h_lo (robot ~0.3),d>=9,d>=6.8,1,0,1,nan,0.0038730000000000006,nan,nan,0.006146,0.002273,nan,0.0,0.0038730000000000006
b2,42,scene15,lateral wall + 25deg bend (corridor occlusion),L4__s20260820__0006.png::boost_e,L4,260820_boost_e_on,6.9519,0.4701,-5.1828,6.8137,59.5209,14,h_lo (robot ~0.3),d<7,d>=6.8,4,2,2,0.019707999999999996,0.002313,0.054858,0.03515,0.006282,0.003969,0.0,0.0,0.019707999999999996
b2,42,scene15,lateral wall + 25deg bend (corridor occlusion),L4__s20260820__0006.png::boost_h,L4,260820_boost_h_on,6.9519,0.4238,-5.1828,6.8137,59.5209,14,h_lo (robot ~0.3),d<7,d>=6.8,4,2,2,0.008988,-0.000859,0.022437,0.013449,0.001297,0.002156,0.0,0.0,0.008988
b2,42,scene15,lateral wall + 25deg bend (corridor occlusion),L7__s20260819__0000.png,L7,260819_main_on,9.9031,0.4233,-6.6317,-4.2143,61.8616,14,h_lo (robot ~0.3),d>=9,d>=6.8,1,0,1,nan,0.000696,nan,nan,0.001001,0.000305,nan,0.0,0.000696
b2,42,scene15,lateral wall + 25deg bend (corridor occlusion),L7__s20260820__0000.png::boost_e,L7,260820_boost_e_on,10.9914,0.3911,-13.637,-17.7914,62.7559,14,h_lo (robot ~0.3),d>=9,d>=6.8,2,0,2,nan,0.00149,nan,nan,0.002175,0.000685,nan,0.0,0.00149
b2,42,scene15,lateral wall + 25deg bend (corridor occlusion),L7__s20260820__0000.png::boost_h,L7,260820_boost_h_on,10.9914,0.3614,-13.637,-17.7914,62.7559,14,h_lo (robot ~0.3),d>=9,d>=6.8,2,0,2,nan,6.000000000000005e-05,nan,nan,0.000736,0.000676,nan,0.0,6.000000000000005e-05
b2,42,scene15,lateral wall + 25deg bend (corridor occlusion),L7__s20260820__0001.png::boost_h,L7,260820_boost_h_on,9.9013,0.8097,-6.8068,-11.8299,63.9125,14,h_mid (~0.9),d>=9,d>=6.8,1,0,1,nan,0.00030399999999999996,nan,nan,0.000722,0.000418,nan,0.0,0.00030399999999999996
b2,42,scene15,lateral wall + 25deg bend (corridor occlusion),L7__s20260820__0003.png::boost_e,L7,260820_boost_e_on,7.5147,0.4734,-11.0902,-4.9586,63.1815,14,h_lo (robot ~0.3),d 7-9,d>=6.8,4,2,2,0.000304,0.000505,0.000803,0.000499,0.000806,0.000301,0.0,0.0,0.000307
b2,42,scene15,lateral wall + 25deg bend (corridor occlusion),L7__s20260820__0003.png::boost_h,L7,260820_boost_h_on,7.5147,0.4263,-11.0902,-4.9586,63.1815,14,h_lo (robot ~0.3),d 7-9,d>=6.8,4,2,2,0.00048100000000000004,0.001213,0.000818,0.000337,0.001425,0.000212,0.0,0.0,0.001088
b2,42,scene15,lateral wall + 25deg bend (corridor occlusion),L7__s20260820__0004.png::boost_e,L7,260820_boost_e_on,9.9583,0.8223,-12.6937,-3.4861,58.1207,14,h_mid (~0.9),d>=9,d>=6.8,2,0,2,nan,2.4000000000000014e-05,nan,nan,0.000162,0.000138,nan,0.0,2.4000000000000014e-05
b2,42,scene15,lateral wall + 25deg bend (corridor occlusion),L7__s20260820__0004.png::boost_h,L7,260820_boost_h_on,9.9583,0.7018,-12.6937,-3.4861,58.1207,14,h_mid (~0.9),d>=9,d>=6.8,2,0,2,nan,0.00025899999999999995,nan,nan,0.000628,0.000369,nan,0.0,0.00025899999999999995
b2,42,scene15,lateral wall + 25deg bend (corridor occlusion),L7__s20260820__0005.png::boost_e,L7,260820_boost_e_on,9.8366,0.3501,-5.4058,-7.3396,62.3314,14,h_lo (robot ~0.3),d>=9,d>=6.8,1,0,1,nan,0.0011799999999999998,nan,nan,0.002597,0.001417,nan,0.0,0.0011799999999999998
b2,42,scene15,lateral wall + 25deg bend (corridor occlusion),L7__s20260820__0005.png::boost_h,L7,260820_boost_h_on,9.8366,0.329,-5.4058,-7.3396,62.3314,14,h_lo (robot ~0.3),d>=9,d>=6.8,1,0,1,nan,0.001007000000000001,nan,nan,0.009206,0.008199,nan,0.0,0.001007000000000001
b2,42,scene15,lateral wall + 25deg bend (corridor occlusion),L7__s20260820__0006.png::boost_e,L7,260820_boost_e_on,6.9519,0.4701,-5.1828,6.8137,59.5209,14,h_lo (robot ~0.3),d<7,d>=6.8,4,2,2,0.016176000000000003,0.003218,0.05093,0.034754,0.005594,0.002376,0.0,0.0,0.016176000000000003
b2,42,scene15,lateral wall + 25deg bend (corridor occlusion),L7__s20260820__0006.png::boost_h,L7,260820_boost_h_on,6.9519,0.4238,-5.1828,6.8137,59.5209,14,h_lo (robot ~0.3),d<7,d>=6.8,4,2,2,0.018078999999999998,0.0011459999999999999,0.027287,0.009208,0.00214,0.000994,0.0,0.0,0.018078999999999998
b2,43,scene14,tread/landing self-occlusion (perspective terrace illusion),L0__s20260819__0000.png,L0,260819_main_on,4.7439,0.8483,-9.8586,1.429,61.6578,130,h_mid (~0.9),d<7,d<5.5,10,5,5,0.05437499999999998,0.08173800000000002,0.243661,0.189286,0.15543,0.073692,0.0,0.0,0.05437499999999998
b2,43,scene14,tread/landing self-occlusion (perspective terrace illusion),L0__s20260819__0001.png,L0,260819_main_on,7.036,1.2795,-8.9998,1.6524,61.4065,179,h_hi (~1.8),d 7-9,d>=6.8,9,4,5,0.04810600000000001,0.017131,0.167022,0.118916,0.062572,0.045441,0.0,0.0,0.04810600000000001
b2,43,scene14,tread/landing self-occlusion (perspective terrace illusion),L0__s20260819__0003.png,L0,260819_main_on,4.594,0.9536,-3.2277,7.0829,62.9059,125,h_mid (~0.9),d<7,d<5.5,10,5,5,0.37324500000000005,0.268849,0.618406,0.245161,0.496047,0.227198,1.0,0.0,0.37324500000000005
b2,43,scene14,tread/landing self-occlusion (perspective terrace illusion),L0__s20260819__0004.png,L0,260819_main_on,8.4208,1.0624,-9.4161,-17.2604,60.9456,141,h_mid (~0.9),d 7-9,d>=6.8,4,0,4,nan,-0.001123000000000006,nan,nan,0.033211,0.034334,nan,0.0,-0.001123000000000006
b2,43,scene14,tread/landing self-occlusion (perspective terrace illusion),L0__s20260819__0006.png,L0,260819_main_on,6.5633,0.9635,-10.0252,-0.1653,61.7917,167,h_mid (~0.9),d<7,d 5.5-6.8,10,5,5,0.01791100000000001,-0.01097300000000001,0.240646,0.222735,0.125435,0.136408,0.0,0.0,0.01791100000000001
b2,43,scene14,tread/landing self-occlusion (perspective terrace illusion),L0__s20260819__0007.png,L0,260819_main_on,4.9665,0.7236,-8.8174,0.2988,62.6318,132,h_mid (~0.9),d<7,d<5.5,10,5,5,-0.010128999999999999,0.010982999999999993,0.170001,0.18013,0.106,0.095017,0.0,0.0,-0.010128999999999999
b2,43,scene14,tread/landing self-occlusion (perspective terrace illusion),L0__s20260820__0000.png::boost_e,L0,260820_boost_e_on,8.9228,1.4412,-8.1284,3.311,58.9789,189,h_hi (~1.8),d 7-9,d>=6.8,5,0,5,nan,0.0044369999999999965,nan,nan,0.132288,0.127851,nan,0.0,0.0044369999999999965
b2,43,scene14,tread/landing self-occlusion (perspective terrace illusion),L0__s20260820__0000.png::boost_h,L0,260820_boost_h_on,8.9228,0.5085,-8.1284,3.311,58.9789,188,h_lo (robot ~0.3),d 7-9,d>=6.8,5,0,5,nan,0.07446599999999999,nan,nan,0.138372,0.063906,nan,0.0,0.07446599999999999
b2,43,scene14,tread/landing self-occlusion (perspective terrace illusion),L0__s20260820__0001.png::boost_e,L0,260820_boost_e_on,11.2053,1.7168,-10.3828,-4.0507,61.2701,67,h_hi (~1.8),d>=9,d>=6.8,4,0,4,nan,-0.013884999999999998,nan,nan,0.028331,0.042216,nan,0.0,-0.013884999999999998
b2,43,scene14,tread/landing self-occlusion (perspective terrace illusion),L0__s20260820__0001.png::boost_h,L0,260820_boost_h_on,11.2053,0.8037,-10.3828,-4.0507,61.2701,67,h_mid (~0.9),d>=9,d>=6.8,4,0,4,nan,0.06353199999999999,nan,nan,0.135377,0.071845,nan,0.0,0.06353199999999999
b2,43,scene14,tread/landing self-occlusion (perspective terrace illusion),L0__s20260820__0003.png::boost_e,L0,260820_boost_e_on,10.095,1.8852,-7.2352,-9.0359,60.577,182,h_hi (~1.8),d>=9,d>=6.8,4,0,4,nan,-0.098581,nan,nan,0.136684,0.235265,nan,0.0,-0.098581
b2,43,scene14,tread/landing self-occlusion (perspective terrace illusion),L0__s20260820__0003.png::boost_h,L0,260820_boost_h_on,10.095,0.9842,-7.2352,-9.0359,60.577,180,h_mid (~0.9),d>=9,d>=6.8,4,0,4,nan,0.059709,nan,nan,0.098688,0.038979,nan,0.0,0.059709
b2,43,scene14,tread/landing self-occlusion (perspective terrace illusion),L0__s20260820__0004.png::boost_e,L0,260820_boost_e_on,6.7379,1.5701,-16.0704,-3.7589,60.2149,170,h_hi (~1.8),d<7,d 5.5-6.8,10,5,5,0.040329000000000004,0.032333,0.145814,0.105485,0.060146,0.027813,0.0,0.0,0.040329000000000004
b2,43,scene14,tread/landing self-occlusion (perspective terrace illusion),L0__s20260820__0004.png::boost_h,L0,260820_boost_h_on,6.7379,0.6465,-16.0704,-3.7589,60.2149,164,h_mid (~0.9),d<7,d 5.5-6.8,10,5,5,0.0436,0.014707000000000001,0.117496,0.073896,0.038147,0.02344,0.0,0.0,0.0436
b2,43,scene14,tread/landing self-occlusion (perspective terrace illusion),L0__s20260820__0005.png::boost_e,L0,260820_boost_e_on,8.1602,1.6314,-12.4022,9.6925,62.3957,179,h_hi (~1.8),d 7-9,d>=6.8,5,0,5,nan,0.03949899999999999,nan,nan,0.135876,0.096377,nan,0.0,0.03949899999999999
b2,43,scene14,tread/landing self-occlusion (perspective terrace illusion),L0__s20260820__0005.png::boost_h,L0,260820_boost_h_on,8.1602,0.7122,-12.4022,9.6925,62.3957,179,h_mid (~0.9),d 7-9,d>=6.8,5,0,5,nan,0.067304,nan,nan,0.142216,0.074912,nan,0.0,0.067304
b2,43,scene14,tread/landing self-occlusion (perspective terrace illusion),L0__s20260820__0006.png::boost_e,L0,260820_boost_e_on,8.239,1.2253,-16.5186,9.6527,62.4123,168,h_hi (~1.8),d 7-9,d>=6.8,5,0,5,nan,0.007823000000000004,nan,nan,0.062962,0.055139,nan,0.0,0.007823000000000004
b2,43,scene14,tread/landing self-occlusion (perspective terrace illusion),L0__s20260820__0006.png::boost_h,L0,260820_boost_h_on,8.239,0.2771,-16.5186,9.6527,62.4123,166,h_lo (robot ~0.3),d 7-9,d>=6.8,5,0,5,nan,0.020111,nan,nan,0.039043,0.018932,nan,0.0,0.020111
b2,43,scene14,tread/landing self-occlusion (perspective terrace illusion),L0__s20260820__0007.png::boost_e,L0,260820_boost_e_on,10.4613,1.2748,-6.1172,5.4847,60.0935,198,h_hi (~1.8),d>=9,d>=6.8,5,0,5,nan,0.0012850000000000014,nan,nan,0.039974,0.038689,nan,0.0,0.0012850000000000014
b2,43,scene14,tread/landing self-occlusion (perspective terrace illusion),L0__s20260820__0007.png::boost_h,L0,260820_boost_h_on,10.4613,0.3301,-6.1172,5.4847,60.0935,198,h_lo (robot ~0.3),d>=9,d>=6.8,5,0,5,nan,0.244884,nan,nan,0.32898,0.084096,nan,0.0,0.244884
b2,43,scene14,tread/landing self-occlusion (perspective terrace illusion),L5__s20260819__0000.png,L5,260819_main_on,4.7439,0.8483,-9.8586,1.429,61.6578,130,h_mid (~0.9),d<7,d<5.5,10,5,5,0.28043099999999993,0.15498800000000001,0.618068,0.337637,0.38473,0.229742,1.0,0.0,0.28043099999999993
b2,43,scene14,tread/landing self-occlusion (perspective terrace illusion),L5__s20260819__0001.png,L5,260819_main_on,7.036,1.2795,-8.9998,1.6524,61.4065,179,h_hi (~1.8),d 7-9,d>=6.8,9,4,5,0.10696900000000004,-0.027703000000000005,0.46333,0.356361,0.248959,0.276662,0.0,0.0,0.10696900000000004
b2,43,scene14,tread/landing self-occlusion (perspective terrace illusion),L5__s20260819__0003.png,L5,260819_main_on,4.594,0.9536,-3.2277,7.0829,62.9059,125,h_mid (~0.9),d<7,d<5.5,10,5,5,0.355803,0.24735600000000002,0.772546,0.416743,0.688621,0.441265,1.0,1.0,0.33128099999999994
b2,43,scene14,tread/landing self-occlusion (perspective terrace illusion),L5__s20260819__0004.png,L5,260819_main_on,8.4208,1.0624,-9.4161,-17.2604,60.9456,141,h_mid (~0.9),d 7-9,d>=6.8,4,0,4,nan,0.06390799999999999,nan,nan,0.14414,0.080232,nan,0.0,0.06390799999999999
b2,43,scene14,tread/landing self-occlusion (perspective terrace illusion),L5__s20260819__0006.png,L5,260819_main_on,6.5633,0.9635,-10.0252,-0.1653,61.7917,167,h_mid (~0.9),d<7,d 5.5-6.8,10,5,5,0.229987,0.128513,0.677176,0.447189,0.475836,0.347323,1.0,0.0,0.229987
b2,43,scene14,tread/landing self-occlusion (perspective terrace illusion),L5__s20260819__0007.png,L5,260819_main_on,4.9665,0.7236,-8.8174,0.2988,62.6318,132,h_mid (~0.9),d<7,d<5.5,10,5,5,0.19583199999999998,0.16725,0.427527,0.231695,0.331791,0.164541,0.0,0.0,0.19583199999999998
b2,43,scene14,tread/landing self-occlusion (perspective terrace illusion),L5__s20260820__0000.png::boost_e,L5,260820_boost_e_on,8.9228,1.4412,-8.1284,3.311,58.9789,189,h_hi (~1.8),d 7-9,d>=6.8,5,0,5,nan,0.095448,nan,nan,0.28253,0.187082,nan,0.0,0.095448
b2,43,scene14,tread/landing self-occlusion (perspective terrace illusion),L5__s20260820__0000.png::boost_h,L5,260820_boost_h_on,8.9228,0.5085,-8.1284,3.311,58.9789,188,h_lo (robot ~0.3),d 7-9,d>=6.8,5,0,5,nan,0.236684,nan,nan,0.496297,0.259613,nan,0.0,0.236684
b2,43,scene14,tread/landing self-occlusion (perspective terrace illusion),L5__s20260820__0001.png::boost_e,L5,260820_boost_e_on,11.2053,1.7168,-10.3828,-4.0507,61.2701,67,h_hi (~1.8),d>=9,d>=6.8,4,0,4,nan,-0.002623000000000014,nan,nan,0.140563,0.143186,nan,0.0,-0.002623000000000014
b2,43,scene14,tread/landing self-occlusion (perspective terrace illusion),L5__s20260820__0001.png::boost_h,L5,260820_boost_h_on,11.2053,0.8037,-10.3828,-4.0507,61.2701,67,h_mid (~0.9),d>=9,d>=6.8,4,0,4,nan,0.12720599999999999,nan,nan,0.230006,0.1028,nan,0.0,0.12720599999999999
b2,43,scene14,tread/landing self-occlusion (perspective terrace illusion),L5__s20260820__0003.png::boost_e,L5,260820_boost_e_on,10.095,1.8852,-7.2352,-9.0359,60.577,182,h_hi (~1.8),d>=9,d>=6.8,4,0,4,nan,-0.037739999999999996,nan,nan,0.179953,0.217693,nan,0.0,-0.037739999999999996
b2,43,scene14,tread/landing self-occlusion (perspective terrace illusion),L5__s20260820__0003.png::boost_h,L5,260820_boost_h_on,10.095,0.9842,-7.2352,-9.0359,60.577,180,h_mid (~0.9),d>=9,d>=6.8,4,0,4,nan,0.018155999999999978,nan,nan,0.153683,0.135527,nan,0.0,0.018155999999999978
b2,43,scene14,tread/landing self-occlusion (perspective terrace illusion),L5__s20260820__0004.png::boost_e,L5,260820_boost_e_on,6.7379,1.5701,-16.0704,-3.7589,60.2149,170,h_hi (~1.8),d<7,d 5.5-6.8,10,5,5,0.23470300000000002,0.187313,0.466384,0.231681,0.251427,0.064114,0.0,0.0,0.23470300000000002
b2,43,scene14,tread/landing self-occlusion (perspective terrace illusion),L5__s20260820__0004.png::boost_h,L5,260820_boost_h_on,6.7379,0.6465,-16.0704,-3.7589,60.2149,164,h_mid (~0.9),d<7,d 5.5-6.8,10,5,5,0.185407,0.09484199999999998,0.289464,0.104057,0.130848,0.036006,0.0,0.0,0.185407
b2,43,scene14,tread/landing self-occlusion (perspective terrace illusion),L5__s20260820__0005.png::boost_e,L5,260820_boost_e_on,8.1602,1.6314,-12.4022,9.6925,62.3957,179,h_hi (~1.8),d 7-9,d>=6.8,5,0,5,nan,0.13275700000000001,nan,nan,0.353839,0.221082,nan,0.0,0.13275700000000001
b2,43,scene14,tread/landing self-occlusion (perspective terrace illusion),L5__s20260820__0005.png::boost_h,L5,260820_boost_h_on,8.1602,0.7122,-12.4022,9.6925,62.3957,179,h_mid (~0.9),d 7-9,d>=6.8,5,0,5,nan,0.097328,nan,nan,0.231076,0.133748,nan,0.0,0.097328
b2,43,scene14,tread/landing self-occlusion (perspective terrace illusion),L5__s20260820__0006.png::boost_e,L5,260820_boost_e_on,8.239,1.2253,-16.5186,9.6527,62.4123,168,h_hi (~1.8),d 7-9,d>=6.8,5,0,5,nan,0.242438,nan,nan,0.343966,0.101528,nan,0.0,0.242438
b2,43,scene14,tread/landing self-occlusion (perspective terrace illusion),L5__s20260820__0006.png::boost_h,L5,260820_boost_h_on,8.239,0.2771,-16.5186,9.6527,62.4123,166,h_lo (robot ~0.3),d 7-9,d>=6.8,5,0,5,nan,0.037117,nan,nan,0.06308,0.025963,nan,0.0,0.037117
b2,43,scene14,tread/landing self-occlusion (perspective terrace illusion),L5__s20260820__0007.png::boost_e,L5,260820_boost_e_on,10.4613,1.2748,-6.1172,5.4847,60.0935,198,h_hi (~1.8),d>=9,d>=6.8,5,0,5,nan,0.148186,nan,nan,0.288254,0.140068,nan,0.0,0.148186
b2,43,scene14,tread/landing self-occlusion (perspective terrace illusion),L5__s20260820__0007.png::boost_h,L5,260820_boost_h_on,10.4613,0.3301,-6.1172,5.4847,60.0935,198,h_lo (robot ~0.3),d>=9,d>=6.8,5,0,5,nan,0.274843,nan,nan,0.497226,0.222383,nan,0.0,0.274843
b2,43,scene14,tread/landing self-occlusion (perspective terrace illusion),L7__s20260819__0000.png,L7,260819_main_on,4.7439,0.8483,-9.8586,1.429,61.6578,130,h_mid (~0.9),d<7,d<5.5,10,5,5,0.035971,0.06673300000000001,0.204964,0.168993,0.19156,0.124827,0.0,0.0,0.035971
b2,43,scene14,tread/landing self-occlusion (perspective terrace illusion),L7__s20260819__0001.png,L7,260819_main_on,7.036,1.2795,-8.9998,1.6524,61.4065,179,h_hi (~1.8),d 7-9,d>=6.8,9,4,5,0.06852399999999997,0.08172099999999999,0.252364,0.18384,0.186909,0.105188,0.0,0.0,0.06852399999999997
b2,43,scene14,tread/landing self-occlusion (perspective terrace illusion),L7__s20260819__0003.png,L7,260819_main_on,4.594,0.9536,-3.2277,7.0829,62.9059,125,h_mid (~0.9),d<7,d<5.5,10,5,5,0.33336999999999994,0.21670699999999993,0.635191,0.301821,0.582714,0.366007,1.0,1.0,0.2691839999999999
b2,43,scene14,tread/landing self-occlusion (perspective terrace illusion),L7__s20260819__0004.png,L7,260819_main_on,8.4208,1.0624,-9.4161,-17.2604,60.9456,141,h_mid (~0.9),d 7-9,d>=6.8,4,0,4,nan,0.006072000000000001,nan,nan,0.059168,0.053096,nan,0.0,0.006072000000000001
b2,43,scene14,tread/landing self-occlusion (perspective terrace illusion),L7__s20260819__0006.png,L7,260819_main_on,6.5633,0.9635,-10.0252,-0.1653,61.7917,167,h_mid (~0.9),d<7,d 5.5-6.8,10,5,5,0.06646199999999997,0.02612700000000001,0.447883,0.381421,0.487792,0.461665,0.0,0.0,0.02612700000000001
b2,43,scene14,tread/landing self-occlusion (perspective terrace illusion),L7__s20260819__0007.png,L7,260819_main_on,4.9665,0.7236,-8.8174,0.2988,62.6318,132,h_mid (~0.9),d<7,d<5.5,10,5,5,0.03959499999999999,0.05270400000000003,0.252264,0.212669,0.285932,0.233228,0.0,0.0,0.05270400000000003
b2,43,scene14,tread/landing self-occlusion (perspective terrace illusion),L7__s20260820__0000.png::boost_e,L7,260820_boost_e_on,8.9228,1.4412,-8.1284,3.311,58.9789,189,h_hi (~1.8),d 7-9,d>=6.8,5,0,5,nan,0.001444999999999974,nan,nan,0.22573,0.224285,nan,0.0,0.001444999999999974
b2,43,scene14,tread/landing self-occlusion (perspective terrace illusion),L7__s20260820__0000.png::boost_h,L7,260820_boost_h_on,8.9228,0.5085,-8.1284,3.311,58.9789,188,h_lo (robot ~0.3),d 7-9,d>=6.8,5,0,5,nan,0.17895299999999997,nan,nan,0.3187,0.139747,nan,0.0,0.17895299999999997
b2,43,scene14,tread/landing self-occlusion (perspective terrace illusion),L7__s20260820__0001.png::boost_e,L7,260820_boost_e_on,11.2053,1.7168,-10.3828,-4.0507,61.2701,67,h_hi (~1.8),d>=9,d>=6.8,4,0,4,nan,-0.012372999999999995,nan,nan,0.085104,0.097477,nan,0.0,-0.012372999999999995
b2,43,scene14,tread/landing self-occlusion (perspective terrace illusion),L7__s20260820__0001.png::boost_h,L7,260820_boost_h_on,11.2053,0.8037,-10.3828,-4.0507,61.2701,67,h_mid (~0.9),d>=9,d>=6.8,4,0,4,nan,0.078036,nan,nan,0.148644,0.070608,nan,0.0,0.078036
b2,43,scene14,tread/landing self-occlusion (perspective terrace illusion),L7__s20260820__0003.png::boost_e,L7,260820_boost_e_on,10.095,1.8852,-7.2352,-9.0359,60.577,182,h_hi (~1.8),d>=9,d>=6.8,4,0,4,nan,-0.050182000000000004,nan,nan,0.179252,0.229434,nan,0.0,-0.050182000000000004
b2,43,scene14,tread/landing self-occlusion (perspective terrace illusion),L7__s20260820__0003.png::boost_h,L7,260820_boost_h_on,10.095,0.9842,-7.2352,-9.0359,60.577,180,h_mid (~0.9),d>=9,d>=6.8,4,0,4,nan,0.03521199999999999,nan,nan,0.085795,0.050583,nan,0.0,0.03521199999999999
b2,43,scene14,tread/landing self-occlusion (perspective terrace illusion),L7__s20260820__0004.png::boost_e,L7,260820_boost_e_on,6.7379,1.5701,-16.0704,-3.7589,60.2149,170,h_hi (~1.8),d<7,d 5.5-6.8,10,5,5,0.088855,0.094552,0.176009,0.087154,0.119409,0.024857,0.0,0.0,0.088855
b2,43,scene14,tread/landing self-occlusion (perspective terrace illusion),L7__s20260820__0004.png::boost_h,L7,260820_boost_h_on,6.7379,0.6465,-16.0704,-3.7589,60.2149,164,h_mid (~0.9),d<7,d 5.5-6.8,10,5,5,0.04985,0.029398,0.088932,0.039082,0.046662,0.017264,0.0,0.0,0.04985
b2,43,scene14,tread/landing self-occlusion (perspective terrace illusion),L7__s20260820__0005.png::boost_e,L7,260820_boost_e_on,8.1602,1.6314,-12.4022,9.6925,62.3957,179,h_hi (~1.8),d 7-9,d>=6.8,5,0,5,nan,0.07480999999999999,nan,nan,0.250027,0.175217,nan,0.0,0.07480999999999999
b2,43,scene14,tread/landing self-occlusion (perspective terrace illusion),L7__s20260820__0005.png::boost_h,L7,260820_boost_h_on,8.1602,0.7122,-12.4022,9.6925,62.3957,179,h_mid (~0.9),d 7-9,d>=6.8,5,0,5,nan,0.088055,nan,nan,0.199102,0.111047,nan,0.0,0.088055
b2,43,scene14,tread/landing self-occlusion (perspective terrace illusion),L7__s20260820__0006.png::boost_e,L7,260820_boost_e_on,8.239,1.2253,-16.5186,9.6527,62.4123,168,h_hi (~1.8),d 7-9,d>=6.8,5,0,5,nan,0.026083000000000002,nan,nan,0.079724,0.053641,nan,0.0,0.026083000000000002
b2,43,scene14,tread/landing self-occlusion (perspective terrace illusion),L7__s20260820__0006.png::boost_h,L7,260820_boost_h_on,8.239,0.2771,-16.5186,9.6527,62.4123,166,h_lo (robot ~0.3),d 7-9,d>=6.8,5,0,5,nan,0.017987000000000003,nan,nan,0.037982,0.019995,nan,0.0,0.017987000000000003
b2,43,scene14,tread/landing self-occlusion (perspective terrace illusion),L7__s20260820__0007.png::boost_e,L7,260820_boost_e_on,10.4613,1.2748,-6.1172,5.4847,60.0935,198,h_hi (~1.8),d>=9,d>=6.8,5,0,5,nan,0.032472,nan,nan,0.102476,0.070004,nan,0.0,0.032472
b2,43,scene14,tread/landing self-occlusion (perspective terrace illusion),L7__s20260820__0007.png::boost_h,L7,260820_boost_h_on,10.4613,0.3301,-6.1172,5.4847,60.0935,198,h_lo (robot ~0.3),d>=9,d>=6.8,5,0,5,nan,0.391926,nan,nan,0.527892,0.135966,nan,1.0,0.391926
b2,43,scene15,lateral wall + 25deg bend (corridor occlusion),L0__s20260819__0000.png,L0,260819_main_on,9.9031,0.4233,-6.6317,-4.2143,61.8616,14,h_lo (robot ~0.3),d>=9,d>=6.8,1,0,1,nan,0.03520399999999996,nan,nan,0.398128,0.362924,nan,0.0,0.03520399999999996
b2,43,scene15,lateral wall + 25deg bend (corridor occlusion),L0__s20260820__0000.png::boost_e,L0,260820_boost_e_on,10.9914,0.3911,-13.637,-17.7914,62.7559,14,h_lo (robot ~0.3),d>=9,d>=6.8,2,0,2,nan,0.04991899999999999,nan,nan,0.542913,0.492994,nan,1.0,0.04991899999999999
b2,43,scene15,lateral wall + 25deg bend (corridor occlusion),L0__s20260820__0000.png::boost_h,L0,260820_boost_h_on,10.9914,0.3614,-13.637,-17.7914,62.7559,14,h_lo (robot ~0.3),d>=9,d>=6.8,2,0,2,nan,0.024235000000000007,nan,nan,0.583467,0.559232,nan,1.0,0.024235000000000007
b2,43,scene15,lateral wall + 25deg bend (corridor occlusion),L0__s20260820__0001.png::boost_h,L0,260820_boost_h_on,9.9013,0.8097,-6.8068,-11.8299,63.9125,14,h_mid (~0.9),d>=9,d>=6.8,1,0,1,nan,0.03455800000000009,nan,nan,0.619863,0.585305,nan,1.0,0.03455800000000009
b2,43,scene15,lateral wall + 25deg bend (corridor occlusion),L0__s20260820__0003.png::boost_e,L0,260820_boost_e_on,7.5147,0.4734,-11.0902,-4.9586,63.1815,14,h_lo (robot ~0.3),d 7-9,d>=6.8,4,2,2,0.05510399999999993,0.08985699999999996,0.65931,0.604206,0.698781,0.608924,1.0,1.0,0.08985699999999996
b2,43,scene15,lateral wall + 25deg bend (corridor occlusion),L0__s20260820__0003.png::boost_h,L0,260820_boost_h_on,7.5147,0.4263,-11.0902,-4.9586,63.1815,14,h_lo (robot ~0.3),d 7-9,d>=6.8,4,2,2,0.011334999999999984,0.060416000000000025,0.638049,0.626714,0.684246,0.62383,1.0,1.0,0.05753200000000003
b2,43,scene15,lateral wall + 25deg bend (corridor occlusion),L0__s20260820__0004.png::boost_e,L0,260820_boost_e_on,9.9583,0.8223,-12.6937,-3.4861,58.1207,14,h_mid (~0.9),d>=9,d>=6.8,2,0,2,nan,0.011163999999999952,nan,nan,0.540516,0.529352,nan,1.0,0.011163999999999952
b2,43,scene15,lateral wall + 25deg bend (corridor occlusion),L0__s20260820__0004.png::boost_h,L0,260820_boost_h_on,9.9583,0.7018,-12.6937,-3.4861,58.1207,14,h_mid (~0.9),d>=9,d>=6.8,2,0,2,nan,0.00813699999999995,nan,nan,0.512516,0.504379,nan,1.0,0.00813699999999995
b2,43,scene15,lateral wall + 25deg bend (corridor occlusion),L0__s20260820__0005.png::boost_e,L0,260820_boost_e_on,9.8366,0.3501,-5.4058,-7.3396,62.3314,14,h_lo (robot ~0.3),d>=9,d>=6.8,1,0,1,nan,0.024256,nan,nan,0.423108,0.398852,nan,0.0,0.024256
b2,43,scene15,lateral wall + 25deg bend (corridor occlusion),L0__s20260820__0005.png::boost_h,L0,260820_boost_h_on,9.8366,0.329,-5.4058,-7.3396,62.3314,14,h_lo (robot ~0.3),d>=9,d>=6.8,1,0,1,nan,-0.004002999999999979,nan,nan,0.424866,0.428869,nan,0.0,-0.004002999999999979
b2,43,scene15,lateral wall + 25deg bend (corridor occlusion),L0__s20260820__0006.png::boost_e,L0,260820_boost_e_on,6.9519,0.4701,-5.1828,6.8137,59.5209,14,h_lo (robot ~0.3),d<7,d>=6.8,4,2,2,0.030583999999999945,-0.031532000000000004,0.696101,0.665517,0.567601,0.599133,1.0,1.0,0.030583999999999945
b2,43,scene15,lateral wall + 25deg bend (corridor occlusion),L0__s20260820__0006.png::boost_h,L0,260820_boost_h_on,6.9519,0.4238,-5.1828,6.8137,59.5209,14,h_lo (robot ~0.3),d<7,d>=6.8,4,2,2,0.033717,-0.017819999999999947,0.669921,0.636204,0.557856,0.575676,1.0,1.0,0.033717
b2,43,scene15,lateral wall + 25deg bend (corridor occlusion),L4__s20260819__0000.png,L4,260819_main_on,9.9031,0.4233,-6.6317,-4.2143,61.8616,14,h_lo (robot ~0.3),d>=9,d>=6.8,1,0,1,nan,0.02099000000000001,nan,nan,0.476872,0.455882,nan,0.0,0.02099000000000001
b2,43,scene15,lateral wall + 25deg bend (corridor occlusion),L4__s20260820__0000.png::boost_e,L4,260820_boost_e_on,10.9914,0.3911,-13.637,-17.7914,62.7559,14,h_lo (robot ~0.3),d>=9,d>=6.8,2,0,2,nan,0.06281400000000004,nan,nan,0.78763,0.724816,nan,1.0,0.06281400000000004
b2,43,scene15,lateral wall + 25deg bend (corridor occlusion),L4__s20260820__0000.png::boost_h,L4,260820_boost_h_on,10.9914,0.3614,-13.637,-17.7914,62.7559,14,h_lo (robot ~0.3),d>=9,d>=6.8,2,0,2,nan,0.05905000000000005,nan,nan,0.826211,0.767161,nan,1.0,0.05905000000000005
b2,43,scene15,lateral wall + 25deg bend (corridor occlusion),L4__s20260820__0001.png::boost_h,L4,260820_boost_h_on,9.9013,0.8097,-6.8068,-11.8299,63.9125,14,h_mid (~0.9),d>=9,d>=6.8,1,0,1,nan,0.091646,nan,nan,0.62588,0.534234,nan,1.0,0.091646
b2,43,scene15,lateral wall + 25deg bend (corridor occlusion),L4__s20260820__0003.png::boost_e,L4,260820_boost_e_on,7.5147,0.4734,-11.0902,-4.9586,63.1815,14,h_lo (robot ~0.3),d 7-9,d>=6.8,4,2,2,0.04415199999999997,0.03334499999999996,0.631421,0.587269,0.779759,0.746414,1.0,1.0,0.03334499999999996
b2,43,scene15,lateral wall + 25deg bend (corridor occlusion),L4__s20260820__0003.png::boost_h,L4,260820_boost_h_on,7.5147,0.4263,-11.0902,-4.9586,63.1815,14,h_lo (robot ~0.3),d 7-9,d>=6.8,4,2,2,0.028595999999999955,0.007992999999999917,0.671805,0.643209,0.795874,0.787881,1.0,1.0,0.007992999999999917
b2,43,scene15,lateral wall + 25deg bend (corridor occlusion),L4__s20260820__0004.png::boost_e,L4,260820_boost_e_on,9.9583,0.8223,-12.6937,-3.4861,58.1207,14,h_mid (~0.9),d>=9,d>=6.8,2,0,2,nan,0.035546999999999995,nan,nan,0.676955,0.641408,nan,1.0,0.035546999999999995
b2,43,scene15,lateral wall + 25deg bend (corridor occlusion),L4__s20260820__0004.png::boost_h,L4,260820_boost_h_on,9.9583,0.7018,-12.6937,-3.4861,58.1207,14,h_mid (~0.9),d>=9,d>=6.8,2,0,2,nan,0.012579000000000007,nan,nan,0.668783,0.656204,nan,1.0,0.012579000000000007
b2,43,scene15,lateral wall + 25deg bend (corridor occlusion),L4__s20260820__0005.png::boost_e,L4,260820_boost_e_on,9.8366,0.3501,-5.4058,-7.3396,62.3314,14,h_lo (robot ~0.3),d>=9,d>=6.8,1,0,1,nan,0.02660399999999996,nan,nan,0.583923,0.557319,nan,1.0,0.02660399999999996
b2,43,scene15,lateral wall + 25deg bend (corridor occlusion),L4__s20260820__0005.png::boost_h,L4,260820_boost_h_on,9.8366,0.329,-5.4058,-7.3396,62.3314,14,h_lo (robot ~0.3),d>=9,d>=6.8,1,0,1,nan,0.008659000000000083,nan,nan,0.591952,0.583293,nan,1.0,0.008659000000000083
b2,43,scene15,lateral wall + 25deg bend (corridor occlusion),L4__s20260820__0006.png::boost_e,L4,260820_boost_e_on,6.9519,0.4701,-5.1828,6.8137,59.5209,14,h_lo (robot ~0.3),d<7,d>=6.8,4,2,2,0.035671999999999926,-0.03538300000000005,0.601644,0.565972,0.625772,0.661155,1.0,1.0,-0.03538300000000005
b2,43,scene15,lateral wall + 25deg bend (corridor occlusion),L4__s20260820__0006.png::boost_h,L4,260820_boost_h_on,6.9519,0.4238,-5.1828,6.8137,59.5209,14,h_lo (robot ~0.3),d<7,d>=6.8,4,2,2,0.038455999999999935,-0.02237699999999998,0.567283,0.528827,0.604264,0.626641,1.0,1.0,-0.02237699999999998
b2,43,scene15,lateral wall + 25deg bend (corridor occlusion),L7__s20260819__0000.png,L7,260819_main_on,9.9031,0.4233,-6.6317,-4.2143,61.8616,14,h_lo (robot ~0.3),d>=9,d>=6.8,1,0,1,nan,0.04419400000000007,nan,nan,0.573613,0.529419,nan,1.0,0.04419400000000007
b2,43,scene15,lateral wall + 25deg bend (corridor occlusion),L7__s20260820__0000.png::boost_e,L7,260820_boost_e_on,10.9914,0.3911,-13.637,-17.7914,62.7559,14,h_lo (robot ~0.3),d>=9,d>=6.8,2,0,2,nan,0.08830299999999991,nan,nan,0.728223,0.63992,nan,1.0,0.08830299999999991
b2,43,scene15,lateral wall + 25deg bend (corridor occlusion),L7__s20260820__0000.png::boost_h,L7,260820_boost_h_on,10.9914,0.3614,-13.637,-17.7914,62.7559,14,h_lo (robot ~0.3),d>=9,d>=6.8,2,0,2,nan,0.09694899999999995,nan,nan,0.773724,0.676775,nan,1.0,0.09694899999999995
b2,43,scene15,lateral wall + 25deg bend (corridor occlusion),L7__s20260820__0001.png::boost_h,L7,260820_boost_h_on,9.9013,0.8097,-6.8068,-11.8299,63.9125,14,h_mid (~0.9),d>=9,d>=6.8,1,0,1,nan,0.06082500000000002,nan,nan,0.710117,0.649292,nan,1.0,0.06082500000000002
b2,43,scene15,lateral wall + 25deg bend (corridor occlusion),L7__s20260820__0003.png::boost_e,L7,260820_boost_e_on,7.5147,0.4734,-11.0902,-4.9586,63.1815,14,h_lo (robot ~0.3),d 7-9,d>=6.8,4,2,2,0.030411999999999995,0.019324999999999926,0.662014,0.631602,0.744068,0.724743,1.0,1.0,0.019324999999999926
b2,43,scene15,lateral wall + 25deg bend (corridor occlusion),L7__s20260820__0003.png::boost_h,L7,260820_boost_h_on,7.5147,0.4263,-11.0902,-4.9586,63.1815,14,h_lo (robot ~0.3),d 7-9,d>=6.8,4,2,2,0.028835999999999973,0.053153000000000006,0.662651,0.633815,0.749988,0.696835,1.0,1.0,0.053153000000000006
b2,43,scene15,lateral wall + 25deg bend (corridor occlusion),L7__s20260820__0004.png::boost_e,L7,260820_boost_e_on,9.9583,0.8223,-12.6937,-3.4861,58.1207,14,h_mid (~0.9),d>=9,d>=6.8,2,0,2,nan,0.044618999999999964,nan,nan,0.616308,0.571689,nan,1.0,0.044618999999999964
b2,43,scene15,lateral wall + 25deg bend (corridor occlusion),L7__s20260820__0004.png::boost_h,L7,260820_boost_h_on,9.9583,0.7018,-12.6937,-3.4861,58.1207,14,h_mid (~0.9),d>=9,d>=6.8,2,0,2,nan,0.04173200000000005,nan,nan,0.537436,0.495704,nan,1.0,0.04173200000000005
b2,43,scene15,lateral wall + 25deg bend (corridor occlusion),L7__s20260820__0005.png::boost_e,L7,260820_boost_e_on,9.8366,0.3501,-5.4058,-7.3396,62.3314,14,h_lo (robot ~0.3),d>=9,d>=6.8,1,0,1,nan,0.015090999999999966,nan,nan,0.560727,0.545636,nan,1.0,0.015090999999999966
b2,43,scene15,lateral wall + 25deg bend (corridor occlusion),L7__s20260820__0005.png::boost_h,L7,260820_boost_h_on,9.8366,0.329,-5.4058,-7.3396,62.3314,14,h_lo (robot ~0.3),d>=9,d>=6.8,1,0,1,nan,-0.058562,nan,nan,0.553292,0.611854,nan,1.0,-0.058562
b2,43,scene15,lateral wall + 25deg bend (corridor occlusion),L7__s20260820__0006.png::boost_e,L7,260820_boost_e_on,6.9519,0.4701,-5.1828,6.8137,59.5209,14,h_lo (robot ~0.3),d<7,d>=6.8,4,2,2,0.04039499999999996,-0.03322000000000003,0.637718,0.597323,0.639156,0.672376,1.0,1.0,-0.03322000000000003
b2,43,scene15,lateral wall + 25deg bend (corridor occlusion),L7__s20260820__0006.png::boost_h,L7,260820_boost_h_on,6.9519,0.4238,-5.1828,6.8137,59.5209,14,h_lo (robot ~0.3),d<7,d>=6.8,4,2,2,0.06835000000000002,-0.018689999999999984,0.6652,0.59685,0.609485,0.628175,1.0,1.0,0.037024999999999975
b2,44,scene14,tread/landing self-occlusion (perspective terrace illusion),L0__s20260819__0000.png,L0,260819_main_on,4.7439,0.8483,-9.8586,1.429,61.6578,130,h_mid (~0.9),d<7,d<5.5,10,5,5,0.07775299999999999,0.598118,0.07873,0.000977,0.600724,0.002606,0.0,1.0,0.598118
b2,44,scene14,tread/landing self-occlusion (perspective terrace illusion),L0__s20260819__0001.png,L0,260819_main_on,7.036,1.2795,-8.9998,1.6524,61.4065,179,h_hi (~1.8),d 7-9,d>=6.8,9,4,5,0.195799,0.660163,0.1995,0.003701,0.662957,0.002794,0.0,1.0,0.6592560000000001
b2,44,scene14,tread/landing self-occlusion (perspective terrace illusion),L0__s20260819__0003.png,L0,260819_main_on,4.594,0.9536,-3.2277,7.0829,62.9059,125,h_mid (~0.9),d<7,d<5.5,10,5,5,0.067063,0.755405,0.069164,0.002101,0.758857,0.003452,0.0,1.0,0.755405
b2,44,scene14,tread/landing self-occlusion (perspective terrace illusion),L0__s20260819__0004.png,L0,260819_main_on,8.4208,1.0624,-9.4161,-17.2604,60.9456,141,h_mid (~0.9),d 7-9,d>=6.8,4,0,4,nan,0.0046630000000000005,nan,nan,0.005139,0.000476,nan,0.0,0.0046630000000000005
b2,44,scene14,tread/landing self-occlusion (perspective terrace illusion),L0__s20260819__0006.png,L0,260819_main_on,6.5633,0.9635,-10.0252,-0.1653,61.7917,167,h_mid (~0.9),d<7,d 5.5-6.8,10,5,5,0.012674999999999999,0.10576200000000001,0.015165,0.00249,0.108894,0.003132,0.0,0.0,0.10576200000000001
b2,44,scene14,tread/landing self-occlusion (perspective terrace illusion),L0__s20260819__0007.png,L0,260819_main_on,4.9665,0.7236,-8.8174,0.2988,62.6318,132,h_mid (~0.9),d<7,d<5.5,10,5,5,0.045953,0.12389700000000001,0.048685,0.002732,0.132644,0.008747,0.0,0.0,0.12389700000000001
b2,44,scene14,tread/landing self-occlusion (perspective terrace illusion),L0__s20260820__0000.png::boost_e,L0,260820_boost_e_on,8.9228,1.4412,-8.1284,3.311,58.9789,189,h_hi (~1.8),d 7-9,d>=6.8,5,0,5,nan,0.066364,nan,nan,0.067607,0.001243,nan,0.0,0.066364
b2,44,scene14,tread/landing self-occlusion (perspective terrace illusion),L0__s20260820__0000.png::boost_h,L0,260820_boost_h_on,8.9228,0.5085,-8.1284,3.311,58.9789,188,h_lo (robot ~0.3),d 7-9,d>=6.8,5,0,5,nan,0.009656000000000001,nan,nan,0.010717,0.001061,nan,0.0,0.009656000000000001
b2,44,scene14,tread/landing self-occlusion (perspective terrace illusion),L0__s20260820__0001.png::boost_e,L0,260820_boost_e_on,11.2053,1.7168,-10.3828,-4.0507,61.2701,67,h_hi (~1.8),d>=9,d>=6.8,4,0,4,nan,0.06255999999999999,nan,nan,0.068364,0.005804,nan,0.0,0.06255999999999999
b2,44,scene14,tread/landing self-occlusion (perspective terrace illusion),L0__s20260820__0001.png::boost_h,L0,260820_boost_h_on,11.2053,0.8037,-10.3828,-4.0507,61.2701,67,h_mid (~0.9),d>=9,d>=6.8,4,0,4,nan,0.690082,nan,nan,0.692735,0.002653,nan,1.0,0.690082
b2,44,scene14,tread/landing self-occlusion (perspective terrace illusion),L0__s20260820__0003.png::boost_e,L0,260820_boost_e_on,10.095,1.8852,-7.2352,-9.0359,60.577,182,h_hi (~1.8),d>=9,d>=6.8,4,0,4,nan,0.52672,nan,nan,0.528438,0.001718,nan,1.0,0.52672
b2,44,scene14,tread/landing self-occlusion (perspective terrace illusion),L0__s20260820__0003.png::boost_h,L0,260820_boost_h_on,10.095,0.9842,-7.2352,-9.0359,60.577,180,h_mid (~0.9),d>=9,d>=6.8,4,0,4,nan,0.027587,nan,nan,0.028085,0.000498,nan,0.0,0.027587
b2,44,scene14,tread/landing self-occlusion (perspective terrace illusion),L0__s20260820__0004.png::boost_e,L0,260820_boost_e_on,6.7379,1.5701,-16.0704,-3.7589,60.2149,170,h_hi (~1.8),d<7,d 5.5-6.8,10,5,5,0.7233649999999999,0.753138,0.724173,0.000808,0.754529,0.001391,1.0,1.0,0.753138
b2,44,scene14,tread/landing self-occlusion (perspective terrace illusion),L0__s20260820__0004.png::boost_h,L0,260820_boost_h_on,6.7379,0.6465,-16.0704,-3.7589,60.2149,164,h_mid (~0.9),d<7,d 5.5-6.8,10,5,5,0.002202,0.001428,0.002508,0.000306,0.001675,0.000247,0.0,0.0,0.002202
b2,44,scene14,tread/landing self-occlusion (perspective terrace illusion),L0__s20260820__0005.png::boost_e,L0,260820_boost_e_on,8.1602,1.6314,-12.4022,9.6925,62.3957,179,h_hi (~1.8),d 7-9,d>=6.8,5,0,5,nan,0.313219,nan,nan,0.314163,0.000944,nan,0.0,0.313219
b2,44,scene14,tread/landing self-occlusion (perspective terrace illusion),L0__s20260820__0005.png::boost_h,L0,260820_boost_h_on,8.1602,0.7122,-12.4022,9.6925,62.3957,179,h_mid (~0.9),d 7-9,d>=6.8,5,0,5,nan,0.017664,nan,nan,0.01888,0.001216,nan,0.0,0.017664
b2,44,scene14,tread/landing self-occlusion (perspective terrace illusion),L0__s20260820__0006.png::boost_e,L0,260820_boost_e_on,8.239,1.2253,-16.5186,9.6527,62.4123,168,h_hi (~1.8),d 7-9,d>=6.8,5,0,5,nan,0.0075569999999999995,nan,nan,0.008069,0.000512,nan,0.0,0.0075569999999999995
b2,44,scene14,tread/landing self-occlusion (perspective terrace illusion),L0__s20260820__0006.png::boost_h,L0,260820_boost_h_on,8.239,0.2771,-16.5186,9.6527,62.4123,166,h_lo (robot ~0.3),d 7-9,d>=6.8,5,0,5,nan,0.003105,nan,nan,0.003453,0.000348,nan,0.0,0.003105
b2,44,scene14,tread/landing self-occlusion (perspective terrace illusion),L0__s20260820__0007.png::boost_e,L0,260820_boost_e_on,10.4613,1.2748,-6.1172,5.4847,60.0935,198,h_hi (~1.8),d>=9,d>=6.8,5,0,5,nan,0.283544,nan,nan,0.286269,0.002725,nan,0.0,0.283544
b2,44,scene14,tread/landing self-occlusion (perspective terrace illusion),L0__s20260820__0007.png::boost_h,L0,260820_boost_h_on,10.4613,0.3301,-6.1172,5.4847,60.0935,198,h_lo (robot ~0.3),d>=9,d>=6.8,5,0,5,nan,0.16988,nan,nan,0.171183,0.001303,nan,0.0,0.16988
b2,44,scene14,tread/landing self-occlusion (perspective terrace illusion),L5__s20260819__0000.png,L5,260819_main_on,4.7439,0.8483,-9.8586,1.429,61.6578,130,h_mid (~0.9),d<7,d<5.5,10,5,5,0.042568,0.773336,0.042818,0.00025,0.774467,0.001131,0.0,1.0,0.773336
b2,44,scene14,tread/landing self-occlusion (perspective terrace illusion),L5__s20260819__0001.png,L5,260819_main_on,7.036,1.2795,-8.9998,1.6524,61.4065,179,h_hi (~1.8),d 7-9,d>=6.8,9,4,5,0.136265,0.963692,0.13794,0.001675,0.971892,0.0082,0.0,1.0,0.963692
b2,44,scene14,tread/landing self-occlusion (perspective terrace illusion),L5__s20260819__0003.png,L5,260819_main_on,4.594,0.9536,-3.2277,7.0829,62.9059,125,h_mid (~0.9),d<7,d<5.5,10,5,5,0.048827999999999996,0.714298,0.05001,0.001182,0.717231,0.002933,0.0,1.0,0.714298
b2,44,scene14,tread/landing self-occlusion (perspective terrace illusion),L5__s20260819__0004.png,L5,260819_main_on,8.4208,1.0624,-9.4161,-17.2604,60.9456,141,h_mid (~0.9),d 7-9,d>=6.8,4,0,4,nan,0.0018830000000000001,nan,nan,0.002236,0.000353,nan,0.0,0.0018830000000000001
b2,44,scene14,tread/landing self-occlusion (perspective terrace illusion),L5__s20260819__0006.png,L5,260819_main_on,6.5633,0.9635,-10.0252,-0.1653,61.7917,167,h_mid (~0.9),d<7,d 5.5-6.8,10,5,5,0.012393,0.186965,0.013611,0.001218,0.188738,0.001773,0.0,0.0,0.186965
b2,44,scene14,tread/landing self-occlusion (perspective terrace illusion),L5__s20260819__0007.png,L5,260819_main_on,4.9665,0.7236,-8.8174,0.2988,62.6318,132,h_mid (~0.9),d<7,d<5.5,10,5,5,0.039563,0.094764,0.040217,0.000654,0.095401,0.000637,0.0,0.0,0.094747
b2,44,scene14,tread/landing self-occlusion (perspective terrace illusion),L5__s20260820__0000.png::boost_e,L5,260820_boost_e_on,8.9228,1.4412,-8.1284,3.311,58.9789,189,h_hi (~1.8),d 7-9,d>=6.8,5,0,5,nan,0.042873,nan,nan,0.044438,0.001565,nan,0.0,0.042873
b2,44,scene14,tread/landing self-occlusion (perspective terrace illusion),L5__s20260820__0000.png::boost_h,L5,260820_boost_h_on,8.9228,0.5085,-8.1284,3.311,58.9789,188,h_lo (robot ~0.3),d 7-9,d>=6.8,5,0,5,nan,0.014898000000000002,nan,nan,0.015942,0.001044,nan,0.0,0.014898000000000002
b2,44,scene14,tread/landing self-occlusion (perspective terrace illusion),L5__s20260820__0001.png::boost_e,L5,260820_boost_e_on,11.2053,1.7168,-10.3828,-4.0507,61.2701,67,h_hi (~1.8),d>=9,d>=6.8,4,0,4,nan,0.20658800000000002,nan,nan,0.208549,0.001961,nan,0.0,0.20658800000000002
b2,44,scene14,tread/landing self-occlusion (perspective terrace illusion),L5__s20260820__0001.png::boost_h,L5,260820_boost_h_on,11.2053,0.8037,-10.3828,-4.0507,61.2701,67,h_mid (~0.9),d>=9,d>=6.8,4,0,4,nan,0.571709,nan,nan,0.572881,0.001172,nan,1.0,0.571709
b2,44,scene14,tread/landing self-occlusion (perspective terrace illusion),L5__s20260820__0003.png::boost_e,L5,260820_boost_e_on,10.095,1.8852,-7.2352,-9.0359,60.577,182,h_hi (~1.8),d>=9,d>=6.8,4,0,4,nan,0.864194,nan,nan,0.865716,0.001522,nan,1.0,0.864194
b2,44,scene14,tread/landing self-occlusion (perspective terrace illusion),L5__s20260820__0003.png::boost_h,L5,260820_boost_h_on,10.095,0.9842,-7.2352,-9.0359,60.577,180,h_mid (~0.9),d>=9,d>=6.8,4,0,4,nan,0.002473,nan,nan,0.003047,0.000574,nan,0.0,0.002473
b2,44,scene14,tread/landing self-occlusion (perspective terrace illusion),L5__s20260820__0004.png::boost_e,L5,260820_boost_e_on,6.7379,1.5701,-16.0704,-3.7589,60.2149,170,h_hi (~1.8),d<7,d 5.5-6.8,10,5,5,0.5816570000000001,0.705161,0.582076,0.000419,0.70577,0.000609,1.0,1.0,0.705161
b2,44,scene14,tread/landing self-occlusion (perspective terrace illusion),L5__s20260820__0004.png::boost_h,L5,260820_boost_h_on,6.7379,0.6465,-16.0704,-3.7589,60.2149,164,h_mid (~0.9),d<7,d 5.5-6.8,10,5,5,0.001365,0.001312,0.001625,0.00026,0.001478,0.000166,0.0,0.0,0.001365
b2,44,scene14,tread/landing self-occlusion (perspective terrace illusion),L5__s20260820__0005.png::boost_e,L5,260820_boost_e_on,8.1602,1.6314,-12.4022,9.6925,62.3957,179,h_hi (~1.8),d 7-9,d>=6.8,5,0,5,nan,0.033544000000000004,nan,nan,0.034166,0.000622,nan,0.0,0.033544000000000004
b2,44,scene14,tread/landing self-occlusion (perspective terrace illusion),L5__s20260820__0005.png::boost_h,L5,260820_boost_h_on,8.1602,0.7122,-12.4022,9.6925,62.3957,179,h_mid (~0.9),d 7-9,d>=6.8,5,0,5,nan,0.002541,nan,nan,0.003034,0.000493,nan,0.0,0.002541
b2,44,scene14,tread/landing self-occlusion (perspective terrace illusion),L5__s20260820__0006.png::boost_e,L5,260820_boost_e_on,8.239,1.2253,-16.5186,9.6527,62.4123,168,h_hi (~1.8),d 7-9,d>=6.8,5,0,5,nan,0.003066,nan,nan,0.003412,0.000346,nan,0.0,0.003066
b2,44,scene14,tread/landing self-occlusion (perspective terrace illusion),L5__s20260820__0006.png::boost_h,L5,260820_boost_h_on,8.239,0.2771,-16.5186,9.6527,62.4123,166,h_lo (robot ~0.3),d 7-9,d>=6.8,5,0,5,nan,0.001435,nan,nan,0.001861,0.000426,nan,0.0,0.001435
b2,44,scene14,tread/landing self-occlusion (perspective terrace illusion),L5__s20260820__0007.png::boost_e,L5,260820_boost_e_on,10.4613,1.2748,-6.1172,5.4847,60.0935,198,h_hi (~1.8),d>=9,d>=6.8,5,0,5,nan,0.065398,nan,nan,0.066382,0.000984,nan,0.0,0.065398
b2,44,scene14,tread/landing self-occlusion (perspective terrace illusion),L5__s20260820__0007.png::boost_h,L5,260820_boost_h_on,10.4613,0.3301,-6.1172,5.4847,60.0935,198,h_lo (robot ~0.3),d>=9,d>=6.8,5,0,5,nan,0.947566,nan,nan,0.948835,0.001269,nan,1.0,0.947566
b2,44,scene14,tread/landing self-occlusion (perspective terrace illusion),L7__s20260819__0000.png,L7,260819_main_on,4.7439,0.8483,-9.8586,1.429,61.6578,130,h_mid (~0.9),d<7,d<5.5,10,5,5,0.029157,0.738008,0.029566,0.000409,0.739702,0.001694,0.0,1.0,0.738008
b2,44,scene14,tread/landing self-occlusion (perspective terrace illusion),L7__s20260819__0001.png,L7,260819_main_on,7.036,1.2795,-8.9998,1.6524,61.4065,179,h_hi (~1.8),d 7-9,d>=6.8,9,4,5,0.103379,0.929298,0.104226,0.000847,0.931875,0.002577,0.0,1.0,0.929298
b2,44,scene14,tread/landing self-occlusion (perspective terrace illusion),L7__s20260819__0003.png,L7,260819_main_on,4.594,0.9536,-3.2277,7.0829,62.9059,125,h_mid (~0.9),d<7,d<5.5,10,5,5,0.238291,0.878181,0.238809,0.000518,0.879795,0.001614,0.0,1.0,0.878181
b2,44,scene14,tread/landing self-occlusion (perspective terrace illusion),L7__s20260819__0004.png,L7,260819_main_on,8.4208,1.0624,-9.4161,-17.2604,60.9456,141,h_mid (~0.9),d 7-9,d>=6.8,4,0,4,nan,0.0033439999999999998,nan,nan,0.003894,0.00055,nan,0.0,0.0033439999999999998
b2,44,scene14,tread/landing self-occlusion (perspective terrace illusion),L7__s20260819__0006.png,L7,260819_main_on,6.5633,0.9635,-10.0252,-0.1653,61.7917,167,h_mid (~0.9),d<7,d 5.5-6.8,10,5,5,0.044648999999999994,0.29045699999999997,0.045131,0.000482,0.293813,0.003356,0.0,0.0,0.29045699999999997
b2,44,scene14,tread/landing self-occlusion (perspective terrace illusion),L7__s20260819__0007.png,L7,260819_main_on,4.9665,0.7236,-8.8174,0.2988,62.6318,132,h_mid (~0.9),d<7,d<5.5,10,5,5,0.029483000000000002,0.13133899999999998,0.029971,0.000488,0.132371,0.001032,0.0,0.0,0.13133899999999998
b2,44,scene14,tread/landing self-occlusion (perspective terrace illusion),L7__s20260820__0000.png::boost_e,L7,260820_boost_e_on,8.9228,1.4412,-8.1284,3.311,58.9789,189,h_hi (~1.8),d 7-9,d>=6.8,5,0,5,nan,0.023398,nan,nan,0.024217,0.000819,nan,0.0,0.023398
b2,44,scene14,tread/landing self-occlusion (perspective terrace illusion),L7__s20260820__0000.png::boost_h,L7,260820_boost_h_on,8.9228,0.5085,-8.1284,3.311,58.9789,188,h_lo (robot ~0.3),d 7-9,d>=6.8,5,0,5,nan,0.004521,nan,nan,0.005207,0.000686,nan,0.0,0.004521
b2,44,scene14,tread/landing self-occlusion (perspective terrace illusion),L7__s20260820__0001.png::boost_e,L7,260820_boost_e_on,11.2053,1.7168,-10.3828,-4.0507,61.2701,67,h_hi (~1.8),d>=9,d>=6.8,4,0,4,nan,0.135428,nan,nan,0.136995,0.001567,nan,0.0,0.135428
b2,44,scene14,tread/landing self-occlusion (perspective terrace illusion),L7__s20260820__0001.png::boost_h,L7,260820_boost_h_on,11.2053,0.8037,-10.3828,-4.0507,61.2701,67,h_mid (~0.9),d>=9,d>=6.8,4,0,4,nan,0.881563,nan,nan,0.883327,0.001764,nan,1.0,0.881563
b2,44,scene14,tread/landing self-occlusion (perspective terrace illusion),L7__s20260820__0003.png::boost_e,L7,260820_boost_e_on,10.095,1.8852,-7.2352,-9.0359,60.577,182,h_hi (~1.8),d>=9,d>=6.8,4,0,4,nan,0.766028,nan,nan,0.767205,0.001177,nan,1.0,0.766028
b2,44,scene14,tread/landing self-occlusion (perspective terrace illusion),L7__s20260820__0003.png::boost_h,L7,260820_boost_h_on,10.095,0.9842,-7.2352,-9.0359,60.577,180,h_mid (~0.9),d>=9,d>=6.8,4,0,4,nan,0.00953,nan,nan,0.010119,0.000589,nan,0.0,0.00953
b2,44,scene14,tread/landing self-occlusion (perspective terrace illusion),L7__s20260820__0004.png::boost_e,L7,260820_boost_e_on,6.7379,1.5701,-16.0704,-3.7589,60.2149,170,h_hi (~1.8),d<7,d 5.5-6.8,10,5,5,0.657354,0.832902,0.657809,0.000455,0.833437,0.000535,1.0,1.0,0.832902
b2,44,scene14,tread/landing self-occlusion (perspective terrace illusion),L7__s20260820__0004.png::boost_h,L7,260820_boost_h_on,6.7379,0.6465,-16.0704,-3.7589,60.2149,164,h_mid (~0.9),d<7,d 5.5-6.8,10,5,5,0.002133,0.0024400000000000003,0.002275,0.000142,0.002667,0.000227,0.0,0.0,0.0024400000000000003
b2,44,scene14,tread/landing self-occlusion (perspective terrace illusion),L7__s20260820__0005.png::boost_e,L7,260820_boost_e_on,8.1602,1.6314,-12.4022,9.6925,62.3957,179,h_hi (~1.8),d 7-9,d>=6.8,5,0,5,nan,0.20121,nan,nan,0.202385,0.001175,nan,0.0,0.20121
b2,44,scene14,tread/landing self-occlusion (perspective terrace illusion),L7__s20260820__0005.png::boost_h,L7,260820_boost_h_on,8.1602,0.7122,-12.4022,9.6925,62.3957,179,h_mid (~0.9),d 7-9,d>=6.8,5,0,5,nan,0.006339,nan,nan,0.007044,0.000705,nan,0.0,0.006339
b2,44,scene14,tread/landing self-occlusion (perspective terrace illusion),L7__s20260820__0006.png::boost_e,L7,260820_boost_e_on,8.239,1.2253,-16.5186,9.6527,62.4123,168,h_hi (~1.8),d 7-9,d>=6.8,5,0,5,nan,0.0037140000000000003,nan,nan,0.004085,0.000371,nan,0.0,0.0037140000000000003
b2,44,scene14,tread/landing self-occlusion (perspective terrace illusion),L7__s20260820__0006.png::boost_h,L7,260820_boost_h_on,8.239,0.2771,-16.5186,9.6527,62.4123,166,h_lo (robot ~0.3),d 7-9,d>=6.8,5,0,5,nan,0.003142,nan,nan,0.003521,0.000379,nan,0.0,0.003142
b2,44,scene14,tread/landing self-occlusion (perspective terrace illusion),L7__s20260820__0007.png::boost_e,L7,260820_boost_e_on,10.4613,1.2748,-6.1172,5.4847,60.0935,198,h_hi (~1.8),d>=9,d>=6.8,5,0,5,nan,0.112262,nan,nan,0.113138,0.000876,nan,0.0,0.112262
b2,44,scene14,tread/landing self-occlusion (perspective terrace illusion),L7__s20260820__0007.png::boost_h,L7,260820_boost_h_on,10.4613,0.3301,-6.1172,5.4847,60.0935,198,h_lo (robot ~0.3),d>=9,d>=6.8,5,0,5,nan,0.575682,nan,nan,0.576696,0.001014,nan,1.0,0.575682
b2,44,scene15,lateral wall + 25deg bend (corridor occlusion),L0__s20260819__0000.png,L0,260819_main_on,9.9031,0.4233,-6.6317,-4.2143,61.8616,14,h_lo (robot ~0.3),d>=9,d>=6.8,1,0,1,nan,0.0003870000000000002,nan,nan,0.002612,0.002225,nan,0.0,0.0003870000000000002
b2,44,scene15,lateral wall + 25deg bend (corridor occlusion),L0__s20260820__0000.png::boost_e,L0,260820_boost_e_on,10.9914,0.3911,-13.637,-17.7914,62.7559,14,h_lo (robot ~0.3),d>=9,d>=6.8,2,0,2,nan,-6.7e-05,nan,nan,0.000292,0.000359,nan,0.0,-6.7e-05
b2,44,scene15,lateral wall + 25deg bend (corridor occlusion),L0__s20260820__0000.png::boost_h,L0,260820_boost_h_on,10.9914,0.3614,-13.637,-17.7914,62.7559,14,h_lo (robot ~0.3),d>=9,d>=6.8,2,0,2,nan,-0.00017900000000000001,nan,nan,0.000491,0.00067,nan,0.0,-0.00017900000000000001
b2,44,scene15,lateral wall + 25deg bend (corridor occlusion),L0__s20260820__0001.png::boost_h,L0,260820_boost_h_on,9.9013,0.8097,-6.8068,-11.8299,63.9125,14,h_mid (~0.9),d>=9,d>=6.8,1,0,1,nan,0.01098,nan,nan,0.015858,0.004878,nan,0.0,0.01098
b2,44,scene15,lateral wall + 25deg bend (corridor occlusion),L0__s20260820__0003.png::boost_e,L0,260820_boost_e_on,7.5147,0.4734,-11.0902,-4.9586,63.1815,14,h_lo (robot ~0.3),d 7-9,d>=6.8,4,2,2,3.000000000000005e-06,1.9000000000000028e-05,0.000119,0.000116,0.000362,0.000343,0.0,0.0,1.9000000000000028e-05
b2,44,scene15,lateral wall + 25deg bend (corridor occlusion),L0__s20260820__0003.png::boost_h,L0,260820_boost_h_on,7.5147,0.4263,-11.0902,-4.9586,63.1815,14,h_lo (robot ~0.3),d 7-9,d>=6.8,4,2,2,8.000000000000005e-06,0.00017599999999999994,0.000193,0.000185,0.000739,0.000563,0.0,0.0,0.00017599999999999994
b2,44,scene15,lateral wall + 25deg bend (corridor occlusion),L0__s20260820__0004.png::boost_e,L0,260820_boost_e_on,9.9583,0.8223,-12.6937,-3.4861,58.1207,14,h_mid (~0.9),d>=9,d>=6.8,2,0,2,nan,-9.599999999999995e-05,nan,nan,0.001056,0.001152,nan,0.0,-9.599999999999995e-05
b2,44,scene15,lateral wall + 25deg bend (corridor occlusion),L0__s20260820__0004.png::boost_h,L0,260820_boost_h_on,9.9583,0.7018,-12.6937,-3.4861,58.1207,14,h_mid (~0.9),d>=9,d>=6.8,2,0,2,nan,0.000626,nan,nan,0.001848,0.001222,nan,0.0,0.000626
b2,44,scene15,lateral wall + 25deg bend (corridor occlusion),L0__s20260820__0005.png::boost_e,L0,260820_boost_e_on,9.8366,0.3501,-5.4058,-7.3396,62.3314,14,h_lo (robot ~0.3),d>=9,d>=6.8,1,0,1,nan,-0.00035699999999999995,nan,nan,0.000418,0.000775,nan,0.0,-0.00035699999999999995
b2,44,scene15,lateral wall + 25deg bend (corridor occlusion),L0__s20260820__0005.png::boost_h,L0,260820_boost_h_on,9.8366,0.329,-5.4058,-7.3396,62.3314,14,h_lo (robot ~0.3),d>=9,d>=6.8,1,0,1,nan,-0.0005020000000000001,nan,nan,0.000513,0.001015,nan,0.0,-0.0005020000000000001
b2,44,scene15,lateral wall + 25deg bend (corridor occlusion),L0__s20260820__0006.png::boost_e,L0,260820_boost_e_on,6.9519,0.4701,-5.1828,6.8137,59.5209,14,h_lo (robot ~0.3),d<7,d>=6.8,4,2,2,0.000415,6.900000000000005e-05,0.001369,0.000954,0.000612,0.000543,0.0,0.0,0.000415
b2,44,scene15,lateral wall + 25deg bend (corridor occlusion),L0__s20260820__0006.png::boost_h,L0,260820_boost_h_on,6.9519,0.4238,-5.1828,6.8137,59.5209,14,h_lo (robot ~0.3),d<7,d>=6.8,4,2,2,0.00040899999999999997,0.00018800000000000002,0.001189,0.00078,0.000896,0.000708,0.0,0.0,0.00040899999999999997
b2,44,scene15,lateral wall + 25deg bend (corridor occlusion),L4__s20260819__0000.png,L4,260819_main_on,9.9031,0.4233,-6.6317,-4.2143,61.8616,14,h_lo (robot ~0.3),d>=9,d>=6.8,1,0,1,nan,0.00016800000000000007,nan,nan,0.00109,0.000922,nan,0.0,0.00016800000000000007
b2,44,scene15,lateral wall + 25deg bend (corridor occlusion),L4__s20260820__0000.png::boost_e,L4,260820_boost_e_on,10.9914,0.3911,-13.637,-17.7914,62.7559,14,h_lo (robot ~0.3),d>=9,d>=6.8,2,0,2,nan,-1.0999999999999942e-05,nan,nan,0.000697,0.000708,nan,0.0,-1.0999999999999942e-05
b2,44,scene15,lateral wall + 25deg bend (corridor occlusion),L4__s20260820__0000.png::boost_h,L4,260820_boost_h_on,10.9914,0.3614,-13.637,-17.7914,62.7559,14,h_lo (robot ~0.3),d>=9,d>=6.8,2,0,2,nan,-1.0000000000000026e-05,nan,nan,0.001758,0.001768,nan,0.0,-1.0000000000000026e-05
b2,44,scene15,lateral wall + 25deg bend (corridor occlusion),L4__s20260820__0001.png::boost_h,L4,260820_boost_h_on,9.9013,0.8097,-6.8068,-11.8299,63.9125,14,h_mid (~0.9),d>=9,d>=6.8,1,0,1,nan,0.0006099999999999999,nan,nan,0.00129,0.00068,nan,0.0,0.0006099999999999999
b2,44,scene15,lateral wall + 25deg bend (corridor occlusion),L4__s20260820__0003.png::boost_e,L4,260820_boost_e_on,7.5147,0.4734,-11.0902,-4.9586,63.1815,14,h_lo (robot ~0.3),d 7-9,d>=6.8,4,2,2,7.100000000000002e-05,0.00023299999999999997,0.000229,0.000158,0.000578,0.000345,0.0,0.0,0.00023299999999999997
b2,44,scene15,lateral wall + 25deg bend (corridor occlusion),L4__s20260820__0003.png::boost_h,L4,260820_boost_h_on,7.5147,0.4263,-11.0902,-4.9586,63.1815,14,h_lo (robot ~0.3),d 7-9,d>=6.8,4,2,2,0.000193,0.00028900000000000003,0.000348,0.000155,0.000612,0.000323,0.0,0.0,0.00028900000000000003
b2,44,scene15,lateral wall + 25deg bend (corridor occlusion),L4__s20260820__0004.png::boost_e,L4,260820_boost_e_on,9.9583,0.8223,-12.6937,-3.4861,58.1207,14,h_mid (~0.9),d>=9,d>=6.8,2,0,2,nan,1.8000000000000004e-05,nan,nan,0.000587,0.000569,nan,0.0,1.8000000000000004e-05
b2,44,scene15,lateral wall + 25deg bend (corridor occlusion),L4__s20260820__0004.png::boost_h,L4,260820_boost_h_on,9.9583,0.7018,-12.6937,-3.4861,58.1207,14,h_mid (~0.9),d>=9,d>=6.8,2,0,2,nan,0.00016699999999999994,nan,nan,0.000766,0.000599,nan,0.0,0.00016699999999999994
b2,44,scene15,lateral wall + 25deg bend (corridor occlusion),L4__s20260820__0005.png::boost_e,L4,260820_boost_e_on,9.8366,0.3501,-5.4058,-7.3396,62.3314,14,h_lo (robot ~0.3),d>=9,d>=6.8,1,0,1,nan,-0.00010499999999999995,nan,nan,0.000591,0.000696,nan,0.0,-0.00010499999999999995
b2,44,scene15,lateral wall + 25deg bend (corridor occlusion),L4__s20260820__0005.png::boost_h,L4,260820_boost_h_on,9.8366,0.329,-5.4058,-7.3396,62.3314,14,h_lo (robot ~0.3),d>=9,d>=6.8,1,0,1,nan,2.1999999999999993e-05,nan,nan,0.000864,0.000842,nan,0.0,2.1999999999999993e-05
b2,44,scene15,lateral wall + 25deg bend (corridor occlusion),L4__s20260820__0006.png::boost_e,L4,260820_boost_e_on,6.9519,0.4701,-5.1828,6.8137,59.5209,14,h_lo (robot ~0.3),d<7,d>=6.8,4,2,2,0.000645,5.400000000000001e-05,0.001929,0.001284,0.000602,0.000548,0.0,0.0,0.000645
b2,44,scene15,lateral wall + 25deg bend (corridor occlusion),L4__s20260820__0006.png::boost_h,L4,260820_boost_h_on,6.9519,0.4238,-5.1828,6.8137,59.5209,14,h_lo (robot ~0.3),d<7,d>=6.8,4,2,2,0.000773,0.00019799999999999993,0.00193,0.001157,0.000712,0.000514,0.0,0.0,0.000773
b2,44,scene15,lateral wall + 25deg bend (corridor occlusion),L7__s20260819__0000.png,L7,260819_main_on,9.9031,0.4233,-6.6317,-4.2143,61.8616,14,h_lo (robot ~0.3),d>=9,d>=6.8,1,0,1,nan,-8.699999999999984e-05,nan,nan,0.002462,0.002549,nan,0.0,-8.699999999999984e-05
b2,44,scene15,lateral wall + 25deg bend (corridor occlusion),L7__s20260820__0000.png::boost_e,L7,260820_boost_e_on,10.9914,0.3911,-13.637,-17.7914,62.7559,14,h_lo (robot ~0.3),d>=9,d>=6.8,2,0,2,nan,0.000158,nan,nan,0.000558,0.0004,nan,0.0,0.000158
b2,44,scene15,lateral wall + 25deg bend (corridor occlusion),L7__s20260820__0000.png::boost_h,L7,260820_boost_h_on,10.9914,0.3614,-13.637,-17.7914,62.7559,14,h_lo (robot ~0.3),d>=9,d>=6.8,2,0,2,nan,0.000398,nan,nan,0.001095,0.000697,nan,0.0,0.000398
b2,44,scene15,lateral wall + 25deg bend (corridor occlusion),L7__s20260820__0001.png::boost_h,L7,260820_boost_h_on,9.9013,0.8097,-6.8068,-11.8299,63.9125,14,h_mid (~0.9),d>=9,d>=6.8,1,0,1,nan,0.0005970000000000001,nan,nan,0.001673,0.001076,nan,0.0,0.0005970000000000001
b2,44,scene15,lateral wall + 25deg bend (corridor occlusion),L7__s20260820__0003.png::boost_e,L7,260820_boost_e_on,7.5147,0.4734,-11.0902,-4.9586,63.1815,14,h_lo (robot ~0.3),d 7-9,d>=6.8,4,2,2,0.00020499999999999994,0.0005300000000000001,0.000605,0.0004,0.000964,0.000434,0.0,0.0,0.0005300000000000001
b2,44,scene15,lateral wall + 25deg bend (corridor occlusion),L7__s20260820__0003.png::boost_h,L7,260820_boost_h_on,7.5147,0.4263,-11.0902,-4.9586,63.1815,14,h_lo (robot ~0.3),d 7-9,d>=6.8,4,2,2,0.000492,0.0005250000000000001,0.000748,0.000256,0.000955,0.00043,0.0,0.0,0.0005250000000000001
b2,44,scene15,lateral wall + 25deg bend (corridor occlusion),L7__s20260820__0004.png::boost_e,L7,260820_boost_e_on,9.9583,0.8223,-12.6937,-3.4861,58.1207,14,h_mid (~0.9),d>=9,d>=6.8,2,0,2,nan,-3.899999999999997e-05,nan,nan,0.000495,0.000534,nan,0.0,-3.899999999999997e-05
b2,44,scene15,lateral wall + 25deg bend (corridor occlusion),L7__s20260820__0004.png::boost_h,L7,260820_boost_h_on,9.9583,0.7018,-12.6937,-3.4861,58.1207,14,h_mid (~0.9),d>=9,d>=6.8,2,0,2,nan,-9.000000000000002e-06,nan,nan,0.000569,0.000578,nan,0.0,-9.000000000000002e-06
b2,44,scene15,lateral wall + 25deg bend (corridor occlusion),L7__s20260820__0005.png::boost_e,L7,260820_boost_e_on,9.8366,0.3501,-5.4058,-7.3396,62.3314,14,h_lo (robot ~0.3),d>=9,d>=6.8,1,0,1,nan,-0.0002849999999999999,nan,nan,0.001064,0.001349,nan,0.0,-0.0002849999999999999
b2,44,scene15,lateral wall + 25deg bend (corridor occlusion),L7__s20260820__0005.png::boost_h,L7,260820_boost_h_on,9.8366,0.329,-5.4058,-7.3396,62.3314,14,h_lo (robot ~0.3),d>=9,d>=6.8,1,0,1,nan,-0.0008,nan,nan,0.000597,0.001397,nan,0.0,-0.0008
b2,44,scene15,lateral wall + 25deg bend (corridor occlusion),L7__s20260820__0006.png::boost_e,L7,260820_boost_e_on,6.9519,0.4701,-5.1828,6.8137,59.5209,14,h_lo (robot ~0.3),d<7,d>=6.8,4,2,2,-0.0002909999999999998,6.400000000000004e-05,0.001043,0.001334,0.000751,0.000687,0.0,0.0,-0.0002909999999999998
b2,44,scene15,lateral wall + 25deg bend (corridor occlusion),L7__s20260820__0006.png::boost_h,L7,260820_boost_h_on,6.9519,0.4238,-5.1828,6.8137,59.5209,14,h_lo (robot ~0.3),d<7,d>=6.8,4,2,2,0.0005949999999999998,0.000411,0.001723,0.001128,0.001242,0.000831,0.0,0.0,0.0005949999999999998
