frame_id,scene,split,round,cond,cam_d,cam_h,cam_yaw,cam_pitch,cam_hfov,cam_y,preset,preset_h,preset_d,occluder_class,occluder_detail,cue_edge_line_contrast,cue_texture_change_across_edge,cue_shadow_line,cue_far_side_visible_depth,cue_nosing_strip,cue_tactile_paving,cue_railing_or_guard,cue_curb_or_upstand,cue_vegetation_edge,cue_water_surface,cue_signage_or_marking,cue_specular_change,cue_geometry_silhouette,m_edge_line_contrast,m_texture_change_across_edge,m_shadow_line,m_far_side_visible_depth,m_nosing_strip,m_tactile_paving,m_railing_or_guard,m_curb_or_upstand,m_vegetation_edge,m_water_surface,m_signage_or_marking,m_specular_change,m_geometry_silhouette,cue_count,cue_count_loadbearing,cue_count_strong,fam_direct_depth,fam_edge_surface,fam_installed,fam_context_veg,cls,cue_list,n_pos_cells,gt_bands,scene_level_fallback
on/scene09/L0__s20260819__0001.png,scene09,train,260819_main_on,L0,7.586,1.607,-4.18,-13.16,62.64,0.432,h1.8_d10,1.8,10.0,self_occlusion_crest,terrace lip / 36-step flight self-occluded below the lip,1,0,0,1,0,0,0,0,1,1,1,1,1,M2,M2,M2,M2,M2,M2,M2,M2,M2,M2,M2,M2,M2,7,3,2,3,2,1,1,cued-H,edge_line_contrast|far_side_visible_depth|vegetation_edge|water_surface|signage_or_marking|specular_change|geometry_silhouette,7,3a+3b,0
on/scene09/L0__s20260819__0003.png,scene09,train,260819_main_on,L0,1.524,0.388,2.71,-8.07,63.97,-0.241,h0.3_d2,0.3,2.0,self_occlusion_crest,terrace lip / 36-step flight self-occluded below the lip,1,0,0,1,0,0,0,0,0,1,0,1,1,M2,M2,M2,M2,M2,M2,M2,M2,M2,M2,M2,M2,M2,5,1,2,3,2,0,0,cued-H,edge_line_contrast|far_side_visible_depth|water_surface|specular_change|geometry_silhouette,19,1+2+3a+3b,0
on/scene09/L0__s20260819__0004.png,scene09,train,260819_main_on,L0,6.582,1.115,14.8,-14.34,63.06,0.504,h0.9_d5,0.9,5.0,self_occlusion_crest,terrace lip / 36-step flight self-occluded below the lip,1,0,0,1,0,0,0,0,1,1,0,1,1,M2,M2,M2,M2,M2,M2,M2,M2,M2,M2,M2,M2,M2,6,2,2,3,2,0,1,cued-H,edge_line_contrast|far_side_visible_depth|vegetation_edge|water_surface|specular_change|geometry_silhouette,9,3a+3b,0
on/scene09/L0__s20260819__0005.png,scene09,train,260819_main_on,L0,3.984,0.281,-12.42,-13.61,60.83,-0.013,h0.3_d5,0.3,5.0,self_occlusion_crest,terrace lip / 36-step flight self-occluded below the lip,0,0,0,0,0,0,0,0,0,0,0,0,0,M2,M2,M2,M2,M2,M2,M2,M2,M2,M2,M2,M2,M2,0,0,0,0,0,0,0,bare-H,,14,2+3a+3b,0
on/scene09/L0__s20260819__0007.png,scene09,train,260819_main_on,L0,5.921,1.077,-17.45,-10.92,60.9,0.128,h0.9_d5,0.9,5.0,self_occlusion_crest,terrace lip / 36-step flight self-occluded below the lip,1,0,0,1,0,0,0,0,1,1,0,1,1,M2,M2,M2,M2,M2,M2,M2,M2,M2,M2,M2,M2,M2,6,2,2,3,2,0,1,cued-H,edge_line_contrast|far_side_visible_depth|vegetation_edge|water_surface|specular_change|geometry_silhouette,10,3a+3b,0
on/scene09/L0__s20260820__0000.png::boost_e,scene09,train,260820_boost_e_on,L0,9.011,1.438,-5.22,-10.31,63.1,0.08,h1.8_d10,1.8,10.0,self_occlusion_crest,terrace lip / 36-step flight self-occluded below the lip,1,0,0,1,0,0,0,0,1,1,1,1,1,M2,M2,M2,M2,M2,M2,M2,M2,M2,M2,M2,M2,M2,7,3,2,3,2,1,1,cued-H,edge_line_contrast|far_side_visible_depth|vegetation_edge|water_surface|signage_or_marking|specular_change|geometry_silhouette,5,3b,0
on/scene09/L0__s20260820__0000.png::boost_h,scene09,train,260820_boost_h_on,L0,9.011,0.504,-5.22,-10.31,63.1,0.08,h0.3_d10,0.3,10.0,self_occlusion_crest,terrace lip / 36-step flight self-occluded below the lip,0,0,0,0,0,0,0,0,0,0,1,0,0,M2,M2,M2,M2,M2,M2,M2,M2,M2,M2,M2,M2,M2,1,1,0,0,0,1,0,cued-H,signage_or_marking,5,3b,0
on/scene09/L0__s20260820__0001.png::boost_e,scene09,train,260820_boost_e_on,L0,9.603,1.436,-0.26,-13.27,62.01,-0.488,h1.8_d10,1.8,10.0,self_occlusion_crest,terrace lip / 36-step flight self-occluded below the lip,1,0,0,1,0,0,0,0,1,1,1,1,1,M2,M2,M2,M2,M2,M2,M2,M2,M2,M2,M2,M2,M2,7,3,2,3,2,1,1,cued-H,edge_line_contrast|far_side_visible_depth|vegetation_edge|water_surface|signage_or_marking|specular_change|geometry_silhouette,5,3b,0
on/scene09/L0__s20260820__0001.png::boost_h,scene09,train,260820_boost_h_on,L0,9.603,0.503,-0.26,-13.27,62.01,-0.488,h0.3_d10,0.3,10.0,self_occlusion_crest,terrace lip / 36-step flight self-occluded below the lip,0,0,0,0,0,0,0,0,0,0,1,0,0,M2,M2,M2,M2,M2,M2,M2,M2,M2,M2,M2,M2,M2,1,1,0,0,0,1,0,cued-H,signage_or_marking,5,3b,0
on/scene09/L0__s20260820__0002.png::boost_e,scene09,train,260820_boost_e_on,L0,6.707,1.665,9.67,-7.81,63.25,0.135,h1.8_d5,1.8,5.0,self_occlusion_crest,terrace lip / 36-step flight self-occluded below the lip,1,0,0,1,0,0,0,0,1,1,0,1,1,M2,M2,M2,M2,M2,M2,M2,M2,M2,M2,M2,M2,M2,6,2,2,3,2,0,1,cued-H,edge_line_contrast|far_side_visible_depth|vegetation_edge|water_surface|specular_change|geometry_silhouette,9,3a+3b,0
on/scene09/L0__s20260820__0002.png::boost_h,scene09,train,260820_boost_h_on,L0,6.707,0.748,9.67,-7.81,63.25,0.135,h0.9_d5,0.9,5.0,self_occlusion_crest,terrace lip / 36-step flight self-occluded below the lip,1,0,0,1,0,0,0,0,1,1,0,1,1,M2,M2,M2,M2,M2,M2,M2,M2,M2,M2,M2,M2,M2,6,2,2,3,2,0,1,cued-H,edge_line_contrast|far_side_visible_depth|vegetation_edge|water_surface|specular_change|geometry_silhouette,9,3a+3b,0
on/scene09/L0__s20260820__0003.png::boost_e,scene09,train,260820_boost_e_on,L0,8.814,1.791,-10.72,-3.66,60.09,-0.585,h1.8_d10,1.8,10.0,self_occlusion_crest,terrace lip / 36-step flight self-occluded below the lip,1,0,0,1,0,0,0,0,1,1,1,1,1,M2,M2,M2,M2,M2,M2,M2,M2,M2,M2,M2,M2,M2,7,3,2,3,2,1,1,cued-H,edge_line_contrast|far_side_visible_depth|vegetation_edge|water_surface|signage_or_marking|specular_change|geometry_silhouette,5,3b,0
on/scene09/L0__s20260820__0003.png::boost_h,scene09,train,260820_boost_h_on,L0,8.814,0.883,-10.72,-3.66,60.09,-0.585,h0.9_d10,0.9,10.0,self_occlusion_crest,terrace lip / 36-step flight self-occluded below the lip,0,0,0,0,0,0,0,0,0,0,1,0,1,M2,M2,M2,M2,M2,M2,M2,M2,M2,M2,M2,M2,M2,2,1,0,1,0,1,0,cued-H,signage_or_marking|geometry_silhouette,5,3b,0
on/scene09/L0__s20260820__0004.png::boost_e,scene09,train,260820_boost_e_on,L0,9.082,1.265,4.37,-7.6,62.51,-0.03,h0.9_d10,0.9,10.0,self_occlusion_crest,terrace lip / 36-step flight self-occluded below the lip,0,0,0,0,0,0,0,0,0,0,1,0,1,M2,M2,M2,M2,M2,M2,M2,M2,M2,M2,M2,M2,M2,2,1,0,1,0,1,0,cued-H,signage_or_marking|geometry_silhouette,5,3b,0
on/scene09/L0__s20260820__0004.png::boost_h,scene09,train,260820_boost_h_on,L0,9.082,0.32,4.37,-7.6,62.51,-0.03,h0.3_d10,0.3,10.0,self_occlusion_crest,terrace lip / 36-step flight self-occluded below the lip,0,0,0,0,0,0,0,0,0,0,1,0,0,M2,M2,M2,M2,M2,M2,M2,M2,M2,M2,M2,M2,M2,1,1,0,0,0,1,0,cued-H,signage_or_marking,5,3b,0
on/scene09/L0__s20260820__0005.png::boost_e,scene09,train,260820_boost_e_on,L0,7.729,1.207,-4.33,-12.52,62.93,0.387,h0.9_d10,0.9,10.0,self_occlusion_crest,terrace lip / 36-step flight self-occluded below the lip,0,0,0,0,0,0,0,0,0,0,1,0,1,M2,M2,M2,M2,M2,M2,M2,M2,M2,M2,M2,M2,M2,2,1,0,1,0,1,0,cued-H,signage_or_marking|geometry_silhouette,5,3b,0
on/scene09/L0__s20260820__0005.png::boost_h,scene09,train,260820_boost_h_on,L0,7.729,0.258,-4.33,-12.52,62.93,0.387,h0.3_d10,0.3,10.0,self_occlusion_crest,terrace lip / 36-step flight self-occluded below the lip,0,0,0,0,0,0,0,0,0,0,1,0,0,M2,M2,M2,M2,M2,M2,M2,M2,M2,M2,M2,M2,M2,1,1,0,0,0,1,0,cued-H,signage_or_marking,5,3b,0
on/scene09/L0__s20260820__0006.png::boost_e,scene09,train,260820_boost_e_on,L0,6.332,1.531,-1.07,-2.07,64.04,0.088,h1.8_d5,1.8,5.0,self_occlusion_crest,terrace lip / 36-step flight self-occluded below the lip,1,0,0,1,0,0,0,0,1,1,0,1,1,M2,M2,M2,M2,M2,M2,M2,M2,M2,M2,M2,M2,M2,6,2,2,3,2,0,1,cued-H,edge_line_contrast|far_side_visible_depth|vegetation_edge|water_surface|specular_change|geometry_silhouette,10,3a+3b,0
on/scene09/L0__s20260820__0006.png::boost_h,scene09,train,260820_boost_h_on,L0,6.332,0.605,-1.07,-2.07,64.04,0.088,h0.9_d5,0.9,5.0,self_occlusion_crest,terrace lip / 36-step flight self-occluded below the lip,1,0,0,1,0,0,0,0,1,1,0,1,1,M2,M2,M2,M2,M2,M2,M2,M2,M2,M2,M2,M2,M2,6,2,2,3,2,0,1,cued-H,edge_line_contrast|far_side_visible_depth|vegetation_edge|water_surface|specular_change|geometry_silhouette,10,3a+3b,0
on/scene09/L0__s20260820__0007.png::boost_h,scene09,train,260820_boost_h_on,L0,6.548,0.805,7.75,-9.43,64.97,-0.012,h0.9_d5,0.9,5.0,self_occlusion_crest,terrace lip / 36-step flight self-occluded below the lip,1,0,0,1,0,0,0,0,1,1,0,1,1,M2,M2,M2,M2,M2,M2,M2,M2,M2,M2,M2,M2,M2,6,2,2,3,2,0,1,cued-H,edge_line_contrast|far_side_visible_depth|vegetation_edge|water_surface|specular_change|geometry_silhouette,10,3a+3b,0
on/scene09/L5__s20260819__0001.png,scene09,train,260819_main_on,L5,7.586,1.607,-4.18,-13.16,62.64,0.432,h1.8_d10,1.8,10.0,self_occlusion_crest,terrace lip / 36-step flight self-occluded below the lip,1,0,0,1,0,0,0,0,1,1,1,1,1,M2,M2,M2,M2,M2,M2,M2,M2,M2,M2,M2,M2,M2,7,3,2,3,2,1,1,cued-H,edge_line_contrast|far_side_visible_depth|vegetation_edge|water_surface|signage_or_marking|specular_change|geometry_silhouette,7,3a+3b,0
on/scene09/L5__s20260819__0003.png,scene09,train,260819_main_on,L5,1.524,0.388,2.71,-8.07,63.97,-0.241,h0.3_d2,0.3,2.0,self_occlusion_crest,terrace lip / 36-step flight self-occluded below the lip,1,0,0,1,0,0,0,0,0,1,0,1,1,M2,M2,M2,M2,M2,M2,M2,M2,M2,M2,M2,M2,M2,5,1,2,3,2,0,0,cued-H,edge_line_contrast|far_side_visible_depth|water_surface|specular_change|geometry_silhouette,19,1+2+3a+3b,0
on/scene09/L5__s20260819__0004.png,scene09,train,260819_main_on,L5,6.582,1.115,14.8,-14.34,63.06,0.504,h0.9_d5,0.9,5.0,self_occlusion_crest,terrace lip / 36-step flight self-occluded below the lip,1,0,0,1,0,0,0,0,1,1,0,1,1,M2,M2,M2,M2,M2,M2,M2,M2,M2,M2,M2,M2,M2,6,2,2,3,2,0,1,cued-H,edge_line_contrast|far_side_visible_depth|vegetation_edge|water_surface|specular_change|geometry_silhouette,9,3a+3b,0
on/scene09/L5__s20260819__0005.png,scene09,train,260819_main_on,L5,3.984,0.281,-12.42,-13.61,60.83,-0.013,h0.3_d5,0.3,5.0,self_occlusion_crest,terrace lip / 36-step flight self-occluded below the lip,0,0,0,0,0,0,0,0,0,0,0,0,0,M2,M2,M2,M2,M2,M2,M2,M2,M2,M2,M2,M2,M2,0,0,0,0,0,0,0,bare-H,,14,2+3a+3b,0
on/scene09/L5__s20260819__0007.png,scene09,train,260819_main_on,L5,5.921,1.077,-17.45,-10.92,60.9,0.128,h0.9_d5,0.9,5.0,self_occlusion_crest,terrace lip / 36-step flight self-occluded below the lip,1,0,0,1,0,0,0,0,1,1,0,1,1,M2,M2,M2,M2,M2,M2,M2,M2,M2,M2,M2,M2,M2,6,2,2,3,2,0,1,cued-H,edge_line_contrast|far_side_visible_depth|vegetation_edge|water_surface|specular_change|geometry_silhouette,10,3a+3b,0
on/scene09/L5__s20260820__0000.png::boost_e,scene09,train,260820_boost_e_on,L5,9.011,1.438,-5.22,-10.31,63.1,0.08,h1.8_d10,1.8,10.0,self_occlusion_crest,terrace lip / 36-step flight self-occluded below the lip,1,0,0,1,0,0,0,0,1,1,1,1,1,M2,M2,M2,M2,M2,M2,M2,M2,M2,M2,M2,M2,M2,7,3,2,3,2,1,1,cued-H,edge_line_contrast|far_side_visible_depth|vegetation_edge|water_surface|signage_or_marking|specular_change|geometry_silhouette,5,3b,0
on/scene09/L5__s20260820__0000.png::boost_h,scene09,train,260820_boost_h_on,L5,9.011,0.504,-5.22,-10.31,63.1,0.08,h0.3_d10,0.3,10.0,self_occlusion_crest,terrace lip / 36-step flight self-occluded below the lip,0,0,0,0,0,0,0,0,0,0,1,0,0,M2,M2,M2,M2,M2,M2,M2,M2,M2,M2,M2,M2,M2,1,1,0,0,0,1,0,cued-H,signage_or_marking,5,3b,0
on/scene09/L5__s20260820__0001.png::boost_e,scene09,train,260820_boost_e_on,L5,9.603,1.436,-0.26,-13.27,62.01,-0.488,h1.8_d10,1.8,10.0,self_occlusion_crest,terrace lip / 36-step flight self-occluded below the lip,1,0,0,1,0,0,0,0,1,1,1,1,1,M2,M2,M2,M2,M2,M2,M2,M2,M2,M2,M2,M2,M2,7,3,2,3,2,1,1,cued-H,edge_line_contrast|far_side_visible_depth|vegetation_edge|water_surface|signage_or_marking|specular_change|geometry_silhouette,5,3b,0
on/scene09/L5__s20260820__0001.png::boost_h,scene09,train,260820_boost_h_on,L5,9.603,0.503,-0.26,-13.27,62.01,-0.488,h0.3_d10,0.3,10.0,self_occlusion_crest,terrace lip / 36-step flight self-occluded below the lip,0,0,0,0,0,0,0,0,0,0,1,0,0,M2,M2,M2,M2,M2,M2,M2,M2,M2,M2,M2,M2,M2,1,1,0,0,0,1,0,cued-H,signage_or_marking,5,3b,0
on/scene09/L5__s20260820__0002.png::boost_e,scene09,train,260820_boost_e_on,L5,6.707,1.665,9.67,-7.81,63.25,0.135,h1.8_d5,1.8,5.0,self_occlusion_crest,terrace lip / 36-step flight self-occluded below the lip,1,0,0,1,0,0,0,0,1,1,0,1,1,M2,M2,M2,M2,M2,M2,M2,M2,M2,M2,M2,M2,M2,6,2,2,3,2,0,1,cued-H,edge_line_contrast|far_side_visible_depth|vegetation_edge|water_surface|specular_change|geometry_silhouette,9,3a+3b,0
on/scene09/L5__s20260820__0002.png::boost_h,scene09,train,260820_boost_h_on,L5,6.707,0.748,9.67,-7.81,63.25,0.135,h0.9_d5,0.9,5.0,self_occlusion_crest,terrace lip / 36-step flight self-occluded below the lip,1,0,0,1,0,0,0,0,1,1,0,1,1,M2,M2,M2,M2,M2,M2,M2,M2,M2,M2,M2,M2,M2,6,2,2,3,2,0,1,cued-H,edge_line_contrast|far_side_visible_depth|vegetation_edge|water_surface|specular_change|geometry_silhouette,9,3a+3b,0
on/scene09/L5__s20260820__0003.png::boost_e,scene09,train,260820_boost_e_on,L5,8.814,1.791,-10.72,-3.66,60.09,-0.585,h1.8_d10,1.8,10.0,self_occlusion_crest,terrace lip / 36-step flight self-occluded below the lip,1,0,0,1,0,0,0,0,1,1,1,1,1,M2,M2,M2,M2,M2,M2,M2,M2,M2,M2,M2,M2,M2,7,3,2,3,2,1,1,cued-H,edge_line_contrast|far_side_visible_depth|vegetation_edge|water_surface|signage_or_marking|specular_change|geometry_silhouette,5,3b,0
on/scene09/L5__s20260820__0003.png::boost_h,scene09,train,260820_boost_h_on,L5,8.814,0.883,-10.72,-3.66,60.09,-0.585,h0.9_d10,0.9,10.0,self_occlusion_crest,terrace lip / 36-step flight self-occluded below the lip,0,0,0,0,0,0,0,0,0,0,1,0,1,M2,M2,M2,M2,M2,M2,M2,M2,M2,M2,M2,M2,M2,2,1,0,1,0,1,0,cued-H,signage_or_marking|geometry_silhouette,5,3b,0
on/scene09/L5__s20260820__0004.png::boost_e,scene09,train,260820_boost_e_on,L5,9.082,1.265,4.37,-7.6,62.51,-0.03,h0.9_d10,0.9,10.0,self_occlusion_crest,terrace lip / 36-step flight self-occluded below the lip,0,0,0,0,0,0,0,0,0,0,1,0,1,M2,M2,M2,M2,M2,M2,M2,M2,M2,M2,M2,M2,M2,2,1,0,1,0,1,0,cued-H,signage_or_marking|geometry_silhouette,5,3b,0
on/scene09/L5__s20260820__0004.png::boost_h,scene09,train,260820_boost_h_on,L5,9.082,0.32,4.37,-7.6,62.51,-0.03,h0.3_d10,0.3,10.0,self_occlusion_crest,terrace lip / 36-step flight self-occluded below the lip,0,0,0,0,0,0,0,0,0,0,1,0,0,M2,M2,M2,M2,M2,M2,M2,M2,M2,M2,M2,M2,M2,1,1,0,0,0,1,0,cued-H,signage_or_marking,5,3b,0
on/scene09/L5__s20260820__0005.png::boost_e,scene09,train,260820_boost_e_on,L5,7.729,1.207,-4.33,-12.52,62.93,0.387,h0.9_d10,0.9,10.0,self_occlusion_crest,terrace lip / 36-step flight self-occluded below the lip,0,0,0,0,0,0,0,0,0,0,1,0,1,M2,M2,M2,M2,M2,M2,M2,M2,M2,M2,M2,M2,M2,2,1,0,1,0,1,0,cued-H,signage_or_marking|geometry_silhouette,5,3b,0
on/scene09/L5__s20260820__0005.png::boost_h,scene09,train,260820_boost_h_on,L5,7.729,0.258,-4.33,-12.52,62.93,0.387,h0.3_d10,0.3,10.0,self_occlusion_crest,terrace lip / 36-step flight self-occluded below the lip,0,0,0,0,0,0,0,0,0,0,1,0,0,M2,M2,M2,M2,M2,M2,M2,M2,M2,M2,M2,M2,M2,1,1,0,0,0,1,0,cued-H,signage_or_marking,5,3b,0
on/scene09/L5__s20260820__0006.png::boost_e,scene09,train,260820_boost_e_on,L5,6.332,1.531,-1.07,-2.07,64.04,0.088,h1.8_d5,1.8,5.0,self_occlusion_crest,terrace lip / 36-step flight self-occluded below the lip,1,0,0,1,0,0,0,0,1,1,0,1,1,M2,M2,M2,M2,M2,M2,M2,M2,M2,M2,M2,M2,M2,6,2,2,3,2,0,1,cued-H,edge_line_contrast|far_side_visible_depth|vegetation_edge|water_surface|specular_change|geometry_silhouette,10,3a+3b,0
on/scene09/L5__s20260820__0006.png::boost_h,scene09,train,260820_boost_h_on,L5,6.332,0.605,-1.07,-2.07,64.04,0.088,h0.9_d5,0.9,5.0,self_occlusion_crest,terrace lip / 36-step flight self-occluded below the lip,1,0,0,1,0,0,0,0,1,1,0,1,1,M2,M2,M2,M2,M2,M2,M2,M2,M2,M2,M2,M2,M2,6,2,2,3,2,0,1,cued-H,edge_line_contrast|far_side_visible_depth|vegetation_edge|water_surface|specular_change|geometry_silhouette,10,3a+3b,0
on/scene09/L5__s20260820__0007.png::boost_h,scene09,train,260820_boost_h_on,L5,6.548,0.805,7.75,-9.43,64.97,-0.012,h0.9_d5,0.9,5.0,self_occlusion_crest,terrace lip / 36-step flight self-occluded below the lip,1,0,0,1,0,0,0,0,1,1,0,1,1,M2,M2,M2,M2,M2,M2,M2,M2,M2,M2,M2,M2,M2,6,2,2,3,2,0,1,cued-H,edge_line_contrast|far_side_visible_depth|vegetation_edge|water_surface|specular_change|geometry_silhouette,10,3a+3b,0
on/scene09/L7__s20260819__0001.png,scene09,train,260819_main_on,L7,7.586,1.607,-4.18,-13.16,62.64,0.432,h1.8_d10,1.8,10.0,self_occlusion_crest,terrace lip / 36-step flight self-occluded below the lip,1,0,0,1,0,0,0,0,1,1,1,1,1,M2,M2,M2,M2,M2,M2,M2,M2,M2,M2,M2,M2,M2,7,3,2,3,2,1,1,cued-H,edge_line_contrast|far_side_visible_depth|vegetation_edge|water_surface|signage_or_marking|specular_change|geometry_silhouette,7,3a+3b,0
on/scene09/L7__s20260819__0003.png,scene09,train,260819_main_on,L7,1.524,0.388,2.71,-8.07,63.97,-0.241,h0.3_d2,0.3,2.0,self_occlusion_crest,terrace lip / 36-step flight self-occluded below the lip,1,0,0,1,0,0,0,0,0,1,0,1,1,M2,M2,M2,M2,M2,M2,M2,M2,M2,M2,M2,M2,M2,5,1,2,3,2,0,0,cued-H,edge_line_contrast|far_side_visible_depth|water_surface|specular_change|geometry_silhouette,19,1+2+3a+3b,0
on/scene09/L7__s20260819__0004.png,scene09,train,260819_main_on,L7,6.582,1.115,14.8,-14.34,63.06,0.504,h0.9_d5,0.9,5.0,self_occlusion_crest,terrace lip / 36-step flight self-occluded below the lip,1,0,0,1,0,0,0,0,1,1,0,1,1,M2,M2,M2,M2,M2,M2,M2,M2,M2,M2,M2,M2,M2,6,2,2,3,2,0,1,cued-H,edge_line_contrast|far_side_visible_depth|vegetation_edge|water_surface|specular_change|geometry_silhouette,9,3a+3b,0
on/scene09/L7__s20260819__0005.png,scene09,train,260819_main_on,L7,3.984,0.281,-12.42,-13.61,60.83,-0.013,h0.3_d5,0.3,5.0,self_occlusion_crest,terrace lip / 36-step flight self-occluded below the lip,0,0,0,0,0,0,0,0,0,0,0,0,0,M2,M2,M2,M2,M2,M2,M2,M2,M2,M2,M2,M2,M2,0,0,0,0,0,0,0,bare-H,,14,2+3a+3b,0
on/scene09/L7__s20260819__0007.png,scene09,train,260819_main_on,L7,5.921,1.077,-17.45,-10.92,60.9,0.128,h0.9_d5,0.9,5.0,self_occlusion_crest,terrace lip / 36-step flight self-occluded below the lip,1,0,0,1,0,0,0,0,1,1,0,1,1,M2,M2,M2,M2,M2,M2,M2,M2,M2,M2,M2,M2,M2,6,2,2,3,2,0,1,cued-H,edge_line_contrast|far_side_visible_depth|vegetation_edge|water_surface|specular_change|geometry_silhouette,10,3a+3b,0
on/scene09/L7__s20260820__0000.png::boost_e,scene09,train,260820_boost_e_on,L7,9.011,1.438,-5.22,-10.31,63.1,0.08,h1.8_d10,1.8,10.0,self_occlusion_crest,terrace lip / 36-step flight self-occluded below the lip,1,0,0,1,0,0,0,0,1,1,1,1,1,M2,M2,M2,M2,M2,M2,M2,M2,M2,M2,M2,M2,M2,7,3,2,3,2,1,1,cued-H,edge_line_contrast|far_side_visible_depth|vegetation_edge|water_surface|signage_or_marking|specular_change|geometry_silhouette,5,3b,0
on/scene09/L7__s20260820__0000.png::boost_h,scene09,train,260820_boost_h_on,L7,9.011,0.504,-5.22,-10.31,63.1,0.08,h0.3_d10,0.3,10.0,self_occlusion_crest,terrace lip / 36-step flight self-occluded below the lip,0,0,0,0,0,0,0,0,0,0,1,0,0,M2,M2,M2,M2,M2,M2,M2,M2,M2,M2,M2,M2,M2,1,1,0,0,0,1,0,cued-H,signage_or_marking,5,3b,0
on/scene09/L7__s20260820__0001.png::boost_e,scene09,train,260820_boost_e_on,L7,9.603,1.436,-0.26,-13.27,62.01,-0.488,h1.8_d10,1.8,10.0,self_occlusion_crest,terrace lip / 36-step flight self-occluded below the lip,1,0,0,1,0,0,0,0,1,1,1,1,1,M2,M2,M2,M2,M2,M2,M2,M2,M2,M2,M2,M2,M2,7,3,2,3,2,1,1,cued-H,edge_line_contrast|far_side_visible_depth|vegetation_edge|water_surface|signage_or_marking|specular_change|geometry_silhouette,5,3b,0
on/scene09/L7__s20260820__0001.png::boost_h,scene09,train,260820_boost_h_on,L7,9.603,0.503,-0.26,-13.27,62.01,-0.488,h0.3_d10,0.3,10.0,self_occlusion_crest,terrace lip / 36-step flight self-occluded below the lip,0,0,0,0,0,0,0,0,0,0,1,0,0,M2,M2,M2,M2,M2,M2,M2,M2,M2,M2,M2,M2,M2,1,1,0,0,0,1,0,cued-H,signage_or_marking,5,3b,0
on/scene09/L7__s20260820__0002.png::boost_e,scene09,train,260820_boost_e_on,L7,6.707,1.665,9.67,-7.81,63.25,0.135,h1.8_d5,1.8,5.0,self_occlusion_crest,terrace lip / 36-step flight self-occluded below the lip,1,0,0,1,0,0,0,0,1,1,0,1,1,M2,M2,M2,M2,M2,M2,M2,M2,M2,M2,M2,M2,M2,6,2,2,3,2,0,1,cued-H,edge_line_contrast|far_side_visible_depth|vegetation_edge|water_surface|specular_change|geometry_silhouette,9,3a+3b,0
on/scene09/L7__s20260820__0002.png::boost_h,scene09,train,260820_boost_h_on,L7,6.707,0.748,9.67,-7.81,63.25,0.135,h0.9_d5,0.9,5.0,self_occlusion_crest,terrace lip / 36-step flight self-occluded below the lip,1,0,0,1,0,0,0,0,1,1,0,1,1,M2,M2,M2,M2,M2,M2,M2,M2,M2,M2,M2,M2,M2,6,2,2,3,2,0,1,cued-H,edge_line_contrast|far_side_visible_depth|vegetation_edge|water_surface|specular_change|geometry_silhouette,9,3a+3b,0
on/scene09/L7__s20260820__0003.png::boost_e,scene09,train,260820_boost_e_on,L7,8.814,1.791,-10.72,-3.66,60.09,-0.585,h1.8_d10,1.8,10.0,self_occlusion_crest,terrace lip / 36-step flight self-occluded below the lip,1,0,0,1,0,0,0,0,1,1,1,1,1,M2,M2,M2,M2,M2,M2,M2,M2,M2,M2,M2,M2,M2,7,3,2,3,2,1,1,cued-H,edge_line_contrast|far_side_visible_depth|vegetation_edge|water_surface|signage_or_marking|specular_change|geometry_silhouette,5,3b,0
on/scene09/L7__s20260820__0003.png::boost_h,scene09,train,260820_boost_h_on,L7,8.814,0.883,-10.72,-3.66,60.09,-0.585,h0.9_d10,0.9,10.0,self_occlusion_crest,terrace lip / 36-step flight self-occluded below the lip,0,0,0,0,0,0,0,0,0,0,1,0,1,M2,M2,M2,M2,M2,M2,M2,M2,M2,M2,M2,M2,M2,2,1,0,1,0,1,0,cued-H,signage_or_marking|geometry_silhouette,5,3b,0
on/scene09/L7__s20260820__0004.png::boost_e,scene09,train,260820_boost_e_on,L7,9.082,1.265,4.37,-7.6,62.51,-0.03,h0.9_d10,0.9,10.0,self_occlusion_crest,terrace lip / 36-step flight self-occluded below the lip,0,0,0,0,0,0,0,0,0,0,1,0,1,M2,M2,M2,M2,M2,M2,M2,M2,M2,M2,M2,M2,M2,2,1,0,1,0,1,0,cued-H,signage_or_marking|geometry_silhouette,5,3b,0
on/scene09/L7__s20260820__0004.png::boost_h,scene09,train,260820_boost_h_on,L7,9.082,0.32,4.37,-7.6,62.51,-0.03,h0.3_d10,0.3,10.0,self_occlusion_crest,terrace lip / 36-step flight self-occluded below the lip,0,0,0,0,0,0,0,0,0,0,1,0,0,M2,M2,M2,M2,M2,M2,M2,M2,M2,M2,M2,M2,M2,1,1,0,0,0,1,0,cued-H,signage_or_marking,5,3b,0
on/scene09/L7__s20260820__0005.png::boost_e,scene09,train,260820_boost_e_on,L7,7.729,1.207,-4.33,-12.52,62.93,0.387,h0.9_d10,0.9,10.0,self_occlusion_crest,terrace lip / 36-step flight self-occluded below the lip,0,0,0,0,0,0,0,0,0,0,1,0,1,M2,M2,M2,M2,M2,M2,M2,M2,M2,M2,M2,M2,M2,2,1,0,1,0,1,0,cued-H,signage_or_marking|geometry_silhouette,5,3b,0
on/scene09/L7__s20260820__0005.png::boost_h,scene09,train,260820_boost_h_on,L7,7.729,0.258,-4.33,-12.52,62.93,0.387,h0.3_d10,0.3,10.0,self_occlusion_crest,terrace lip / 36-step flight self-occluded below the lip,0,0,0,0,0,0,0,0,0,0,1,0,0,M2,M2,M2,M2,M2,M2,M2,M2,M2,M2,M2,M2,M2,1,1,0,0,0,1,0,cued-H,signage_or_marking,5,3b,0
on/scene09/L7__s20260820__0006.png::boost_e,scene09,train,260820_boost_e_on,L7,6.332,1.531,-1.07,-2.07,64.04,0.088,h1.8_d5,1.8,5.0,self_occlusion_crest,terrace lip / 36-step flight self-occluded below the lip,1,0,0,1,0,0,0,0,1,1,0,1,1,M2,M2,M2,M2,M2,M2,M2,M2,M2,M2,M2,M2,M2,6,2,2,3,2,0,1,cued-H,edge_line_contrast|far_side_visible_depth|vegetation_edge|water_surface|specular_change|geometry_silhouette,10,3a+3b,0
on/scene09/L7__s20260820__0006.png::boost_h,scene09,train,260820_boost_h_on,L7,6.332,0.605,-1.07,-2.07,64.04,0.088,h0.9_d5,0.9,5.0,self_occlusion_crest,terrace lip / 36-step flight self-occluded below the lip,1,0,0,1,0,0,0,0,1,1,0,1,1,M2,M2,M2,M2,M2,M2,M2,M2,M2,M2,M2,M2,M2,6,2,2,3,2,0,1,cued-H,edge_line_contrast|far_side_visible_depth|vegetation_edge|water_surface|specular_change|geometry_silhouette,10,3a+3b,0
on/scene09/L7__s20260820__0007.png::boost_h,scene09,train,260820_boost_h_on,L7,6.548,0.805,7.75,-9.43,64.97,-0.012,h0.9_d5,0.9,5.0,self_occlusion_crest,terrace lip / 36-step flight self-occluded below the lip,1,0,0,1,0,0,0,0,1,1,0,1,1,M2,M2,M2,M2,M2,M2,M2,M2,M2,M2,M2,M2,M2,6,2,2,3,2,0,1,cued-H,edge_line_contrast|far_side_visible_depth|vegetation_edge|water_surface|specular_change|geometry_silhouette,10,3a+3b,0
on/scene12/L0__s20260820__0000.png::boost_e,scene12,train,260820_boost_e_on,L0,7.954,1.296,1.03,-13.03,60.95,-0.14,h0.9_d10,0.9,10.0,self_occlusion_deck_edge,cantilever deck edge; 7.5 m riprap+water band hidden under the open guard,1,1,1,1,0,0,1,0,1,1,1,1,1,M2,M2,M2,M2,M2,M2,M1,M2,M2,M2,M2,M2,M2,10,5,5,3,4,2,1,cued-H,edge_line_contrast|texture_change_across_edge|shadow_line|far_side_visible_depth|railing_or_guard|vegetation_edge|water_surface|signage_or_marking|specular_change|geometry_silhouette,3,3b,0
on/scene12/L0__s20260820__0001.png::boost_e,scene12,train,260820_boost_e_on,L0,9.447,1.851,-3.68,-5.83,61.89,0.034,h1.8_d10,1.8,10.0,self_occlusion_deck_edge,cantilever deck edge; 7.5 m riprap+water band hidden under the open guard,1,1,1,1,0,0,1,0,1,1,1,1,1,M2,M2,M2,M2,M2,M2,M1,M2,M2,M2,M2,M2,M2,10,5,5,3,4,2,1,cued-H,edge_line_contrast|texture_change_across_edge|shadow_line|far_side_visible_depth|railing_or_guard|vegetation_edge|water_surface|signage_or_marking|specular_change|geometry_silhouette,2,3b,0
on/scene12/L0__s20260820__0002.png::boost_e,scene12,train,260820_boost_e_on,L0,7.442,1.462,-11.96,-8.85,63.89,-0.606,h1.8_d10,1.8,10.0,self_occlusion_deck_edge,cantilever deck edge; 7.5 m riprap+water band hidden under the open guard,1,1,1,1,0,0,1,0,1,1,1,1,1,M2,M2,M2,M2,M2,M2,M1,M2,M2,M2,M2,M2,M2,10,5,5,3,4,2,1,cued-H,edge_line_contrast|texture_change_across_edge|shadow_line|far_side_visible_depth|railing_or_guard|vegetation_edge|water_surface|signage_or_marking|specular_change|geometry_silhouette,2,3b,0
on/scene12/L0__s20260820__0003.png::boost_e,scene12,train,260820_boost_e_on,L0,6.257,1.62,-0.38,-7.87,63.51,0.535,h1.8_d5,1.8,5.0,self_occlusion_deck_edge,cantilever deck edge; 7.5 m riprap+water band hidden under the open guard,1,1,1,1,0,0,1,0,1,1,1,1,1,M2,M2,M2,M2,M2,M2,M1,M2,M2,M2,M2,M2,M2,10,5,5,3,4,2,1,cued-H,edge_line_contrast|texture_change_across_edge|shadow_line|far_side_visible_depth|railing_or_guard|vegetation_edge|water_surface|signage_or_marking|specular_change|geometry_silhouette,3,3a+3b,0
on/scene12/L0__s20260820__0004.png::boost_e,scene12,train,260820_boost_e_on,L0,6.387,1.763,-17.08,-15.83,62.53,0.381,h1.8_d5,1.8,5.0,self_occlusion_deck_edge,cantilever deck edge; 7.5 m riprap+water band hidden under the open guard,1,1,1,1,0,0,1,0,1,1,1,1,1,M2,M2,M2,M2,M2,M2,M1,M2,M2,M2,M2,M2,M2,10,5,5,3,4,2,1,cued-H,edge_line_contrast|texture_change_across_edge|shadow_line|far_side_visible_depth|railing_or_guard|vegetation_edge|water_surface|signage_or_marking|specular_change|geometry_silhouette,5,3a+3b,0
on/scene12/L0__s20260820__0005.png::boost_e,scene12,train,260820_boost_e_on,L0,6.21,1.528,8.78,-11.01,63.36,-0.308,h1.8_d5,1.8,5.0,self_occlusion_deck_edge,cantilever deck edge; 7.5 m riprap+water band hidden under the open guard,1,1,1,1,0,0,1,0,1,1,1,1,1,M2,M2,M2,M2,M2,M2,M1,M2,M2,M2,M2,M2,M2,10,5,5,3,4,2,1,cued-H,edge_line_contrast|texture_change_across_edge|shadow_line|far_side_visible_depth|railing_or_guard|vegetation_edge|water_surface|signage_or_marking|specular_change|geometry_silhouette,2,3a,0
on/scene12/L0__s20260820__0006.png::boost_e,scene12,train,260820_boost_e_on,L0,9.246,1.723,9.77,-15.21,61.05,0.065,h1.8_d10,1.8,10.0,self_occlusion_deck_edge,cantilever deck edge; 7.5 m riprap+water band hidden under the open guard,1,1,1,1,0,0,1,0,1,1,1,1,1,M2,M2,M2,M2,M2,M2,M1,M2,M2,M2,M2,M2,M2,10,5,5,3,4,2,1,cued-H,edge_line_contrast|texture_change_across_edge|shadow_line|far_side_visible_depth|railing_or_guard|vegetation_edge|water_surface|signage_or_marking|specular_change|geometry_silhouette,2,3b,0
on/scene12/L0__s20260820__0007.png::boost_e,scene12,train,260820_boost_e_on,L0,10.341,1.872,-6.43,-15.88,63.18,-0.265,h1.8_d10,1.8,10.0,self_occlusion_deck_edge,cantilever deck edge; 7.5 m riprap+water band hidden under the open guard,1,1,1,1,0,0,1,0,1,1,1,1,1,M2,M2,M2,M2,M2,M2,M1,M2,M2,M2,M2,M2,M2,10,5,5,3,4,2,1,cued-H,edge_line_contrast|texture_change_across_edge|shadow_line|far_side_visible_depth|railing_or_guard|vegetation_edge|water_surface|signage_or_marking|specular_change|geometry_silhouette,2,3b,0
on/scene12/L0__s20260821__0000.png::boost_e2,scene12,train,260820_boost_e2_on,L0,7.465,0.511,-10.31,-9.64,60.31,-0.571,h0.3_d10,0.3,10.0,self_occlusion_deck_edge,cantilever deck edge; 7.5 m riprap+water band hidden under the open guard,0,0,0,0,0,0,1,0,1,1,0,0,0,M2,M2,M2,M2,M2,M2,M1,M2,M2,M2,M2,M2,M2,3,2,2,1,0,1,1,cued-H,railing_or_guard|vegetation_edge|water_surface,2,3b,0
on/scene12/L0__s20260821__0001.png::boost_e2,scene12,train,260820_boost_e2_on,L0,7.307,0.679,7.44,-10.82,61.46,0.086,h0.9_d10,0.9,10.0,self_occlusion_deck_edge,cantilever deck edge; 7.5 m riprap+water band hidden under the open guard,1,1,1,1,0,0,1,0,1,1,1,1,1,M2,M2,M2,M2,M2,M2,M1,M2,M2,M2,M2,M2,M2,10,5,5,3,4,2,1,cued-H,edge_line_contrast|texture_change_across_edge|shadow_line|far_side_visible_depth|railing_or_guard|vegetation_edge|water_surface|signage_or_marking|specular_change|geometry_silhouette,2,3b,0
on/scene12/L0__s20260821__0002.png::boost_e2,scene12,train,260820_boost_e2_on,L0,4.308,0.394,8.88,-15.51,59.11,0.453,h0.3_d5,0.3,5.0,self_occlusion_deck_edge,cantilever deck edge; 7.5 m riprap+water band hidden under the open guard,0,1,0,1,0,0,1,0,1,1,1,0,1,M2,M2,M2,M2,M2,M2,M1,M2,M2,M2,M2,M2,M2,7,4,4,3,1,2,1,cued-H,texture_change_across_edge|far_side_visible_depth|railing_or_guard|vegetation_edge|water_surface|signage_or_marking|geometry_silhouette,3,3a,0
on/scene12/L0__s20260821__0003.png::boost_e2,scene12,train,260820_boost_e2_on,L0,4.688,0.374,0.27,-11.2,63.66,0.099,h0.3_d5,0.3,5.0,self_occlusion_deck_edge,cantilever deck edge; 7.5 m riprap+water band hidden under the open guard,0,1,0,1,0,0,1,0,1,1,1,0,1,M2,M2,M2,M2,M2,M2,M1,M2,M2,M2,M2,M2,M2,7,4,4,3,1,2,1,cued-H,texture_change_across_edge|far_side_visible_depth|railing_or_guard|vegetation_edge|water_surface|signage_or_marking|geometry_silhouette,3,3a,0
on/scene12/L0__s20260821__0004.png::boost_e2,scene12,train,260820_boost_e2_on,L0,6.355,0.814,14.64,-17.97,63.09,0.227,h0.9_d5,0.9,5.0,self_occlusion_deck_edge,cantilever deck edge; 7.5 m riprap+water band hidden under the open guard,1,1,1,1,0,0,1,0,1,1,1,1,1,M2,M2,M2,M2,M2,M2,M1,M2,M2,M2,M2,M2,M2,10,5,5,3,4,2,1,cued-H,edge_line_contrast|texture_change_across_edge|shadow_line|far_side_visible_depth|railing_or_guard|vegetation_edge|water_surface|signage_or_marking|specular_change|geometry_silhouette,4,3a+3b,0
on/scene12/L0__s20260821__0005.png::boost_e2,scene12,train,260820_boost_e2_on,L0,7.678,0.667,-2.37,-6.9,62.43,-0.681,h0.9_d10,0.9,10.0,self_occlusion_deck_edge,cantilever deck edge; 7.5 m riprap+water band hidden under the open guard,1,1,1,1,0,0,1,0,1,1,1,1,1,M2,M2,M2,M2,M2,M2,M1,M2,M2,M2,M2,M2,M2,10,5,5,3,4,2,1,cued-H,edge_line_contrast|texture_change_across_edge|shadow_line|far_side_visible_depth|railing_or_guard|vegetation_edge|water_surface|signage_or_marking|specular_change|geometry_silhouette,2,3b,0
on/scene12/L0__s20260821__0006.png::boost_e2,scene12,train,260820_boost_e2_on,L0,5.328,0.602,-5.57,-12.95,60.12,-0.376,h0.9_d5,0.9,5.0,self_occlusion_deck_edge,cantilever deck edge; 7.5 m riprap+water band hidden under the open guard,1,1,1,1,0,0,1,0,1,1,1,1,1,M2,M2,M2,M2,M2,M2,M1,M2,M2,M2,M2,M2,M2,10,5,5,3,4,2,1,cued-H,edge_line_contrast|texture_change_across_edge|shadow_line|far_side_visible_depth|railing_or_guard|vegetation_edge|water_surface|signage_or_marking|specular_change|geometry_silhouette,3,3a,0
on/scene12/L0__s20260821__0007.png::boost_e2,scene12,train,260820_boost_e2_on,L0,5.806,0.337,-1.06,-4.84,60.26,-0.3,h0.3_d5,0.3,5.0,self_occlusion_deck_edge,cantilever deck edge; 7.5 m riprap+water band hidden under the open guard,0,1,0,1,0,0,1,0,1,1,1,0,1,M2,M2,M2,M2,M2,M2,M1,M2,M2,M2,M2,M2,M2,7,4,4,3,1,2,1,cued-H,texture_change_across_edge|far_side_visible_depth|railing_or_guard|vegetation_edge|water_surface|signage_or_marking|geometry_silhouette,2,3a,0
on/scene12/L5__s20260820__0000.png::boost_e,scene12,train,260820_boost_e_on,L5,7.954,1.296,1.03,-13.03,60.95,-0.14,h0.9_d10,0.9,10.0,self_occlusion_deck_edge,cantilever deck edge; 7.5 m riprap+water band hidden under the open guard,1,1,1,1,0,0,1,0,1,1,1,1,1,M2,M2,M2,M2,M2,M2,M1,M2,M2,M2,M2,M2,M2,10,5,5,3,4,2,1,cued-H,edge_line_contrast|texture_change_across_edge|shadow_line|far_side_visible_depth|railing_or_guard|vegetation_edge|water_surface|signage_or_marking|specular_change|geometry_silhouette,3,3b,0
on/scene12/L5__s20260820__0001.png::boost_e,scene12,train,260820_boost_e_on,L5,9.447,1.851,-3.68,-5.83,61.89,0.034,h1.8_d10,1.8,10.0,self_occlusion_deck_edge,cantilever deck edge; 7.5 m riprap+water band hidden under the open guard,1,1,1,1,0,0,1,0,1,1,1,1,1,M2,M2,M2,M2,M2,M2,M1,M2,M2,M2,M2,M2,M2,10,5,5,3,4,2,1,cued-H,edge_line_contrast|texture_change_across_edge|shadow_line|far_side_visible_depth|railing_or_guard|vegetation_edge|water_surface|signage_or_marking|specular_change|geometry_silhouette,2,3b,0
on/scene12/L5__s20260820__0002.png::boost_e,scene12,train,260820_boost_e_on,L5,7.442,1.462,-11.96,-8.85,63.89,-0.606,h1.8_d10,1.8,10.0,self_occlusion_deck_edge,cantilever deck edge; 7.5 m riprap+water band hidden under the open guard,1,1,1,1,0,0,1,0,1,1,1,1,1,M2,M2,M2,M2,M2,M2,M1,M2,M2,M2,M2,M2,M2,10,5,5,3,4,2,1,cued-H,edge_line_contrast|texture_change_across_edge|shadow_line|far_side_visible_depth|railing_or_guard|vegetation_edge|water_surface|signage_or_marking|specular_change|geometry_silhouette,2,3b,0
on/scene12/L5__s20260820__0003.png::boost_e,scene12,train,260820_boost_e_on,L5,6.257,1.62,-0.38,-7.87,63.51,0.535,h1.8_d5,1.8,5.0,self_occlusion_deck_edge,cantilever deck edge; 7.5 m riprap+water band hidden under the open guard,1,1,1,1,0,0,1,0,1,1,1,1,1,M2,M2,M2,M2,M2,M2,M1,M2,M2,M2,M2,M2,M2,10,5,5,3,4,2,1,cued-H,edge_line_contrast|texture_change_across_edge|shadow_line|far_side_visible_depth|railing_or_guard|vegetation_edge|water_surface|signage_or_marking|specular_change|geometry_silhouette,3,3a+3b,0
on/scene12/L5__s20260820__0004.png::boost_e,scene12,train,260820_boost_e_on,L5,6.387,1.763,-17.08,-15.83,62.53,0.381,h1.8_d5,1.8,5.0,self_occlusion_deck_edge,cantilever deck edge; 7.5 m riprap+water band hidden under the open guard,1,1,1,1,0,0,1,0,1,1,1,1,1,M2,M2,M2,M2,M2,M2,M1,M2,M2,M2,M2,M2,M2,10,5,5,3,4,2,1,cued-H,edge_line_contrast|texture_change_across_edge|shadow_line|far_side_visible_depth|railing_or_guard|vegetation_edge|water_surface|signage_or_marking|specular_change|geometry_silhouette,5,3a+3b,0
on/scene12/L5__s20260820__0005.png::boost_e,scene12,train,260820_boost_e_on,L5,6.21,1.528,8.78,-11.01,63.36,-0.308,h1.8_d5,1.8,5.0,self_occlusion_deck_edge,cantilever deck edge; 7.5 m riprap+water band hidden under the open guard,1,1,1,1,0,0,1,0,1,1,1,1,1,M2,M2,M2,M2,M2,M2,M1,M2,M2,M2,M2,M2,M2,10,5,5,3,4,2,1,cued-H,edge_line_contrast|texture_change_across_edge|shadow_line|far_side_visible_depth|railing_or_guard|vegetation_edge|water_surface|signage_or_marking|specular_change|geometry_silhouette,2,3a,0
on/scene12/L5__s20260820__0006.png::boost_e,scene12,train,260820_boost_e_on,L5,9.246,1.723,9.77,-15.21,61.05,0.065,h1.8_d10,1.8,10.0,self_occlusion_deck_edge,cantilever deck edge; 7.5 m riprap+water band hidden under the open guard,1,1,1,1,0,0,1,0,1,1,1,1,1,M2,M2,M2,M2,M2,M2,M1,M2,M2,M2,M2,M2,M2,10,5,5,3,4,2,1,cued-H,edge_line_contrast|texture_change_across_edge|shadow_line|far_side_visible_depth|railing_or_guard|vegetation_edge|water_surface|signage_or_marking|specular_change|geometry_silhouette,2,3b,0
on/scene12/L5__s20260820__0007.png::boost_e,scene12,train,260820_boost_e_on,L5,10.341,1.872,-6.43,-15.88,63.18,-0.265,h1.8_d10,1.8,10.0,self_occlusion_deck_edge,cantilever deck edge; 7.5 m riprap+water band hidden under the open guard,1,1,1,1,0,0,1,0,1,1,1,1,1,M2,M2,M2,M2,M2,M2,M1,M2,M2,M2,M2,M2,M2,10,5,5,3,4,2,1,cued-H,edge_line_contrast|texture_change_across_edge|shadow_line|far_side_visible_depth|railing_or_guard|vegetation_edge|water_surface|signage_or_marking|specular_change|geometry_silhouette,2,3b,0
on/scene12/L5__s20260821__0000.png::boost_e2,scene12,train,260820_boost_e2_on,L5,7.465,0.511,-10.31,-9.64,60.31,-0.571,h0.3_d10,0.3,10.0,self_occlusion_deck_edge,cantilever deck edge; 7.5 m riprap+water band hidden under the open guard,0,0,0,0,0,0,1,0,1,1,0,0,0,M2,M2,M2,M2,M2,M2,M1,M2,M2,M2,M2,M2,M2,3,2,2,1,0,1,1,cued-H,railing_or_guard|vegetation_edge|water_surface,2,3b,0
on/scene12/L5__s20260821__0001.png::boost_e2,scene12,train,260820_boost_e2_on,L5,7.307,0.679,7.44,-10.82,61.46,0.086,h0.9_d10,0.9,10.0,self_occlusion_deck_edge,cantilever deck edge; 7.5 m riprap+water band hidden under the open guard,1,1,1,1,0,0,1,0,1,1,1,1,1,M2,M2,M2,M2,M2,M2,M1,M2,M2,M2,M2,M2,M2,10,5,5,3,4,2,1,cued-H,edge_line_contrast|texture_change_across_edge|shadow_line|far_side_visible_depth|railing_or_guard|vegetation_edge|water_surface|signage_or_marking|specular_change|geometry_silhouette,2,3b,0
on/scene12/L5__s20260821__0002.png::boost_e2,scene12,train,260820_boost_e2_on,L5,4.308,0.394,8.88,-15.51,59.11,0.453,h0.3_d5,0.3,5.0,self_occlusion_deck_edge,cantilever deck edge; 7.5 m riprap+water band hidden under the open guard,0,1,0,1,0,0,1,0,1,1,1,0,1,M2,M2,M2,M2,M2,M2,M1,M2,M2,M2,M2,M2,M2,7,4,4,3,1,2,1,cued-H,texture_change_across_edge|far_side_visible_depth|railing_or_guard|vegetation_edge|water_surface|signage_or_marking|geometry_silhouette,3,3a,0
on/scene12/L5__s20260821__0003.png::boost_e2,scene12,train,260820_boost_e2_on,L5,4.688,0.374,0.27,-11.2,63.66,0.099,h0.3_d5,0.3,5.0,self_occlusion_deck_edge,cantilever deck edge; 7.5 m riprap+water band hidden under the open guard,0,1,0,1,0,0,1,0,1,1,1,0,1,M2,M2,M2,M2,M2,M2,M1,M2,M2,M2,M2,M2,M2,7,4,4,3,1,2,1,cued-H,texture_change_across_edge|far_side_visible_depth|railing_or_guard|vegetation_edge|water_surface|signage_or_marking|geometry_silhouette,3,3a,0
on/scene12/L5__s20260821__0004.png::boost_e2,scene12,train,260820_boost_e2_on,L5,6.355,0.814,14.64,-17.97,63.09,0.227,h0.9_d5,0.9,5.0,self_occlusion_deck_edge,cantilever deck edge; 7.5 m riprap+water band hidden under the open guard,1,1,1,1,0,0,1,0,1,1,1,1,1,M2,M2,M2,M2,M2,M2,M1,M2,M2,M2,M2,M2,M2,10,5,5,3,4,2,1,cued-H,edge_line_contrast|texture_change_across_edge|shadow_line|far_side_visible_depth|railing_or_guard|vegetation_edge|water_surface|signage_or_marking|specular_change|geometry_silhouette,4,3a+3b,0
on/scene12/L5__s20260821__0005.png::boost_e2,scene12,train,260820_boost_e2_on,L5,7.678,0.667,-2.37,-6.9,62.43,-0.681,h0.9_d10,0.9,10.0,self_occlusion_deck_edge,cantilever deck edge; 7.5 m riprap+water band hidden under the open guard,1,1,1,1,0,0,1,0,1,1,1,1,1,M2,M2,M2,M2,M2,M2,M1,M2,M2,M2,M2,M2,M2,10,5,5,3,4,2,1,cued-H,edge_line_contrast|texture_change_across_edge|shadow_line|far_side_visible_depth|railing_or_guard|vegetation_edge|water_surface|signage_or_marking|specular_change|geometry_silhouette,2,3b,0
on/scene12/L5__s20260821__0006.png::boost_e2,scene12,train,260820_boost_e2_on,L5,5.328,0.602,-5.57,-12.95,60.12,-0.376,h0.9_d5,0.9,5.0,self_occlusion_deck_edge,cantilever deck edge; 7.5 m riprap+water band hidden under the open guard,1,1,1,1,0,0,1,0,1,1,1,1,1,M2,M2,M2,M2,M2,M2,M1,M2,M2,M2,M2,M2,M2,10,5,5,3,4,2,1,cued-H,edge_line_contrast|texture_change_across_edge|shadow_line|far_side_visible_depth|railing_or_guard|vegetation_edge|water_surface|signage_or_marking|specular_change|geometry_silhouette,3,3a,0
on/scene12/L5__s20260821__0007.png::boost_e2,scene12,train,260820_boost_e2_on,L5,5.806,0.337,-1.06,-4.84,60.26,-0.3,h0.3_d5,0.3,5.0,self_occlusion_deck_edge,cantilever deck edge; 7.5 m riprap+water band hidden under the open guard,0,1,0,1,0,0,1,0,1,1,1,0,1,M2,M2,M2,M2,M2,M2,M1,M2,M2,M2,M2,M2,M2,7,4,4,3,1,2,1,cued-H,texture_change_across_edge|far_side_visible_depth|railing_or_guard|vegetation_edge|water_surface|signage_or_marking|geometry_silhouette,2,3a,0
on/scene12/L7__s20260820__0000.png::boost_e,scene12,train,260820_boost_e_on,L7,7.954,1.296,1.03,-13.03,60.95,-0.14,h0.9_d10,0.9,10.0,self_occlusion_deck_edge,cantilever deck edge; 7.5 m riprap+water band hidden under the open guard,1,1,0,1,0,0,1,0,1,1,1,1,1,M2,M2,M2+cond,M2,M2,M2,M1,M2,M2,M2,M2,M2,M2,9,4,5,3,3,2,1,cued-H,edge_line_contrast|texture_change_across_edge|far_side_visible_depth|railing_or_guard|vegetation_edge|water_surface|signage_or_marking|specular_change|geometry_silhouette,3,3b,0
on/scene12/L7__s20260820__0001.png::boost_e,scene12,train,260820_boost_e_on,L7,9.447,1.851,-3.68,-5.83,61.89,0.034,h1.8_d10,1.8,10.0,self_occlusion_deck_edge,cantilever deck edge; 7.5 m riprap+water band hidden under the open guard,1,1,0,1,0,0,1,0,1,1,1,1,1,M2,M2,M2+cond,M2,M2,M2,M1,M2,M2,M2,M2,M2,M2,9,4,5,3,3,2,1,cued-H,edge_line_contrast|texture_change_across_edge|far_side_visible_depth|railing_or_guard|vegetation_edge|water_surface|signage_or_marking|specular_change|geometry_silhouette,2,3b,0
on/scene12/L7__s20260820__0002.png::boost_e,scene12,train,260820_boost_e_on,L7,7.442,1.462,-11.96,-8.85,63.89,-0.606,h1.8_d10,1.8,10.0,self_occlusion_deck_edge,cantilever deck edge; 7.5 m riprap+water band hidden under the open guard,1,1,0,1,0,0,1,0,1,1,1,1,1,M2,M2,M2+cond,M2,M2,M2,M1,M2,M2,M2,M2,M2,M2,9,4,5,3,3,2,1,cued-H,edge_line_contrast|texture_change_across_edge|far_side_visible_depth|railing_or_guard|vegetation_edge|water_surface|signage_or_marking|specular_change|geometry_silhouette,2,3b,0
on/scene12/L7__s20260820__0003.png::boost_e,scene12,train,260820_boost_e_on,L7,6.257,1.62,-0.38,-7.87,63.51,0.535,h1.8_d5,1.8,5.0,self_occlusion_deck_edge,cantilever deck edge; 7.5 m riprap+water band hidden under the open guard,1,1,0,1,0,0,1,0,1,1,1,1,1,M2,M2,M2+cond,M2,M2,M2,M1,M2,M2,M2,M2,M2,M2,9,4,5,3,3,2,1,cued-H,edge_line_contrast|texture_change_across_edge|far_side_visible_depth|railing_or_guard|vegetation_edge|water_surface|signage_or_marking|specular_change|geometry_silhouette,3,3a+3b,0
on/scene12/L7__s20260820__0004.png::boost_e,scene12,train,260820_boost_e_on,L7,6.387,1.763,-17.08,-15.83,62.53,0.381,h1.8_d5,1.8,5.0,self_occlusion_deck_edge,cantilever deck edge; 7.5 m riprap+water band hidden under the open guard,1,1,0,1,0,0,1,0,1,1,1,1,1,M2,M2,M2+cond,M2,M2,M2,M1,M2,M2,M2,M2,M2,M2,9,4,5,3,3,2,1,cued-H,edge_line_contrast|texture_change_across_edge|far_side_visible_depth|railing_or_guard|vegetation_edge|water_surface|signage_or_marking|specular_change|geometry_silhouette,5,3a+3b,0
on/scene12/L7__s20260820__0005.png::boost_e,scene12,train,260820_boost_e_on,L7,6.21,1.528,8.78,-11.01,63.36,-0.308,h1.8_d5,1.8,5.0,self_occlusion_deck_edge,cantilever deck edge; 7.5 m riprap+water band hidden under the open guard,1,1,0,1,0,0,1,0,1,1,1,1,1,M2,M2,M2+cond,M2,M2,M2,M1,M2,M2,M2,M2,M2,M2,9,4,5,3,3,2,1,cued-H,edge_line_contrast|texture_change_across_edge|far_side_visible_depth|railing_or_guard|vegetation_edge|water_surface|signage_or_marking|specular_change|geometry_silhouette,2,3a,0
on/scene12/L7__s20260820__0006.png::boost_e,scene12,train,260820_boost_e_on,L7,9.246,1.723,9.77,-15.21,61.05,0.065,h1.8_d10,1.8,10.0,self_occlusion_deck_edge,cantilever deck edge; 7.5 m riprap+water band hidden under the open guard,1,1,0,1,0,0,1,0,1,1,1,1,1,M2,M2,M2+cond,M2,M2,M2,M1,M2,M2,M2,M2,M2,M2,9,4,5,3,3,2,1,cued-H,edge_line_contrast|texture_change_across_edge|far_side_visible_depth|railing_or_guard|vegetation_edge|water_surface|signage_or_marking|specular_change|geometry_silhouette,2,3b,0
on/scene12/L7__s20260820__0007.png::boost_e,scene12,train,260820_boost_e_on,L7,10.341,1.872,-6.43,-15.88,63.18,-0.265,h1.8_d10,1.8,10.0,self_occlusion_deck_edge,cantilever deck edge; 7.5 m riprap+water band hidden under the open guard,1,1,0,1,0,0,1,0,1,1,1,1,1,M2,M2,M2+cond,M2,M2,M2,M1,M2,M2,M2,M2,M2,M2,9,4,5,3,3,2,1,cued-H,edge_line_contrast|texture_change_across_edge|far_side_visible_depth|railing_or_guard|vegetation_edge|water_surface|signage_or_marking|specular_change|geometry_silhouette,2,3b,0
on/scene12/L7__s20260821__0000.png::boost_e2,scene12,train,260820_boost_e2_on,L7,7.465,0.511,-10.31,-9.64,60.31,-0.571,h0.3_d10,0.3,10.0,self_occlusion_deck_edge,cantilever deck edge; 7.5 m riprap+water band hidden under the open guard,0,0,0,0,0,0,1,0,1,1,0,0,0,M2,M2,M2+cond,M2,M2,M2,M1,M2,M2,M2,M2,M2,M2,3,2,2,1,0,1,1,cued-H,railing_or_guard|vegetation_edge|water_surface,2,3b,0
on/scene12/L7__s20260821__0001.png::boost_e2,scene12,train,260820_boost_e2_on,L7,7.307,0.679,7.44,-10.82,61.46,0.086,h0.9_d10,0.9,10.0,self_occlusion_deck_edge,cantilever deck edge; 7.5 m riprap+water band hidden under the open guard,1,1,0,1,0,0,1,0,1,1,1,1,1,M2,M2,M2+cond,M2,M2,M2,M1,M2,M2,M2,M2,M2,M2,9,4,5,3,3,2,1,cued-H,edge_line_contrast|texture_change_across_edge|far_side_visible_depth|railing_or_guard|vegetation_edge|water_surface|signage_or_marking|specular_change|geometry_silhouette,2,3b,0
on/scene12/L7__s20260821__0002.png::boost_e2,scene12,train,260820_boost_e2_on,L7,4.308,0.394,8.88,-15.51,59.11,0.453,h0.3_d5,0.3,5.0,self_occlusion_deck_edge,cantilever deck edge; 7.5 m riprap+water band hidden under the open guard,0,1,0,1,0,0,1,0,1,1,1,0,1,M2,M2,M2+cond,M2,M2,M2,M1,M2,M2,M2,M2,M2,M2,7,4,4,3,1,2,1,cued-H,texture_change_across_edge|far_side_visible_depth|railing_or_guard|vegetation_edge|water_surface|signage_or_marking|geometry_silhouette,3,3a,0
on/scene12/L7__s20260821__0003.png::boost_e2,scene12,train,260820_boost_e2_on,L7,4.688,0.374,0.27,-11.2,63.66,0.099,h0.3_d5,0.3,5.0,self_occlusion_deck_edge,cantilever deck edge; 7.5 m riprap+water band hidden under the open guard,0,1,0,1,0,0,1,0,1,1,1,0,1,M2,M2,M2+cond,M2,M2,M2,M1,M2,M2,M2,M2,M2,M2,7,4,4,3,1,2,1,cued-H,texture_change_across_edge|far_side_visible_depth|railing_or_guard|vegetation_edge|water_surface|signage_or_marking|geometry_silhouette,3,3a,0
on/scene12/L7__s20260821__0004.png::boost_e2,scene12,train,260820_boost_e2_on,L7,6.355,0.814,14.64,-17.97,63.09,0.227,h0.9_d5,0.9,5.0,self_occlusion_deck_edge,cantilever deck edge; 7.5 m riprap+water band hidden under the open guard,1,1,0,1,0,0,1,0,1,1,1,1,1,M2,M2,M2+cond,M2,M2,M2,M1,M2,M2,M2,M2,M2,M2,9,4,5,3,3,2,1,cued-H,edge_line_contrast|texture_change_across_edge|far_side_visible_depth|railing_or_guard|vegetation_edge|water_surface|signage_or_marking|specular_change|geometry_silhouette,4,3a+3b,0
on/scene12/L7__s20260821__0005.png::boost_e2,scene12,train,260820_boost_e2_on,L7,7.678,0.667,-2.37,-6.9,62.43,-0.681,h0.9_d10,0.9,10.0,self_occlusion_deck_edge,cantilever deck edge; 7.5 m riprap+water band hidden under the open guard,1,1,0,1,0,0,1,0,1,1,1,1,1,M2,M2,M2+cond,M2,M2,M2,M1,M2,M2,M2,M2,M2,M2,9,4,5,3,3,2,1,cued-H,edge_line_contrast|texture_change_across_edge|far_side_visible_depth|railing_or_guard|vegetation_edge|water_surface|signage_or_marking|specular_change|geometry_silhouette,2,3b,0
on/scene12/L7__s20260821__0006.png::boost_e2,scene12,train,260820_boost_e2_on,L7,5.328,0.602,-5.57,-12.95,60.12,-0.376,h0.9_d5,0.9,5.0,self_occlusion_deck_edge,cantilever deck edge; 7.5 m riprap+water band hidden under the open guard,1,1,0,1,0,0,1,0,1,1,1,1,1,M2,M2,M2+cond,M2,M2,M2,M1,M2,M2,M2,M2,M2,M2,9,4,5,3,3,2,1,cued-H,edge_line_contrast|texture_change_across_edge|far_side_visible_depth|railing_or_guard|vegetation_edge|water_surface|signage_or_marking|specular_change|geometry_silhouette,3,3a,0
on/scene12/L7__s20260821__0007.png::boost_e2,scene12,train,260820_boost_e2_on,L7,5.806,0.337,-1.06,-4.84,60.26,-0.3,h0.3_d5,0.3,5.0,self_occlusion_deck_edge,cantilever deck edge; 7.5 m riprap+water band hidden under the open guard,0,1,0,1,0,0,1,0,1,1,1,0,1,M2,M2,M2+cond,M2,M2,M2,M1,M2,M2,M2,M2,M2,M2,7,4,4,3,1,2,1,cued-H,texture_change_across_edge|far_side_visible_depth|railing_or_guard|vegetation_edge|water_surface|signage_or_marking|geometry_silhouette,2,3a,0
on/scene14/L0__s20260819__0000.png,scene14,test,260819_main_on,L0,4.744,0.848,1.43,-9.86,61.66,0.069,h0.9_d5,0.9,5.0,self_occlusion_crest,marble terrace crest; 40-step flight self-occludes (Potemkin identity),1,1,0,1,0,0,1,0,1,0,0,0,1,M2,M2,M2,M2,M2,M2,M2,M2,M2,M2,M2,M2,M2,6,3,0,2,2,1,1,cued-H,edge_line_contrast|texture_change_across_edge|far_side_visible_depth|railing_or_guard|vegetation_edge|geometry_silhouette,10,3a+3b,0
on/scene14/L0__s20260819__0001.png,scene14,test,260819_main_on,L0,7.036,1.28,1.65,-9.0,61.41,-0.291,h0.9_d5,0.9,5.0,self_occlusion_crest,marble terrace crest; 40-step flight self-occludes (Potemkin identity),1,1,0,1,0,0,1,0,1,0,0,0,1,M2,M2,M2,M2,M2,M2,M2,M2,M2,M2,M2,M2,M2,6,3,0,2,2,1,1,cued-H,edge_line_contrast|texture_change_across_edge|far_side_visible_depth|railing_or_guard|vegetation_edge|geometry_silhouette,9,3a+3b,0
on/scene14/L0__s20260819__0003.png,scene14,test,260819_main_on,L0,4.594,0.954,7.08,-3.23,62.91,0.742,h0.9_d5,0.9,5.0,self_occlusion_crest,marble terrace crest; 40-step flight self-occludes (Potemkin identity),1,1,0,1,0,0,1,0,1,0,0,0,1,M2,M2,M2,M2,M2,M2,M2,M2,M2,M2,M2,M2,M2,6,3,0,2,2,1,1,cued-H,edge_line_contrast|texture_change_across_edge|far_side_visible_depth|railing_or_guard|vegetation_edge|geometry_silhouette,10,3a+3b,0
on/scene14/L0__s20260819__0004.png,scene14,test,260819_main_on,L0,8.421,1.062,-17.26,-9.42,60.95,-0.195,h0.9_d10,0.9,10.0,self_occlusion_crest,marble terrace crest; 40-step flight self-occludes (Potemkin identity),0,1,0,1,0,0,1,0,1,0,0,0,1,M2,M2,M2,M2,M2,M2,M2,M2,M2,M2,M2,M2,M2,5,3,0,2,1,1,1,cued-H,texture_change_across_edge|far_side_visible_depth|railing_or_guard|vegetation_edge|geometry_silhouette,4,3b,0
on/scene14/L0__s20260819__0006.png,scene14,test,260819_main_on,L0,6.563,0.964,-0.17,-10.03,61.79,0.385,h0.9_d5,0.9,5.0,self_occlusion_crest,marble terrace crest; 40-step flight self-occludes (Potemkin identity),1,1,0,1,0,0,1,0,1,0,0,0,1,M2,M2,M2,M2,M2,M2,M2,M2,M2,M2,M2,M2,M2,6,3,0,2,2,1,1,cued-H,edge_line_contrast|texture_change_across_edge|far_side_visible_depth|railing_or_guard|vegetation_edge|geometry_silhouette,10,3a+3b,0
on/scene14/L0__s20260819__0007.png,scene14,test,260819_main_on,L0,4.966,0.724,0.3,-8.82,62.63,-0.463,h0.9_d5,0.9,5.0,self_occlusion_crest,marble terrace crest; 40-step flight self-occludes (Potemkin identity),1,1,0,1,0,0,1,0,1,0,0,0,1,M2,M2,M2,M2,M2,M2,M2,M2,M2,M2,M2,M2,M2,6,3,0,2,2,1,1,cued-H,edge_line_contrast|texture_change_across_edge|far_side_visible_depth|railing_or_guard|vegetation_edge|geometry_silhouette,10,3a+3b,0
on/scene14/L0__s20260820__0000.png::boost_e,scene14,test,260820_boost_e_on,L0,8.923,1.441,3.31,-8.13,58.98,0.179,h1.8_d10,1.8,10.0,self_occlusion_crest,marble terrace crest; 40-step flight self-occludes (Potemkin identity),1,1,0,1,0,0,1,0,1,0,0,0,1,M2,M2,M2,M2,M2,M2,M2,M2,M2,M2,M2,M2,M2,6,3,0,2,2,1,1,cued-H,edge_line_contrast|texture_change_across_edge|far_side_visible_depth|railing_or_guard|vegetation_edge|geometry_silhouette,5,3b,0
on/scene14/L0__s20260820__0000.png::boost_h,scene14,test,260820_boost_h_on,L0,8.923,0.508,3.31,-8.13,58.98,0.179,h0.3_d10,0.3,10.0,self_occlusion_crest,marble terrace crest; 40-step flight self-occludes (Potemkin identity),0,0,0,0,0,0,0,0,0,0,0,0,0,M2,M2,M2,M2,M2,M2,M2,M2,M2,M2,M2,M2,M2,0,0,0,0,0,0,0,bare-H,,5,3b,0
on/scene14/L0__s20260820__0001.png::boost_e,scene14,test,260820_boost_e_on,L0,11.205,1.717,-4.05,-10.38,61.27,0.081,h1.8_d10,1.8,10.0,self_occlusion_crest,marble terrace crest; 40-step flight self-occludes (Potemkin identity),1,1,0,1,0,0,1,0,1,0,0,0,1,M2,M2,M2,M2,M2,M2,M2,M2,M2,M2,M2,M2,M2,6,3,0,2,2,1,1,cued-H,edge_line_contrast|texture_change_across_edge|far_side_visible_depth|railing_or_guard|vegetation_edge|geometry_silhouette,4,3b,0
on/scene14/L0__s20260820__0001.png::boost_h,scene14,test,260820_boost_h_on,L0,11.205,0.804,-4.05,-10.38,61.27,0.081,h0.9_d10,0.9,10.0,self_occlusion_crest,marble terrace crest; 40-step flight self-occludes (Potemkin identity),0,1,0,1,0,0,1,0,1,0,0,0,1,M2,M2,M2,M2,M2,M2,M2,M2,M2,M2,M2,M2,M2,5,3,0,2,1,1,1,cued-H,texture_change_across_edge|far_side_visible_depth|railing_or_guard|vegetation_edge|geometry_silhouette,4,3b,0
on/scene14/L0__s20260820__0003.png::boost_e,scene14,test,260820_boost_e_on,L0,10.095,1.885,-9.04,-7.24,60.58,-0.105,h1.8_d10,1.8,10.0,self_occlusion_crest,marble terrace crest; 40-step flight self-occludes (Potemkin identity),1,1,0,1,0,0,1,0,1,0,0,0,1,M2,M2,M2,M2,M2,M2,M2,M2,M2,M2,M2,M2,M2,6,3,0,2,2,1,1,cued-H,edge_line_contrast|texture_change_across_edge|far_side_visible_depth|railing_or_guard|vegetation_edge|geometry_silhouette,4,3b,0
on/scene14/L0__s20260820__0003.png::boost_h,scene14,test,260820_boost_h_on,L0,10.095,0.984,-9.04,-7.24,60.58,-0.105,h0.9_d10,0.9,10.0,self_occlusion_crest,marble terrace crest; 40-step flight self-occludes (Potemkin identity),0,1,0,1,0,0,1,0,1,0,0,0,1,M2,M2,M2,M2,M2,M2,M2,M2,M2,M2,M2,M2,M2,5,3,0,2,1,1,1,cued-H,texture_change_across_edge|far_side_visible_depth|railing_or_guard|vegetation_edge|geometry_silhouette,4,3b,0
on/scene14/L0__s20260820__0004.png::boost_e,scene14,test,260820_boost_e_on,L0,6.738,1.57,-3.76,-16.07,60.21,-0.126,h1.8_d5,1.8,5.0,self_occlusion_crest,marble terrace crest; 40-step flight self-occludes (Potemkin identity),1,1,0,1,0,0,1,0,1,0,0,0,1,M2,M2,M2,M2,M2,M2,M2,M2,M2,M2,M2,M2,M2,6,3,0,2,2,1,1,cued-H,edge_line_contrast|texture_change_across_edge|far_side_visible_depth|railing_or_guard|vegetation_edge|geometry_silhouette,10,3a+3b,0
on/scene14/L0__s20260820__0004.png::boost_h,scene14,test,260820_boost_h_on,L0,6.738,0.646,-3.76,-16.07,60.21,-0.126,h0.9_d5,0.9,5.0,self_occlusion_crest,marble terrace crest; 40-step flight self-occludes (Potemkin identity),1,1,0,1,0,0,1,0,1,0,0,0,1,M2,M2,M2,M2,M2,M2,M2,M2,M2,M2,M2,M2,M2,6,3,0,2,2,1,1,cued-H,edge_line_contrast|texture_change_across_edge|far_side_visible_depth|railing_or_guard|vegetation_edge|geometry_silhouette,10,3a+3b,0
on/scene14/L0__s20260820__0005.png::boost_e,scene14,test,260820_boost_e_on,L0,8.16,1.631,9.69,-12.4,62.4,-0.601,h1.8_d10,1.8,10.0,self_occlusion_crest,marble terrace crest; 40-step flight self-occludes (Potemkin identity),1,1,0,1,0,0,1,0,1,0,0,0,1,M2,M2,M2,M2,M2,M2,M2,M2,M2,M2,M2,M2,M2,6,3,0,2,2,1,1,cued-H,edge_line_contrast|texture_change_across_edge|far_side_visible_depth|railing_or_guard|vegetation_edge|geometry_silhouette,5,3b,0
on/scene14/L0__s20260820__0005.png::boost_h,scene14,test,260820_boost_h_on,L0,8.16,0.712,9.69,-12.4,62.4,-0.601,h0.9_d10,0.9,10.0,self_occlusion_crest,marble terrace crest; 40-step flight self-occludes (Potemkin identity),0,1,0,1,0,0,1,0,1,0,0,0,1,M2,M2,M2,M2,M2,M2,M2,M2,M2,M2,M2,M2,M2,5,3,0,2,1,1,1,cued-H,texture_change_across_edge|far_side_visible_depth|railing_or_guard|vegetation_edge|geometry_silhouette,5,3b,0
on/scene14/L0__s20260820__0006.png::boost_e,scene14,test,260820_boost_e_on,L0,8.239,1.225,9.65,-16.52,62.41,-0.003,h0.9_d10,0.9,10.0,self_occlusion_crest,marble terrace crest; 40-step flight self-occludes (Potemkin identity),0,1,0,1,0,0,1,0,1,0,0,0,1,M2,M2,M2,M2,M2,M2,M2,M2,M2,M2,M2,M2,M2,5,3,0,2,1,1,1,cued-H,texture_change_across_edge|far_side_visible_depth|railing_or_guard|vegetation_edge|geometry_silhouette,5,3b,0
on/scene14/L0__s20260820__0006.png::boost_h,scene14,test,260820_boost_h_on,L0,8.239,0.277,9.65,-16.52,62.41,-0.003,h0.3_d10,0.3,10.0,self_occlusion_crest,marble terrace crest; 40-step flight self-occludes (Potemkin identity),0,0,0,0,0,0,0,0,0,0,0,0,0,M2,M2,M2,M2,M2,M2,M2,M2,M2,M2,M2,M2,M2,0,0,0,0,0,0,0,bare-H,,5,3b,0
on/scene14/L0__s20260820__0007.png::boost_e,scene14,test,260820_boost_e_on,L0,10.461,1.275,5.48,-6.12,60.09,-0.342,h0.9_d10,0.9,10.0,self_occlusion_crest,marble terrace crest; 40-step flight self-occludes (Potemkin identity),0,1,0,1,0,0,1,0,1,0,0,0,1,M2,M2,M2,M2,M2,M2,M2,M2,M2,M2,M2,M2,M2,5,3,0,2,1,1,1,cued-H,texture_change_across_edge|far_side_visible_depth|railing_or_guard|vegetation_edge|geometry_silhouette,5,3b,0
on/scene14/L0__s20260820__0007.png::boost_h,scene14,test,260820_boost_h_on,L0,10.461,0.33,5.48,-6.12,60.09,-0.342,h0.3_d10,0.3,10.0,self_occlusion_crest,marble terrace crest; 40-step flight self-occludes (Potemkin identity),0,0,0,0,0,0,0,0,0,0,0,0,0,M2,M2,M2,M2,M2,M2,M2,M2,M2,M2,M2,M2,M2,0,0,0,0,0,0,0,bare-H,,5,3b,0
on/scene14/L5__s20260819__0000.png,scene14,test,260819_main_on,L5,4.744,0.848,1.43,-9.86,61.66,0.069,h0.9_d5,0.9,5.0,self_occlusion_crest,marble terrace crest; 40-step flight self-occludes (Potemkin identity),1,1,0,1,0,0,1,0,1,0,0,0,1,M2,M2,M2,M2,M2,M2,M2,M2,M2,M2,M2,M2,M2,6,3,0,2,2,1,1,cued-H,edge_line_contrast|texture_change_across_edge|far_side_visible_depth|railing_or_guard|vegetation_edge|geometry_silhouette,10,3a+3b,0
on/scene14/L5__s20260819__0001.png,scene14,test,260819_main_on,L5,7.036,1.28,1.65,-9.0,61.41,-0.291,h0.9_d5,0.9,5.0,self_occlusion_crest,marble terrace crest; 40-step flight self-occludes (Potemkin identity),1,1,0,1,0,0,1,0,1,0,0,0,1,M2,M2,M2,M2,M2,M2,M2,M2,M2,M2,M2,M2,M2,6,3,0,2,2,1,1,cued-H,edge_line_contrast|texture_change_across_edge|far_side_visible_depth|railing_or_guard|vegetation_edge|geometry_silhouette,9,3a+3b,0
on/scene14/L5__s20260819__0003.png,scene14,test,260819_main_on,L5,4.594,0.954,7.08,-3.23,62.91,0.742,h0.9_d5,0.9,5.0,self_occlusion_crest,marble terrace crest; 40-step flight self-occludes (Potemkin identity),1,1,0,1,0,0,1,0,1,0,0,0,1,M2,M2,M2,M2,M2,M2,M2,M2,M2,M2,M2,M2,M2,6,3,0,2,2,1,1,cued-H,edge_line_contrast|texture_change_across_edge|far_side_visible_depth|railing_or_guard|vegetation_edge|geometry_silhouette,10,3a+3b,0
on/scene14/L5__s20260819__0004.png,scene14,test,260819_main_on,L5,8.421,1.062,-17.26,-9.42,60.95,-0.195,h0.9_d10,0.9,10.0,self_occlusion_crest,marble terrace crest; 40-step flight self-occludes (Potemkin identity),0,1,0,1,0,0,1,0,1,0,0,0,1,M2,M2,M2,M2,M2,M2,M2,M2,M2,M2,M2,M2,M2,5,3,0,2,1,1,1,cued-H,texture_change_across_edge|far_side_visible_depth|railing_or_guard|vegetation_edge|geometry_silhouette,4,3b,0
on/scene14/L5__s20260819__0006.png,scene14,test,260819_main_on,L5,6.563,0.964,-0.17,-10.03,61.79,0.385,h0.9_d5,0.9,5.0,self_occlusion_crest,marble terrace crest; 40-step flight self-occludes (Potemkin identity),1,1,0,1,0,0,1,0,1,0,0,0,1,M2,M2,M2,M2,M2,M2,M2,M2,M2,M2,M2,M2,M2,6,3,0,2,2,1,1,cued-H,edge_line_contrast|texture_change_across_edge|far_side_visible_depth|railing_or_guard|vegetation_edge|geometry_silhouette,10,3a+3b,0
on/scene14/L5__s20260819__0007.png,scene14,test,260819_main_on,L5,4.966,0.724,0.3,-8.82,62.63,-0.463,h0.9_d5,0.9,5.0,self_occlusion_crest,marble terrace crest; 40-step flight self-occludes (Potemkin identity),1,1,0,1,0,0,1,0,1,0,0,0,1,M2,M2,M2,M2,M2,M2,M2,M2,M2,M2,M2,M2,M2,6,3,0,2,2,1,1,cued-H,edge_line_contrast|texture_change_across_edge|far_side_visible_depth|railing_or_guard|vegetation_edge|geometry_silhouette,10,3a+3b,0
on/scene14/L5__s20260820__0000.png::boost_e,scene14,test,260820_boost_e_on,L5,8.923,1.441,3.31,-8.13,58.98,0.179,h1.8_d10,1.8,10.0,self_occlusion_crest,marble terrace crest; 40-step flight self-occludes (Potemkin identity),1,1,0,1,0,0,1,0,1,0,0,0,1,M2,M2,M2,M2,M2,M2,M2,M2,M2,M2,M2,M2,M2,6,3,0,2,2,1,1,cued-H,edge_line_contrast|texture_change_across_edge|far_side_visible_depth|railing_or_guard|vegetation_edge|geometry_silhouette,5,3b,0
on/scene14/L5__s20260820__0000.png::boost_h,scene14,test,260820_boost_h_on,L5,8.923,0.508,3.31,-8.13,58.98,0.179,h0.3_d10,0.3,10.0,self_occlusion_crest,marble terrace crest; 40-step flight self-occludes (Potemkin identity),0,0,0,0,0,0,0,0,0,0,0,0,0,M2,M2,M2,M2,M2,M2,M2,M2,M2,M2,M2,M2,M2,0,0,0,0,0,0,0,bare-H,,5,3b,0
on/scene14/L5__s20260820__0001.png::boost_e,scene14,test,260820_boost_e_on,L5,11.205,1.717,-4.05,-10.38,61.27,0.081,h1.8_d10,1.8,10.0,self_occlusion_crest,marble terrace crest; 40-step flight self-occludes (Potemkin identity),1,1,0,1,0,0,1,0,1,0,0,0,1,M2,M2,M2,M2,M2,M2,M2,M2,M2,M2,M2,M2,M2,6,3,0,2,2,1,1,cued-H,edge_line_contrast|texture_change_across_edge|far_side_visible_depth|railing_or_guard|vegetation_edge|geometry_silhouette,4,3b,0
on/scene14/L5__s20260820__0001.png::boost_h,scene14,test,260820_boost_h_on,L5,11.205,0.804,-4.05,-10.38,61.27,0.081,h0.9_d10,0.9,10.0,self_occlusion_crest,marble terrace crest; 40-step flight self-occludes (Potemkin identity),0,1,0,1,0,0,1,0,1,0,0,0,1,M2,M2,M2,M2,M2,M2,M2,M2,M2,M2,M2,M2,M2,5,3,0,2,1,1,1,cued-H,texture_change_across_edge|far_side_visible_depth|railing_or_guard|vegetation_edge|geometry_silhouette,4,3b,0
on/scene14/L5__s20260820__0003.png::boost_e,scene14,test,260820_boost_e_on,L5,10.095,1.885,-9.04,-7.24,60.58,-0.105,h1.8_d10,1.8,10.0,self_occlusion_crest,marble terrace crest; 40-step flight self-occludes (Potemkin identity),1,1,0,1,0,0,1,0,1,0,0,0,1,M2,M2,M2,M2,M2,M2,M2,M2,M2,M2,M2,M2,M2,6,3,0,2,2,1,1,cued-H,edge_line_contrast|texture_change_across_edge|far_side_visible_depth|railing_or_guard|vegetation_edge|geometry_silhouette,4,3b,0
on/scene14/L5__s20260820__0003.png::boost_h,scene14,test,260820_boost_h_on,L5,10.095,0.984,-9.04,-7.24,60.58,-0.105,h0.9_d10,0.9,10.0,self_occlusion_crest,marble terrace crest; 40-step flight self-occludes (Potemkin identity),0,1,0,1,0,0,1,0,1,0,0,0,1,M2,M2,M2,M2,M2,M2,M2,M2,M2,M2,M2,M2,M2,5,3,0,2,1,1,1,cued-H,texture_change_across_edge|far_side_visible_depth|railing_or_guard|vegetation_edge|geometry_silhouette,4,3b,0
on/scene14/L5__s20260820__0004.png::boost_e,scene14,test,260820_boost_e_on,L5,6.738,1.57,-3.76,-16.07,60.21,-0.126,h1.8_d5,1.8,5.0,self_occlusion_crest,marble terrace crest; 40-step flight self-occludes (Potemkin identity),1,1,0,1,0,0,1,0,1,0,0,0,1,M2,M2,M2,M2,M2,M2,M2,M2,M2,M2,M2,M2,M2,6,3,0,2,2,1,1,cued-H,edge_line_contrast|texture_change_across_edge|far_side_visible_depth|railing_or_guard|vegetation_edge|geometry_silhouette,10,3a+3b,0
on/scene14/L5__s20260820__0004.png::boost_h,scene14,test,260820_boost_h_on,L5,6.738,0.646,-3.76,-16.07,60.21,-0.126,h0.9_d5,0.9,5.0,self_occlusion_crest,marble terrace crest; 40-step flight self-occludes (Potemkin identity),1,1,0,1,0,0,1,0,1,0,0,0,1,M2,M2,M2,M2,M2,M2,M2,M2,M2,M2,M2,M2,M2,6,3,0,2,2,1,1,cued-H,edge_line_contrast|texture_change_across_edge|far_side_visible_depth|railing_or_guard|vegetation_edge|geometry_silhouette,10,3a+3b,0
on/scene14/L5__s20260820__0005.png::boost_e,scene14,test,260820_boost_e_on,L5,8.16,1.631,9.69,-12.4,62.4,-0.601,h1.8_d10,1.8,10.0,self_occlusion_crest,marble terrace crest; 40-step flight self-occludes (Potemkin identity),1,1,0,1,0,0,1,0,1,0,0,0,1,M2,M2,M2,M2,M2,M2,M2,M2,M2,M2,M2,M2,M2,6,3,0,2,2,1,1,cued-H,edge_line_contrast|texture_change_across_edge|far_side_visible_depth|railing_or_guard|vegetation_edge|geometry_silhouette,5,3b,0
on/scene14/L5__s20260820__0005.png::boost_h,scene14,test,260820_boost_h_on,L5,8.16,0.712,9.69,-12.4,62.4,-0.601,h0.9_d10,0.9,10.0,self_occlusion_crest,marble terrace crest; 40-step flight self-occludes (Potemkin identity),0,1,0,1,0,0,1,0,1,0,0,0,1,M2,M2,M2,M2,M2,M2,M2,M2,M2,M2,M2,M2,M2,5,3,0,2,1,1,1,cued-H,texture_change_across_edge|far_side_visible_depth|railing_or_guard|vegetation_edge|geometry_silhouette,5,3b,0
on/scene14/L5__s20260820__0006.png::boost_e,scene14,test,260820_boost_e_on,L5,8.239,1.225,9.65,-16.52,62.41,-0.003,h0.9_d10,0.9,10.0,self_occlusion_crest,marble terrace crest; 40-step flight self-occludes (Potemkin identity),0,1,0,1,0,0,1,0,1,0,0,0,1,M2,M2,M2,M2,M2,M2,M2,M2,M2,M2,M2,M2,M2,5,3,0,2,1,1,1,cued-H,texture_change_across_edge|far_side_visible_depth|railing_or_guard|vegetation_edge|geometry_silhouette,5,3b,0
on/scene14/L5__s20260820__0006.png::boost_h,scene14,test,260820_boost_h_on,L5,8.239,0.277,9.65,-16.52,62.41,-0.003,h0.3_d10,0.3,10.0,self_occlusion_crest,marble terrace crest; 40-step flight self-occludes (Potemkin identity),0,0,0,0,0,0,0,0,0,0,0,0,0,M2,M2,M2,M2,M2,M2,M2,M2,M2,M2,M2,M2,M2,0,0,0,0,0,0,0,bare-H,,5,3b,0
on/scene14/L5__s20260820__0007.png::boost_e,scene14,test,260820_boost_e_on,L5,10.461,1.275,5.48,-6.12,60.09,-0.342,h0.9_d10,0.9,10.0,self_occlusion_crest,marble terrace crest; 40-step flight self-occludes (Potemkin identity),0,1,0,1,0,0,1,0,1,0,0,0,1,M2,M2,M2,M2,M2,M2,M2,M2,M2,M2,M2,M2,M2,5,3,0,2,1,1,1,cued-H,texture_change_across_edge|far_side_visible_depth|railing_or_guard|vegetation_edge|geometry_silhouette,5,3b,0
on/scene14/L5__s20260820__0007.png::boost_h,scene14,test,260820_boost_h_on,L5,10.461,0.33,5.48,-6.12,60.09,-0.342,h0.3_d10,0.3,10.0,self_occlusion_crest,marble terrace crest; 40-step flight self-occludes (Potemkin identity),0,0,0,0,0,0,0,0,0,0,0,0,0,M2,M2,M2,M2,M2,M2,M2,M2,M2,M2,M2,M2,M2,0,0,0,0,0,0,0,bare-H,,5,3b,0
on/scene14/L7__s20260819__0000.png,scene14,test,260819_main_on,L7,4.744,0.848,1.43,-9.86,61.66,0.069,h0.9_d5,0.9,5.0,self_occlusion_crest,marble terrace crest; 40-step flight self-occludes (Potemkin identity),1,1,0,1,0,0,1,0,1,0,0,0,1,M2,M2,M2,M2,M2,M2,M2,M2,M2,M2,M2,M2,M2,6,3,0,2,2,1,1,cued-H,edge_line_contrast|texture_change_across_edge|far_side_visible_depth|railing_or_guard|vegetation_edge|geometry_silhouette,10,3a+3b,0
on/scene14/L7__s20260819__0001.png,scene14,test,260819_main_on,L7,7.036,1.28,1.65,-9.0,61.41,-0.291,h0.9_d5,0.9,5.0,self_occlusion_crest,marble terrace crest; 40-step flight self-occludes (Potemkin identity),1,1,0,1,0,0,1,0,1,0,0,0,1,M2,M2,M2,M2,M2,M2,M2,M2,M2,M2,M2,M2,M2,6,3,0,2,2,1,1,cued-H,edge_line_contrast|texture_change_across_edge|far_side_visible_depth|railing_or_guard|vegetation_edge|geometry_silhouette,9,3a+3b,0
on/scene14/L7__s20260819__0003.png,scene14,test,260819_main_on,L7,4.594,0.954,7.08,-3.23,62.91,0.742,h0.9_d5,0.9,5.0,self_occlusion_crest,marble terrace crest; 40-step flight self-occludes (Potemkin identity),1,1,0,1,0,0,1,0,1,0,0,0,1,M2,M2,M2,M2,M2,M2,M2,M2,M2,M2,M2,M2,M2,6,3,0,2,2,1,1,cued-H,edge_line_contrast|texture_change_across_edge|far_side_visible_depth|railing_or_guard|vegetation_edge|geometry_silhouette,10,3a+3b,0
on/scene14/L7__s20260819__0004.png,scene14,test,260819_main_on,L7,8.421,1.062,-17.26,-9.42,60.95,-0.195,h0.9_d10,0.9,10.0,self_occlusion_crest,marble terrace crest; 40-step flight self-occludes (Potemkin identity),0,1,0,1,0,0,1,0,1,0,0,0,1,M2,M2,M2,M2,M2,M2,M2,M2,M2,M2,M2,M2,M2,5,3,0,2,1,1,1,cued-H,texture_change_across_edge|far_side_visible_depth|railing_or_guard|vegetation_edge|geometry_silhouette,4,3b,0
on/scene14/L7__s20260819__0006.png,scene14,test,260819_main_on,L7,6.563,0.964,-0.17,-10.03,61.79,0.385,h0.9_d5,0.9,5.0,self_occlusion_crest,marble terrace crest; 40-step flight self-occludes (Potemkin identity),1,1,0,1,0,0,1,0,1,0,0,0,1,M2,M2,M2,M2,M2,M2,M2,M2,M2,M2,M2,M2,M2,6,3,0,2,2,1,1,cued-H,edge_line_contrast|texture_change_across_edge|far_side_visible_depth|railing_or_guard|vegetation_edge|geometry_silhouette,10,3a+3b,0
on/scene14/L7__s20260819__0007.png,scene14,test,260819_main_on,L7,4.966,0.724,0.3,-8.82,62.63,-0.463,h0.9_d5,0.9,5.0,self_occlusion_crest,marble terrace crest; 40-step flight self-occludes (Potemkin identity),1,1,0,1,0,0,1,0,1,0,0,0,1,M2,M2,M2,M2,M2,M2,M2,M2,M2,M2,M2,M2,M2,6,3,0,2,2,1,1,cued-H,edge_line_contrast|texture_change_across_edge|far_side_visible_depth|railing_or_guard|vegetation_edge|geometry_silhouette,10,3a+3b,0
on/scene14/L7__s20260820__0000.png::boost_e,scene14,test,260820_boost_e_on,L7,8.923,1.441,3.31,-8.13,58.98,0.179,h1.8_d10,1.8,10.0,self_occlusion_crest,marble terrace crest; 40-step flight self-occludes (Potemkin identity),1,1,0,1,0,0,1,0,1,0,0,0,1,M2,M2,M2,M2,M2,M2,M2,M2,M2,M2,M2,M2,M2,6,3,0,2,2,1,1,cued-H,edge_line_contrast|texture_change_across_edge|far_side_visible_depth|railing_or_guard|vegetation_edge|geometry_silhouette,5,3b,0
on/scene14/L7__s20260820__0000.png::boost_h,scene14,test,260820_boost_h_on,L7,8.923,0.508,3.31,-8.13,58.98,0.179,h0.3_d10,0.3,10.0,self_occlusion_crest,marble terrace crest; 40-step flight self-occludes (Potemkin identity),0,0,0,0,0,0,0,0,0,0,0,0,0,M2,M2,M2,M2,M2,M2,M2,M2,M2,M2,M2,M2,M2,0,0,0,0,0,0,0,bare-H,,5,3b,0
on/scene14/L7__s20260820__0001.png::boost_e,scene14,test,260820_boost_e_on,L7,11.205,1.717,-4.05,-10.38,61.27,0.081,h1.8_d10,1.8,10.0,self_occlusion_crest,marble terrace crest; 40-step flight self-occludes (Potemkin identity),1,1,0,1,0,0,1,0,1,0,0,0,1,M2,M2,M2,M2,M2,M2,M2,M2,M2,M2,M2,M2,M2,6,3,0,2,2,1,1,cued-H,edge_line_contrast|texture_change_across_edge|far_side_visible_depth|railing_or_guard|vegetation_edge|geometry_silhouette,4,3b,0
on/scene14/L7__s20260820__0001.png::boost_h,scene14,test,260820_boost_h_on,L7,11.205,0.804,-4.05,-10.38,61.27,0.081,h0.9_d10,0.9,10.0,self_occlusion_crest,marble terrace crest; 40-step flight self-occludes (Potemkin identity),0,1,0,1,0,0,1,0,1,0,0,0,1,M2,M2,M2,M2,M2,M2,M2,M2,M2,M2,M2,M2,M2,5,3,0,2,1,1,1,cued-H,texture_change_across_edge|far_side_visible_depth|railing_or_guard|vegetation_edge|geometry_silhouette,4,3b,0
on/scene14/L7__s20260820__0003.png::boost_e,scene14,test,260820_boost_e_on,L7,10.095,1.885,-9.04,-7.24,60.58,-0.105,h1.8_d10,1.8,10.0,self_occlusion_crest,marble terrace crest; 40-step flight self-occludes (Potemkin identity),1,1,0,1,0,0,1,0,1,0,0,0,1,M2,M2,M2,M2,M2,M2,M2,M2,M2,M2,M2,M2,M2,6,3,0,2,2,1,1,cued-H,edge_line_contrast|texture_change_across_edge|far_side_visible_depth|railing_or_guard|vegetation_edge|geometry_silhouette,4,3b,0
on/scene14/L7__s20260820__0003.png::boost_h,scene14,test,260820_boost_h_on,L7,10.095,0.984,-9.04,-7.24,60.58,-0.105,h0.9_d10,0.9,10.0,self_occlusion_crest,marble terrace crest; 40-step flight self-occludes (Potemkin identity),0,1,0,1,0,0,1,0,1,0,0,0,1,M2,M2,M2,M2,M2,M2,M2,M2,M2,M2,M2,M2,M2,5,3,0,2,1,1,1,cued-H,texture_change_across_edge|far_side_visible_depth|railing_or_guard|vegetation_edge|geometry_silhouette,4,3b,0
on/scene14/L7__s20260820__0004.png::boost_e,scene14,test,260820_boost_e_on,L7,6.738,1.57,-3.76,-16.07,60.21,-0.126,h1.8_d5,1.8,5.0,self_occlusion_crest,marble terrace crest; 40-step flight self-occludes (Potemkin identity),1,1,0,1,0,0,1,0,1,0,0,0,1,M2,M2,M2,M2,M2,M2,M2,M2,M2,M2,M2,M2,M2,6,3,0,2,2,1,1,cued-H,edge_line_contrast|texture_change_across_edge|far_side_visible_depth|railing_or_guard|vegetation_edge|geometry_silhouette,10,3a+3b,0
on/scene14/L7__s20260820__0004.png::boost_h,scene14,test,260820_boost_h_on,L7,6.738,0.646,-3.76,-16.07,60.21,-0.126,h0.9_d5,0.9,5.0,self_occlusion_crest,marble terrace crest; 40-step flight self-occludes (Potemkin identity),1,1,0,1,0,0,1,0,1,0,0,0,1,M2,M2,M2,M2,M2,M2,M2,M2,M2,M2,M2,M2,M2,6,3,0,2,2,1,1,cued-H,edge_line_contrast|texture_change_across_edge|far_side_visible_depth|railing_or_guard|vegetation_edge|geometry_silhouette,10,3a+3b,0
on/scene14/L7__s20260820__0005.png::boost_e,scene14,test,260820_boost_e_on,L7,8.16,1.631,9.69,-12.4,62.4,-0.601,h1.8_d10,1.8,10.0,self_occlusion_crest,marble terrace crest; 40-step flight self-occludes (Potemkin identity),1,1,0,1,0,0,1,0,1,0,0,0,1,M2,M2,M2,M2,M2,M2,M2,M2,M2,M2,M2,M2,M2,6,3,0,2,2,1,1,cued-H,edge_line_contrast|texture_change_across_edge|far_side_visible_depth|railing_or_guard|vegetation_edge|geometry_silhouette,5,3b,0
on/scene14/L7__s20260820__0005.png::boost_h,scene14,test,260820_boost_h_on,L7,8.16,0.712,9.69,-12.4,62.4,-0.601,h0.9_d10,0.9,10.0,self_occlusion_crest,marble terrace crest; 40-step flight self-occludes (Potemkin identity),0,1,0,1,0,0,1,0,1,0,0,0,1,M2,M2,M2,M2,M2,M2,M2,M2,M2,M2,M2,M2,M2,5,3,0,2,1,1,1,cued-H,texture_change_across_edge|far_side_visible_depth|railing_or_guard|vegetation_edge|geometry_silhouette,5,3b,0
on/scene14/L7__s20260820__0006.png::boost_e,scene14,test,260820_boost_e_on,L7,8.239,1.225,9.65,-16.52,62.41,-0.003,h0.9_d10,0.9,10.0,self_occlusion_crest,marble terrace crest; 40-step flight self-occludes (Potemkin identity),0,1,0,1,0,0,1,0,1,0,0,0,1,M2,M2,M2,M2,M2,M2,M2,M2,M2,M2,M2,M2,M2,5,3,0,2,1,1,1,cued-H,texture_change_across_edge|far_side_visible_depth|railing_or_guard|vegetation_edge|geometry_silhouette,5,3b,0
on/scene14/L7__s20260820__0006.png::boost_h,scene14,test,260820_boost_h_on,L7,8.239,0.277,9.65,-16.52,62.41,-0.003,h0.3_d10,0.3,10.0,self_occlusion_crest,marble terrace crest; 40-step flight self-occludes (Potemkin identity),0,0,0,0,0,0,0,0,0,0,0,0,0,M2,M2,M2,M2,M2,M2,M2,M2,M2,M2,M2,M2,M2,0,0,0,0,0,0,0,bare-H,,5,3b,0
on/scene14/L7__s20260820__0007.png::boost_e,scene14,test,260820_boost_e_on,L7,10.461,1.275,5.48,-6.12,60.09,-0.342,h0.9_d10,0.9,10.0,self_occlusion_crest,marble terrace crest; 40-step flight self-occludes (Potemkin identity),0,1,0,1,0,0,1,0,1,0,0,0,1,M2,M2,M2,M2,M2,M2,M2,M2,M2,M2,M2,M2,M2,5,3,0,2,1,1,1,cued-H,texture_change_across_edge|far_side_visible_depth|railing_or_guard|vegetation_edge|geometry_silhouette,5,3b,0
on/scene14/L7__s20260820__0007.png::boost_h,scene14,test,260820_boost_h_on,L7,10.461,0.33,5.48,-6.12,60.09,-0.342,h0.3_d10,0.3,10.0,self_occlusion_crest,marble terrace crest; 40-step flight self-occludes (Potemkin identity),0,0,0,0,0,0,0,0,0,0,0,0,0,M2,M2,M2,M2,M2,M2,M2,M2,M2,M2,M2,M2,M2,0,0,0,0,0,0,0,bare-H,,5,3b,0
on/scene15/L0__s20260819__0000.png,scene15,test,260819_main_on,L0,9.903,0.423,-4.21,-6.63,61.86,0.137,h0.3_d10,0.3,10.0,self_occlusion_crest+side_walls,upper alley floor end + flanking house walls; 2.21 m behind the 25 deg bend has no cue by design,0,0,0,1,0,0,0,0,1,0,0,0,1,M2,M2,M2,M2,M2,M2,M2,M2,M2,M2,M2,M2,M2,3,2,2,2,0,0,1,cued-H,far_side_visible_depth|vegetation_edge|geometry_silhouette,1,3b,0
on/scene15/L0__s20260820__0000.png::boost_e,scene15,test,260820_boost_e_on,L0,10.991,0.391,-17.79,-13.64,62.76,-0.079,h0.3_d10,0.3,10.0,self_occlusion_crest+side_walls,upper alley floor end + flanking house walls; 2.21 m behind the 25 deg bend has no cue by design,0,0,0,1,0,0,0,0,1,0,0,0,1,M2,M2,M2,M2,M2,M2,M2,M2,M2,M2,M2,M2,M2,3,2,2,2,0,0,1,cued-H,far_side_visible_depth|vegetation_edge|geometry_silhouette,2,3b,0
on/scene15/L0__s20260820__0000.png::boost_h,scene15,test,260820_boost_h_on,L0,10.991,0.361,-17.79,-13.64,62.76,-0.079,h0.3_d10,0.3,10.0,self_occlusion_crest+side_walls,upper alley floor end + flanking house walls; 2.21 m behind the 25 deg bend has no cue by design,0,0,0,1,0,0,0,0,1,0,0,0,1,M2,M2,M2,M2,M2,M2,M2,M2,M2,M2,M2,M2,M2,3,2,2,2,0,0,1,cued-H,far_side_visible_depth|vegetation_edge|geometry_silhouette,2,3b,0
on/scene15/L0__s20260820__0001.png::boost_h,scene15,test,260820_boost_h_on,L0,9.901,0.81,-11.83,-6.81,63.91,-0.034,h0.9_d10,0.9,10.0,self_occlusion_crest+side_walls,upper alley floor end + flanking house walls; 2.21 m behind the 25 deg bend has no cue by design,1,0,1,1,0,0,0,0,1,0,0,0,1,M2,M2,M2,M2,M2,M2,M2,M2,M2,M2,M2,M2,M2,5,3,3,2,2,0,1,cued-H,edge_line_contrast|shadow_line|far_side_visible_depth|vegetation_edge|geometry_silhouette,1,3b,0
on/scene15/L0__s20260820__0003.png::boost_e,scene15,test,260820_boost_e_on,L0,7.515,0.473,-4.96,-11.09,63.18,0.054,h0.3_d10,0.3,10.0,self_occlusion_crest+side_walls,upper alley floor end + flanking house walls; 2.21 m behind the 25 deg bend has no cue by design,0,0,0,1,0,0,0,0,1,0,0,0,1,M2,M2,M2,M2,M2,M2,M2,M2,M2,M2,M2,M2,M2,3,2,2,2,0,0,1,cued-H,far_side_visible_depth|vegetation_edge|geometry_silhouette,4,3a+3b,0
on/scene15/L0__s20260820__0003.png::boost_h,scene15,test,260820_boost_h_on,L0,7.515,0.426,-4.96,-11.09,63.18,0.054,h0.3_d10,0.3,10.0,self_occlusion_crest+side_walls,upper alley floor end + flanking house walls; 2.21 m behind the 25 deg bend has no cue by design,0,0,0,1,0,0,0,0,1,0,0,0,1,M2,M2,M2,M2,M2,M2,M2,M2,M2,M2,M2,M2,M2,3,2,2,2,0,0,1,cued-H,far_side_visible_depth|vegetation_edge|geometry_silhouette,4,3a+3b,0
on/scene15/L0__s20260820__0004.png::boost_e,scene15,test,260820_boost_e_on,L0,9.958,0.822,-3.49,-12.69,58.12,-0.331,h0.9_d10,0.9,10.0,self_occlusion_crest+side_walls,upper alley floor end + flanking house walls; 2.21 m behind the 25 deg bend has no cue by design,1,0,1,1,0,0,0,0,1,0,0,0,1,M2,M2,M2,M2,M2,M2,M2,M2,M2,M2,M2,M2,M2,5,3,3,2,2,0,1,cued-H,edge_line_contrast|shadow_line|far_side_visible_depth|vegetation_edge|geometry_silhouette,2,3b,0
on/scene15/L0__s20260820__0004.png::boost_h,scene15,test,260820_boost_h_on,L0,9.958,0.702,-3.49,-12.69,58.12,-0.331,h0.9_d10,0.9,10.0,self_occlusion_crest+side_walls,upper alley floor end + flanking house walls; 2.21 m behind the 25 deg bend has no cue by design,1,0,1,1,0,0,0,0,1,0,0,0,1,M2,M2,M2,M2,M2,M2,M2,M2,M2,M2,M2,M2,M2,5,3,3,2,2,0,1,cued-H,edge_line_contrast|shadow_line|far_side_visible_depth|vegetation_edge|geometry_silhouette,2,3b,0
on/scene15/L0__s20260820__0005.png::boost_e,scene15,test,260820_boost_e_on,L0,9.837,0.35,-7.34,-5.41,62.33,-0.342,h0.3_d10,0.3,10.0,self_occlusion_crest+side_walls,upper alley floor end + flanking house walls; 2.21 m behind the 25 deg bend has no cue by design,0,0,0,1,0,0,0,0,1,0,0,0,1,M2,M2,M2,M2,M2,M2,M2,M2,M2,M2,M2,M2,M2,3,2,2,2,0,0,1,cued-H,far_side_visible_depth|vegetation_edge|geometry_silhouette,1,3b,0
on/scene15/L0__s20260820__0005.png::boost_h,scene15,test,260820_boost_h_on,L0,9.837,0.329,-7.34,-5.41,62.33,-0.342,h0.3_d10,0.3,10.0,self_occlusion_crest+side_walls,upper alley floor end + flanking house walls; 2.21 m behind the 25 deg bend has no cue by design,0,0,0,1,0,0,0,0,1,0,0,0,1,M2,M2,M2,M2,M2,M2,M2,M2,M2,M2,M2,M2,M2,3,2,2,2,0,0,1,cued-H,far_side_visible_depth|vegetation_edge|geometry_silhouette,1,3b,0
on/scene15/L0__s20260820__0006.png::boost_e,scene15,test,260820_boost_e_on,L0,6.952,0.47,6.81,-5.18,59.52,-0.049,h0.3_d5,0.3,5.0,self_occlusion_crest+side_walls,upper alley floor end + flanking house walls; 2.21 m behind the 25 deg bend has no cue by design,1,0,1,1,0,0,0,0,1,0,0,0,1,M2,M2,M2,M2,M2,M2,M2,M2,M2,M2,M2,M2,M2,5,3,3,2,2,0,1,cued-H,edge_line_contrast|shadow_line|far_side_visible_depth|vegetation_edge|geometry_silhouette,4,3a+3b,0
on/scene15/L0__s20260820__0006.png::boost_h,scene15,test,260820_boost_h_on,L0,6.952,0.424,6.81,-5.18,59.52,-0.049,h0.3_d5,0.3,5.0,self_occlusion_crest+side_walls,upper alley floor end + flanking house walls; 2.21 m behind the 25 deg bend has no cue by design,1,0,1,1,0,0,0,0,1,0,0,0,1,M2,M2,M2,M2,M2,M2,M2,M2,M2,M2,M2,M2,M2,5,3,3,2,2,0,1,cued-H,edge_line_contrast|shadow_line|far_side_visible_depth|vegetation_edge|geometry_silhouette,4,3a+3b,0
on/scene15/L4__s20260819__0000.png,scene15,test,260819_main_on,L4,9.903,0.423,-4.21,-6.63,61.86,0.137,h0.3_d10,0.3,10.0,self_occlusion_crest+side_walls,upper alley floor end + flanking house walls; 2.21 m behind the 25 deg bend has no cue by design,0,0,0,1,0,0,0,0,1,0,0,0,1,M2,M2,M2,M2,M2,M2,M2,M2,M2,M2,M2,M2,M2,3,2,2,2,0,0,1,cued-H,far_side_visible_depth|vegetation_edge|geometry_silhouette,1,3b,0
on/scene15/L4__s20260820__0000.png::boost_e,scene15,test,260820_boost_e_on,L4,10.991,0.391,-17.79,-13.64,62.76,-0.079,h0.3_d10,0.3,10.0,self_occlusion_crest+side_walls,upper alley floor end + flanking house walls; 2.21 m behind the 25 deg bend has no cue by design,0,0,0,1,0,0,0,0,1,0,0,0,1,M2,M2,M2,M2,M2,M2,M2,M2,M2,M2,M2,M2,M2,3,2,2,2,0,0,1,cued-H,far_side_visible_depth|vegetation_edge|geometry_silhouette,2,3b,0
on/scene15/L4__s20260820__0000.png::boost_h,scene15,test,260820_boost_h_on,L4,10.991,0.361,-17.79,-13.64,62.76,-0.079,h0.3_d10,0.3,10.0,self_occlusion_crest+side_walls,upper alley floor end + flanking house walls; 2.21 m behind the 25 deg bend has no cue by design,0,0,0,1,0,0,0,0,1,0,0,0,1,M2,M2,M2,M2,M2,M2,M2,M2,M2,M2,M2,M2,M2,3,2,2,2,0,0,1,cued-H,far_side_visible_depth|vegetation_edge|geometry_silhouette,2,3b,0
on/scene15/L4__s20260820__0001.png::boost_h,scene15,test,260820_boost_h_on,L4,9.901,0.81,-11.83,-6.81,63.91,-0.034,h0.9_d10,0.9,10.0,self_occlusion_crest+side_walls,upper alley floor end + flanking house walls; 2.21 m behind the 25 deg bend has no cue by design,1,0,1,1,0,0,0,0,1,0,0,0,1,M2,M2,M2,M2,M2,M2,M2,M2,M2,M2,M2,M2,M2,5,3,3,2,2,0,1,cued-H,edge_line_contrast|shadow_line|far_side_visible_depth|vegetation_edge|geometry_silhouette,1,3b,0
on/scene15/L4__s20260820__0003.png::boost_e,scene15,test,260820_boost_e_on,L4,7.515,0.473,-4.96,-11.09,63.18,0.054,h0.3_d10,0.3,10.0,self_occlusion_crest+side_walls,upper alley floor end + flanking house walls; 2.21 m behind the 25 deg bend has no cue by design,0,0,0,1,0,0,0,0,1,0,0,0,1,M2,M2,M2,M2,M2,M2,M2,M2,M2,M2,M2,M2,M2,3,2,2,2,0,0,1,cued-H,far_side_visible_depth|vegetation_edge|geometry_silhouette,4,3a+3b,0
on/scene15/L4__s20260820__0003.png::boost_h,scene15,test,260820_boost_h_on,L4,7.515,0.426,-4.96,-11.09,63.18,0.054,h0.3_d10,0.3,10.0,self_occlusion_crest+side_walls,upper alley floor end + flanking house walls; 2.21 m behind the 25 deg bend has no cue by design,0,0,0,1,0,0,0,0,1,0,0,0,1,M2,M2,M2,M2,M2,M2,M2,M2,M2,M2,M2,M2,M2,3,2,2,2,0,0,1,cued-H,far_side_visible_depth|vegetation_edge|geometry_silhouette,4,3a+3b,0
on/scene15/L4__s20260820__0004.png::boost_e,scene15,test,260820_boost_e_on,L4,9.958,0.822,-3.49,-12.69,58.12,-0.331,h0.9_d10,0.9,10.0,self_occlusion_crest+side_walls,upper alley floor end + flanking house walls; 2.21 m behind the 25 deg bend has no cue by design,1,0,1,1,0,0,0,0,1,0,0,0,1,M2,M2,M2,M2,M2,M2,M2,M2,M2,M2,M2,M2,M2,5,3,3,2,2,0,1,cued-H,edge_line_contrast|shadow_line|far_side_visible_depth|vegetation_edge|geometry_silhouette,2,3b,0
on/scene15/L4__s20260820__0004.png::boost_h,scene15,test,260820_boost_h_on,L4,9.958,0.702,-3.49,-12.69,58.12,-0.331,h0.9_d10,0.9,10.0,self_occlusion_crest+side_walls,upper alley floor end + flanking house walls; 2.21 m behind the 25 deg bend has no cue by design,1,0,1,1,0,0,0,0,1,0,0,0,1,M2,M2,M2,M2,M2,M2,M2,M2,M2,M2,M2,M2,M2,5,3,3,2,2,0,1,cued-H,edge_line_contrast|shadow_line|far_side_visible_depth|vegetation_edge|geometry_silhouette,2,3b,0
on/scene15/L4__s20260820__0005.png::boost_e,scene15,test,260820_boost_e_on,L4,9.837,0.35,-7.34,-5.41,62.33,-0.342,h0.3_d10,0.3,10.0,self_occlusion_crest+side_walls,upper alley floor end + flanking house walls; 2.21 m behind the 25 deg bend has no cue by design,0,0,0,1,0,0,0,0,1,0,0,0,1,M2,M2,M2,M2,M2,M2,M2,M2,M2,M2,M2,M2,M2,3,2,2,2,0,0,1,cued-H,far_side_visible_depth|vegetation_edge|geometry_silhouette,1,3b,0
on/scene15/L4__s20260820__0005.png::boost_h,scene15,test,260820_boost_h_on,L4,9.837,0.329,-7.34,-5.41,62.33,-0.342,h0.3_d10,0.3,10.0,self_occlusion_crest+side_walls,upper alley floor end + flanking house walls; 2.21 m behind the 25 deg bend has no cue by design,0,0,0,1,0,0,0,0,1,0,0,0,1,M2,M2,M2,M2,M2,M2,M2,M2,M2,M2,M2,M2,M2,3,2,2,2,0,0,1,cued-H,far_side_visible_depth|vegetation_edge|geometry_silhouette,1,3b,0
on/scene15/L4__s20260820__0006.png::boost_e,scene15,test,260820_boost_e_on,L4,6.952,0.47,6.81,-5.18,59.52,-0.049,h0.3_d5,0.3,5.0,self_occlusion_crest+side_walls,upper alley floor end + flanking house walls; 2.21 m behind the 25 deg bend has no cue by design,1,0,1,1,0,0,0,0,1,0,0,0,1,M2,M2,M2,M2,M2,M2,M2,M2,M2,M2,M2,M2,M2,5,3,3,2,2,0,1,cued-H,edge_line_contrast|shadow_line|far_side_visible_depth|vegetation_edge|geometry_silhouette,4,3a+3b,0
on/scene15/L4__s20260820__0006.png::boost_h,scene15,test,260820_boost_h_on,L4,6.952,0.424,6.81,-5.18,59.52,-0.049,h0.3_d5,0.3,5.0,self_occlusion_crest+side_walls,upper alley floor end + flanking house walls; 2.21 m behind the 25 deg bend has no cue by design,1,0,1,1,0,0,0,0,1,0,0,0,1,M2,M2,M2,M2,M2,M2,M2,M2,M2,M2,M2,M2,M2,5,3,3,2,2,0,1,cued-H,edge_line_contrast|shadow_line|far_side_visible_depth|vegetation_edge|geometry_silhouette,4,3a+3b,0
on/scene15/L7__s20260819__0000.png,scene15,test,260819_main_on,L7,9.903,0.423,-4.21,-6.63,61.86,0.137,h0.3_d10,0.3,10.0,self_occlusion_crest+side_walls,upper alley floor end + flanking house walls; 2.21 m behind the 25 deg bend has no cue by design,0,0,0,1,0,0,0,0,1,0,0,0,1,M2,M2,M2+cond,M2,M2,M2,M2,M2,M2,M2,M2,M2,M2,3,2,2,2,0,0,1,cued-H,far_side_visible_depth|vegetation_edge|geometry_silhouette,1,3b,0
on/scene15/L7__s20260820__0000.png::boost_e,scene15,test,260820_boost_e_on,L7,10.991,0.391,-17.79,-13.64,62.76,-0.079,h0.3_d10,0.3,10.0,self_occlusion_crest+side_walls,upper alley floor end + flanking house walls; 2.21 m behind the 25 deg bend has no cue by design,0,0,0,1,0,0,0,0,1,0,0,0,1,M2,M2,M2+cond,M2,M2,M2,M2,M2,M2,M2,M2,M2,M2,3,2,2,2,0,0,1,cued-H,far_side_visible_depth|vegetation_edge|geometry_silhouette,2,3b,0
on/scene15/L7__s20260820__0000.png::boost_h,scene15,test,260820_boost_h_on,L7,10.991,0.361,-17.79,-13.64,62.76,-0.079,h0.3_d10,0.3,10.0,self_occlusion_crest+side_walls,upper alley floor end + flanking house walls; 2.21 m behind the 25 deg bend has no cue by design,0,0,0,1,0,0,0,0,1,0,0,0,1,M2,M2,M2+cond,M2,M2,M2,M2,M2,M2,M2,M2,M2,M2,3,2,2,2,0,0,1,cued-H,far_side_visible_depth|vegetation_edge|geometry_silhouette,2,3b,0
on/scene15/L7__s20260820__0001.png::boost_h,scene15,test,260820_boost_h_on,L7,9.901,0.81,-11.83,-6.81,63.91,-0.034,h0.9_d10,0.9,10.0,self_occlusion_crest+side_walls,upper alley floor end + flanking house walls; 2.21 m behind the 25 deg bend has no cue by design,1,0,0,1,0,0,0,0,1,0,0,0,1,M2,M2,M2+cond,M2,M2,M2,M2,M2,M2,M2,M2,M2,M2,4,2,3,2,1,0,1,cued-H,edge_line_contrast|far_side_visible_depth|vegetation_edge|geometry_silhouette,1,3b,0
on/scene15/L7__s20260820__0003.png::boost_e,scene15,test,260820_boost_e_on,L7,7.515,0.473,-4.96,-11.09,63.18,0.054,h0.3_d10,0.3,10.0,self_occlusion_crest+side_walls,upper alley floor end + flanking house walls; 2.21 m behind the 25 deg bend has no cue by design,0,0,0,1,0,0,0,0,1,0,0,0,1,M2,M2,M2+cond,M2,M2,M2,M2,M2,M2,M2,M2,M2,M2,3,2,2,2,0,0,1,cued-H,far_side_visible_depth|vegetation_edge|geometry_silhouette,4,3a+3b,0
on/scene15/L7__s20260820__0003.png::boost_h,scene15,test,260820_boost_h_on,L7,7.515,0.426,-4.96,-11.09,63.18,0.054,h0.3_d10,0.3,10.0,self_occlusion_crest+side_walls,upper alley floor end + flanking house walls; 2.21 m behind the 25 deg bend has no cue by design,0,0,0,1,0,0,0,0,1,0,0,0,1,M2,M2,M2+cond,M2,M2,M2,M2,M2,M2,M2,M2,M2,M2,3,2,2,2,0,0,1,cued-H,far_side_visible_depth|vegetation_edge|geometry_silhouette,4,3a+3b,0
on/scene15/L7__s20260820__0004.png::boost_e,scene15,test,260820_boost_e_on,L7,9.958,0.822,-3.49,-12.69,58.12,-0.331,h0.9_d10,0.9,10.0,self_occlusion_crest+side_walls,upper alley floor end + flanking house walls; 2.21 m behind the 25 deg bend has no cue by design,1,0,0,1,0,0,0,0,1,0,0,0,1,M2,M2,M2+cond,M2,M2,M2,M2,M2,M2,M2,M2,M2,M2,4,2,3,2,1,0,1,cued-H,edge_line_contrast|far_side_visible_depth|vegetation_edge|geometry_silhouette,2,3b,0
on/scene15/L7__s20260820__0004.png::boost_h,scene15,test,260820_boost_h_on,L7,9.958,0.702,-3.49,-12.69,58.12,-0.331,h0.9_d10,0.9,10.0,self_occlusion_crest+side_walls,upper alley floor end + flanking house walls; 2.21 m behind the 25 deg bend has no cue by design,1,0,0,1,0,0,0,0,1,0,0,0,1,M2,M2,M2+cond,M2,M2,M2,M2,M2,M2,M2,M2,M2,M2,4,2,3,2,1,0,1,cued-H,edge_line_contrast|far_side_visible_depth|vegetation_edge|geometry_silhouette,2,3b,0
on/scene15/L7__s20260820__0005.png::boost_e,scene15,test,260820_boost_e_on,L7,9.837,0.35,-7.34,-5.41,62.33,-0.342,h0.3_d10,0.3,10.0,self_occlusion_crest+side_walls,upper alley floor end + flanking house walls; 2.21 m behind the 25 deg bend has no cue by design,0,0,0,1,0,0,0,0,1,0,0,0,1,M2,M2,M2+cond,M2,M2,M2,M2,M2,M2,M2,M2,M2,M2,3,2,2,2,0,0,1,cued-H,far_side_visible_depth|vegetation_edge|geometry_silhouette,1,3b,0
on/scene15/L7__s20260820__0005.png::boost_h,scene15,test,260820_boost_h_on,L7,9.837,0.329,-7.34,-5.41,62.33,-0.342,h0.3_d10,0.3,10.0,self_occlusion_crest+side_walls,upper alley floor end + flanking house walls; 2.21 m behind the 25 deg bend has no cue by design,0,0,0,1,0,0,0,0,1,0,0,0,1,M2,M2,M2+cond,M2,M2,M2,M2,M2,M2,M2,M2,M2,M2,3,2,2,2,0,0,1,cued-H,far_side_visible_depth|vegetation_edge|geometry_silhouette,1,3b,0
on/scene15/L7__s20260820__0006.png::boost_e,scene15,test,260820_boost_e_on,L7,6.952,0.47,6.81,-5.18,59.52,-0.049,h0.3_d5,0.3,5.0,self_occlusion_crest+side_walls,upper alley floor end + flanking house walls; 2.21 m behind the 25 deg bend has no cue by design,1,0,0,1,0,0,0,0,1,0,0,0,1,M2,M2,M2+cond,M2,M2,M2,M2,M2,M2,M2,M2,M2,M2,4,2,3,2,1,0,1,cued-H,edge_line_contrast|far_side_visible_depth|vegetation_edge|geometry_silhouette,4,3a+3b,0
on/scene15/L7__s20260820__0006.png::boost_h,scene15,test,260820_boost_h_on,L7,6.952,0.424,6.81,-5.18,59.52,-0.049,h0.3_d5,0.3,5.0,self_occlusion_crest+side_walls,upper alley floor end + flanking house walls; 2.21 m behind the 25 deg bend has no cue by design,1,0,0,1,0,0,0,0,1,0,0,0,1,M2,M2,M2+cond,M2,M2,M2,M2,M2,M2,M2,M2,M2,M2,4,2,3,2,1,0,1,cued-H,edge_line_contrast|far_side_visible_depth|vegetation_edge|geometry_silhouette,4,3a+3b,0
on/scene17/L0__s20260819__0003.png,scene17,train,260819_main_on,L0,5.761,0.743,14.63,-6.06,62.21,0.667,h0.9_d5,0.9,5.0,self_occlusion_crest,levee crest at x=0; grazing ray skips bank/stairs/terrace,1,1,0,1,0,0,0,1,1,1,1,1,1,M2,M2,M2,M2,M2,M2,M2,M2,M2,M2,M2,M2,M2,9,3,0,3,4,1,1,cued-H,edge_line_contrast|texture_change_across_edge|far_side_visible_depth|curb_or_upstand|vegetation_edge|water_surface|signage_or_marking|specular_change|geometry_silhouette,6,3a+3b,0
on/scene17/L0__s20260819__0005.png,scene17,train,260819_main_on,L0,7.64,0.938,-5.54,-11.34,63.46,-0.341,h0.9_d10,0.9,10.0,self_occlusion_crest,levee crest at x=0; grazing ray skips bank/stairs/terrace,1,1,0,1,0,0,0,1,1,1,1,1,1,M2,M2,M2,M2,M2,M2,M2,M2,M2,M2,M2,M2,M2,9,3,0,3,4,1,1,cued-H,edge_line_contrast|texture_change_across_edge|far_side_visible_depth|curb_or_upstand|vegetation_edge|water_surface|signage_or_marking|specular_change|geometry_silhouette,7,3a+3b,0
on/scene17/L0__s20260819__0007.png,scene17,train,260819_main_on,L0,5.695,0.745,5.08,-6.92,61.51,-0.154,h0.9_d5,0.9,5.0,self_occlusion_crest,levee crest at x=0; grazing ray skips bank/stairs/terrace,1,1,0,1,0,0,0,1,1,1,1,1,1,M2,M2,M2,M2,M2,M2,M2,M2,M2,M2,M2,M2,M2,9,3,0,3,4,1,1,cued-H,edge_line_contrast|texture_change_across_edge|far_side_visible_depth|curb_or_upstand|vegetation_edge|water_surface|signage_or_marking|specular_change|geometry_silhouette,9,3a+3b,0
on/scene17/L0__s20260820__0000.png::boost_h,scene17,train,260820_boost_h_on,L0,10.692,0.679,-4.2,-8.08,61.43,-0.253,h0.9_d10,0.9,10.0,self_occlusion_crest,levee crest at x=0; grazing ray skips bank/stairs/terrace,1,1,0,1,0,0,0,1,1,1,1,1,1,M2,M2,M2,M2,M2,M2,M2,M2,M2,M2,M2,M2,M2,9,3,0,3,4,1,1,cued-H,edge_line_contrast|texture_change_across_edge|far_side_visible_depth|curb_or_upstand|vegetation_edge|water_surface|signage_or_marking|specular_change|geometry_silhouette,2,3b,0
on/scene17/L0__s20260820__0001.png::boost_h,scene17,train,260820_boost_h_on,L0,6.431,0.803,-9.48,-3.73,62.37,0.363,h0.9_d5,0.9,5.0,self_occlusion_crest,levee crest at x=0; grazing ray skips bank/stairs/terrace,1,1,0,1,0,0,0,1,1,1,1,1,1,M2,M2,M2,M2,M2,M2,M2,M2,M2,M2,M2,M2,M2,9,3,0,3,4,1,1,cued-H,edge_line_contrast|texture_change_across_edge|far_side_visible_depth|curb_or_upstand|vegetation_edge|water_surface|signage_or_marking|specular_change|geometry_silhouette,7,3a+3b,0
on/scene17/L0__s20260820__0002.png::boost_h,scene17,train,260820_boost_h_on,L0,8.414,0.546,-8.92,-9.92,64.88,0.139,h0.3_d10,0.3,10.0,self_occlusion_crest,levee crest at x=0; grazing ray skips bank/stairs/terrace,0,0,0,0,0,0,0,0,0,0,0,0,0,M2,M2,M2,M2,M2,M2,M2,M2,M2,M2,M2,M2,M2,0,0,0,0,0,0,0,bare-H,,5,3b,0
on/scene17/L0__s20260820__0003.png::boost_h,scene17,train,260820_boost_h_on,L0,6.799,0.74,-13.38,-3.31,62.17,-0.828,h0.9_d5,0.9,5.0,self_occlusion_crest,levee crest at x=0; grazing ray skips bank/stairs/terrace,1,1,0,1,0,0,0,1,1,1,1,1,1,M2,M2,M2,M2,M2,M2,M2,M2,M2,M2,M2,M2,M2,9,3,0,3,4,1,1,cued-H,edge_line_contrast|texture_change_across_edge|far_side_visible_depth|curb_or_upstand|vegetation_edge|water_surface|signage_or_marking|specular_change|geometry_silhouette,7,3a+3b,0
on/scene17/L0__s20260820__0004.png::boost_h,scene17,train,260820_boost_h_on,L0,6.738,0.889,-15.02,-11.95,59.95,-0.132,h0.9_d5,0.9,5.0,self_occlusion_crest,levee crest at x=0; grazing ray skips bank/stairs/terrace,1,1,0,1,0,0,0,1,1,1,1,1,1,M2,M2,M2,M2,M2,M2,M2,M2,M2,M2,M2,M2,M2,9,3,0,3,4,1,1,cued-H,edge_line_contrast|texture_change_across_edge|far_side_visible_depth|curb_or_upstand|vegetation_edge|water_surface|signage_or_marking|specular_change|geometry_silhouette,8,3a+3b,0
on/scene17/L0__s20260820__0005.png::boost_h,scene17,train,260820_boost_h_on,L0,6.609,0.548,-1.78,-7.34,63.0,0.05,h0.3_d5,0.3,5.0,self_occlusion_crest,levee crest at x=0; grazing ray skips bank/stairs/terrace,0,0,0,0,0,0,0,0,1,0,1,0,1,M2,M2,M2,M2,M2,M2,M2,M2,M2,M2,M2,M2,M2,3,2,0,1,0,1,1,cued-H,vegetation_edge|signage_or_marking|geometry_silhouette,8,3a+3b,0
on/scene17/L0__s20260820__0006.png::boost_h,scene17,train,260820_boost_h_on,L0,6.072,0.533,-12.48,-10.11,59.13,0.529,h0.3_d5,0.3,5.0,self_occlusion_crest,levee crest at x=0; grazing ray skips bank/stairs/terrace,0,0,0,0,0,0,0,0,1,0,1,0,1,M2,M2,M2,M2,M2,M2,M2,M2,M2,M2,M2,M2,M2,3,2,0,1,0,1,1,cued-H,vegetation_edge|signage_or_marking|geometry_silhouette,8,3a+3b,0
on/scene17/L0__s20260820__0007.png::boost_h,scene17,train,260820_boost_h_on,L0,7.63,0.449,10.36,-7.3,64.27,0.404,h0.3_d10,0.3,10.0,self_occlusion_crest,levee crest at x=0; grazing ray skips bank/stairs/terrace,0,0,0,0,0,0,0,0,0,0,0,0,0,M2,M2,M2,M2,M2,M2,M2,M2,M2,M2,M2,M2,M2,0,0,0,0,0,0,0,bare-H,,4,3a+3b,0
on/scene17/L5__s20260819__0003.png,scene17,train,260819_main_on,L5,5.761,0.743,14.63,-6.06,62.21,0.667,h0.9_d5,0.9,5.0,self_occlusion_crest,levee crest at x=0; grazing ray skips bank/stairs/terrace,1,1,0,1,0,0,0,1,1,1,1,1,1,M2,M2,M2,M2,M2,M2,M2,M2,M2,M2,M2,M2,M2,9,3,0,3,4,1,1,cued-H,edge_line_contrast|texture_change_across_edge|far_side_visible_depth|curb_or_upstand|vegetation_edge|water_surface|signage_or_marking|specular_change|geometry_silhouette,6,3a+3b,0
on/scene17/L5__s20260819__0005.png,scene17,train,260819_main_on,L5,7.64,0.938,-5.54,-11.34,63.46,-0.341,h0.9_d10,0.9,10.0,self_occlusion_crest,levee crest at x=0; grazing ray skips bank/stairs/terrace,1,1,0,1,0,0,0,1,1,1,1,1,1,M2,M2,M2,M2,M2,M2,M2,M2,M2,M2,M2,M2,M2,9,3,0,3,4,1,1,cued-H,edge_line_contrast|texture_change_across_edge|far_side_visible_depth|curb_or_upstand|vegetation_edge|water_surface|signage_or_marking|specular_change|geometry_silhouette,7,3a+3b,0
on/scene17/L5__s20260819__0007.png,scene17,train,260819_main_on,L5,5.695,0.745,5.08,-6.92,61.51,-0.154,h0.9_d5,0.9,5.0,self_occlusion_crest,levee crest at x=0; grazing ray skips bank/stairs/terrace,1,1,0,1,0,0,0,1,1,1,1,1,1,M2,M2,M2,M2,M2,M2,M2,M2,M2,M2,M2,M2,M2,9,3,0,3,4,1,1,cued-H,edge_line_contrast|texture_change_across_edge|far_side_visible_depth|curb_or_upstand|vegetation_edge|water_surface|signage_or_marking|specular_change|geometry_silhouette,9,3a+3b,0
on/scene17/L5__s20260820__0000.png::boost_h,scene17,train,260820_boost_h_on,L5,10.692,0.679,-4.2,-8.08,61.43,-0.253,h0.9_d10,0.9,10.0,self_occlusion_crest,levee crest at x=0; grazing ray skips bank/stairs/terrace,1,1,0,1,0,0,0,1,1,1,1,1,1,M2,M2,M2,M2,M2,M2,M2,M2,M2,M2,M2,M2,M2,9,3,0,3,4,1,1,cued-H,edge_line_contrast|texture_change_across_edge|far_side_visible_depth|curb_or_upstand|vegetation_edge|water_surface|signage_or_marking|specular_change|geometry_silhouette,2,3b,0
on/scene17/L5__s20260820__0001.png::boost_h,scene17,train,260820_boost_h_on,L5,6.431,0.803,-9.48,-3.73,62.37,0.363,h0.9_d5,0.9,5.0,self_occlusion_crest,levee crest at x=0; grazing ray skips bank/stairs/terrace,1,1,0,1,0,0,0,1,1,1,1,1,1,M2,M2,M2,M2,M2,M2,M2,M2,M2,M2,M2,M2,M2,9,3,0,3,4,1,1,cued-H,edge_line_contrast|texture_change_across_edge|far_side_visible_depth|curb_or_upstand|vegetation_edge|water_surface|signage_or_marking|specular_change|geometry_silhouette,7,3a+3b,0
on/scene17/L5__s20260820__0002.png::boost_h,scene17,train,260820_boost_h_on,L5,8.414,0.546,-8.92,-9.92,64.88,0.139,h0.3_d10,0.3,10.0,self_occlusion_crest,levee crest at x=0; grazing ray skips bank/stairs/terrace,0,0,0,0,0,0,0,0,0,0,0,0,0,M2,M2,M2,M2,M2,M2,M2,M2,M2,M2,M2,M2,M2,0,0,0,0,0,0,0,bare-H,,5,3b,0
on/scene17/L5__s20260820__0003.png::boost_h,scene17,train,260820_boost_h_on,L5,6.799,0.74,-13.38,-3.31,62.17,-0.828,h0.9_d5,0.9,5.0,self_occlusion_crest,levee crest at x=0; grazing ray skips bank/stairs/terrace,1,1,0,1,0,0,0,1,1,1,1,1,1,M2,M2,M2,M2,M2,M2,M2,M2,M2,M2,M2,M2,M2,9,3,0,3,4,1,1,cued-H,edge_line_contrast|texture_change_across_edge|far_side_visible_depth|curb_or_upstand|vegetation_edge|water_surface|signage_or_marking|specular_change|geometry_silhouette,7,3a+3b,0
on/scene17/L5__s20260820__0004.png::boost_h,scene17,train,260820_boost_h_on,L5,6.738,0.889,-15.02,-11.95,59.95,-0.132,h0.9_d5,0.9,5.0,self_occlusion_crest,levee crest at x=0; grazing ray skips bank/stairs/terrace,1,1,0,1,0,0,0,1,1,1,1,1,1,M2,M2,M2,M2,M2,M2,M2,M2,M2,M2,M2,M2,M2,9,3,0,3,4,1,1,cued-H,edge_line_contrast|texture_change_across_edge|far_side_visible_depth|curb_or_upstand|vegetation_edge|water_surface|signage_or_marking|specular_change|geometry_silhouette,8,3a+3b,0
on/scene17/L5__s20260820__0005.png::boost_h,scene17,train,260820_boost_h_on,L5,6.609,0.548,-1.78,-7.34,63.0,0.05,h0.3_d5,0.3,5.0,self_occlusion_crest,levee crest at x=0; grazing ray skips bank/stairs/terrace,0,0,0,0,0,0,0,0,1,0,1,0,1,M2,M2,M2,M2,M2,M2,M2,M2,M2,M2,M2,M2,M2,3,2,0,1,0,1,1,cued-H,vegetation_edge|signage_or_marking|geometry_silhouette,8,3a+3b,0
on/scene17/L5__s20260820__0006.png::boost_h,scene17,train,260820_boost_h_on,L5,6.072,0.533,-12.48,-10.11,59.13,0.529,h0.3_d5,0.3,5.0,self_occlusion_crest,levee crest at x=0; grazing ray skips bank/stairs/terrace,0,0,0,0,0,0,0,0,1,0,1,0,1,M2,M2,M2,M2,M2,M2,M2,M2,M2,M2,M2,M2,M2,3,2,0,1,0,1,1,cued-H,vegetation_edge|signage_or_marking|geometry_silhouette,8,3a+3b,0
on/scene17/L5__s20260820__0007.png::boost_h,scene17,train,260820_boost_h_on,L5,7.63,0.449,10.36,-7.3,64.27,0.404,h0.3_d10,0.3,10.0,self_occlusion_crest,levee crest at x=0; grazing ray skips bank/stairs/terrace,0,0,0,0,0,0,0,0,0,0,0,0,0,M2,M2,M2,M2,M2,M2,M2,M2,M2,M2,M2,M2,M2,0,0,0,0,0,0,0,bare-H,,4,3a+3b,0
on/scene17/L7__s20260819__0003.png,scene17,train,260819_main_on,L7,5.761,0.743,14.63,-6.06,62.21,0.667,h0.9_d5,0.9,5.0,self_occlusion_crest,levee crest at x=0; grazing ray skips bank/stairs/terrace,1,1,0,1,0,0,0,1,1,1,1,1,1,M2,M2,M2,M2,M2,M2,M2,M2,M2,M2,M2,M2,M2,9,3,0,3,4,1,1,cued-H,edge_line_contrast|texture_change_across_edge|far_side_visible_depth|curb_or_upstand|vegetation_edge|water_surface|signage_or_marking|specular_change|geometry_silhouette,6,3a+3b,0
on/scene17/L7__s20260819__0005.png,scene17,train,260819_main_on,L7,7.64,0.938,-5.54,-11.34,63.46,-0.341,h0.9_d10,0.9,10.0,self_occlusion_crest,levee crest at x=0; grazing ray skips bank/stairs/terrace,1,1,0,1,0,0,0,1,1,1,1,1,1,M2,M2,M2,M2,M2,M2,M2,M2,M2,M2,M2,M2,M2,9,3,0,3,4,1,1,cued-H,edge_line_contrast|texture_change_across_edge|far_side_visible_depth|curb_or_upstand|vegetation_edge|water_surface|signage_or_marking|specular_change|geometry_silhouette,7,3a+3b,0
on/scene17/L7__s20260819__0007.png,scene17,train,260819_main_on,L7,5.695,0.745,5.08,-6.92,61.51,-0.154,h0.9_d5,0.9,5.0,self_occlusion_crest,levee crest at x=0; grazing ray skips bank/stairs/terrace,1,1,0,1,0,0,0,1,1,1,1,1,1,M2,M2,M2,M2,M2,M2,M2,M2,M2,M2,M2,M2,M2,9,3,0,3,4,1,1,cued-H,edge_line_contrast|texture_change_across_edge|far_side_visible_depth|curb_or_upstand|vegetation_edge|water_surface|signage_or_marking|specular_change|geometry_silhouette,9,3a+3b,0
on/scene17/L7__s20260820__0000.png::boost_h,scene17,train,260820_boost_h_on,L7,10.692,0.679,-4.2,-8.08,61.43,-0.253,h0.9_d10,0.9,10.0,self_occlusion_crest,levee crest at x=0; grazing ray skips bank/stairs/terrace,1,1,0,1,0,0,0,1,1,1,1,1,1,M2,M2,M2,M2,M2,M2,M2,M2,M2,M2,M2,M2,M2,9,3,0,3,4,1,1,cued-H,edge_line_contrast|texture_change_across_edge|far_side_visible_depth|curb_or_upstand|vegetation_edge|water_surface|signage_or_marking|specular_change|geometry_silhouette,2,3b,0
on/scene17/L7__s20260820__0001.png::boost_h,scene17,train,260820_boost_h_on,L7,6.431,0.803,-9.48,-3.73,62.37,0.363,h0.9_d5,0.9,5.0,self_occlusion_crest,levee crest at x=0; grazing ray skips bank/stairs/terrace,1,1,0,1,0,0,0,1,1,1,1,1,1,M2,M2,M2,M2,M2,M2,M2,M2,M2,M2,M2,M2,M2,9,3,0,3,4,1,1,cued-H,edge_line_contrast|texture_change_across_edge|far_side_visible_depth|curb_or_upstand|vegetation_edge|water_surface|signage_or_marking|specular_change|geometry_silhouette,7,3a+3b,0
on/scene17/L7__s20260820__0002.png::boost_h,scene17,train,260820_boost_h_on,L7,8.414,0.546,-8.92,-9.92,64.88,0.139,h0.3_d10,0.3,10.0,self_occlusion_crest,levee crest at x=0; grazing ray skips bank/stairs/terrace,0,0,0,0,0,0,0,0,0,0,0,0,0,M2,M2,M2,M2,M2,M2,M2,M2,M2,M2,M2,M2,M2,0,0,0,0,0,0,0,bare-H,,5,3b,0
on/scene17/L7__s20260820__0003.png::boost_h,scene17,train,260820_boost_h_on,L7,6.799,0.74,-13.38,-3.31,62.17,-0.828,h0.9_d5,0.9,5.0,self_occlusion_crest,levee crest at x=0; grazing ray skips bank/stairs/terrace,1,1,0,1,0,0,0,1,1,1,1,1,1,M2,M2,M2,M2,M2,M2,M2,M2,M2,M2,M2,M2,M2,9,3,0,3,4,1,1,cued-H,edge_line_contrast|texture_change_across_edge|far_side_visible_depth|curb_or_upstand|vegetation_edge|water_surface|signage_or_marking|specular_change|geometry_silhouette,7,3a+3b,0
on/scene17/L7__s20260820__0004.png::boost_h,scene17,train,260820_boost_h_on,L7,6.738,0.889,-15.02,-11.95,59.95,-0.132,h0.9_d5,0.9,5.0,self_occlusion_crest,levee crest at x=0; grazing ray skips bank/stairs/terrace,1,1,0,1,0,0,0,1,1,1,1,1,1,M2,M2,M2,M2,M2,M2,M2,M2,M2,M2,M2,M2,M2,9,3,0,3,4,1,1,cued-H,edge_line_contrast|texture_change_across_edge|far_side_visible_depth|curb_or_upstand|vegetation_edge|water_surface|signage_or_marking|specular_change|geometry_silhouette,8,3a+3b,0
on/scene17/L7__s20260820__0005.png::boost_h,scene17,train,260820_boost_h_on,L7,6.609,0.548,-1.78,-7.34,63.0,0.05,h0.3_d5,0.3,5.0,self_occlusion_crest,levee crest at x=0; grazing ray skips bank/stairs/terrace,0,0,0,0,0,0,0,0,1,0,1,0,1,M2,M2,M2,M2,M2,M2,M2,M2,M2,M2,M2,M2,M2,3,2,0,1,0,1,1,cued-H,vegetation_edge|signage_or_marking|geometry_silhouette,8,3a+3b,0
on/scene17/L7__s20260820__0006.png::boost_h,scene17,train,260820_boost_h_on,L7,6.072,0.533,-12.48,-10.11,59.13,0.529,h0.3_d5,0.3,5.0,self_occlusion_crest,levee crest at x=0; grazing ray skips bank/stairs/terrace,0,0,0,0,0,0,0,0,1,0,1,0,1,M2,M2,M2,M2,M2,M2,M2,M2,M2,M2,M2,M2,M2,3,2,0,1,0,1,1,cued-H,vegetation_edge|signage_or_marking|geometry_silhouette,8,3a+3b,0
on/scene17/L7__s20260820__0007.png::boost_h,scene17,train,260820_boost_h_on,L7,7.63,0.449,10.36,-7.3,64.27,0.404,h0.3_d10,0.3,10.0,self_occlusion_crest,levee crest at x=0; grazing ray skips bank/stairs/terrace,0,0,0,0,0,0,0,0,0,0,0,0,0,M2,M2,M2,M2,M2,M2,M2,M2,M2,M2,M2,M2,M2,0,0,0,0,0,0,0,bare-H,,4,3a+3b,0
on/scene20/L0__s20260821__0000.png::boost_e2,scene20,val,260820_boost_e2_on,L0,5.104,0.321,-3.76,-10.19,64.64,0.415,h0.3_d5,0.3,5.0,self_occlusion_crest,mesa lip on the 30 deg diagonal; flight self-occluded at every preset,0,0,0,0,0,0,1,0,0,0,0,0,1,M2,M2,M2,M2,M2,M2,M2,M2,M2,M2,M2,M2,M2,2,1,2,1,0,1,0,cued-H,railing_or_guard|geometry_silhouette,5,3b,0
on/scene20/L0__s20260821__0006.png::boost_e2,scene20,val,260820_boost_e2_on,L0,6.716,0.383,7.05,-10.92,63.79,0.23,h0.3_d5,0.3,5.0,self_occlusion_crest,mesa lip on the 30 deg diagonal; flight self-occluded at every preset,0,0,0,0,0,0,1,0,0,0,0,0,1,M2,M2,M2,M2,M2,M2,M2,M2,M2,M2,M2,M2,M2,2,1,2,1,0,1,0,cued-H,railing_or_guard|geometry_silhouette,4,3b,0
on/scene20/L5__s20260821__0000.png::boost_e2,scene20,val,260820_boost_e2_on,L5,5.104,0.321,-3.76,-10.19,64.64,0.415,h0.3_d5,0.3,5.0,self_occlusion_crest,mesa lip on the 30 deg diagonal; flight self-occluded at every preset,0,0,0,0,0,0,1,0,0,0,0,0,1,M2,M2,M2,M2,M2,M2,M2,M2,M2,M2,M2,M2,M2,2,1,2,1,0,1,0,cued-H,railing_or_guard|geometry_silhouette,5,3b,0
on/scene20/L5__s20260821__0006.png::boost_e2,scene20,val,260820_boost_e2_on,L5,6.716,0.383,7.05,-10.92,63.79,0.23,h0.3_d5,0.3,5.0,self_occlusion_crest,mesa lip on the 30 deg diagonal; flight self-occluded at every preset,0,0,0,0,0,0,1,0,0,0,0,0,1,M2,M2,M2,M2,M2,M2,M2,M2,M2,M2,M2,M2,M2,2,1,2,1,0,1,0,cued-H,railing_or_guard|geometry_silhouette,4,3b,0
on/scene20/L7__s20260821__0000.png::boost_e2,scene20,val,260820_boost_e2_on,L7,5.104,0.321,-3.76,-10.19,64.64,0.415,h0.3_d5,0.3,5.0,self_occlusion_crest,mesa lip on the 30 deg diagonal; flight self-occluded at every preset,0,0,0,0,0,0,1,0,0,0,0,0,1,M2,M2,M2+cond,M2,M2,M2,M2,M2,M2,M2,M2,M2,M2,2,1,2,1,0,1,0,cued-H,railing_or_guard|geometry_silhouette,5,3b,0
on/scene20/L7__s20260821__0006.png::boost_e2,scene20,val,260820_boost_e2_on,L7,6.716,0.383,7.05,-10.92,63.79,0.23,h0.3_d5,0.3,5.0,self_occlusion_crest,mesa lip on the 30 deg diagonal; flight self-occluded at every preset,0,0,0,0,0,0,1,0,0,0,0,0,1,M2,M2,M2+cond,M2,M2,M2,M2,M2,M2,M2,M2,M2,M2,2,1,2,1,0,1,0,cued-H,railing_or_guard|geometry_silhouette,4,3b,0
