model,world,base,arm,view,tier_pred,expect_band,max_prob,mean_prob,top_cell,top_band,top_sector,band_hit,fired,n_fired,A1,A2,A3a,A3b,B1,B2,B3a,B3b,C1,C2,C3a,C3b,D1,D2,D3a,D3b,E1,E2,E3a,E3b
b2_s42,gz_drop1,gz_drop1,hazard,extra_h0.3_d1.2,V,1,0.986878,0.398717,D3a,3a,D,0,1,7,0.053879,0.476964,0.06252,0.263109,0.015531,0.243329,0.675556,0.252985,0.02571,0.135113,0.922448,0.823061,0.010635,0.138427,0.986878,0.949656,0.001731,0.285545,0.947667,0.703605
b2_s42,gz_drop1,gz_drop1,hazard,preset_h0.3_d10,V,3b,0.893402,0.167128,C3b,3b,C,1,1,2,0.000633,0.034356,0.082676,0.019408,0.000118,0.116413,0.358791,0.447576,0.00033,0.047448,0.263834,0.893402,0.0002,0.096626,0.129241,0.643736,0.000226,0.00543,0.126268,0.075838
b2_s42,gz_drop1,gz_drop1,hazard,preset_h0.3_d2,V,2,0.996669,0.364305,D3b,3b,D,0,1,6,0.006699,0.076204,0.0122,0.171756,0.004374,0.086721,0.255167,0.418102,0.004104,0.084648,0.96825,0.949873,0.003515,0.151563,0.988591,0.996669,0.00114,0.173461,0.952854,0.980206
b2_s42,gz_drop1,gz_drop1,hazard,preset_h0.3_d5,V,3a,0.677631,0.165533,C3b,3b,C,0,1,2,0.008025,0.597605,0.006347,0.000747,0.001269,0.306585,0.332135,0.286999,0.002533,0.100604,0.072176,0.677631,0.005025,0.129166,0.184853,0.359509,0.003384,0.170278,0.06458,0.001205
b2_s42,gz_drop1,gz_drop1,hazard,preset_h0.9_d10,V,3b,0.984273,0.337629,C3b,3b,C,1,1,7,0.000989,0.11552,0.097239,0.081619,0.00061,0.503917,0.717559,0.597497,0.000446,0.17908,0.885899,0.984273,0.000343,0.245657,0.752752,0.916858,0.000705,0.031574,0.251806,0.388245
b2_s42,gz_drop1,gz_drop1,hazard,preset_h0.9_d2,V,2,0.867606,0.353205,D3a,3a,D,0,1,6,0.186569,0.745238,0.25479,0.057285,0.028131,0.549573,0.673872,0.198328,0.025819,0.379745,0.489407,0.564998,0.040227,0.308529,0.867606,0.448582,0.003304,0.394721,0.809626,0.037741
b2_s42,gz_drop1,gz_drop1,hazard,preset_h0.9_d5,V,3a,0.825575,0.22531,C3b,3b,C,0,1,2,0.009716,0.465235,0.002095,0.001005,0.00545,0.447095,0.350129,0.427023,0.008403,0.173341,0.248318,0.825575,0.015942,0.204096,0.371244,0.570841,0.013047,0.307424,0.059364,0.000851
b2_s42,gz_drop1,gz_drop1,hazard,rs_h0.125_d2,V,2,0.506735,0.05655,D3b,3b,D,0,1,1,0.000192,0.00318,8.9e-05,0.000945,0.000374,0.000663,0.000997,0.017562,0.000421,0.000752,0.007975,0.373485,0.000584,0.001953,0.058845,0.506735,0.000103,0.003374,0.020883,0.131896
b2_s42,gz_drop1,gz_drop1,hazard,rs_h0.125_d5,V,3a,0.007422,0.000853,C3b,3b,C,0,0,0,0.000334,0.000218,0.000163,0.000318,0.000118,0.000209,9.5e-05,0.004818,0.00019,0.000151,2.6e-05,0.007422,0.000247,0.000234,9.7e-05,0.001356,0.000101,0.00024,0.000124,0.000595
b2_s42,gz_drop1_ctrl,gz_drop1,ctrl,extra_h0.3_d1.2,ctrl,1,0.019505,0.004728,D3a,3a,D,0,0,0,0.002526,0.007778,0.003731,0.00221,0.001791,0.001274,0.000598,0.00148,0.00137,0.001879,0.001297,0.015479,0.002498,0.001056,0.019505,0.01146,0.00081,0.005065,0.006873,0.005889
b2_s42,gz_drop1_ctrl,gz_drop1,ctrl,preset_h0.3_d10,ctrl,3b,0.534357,0.079205,C3b,3b,C,1,1,1,0.000418,0.007393,0.037325,0.010216,0.00011,0.061645,0.176187,0.231367,0.000203,0.017848,0.154916,0.534357,0.000212,0.030326,0.048018,0.227919,0.000204,0.001555,0.034213,0.009665
b2_s42,gz_drop1_ctrl,gz_drop1,ctrl,preset_h0.3_d2,ctrl,2,0.878198,0.204003,D3a,3a,D,0,1,4,0.008445,0.011234,0.01926,0.038999,0.007232,0.042205,0.050159,0.00741,0.010253,0.052258,0.182195,0.15319,0.018512,0.038464,0.878198,0.803307,0.002265,0.097369,0.800218,0.858892
b2_s42,gz_drop1_ctrl,gz_drop1,ctrl,preset_h0.3_d5,ctrl,3a,0.173165,0.01999,A2,2,A,0,0,0,0.005547,0.173165,0.003548,0.000231,0.002162,0.034352,0.017225,0.025861,0.001449,0.014593,0.009618,0.034835,0.004217,0.017319,0.006061,0.003167,0.003062,0.033775,0.009479,0.000143
b2_s42,gz_drop1_ctrl,gz_drop1,ctrl,preset_h0.9_d10,ctrl,3b,0.901633,0.212098,C3b,3b,C,1,1,3,0.000509,0.020377,0.01074,0.019982,0.000331,0.198665,0.44589,0.242694,0.000322,0.049981,0.741299,0.901633,0.000485,0.078596,0.447387,0.817822,0.000425,0.016533,0.176271,0.072017
b2_s42,gz_drop1_ctrl,gz_drop1,ctrl,preset_h0.9_d2,ctrl,2,0.71369,0.080825,D3a,3a,D,0,1,1,0.008335,0.138134,0.018701,0.003609,0.005715,0.044626,0.045987,0.009485,0.001846,0.021511,0.033588,0.073964,0.009422,0.018937,0.71369,0.103855,0.001124,0.095551,0.246336,0.022084
b2_s42,gz_drop1_ctrl,gz_drop1,ctrl,preset_h0.9_d5,ctrl,3a,0.673461,0.124223,C3b,3b,C,0,1,1,0.006342,0.428856,0.001439,0.000239,0.003526,0.240249,0.152066,0.228724,0.003402,0.054013,0.135685,0.673461,0.014805,0.067787,0.116669,0.087609,0.008306,0.243499,0.017698,8.3e-05
b2_s42,gz_drop1_ctrl,gz_drop1,ctrl,rs_h0.125_d2,ctrl,2,0.038634,0.005273,D3b,3b,D,0,0,0,0.000172,0.000373,7.7e-05,0.000167,0.00041,0.000326,0.000179,0.001258,0.000245,0.000584,0.001191,0.015221,0.000437,0.000597,0.010571,0.038634,6.1e-05,0.001694,0.009206,0.024059
b2_s42,gz_drop1_ctrl,gz_drop1,ctrl,rs_h0.125_d5,ctrl,3a,0.002588,0.000405,C3b,3b,C,0,0,0,0.000309,0.000277,0.000148,0.000172,0.000139,0.000159,8e-05,0.00219,0.000174,0.000123,3.6e-05,0.002588,0.00035,0.000197,7.2e-05,0.000308,0.000158,0.000271,0.000117,0.000229
b2_s42,gz_drop2,gz_drop2,hazard,extra_h0.3_d1.2,V,1,0.554468,0.052431,B3b,3b,B,0,1,1,0.004381,0.004094,0.003443,0.312712,0.001263,0.002141,0.001576,0.554468,0.002074,0.001056,0.000762,0.057496,0.002881,0.002322,0.001325,0.031184,0.004735,0.000836,0.000521,0.059357
b2_s42,gz_drop2,gz_drop2,hazard,preset_h0.3_d10,V,3b,0.661565,0.168,C3b,3b,C,1,1,1,0.004744,0.078604,0.153565,0.023305,0.000344,0.256099,0.468801,0.386871,0.00035,0.070856,0.369112,0.661565,0.000517,0.088785,0.203202,0.462638,0.001655,0.021252,0.094839,0.012887
b2_s42,gz_drop2,gz_drop2,hazard,preset_h0.3_d2,V,2,0.91563,0.114994,B3b,3b,B,0,1,2,0.001552,0.001117,0.000525,0.42537,0.000209,0.001007,0.000315,0.91563,0.00059,0.00032,9.5e-05,0.525179,0.000921,0.000579,0.000239,0.298435,0.001693,0.000468,0.000216,0.125423
b2_s42,gz_drop2,gz_drop2,hazard,preset_h0.3_d5,V,3a,0.455488,0.096321,A2,2,A,0,0,0,0.053004,0.455488,0.02909,0.00211,0.020764,0.371769,0.049227,0.038834,0.022054,0.169959,0.019896,0.06072,0.01852,0.099114,0.05516,0.09372,0.033687,0.219914,0.107564,0.00583
b2_s42,gz_drop2,gz_drop2,hazard,preset_h0.9_d10,V,3b,0.768045,0.220168,D3b,3b,D,1,1,4,0.002874,0.029821,0.012251,0.010049,0.001877,0.480679,0.49615,0.124273,0.002278,0.103562,0.557301,0.367445,0.000814,0.303438,0.536958,0.768045,0.003013,0.067431,0.510935,0.024161
b2_s42,gz_drop2,gz_drop2,hazard,preset_h0.9_d2,V,2,0.759735,0.075578,B3b,3b,B,0,1,1,0.003504,0.017024,0.000991,0.217231,0.000518,0.004772,0.002324,0.759735,0.001055,0.002233,0.001924,0.134979,0.001583,0.00307,0.004255,0.286534,0.006973,0.00285,0.002989,0.057021
b2_s42,gz_drop2,gz_drop2,hazard,preset_h0.9_d5,V,3a,0.903713,0.293651,B2,2,B,0,1,5,0.073994,0.8389,0.008818,0.002172,0.107461,0.903713,0.137282,0.072532,0.068784,0.588994,0.148386,0.146983,0.067447,0.750959,0.359684,0.309792,0.073678,0.738475,0.469312,0.005655
b2_s42,gz_drop2,gz_drop2,hazard,rs_h0.125_d2,V,2,0.972466,0.102331,B3b,3b,B,0,1,2,0.002007,0.003684,0.003165,0.228821,0.000147,0.001152,0.000949,0.972466,0.000484,0.000801,0.00012,0.781704,0.00056,0.000863,2.7e-05,0.037134,0.000983,0.000275,9.9e-05,0.011176
b2_s42,gz_drop2,gz_drop2,hazard,rs_h0.125_d5,V,3a,0.207857,0.02306,B3b,3b,B,0,0,0,0.00586,0.00953,0.002641,0.000945,0.000799,0.006325,0.000592,0.207857,0.001748,0.002583,5.4e-05,0.186036,0.002475,0.003614,4.7e-05,0.024263,0.001751,0.002607,0.000709,0.000754
b2_s42,gz_drop2_ctrl,gz_drop2,ctrl,extra_h0.3_d1.2,ctrl,1,0.196617,0.016517,B3b,3b,B,0,0,0,0.0016,0.004823,0.00314,0.052526,0.001086,0.00137,0.002803,0.196617,0.000766,0.001065,0.001149,0.032121,0.00257,0.002337,0.001359,0.010356,0.00192,0.000656,0.000743,0.011329
b2_s42,gz_drop2_ctrl,gz_drop2,ctrl,preset_h0.3_d10,ctrl,3b,0.619701,0.150739,C3b,3b,C,1,1,1,0.001916,0.03832,0.107689,0.026031,0.000151,0.156663,0.476289,0.48461,0.000182,0.038825,0.462544,0.619701,0.000202,0.073741,0.163916,0.3146,0.000944,0.005406,0.03828,0.00477
b2_s42,gz_drop2_ctrl,gz_drop2,ctrl,preset_h0.3_d2,ctrl,2,0.756378,0.077316,B3b,3b,B,0,1,1,0.001176,0.000457,0.000956,0.228947,0.000254,0.000561,0.000252,0.756378,0.000626,0.000255,9.2e-05,0.313764,0.001301,0.000498,0.000213,0.1626,0.000953,0.00036,0.000233,0.076452
b2_s42,gz_drop2_ctrl,gz_drop2,ctrl,preset_h0.3_d5,ctrl,3a,0.433045,0.081808,A2,2,A,0,0,0,0.040415,0.433045,0.029107,0.001585,0.02073,0.297698,0.036012,0.037952,0.024606,0.152845,0.008711,0.053155,0.015426,0.077412,0.029283,0.075597,0.031641,0.183599,0.08336,0.003974
b2_s42,gz_drop2_ctrl,gz_drop2,ctrl,preset_h0.9_d10,ctrl,3b,0.727262,0.224022,D3b,3b,D,1,1,4,0.002805,0.047735,0.049706,0.016811,0.001072,0.498718,0.532339,0.477073,0.001545,0.066606,0.555895,0.608625,0.000576,0.236818,0.301588,0.727262,0.003306,0.053018,0.275339,0.023606
b2_s42,gz_drop2_ctrl,gz_drop2,ctrl,preset_h0.9_d2,ctrl,2,0.758112,0.061386,B3b,3b,B,0,1,1,0.002608,0.006924,0.000742,0.15469,0.000475,0.002588,0.001215,0.758112,0.001079,0.000997,0.000417,0.125287,0.001758,0.001611,0.00104,0.132294,0.005479,0.00258,0.001109,0.026721
b2_s42,gz_drop2_ctrl,gz_drop2,ctrl,preset_h0.9_d5,ctrl,3a,0.858237,0.269914,B2,2,B,0,1,5,0.059511,0.739032,0.005618,0.001079,0.077711,0.858237,0.111226,0.050668,0.058354,0.544683,0.104046,0.105682,0.049532,0.607688,0.416852,0.312398,0.088058,0.721301,0.480291,0.006314
b2_s42,gz_drop2_ctrl,gz_drop2,ctrl,rs_h0.125_d2,ctrl,2,0.897535,0.084689,B3b,3b,B,0,1,2,0.000775,0.000977,0.000824,0.097162,0.000141,0.000339,0.000103,0.897535,0.000487,0.000239,1.9e-05,0.632065,0.000633,0.000269,2.7e-05,0.046349,0.000872,0.000161,7.5e-05,0.014734
b2_s42,gz_drop2_ctrl,gz_drop2,ctrl,rs_h0.125_d5,ctrl,3a,0.069087,0.007457,B3b,3b,B,0,0,0,0.002825,0.001878,0.000519,0.000652,0.000449,0.001909,9.2e-05,0.069087,0.000652,0.00074,1.5e-05,0.054787,0.001898,0.000852,2e-05,0.010643,0.000881,0.00064,0.000196,0.000397
b2_s42,gz_drop3,gz_drop3,hazard,extra_h0.3_d1.2,H,1,0.386399,0.084917,D3a,3a,D,0,0,0,0.021663,0.273963,0.120869,0.03906,0.002005,0.056066,0.085582,0.024782,0.00263,0.020316,0.093461,0.098137,0.004233,0.017939,0.386399,0.038706,0.0006,0.076087,0.325242,0.010605
b2_s42,gz_drop3,gz_drop3,hazard,preset_h0.3_d10,H,3b,0.9531,0.222745,C3b,3b,C,1,1,3,0.001155,0.025344,0.162533,0.06093,0.000133,0.155072,0.403179,0.385815,0.000216,0.045603,0.639252,0.9531,0.000195,0.07811,0.461205,0.743996,0.000373,0.006884,0.138323,0.193488
b2_s42,gz_drop3,gz_drop3,hazard,preset_h0.3_d2,H,2,0.983804,0.372153,D3b,3b,D,0,1,7,0.013143,0.154104,0.109965,0.439811,0.001701,0.054044,0.510145,0.458795,0.004651,0.031431,0.878816,0.926049,0.00683,0.04803,0.868202,0.983804,0.000682,0.071329,0.950568,0.930962
b2_s42,gz_drop3,gz_drop3,hazard,preset_h0.3_d5,H,3a,0.60633,0.079274,C3b,3b,C,0,1,1,0.015901,0.321562,0.006757,0.000493,0.002694,0.079496,0.044704,0.16179,0.003334,0.022684,0.012173,0.60633,0.006476,0.029686,0.04817,0.100352,0.003968,0.06274,0.05397,0.002192
b2_s42,gz_drop3,gz_drop3,hazard,preset_h0.9_d10,H,3b,0.983497,0.27965,C3b,3b,C,1,1,4,0.000745,0.043034,0.042814,0.079812,0.000374,0.21565,0.436472,0.391542,0.000342,0.058938,0.812619,0.983497,0.000357,0.082436,0.744908,0.940784,0.000765,0.030085,0.309774,0.418052
b2_s42,gz_drop3,gz_drop3,hazard,preset_h0.9_d2,H,2,0.996248,0.46259,D3b,3b,D,0,1,9,0.034197,0.330082,0.227226,0.899586,0.003604,0.100315,0.680483,0.855734,0.006737,0.052733,0.937646,0.940917,0.005123,0.059732,0.973735,0.996248,0.002658,0.222543,0.962519,0.959992
b2_s42,gz_drop3,gz_drop3,hazard,preset_h0.9_d5,H,3a,0.960284,0.259538,C3b,3b,C,0,1,5,0.007724,0.548415,0.002165,0.001282,0.004124,0.46455,0.165629,0.514937,0.004741,0.110431,0.245109,0.960284,0.00936,0.23689,0.4298,0.639417,0.005055,0.602383,0.235689,0.002767
b2_s42,gz_drop3,gz_drop3,hazard,rs_h0.125_d2,H,2,0.966548,0.406565,D3b,3b,D,0,1,9,0.003555,0.143577,0.120511,0.761985,0.002265,0.028016,0.604028,0.850598,0.010335,0.097873,0.858236,0.908786,0.007208,0.132549,0.770454,0.966548,0.00045,0.064468,0.863257,0.936609
b2_s42,gz_drop3,gz_drop3,hazard,rs_h0.125_d5,H,3a,0.340219,0.035014,C3b,3b,C,0,0,0,0.003739,0.002499,0.004667,0.006539,0.00035,0.001024,0.003691,0.173432,0.002188,0.001462,0.000641,0.340219,0.00047,0.000998,0.001988,0.126133,0.000581,0.001745,0.003242,0.02467
b2_s42,gz_drop3_ctrl,gz_drop3,ctrl,extra_h0.3_d1.2,ctrl,1,0.386399,0.084917,D3a,3a,D,0,0,0,0.021663,0.273963,0.120869,0.03906,0.002005,0.056066,0.085582,0.024782,0.00263,0.020316,0.093461,0.098137,0.004233,0.017939,0.386399,0.038706,0.0006,0.076087,0.325242,0.010605
b2_s42,gz_drop3_ctrl,gz_drop3,ctrl,preset_h0.3_d10,ctrl,3b,0.953061,0.2232,C3b,3b,C,1,1,3,0.001167,0.024969,0.165513,0.062811,0.000131,0.152142,0.407463,0.391983,0.000216,0.043478,0.638962,0.953061,0.000192,0.076354,0.460695,0.744212,0.000378,0.006937,0.136252,0.197075
b2_s42,gz_drop3_ctrl,gz_drop3,ctrl,preset_h0.3_d2,ctrl,2,0.983804,0.372156,D3b,3b,D,0,1,7,0.013146,0.154119,0.109963,0.439786,0.001701,0.054069,0.510147,0.458722,0.004651,0.031436,0.878848,0.926056,0.00683,0.048037,0.868255,0.983804,0.000682,0.071336,0.950577,0.93095
b2_s42,gz_drop3_ctrl,gz_drop3,ctrl,preset_h0.3_d5,ctrl,3a,0.607436,0.079131,C3b,3b,C,0,1,1,0.015694,0.319289,0.006676,0.000486,0.002706,0.078867,0.044285,0.159838,0.003332,0.022437,0.012079,0.607436,0.006469,0.029412,0.048069,0.102191,0.003937,0.062738,0.0545,0.002186
b2_s42,gz_drop3_ctrl,gz_drop3,ctrl,preset_h0.9_d10,ctrl,3b,0.983205,0.278974,C3b,3b,C,1,1,4,0.000737,0.041667,0.040712,0.079866,0.000373,0.210404,0.433813,0.386639,0.000344,0.056678,0.815991,0.983205,0.000359,0.0815,0.746653,0.940972,0.000753,0.030037,0.312869,0.415905
b2_s42,gz_drop3_ctrl,gz_drop3,ctrl,preset_h0.9_d2,ctrl,2,0.996226,0.462491,D3b,3b,D,0,1,9,0.034244,0.330282,0.226991,0.899259,0.003609,0.100369,0.680071,0.855474,0.006744,0.052777,0.937485,0.94082,0.005136,0.059668,0.973622,0.996226,0.002656,0.222199,0.96239,0.95979
b2_s42,gz_drop3_ctrl,gz_drop3,ctrl,preset_h0.9_d5,ctrl,3a,0.961976,0.26466,C3b,3b,C,0,1,5,0.007723,0.561234,0.002331,0.001354,0.004163,0.474867,0.178274,0.528926,0.004754,0.116857,0.257725,0.961976,0.009506,0.243156,0.440005,0.64364,0.005154,0.608513,0.240231,0.002813
b2_s42,gz_drop3_ctrl,gz_drop3,ctrl,rs_h0.125_d2,ctrl,2,0.966591,0.406543,D3b,3b,D,0,1,9,0.003553,0.143435,0.120272,0.761757,0.002264,0.028021,0.603616,0.850199,0.010337,0.097951,0.858359,0.908796,0.007206,0.132653,0.770722,0.966591,0.000449,0.064522,0.863421,0.936739
b2_s42,gz_drop3_ctrl,gz_drop3,ctrl,rs_h0.125_d5,ctrl,3a,0.346602,0.036039,C3b,3b,C,0,0,0,0.003822,0.002543,0.004885,0.006869,0.000349,0.001041,0.003884,0.178291,0.002243,0.00151,0.000672,0.346602,0.000468,0.001019,0.002128,0.132351,0.00058,0.001794,0.003415,0.026322
b2_s42,gz_drop4,gz_drop4,hazard,extra_h0.3_d1.2,V,1,0.169991,0.025096,D3a,3a,D,0,0,0,0.013958,0.041446,0.005123,0.007318,0.003775,0.008914,0.007834,0.005173,0.006525,0.010401,0.009695,0.015145,0.002493,0.006842,0.169991,0.05334,0.001502,0.053348,0.046086,0.033018
b2_s42,gz_drop4,gz_drop4,hazard,preset_h0.3_d10,E,3b,0.633193,0.104178,C3b,3b,C,1,1,1,0.000568,0.014941,0.064448,0.014417,0.000166,0.114525,0.245984,0.244505,0.000223,0.035699,0.236401,0.633193,0.000202,0.048514,0.076323,0.285407,0.000257,0.002414,0.050905,0.014458
b2_s42,gz_drop4,gz_drop4,hazard,preset_h0.3_d2,V,2,0.983538,0.249256,D3a,3a,D,0,1,5,0.013747,0.081433,0.03517,0.015895,0.013794,0.061663,0.141735,0.022653,0.013373,0.078682,0.666524,0.18887,0.008553,0.110286,0.983538,0.796844,0.004152,0.086462,0.929912,0.731829
b2_s42,gz_drop4,gz_drop4,hazard,preset_h0.3_d5,V,3a,0.22716,0.031839,C3b,3b,C,0,0,0,0.004956,0.151259,0.002527,0.000196,0.001163,0.032312,0.03686,0.052537,0.001039,0.015656,0.013171,0.22716,0.004024,0.010081,0.017282,0.028523,0.002439,0.021438,0.013957,0.000192
b2_s42,gz_drop4,gz_drop4,hazard,preset_h0.9_d10,E,3b,0.861999,0.17628,D3b,3b,D,1,1,3,0.000333,0.009292,0.003407,0.007851,0.00029,0.088369,0.260243,0.165209,0.00034,0.0214,0.599453,0.815731,0.000658,0.054087,0.402336,0.861999,0.000357,0.015802,0.163393,0.055059
b2_s42,gz_drop4,gz_drop4,hazard,preset_h0.9_d2,V,2,0.82339,0.245072,D3a,3a,D,0,1,3,0.029679,0.48832,0.090334,0.102621,0.042012,0.278354,0.380687,0.129746,0.024973,0.278418,0.542606,0.141377,0.062322,0.193048,0.82339,0.322815,0.014213,0.285489,0.52504,0.146003
b2_s42,gz_drop4,gz_drop4,hazard,preset_h0.9_d5,V,3a,0.692585,0.106933,C3b,3b,C,0,1,1,0.004222,0.356376,0.000407,0.000227,0.002848,0.25714,0.059756,0.142138,0.001957,0.048685,0.064923,0.692585,0.008637,0.076789,0.053456,0.065476,0.003248,0.281038,0.018635,0.00011
b2_s42,gz_drop4,gz_drop4,hazard,rs_h0.125_d2,V,2,0.989884,0.165281,C3b,3b,C,0,1,3,0.000181,0.006865,0.00059,0.064845,9.1e-05,0.001204,0.010362,0.89543,0.000212,0.006722,0.001727,0.989884,0.000245,0.000912,0.00783,0.950654,4.3e-05,0.001789,0.020507,0.345535
b2_s42,gz_drop4,gz_drop4,hazard,rs_h0.125_d5,E,3a,0.006229,0.00083,C3b,3b,C,0,0,0,0.000531,0.000438,0.0003,0.000303,0.000177,0.000213,8.9e-05,0.005561,0.00026,0.000187,2.7e-05,0.006229,0.000439,0.000302,5.5e-05,0.000483,0.000271,0.000296,0.000124,0.000309
b2_s42,gz_drop4_ctrl,gz_drop4,ctrl,extra_h0.3_d1.2,ctrl,1,0.020199,0.005176,D3a,3a,D,0,0,0,0.002249,0.010866,0.004486,0.001616,0.002115,0.002237,0.00109,0.001834,0.001415,0.001578,0.00156,0.012307,0.002194,0.001541,0.020199,0.01164,0.000779,0.007781,0.01185,0.004189
b2_s42,gz_drop4_ctrl,gz_drop4,ctrl,preset_h0.3_d10,ctrl,3b,0.6377,0.105457,C3b,3b,C,1,1,1,0.000566,0.01563,0.069826,0.014854,0.000167,0.118226,0.253007,0.239855,0.000227,0.036343,0.232418,0.6377,0.000204,0.051849,0.078803,0.288467,0.000254,0.002471,0.053107,0.015162
b2_s42,gz_drop4_ctrl,gz_drop4,ctrl,preset_h0.3_d2,ctrl,2,0.978252,0.198613,D3a,3a,D,0,1,4,0.007775,0.020937,0.024792,0.007533,0.009811,0.032166,0.035748,0.003142,0.005503,0.022896,0.544628,0.069992,0.007669,0.062669,0.978252,0.495067,0.002252,0.085753,0.880154,0.675527
b2_s42,gz_drop4_ctrl,gz_drop4,ctrl,preset_h0.3_d5,ctrl,3a,0.179869,0.02713,C3b,3b,C,0,0,0,0.005664,0.144849,0.002695,0.000187,0.001329,0.029008,0.031997,0.038805,0.001097,0.013454,0.014263,0.179869,0.003622,0.009614,0.015162,0.016009,0.002623,0.021044,0.01115,0.00015
b2_s42,gz_drop4_ctrl,gz_drop4,ctrl,preset_h0.9_d10,ctrl,3b,0.821294,0.181135,D3b,3b,D,1,1,3,0.000426,0.010709,0.004818,0.009859,0.000332,0.110875,0.336173,0.150142,0.000399,0.026328,0.652657,0.793629,0.000697,0.066384,0.398037,0.821294,0.000409,0.0175,0.1764,0.045626
b2_s42,gz_drop4_ctrl,gz_drop4,ctrl,preset_h0.9_d2,ctrl,2,0.784782,0.198828,D3a,3a,D,0,1,1,0.025895,0.391974,0.088493,0.109698,0.040718,0.149459,0.222466,0.121659,0.015047,0.157539,0.416779,0.125051,0.044715,0.143795,0.784782,0.25026,0.010558,0.218153,0.445892,0.213634
b2_s42,gz_drop4_ctrl,gz_drop4,ctrl,preset_h0.9_d5,ctrl,3a,0.681039,0.10419,C3b,3b,C,0,1,1,0.003677,0.344007,0.000466,0.00018,0.002434,0.234372,0.067712,0.134531,0.001954,0.041127,0.086748,0.681039,0.008189,0.070169,0.06115,0.062016,0.003408,0.26246,0.018084,7.4e-05
b2_s42,gz_drop4_ctrl,gz_drop4,ctrl,rs_h0.125_d2,ctrl,2,0.982179,0.164013,C3b,3b,C,0,1,3,0.000156,0.004417,0.00048,0.059489,0.000119,0.000673,0.004454,0.856772,0.000203,0.005308,0.00133,0.982179,0.00025,0.000748,0.006364,0.909347,5.9e-05,0.001673,0.018282,0.427957
b2_s42,gz_drop4_ctrl,gz_drop4,ctrl,rs_h0.125_d5,ctrl,3a,0.005535,0.000753,C3b,3b,C,0,0,0,0.00053,0.00045,0.000308,0.000281,0.000186,0.000222,9.8e-05,0.004668,0.000258,0.000194,3e-05,0.005535,0.000421,0.000306,6.7e-05,0.000482,0.000263,0.000305,0.000134,0.000326
b2_s43,gz_drop1,gz_drop1,hazard,extra_h0.3_d1.2,V,1,0.751034,0.375362,C3a,3a,C,0,1,7,0.094376,0.296944,0.36012,0.378778,0.047366,0.403075,0.590549,0.707973,0.073295,0.185295,0.751034,0.691061,0.076545,0.337277,0.700835,0.584189,0.116895,0.271846,0.280117,0.559666
b2_s43,gz_drop1,gz_drop1,hazard,preset_h0.3_d10,V,3b,0.673578,0.299575,C3b,3b,C,1,1,4,0.043395,0.200574,0.343799,0.487566,0.081999,0.185582,0.317705,0.577661,0.111989,0.274602,0.530638,0.673578,0.040844,0.240748,0.555934,0.434623,0.170491,0.150224,0.270645,0.298904
b2_s43,gz_drop1,gz_drop1,hazard,preset_h0.3_d2,V,2,0.743123,0.397543,C3a,3a,C,0,1,10,0.084861,0.271656,0.544754,0.519505,0.052737,0.309703,0.69956,0.640974,0.073481,0.212783,0.743123,0.633898,0.049009,0.615011,0.630892,0.623396,0.102418,0.216142,0.302933,0.624024
b2_s43,gz_drop1,gz_drop1,hazard,preset_h0.3_d5,V,3a,0.769789,0.364391,B3b,3b,B,0,1,6,0.055575,0.403659,0.362336,0.469578,0.096147,0.260693,0.584154,0.769789,0.072741,0.225824,0.617724,0.72212,0.057038,0.378435,0.589506,0.676941,0.146484,0.308438,0.212272,0.27836
b2_s43,gz_drop1,gz_drop1,hazard,preset_h0.9_d10,V,3b,0.744519,0.32978,B3b,3b,B,1,1,5,0.048763,0.223553,0.321832,0.460044,0.09633,0.213183,0.378886,0.744519,0.069789,0.349559,0.606313,0.714983,0.043072,0.374173,0.539518,0.52861,0.198908,0.200597,0.265871,0.217103
b2_s43,gz_drop1,gz_drop1,hazard,preset_h0.9_d2,V,2,0.746037,0.381202,C3a,3a,C,0,1,5,0.086956,0.417629,0.37186,0.426797,0.036001,0.401929,0.596515,0.570652,0.047263,0.376883,0.746037,0.530989,0.078313,0.399209,0.738912,0.46373,0.138957,0.270085,0.482006,0.443324
b2_s43,gz_drop1,gz_drop1,hazard,preset_h0.9_d5,V,3a,0.897971,0.500654,C3b,3b,C,0,1,10,0.103545,0.560604,0.447,0.554906,0.174791,0.662001,0.851301,0.797243,0.086987,0.460779,0.81223,0.897971,0.122016,0.602513,0.737609,0.765016,0.196529,0.487886,0.287472,0.404691
b2_s43,gz_drop1,gz_drop1,hazard,rs_h0.125_d2,V,2,0.484867,0.158036,C3b,3b,C,0,0,0,0.010764,0.095455,0.097957,0.326698,0.016784,0.034518,0.106014,0.369855,0.015991,0.065753,0.33578,0.484867,0.010546,0.117397,0.166925,0.442565,0.034756,0.058249,0.091162,0.278675
b2_s43,gz_drop1,gz_drop1,hazard,rs_h0.125_d5,V,3a,0.690997,0.353494,B3b,3b,B,0,1,5,0.063071,0.510566,0.356461,0.348601,0.064911,0.24529,0.409793,0.690997,0.109992,0.36723,0.556357,0.650502,0.09394,0.416991,0.52057,0.412423,0.194266,0.353889,0.335314,0.368718
b2_s43,gz_drop1_ctrl,gz_drop1,ctrl,extra_h0.3_d1.2,ctrl,1,0.717403,0.348137,E3b,3b,E,0,1,8,0.056829,0.213556,0.285524,0.56537,0.040886,0.246599,0.569869,0.611475,0.05589,0.196181,0.702528,0.611784,0.043419,0.293166,0.57816,0.706152,0.081433,0.143894,0.242627,0.717403
b2_s43,gz_drop1_ctrl,gz_drop1,ctrl,preset_h0.3_d10,ctrl,3b,0.68906,0.325865,C3b,3b,C,1,1,5,0.04644,0.256236,0.387221,0.544141,0.090003,0.214562,0.381605,0.575033,0.137928,0.345906,0.573647,0.68906,0.050724,0.243051,0.562528,0.46117,0.172559,0.175445,0.298757,0.311286
b2_s43,gz_drop1_ctrl,gz_drop1,ctrl,preset_h0.3_d2,ctrl,2,0.732344,0.309346,E3b,3b,E,0,1,4,0.058202,0.197887,0.406217,0.432463,0.037184,0.192821,0.613417,0.434678,0.02989,0.161452,0.631336,0.48664,0.02548,0.494388,0.34602,0.521838,0.052405,0.081123,0.251133,0.732344
b2_s43,gz_drop1_ctrl,gz_drop1,ctrl,preset_h0.3_d5,ctrl,3a,0.5974,0.273491,C3b,3b,C,0,1,4,0.034811,0.303558,0.296376,0.295831,0.045745,0.151512,0.420919,0.553412,0.048467,0.197943,0.537681,0.5974,0.058526,0.276608,0.419923,0.506583,0.093494,0.224106,0.191439,0.21549
b2_s43,gz_drop1_ctrl,gz_drop1,ctrl,preset_h0.9_d10,ctrl,3b,0.7815,0.352905,C3b,3b,C,1,1,6,0.045271,0.229975,0.353906,0.594804,0.113287,0.222547,0.431006,0.721265,0.087752,0.411077,0.58684,0.7815,0.044348,0.299744,0.567449,0.544659,0.189636,0.186579,0.321279,0.325174
b2_s43,gz_drop1_ctrl,gz_drop1,ctrl,preset_h0.9_d2,ctrl,2,0.760235,0.408767,C3a,3a,C,0,1,7,0.058916,0.519624,0.414213,0.481607,0.071797,0.403659,0.697829,0.456733,0.060388,0.460593,0.760235,0.544296,0.067759,0.488603,0.755424,0.590375,0.189469,0.234017,0.380203,0.539595
b2_s43,gz_drop1_ctrl,gz_drop1,ctrl,preset_h0.9_d5,ctrl,3a,0.894832,0.50413,C3b,3b,C,0,1,10,0.098506,0.546753,0.465375,0.615765,0.146498,0.578481,0.839456,0.771938,0.086086,0.469489,0.814456,0.894832,0.1772,0.607288,0.713947,0.758845,0.224794,0.445697,0.385623,0.441575
b2_s43,gz_drop1_ctrl,gz_drop1,ctrl,rs_h0.125_d2,ctrl,2,0.414731,0.134662,C3b,3b,C,0,0,0,0.008956,0.083171,0.10493,0.218019,0.012415,0.040013,0.102085,0.268804,0.01396,0.062802,0.295895,0.414731,0.013282,0.101277,0.152476,0.339804,0.030098,0.066659,0.118869,0.245002
b2_s43,gz_drop1_ctrl,gz_drop1,ctrl,rs_h0.125_d5,ctrl,3a,0.613436,0.333065,B3b,3b,B,0,1,4,0.054423,0.497915,0.364133,0.30818,0.06142,0.247025,0.377495,0.613436,0.103687,0.370999,0.528696,0.584822,0.099884,0.409116,0.509913,0.354044,0.182869,0.330022,0.336677,0.326546
b2_s43,gz_drop2,gz_drop2,hazard,extra_h0.3_d1.2,V,1,0.542366,0.162221,C3b,3b,C,0,1,1,0.02794,0.108642,0.154548,0.330277,0.026323,0.0479,0.073239,0.464595,0.021896,0.051928,0.223217,0.542366,0.014884,0.074667,0.151873,0.49388,0.016225,0.048708,0.076937,0.294369
b2_s43,gz_drop2,gz_drop2,hazard,preset_h0.3_d10,V,3b,0.693021,0.32388,C3b,3b,C,1,1,4,0.042355,0.296854,0.337963,0.478422,0.086827,0.233399,0.334959,0.652725,0.115896,0.24669,0.548285,0.693021,0.069457,0.288929,0.546251,0.485214,0.152514,0.168616,0.370811,0.328407
b2_s43,gz_drop2,gz_drop2,hazard,preset_h0.3_d2,V,2,0.557805,0.164351,D3b,3b,D,0,1,2,0.031898,0.115717,0.148213,0.317866,0.023107,0.074223,0.115127,0.404621,0.026657,0.057882,0.166358,0.535848,0.017755,0.092804,0.186647,0.557805,0.022218,0.06661,0.083047,0.24262
b2_s43,gz_drop2,gz_drop2,hazard,preset_h0.3_d5,V,3a,0.645805,0.313903,B3b,3b,B,0,1,5,0.055598,0.37386,0.313603,0.388749,0.088798,0.251657,0.42018,0.645805,0.070813,0.218814,0.531261,0.577983,0.07392,0.331917,0.503203,0.546514,0.103869,0.282529,0.194822,0.304171
b2_s43,gz_drop2,gz_drop2,hazard,preset_h0.9_d10,V,3b,0.766279,0.368679,C3b,3b,C,1,1,5,0.074409,0.266924,0.371678,0.494104,0.114034,0.329648,0.482551,0.72973,0.106276,0.413551,0.603646,0.766279,0.056279,0.314633,0.5983,0.508565,0.1653,0.234416,0.39751,0.345737
b2_s43,gz_drop2,gz_drop2,hazard,preset_h0.9_d2,V,2,0.73576,0.29758,D3b,3b,D,0,1,3,0.062698,0.338877,0.204099,0.469646,0.051875,0.184505,0.370658,0.716983,0.065507,0.154229,0.488712,0.659706,0.042391,0.219264,0.426095,0.73576,0.058194,0.195039,0.105297,0.402058
b2_s43,gz_drop2,gz_drop2,hazard,preset_h0.9_d5,V,3a,0.843452,0.490804,C3b,3b,C,0,1,11,0.147005,0.542486,0.51683,0.546447,0.175386,0.506528,0.761883,0.764485,0.13142,0.442417,0.735883,0.843452,0.161087,0.587962,0.673319,0.740765,0.195945,0.493473,0.374966,0.47435
b2_s43,gz_drop2,gz_drop2,hazard,rs_h0.125_d2,V,2,0.554521,0.151226,D3b,3b,D,0,1,1,0.027526,0.087189,0.139925,0.296174,0.021781,0.042273,0.084438,0.409869,0.017845,0.048211,0.159655,0.439762,0.013838,0.085144,0.152844,0.554521,0.019379,0.049145,0.081932,0.293066
b2_s43,gz_drop2,gz_drop2,hazard,rs_h0.125_d5,V,3a,0.627079,0.283369,B3b,3b,B,0,1,2,0.04883,0.38392,0.289375,0.309216,0.056636,0.198169,0.281792,0.627079,0.073215,0.218067,0.397002,0.554189,0.055778,0.29646,0.413577,0.476039,0.126552,0.265261,0.233663,0.362559
b2_s43,gz_drop2_ctrl,gz_drop2,ctrl,extra_h0.3_d1.2,ctrl,1,0.612218,0.181943,C3b,3b,C,0,1,3,0.027643,0.123388,0.160949,0.338109,0.032,0.05042,0.100642,0.513325,0.021386,0.060863,0.260754,0.612218,0.013897,0.079698,0.16969,0.558241,0.019021,0.04774,0.07517,0.373707
b2_s43,gz_drop2_ctrl,gz_drop2,ctrl,preset_h0.3_d10,ctrl,3b,0.699029,0.332759,C3b,3b,C,1,1,4,0.039581,0.300676,0.343614,0.479555,0.102244,0.246629,0.397004,0.62274,0.117096,0.288152,0.557368,0.699029,0.075673,0.279266,0.584457,0.494689,0.151211,0.19144,0.394206,0.290546
b2_s43,gz_drop2_ctrl,gz_drop2,ctrl,preset_h0.3_d2,ctrl,2,0.534729,0.162828,C3b,3b,C,0,1,2,0.027989,0.126282,0.126586,0.296862,0.021836,0.060666,0.124137,0.410939,0.023107,0.071719,0.172036,0.534729,0.018439,0.089767,0.173531,0.524881,0.022656,0.058466,0.097268,0.274659
b2_s43,gz_drop2_ctrl,gz_drop2,ctrl,preset_h0.3_d5,ctrl,3a,0.649725,0.311904,B3b,3b,B,0,1,4,0.045112,0.377135,0.32047,0.382105,0.084003,0.203546,0.419055,0.649725,0.06401,0.276712,0.501762,0.548268,0.09115,0.32178,0.478187,0.548364,0.107241,0.3192,0.211633,0.288629
b2_s43,gz_drop2_ctrl,gz_drop2,ctrl,preset_h0.9_d10,ctrl,3b,0.744148,0.348621,C3b,3b,C,1,1,4,0.054817,0.275764,0.343178,0.424921,0.122132,0.290512,0.45154,0.729981,0.096139,0.42474,0.580083,0.744148,0.054139,0.329101,0.534076,0.484658,0.15564,0.216844,0.35192,0.308081
b2_s43,gz_drop2_ctrl,gz_drop2,ctrl,preset_h0.9_d2,ctrl,2,0.795267,0.32349,D3b,3b,D,0,1,5,0.058357,0.351336,0.246637,0.506943,0.067232,0.222898,0.414395,0.744621,0.07229,0.14809,0.564091,0.690944,0.052269,0.238155,0.4455,0.795267,0.061599,0.21681,0.116467,0.455894
b2_s43,gz_drop2_ctrl,gz_drop2,ctrl,preset_h0.9_d5,ctrl,3a,0.848909,0.481677,C3b,3b,C,0,1,10,0.128225,0.522008,0.478246,0.529403,0.179385,0.508039,0.753624,0.751891,0.144499,0.446979,0.720695,0.848909,0.170718,0.572767,0.656276,0.723609,0.194227,0.435997,0.378883,0.489168
b2_s43,gz_drop2_ctrl,gz_drop2,ctrl,rs_h0.125_d2,ctrl,2,0.511114,0.132206,D3b,3b,D,0,1,1,0.02416,0.0933,0.109032,0.246428,0.018074,0.028452,0.062616,0.341665,0.017082,0.053509,0.116577,0.420812,0.014671,0.070945,0.122625,0.511114,0.021595,0.048055,0.06863,0.254769
b2_s43,gz_drop2_ctrl,gz_drop2,ctrl,rs_h0.125_d5,ctrl,3a,0.58843,0.284775,B3b,3b,B,0,1,2,0.038852,0.40097,0.283631,0.330472,0.064082,0.194212,0.303202,0.58843,0.06854,0.231685,0.379679,0.573767,0.064859,0.293167,0.42156,0.496379,0.119871,0.259303,0.247749,0.335099
b2_s43,gz_drop3,gz_drop3,hazard,extra_h0.3_d1.2,H,1,0.841625,0.348915,D3b,3b,D,0,1,7,0.053177,0.283982,0.253496,0.538755,0.059992,0.240424,0.539756,0.649307,0.052823,0.287493,0.603664,0.697646,0.010179,0.223949,0.741017,0.841625,0.095636,0.203606,0.121564,0.480199
b2_s43,gz_drop3,gz_drop3,hazard,preset_h0.3_d10,H,3b,0.73008,0.337622,C3b,3b,C,1,1,6,0.06066,0.255558,0.389044,0.634796,0.08608,0.176701,0.291512,0.650277,0.10457,0.29495,0.6074,0.73008,0.040729,0.316866,0.531919,0.5878,0.176272,0.123678,0.307134,0.386411
b2_s43,gz_drop3,gz_drop3,hazard,preset_h0.3_d2,H,2,0.602953,0.278017,B3a,3a,B,0,1,4,0.052806,0.227793,0.318416,0.448525,0.026729,0.164053,0.602953,0.557967,0.03454,0.183608,0.541784,0.474584,0.019233,0.213535,0.563678,0.345031,0.066746,0.154789,0.138679,0.424883
b2_s43,gz_drop3,gz_drop3,hazard,preset_h0.3_d5,H,3a,0.803239,0.358402,C3b,3b,C,0,1,6,0.082167,0.352064,0.29752,0.466065,0.091211,0.244455,0.51357,0.69995,0.081568,0.210729,0.587846,0.803239,0.035198,0.389292,0.556906,0.74035,0.197106,0.258599,0.150411,0.409784
b2_s43,gz_drop3,gz_drop3,hazard,preset_h0.9_d10,H,3b,0.79687,0.361179,C3b,3b,C,1,1,6,0.059102,0.289386,0.333878,0.576213,0.089912,0.172603,0.337924,0.764091,0.071265,0.414918,0.630947,0.79687,0.039297,0.430033,0.515437,0.66053,0.195126,0.195169,0.344424,0.306448
b2_s43,gz_drop3,gz_drop3,hazard,preset_h0.9_d2,H,2,0.671082,0.310248,B3a,3a,B,0,1,5,0.068886,0.354015,0.243154,0.465356,0.041771,0.306144,0.671082,0.431281,0.050145,0.257437,0.517998,0.508971,0.020408,0.200274,0.517733,0.447791,0.08663,0.174638,0.221717,0.619524
b2_s43,gz_drop3,gz_drop3,hazard,preset_h0.9_d5,H,3a,0.961244,0.564528,C3b,3b,C,0,1,12,0.121594,0.696855,0.485874,0.790208,0.168113,0.645313,0.889022,0.85843,0.092549,0.536673,0.850451,0.961244,0.116663,0.688824,0.752302,0.898032,0.294439,0.475143,0.304851,0.663984
b2_s43,gz_drop3,gz_drop3,hazard,rs_h0.125_d2,H,2,0.490283,0.215184,C3a,3a,C,0,0,0,0.032708,0.152639,0.273513,0.269539,0.024176,0.100206,0.41288,0.454325,0.027711,0.161164,0.490283,0.356756,0.017619,0.169256,0.375185,0.322632,0.044331,0.097232,0.155368,0.366152
b2_s43,gz_drop3,gz_drop3,hazard,rs_h0.125_d5,H,3a,0.765816,0.392366,C3b,3b,C,0,1,6,0.087501,0.578898,0.388453,0.412201,0.079718,0.329949,0.482879,0.743168,0.106738,0.356377,0.590823,0.765816,0.071115,0.452033,0.568632,0.521257,0.223956,0.371012,0.252174,0.464616
b2_s43,gz_drop3_ctrl,gz_drop3,ctrl,extra_h0.3_d1.2,ctrl,1,0.841625,0.348915,D3b,3b,D,0,1,7,0.053177,0.283982,0.253496,0.538755,0.059992,0.240424,0.539756,0.649307,0.052823,0.287493,0.603664,0.697646,0.010179,0.223949,0.741017,0.841625,0.095636,0.203606,0.121564,0.480199
b2_s43,gz_drop3_ctrl,gz_drop3,ctrl,preset_h0.3_d10,ctrl,3b,0.760138,0.372093,C3b,3b,C,1,1,6,0.068102,0.310924,0.449474,0.704598,0.099596,0.194672,0.363517,0.635981,0.13362,0.37375,0.649879,0.760138,0.047677,0.307236,0.558381,0.637184,0.199766,0.156896,0.349731,0.44073
b2_s43,gz_drop3_ctrl,gz_drop3,ctrl,preset_h0.3_d2,ctrl,2,0.602937,0.278004,B3a,3a,B,0,1,4,0.052805,0.22778,0.318381,0.448501,0.026728,0.164039,0.602937,0.557939,0.034539,0.183608,0.541764,0.474574,0.019233,0.213518,0.56367,0.344998,0.066744,0.154786,0.138675,0.424864
b2_s43,gz_drop3_ctrl,gz_drop3,ctrl,preset_h0.3_d5,ctrl,3a,0.822065,0.393912,C3b,3b,C,0,1,7,0.085688,0.438331,0.350574,0.522337,0.094877,0.279392,0.580385,0.738316,0.084247,0.235783,0.660022,0.822065,0.045306,0.403257,0.590121,0.791884,0.196536,0.323762,0.191335,0.444025
b2_s43,gz_drop3_ctrl,gz_drop3,ctrl,preset_h0.9_d10,ctrl,3b,0.85022,0.389762,C3b,3b,C,1,1,6,0.057454,0.296691,0.379437,0.715088,0.110641,0.197936,0.404769,0.800817,0.087734,0.453563,0.649896,0.85022,0.038891,0.344567,0.576558,0.690602,0.180028,0.192988,0.354815,0.412542
b2_s43,gz_drop3_ctrl,gz_drop3,ctrl,preset_h0.9_d2,ctrl,2,0.670086,0.308857,B3a,3a,B,0,1,5,0.069527,0.351392,0.241262,0.463797,0.041721,0.305109,0.670086,0.428072,0.050309,0.25706,0.520743,0.500432,0.019903,0.199187,0.513241,0.446752,0.086845,0.174857,0.219222,0.617631
b2_s43,gz_drop3_ctrl,gz_drop3,ctrl,preset_h0.9_d5,ctrl,3a,0.962342,0.57192,C3b,3b,C,0,1,13,0.122909,0.711205,0.509251,0.824698,0.164555,0.616017,0.904066,0.869384,0.096811,0.544805,0.858764,0.962342,0.127105,0.688469,0.756509,0.913279,0.285149,0.463706,0.333665,0.685704
b2_s43,gz_drop3_ctrl,gz_drop3,ctrl,rs_h0.125_d2,ctrl,2,0.490187,0.21516,C3a,3a,C,0,0,0,0.032704,0.152633,0.27345,0.269576,0.024174,0.100186,0.412793,0.454278,0.027707,0.161157,0.490187,0.356757,0.017621,0.169198,0.375123,0.322615,0.044325,0.097215,0.155357,0.366153
b2_s43,gz_drop3_ctrl,gz_drop3,ctrl,rs_h0.125_d5,ctrl,3a,0.777927,0.402861,C3b,3b,C,0,1,6,0.089439,0.604652,0.409495,0.421358,0.083135,0.337873,0.488991,0.750927,0.112136,0.362987,0.606,0.777927,0.078074,0.46109,0.571021,0.541836,0.22292,0.395837,0.273798,0.467729
b2_s43,gz_drop4,gz_drop4,hazard,extra_h0.3_d1.2,V,1,0.719777,0.333295,C3b,3b,C,0,1,6,0.093291,0.289645,0.299699,0.312182,0.030658,0.323874,0.51132,0.613755,0.067657,0.166568,0.618788,0.719777,0.03833,0.279654,0.665702,0.641813,0.097433,0.328759,0.200704,0.366289
b2_s43,gz_drop4,gz_drop4,hazard,preset_h0.3_d10,E,3b,0.611574,0.282113,C3b,3b,C,1,1,4,0.043242,0.218513,0.299513,0.429922,0.077427,0.190727,0.290535,0.528354,0.092941,0.219369,0.558989,0.611574,0.047467,0.308154,0.528142,0.428761,0.155173,0.148206,0.253952,0.211304
b2_s43,gz_drop4,gz_drop4,hazard,preset_h0.3_d2,V,2,0.680529,0.296378,B3b,3b,B,0,1,6,0.04986,0.140169,0.269268,0.354234,0.03408,0.172202,0.508514,0.680529,0.029998,0.163329,0.517392,0.450008,0.020932,0.375009,0.571652,0.601842,0.0644,0.103109,0.257319,0.563704
b2_s43,gz_drop4,gz_drop4,hazard,preset_h0.3_d5,V,3a,0.595322,0.264823,B3b,3b,B,0,1,4,0.033232,0.287738,0.267551,0.254933,0.054092,0.166816,0.36434,0.595322,0.050631,0.165661,0.530534,0.573151,0.049835,0.267237,0.48753,0.510988,0.08573,0.190593,0.149598,0.210952
b2_s43,gz_drop4,gz_drop4,hazard,preset_h0.9_d10,E,3b,0.746028,0.316399,C3b,3b,C,1,1,4,0.046629,0.18426,0.292787,0.454046,0.08692,0.182241,0.367541,0.670579,0.054579,0.35526,0.559363,0.746028,0.039854,0.355044,0.486012,0.560694,0.1869,0.181102,0.282045,0.236093
b2_s43,gz_drop4,gz_drop4,hazard,preset_h0.9_d2,V,2,0.497611,0.213514,D3b,3b,D,0,0,0,0.033183,0.162742,0.259265,0.232203,0.019658,0.102047,0.281733,0.298631,0.021579,0.127419,0.434335,0.422018,0.034428,0.324475,0.497477,0.497611,0.048808,0.131439,0.174165,0.167068
b2_s43,gz_drop4,gz_drop4,hazard,preset_h0.9_d5,V,3a,0.893751,0.520649,C3b,3b,C,0,1,10,0.106852,0.608322,0.459629,0.628947,0.164989,0.660817,0.848219,0.742232,0.080484,0.499065,0.833535,0.893751,0.177509,0.641359,0.767225,0.754753,0.270722,0.474986,0.344487,0.455104
b2_s43,gz_drop4,gz_drop4,hazard,rs_h0.125_d2,V,2,0.511413,0.161918,C3b,3b,C,0,1,1,0.012367,0.076139,0.14481,0.285523,0.015965,0.05241,0.145382,0.418041,0.013659,0.086584,0.333361,0.511413,0.010963,0.117516,0.169571,0.379811,0.031849,0.036622,0.114169,0.282208
b2_s43,gz_drop4,gz_drop4,hazard,rs_h0.125_d5,E,3a,0.589683,0.279117,B3b,3b,B,0,1,1,0.053627,0.367038,0.303046,0.269362,0.047877,0.179597,0.296004,0.589683,0.075909,0.296214,0.446377,0.484522,0.073297,0.356756,0.44046,0.321388,0.15998,0.245134,0.259923,0.316153
b2_s43,gz_drop4_ctrl,gz_drop4,ctrl,extra_h0.3_d1.2,ctrl,1,0.771343,0.336943,D3b,3b,D,0,1,7,0.053337,0.244225,0.2951,0.444467,0.034932,0.287386,0.563945,0.622087,0.055047,0.195732,0.655859,0.657059,0.023036,0.246648,0.524632,0.771343,0.086288,0.194268,0.18172,0.601742
b2_s43,gz_drop4_ctrl,gz_drop4,ctrl,preset_h0.3_d10,ctrl,3b,0.6851,0.323483,C3b,3b,C,1,1,5,0.046282,0.255172,0.384098,0.53666,0.090505,0.213227,0.379051,0.563441,0.13868,0.347168,0.57206,0.6851,0.050632,0.244128,0.562486,0.451771,0.173851,0.175898,0.295722,0.303729
b2_s43,gz_drop4_ctrl,gz_drop4,ctrl,preset_h0.3_d2,ctrl,2,0.650582,0.309869,B3b,3b,B,0,1,4,0.051364,0.179718,0.376597,0.425618,0.028106,0.182908,0.567791,0.650582,0.03098,0.194983,0.62583,0.416248,0.024454,0.385721,0.497194,0.495435,0.071757,0.106179,0.257466,0.62845
b2_s43,gz_drop4_ctrl,gz_drop4,ctrl,preset_h0.3_d5,ctrl,3a,0.654411,0.301853,C3b,3b,C,0,1,4,0.035029,0.33994,0.307353,0.334311,0.048101,0.162378,0.466431,0.639563,0.055797,0.196789,0.581988,0.654411,0.056428,0.284212,0.487548,0.599661,0.093631,0.239321,0.195205,0.25897
b2_s43,gz_drop4_ctrl,gz_drop4,ctrl,preset_h0.9_d10,ctrl,3b,0.787126,0.351066,C3b,3b,C,1,1,6,0.043853,0.225765,0.339328,0.593837,0.113476,0.21736,0.425596,0.724726,0.084691,0.417995,0.582493,0.787126,0.042889,0.297316,0.557918,0.554891,0.191807,0.189825,0.315866,0.314563
b2_s43,gz_drop4_ctrl,gz_drop4,ctrl,preset_h0.9_d2,ctrl,2,0.566351,0.250729,D3a,3a,D,0,1,1,0.020091,0.201025,0.312192,0.272329,0.025615,0.125651,0.499437,0.337865,0.022611,0.210564,0.495564,0.472325,0.022847,0.311036,0.566351,0.49494,0.058564,0.108559,0.107562,0.349444
b2_s43,gz_drop4_ctrl,gz_drop4,ctrl,preset_h0.9_d5,ctrl,3a,0.911887,0.522469,C3b,3b,C,0,1,11,0.088107,0.586839,0.472632,0.696193,0.147625,0.584284,0.851081,0.802517,0.085599,0.500007,0.826187,0.911887,0.174043,0.618086,0.766342,0.795798,0.249445,0.439081,0.388512,0.465112
b2_s43,gz_drop4_ctrl,gz_drop4,ctrl,rs_h0.125_d2,ctrl,2,0.58863,0.19124,C3b,3b,C,0,1,1,0.014843,0.083204,0.201727,0.312152,0.017688,0.057777,0.186336,0.472952,0.015221,0.099073,0.4299,0.58863,0.012302,0.164065,0.194141,0.457756,0.033066,0.050351,0.127581,0.30604
b2_s43,gz_drop4_ctrl,gz_drop4,ctrl,rs_h0.125_d5,ctrl,3a,0.606474,0.327893,B3b,3b,B,0,1,3,0.053387,0.484458,0.353332,0.304805,0.06202,0.231185,0.35575,0.606474,0.101993,0.346192,0.515027,0.605688,0.104303,0.406576,0.486166,0.359692,0.175648,0.34114,0.333492,0.330538
b2_s44,gz_drop1,gz_drop1,hazard,extra_h0.3_d1.2,V,1,0.789804,0.122581,C3b,3b,C,0,1,2,0.008278,0.056114,0.015394,0.069791,0.002876,0.071644,0.170913,0.629073,0.003476,0.043757,0.157416,0.789804,0.003959,0.080927,0.082773,0.184353,0.009312,0.041354,0.015524,0.014877
b2_s44,gz_drop1,gz_drop1,hazard,preset_h0.3_d10,V,3b,0.871468,0.149766,B3b,3b,B,1,1,2,0.000923,0.082305,0.195444,0.231203,0.000358,0.185031,0.648531,0.871468,0.000958,0.081436,0.239588,0.400873,0.001126,0.025055,0.002336,0.011688,0.002481,0.013042,0.000238,0.001236
b2_s44,gz_drop1,gz_drop1,hazard,preset_h0.3_d2,V,2,0.889983,0.261709,D3b,3b,D,0,1,6,0.009154,0.007789,0.088996,0.117119,0.000344,0.019085,0.592234,0.857208,0.001943,0.012859,0.564792,0.884299,0.002044,0.073333,0.759893,0.889983,0.000725,0.06095,0.227951,0.063472
b2_s44,gz_drop1,gz_drop1,hazard,preset_h0.3_d5,V,3a,0.978756,0.137961,C3b,3b,C,0,1,3,0.000718,0.028714,0.185962,0.047618,0.000144,0.008075,0.617712,0.795335,0.000253,0.004636,0.054525,0.978756,0.00031,0.004588,0.003956,0.014276,0.000563,0.012483,0.000451,0.000152
b2_s44,gz_drop1,gz_drop1,hazard,preset_h0.9_d10,V,3b,0.972641,0.24438,B3b,3b,B,1,1,4,0.001591,0.033148,0.105525,0.179585,0.001132,0.188233,0.837007,0.972641,0.000533,0.083901,0.938268,0.964209,0.001234,0.139082,0.138166,0.236153,0.003803,0.056831,0.002781,0.003771
b2_s44,gz_drop1,gz_drop1,hazard,preset_h0.9_d2,V,2,0.650694,0.108648,B3b,3b,B,0,1,2,0.013549,0.040249,0.017739,0.040081,0.003184,0.076497,0.163084,0.650694,0.002916,0.075148,0.105912,0.568568,0.002623,0.089578,0.123314,0.1351,0.005319,0.046284,0.009913,0.003217
b2_s44,gz_drop1,gz_drop1,hazard,preset_h0.9_d5,V,3a,0.997827,0.208779,C3b,3b,C,0,1,3,0.001441,0.0731,0.097964,0.061116,0.000383,0.083808,0.925047,0.960666,0.001081,0.049159,0.302679,0.997827,0.001069,0.053555,0.117089,0.258413,0.001339,0.18128,0.007379,0.001193
b2_s44,gz_drop1,gz_drop1,hazard,rs_h0.125_d2,V,2,0.998543,0.274051,C3b,3b,C,0,1,6,0.003649,0.021341,0.628178,0.75909,0.000633,0.009138,0.895307,0.972114,0.002652,0.045792,0.214588,0.998543,0.001136,0.008985,0.229121,0.521649,0.000307,0.011222,0.050114,0.107452
b2_s44,gz_drop1,gz_drop1,hazard,rs_h0.125_d5,V,3a,0.281456,0.022807,B3b,3b,B,0,0,0,0.000227,0.002926,0.003516,0.017786,0.000165,0.000219,0.000979,0.281456,0.000419,9.4e-05,0.000172,0.145381,0.000106,9.7e-05,4.5e-05,0.001174,0.00042,0.000256,3.4e-05,0.000673
b2_s44,gz_drop1_ctrl,gz_drop1,ctrl,extra_h0.3_d1.2,ctrl,1,0.395442,0.048571,C3b,3b,C,0,0,0,0.009136,0.026247,0.016013,0.03868,0.003558,0.020233,0.03895,0.214549,0.005722,0.011465,0.033034,0.395442,0.002508,0.016751,0.023558,0.055229,0.008486,0.013863,0.018007,0.01998
b2_s44,gz_drop1_ctrl,gz_drop1,ctrl,preset_h0.3_d10,ctrl,3b,0.574938,0.075966,B3b,3b,B,1,1,1,0.000924,0.046748,0.113932,0.110302,0.000391,0.06583,0.346153,0.574938,0.001289,0.038021,0.082071,0.104865,0.001241,0.013931,0.001034,0.004109,0.004467,0.008162,0.000178,0.000733
b2_s44,gz_drop1_ctrl,gz_drop1,ctrl,preset_h0.3_d2,ctrl,2,0.250645,0.045024,B3a,3a,B,0,0,0,0.003125,0.003454,0.08071,0.043279,0.000169,0.001908,0.250645,0.087766,0.001797,0.000272,0.074369,0.129552,0.000742,0.001172,0.067141,0.086816,0.000292,0.001927,0.037879,0.027457
b2_s44,gz_drop1_ctrl,gz_drop1,ctrl,preset_h0.3_d5,ctrl,3a,0.362154,0.025642,C3b,3b,C,0,0,0,0.000236,0.002308,0.008495,0.004043,6e-05,0.000471,0.049645,0.075643,0.000386,0.000371,0.004588,0.362154,0.000314,0.000139,0.000974,0.001415,0.000312,0.00091,0.000289,8.8e-05
b2_s44,gz_drop1_ctrl,gz_drop1,ctrl,preset_h0.9_d10,ctrl,3b,0.977404,0.227445,C3b,3b,C,1,1,4,0.001354,0.0251,0.123217,0.110658,0.000531,0.089641,0.796189,0.972461,0.000709,0.040349,0.883698,0.977404,0.00079,0.062595,0.108404,0.292296,0.003279,0.053317,0.003252,0.003661
b2_s44,gz_drop1_ctrl,gz_drop1,ctrl,preset_h0.9_d2,ctrl,2,0.382673,0.067076,B3b,3b,B,0,0,0,0.010243,0.021469,0.08062,0.11851,0.001541,0.030282,0.223947,0.382673,0.0012,0.011335,0.068766,0.315745,0.000455,0.01093,0.012205,0.02936,0.002585,0.007138,0.007723,0.004789
b2_s44,gz_drop1_ctrl,gz_drop1,ctrl,preset_h0.9_d5,ctrl,3a,0.976331,0.127436,C3b,3b,C,0,1,3,0.000742,0.018424,0.019657,0.008422,0.000232,0.021558,0.514358,0.7469,0.000921,0.007107,0.088315,0.976331,0.000791,0.007077,0.024922,0.077621,0.000814,0.032792,0.001417,0.000311
b2_s44,gz_drop1_ctrl,gz_drop1,ctrl,rs_h0.125_d2,ctrl,2,0.906749,0.104121,C3b,3b,C,0,1,1,0.000974,0.002627,0.063363,0.197915,0.000324,0.000392,0.292328,0.445362,0.00124,0.001083,0.023103,0.906749,0.000599,0.000262,0.019395,0.10498,0.000177,0.000737,0.007513,0.013289
b2_s44,gz_drop1_ctrl,gz_drop1,ctrl,rs_h0.125_d5,ctrl,3a,0.036415,0.002801,B3b,3b,B,0,0,0,0.000182,0.00177,0.001616,0.005359,0.000282,0.000183,0.000343,0.036415,0.000475,8.5e-05,9.8e-05,0.007559,0.000232,6.4e-05,2.7e-05,0.000135,0.000464,0.000237,3.3e-05,0.000463
b2_s44,gz_drop2,gz_drop2,hazard,extra_h0.3_d1.2,V,1,0.362925,0.058111,B3b,3b,B,0,0,0,0.00927,0.05055,0.11853,0.281207,0.006505,0.016964,0.017023,0.362925,0.015349,0.005635,0.019741,0.129222,0.007783,0.00981,0.002746,0.033864,0.01061,0.019682,0.005299,0.039507
b2_s44,gz_drop2,gz_drop2,hazard,preset_h0.3_d10,V,3b,0.869792,0.272956,B3b,3b,B,1,1,4,0.020255,0.111444,0.207987,0.123483,0.000954,0.302495,0.836079,0.869792,0.002716,0.259247,0.865184,0.726323,0.01185,0.296205,0.249141,0.345449,0.011961,0.15192,0.023487,0.043144
b2_s44,gz_drop2,gz_drop2,hazard,preset_h0.3_d2,V,2,0.703873,0.055845,B3b,3b,B,0,1,1,0.004435,0.012383,0.032608,0.139837,0.003745,0.0025,0.001401,0.703873,0.006876,0.001954,0.000959,0.142727,0.004416,0.003044,0.000287,0.016108,0.00869,0.008223,0.000943,0.021885
b2_s44,gz_drop2,gz_drop2,hazard,preset_h0.3_d5,V,3a,0.046793,0.007286,B3b,3b,B,0,0,0,0.000847,0.02185,0.010107,0.001261,0.001215,0.002671,0.013246,0.046793,0.00212,0.001304,0.001576,0.026083,0.004053,0.000985,0.000478,0.000664,0.006541,0.003698,0.000113,0.000113
b2_s44,gz_drop2,gz_drop2,hazard,preset_h0.9_d10,V,3b,0.951017,0.321655,B3b,3b,B,1,1,6,0.01647,0.094746,0.079858,0.12941,0.001426,0.440066,0.530885,0.951017,0.005627,0.226636,0.877844,0.916754,0.036045,0.285956,0.52569,0.787522,0.021585,0.302076,0.107033,0.096459
b2_s44,gz_drop2,gz_drop2,hazard,preset_h0.9_d2,V,2,0.525924,0.040688,B3b,3b,B,0,1,1,0.004125,0.010819,0.03751,0.077151,0.001506,0.005985,0.013958,0.525924,0.003693,0.001898,0.002531,0.105867,0.004033,0.001922,0.000148,0.003376,0.002836,0.007603,0.000311,0.002569
b2_s44,gz_drop2,gz_drop2,hazard,preset_h0.9_d5,V,3a,0.935666,0.258384,C3b,3b,C,0,1,5,0.010816,0.30659,0.038939,0.007486,0.007814,0.507847,0.256246,0.52254,0.030805,0.154674,0.063954,0.935666,0.035372,0.267365,0.191001,0.822907,0.031096,0.843382,0.108318,0.024854
b2_s44,gz_drop2,gz_drop2,hazard,rs_h0.125_d2,V,2,0.761664,0.066826,B3b,3b,B,0,1,1,0.003343,0.009781,0.032913,0.199158,0.004309,0.002901,0.001029,0.761664,0.008132,0.001646,0.000349,0.236246,0.003482,0.001961,0.000222,0.026783,0.006448,0.004928,0.000969,0.030256
b2_s44,gz_drop2,gz_drop2,hazard,rs_h0.125_d5,V,3a,0.309639,0.020876,B3b,3b,B,0,0,0,0.00101,0.017907,0.010282,0.016352,0.001593,0.000982,0.000376,0.309639,0.002843,0.000508,0.00014,0.041008,0.001329,0.000483,7.3e-05,0.002702,0.002538,0.001941,0.000134,0.005673
b2_s44,gz_drop2_ctrl,gz_drop2,ctrl,extra_h0.3_d1.2,ctrl,1,0.719369,0.11121,B3b,3b,B,0,1,2,0.017861,0.092293,0.227424,0.509201,0.005211,0.044179,0.039372,0.719369,0.017884,0.007438,0.022177,0.362097,0.008675,0.019308,0.002257,0.046911,0.011867,0.028971,0.005489,0.036207
b2_s44,gz_drop2_ctrl,gz_drop2,ctrl,preset_h0.3_d10,ctrl,3b,0.917835,0.249199,C3a,3a,C,0,1,4,0.004168,0.113694,0.223223,0.12935,0.000358,0.388307,0.855911,0.849932,0.001,0.265377,0.917835,0.55638,0.002501,0.260229,0.139884,0.136107,0.004755,0.116337,0.007611,0.011027
b2_s44,gz_drop2_ctrl,gz_drop2,ctrl,preset_h0.3_d2,ctrl,2,0.575758,0.03942,B3b,3b,B,0,1,1,0.003498,0.008339,0.013976,0.086919,0.002111,0.001229,0.000603,0.575758,0.004861,0.000863,0.000318,0.057359,0.003679,0.000946,0.00011,0.006292,0.004719,0.003153,0.000385,0.013277
b2_s44,gz_drop2_ctrl,gz_drop2,ctrl,preset_h0.3_d5,ctrl,3a,0.126368,0.019761,B3b,3b,B,0,0,0,0.00135,0.054893,0.028587,0.003364,0.00157,0.01045,0.035098,0.126368,0.003368,0.002352,0.003032,0.093217,0.005654,0.002191,0.000476,0.000849,0.011006,0.011087,0.000101,0.000203
b2_s44,gz_drop2_ctrl,gz_drop2,ctrl,preset_h0.9_d10,ctrl,3b,0.971885,0.357245,C3b,3b,C,1,1,6,0.01963,0.110504,0.095551,0.148602,0.001237,0.460873,0.572854,0.971691,0.004281,0.233745,0.862671,0.971885,0.02526,0.380394,0.643194,0.911123,0.017556,0.350063,0.193531,0.170256
b2_s44,gz_drop2_ctrl,gz_drop2,ctrl,preset_h0.9_d2,ctrl,2,0.895561,0.0837,B3b,3b,B,0,1,1,0.004526,0.022986,0.080475,0.204698,0.001336,0.013814,0.035083,0.895561,0.003423,0.003348,0.003423,0.367254,0.004288,0.00362,0.000147,0.010804,0.003225,0.010995,0.000356,0.004632
b2_s44,gz_drop2_ctrl,gz_drop2,ctrl,preset_h0.9_d5,ctrl,3a,0.951581,0.395132,C3b,3b,C,0,1,8,0.015229,0.66875,0.208592,0.025548,0.010163,0.872678,0.689032,0.762875,0.026797,0.371326,0.210273,0.951581,0.030833,0.66388,0.424602,0.78657,0.033786,0.908978,0.199313,0.041837
b2_s44,gz_drop2_ctrl,gz_drop2,ctrl,rs_h0.125_d2,ctrl,2,0.792282,0.063213,B3b,3b,B,0,1,1,0.003724,0.007335,0.0194,0.176919,0.002647,0.002082,0.000587,0.792282,0.006598,0.00137,0.000348,0.193001,0.003204,0.001412,0.00014,0.015606,0.005738,0.004051,0.000659,0.027161
b2_s44,gz_drop2_ctrl,gz_drop2,ctrl,rs_h0.125_d5,ctrl,3a,0.339327,0.020173,B3b,3b,B,0,0,0,0.00038,0.009175,0.00512,0.01571,0.000681,0.00038,0.000225,0.339327,0.001096,0.000163,4.9e-05,0.023505,0.000541,0.000185,3.7e-05,0.001194,0.001157,0.000617,4.6e-05,0.003876
b2_s44,gz_drop3,gz_drop3,hazard,extra_h0.3_d1.2,H,1,0.624442,0.227523,C3b,3b,C,0,1,2,0.027885,0.255025,0.121652,0.166299,0.01883,0.282711,0.139705,0.305627,0.024463,0.096997,0.424572,0.624442,0.013991,0.352373,0.593299,0.376138,0.019391,0.239163,0.324103,0.143785
b2_s44,gz_drop3,gz_drop3,hazard,preset_h0.3_d10,H,3b,0.900898,0.193182,B3a,3a,B,0,1,3,0.0011,0.078787,0.316463,0.309389,0.000411,0.179635,0.900898,0.889542,0.00068,0.091342,0.370742,0.645784,0.001216,0.025027,0.005908,0.02651,0.002437,0.015789,0.000604,0.001383
b2_s44,gz_drop3,gz_drop3,hazard,preset_h0.3_d2,H,2,0.854199,0.130358,D3b,3b,D,0,1,2,0.005912,0.000754,0.005436,0.04855,0.000783,0.001928,0.02915,0.224322,0.002031,0.004016,0.120835,0.762135,0.000759,0.008383,0.281935,0.854199,0.0016,0.010265,0.075108,0.169051
b2_s44,gz_drop3,gz_drop3,hazard,preset_h0.3_d5,H,3a,0.994741,0.178574,C3b,3b,C,0,1,3,0.000564,0.029182,0.251522,0.112044,4.8e-05,0.004458,0.753307,0.915935,0.00025,0.003492,0.080523,0.994741,0.000125,0.005358,0.064242,0.323117,0.000192,0.013588,0.009908,0.008877
b2_s44,gz_drop3,gz_drop3,hazard,preset_h0.9_d10,H,3b,0.994228,0.316053,B3b,3b,B,1,1,4,0.002754,0.069556,0.337458,0.471268,0.001319,0.278831,0.983615,0.994228,0.00074,0.144037,0.974332,0.993916,0.002224,0.160028,0.399123,0.388188,0.003746,0.091752,0.011492,0.012458
b2_s44,gz_drop3,gz_drop3,hazard,preset_h0.9_d2,H,2,0.283139,0.117892,C3a,3a,C,0,0,0,0.086346,0.110623,0.119733,0.102628,0.028696,0.144461,0.1133,0.069682,0.132781,0.127766,0.283139,0.095356,0.057113,0.195945,0.153509,0.053504,0.039835,0.211102,0.13697,0.095354
b2_s44,gz_drop3,gz_drop3,hazard,preset_h0.9_d5,H,3a,0.997778,0.207673,C3b,3b,C,0,1,4,0.001013,0.05565,0.049841,0.057023,0.000141,0.040457,0.867099,0.9786,0.000339,0.027015,0.209637,0.997778,0.00045,0.061439,0.136615,0.512021,0.000581,0.148511,0.007852,0.001403
b2_s44,gz_drop3,gz_drop3,hazard,rs_h0.125_d2,H,2,0.731967,0.169086,C3b,3b,C,0,1,3,0.008552,0.009067,0.142607,0.309913,0.000969,0.004896,0.14274,0.255737,0.00607,0.004841,0.295175,0.731967,0.002717,0.003027,0.180378,0.582979,0.001675,0.006991,0.179594,0.511817
b2_s44,gz_drop3,gz_drop3,hazard,rs_h0.125_d5,H,3a,0.821575,0.097674,C3b,3b,C,0,1,2,0.000162,0.011675,0.049442,0.171603,8.8e-05,0.000365,0.017351,0.777352,0.000303,0.000341,0.001174,0.821575,3.7e-05,0.00027,0.000404,0.092588,0.000206,0.000829,0.000365,0.007353
b2_s44,gz_drop3_ctrl,gz_drop3,ctrl,extra_h0.3_d1.2,ctrl,1,0.624442,0.227523,C3b,3b,C,0,1,2,0.027885,0.255025,0.121652,0.166299,0.01883,0.282711,0.139705,0.305627,0.024463,0.096997,0.424572,0.624442,0.013991,0.352373,0.593299,0.376138,0.019391,0.239163,0.324103,0.143785
b2_s44,gz_drop3_ctrl,gz_drop3,ctrl,preset_h0.3_d10,ctrl,3b,0.975819,0.288874,B3a,3a,B,0,1,6,0.002782,0.16157,0.628282,0.594976,0.000562,0.388758,0.975819,0.967298,0.000878,0.203797,0.719476,0.859565,0.001737,0.086431,0.034355,0.099533,0.004084,0.040009,0.001913,0.005646
b2_s44,gz_drop3_ctrl,gz_drop3,ctrl,preset_h0.3_d2,ctrl,2,0.854231,0.130365,D3b,3b,D,0,1,2,0.005912,0.000755,0.005436,0.048552,0.000783,0.001928,0.02915,0.224302,0.002031,0.004016,0.120839,0.762168,0.000758,0.008386,0.281979,0.854231,0.0016,0.010266,0.075133,0.169069
b2_s44,gz_drop3_ctrl,gz_drop3,ctrl,preset_h0.3_d5,ctrl,3a,0.996271,0.224525,C3b,3b,C,0,1,4,0.000882,0.054123,0.527295,0.184438,6.4e-05,0.00982,0.90879,0.941599,0.000326,0.006866,0.182935,0.996271,0.000191,0.011585,0.164981,0.430238,0.000266,0.029223,0.026107,0.01449
b2_s44,gz_drop3_ctrl,gz_drop3,ctrl,preset_h0.9_d10,ctrl,3b,0.997594,0.349271,B3b,3b,B,1,1,6,0.003397,0.075421,0.422702,0.68219,0.001112,0.274521,0.986072,0.997594,0.00082,0.126328,0.974928,0.99648,0.00259,0.16124,0.490856,0.61665,0.003254,0.106756,0.02031,0.04219
b2_s44,gz_drop3_ctrl,gz_drop3,ctrl,preset_h0.9_d2,ctrl,2,0.284602,0.117325,C3a,3a,C,0,0,0,0.085397,0.109488,0.115941,0.098279,0.028399,0.144987,0.111171,0.068542,0.130638,0.128259,0.284602,0.094163,0.058063,0.196617,0.154993,0.053721,0.039969,0.211805,0.135783,0.095686
b2_s44,gz_drop3_ctrl,gz_drop3,ctrl,preset_h0.9_d5,ctrl,3a,0.998083,0.213419,C3b,3b,C,0,1,4,0.00108,0.058012,0.056009,0.057293,0.000147,0.043882,0.866074,0.979847,0.000372,0.028189,0.196043,0.998083,0.000438,0.071768,0.143687,0.5856,0.000592,0.169067,0.010469,0.00172
b2_s44,gz_drop3_ctrl,gz_drop3,ctrl,rs_h0.125_d2,ctrl,2,0.73207,0.169121,C3b,3b,C,0,1,3,0.008552,0.009063,0.142487,0.3096,0.00097,0.004897,0.142525,0.255591,0.006074,0.004842,0.29553,0.73207,0.002717,0.003031,0.180851,0.583451,0.001677,0.006999,0.179727,0.511766
b2_s44,gz_drop3_ctrl,gz_drop3,ctrl,rs_h0.125_d5,ctrl,3a,0.897845,0.11492,C3b,3b,C,0,1,2,0.000192,0.016985,0.090015,0.231778,9.2e-05,0.000536,0.038888,0.854384,0.000331,0.00058,0.002091,0.897845,4.2e-05,0.000483,0.000797,0.150907,0.000222,0.001232,0.000599,0.010405
b2_s44,gz_drop4,gz_drop4,hazard,extra_h0.3_d1.2,V,1,0.399858,0.09495,C3a,3a,C,0,0,0,0.042518,0.113411,0.181621,0.037351,0.009677,0.044861,0.399492,0.148409,0.018934,0.048938,0.399858,0.067774,0.01854,0.197194,0.063211,0.005647,0.029493,0.046375,0.017751,0.007945
b2_s44,gz_drop4,gz_drop4,hazard,preset_h0.3_d10,E,3b,0.141549,0.019115,B3b,3b,B,1,0,0,0.000535,0.017844,0.022087,0.024819,0.000339,0.022153,0.093931,0.141549,0.000798,0.014372,0.018891,0.013673,0.001002,0.004197,0.000347,0.000719,0.002114,0.002595,0.000103,0.000234
b2_s44,gz_drop4,gz_drop4,hazard,preset_h0.3_d2,V,2,0.597925,0.088002,C3b,3b,C,0,1,1,0.007681,0.004224,0.016821,0.036695,0.000603,0.005103,0.06887,0.369614,0.001714,0.005959,0.066521,0.597925,0.000541,0.007835,0.088527,0.44858,0.002885,0.007285,0.017559,0.005098
b2_s44,gz_drop4,gz_drop4,hazard,preset_h0.3_d5,V,3a,0.5359,0.03503,C3b,3b,C,0,1,1,0.000118,0.001205,0.005356,0.004136,4.7e-05,0.000239,0.021698,0.119721,0.000244,0.000283,0.00287,0.5359,0.000173,7.5e-05,0.000951,0.006368,0.00015,0.000442,0.000404,0.000216
b2_s44,gz_drop4,gz_drop4,hazard,preset_h0.9_d10,E,3b,0.981933,0.19486,C3b,3b,C,1,1,4,0.000833,0.01506,0.068178,0.050588,0.000387,0.039281,0.728373,0.962764,0.000366,0.017875,0.741212,0.981933,0.000632,0.018944,0.065656,0.173697,0.002623,0.024859,0.002793,0.001138
b2_s44,gz_drop4,gz_drop4,hazard,preset_h0.9_d2,V,2,0.933851,0.377973,B3a,3a,B,0,1,7,0.303332,0.447449,0.785697,0.589416,0.146574,0.66982,0.933851,0.386093,0.231909,0.504917,0.91661,0.131206,0.167005,0.557285,0.303054,0.018151,0.076254,0.282454,0.084148,0.024245
b2_s44,gz_drop4,gz_drop4,hazard,preset_h0.9_d5,V,3a,0.985651,0.1435,C3b,3b,C,0,1,3,0.000569,0.018132,0.018755,0.013323,0.000204,0.015397,0.520761,0.811573,0.000446,0.005952,0.076278,0.985651,0.000609,0.008438,0.049659,0.297573,0.000649,0.041868,0.003357,0.000808
b2_s44,gz_drop4,gz_drop4,hazard,rs_h0.125_d2,V,2,0.987137,0.178407,C3b,3b,C,0,1,3,0.000946,0.003663,0.258289,0.513614,0.000148,0.000531,0.433642,0.889455,0.000928,0.001274,0.022806,0.987137,0.000519,0.000179,0.010124,0.414017,0.000201,0.000256,0.005652,0.024767
b2_s44,gz_drop4,gz_drop4,hazard,rs_h0.125_d5,E,3a,0.023797,0.002022,B3b,3b,B,0,0,0,0.000151,0.00111,0.000686,0.00423,0.000236,0.000141,0.000119,0.023797,0.000265,7.5e-05,5.1e-05,0.007815,0.00016,5e-05,2e-05,0.000247,0.000341,0.00019,4.1e-05,0.00072
b2_s44,gz_drop4_ctrl,gz_drop4,ctrl,extra_h0.3_d1.2,ctrl,1,0.083682,0.023037,C3b,3b,C,0,0,0,0.015982,0.03816,0.018447,0.020497,0.006019,0.021483,0.028181,0.052965,0.016381,0.012111,0.020726,0.083682,0.010849,0.034388,0.015333,0.011477,0.01496,0.014176,0.012201,0.012719
b2_s44,gz_drop4_ctrl,gz_drop4,ctrl,preset_h0.3_d10,ctrl,3b,0.522446,0.073602,B3b,3b,B,1,1,1,0.000998,0.054493,0.125416,0.097831,0.000441,0.079154,0.347631,0.522446,0.001475,0.042768,0.078879,0.083718,0.001369,0.016565,0.001041,0.003313,0.004944,0.008758,0.000189,0.000621
b2_s44,gz_drop4_ctrl,gz_drop4,ctrl,preset_h0.3_d2,ctrl,2,0.241103,0.034286,C3b,3b,C,0,0,0,0.011868,0.001839,0.012547,0.01386,0.00059,0.003281,0.033303,0.063856,0.001484,0.003292,0.042574,0.241103,0.000779,0.004867,0.082161,0.136276,0.001607,0.004844,0.020701,0.004883
b2_s44,gz_drop4_ctrl,gz_drop4,ctrl,preset_h0.3_d5,ctrl,3a,0.747283,0.060811,C3b,3b,C,0,1,1,0.000263,0.002901,0.029061,0.008188,7.2e-05,0.00095,0.181509,0.209516,0.000428,0.001033,0.015933,0.747283,0.000246,0.000246,0.006103,0.009797,0.000232,0.001126,0.001105,0.00022
b2_s44,gz_drop4_ctrl,gz_drop4,ctrl,preset_h0.9_d10,ctrl,3b,0.975908,0.21621,C3b,3b,C,1,1,4,0.001162,0.023485,0.110728,0.090239,0.000531,0.085335,0.808564,0.971813,0.000641,0.033812,0.867648,0.975908,0.000822,0.045229,0.078109,0.182666,0.003371,0.039268,0.002495,0.002368
b2_s44,gz_drop4_ctrl,gz_drop4,ctrl,preset_h0.9_d2,ctrl,2,0.550939,0.194987,B3a,3a,B,0,1,3,0.087932,0.287853,0.543811,0.500493,0.025719,0.216953,0.550939,0.17978,0.048606,0.189139,0.357577,0.158289,0.013352,0.208359,0.101569,0.06435,0.01987,0.176925,0.116112,0.052112
b2_s44,gz_drop4_ctrl,gz_drop4,ctrl,preset_h0.9_d5,ctrl,3a,0.977702,0.141388,C3b,3b,C,0,1,2,0.000608,0.013769,0.015594,0.011281,0.00021,0.013755,0.463453,0.748889,0.000678,0.006576,0.070067,0.977702,0.00069,0.007105,0.077412,0.380542,0.000604,0.033999,0.003919,0.000912
b2_s44,gz_drop4_ctrl,gz_drop4,ctrl,rs_h0.125_d2,ctrl,2,0.979066,0.189206,C3b,3b,C,0,1,4,0.001215,0.003241,0.403264,0.536067,0.000251,0.00069,0.571219,0.815896,0.001804,0.002815,0.047214,0.979066,0.000724,0.000275,0.026835,0.324502,0.00018,0.000673,0.011327,0.056855
b2_s44,gz_drop4_ctrl,gz_drop4,ctrl,rs_h0.125_d5,ctrl,3a,0.031059,0.002498,B3b,3b,B,0,0,0,0.000174,0.001702,0.001517,0.004415,0.000291,0.00018,0.000243,0.031059,0.000435,8.6e-05,8.6e-05,0.007992,0.000214,6e-05,2.7e-05,0.00017,0.00043,0.000246,3.9e-05,0.000589
rgb_s42,gz_drop1,gz_drop1,hazard,extra_h0.3_d1.2,V,1,0.776332,0.436169,C3b,3b,C,0,1,10,0.087544,0.538182,0.706302,0.343643,0.049999,0.400268,0.698882,0.613725,0.079163,0.299262,0.754005,0.776332,0.066276,0.503517,0.689929,0.617225,0.139595,0.493573,0.628926,0.237032
rgb_s42,gz_drop1,gz_drop1,hazard,preset_h0.3_d10,V,3b,0.099509,0.041477,A3a,3a,A,0,0,0,0.015636,0.053709,0.099509,0.03234,0.009004,0.019305,0.093612,0.043821,0.04862,0.041405,0.050771,0.03032,0.031404,0.066817,0.015218,0.012722,0.09194,0.058808,0.012661,0.001927
rgb_s42,gz_drop1,gz_drop1,hazard,preset_h0.3_d2,V,2,0.817139,0.154433,B3b,3b,B,0,1,2,0.007491,0.072595,0.24012,0.299736,0.002529,0.026249,0.227417,0.817139,0.009789,0.036266,0.093798,0.727466,0.006602,0.064783,0.028694,0.292046,0.022064,0.055001,0.030786,0.028082
rgb_s42,gz_drop1,gz_drop1,hazard,preset_h0.3_d5,V,3a,0.493483,0.107633,B3a,3a,B,1,0,0,0.00403,0.080056,0.06827,0.040918,0.00191,0.044121,0.493483,0.231122,0.00977,0.082998,0.457614,0.390569,0.007787,0.099432,0.034495,0.043011,0.024357,0.034614,0.003276,0.000819
rgb_s42,gz_drop1,gz_drop1,hazard,preset_h0.9_d10,V,3b,0.739162,0.37857,B3a,3a,B,0,1,8,0.053805,0.557459,0.600008,0.465652,0.029965,0.412876,0.739162,0.690161,0.118044,0.494991,0.621995,0.588187,0.064336,0.647968,0.302764,0.25351,0.144099,0.553386,0.17834,0.054701
rgb_s42,gz_drop1,gz_drop1,hazard,preset_h0.9_d2,V,2,0.921055,0.264476,B3b,3b,B,0,1,4,0.004719,0.216398,0.451023,0.472,0.001545,0.118874,0.626385,0.921055,0.003989,0.109711,0.391548,0.85102,0.003338,0.221371,0.088241,0.50846,0.013805,0.14398,0.062224,0.079829
rgb_s42,gz_drop1,gz_drop1,hazard,preset_h0.9_d5,V,3a,0.984929,0.397652,B3a,3a,B,1,1,8,0.002607,0.802459,0.279979,0.235457,0.00173,0.743552,0.984929,0.940146,0.006597,0.725933,0.936874,0.942422,0.004619,0.710041,0.128873,0.133233,0.012461,0.357199,0.002536,0.001396
rgb_s42,gz_drop1,gz_drop1,hazard,rs_h0.125_d2,V,2,0.113301,0.012496,B3b,3b,B,0,0,0,0.000954,0.000624,0.001795,0.017705,0.000511,0.000177,0.000149,0.113301,0.004915,0.000366,7.4e-05,0.071073,0.002614,0.000594,8.3e-05,0.023676,0.008607,0.000613,0.000766,0.00133
rgb_s42,gz_drop1,gz_drop1,hazard,rs_h0.125_d5,V,3a,0.063286,0.020491,B3a,3a,B,1,0,0,0.005078,0.011466,0.039746,0.025717,0.002282,0.003233,0.063286,0.060425,0.01876,0.011405,0.029035,0.049227,0.012639,0.013557,0.003182,0.007622,0.043354,0.007758,0.001515,0.000535
rgb_s42,gz_drop1_ctrl,gz_drop1,ctrl,extra_h0.3_d1.2,ctrl,1,0.598554,0.15345,A3a,3a,A,0,1,1,0.053539,0.109255,0.598554,0.323665,0.02812,0.029932,0.161397,0.396136,0.1022,0.066587,0.105912,0.230417,0.063698,0.098373,0.069803,0.164437,0.135399,0.125583,0.147586,0.058413
rgb_s42,gz_drop1_ctrl,gz_drop1,ctrl,preset_h0.3_d10,ctrl,3b,0.083783,0.035499,A3a,3a,A,0,0,0,0.013495,0.045756,0.083783,0.02824,0.007937,0.016669,0.080898,0.037124,0.042722,0.035106,0.043248,0.024869,0.027447,0.05673,0.013072,0.01069,0.081366,0.048452,0.010628,0.00175
rgb_s42,gz_drop1_ctrl,gz_drop1,ctrl,preset_h0.3_d2,ctrl,2,0.322862,0.052841,B3b,3b,B,0,0,0,0.014109,0.018682,0.140066,0.137094,0.006529,0.003909,0.011959,0.322862,0.053219,0.011661,0.005844,0.114367,0.025687,0.017725,0.002723,0.059451,0.069277,0.018863,0.015017,0.007769
rgb_s42,gz_drop1_ctrl,gz_drop1,ctrl,preset_h0.3_d5,ctrl,3a,0.589324,0.140076,B3a,3a,B,1,1,1,0.006365,0.152961,0.142888,0.080413,0.003183,0.074128,0.589324,0.374825,0.018913,0.141888,0.418713,0.433401,0.014285,0.174305,0.024907,0.037943,0.040905,0.067798,0.003526,0.000859
rgb_s42,gz_drop1_ctrl,gz_drop1,ctrl,preset_h0.9_d10,ctrl,3b,0.731221,0.389265,B3a,3a,B,0,1,10,0.05769,0.582117,0.652934,0.523098,0.033771,0.431539,0.731221,0.703369,0.131537,0.537463,0.575875,0.539167,0.071218,0.679887,0.289966,0.249903,0.153468,0.576497,0.195079,0.069498
rgb_s42,gz_drop1_ctrl,gz_drop1,ctrl,preset_h0.9_d2,ctrl,2,0.457088,0.11432,B3b,3b,B,0,0,0,0.030667,0.047509,0.44389,0.324304,0.013422,0.010971,0.07828,0.457088,0.085509,0.034974,0.040264,0.204088,0.043172,0.052918,0.01785,0.133685,0.114025,0.063878,0.056515,0.03339
rgb_s42,gz_drop1_ctrl,gz_drop1,ctrl,preset_h0.9_d5,ctrl,3a,0.904325,0.351134,B3a,3a,B,1,1,8,0.0046,0.7033,0.216804,0.186131,0.00392,0.619012,0.904325,0.837799,0.015125,0.646053,0.775644,0.825722,0.010776,0.66503,0.099866,0.125724,0.024033,0.35161,0.005181,0.002023
rgb_s42,gz_drop1_ctrl,gz_drop1,ctrl,rs_h0.125_d2,ctrl,2,0.29925,0.028595,B3b,3b,B,0,0,0,0.00132,0.001391,0.00416,0.049638,0.000727,0.000272,0.000192,0.29925,0.007574,0.000628,5.6e-05,0.145274,0.00381,0.001007,5.7e-05,0.040375,0.011921,0.001128,0.00077,0.002355
rgb_s42,gz_drop1_ctrl,gz_drop1,ctrl,rs_h0.125_d5,ctrl,3a,0.055556,0.017277,B3a,3a,B,1,0,0,0.004656,0.009517,0.033019,0.019584,0.002027,0.002825,0.055556,0.045356,0.017054,0.00993,0.026608,0.037962,0.01148,0.011904,0.003014,0.006262,0.040457,0.006539,0.00134,0.000445
rgb_s42,gz_drop2,gz_drop2,hazard,extra_h0.3_d1.2,V,1,0.706898,0.173607,C3b,3b,C,0,1,3,0.019803,0.098767,0.158446,0.213533,0.010126,0.045789,0.197711,0.500948,0.025696,0.061386,0.232647,0.706898,0.016769,0.119481,0.162994,0.504568,0.053164,0.094826,0.129609,0.118987
rgb_s42,gz_drop2,gz_drop2,hazard,preset_h0.3_d10,V,3b,0.082763,0.022899,E1,1,E,0,0,0,0.013428,0.019803,0.041995,0.018665,0.008223,0.006874,0.033358,0.025279,0.042834,0.014923,0.022549,0.019921,0.025491,0.026446,0.008194,0.011768,0.082763,0.026179,0.007547,0.00175
rgb_s42,gz_drop2,gz_drop2,hazard,preset_h0.3_d2,V,2,0.663822,0.339345,C3b,3b,C,0,1,3,0.130493,0.390876,0.564633,0.344862,0.091607,0.199631,0.413164,0.499938,0.206684,0.184514,0.524367,0.663822,0.118113,0.365161,0.391431,0.432151,0.215635,0.449254,0.456687,0.143881
rgb_s42,gz_drop2,gz_drop2,hazard,preset_h0.3_d5,V,3a,0.176498,0.025681,B3a,3a,B,1,0,0,0.001069,0.004602,0.022252,0.045694,0.000499,0.001385,0.176498,0.109954,0.002948,0.003579,0.059769,0.065753,0.001785,0.004145,0.001315,0.002808,0.007138,0.001988,0.000209,0.000227
rgb_s42,gz_drop2,gz_drop2,hazard,preset_h0.9_d10,V,3b,0.717187,0.430336,D2,2,D,0,1,10,0.096975,0.547206,0.640752,0.476827,0.058215,0.458302,0.689884,0.577274,0.189445,0.539944,0.63782,0.553454,0.104908,0.717187,0.518233,0.383954,0.223601,0.639893,0.405764,0.14708
rgb_s42,gz_drop2,gz_drop2,hazard,preset_h0.9_d2,V,2,0.899449,0.349983,C3b,3b,C,0,1,5,0.017731,0.387434,0.289701,0.381075,0.00809,0.282231,0.610491,0.848665,0.017506,0.26396,0.7718,0.899449,0.012374,0.436551,0.380433,0.746347,0.034011,0.248751,0.192246,0.17082
rgb_s42,gz_drop2,gz_drop2,hazard,preset_h0.9_d5,V,3a,0.90934,0.357098,B3a,3a,B,1,1,6,0.011868,0.598969,0.380819,0.280296,0.006557,0.428549,0.90934,0.790431,0.02386,0.388258,0.843053,0.877395,0.015361,0.525221,0.230066,0.294908,0.039509,0.447289,0.035983,0.014231
rgb_s42,gz_drop2,gz_drop2,hazard,rs_h0.125_d2,V,2,0.052801,0.013886,E1,1,E,0,0,0,0.009058,0.005061,0.036132,0.023327,0.004018,0.001368,0.017312,0.023401,0.023088,0.004398,0.015774,0.014172,0.015668,0.006682,0.004985,0.008664,0.052801,0.006429,0.003624,0.00176
rgb_s42,gz_drop2,gz_drop2,hazard,rs_h0.125_d5,V,3a,0.23488,0.059626,B3b,3b,B,0,0,0,0.015159,0.03444,0.159741,0.117047,0.006628,0.008899,0.089356,0.23488,0.056682,0.028483,0.03584,0.138274,0.033802,0.046593,0.006067,0.033064,0.102994,0.034877,0.006658,0.003037
rgb_s42,gz_drop2_ctrl,gz_drop2,ctrl,extra_h0.3_d1.2,ctrl,1,0.692837,0.148266,C3b,3b,C,0,1,1,0.013275,0.060438,0.125299,0.179886,0.006559,0.026411,0.187953,0.460712,0.016989,0.036764,0.215867,0.692837,0.010628,0.068751,0.141517,0.441698,0.036802,0.056152,0.08767,0.099105
rgb_s42,gz_drop2_ctrl,gz_drop2,ctrl,preset_h0.3_d10,ctrl,3b,0.009888,0.002394,E1,1,E,0,0,0,0.001535,0.000812,0.002921,0.002982,0.000823,0.000291,0.005017,0.002448,0.003906,0.000633,0.005534,0.00217,0.002484,0.00095,0.001703,0.001693,0.009888,0.00098,0.000644,0.000473
rgb_s42,gz_drop2_ctrl,gz_drop2,ctrl,preset_h0.3_d2,ctrl,2,0.788251,0.246237,C3b,3b,C,0,1,2,0.058434,0.181328,0.31494,0.249776,0.036688,0.080528,0.284678,0.467097,0.082575,0.076193,0.352822,0.788251,0.048376,0.180215,0.316684,0.559037,0.112912,0.236325,0.357904,0.139977
rgb_s42,gz_drop2_ctrl,gz_drop2,ctrl,preset_h0.3_d5,ctrl,3a,0.034657,0.006308,B3a,3a,B,1,0,0,0.00024,0.000176,0.002624,0.023722,0.00013,4.6e-05,0.034657,0.027862,0.000535,0.000119,0.010936,0.021733,0.000347,0.000147,0.000347,0.000695,0.001546,0.000119,3.9e-05,0.000132
rgb_s42,gz_drop2_ctrl,gz_drop2,ctrl,preset_h0.9_d10,ctrl,3b,0.579476,0.328949,B3b,3b,B,1,1,6,0.063938,0.370428,0.509426,0.420012,0.035709,0.24885,0.57644,0.579476,0.11504,0.327945,0.501422,0.579301,0.068569,0.506994,0.33628,0.357211,0.157421,0.454163,0.263857,0.106504
rgb_s42,gz_drop2_ctrl,gz_drop2,ctrl,preset_h0.9_d2,ctrl,2,0.913288,0.223272,C3b,3b,C,0,1,4,0.006771,0.12054,0.120484,0.277334,0.003527,0.06688,0.453008,0.800448,0.006848,0.062958,0.511753,0.913288,0.004804,0.108159,0.167789,0.597465,0.013819,0.061576,0.061318,0.106661
rgb_s42,gz_drop2_ctrl,gz_drop2,ctrl,preset_h0.9_d5,ctrl,3a,0.895038,0.246134,C3b,3b,C,0,1,4,0.005286,0.2313,0.279052,0.337787,0.003054,0.106998,0.866651,0.810434,0.009021,0.101475,0.608923,0.895038,0.005516,0.16798,0.094645,0.19229,0.017829,0.15714,0.019803,0.012459
rgb_s42,gz_drop2_ctrl,gz_drop2,ctrl,rs_h0.125_d2,ctrl,2,0.013644,0.002033,C3a,3a,C,0,0,0,0.001,0.000169,0.002003,0.00253,0.000485,4.4e-05,0.005275,0.001469,0.001768,0.000141,0.013644,0.00157,0.00131,0.000189,0.001956,0.000982,0.005354,0.000221,0.0002,0.000355
rgb_s42,gz_drop2_ctrl,gz_drop2,ctrl,rs_h0.125_d5,ctrl,3a,0.002811,0.000908,C3b,3b,C,0,0,0,0.000238,4.7e-05,0.000749,0.002579,0.000104,1.5e-05,0.002002,0.002521,0.000571,4.1e-05,0.002504,0.002811,0.000344,5.4e-05,0.00036,0.000916,0.002,5.9e-05,7e-05,0.000184
rgb_s42,gz_drop3,gz_drop3,hazard,extra_h0.3_d1.2,H,1,0.982265,0.230835,C3b,3b,C,0,1,4,0.003574,0.051886,0.136478,0.491482,0.001293,0.02198,0.031803,0.920978,0.002929,0.005509,0.049641,0.982265,0.001598,0.018765,0.075017,0.837693,0.00247,0.009521,0.378065,0.593762
rgb_s42,gz_drop3,gz_drop3,hazard,preset_h0.3_d10,H,3b,0.132446,0.055883,A3a,3a,A,0,0,0,0.023182,0.072339,0.132446,0.041712,0.01339,0.023245,0.113704,0.071466,0.070421,0.045519,0.069391,0.057979,0.045076,0.076708,0.018548,0.020612,0.121911,0.081374,0.016386,0.002248
rgb_s42,gz_drop3,gz_drop3,hazard,preset_h0.3_d2,H,2,0.016115,0.00275,C3a,3a,C,0,0,0,0.001024,0.0007,0.001919,0.000639,0.000302,0.000785,0.000747,0.002109,0.003794,0.000657,0.016115,0.012831,0.002346,0.00082,0.004379,0.000595,0.003238,0.000131,0.00177,9e-05
rgb_s42,gz_drop3,gz_drop3,hazard,preset_h0.3_d5,H,3a,0.126596,0.021651,B3a,3a,B,1,0,0,0.001525,0.014295,0.014429,0.00721,0.000966,0.008847,0.126596,0.046841,0.00471,0.014663,0.061393,0.085164,0.004105,0.018416,0.003008,0.00429,0.011441,0.004615,0.000393,0.000113
rgb_s42,gz_drop3,gz_drop3,hazard,preset_h0.9_d10,H,3b,0.790942,0.312585,B3b,3b,B,1,1,6,0.03493,0.425227,0.569025,0.55456,0.019126,0.271677,0.616817,0.790942,0.082736,0.371308,0.360839,0.567634,0.044835,0.504623,0.144502,0.215214,0.09962,0.404002,0.119714,0.054364
rgb_s42,gz_drop3,gz_drop3,hazard,preset_h0.9_d2,H,2,0.141808,0.016568,C3a,3a,C,0,0,0,0.004855,0.00353,0.010219,0.002963,0.001426,0.003896,0.006932,0.00515,0.009078,0.002995,0.141808,0.02823,0.006277,0.004302,0.067635,0.003144,0.008542,0.001118,0.017863,0.001388
rgb_s42,gz_drop3,gz_drop3,hazard,preset_h0.9_d5,H,3a,0.896645,0.265418,B3a,3a,B,1,1,5,0.002329,0.507816,0.138108,0.078865,0.001994,0.460832,0.896645,0.693249,0.007294,0.449392,0.708573,0.677208,0.006005,0.447405,0.041839,0.024577,0.014215,0.15027,0.001377,0.000374
rgb_s42,gz_drop3,gz_drop3,hazard,rs_h0.125_d2,H,2,0.019075,0.005124,C3b,3b,C,0,0,0,0.002222,0.001568,0.00957,0.004333,0.000835,0.000884,0.001951,0.017161,0.011221,0.001709,0.004582,0.019075,0.005973,0.002388,0.001053,0.002416,0.01327,0.000697,0.001336,0.000226
rgb_s42,gz_drop3,gz_drop3,hazard,rs_h0.125_d5,H,3a,0.165768,0.035722,B3b,3b,B,0,0,0,0.005739,0.015875,0.074743,0.05156,0.002385,0.00431,0.082897,0.165768,0.020409,0.013361,0.034053,0.131341,0.012662,0.017853,0.004266,0.019658,0.042448,0.010963,0.00281,0.001338
rgb_s42,gz_drop3_ctrl,gz_drop3,ctrl,extra_h0.3_d1.2,ctrl,1,0.982265,0.230835,C3b,3b,C,0,1,4,0.003574,0.051886,0.136478,0.491482,0.001293,0.02198,0.031803,0.920978,0.002929,0.005509,0.049641,0.982265,0.001598,0.018765,0.075017,0.837693,0.00247,0.009521,0.378065,0.593762
rgb_s42,gz_drop3_ctrl,gz_drop3,ctrl,preset_h0.3_d10,ctrl,3b,0.129704,0.053998,A3a,3a,A,0,0,0,0.021649,0.069726,0.129704,0.042422,0.01236,0.021958,0.111837,0.073583,0.066724,0.043326,0.066193,0.057673,0.042622,0.072796,0.017194,0.02012,0.116415,0.076123,0.015326,0.002209
rgb_s42,gz_drop3_ctrl,gz_drop3,ctrl,preset_h0.3_d2,ctrl,2,0.016115,0.00275,C3a,3a,C,0,0,0,0.001024,0.0007,0.001919,0.000639,0.000302,0.000785,0.000747,0.00211,0.003794,0.000657,0.016115,0.012831,0.002346,0.00082,0.004379,0.000595,0.003239,0.000131,0.00177,9e-05
rgb_s42,gz_drop3_ctrl,gz_drop3,ctrl,preset_h0.3_d5,ctrl,3a,0.118392,0.02002,B3a,3a,B,1,0,0,0.001505,0.01341,0.013446,0.00646,0.000962,0.008353,0.118392,0.040469,0.004695,0.013857,0.058012,0.076011,0.004136,0.017466,0.002924,0.003928,0.011531,0.004365,0.000381,0.000104
rgb_s42,gz_drop3_ctrl,gz_drop3,ctrl,preset_h0.9_d10,ctrl,3b,0.793147,0.315321,B3b,3b,B,1,1,6,0.033886,0.431453,0.580981,0.565427,0.018844,0.272366,0.630473,0.793147,0.080258,0.372116,0.370962,0.567166,0.044472,0.506455,0.145408,0.217506,0.098717,0.400624,0.119885,0.056265
rgb_s42,gz_drop3_ctrl,gz_drop3,ctrl,preset_h0.9_d2,ctrl,2,0.141753,0.016553,C3a,3a,C,0,0,0,0.004847,0.003527,0.01022,0.002964,0.001423,0.003888,0.006932,0.005154,0.009073,0.002992,0.141753,0.028224,0.006268,0.004294,0.067494,0.003142,0.008535,0.001117,0.017836,0.001386
rgb_s42,gz_drop3_ctrl,gz_drop3,ctrl,preset_h0.9_d5,ctrl,3a,0.895088,0.262699,B3a,3a,B,1,1,5,0.002325,0.506827,0.13663,0.075227,0.002015,0.456657,0.895088,0.677131,0.007353,0.445135,0.705736,0.661707,0.006117,0.446975,0.041058,0.02317,0.014476,0.148668,0.001339,0.000352
rgb_s42,gz_drop3_ctrl,gz_drop3,ctrl,rs_h0.125_d2,ctrl,2,0.019067,0.005122,C3b,3b,C,0,0,0,0.002221,0.001568,0.009568,0.004333,0.000834,0.000884,0.001951,0.017157,0.011218,0.001709,0.004579,0.019067,0.005971,0.002387,0.001052,0.002415,0.013267,0.000697,0.001335,0.000226
rgb_s42,gz_drop3_ctrl,gz_drop3,ctrl,rs_h0.125_d5,ctrl,3a,0.148014,0.031995,B3b,3b,B,0,0,0,0.005212,0.013855,0.06582,0.045719,0.00216,0.003761,0.074399,0.148014,0.018592,0.011639,0.029866,0.119091,0.011534,0.015424,0.003873,0.017985,0.039585,0.009587,0.002555,0.001229
rgb_s42,gz_drop4,gz_drop4,hazard,extra_h0.3_d1.2,V,1,0.214603,0.081673,B3b,3b,B,0,0,0,0.014882,0.031202,0.166367,0.20911,0.011562,0.021415,0.054442,0.214603,0.026843,0.028307,0.069859,0.147788,0.011936,0.047991,0.11136,0.164411,0.030715,0.034623,0.138908,0.097144
rgb_s42,gz_drop4,gz_drop4,hazard,preset_h0.3_d10,E,3b,0.086076,0.036337,B3a,3a,B,0,0,0,0.014204,0.046681,0.082852,0.026263,0.008229,0.017631,0.086076,0.033015,0.042435,0.036217,0.051527,0.024129,0.027426,0.058517,0.01581,0.010382,0.081185,0.051169,0.011244,0.001744
rgb_s42,gz_drop4,gz_drop4,hazard,preset_h0.3_d2,V,2,0.42386,0.102292,B3b,3b,B,0,0,0,0.021553,0.044985,0.350944,0.260839,0.008775,0.013922,0.082812,0.42386,0.040714,0.034582,0.05409,0.213543,0.024874,0.05845,0.035417,0.154707,0.061814,0.051212,0.076015,0.032738
rgb_s42,gz_drop4,gz_drop4,hazard,preset_h0.3_d5,V,3a,0.269836,0.084078,C3b,3b,C,0,0,0,0.007464,0.114848,0.057493,0.059055,0.00519,0.069524,0.237431,0.259884,0.028949,0.116305,0.134231,0.269836,0.020421,0.157537,0.010516,0.030997,0.047305,0.051708,0.001957,0.00091
rgb_s42,gz_drop4,gz_drop4,hazard,preset_h0.9_d10,E,3b,0.698382,0.351715,B3b,3b,B,1,1,7,0.049969,0.518593,0.612013,0.50201,0.029071,0.371214,0.669729,0.698382,0.121342,0.494954,0.467455,0.490395,0.063472,0.6298,0.221209,0.211794,0.140057,0.520118,0.165409,0.057305
rgb_s42,gz_drop4,gz_drop4,hazard,preset_h0.9_d2,V,2,0.555744,0.205501,A3a,3a,A,0,1,2,0.053667,0.122138,0.555744,0.48992,0.02894,0.062666,0.196586,0.539103,0.124345,0.163099,0.102906,0.274277,0.0769,0.258781,0.102357,0.263329,0.182526,0.173638,0.230494,0.108605
rgb_s42,gz_drop4,gz_drop4,hazard,preset_h0.9_d5,V,3a,0.85383,0.218631,B3b,3b,B,0,1,3,0.001795,0.428197,0.068844,0.158527,0.00183,0.318773,0.638721,0.85383,0.007421,0.30865,0.270302,0.774369,0.005215,0.322419,0.014112,0.051569,0.011727,0.134555,0.000996,0.000769
rgb_s42,gz_drop4,gz_drop4,hazard,rs_h0.125_d2,V,2,0.085643,0.015415,B3b,3b,B,0,0,0,0.005086,0.004807,0.016544,0.019274,0.002546,0.001602,0.002112,0.085643,0.025359,0.004421,0.001572,0.050849,0.013467,0.006778,0.000747,0.020252,0.038328,0.004393,0.003242,0.001282
rgb_s42,gz_drop4,gz_drop4,hazard,rs_h0.125_d5,E,3a,0.039333,0.013675,B3a,3a,B,1,0,0,0.003849,0.007305,0.023882,0.015314,0.001747,0.002305,0.039333,0.038308,0.01465,0.007659,0.018998,0.033427,0.009783,0.009054,0.002262,0.005411,0.033913,0.004877,0.001059,0.000364
rgb_s42,gz_drop4_ctrl,gz_drop4,ctrl,extra_h0.3_d1.2,ctrl,1,0.502455,0.145333,A3a,3a,A,0,1,1,0.055068,0.125642,0.502455,0.261638,0.026533,0.041516,0.1296,0.391414,0.114211,0.073575,0.090492,0.254607,0.056546,0.116307,0.06484,0.160384,0.132394,0.135277,0.127969,0.046192
rgb_s42,gz_drop4_ctrl,gz_drop4,ctrl,preset_h0.3_d10,ctrl,3b,0.100482,0.041983,A3a,3a,A,0,0,0,0.015676,0.053926,0.100482,0.033258,0.008985,0.019276,0.097151,0.04381,0.048172,0.041694,0.055378,0.030022,0.031049,0.067407,0.016495,0.012905,0.090746,0.058322,0.012822,0.002077
rgb_s42,gz_drop4_ctrl,gz_drop4,ctrl,preset_h0.3_d2,ctrl,2,0.36108,0.101679,B3b,3b,B,0,0,0,0.037192,0.059263,0.350785,0.255991,0.015788,0.013131,0.0652,0.36108,0.083291,0.037491,0.040314,0.189162,0.044855,0.059249,0.022494,0.127977,0.110834,0.069483,0.058818,0.031189
rgb_s42,gz_drop4_ctrl,gz_drop4,ctrl,preset_h0.3_d5,ctrl,3a,0.268159,0.088328,C3b,3b,C,0,0,0,0.007427,0.124372,0.063121,0.062076,0.005257,0.075378,0.2638,0.260707,0.028526,0.123197,0.149005,0.268159,0.020578,0.168291,0.011344,0.031204,0.047196,0.053929,0.002037,0.000954
rgb_s42,gz_drop4_ctrl,gz_drop4,ctrl,preset_h0.9_d10,ctrl,3b,0.680728,0.356993,B3b,3b,B,1,1,8,0.052985,0.53625,0.62386,0.502805,0.032249,0.387526,0.673802,0.680728,0.12812,0.510761,0.472463,0.470063,0.069053,0.648001,0.230925,0.208496,0.14935,0.53081,0.171878,0.059742
rgb_s42,gz_drop4_ctrl,gz_drop4,ctrl,preset_h0.9_d2,ctrl,2,0.399053,0.107147,B3b,3b,B,0,0,0,0.037523,0.051128,0.367558,0.280663,0.016983,0.015225,0.058689,0.399053,0.118827,0.04218,0.024953,0.170843,0.062402,0.073526,0.013861,0.108087,0.16154,0.068695,0.046728,0.024483
rgb_s42,gz_drop4_ctrl,gz_drop4,ctrl,preset_h0.9_d5,ctrl,3a,0.830938,0.269981,B3b,3b,B,0,1,4,0.002909,0.560852,0.115061,0.167884,0.002821,0.452247,0.76386,0.830938,0.011206,0.458059,0.448274,0.766363,0.008282,0.483972,0.030426,0.064774,0.017698,0.211004,0.001932,0.001058
rgb_s42,gz_drop4_ctrl,gz_drop4,ctrl,rs_h0.125_d2,ctrl,2,0.101122,0.019295,B3b,3b,B,0,0,0,0.006552,0.006683,0.025335,0.02568,0.003272,0.002079,0.003312,0.101122,0.032105,0.006164,0.002445,0.05762,0.016889,0.009523,0.0011,0.025407,0.047866,0.006391,0.004614,0.00175
rgb_s42,gz_drop4_ctrl,gz_drop4,ctrl,rs_h0.125_d5,ctrl,3a,0.037479,0.01301,B3a,3a,B,1,0,0,0.003651,0.007096,0.022971,0.014632,0.001668,0.002192,0.037479,0.036323,0.013962,0.007138,0.017608,0.031373,0.009391,0.00857,0.00211,0.005203,0.032813,0.004638,0.001014,0.000358
rgb_s43,gz_drop1,gz_drop1,hazard,extra_h0.3_d1.2,V,1,0.51843,0.284932,D2,2,D,0,1,1,0.092384,0.438408,0.3239,0.187056,0.091721,0.461215,0.318652,0.309729,0.125576,0.436035,0.233802,0.482705,0.110577,0.51843,0.212085,0.479506,0.147702,0.433202,0.206378,0.089572
rgb_s43,gz_drop1,gz_drop1,hazard,preset_h0.3_d10,V,3b,0.038238,0.009755,B3b,3b,B,1,0,0,0.002187,0.0069,0.010666,0.024985,0.000761,0.003475,0.019194,0.038238,0.002217,0.005277,0.024705,0.027814,0.001607,0.00518,0.00603,0.004842,0.003357,0.005,0.00093,0.001734
rgb_s43,gz_drop1,gz_drop1,hazard,preset_h0.3_d2,V,2,0.362226,0.093393,C3b,3b,C,0,0,0,0.012708,0.08758,0.096091,0.042868,0.005265,0.110564,0.148838,0.184746,0.012329,0.126988,0.11469,0.362226,0.007988,0.15345,0.086351,0.145209,0.022928,0.11535,0.020712,0.010989
rgb_s43,gz_drop1,gz_drop1,hazard,preset_h0.3_d5,V,3a,0.883723,0.079139,C3b,3b,C,0,1,2,0.000151,0.006391,0.000784,0.009724,1.5e-05,0.002635,0.030414,0.611258,6.3e-05,0.002517,0.008328,0.883723,4.5e-05,0.003935,0.007441,0.013303,0.000271,0.00174,1.1e-05,2.6e-05
rgb_s43,gz_drop1,gz_drop1,hazard,preset_h0.9_d10,V,3b,0.240768,0.047728,C3b,3b,C,1,0,0,0.013449,0.047936,0.043354,0.050134,0.005473,0.039041,0.077151,0.172613,0.012444,0.028873,0.043586,0.240768,0.010029,0.0427,0.019817,0.05539,0.021593,0.025411,0.002562,0.002245
rgb_s43,gz_drop1,gz_drop1,hazard,preset_h0.9_d2,V,2,0.567281,0.148384,C3b,3b,C,0,1,2,0.010585,0.205957,0.234088,0.116027,0.005278,0.130499,0.287302,0.559161,0.007323,0.084973,0.16402,0.567281,0.008657,0.136827,0.077465,0.233522,0.016963,0.095807,0.014482,0.011459
rgb_s43,gz_drop1,gz_drop1,hazard,preset_h0.9_d5,V,3a,0.958666,0.100963,C3b,3b,C,0,1,2,0.004163,0.092049,0.006201,0.005251,0.000566,0.051227,0.08267,0.539472,0.001254,0.014079,0.005608,0.958666,0.001269,0.024448,0.013284,0.188137,0.007359,0.023474,2.5e-05,5e-05
rgb_s43,gz_drop1,gz_drop1,hazard,rs_h0.125_d2,V,2,0.100655,0.046012,B3b,3b,B,0,0,0,0.029975,0.021499,0.028052,0.069928,0.019759,0.044439,0.018275,0.100655,0.053403,0.09501,0.025776,0.065711,0.022355,0.088795,0.020006,0.03883,0.053342,0.056357,0.015276,0.052792
rgb_s43,gz_drop1,gz_drop1,hazard,rs_h0.125_d5,V,3a,0.682164,0.071784,C3b,3b,C,0,1,2,0.000163,0.00136,0.000551,0.096993,2.3e-05,0.000798,0.011047,0.593994,8e-05,0.001101,0.002974,0.682164,3.7e-05,0.000539,0.001046,0.04054,0.000226,0.000426,6e-06,0.001613
rgb_s43,gz_drop1_ctrl,gz_drop1,ctrl,extra_h0.3_d1.2,ctrl,1,0.494698,0.234214,B3b,3b,B,0,0,0,0.045083,0.252547,0.286911,0.362032,0.026471,0.159356,0.303289,0.494698,0.045443,0.186967,0.284371,0.457977,0.033033,0.231497,0.29155,0.483175,0.057843,0.209594,0.223571,0.248864
rgb_s43,gz_drop1_ctrl,gz_drop1,ctrl,preset_h0.3_d10,ctrl,3b,0.079072,0.013504,B3b,3b,B,1,0,0,0.00229,0.007735,0.007626,0.051334,0.000844,0.003707,0.0122,0.079072,0.002421,0.005801,0.012857,0.048298,0.001585,0.005642,0.004201,0.010496,0.003906,0.005713,0.000789,0.003557
rgb_s43,gz_drop1_ctrl,gz_drop1,ctrl,preset_h0.3_d2,ctrl,2,0.295016,0.086203,B3b,3b,B,0,0,0,0.021061,0.078098,0.110023,0.071301,0.008933,0.048716,0.102808,0.295016,0.026925,0.075532,0.133236,0.289281,0.014455,0.095713,0.062819,0.118247,0.029221,0.084136,0.03667,0.021863
rgb_s43,gz_drop1_ctrl,gz_drop1,ctrl,preset_h0.3_d5,ctrl,3a,0.814102,0.079188,C3b,3b,C,0,1,2,0.000126,0.005599,0.001463,0.024829,1.2e-05,0.001741,0.02022,0.69217,5.3e-05,0.001286,0.003348,0.814102,3.2e-05,0.002019,0.003778,0.011423,0.000249,0.00126,9e-06,3.6e-05
rgb_s43,gz_drop1_ctrl,gz_drop1,ctrl,preset_h0.9_d10,ctrl,3b,0.40224,0.065939,C3b,3b,C,1,0,0,0.009547,0.045418,0.025735,0.094346,0.003765,0.03698,0.071301,0.287164,0.008276,0.037446,0.038666,0.40224,0.006248,0.039623,0.020861,0.140787,0.016252,0.025979,0.001926,0.006213
rgb_s43,gz_drop1_ctrl,gz_drop1,ctrl,preset_h0.9_d2,ctrl,2,0.450079,0.150302,B3b,3b,B,0,0,0,0.022242,0.103552,0.297285,0.278762,0.015671,0.054934,0.247583,0.450079,0.027839,0.055709,0.225279,0.393993,0.020839,0.071649,0.113058,0.310933,0.02841,0.072914,0.088059,0.127258
rgb_s43,gz_drop1_ctrl,gz_drop1,ctrl,preset_h0.9_d5,ctrl,3a,0.948946,0.124641,C3b,3b,C,0,1,2,0.002537,0.178062,0.01902,0.006637,0.000283,0.065861,0.155242,0.664033,0.000592,0.022993,0.010284,0.948946,0.00057,0.04116,0.045692,0.275811,0.004527,0.050346,0.00014,8.7e-05
rgb_s43,gz_drop1_ctrl,gz_drop1,ctrl,rs_h0.125_d2,ctrl,2,0.193103,0.078792,E3b,3b,E,0,0,0,0.022206,0.037011,0.049185,0.166676,0.012015,0.074319,0.020088,0.187779,0.031414,0.170819,0.019256,0.080151,0.011472,0.15455,0.033102,0.111101,0.040669,0.118989,0.041944,0.193103
rgb_s43,gz_drop1_ctrl,gz_drop1,ctrl,rs_h0.125_d5,ctrl,3a,0.638256,0.060689,C3b,3b,C,0,1,1,0.000125,0.000878,0.000486,0.060947,1.7e-05,0.000626,0.0132,0.456099,5.8e-05,0.000807,0.003798,0.638256,2.8e-05,0.000399,0.00129,0.03481,0.000174,0.000306,6e-06,0.001475
rgb_s43,gz_drop2,gz_drop2,hazard,extra_h0.3_d1.2,V,1,0.23314,0.023539,B3b,3b,B,0,0,0,0.000986,0.002848,0.006069,0.14034,0.000452,0.000713,0.0108,0.23314,0.001334,0.001221,0.006455,0.056337,0.0008,0.000655,0.00034,0.004533,0.001232,0.000824,5e-05,0.00165
rgb_s43,gz_drop2,gz_drop2,hazard,preset_h0.3_d10,V,3b,0.059235,0.018957,B3b,3b,B,1,0,0,0.007234,0.015869,0.019369,0.039036,0.00349,0.007436,0.028819,0.059235,0.008268,0.012481,0.035742,0.051144,0.005251,0.010725,0.009922,0.02907,0.01027,0.01405,0.003189,0.008532
rgb_s43,gz_drop2,gz_drop2,hazard,preset_h0.3_d2,V,2,0.451682,0.050861,A3b,3b,A,0,0,0,0.001856,0.005018,0.005284,0.451682,0.001178,0.001414,0.003566,0.355956,0.002496,0.00304,0.002546,0.086916,0.001512,0.001423,0.000195,0.043422,0.002807,0.002477,0.000173,0.044268
rgb_s43,gz_drop2,gz_drop2,hazard,preset_h0.3_d5,V,3a,0.385835,0.027865,C3b,3b,C,0,0,0,5.4e-05,0.000168,7.1e-05,0.006934,6e-06,5.3e-05,0.00105,0.157932,2.8e-05,7.7e-05,0.001116,0.385835,1.4e-05,0.000147,0.000625,0.002769,8.5e-05,0.000231,1.2e-05,0.000101
rgb_s43,gz_drop2,gz_drop2,hazard,preset_h0.9_d10,V,3b,0.244819,0.042491,C3b,3b,C,1,0,0,0.012509,0.037542,0.022961,0.015903,0.004324,0.030235,0.067486,0.082983,0.009763,0.030413,0.045889,0.244819,0.006965,0.04642,0.034986,0.085913,0.019908,0.040553,0.006572,0.003684
rgb_s43,gz_drop2,gz_drop2,hazard,preset_h0.9_d2,V,2,0.723134,0.088936,B3b,3b,B,0,1,2,0.002958,0.015016,0.026552,0.517632,0.002809,0.004559,0.014915,0.723134,0.004692,0.007533,0.005406,0.117114,0.002704,0.004067,0.001019,0.251566,0.004964,0.005525,0.001143,0.06542
rgb_s43,gz_drop2,gz_drop2,hazard,preset_h0.9_d5,V,3a,0.894996,0.091978,C3b,3b,C,0,1,1,0.003174,0.055543,0.016636,0.012222,0.000842,0.037488,0.07006,0.328587,0.001756,0.022688,0.03103,0.894996,0.001465,0.060502,0.045236,0.164157,0.007258,0.08086,0.004231,0.000831
rgb_s43,gz_drop2,gz_drop2,hazard,rs_h0.125_d2,V,2,0.277435,0.024514,B3b,3b,B,0,0,0,0.00052,0.0007,0.001024,0.1547,0.000131,0.000185,0.00101,0.277435,0.000505,0.000316,0.000361,0.042732,0.000185,0.000174,6.5e-05,0.005931,0.000709,0.000275,1.4e-05,0.003312
rgb_s43,gz_drop2,gz_drop2,hazard,rs_h0.125_d5,V,3a,0.272112,0.022158,C3b,3b,C,0,0,0,0.000553,0.001624,0.000554,0.011328,8.4e-05,0.000601,0.002883,0.134968,0.000308,0.000885,0.002629,0.272112,0.00015,0.00121,0.002491,0.007889,0.000695,0.001369,0.000107,0.00072
rgb_s43,gz_drop2_ctrl,gz_drop2,ctrl,extra_h0.3_d1.2,ctrl,1,0.51095,0.046601,B3b,3b,B,0,1,1,0.00084,0.003725,0.008702,0.308108,0.000422,0.000755,0.011993,0.51095,0.001356,0.001189,0.00514,0.069497,0.000801,0.000474,0.000171,0.004832,0.001211,0.000583,1.5e-05,0.001263
rgb_s43,gz_drop2_ctrl,gz_drop2,ctrl,preset_h0.3_d10,ctrl,3b,0.025957,0.009409,C3b,3b,C,1,0,0,0.005312,0.006582,0.007079,0.015694,0.002395,0.004151,0.011778,0.022304,0.00544,0.006688,0.016674,0.025957,0.003506,0.006429,0.006889,0.016684,0.007583,0.008719,0.002395,0.005913
rgb_s43,gz_drop2_ctrl,gz_drop2,ctrl,preset_h0.3_d2,ctrl,2,0.468563,0.050147,B3b,3b,B,0,0,0,0.000644,0.001833,0.002281,0.39847,0.000306,0.000404,0.001891,0.468563,0.000686,0.000931,0.0013,0.059819,0.000371,0.000389,9e-05,0.038464,0.000922,0.000793,4.2e-05,0.024748
rgb_s43,gz_drop2_ctrl,gz_drop2,ctrl,preset_h0.3_d5,ctrl,3a,0.179844,0.015796,B3b,3b,B,0,0,0,5.7e-05,0.000135,9.4e-05,0.01153,7e-06,3e-05,0.000343,0.179844,4.2e-05,4.8e-05,0.000325,0.122419,1.9e-05,9.3e-05,0.000166,0.000479,9.8e-05,0.000157,7e-06,3.4e-05
rgb_s43,gz_drop2_ctrl,gz_drop2,ctrl,preset_h0.9_d10,ctrl,3b,0.154847,0.03211,C3b,3b,C,1,0,0,0.013053,0.030343,0.016774,0.006899,0.004263,0.027134,0.06399,0.029417,0.008804,0.028651,0.063614,0.154847,0.007285,0.037941,0.038176,0.04967,0.016835,0.034609,0.006925,0.002971
rgb_s43,gz_drop2_ctrl,gz_drop2,ctrl,preset_h0.9_d2,ctrl,2,0.77941,0.076838,B3b,3b,B,0,1,2,0.000562,0.005489,0.009206,0.604654,0.000379,0.000876,0.005674,0.77941,0.000819,0.002056,0.001266,0.054071,0.000444,0.000419,6.4e-05,0.050084,0.000825,0.000963,3e-05,0.019468
rgb_s43,gz_drop2_ctrl,gz_drop2,ctrl,preset_h0.9_d5,ctrl,3a,0.632964,0.054971,C3b,3b,C,0,1,1,0.002964,0.030877,0.008744,0.015466,0.000974,0.016225,0.025853,0.278703,0.00235,0.012427,0.008086,0.632964,0.001896,0.018928,0.003693,0.010279,0.005586,0.022958,0.00032,0.000129
rgb_s43,gz_drop2_ctrl,gz_drop2,ctrl,rs_h0.125_d2,ctrl,2,0.043725,0.003735,B3b,3b,B,0,0,0,0.000108,4.9e-05,6.4e-05,0.020583,2.4e-05,1.3e-05,0.000209,0.043725,0.000117,3e-05,0.000625,0.005994,3.6e-05,2.2e-05,0.000136,0.001649,0.000121,5.1e-05,7e-06,0.001145
rgb_s43,gz_drop2_ctrl,gz_drop2,ctrl,rs_h0.125_d5,ctrl,3a,0.319896,0.026961,C3b,3b,C,0,0,0,0.000433,0.000755,0.000184,0.013888,6.9e-05,0.0003,0.000955,0.189508,0.00029,0.000527,0.001052,0.319896,0.000124,0.000821,0.001137,0.007201,0.000602,0.000851,6e-05,0.000573
rgb_s43,gz_drop3,gz_drop3,hazard,extra_h0.3_d1.2,H,1,0.998733,0.461061,A3a,3a,A,0,1,9,0.000903,0.197747,0.998733,0.701656,0.000135,0.151662,0.722857,0.99733,0.000119,0.000577,0.142332,0.960122,6.8e-05,0.270867,0.76186,0.998645,0.003374,0.488507,0.977862,0.845863
rgb_s43,gz_drop3,gz_drop3,hazard,preset_h0.3_d10,H,3b,0.232522,0.062655,B3b,3b,B,1,0,0,0.008862,0.053023,0.064497,0.131093,0.004024,0.035354,0.107015,0.232522,0.009718,0.045496,0.124787,0.199946,0.007701,0.045804,0.041663,0.071624,0.015699,0.03552,0.007453,0.011301
rgb_s43,gz_drop3,gz_drop3,hazard,preset_h0.3_d2,H,2,0.987341,0.414804,C3b,3b,C,0,1,9,0.002019,0.066411,0.741016,0.86183,0.001527,0.11138,0.696806,0.966306,0.001592,0.082288,0.730317,0.987341,0.001313,0.13184,0.564481,0.948079,0.002628,0.086575,0.465718,0.846611
rgb_s43,gz_drop3,gz_drop3,hazard,preset_h0.3_d5,H,3a,0.995403,0.114121,C3b,3b,C,0,1,2,1.7e-05,0.000881,7.7e-05,0.066306,2e-06,0.000338,0.002327,0.930646,5e-06,0.000254,0.001132,0.995403,3e-06,0.00038,0.001513,0.282434,4.3e-05,0.000296,1e-06,0.000353
rgb_s43,gz_drop3,gz_drop3,hazard,preset_h0.9_d10,H,3b,0.825617,0.10874,C3b,3b,C,1,1,2,0.002549,0.022455,0.028071,0.168106,0.000755,0.019989,0.126431,0.659233,0.001942,0.015408,0.069172,0.825617,0.00158,0.013862,0.013842,0.192347,0.004637,0.006474,0.000296,0.00204
rgb_s43,gz_drop3,gz_drop3,hazard,preset_h0.9_d2,H,2,0.344432,0.114388,D3b,3b,D,0,0,0,0.013789,0.036511,0.133057,0.170575,0.011073,0.053555,0.102712,0.279327,0.01264,0.077808,0.183453,0.321863,0.009611,0.084207,0.07841,0.344432,0.014496,0.066877,0.143211,0.150157
rgb_s43,gz_drop3,gz_drop3,hazard,preset_h0.9_d5,H,3a,0.998911,0.138508,C3b,3b,C,0,1,3,0.000112,0.020728,0.00055,0.005787,8e-06,0.00499,0.010613,0.9138,1.3e-05,0.001432,0.001113,0.998911,1.2e-05,0.003547,0.004703,0.796796,0.00029,0.006654,7e-06,9.1e-05
rgb_s43,gz_drop3,gz_drop3,hazard,rs_h0.125_d2,H,2,0.306116,0.08563,C3b,3b,C,0,0,0,0.012069,0.038061,0.091353,0.134547,0.004533,0.026314,0.073601,0.289314,0.009611,0.036062,0.130394,0.306116,0.004813,0.051874,0.078563,0.208768,0.012537,0.045895,0.062697,0.095474
rgb_s43,gz_drop3,gz_drop3,hazard,rs_h0.125_d5,H,3a,0.976957,0.128122,C3b,3b,C,0,1,2,8.3e-05,0.002706,0.001624,0.287052,1.3e-05,0.00154,0.043683,0.957805,3.8e-05,0.001837,0.017008,0.976957,2.2e-05,0.000992,0.00618,0.260823,0.000139,0.00059,9e-06,0.003339
rgb_s43,gz_drop3_ctrl,gz_drop3,ctrl,extra_h0.3_d1.2,ctrl,1,0.998733,0.461061,A3a,3a,A,0,1,9,0.000903,0.197747,0.998733,0.701656,0.000135,0.151662,0.722857,0.99733,0.000119,0.000577,0.142332,0.960122,6.8e-05,0.270867,0.76186,0.998645,0.003374,0.488507,0.977862,0.845863
rgb_s43,gz_drop3_ctrl,gz_drop3,ctrl,preset_h0.3_d10,ctrl,3b,0.235026,0.067801,B3b,3b,B,1,0,0,0.009872,0.05952,0.075252,0.146004,0.004617,0.039261,0.122378,0.235026,0.010818,0.050726,0.139585,0.194039,0.008634,0.051559,0.047681,0.079112,0.017235,0.041266,0.00923,0.014204
rgb_s43,gz_drop3_ctrl,gz_drop3,ctrl,preset_h0.3_d2,ctrl,2,0.987342,0.414807,C3b,3b,C,0,1,9,0.002019,0.066414,0.741005,0.861841,0.001527,0.11139,0.696803,0.96631,0.001592,0.082299,0.730306,0.987342,0.001313,0.131855,0.564478,0.948088,0.002628,0.086587,0.465718,0.846629
rgb_s43,gz_drop3_ctrl,gz_drop3,ctrl,preset_h0.3_d5,ctrl,3a,0.994675,0.112433,C3b,3b,C,0,1,2,2e-05,0.001054,0.000112,0.071155,2e-06,0.000394,0.003186,0.929065,6e-06,0.000289,0.001396,0.994675,4e-06,0.000413,0.001694,0.244531,4.9e-05,0.000316,2e-06,0.000306
rgb_s43,gz_drop3_ctrl,gz_drop3,ctrl,preset_h0.9_d10,ctrl,3b,0.83257,0.115661,C3b,3b,C,1,1,2,0.002742,0.026166,0.034182,0.186402,0.000776,0.024058,0.171746,0.669483,0.002054,0.019725,0.090644,0.83257,0.001681,0.01574,0.01873,0.200702,0.005031,0.007933,0.00032,0.002544
rgb_s43,gz_drop3_ctrl,gz_drop3,ctrl,preset_h0.9_d2,ctrl,2,0.344523,0.114018,D3b,3b,D,0,0,0,0.013608,0.035832,0.133841,0.171718,0.010922,0.052765,0.102252,0.279512,0.012473,0.076636,0.18065,0.318688,0.00944,0.082828,0.078396,0.344523,0.014308,0.066126,0.143668,0.152179
rgb_s43,gz_drop3_ctrl,gz_drop3,ctrl,preset_h0.9_d5,ctrl,3a,0.998661,0.138249,C3b,3b,C,0,1,3,0.000154,0.032158,0.001056,0.007173,1.1e-05,0.007434,0.018314,0.919644,1.9e-05,0.002154,0.001721,0.998661,1.9e-05,0.005082,0.007152,0.754361,0.000395,0.009378,1e-05,8.3e-05
rgb_s43,gz_drop3_ctrl,gz_drop3,ctrl,rs_h0.125_d2,ctrl,2,0.306148,0.085636,C3b,3b,C,0,0,0,0.01207,0.038064,0.091355,0.134557,0.004534,0.026316,0.0736,0.289314,0.009612,0.036066,0.130389,0.306148,0.004813,0.05188,0.078567,0.208781,0.012538,0.045904,0.062712,0.09549
rgb_s43,gz_drop3_ctrl,gz_drop3,ctrl,rs_h0.125_d5,ctrl,3a,0.967479,0.124073,C3b,3b,C,0,1,2,9.1e-05,0.002837,0.002155,0.28227,1.5e-05,0.001602,0.049669,0.948895,4.4e-05,0.001818,0.016725,0.967479,2.5e-05,0.000936,0.005585,0.197794,0.000148,0.000563,9e-06,0.002791
rgb_s43,gz_drop4,gz_drop4,hazard,extra_h0.3_d1.2,V,1,0.688724,0.332962,A3a,3a,A,0,1,5,0.117104,0.339952,0.688724,0.509056,0.141217,0.190408,0.377305,0.565894,0.188668,0.124137,0.326528,0.365015,0.164998,0.222971,0.378852,0.675803,0.128863,0.259568,0.547192,0.346977
rgb_s43,gz_drop4,gz_drop4,hazard,preset_h0.3_d10,E,3b,0.066525,0.009781,B3b,3b,B,1,0,0,0.001483,0.004151,0.004024,0.038967,0.000517,0.001897,0.005266,0.066525,0.001598,0.002853,0.005685,0.041762,0.000967,0.0029,0.001843,0.007098,0.002621,0.002902,0.000389,0.002168
rgb_s43,gz_drop4,gz_drop4,hazard,preset_h0.3_d2,V,2,0.588163,0.258474,C3a,3a,C,0,1,4,0.00831,0.07184,0.453335,0.486821,0.00425,0.054479,0.5089,0.575935,0.008149,0.074932,0.588163,0.442237,0.005938,0.079837,0.469894,0.510696,0.012598,0.087493,0.332741,0.39294
rgb_s43,gz_drop4,gz_drop4,hazard,preset_h0.3_d5,V,3a,0.861291,0.074975,C3b,3b,C,0,1,2,3.6e-05,0.000833,9.9e-05,0.015817,3e-06,0.000354,0.001376,0.592455,1.3e-05,0.000292,0.000263,0.861291,6e-06,0.000452,0.000512,0.025252,7.8e-05,0.000286,2e-06,7.3e-05
rgb_s43,gz_drop4,gz_drop4,hazard,preset_h0.9_d10,E,3b,0.705136,0.088206,C3b,3b,C,1,1,1,0.003461,0.021294,0.014317,0.136812,0.001177,0.018998,0.060641,0.483499,0.002743,0.017469,0.036272,0.705136,0.002054,0.015221,0.010281,0.215303,0.005783,0.00856,0.000443,0.004665
rgb_s43,gz_drop4,gz_drop4,hazard,preset_h0.9_d2,V,2,0.374724,0.199997,B3b,3b,B,0,0,0,0.112766,0.289666,0.191566,0.288986,0.14963,0.201191,0.174264,0.374724,0.215433,0.24962,0.186789,0.251027,0.208734,0.23548,0.083802,0.268139,0.175147,0.187328,0.062477,0.093172
rgb_s43,gz_drop4,gz_drop4,hazard,preset_h0.9_d5,V,3a,0.994683,0.121219,C3b,3b,C,0,1,2,7.6e-05,0.004691,0.0001,0.011314,6e-06,0.000921,0.00093,0.914667,1.3e-05,0.000277,6.5e-05,0.994683,8e-06,0.000569,0.000222,0.49463,0.000143,0.001025,0.0,4.6e-05
rgb_s43,gz_drop4,gz_drop4,hazard,rs_h0.125_d2,V,2,0.202305,0.084011,B3b,3b,B,0,0,0,0.040754,0.078594,0.128414,0.162103,0.023147,0.050835,0.048392,0.202305,0.056492,0.064138,0.055222,0.101939,0.031066,0.088214,0.052911,0.112265,0.064229,0.102419,0.10587,0.110908
rgb_s43,gz_drop4,gz_drop4,hazard,rs_h0.125_d5,E,3a,0.620724,0.046574,C3b,3b,C,0,1,1,9.3e-05,0.000403,0.000166,0.018713,1.3e-05,0.000374,0.007041,0.223077,3.7e-05,0.000495,0.003015,0.620724,1.8e-05,0.000289,0.001535,0.052834,0.00013,0.000234,8e-06,0.002286
rgb_s43,gz_drop4_ctrl,gz_drop4,ctrl,extra_h0.3_d1.2,ctrl,1,0.685264,0.287204,D3b,3b,D,0,1,3,0.124482,0.284717,0.615363,0.452159,0.124714,0.128825,0.244105,0.630315,0.202979,0.080383,0.148466,0.470515,0.149814,0.176352,0.207841,0.685264,0.148394,0.219267,0.386129,0.263986
rgb_s43,gz_drop4_ctrl,gz_drop4,ctrl,preset_h0.3_d10,ctrl,3b,0.084644,0.014734,B3b,3b,B,1,0,0,0.002554,0.009162,0.009079,0.054557,0.000957,0.004334,0.014266,0.084644,0.002736,0.006765,0.015429,0.050734,0.001826,0.006611,0.004973,0.010729,0.004369,0.006517,0.000921,0.003517
rgb_s43,gz_drop4_ctrl,gz_drop4,ctrl,preset_h0.3_d2,ctrl,2,0.443168,0.204733,B3b,3b,B,0,0,0,0.021109,0.129565,0.308628,0.361128,0.009272,0.097274,0.34111,0.443168,0.01897,0.148674,0.372698,0.351466,0.012022,0.148601,0.281698,0.375133,0.025691,0.150155,0.230265,0.268042
rgb_s43,gz_drop4_ctrl,gz_drop4,ctrl,preset_h0.3_d5,ctrl,3a,0.842724,0.073508,C3b,3b,C,0,1,2,5.2e-05,0.001338,0.000202,0.016485,5e-06,0.000549,0.0034,0.582347,1.9e-05,0.000451,0.000589,0.842724,1e-05,0.000683,0.001052,0.019656,0.000109,0.00043,3e-06,6.5e-05
rgb_s43,gz_drop4_ctrl,gz_drop4,ctrl,preset_h0.9_d10,ctrl,3b,0.546184,0.080747,C3b,3b,C,1,1,1,0.0061,0.035295,0.031739,0.102287,0.002079,0.038606,0.148445,0.313054,0.004732,0.037283,0.085491,0.546184,0.003898,0.031472,0.028812,0.16466,0.010151,0.017577,0.001245,0.005822
rgb_s43,gz_drop4_ctrl,gz_drop4,ctrl,preset_h0.9_d2,ctrl,2,0.29612,0.112164,B3b,3b,B,0,0,0,0.040394,0.121294,0.131472,0.178511,0.028099,0.072817,0.144991,0.29612,0.052605,0.103668,0.14802,0.231647,0.041148,0.110065,0.087692,0.179553,0.056608,0.093835,0.048772,0.075969
rgb_s43,gz_drop4_ctrl,gz_drop4,ctrl,preset_h0.9_d5,ctrl,3a,0.961145,0.09406,C3b,3b,C,0,1,2,0.000471,0.024454,0.00102,0.003993,3.7e-05,0.005886,0.008641,0.714498,0.0001,0.001952,0.000504,0.961145,7.4e-05,0.003976,0.001952,0.146207,0.000893,0.005381,5e-06,1.8e-05
rgb_s43,gz_drop4_ctrl,gz_drop4,ctrl,rs_h0.125_d2,ctrl,2,0.17189,0.064447,B3b,3b,B,0,0,0,0.031736,0.057967,0.076141,0.142747,0.016752,0.034294,0.0327,0.17189,0.042666,0.048525,0.035475,0.09272,0.022567,0.060265,0.034187,0.095387,0.049415,0.078886,0.062948,0.101663
rgb_s43,gz_drop4_ctrl,gz_drop4,ctrl,rs_h0.125_d5,ctrl,3a,0.616857,0.049209,C3b,3b,C,0,1,1,0.000109,0.000554,0.00029,0.027783,1.5e-05,0.000504,0.011125,0.273551,4.6e-05,0.000639,0.004002,0.616857,2.3e-05,0.000348,0.001762,0.044263,0.000155,0.00026,7e-06,0.001892
rgb_s44,gz_drop1,gz_drop1,hazard,extra_h0.3_d1.2,V,1,0.001214,0.000452,B3a,3a,B,0,0,0,0.000772,0.000256,0.000802,4.7e-05,0.00014,0.000581,0.001214,2.6e-05,0.000164,0.000334,0.000851,0.001069,0.000185,0.000108,0.000668,0.000605,0.000326,6.8e-05,0.000645,0.000172
rgb_s44,gz_drop1,gz_drop1,hazard,preset_h0.3_d10,V,3b,0.290609,0.087806,C3a,3a,C,0,0,0,0.007043,0.066049,0.048032,0.000421,0.001189,0.249618,0.263314,0.005915,0.00103,0.228665,0.290609,0.00691,0.001657,0.195573,0.280559,0.00077,0.001611,0.057937,0.048713,0.000498
rgb_s44,gz_drop1,gz_drop1,hazard,preset_h0.3_d2,V,2,0.006767,0.001353,A1,1,A,0,0,0,0.006767,0.001042,0.000983,7e-05,0.002204,0.001723,0.000487,6.1e-05,0.002332,0.001837,0.000752,0.000798,0.002603,0.000518,0.000539,0.000148,0.00294,0.000556,0.000539,0.000159
rgb_s44,gz_drop1,gz_drop1,hazard,preset_h0.3_d5,V,3a,0.079335,0.006797,B3a,3a,B,1,0,0,5.4e-05,0.003851,0.000386,2.3e-05,6e-06,0.000565,0.079335,0.000662,7e-06,0.000453,0.002956,0.00271,1.2e-05,0.000648,0.043065,8.9e-05,3.8e-05,0.001044,2e-05,8e-06
rgb_s44,gz_drop1,gz_drop1,hazard,preset_h0.9_d10,V,3b,0.968042,0.390067,D3a,3a,D,0,1,8,0.003934,0.159132,0.098841,0.015893,0.00062,0.79003,0.869929,0.502758,0.000556,0.952345,0.963397,0.440977,0.001148,0.901641,0.968042,0.054099,0.001194,0.430091,0.618803,0.027919
rgb_s44,gz_drop1,gz_drop1,hazard,preset_h0.9_d2,V,2,6.1e-05,1.5e-05,A1,1,A,0,0,0,6.1e-05,1e-05,3.7e-05,7e-06,1.3e-05,2.6e-05,6e-06,4e-06,1.8e-05,1.7e-05,5e-06,1.8e-05,1.6e-05,3e-06,2e-06,1e-06,5.3e-05,4e-06,3e-06,4e-06
rgb_s44,gz_drop1,gz_drop1,hazard,preset_h0.9_d5,V,3a,0.241575,0.030548,B3a,3a,B,1,0,0,0.001866,0.029499,0.000631,0.000223,0.000778,0.016175,0.241575,0.086627,0.000627,0.025737,0.007561,0.139762,0.001336,0.03059,0.008971,0.00089,0.002601,0.015318,0.000148,4e-05
rgb_s44,gz_drop1,gz_drop1,hazard,rs_h0.125_d2,V,2,0.001643,0.000385,B3a,3a,B,0,0,0,0.001209,0.000288,0.000418,0.000162,0.000248,0.000213,0.001643,0.000135,0.0003,0.000114,0.00142,3.7e-05,0.000488,4.1e-05,0.000168,2.5e-05,0.000638,5e-05,4.1e-05,7.2e-05
rgb_s44,gz_drop1,gz_drop1,hazard,rs_h0.125_d5,V,3a,0.006407,0.001914,B3b,3b,B,0,0,0,0.001394,0.004464,0.002418,0.003296,0.000382,0.001999,0.004345,0.006407,0.000543,0.00102,0.000838,0.004645,0.000676,0.000699,0.001665,0.000638,0.000842,0.001637,8.6e-05,0.000295
rgb_s44,gz_drop1_ctrl,gz_drop1,ctrl,extra_h0.3_d1.2,ctrl,1,0.012344,0.001706,C3a,3a,C,0,0,0,0.002473,0.000618,0.005256,4.2e-05,0.000434,0.001018,0.003994,1.6e-05,0.000652,0.000322,0.012344,3.2e-05,0.000806,0.000159,0.002437,9e-06,0.001195,0.000145,0.002121,3.8e-05
rgb_s44,gz_drop1_ctrl,gz_drop1,ctrl,preset_h0.3_d10,ctrl,3b,0.455414,0.141372,C3a,3a,C,0,0,0,0.008662,0.106541,0.087674,0.000912,0.001509,0.387308,0.414725,0.012283,0.001324,0.35698,0.455414,0.011924,0.002115,0.325904,0.452949,0.001522,0.001959,0.099529,0.097131,0.001069
rgb_s44,gz_drop1_ctrl,gz_drop1,ctrl,preset_h0.3_d2,ctrl,2,0.004622,0.000859,A1,1,A,0,0,0,0.004622,0.000615,0.000523,4e-05,0.001713,0.000676,0.000227,3.2e-05,0.001871,0.000526,0.000954,0.00011,0.001989,0.000177,0.000305,2.5e-05,0.002186,0.000275,0.000247,7.1e-05
rgb_s44,gz_drop1_ctrl,gz_drop1,ctrl,preset_h0.3_d5,ctrl,3a,0.08391,0.007968,B3a,3a,B,1,0,0,8.8e-05,0.007139,0.000704,3.9e-05,1.1e-05,0.000876,0.08391,0.001044,1.2e-05,0.00068,0.002776,0.004405,1.9e-05,0.001104,0.054058,0.000163,5.9e-05,0.002223,4e-05,1.5e-05
rgb_s44,gz_drop1_ctrl,gz_drop1,ctrl,preset_h0.9_d10,ctrl,3b,0.988062,0.44824,C3a,3a,C,0,1,9,0.003593,0.245841,0.185008,0.059208,0.000625,0.859393,0.960623,0.768478,0.000554,0.962726,0.988062,0.563386,0.001129,0.935484,0.986624,0.114464,0.001038,0.490861,0.745552,0.092161
rgb_s44,gz_drop1_ctrl,gz_drop1,ctrl,preset_h0.9_d2,ctrl,2,0.004157,0.00104,C3a,3a,C,0,0,0,0.002968,0.001054,0.002792,5e-05,0.000681,0.001264,0.001051,3.5e-05,0.00119,0.000956,0.004157,4e-05,0.001246,0.000255,0.000495,1.5e-05,0.001724,0.000265,0.000519,5.1e-05
rgb_s44,gz_drop1_ctrl,gz_drop1,ctrl,preset_h0.9_d5,ctrl,3a,0.491011,0.046603,B3a,3a,B,1,0,0,0.002085,0.060958,0.001156,0.000176,0.000596,0.02629,0.491011,0.056661,0.000571,0.046899,0.04799,0.044269,0.001179,0.056328,0.064275,0.000697,0.0021,0.028317,0.000457,4.9e-05
rgb_s44,gz_drop1_ctrl,gz_drop1,ctrl,rs_h0.125_d2,ctrl,2,0.001918,0.000402,A1,1,A,0,0,0,0.001918,0.000536,0.000447,0.000153,0.000488,0.000403,0.000539,0.000147,0.000541,0.000197,0.000351,7.9e-05,0.000793,8.4e-05,0.000104,3.7e-05,0.00096,0.000127,5.7e-05,8.6e-05
rgb_s44,gz_drop1_ctrl,gz_drop1,ctrl,rs_h0.125_d5,ctrl,3a,0.006947,0.002174,B3b,3b,B,0,0,0,0.001428,0.004829,0.002994,0.003307,0.000378,0.002276,0.005017,0.006947,0.000545,0.001122,0.001088,0.005842,0.000662,0.000848,0.002236,0.000756,0.000876,0.001914,0.000114,0.000297
rgb_s44,gz_drop2,gz_drop2,hazard,extra_h0.3_d1.2,V,1,0.000418,7.4e-05,C3a,3a,C,0,0,0,0.000252,5e-05,2.6e-05,4e-06,3.3e-05,4.2e-05,0.000224,1e-05,4.5e-05,5.8e-05,0.000418,1.5e-05,5.1e-05,1.8e-05,9.2e-05,3e-06,0.000122,1.4e-05,9e-06,3e-06
rgb_s44,gz_drop2,gz_drop2,hazard,preset_h0.3_d10,V,3b,0.003963,0.001266,A1,1,A,0,0,0,0.003963,0.003167,0.001459,1.3e-05,0.000782,0.002701,0.002294,4.9e-05,0.000749,0.001784,0.001372,0.00025,0.00099,0.00097,0.001121,3.9e-05,0.001273,0.001449,0.00086,3e-05
rgb_s44,gz_drop2,gz_drop2,hazard,preset_h0.3_d2,V,2,0.075297,0.022165,A1,1,A,0,0,0,0.075297,0.033067,0.031564,0.000659,0.020911,0.034527,0.007317,0.001,0.022687,0.041009,0.01003,0.000588,0.023622,0.025021,0.015788,0.000138,0.016211,0.031392,0.052015,0.000466
rgb_s44,gz_drop2,gz_drop2,hazard,preset_h0.3_d5,V,3a,0.010017,0.000731,B3a,3a,B,1,0,0,6.7e-05,0.000198,3e-05,0.000139,1e-05,5.9e-05,0.010017,0.000522,1.4e-05,5.6e-05,0.00226,0.000317,1.8e-05,4.1e-05,0.000617,4.9e-05,4.9e-05,6.9e-05,1.3e-05,6.6e-05
rgb_s44,gz_drop2,gz_drop2,hazard,preset_h0.9_d10,V,3b,0.035445,0.012096,B3a,3a,B,0,0,0,0.009314,0.00983,0.006127,0.000901,0.0022,0.01179,0.035445,0.017162,0.002603,0.025737,0.024537,0.030992,0.00381,0.0094,0.020103,0.001435,0.004479,0.012299,0.013354,0.000411
rgb_s44,gz_drop2,gz_drop2,hazard,preset_h0.9_d2,V,2,0.001063,0.000338,A3b,3b,A,0,0,0,0.000884,0.000344,0.000576,0.001063,0.00021,0.000236,0.00065,0.000925,0.000327,0.00021,0.000158,7.4e-05,0.000466,5.4e-05,3.2e-05,8e-06,0.000406,5.8e-05,2.8e-05,4.6e-05
rgb_s44,gz_drop2,gz_drop2,hazard,preset_h0.9_d5,V,3a,0.085353,0.004855,B3a,3a,B,1,0,0,0.00137,0.00039,3.1e-05,0.000378,0.000357,0.000366,0.085353,0.001843,0.000373,0.000893,0.002425,0.000629,0.00074,0.000387,0.000114,2.7e-05,0.000645,0.000423,0.000132,0.000219
rgb_s44,gz_drop2,gz_drop2,hazard,rs_h0.125_d2,V,2,0.00039,8.1e-05,A1,1,A,0,0,0,0.00039,3.2e-05,5e-05,4e-06,8.2e-05,3.8e-05,0.000109,2e-06,0.000105,4.6e-05,0.000254,5e-06,0.000136,2e-05,5.2e-05,5e-06,0.000257,2.2e-05,6e-06,8e-06
rgb_s44,gz_drop2,gz_drop2,hazard,rs_h0.125_d5,V,3a,0.001256,0.000261,A1,1,A,0,0,0,0.001256,0.000365,0.000101,4.3e-05,0.00035,0.000254,0.000218,3.7e-05,0.000388,0.000201,0.000215,8e-05,0.000387,0.000142,0.000128,7.1e-05,0.000657,0.000226,2.8e-05,8.1e-05
rgb_s44,gz_drop2_ctrl,gz_drop2,ctrl,extra_h0.3_d1.2,ctrl,1,0.000516,7.7e-05,C3a,3a,C,0,0,0,0.000237,6.2e-05,2.9e-05,2e-06,3.3e-05,4.5e-05,0.000258,6e-06,4.4e-05,4.7e-05,0.000516,9e-06,5.1e-05,1.3e-05,7.1e-05,2e-06,0.000101,8e-06,3e-06,2e-06
rgb_s44,gz_drop2_ctrl,gz_drop2,ctrl,preset_h0.3_d10,ctrl,3b,0.005167,0.001754,A1,1,A,0,0,0,0.005167,0.004236,0.002666,1.7e-05,0.001033,0.004172,0.003793,3.6e-05,0.00095,0.002487,0.002551,9.7e-05,0.001364,0.001317,0.001098,2.3e-05,0.001548,0.00144,0.001062,3.2e-05
rgb_s44,gz_drop2_ctrl,gz_drop2,ctrl,preset_h0.3_d2,ctrl,2,0.018317,0.004001,A1,1,A,0,0,0,0.018317,0.005414,0.002983,4.6e-05,0.00499,0.005872,0.001515,6.8e-05,0.005446,0.007986,0.002955,0.000105,0.005599,0.003512,0.002885,2.2e-05,0.004202,0.004542,0.00349,7.3e-05
rgb_s44,gz_drop2_ctrl,gz_drop2,ctrl,preset_h0.3_d5,ctrl,3a,0.006157,0.000471,B3a,3a,B,1,0,0,0.000116,0.000286,3.6e-05,0.0001,2e-05,8e-05,0.006157,0.000282,2.3e-05,6e-05,0.001303,0.000124,3.2e-05,5.1e-05,0.00049,2.8e-05,7e-05,9.2e-05,1.2e-05,6.3e-05
rgb_s44,gz_drop2_ctrl,gz_drop2,ctrl,preset_h0.9_d10,ctrl,3b,0.07371,0.025034,B3a,3a,B,0,0,0,0.014294,0.017577,0.0066,0.001031,0.003428,0.028474,0.07371,0.030159,0.003638,0.051322,0.064552,0.048524,0.005092,0.027178,0.047597,0.002383,0.006164,0.027044,0.041249,0.000667
rgb_s44,gz_drop2_ctrl,gz_drop2,ctrl,preset_h0.9_d2,ctrl,2,0.00152,0.000427,A1,1,A,0,0,0,0.00152,0.000587,0.000463,0.000165,0.000476,0.00047,0.000896,0.00017,0.000582,0.000339,0.00094,3.4e-05,0.00088,0.000122,0.000144,4e-06,0.000595,9.4e-05,4.3e-05,2.1e-05
rgb_s44,gz_drop2_ctrl,gz_drop2,ctrl,preset_h0.9_d5,ctrl,3a,0.019029,0.001395,B3a,3a,B,1,0,0,0.001795,0.000428,4e-05,0.000155,0.000478,0.000393,0.019029,0.000463,0.000443,0.00059,0.001113,0.000213,0.000883,0.00033,0.000104,1.4e-05,0.000901,0.000327,0.000123,7.7e-05
rgb_s44,gz_drop2_ctrl,gz_drop2,ctrl,rs_h0.125_d2,ctrl,2,0.000634,0.000107,A1,1,A,0,0,0,0.000634,8.3e-05,5.1e-05,2e-06,0.00017,9e-05,4.5e-05,2e-06,0.00018,8.3e-05,6.2e-05,1e-05,0.000226,4e-05,2.8e-05,9e-06,0.000358,5e-05,7e-06,6e-06
rgb_s44,gz_drop2_ctrl,gz_drop2,ctrl,rs_h0.125_d5,ctrl,3a,0.001253,0.000312,A1,1,A,0,0,0,0.001253,0.000546,8.3e-05,0.000472,0.000497,0.000261,0.000103,0.000397,0.000579,0.000185,2.9e-05,8.4e-05,0.000728,7.2e-05,1.5e-05,3.7e-05,0.000704,0.000136,2e-06,5.9e-05
rgb_s44,gz_drop3,gz_drop3,hazard,extra_h0.3_d1.2,H,1,0.999512,0.410728,C3b,3b,C,0,1,9,3e-06,1e-06,0.451569,0.998498,1e-06,1e-06,0.634076,0.999434,2e-06,1e-06,0.996799,0.999512,3e-06,0.000673,0.628104,0.993968,0.000116,0.001298,0.948034,0.562459
rgb_s44,gz_drop3,gz_drop3,hazard,preset_h0.3_d10,H,3b,0.184183,0.051647,D3a,3a,D,0,0,0,0.009018,0.044275,0.036098,0.000352,0.001765,0.140409,0.127361,0.00405,0.001598,0.119215,0.181535,0.006998,0.002461,0.094647,0.184183,0.000819,0.00231,0.038748,0.036668,0.000426
rgb_s44,gz_drop3,gz_drop3,hazard,preset_h0.3_d2,H,2,0.955045,0.195491,B3b,3b,B,0,1,4,9.3e-05,0.000159,0.135026,0.582125,0.000126,0.000143,0.030845,0.955045,0.000144,5.4e-05,0.233147,0.918038,0.000117,0.001169,0.010794,0.831624,0.000474,0.002466,0.101735,0.106489
rgb_s44,gz_drop3,gz_drop3,hazard,preset_h0.3_d5,H,3a,0.227541,0.025447,D3a,3a,D,1,0,0,0.000131,0.011186,0.003318,0.000221,2e-05,0.001411,0.22003,0.006728,2.1e-05,0.000914,0.009391,0.021253,3.1e-05,0.001507,0.227541,0.000859,7.4e-05,0.003883,0.000341,8.2e-05
rgb_s44,gz_drop3,gz_drop3,hazard,preset_h0.9_d10,H,3b,0.969771,0.376491,D3a,3a,D,0,1,7,0.003754,0.113313,0.098571,0.019017,0.000569,0.767486,0.864297,0.475567,0.00052,0.941461,0.968146,0.369922,0.001145,0.881782,0.969771,0.056527,0.001035,0.326925,0.635861,0.034144
rgb_s44,gz_drop3,gz_drop3,hazard,preset_h0.9_d2,H,2,0.102322,0.008241,C3a,3a,C,0,0,0,0.003941,0.000555,0.012362,0.000862,0.003247,0.002316,0.007241,0.000592,0.004308,0.002865,0.102322,0.000947,0.005608,0.002745,0.00287,0.000311,0.005363,0.001707,0.00375,0.000913
rgb_s44,gz_drop3,gz_drop3,hazard,preset_h0.9_d5,H,3a,0.528219,0.092882,C3b,3b,C,0,1,1,0.001772,0.037786,0.000815,0.001466,0.000539,0.009332,0.45347,0.445042,0.000472,0.015193,0.097304,0.528219,0.000762,0.022554,0.162819,0.058815,0.001421,0.015843,0.002526,0.001495
rgb_s44,gz_drop3,gz_drop3,hazard,rs_h0.125_d2,H,2,0.059421,0.009685,A3a,3a,A,0,0,0,0.001712,0.000818,0.059421,0.005306,0.000474,0.001757,0.009904,0.003973,0.000848,0.000951,0.054025,0.005733,0.000882,0.003297,0.007391,0.001343,0.002246,0.004166,0.02818,0.00128
rgb_s44,gz_drop3,gz_drop3,hazard,rs_h0.125_d5,H,3a,0.024696,0.005739,B3b,3b,B,0,0,0,0.00101,0.005758,0.007812,0.011359,0.00024,0.002476,0.011848,0.024696,0.000379,0.001251,0.003488,0.019741,0.000413,0.001095,0.013396,0.004547,0.00056,0.002729,0.000646,0.001338
rgb_s44,gz_drop3_ctrl,gz_drop3,ctrl,extra_h0.3_d1.2,ctrl,1,0.999512,0.410728,C3b,3b,C,0,1,9,3e-06,1e-06,0.451569,0.998498,1e-06,1e-06,0.634076,0.999434,2e-06,1e-06,0.996799,0.999512,3e-06,0.000673,0.628104,0.993968,0.000116,0.001298,0.948034,0.562459
rgb_s44,gz_drop3_ctrl,gz_drop3,ctrl,preset_h0.3_d10,ctrl,3b,0.199225,0.055341,C3a,3a,C,0,0,0,0.009277,0.050845,0.047761,0.000507,0.001859,0.147928,0.157751,0.004552,0.001694,0.113062,0.199225,0.005975,0.002645,0.094215,0.185436,0.000791,0.002419,0.039801,0.040558,0.000527
rgb_s44,gz_drop3_ctrl,gz_drop3,ctrl,preset_h0.3_d2,ctrl,2,0.955049,0.195494,B3b,3b,B,0,1,4,9.3e-05,0.000159,0.135041,0.582196,0.000126,0.000143,0.030846,0.955049,0.000145,5.4e-05,0.233123,0.918038,0.000117,0.001169,0.010791,0.831622,0.000474,0.002466,0.101724,0.106512
rgb_s44,gz_drop3_ctrl,gz_drop3,ctrl,preset_h0.3_d5,ctrl,3a,0.231732,0.024456,D3a,3a,D,1,0,0,0.000121,0.010223,0.00275,0.000157,1.8e-05,0.001322,0.20187,0.004978,1.9e-05,0.000894,0.00925,0.019167,2.7e-05,0.001491,0.231732,0.000862,6.7e-05,0.003786,0.000322,7.2e-05
rgb_s44,gz_drop3_ctrl,gz_drop3,ctrl,preset_h0.9_d10,ctrl,3b,0.977114,0.399135,D3a,3a,D,0,1,8,0.003562,0.14593,0.137796,0.038933,0.000588,0.756581,0.910488,0.609238,0.000529,0.931892,0.97479,0.407213,0.001116,0.879574,0.977114,0.082893,0.000942,0.35835,0.697688,0.067491
rgb_s44,gz_drop3_ctrl,gz_drop3,ctrl,preset_h0.9_d2,ctrl,2,0.10025,0.008002,C3a,3a,C,0,0,0,0.003818,0.000533,0.011704,0.000791,0.003118,0.002217,0.00708,0.000543,0.004122,0.002735,0.10025,0.000871,0.005407,0.002628,0.002763,0.00029,0.005175,0.001628,0.003523,0.000847
rgb_s44,gz_drop3_ctrl,gz_drop3,ctrl,preset_h0.9_d5,ctrl,3a,0.438692,0.078981,B3a,3a,B,1,0,0,0.001978,0.046311,0.001266,0.001292,0.00063,0.011697,0.438692,0.37285,0.000554,0.017317,0.082045,0.38584,0.000905,0.024429,0.143629,0.02769,0.001598,0.017955,0.002088,0.000857
rgb_s44,gz_drop3_ctrl,gz_drop3,ctrl,rs_h0.125_d2,ctrl,2,0.059402,0.009683,A3a,3a,A,0,0,0,0.001712,0.000818,0.059402,0.005306,0.000474,0.001757,0.009903,0.003974,0.000847,0.00095,0.054015,0.005734,0.000882,0.003297,0.00739,0.001343,0.002246,0.004165,0.028172,0.00128
rgb_s44,gz_drop3_ctrl,gz_drop3,ctrl,rs_h0.125_d5,ctrl,3a,0.020699,0.004942,B3b,3b,B,0,0,0,0.000953,0.00528,0.006234,0.009523,0.000228,0.002261,0.009962,0.020699,0.000354,0.001173,0.003072,0.016836,0.000384,0.00102,0.011868,0.004132,0.000521,0.002539,0.000559,0.001249
rgb_s44,gz_drop4,gz_drop4,hazard,extra_h0.3_d1.2,V,1,0.002578,0.000326,A1,1,A,1,0,0,0.002578,0.000144,0.00012,1e-06,0.000605,0.000285,9e-05,0.0,0.000488,0.000191,0.000116,0.0,0.000876,9.9e-05,0.000243,0.0,0.000375,0.000101,0.000211,3e-06
rgb_s44,gz_drop4,gz_drop4,hazard,preset_h0.3_d10,E,3b,0.33507,0.096566,C2,2,C,0,0,0,0.006264,0.058804,0.034917,0.000205,0.000988,0.329947,0.221231,0.003836,0.000852,0.33507,0.266622,0.007735,0.001417,0.270714,0.284163,0.000764,0.001447,0.063873,0.042159,0.000313
rgb_s44,gz_drop4,gz_drop4,hazard,preset_h0.3_d2,V,2,0.012829,0.002385,C3a,3a,C,0,0,0,0.008284,0.000637,0.002466,3.5e-05,0.001752,0.001401,0.001612,1.3e-05,0.002147,0.001242,0.012829,0.000108,0.00244,0.000531,0.004998,2.1e-05,0.002953,0.000427,0.003719,9.4e-05
rgb_s44,gz_drop4,gz_drop4,hazard,preset_h0.3_d5,V,3a,0.032536,0.003206,D3a,3a,D,1,0,0,4.5e-05,0.002041,0.000132,3e-06,5e-06,0.000406,0.0225,0.000205,5e-06,0.00038,0.001237,0.003092,8e-06,0.00054,0.032536,8.3e-05,3e-05,0.000859,1.7e-05,3e-06
rgb_s44,gz_drop4,gz_drop4,hazard,preset_h0.9_d10,E,3b,0.986568,0.429697,C3a,3a,C,0,1,8,0.003558,0.189823,0.153549,0.046873,0.000534,0.862201,0.950887,0.713385,0.000494,0.964543,0.986568,0.493944,0.001102,0.937928,0.983191,0.088235,0.001017,0.426531,0.719356,0.070224
rgb_s44,gz_drop4,gz_drop4,hazard,preset_h0.9_d2,V,2,0.015126,0.003419,A1,1,A,0,0,0,0.015126,0.001204,0.002843,0.000139,0.004539,0.002211,0.003672,3.5e-05,0.006948,0.002463,0.010469,4.2e-05,0.008674,0.00079,0.001757,1e-05,0.00589,0.000541,0.00086,0.000164
rgb_s44,gz_drop4,gz_drop4,hazard,preset_h0.9_d5,V,3a,0.130384,0.010754,C3b,3b,C,0,0,0,0.000389,0.007232,4.3e-05,1e-05,0.000123,0.003815,0.024219,0.020893,9e-05,0.008365,0.001608,0.130384,0.000162,0.008794,0.003549,0.000912,0.000526,0.00395,1.9e-05,5e-06
rgb_s44,gz_drop4,gz_drop4,hazard,rs_h0.125_d2,V,2,0.044685,0.005755,A3a,3a,A,0,0,0,0.009535,0.004096,0.044685,0.000171,0.002074,0.004975,0.012626,0.00014,0.002618,0.001844,0.012811,0.00029,0.004248,0.001485,0.003169,5.2e-05,0.004709,0.001525,0.003966,8.8e-05
rgb_s44,gz_drop4,gz_drop4,hazard,rs_h0.125_d5,E,3a,0.008422,0.002405,B3b,3b,B,0,0,0,0.001629,0.005074,0.002735,0.003655,0.000436,0.002477,0.004624,0.008422,0.000619,0.001298,0.001015,0.007648,0.000741,0.000949,0.002357,0.000887,0.000952,0.002091,0.000135,0.000348
rgb_s44,gz_drop4_ctrl,gz_drop4,ctrl,extra_h0.3_d1.2,ctrl,1,0.022039,0.00487,A1,1,A,1,0,0,0.022039,0.005115,0.008628,0.000288,0.008121,0.005509,0.002156,8.1e-05,0.010198,0.002758,0.001605,2.7e-05,0.014134,0.001624,0.002034,2e-05,0.004542,0.002349,0.005937,0.000231
rgb_s44,gz_drop4_ctrl,gz_drop4,ctrl,preset_h0.3_d10,ctrl,3b,0.463231,0.145074,C3a,3a,C,0,0,0,0.008309,0.108701,0.087155,0.001069,0.001457,0.3964,0.428161,0.014852,0.001294,0.371441,0.463231,0.01432,0.002055,0.335852,0.463208,0.001875,0.001915,0.102286,0.096675,0.001223
rgb_s44,gz_drop4_ctrl,gz_drop4,ctrl,preset_h0.3_d2,ctrl,2,0.023277,0.003807,C3a,3a,C,0,0,0,0.008572,0.001671,0.006279,9.8e-05,0.001877,0.002893,0.003703,5.3e-05,0.002419,0.002096,0.023277,0.000275,0.002699,0.000868,0.008041,6.6e-05,0.003476,0.000728,0.006857,0.000189
rgb_s44,gz_drop4_ctrl,gz_drop4,ctrl,preset_h0.3_d5,ctrl,3a,0.052415,0.005455,D3a,3a,D,1,0,0,4.9e-05,0.003286,0.0003,9e-06,6e-06,0.000452,0.044822,0.000372,5e-06,0.000359,0.00203,0.003062,9e-06,0.000579,0.052415,0.000133,3.2e-05,0.001141,2.8e-05,7e-06
rgb_s44,gz_drop4_ctrl,gz_drop4,ctrl,preset_h0.9_d10,ctrl,3b,0.988634,0.447393,C3a,3a,C,0,1,9,0.003487,0.222763,0.193109,0.066167,0.000561,0.86368,0.96226,0.76535,0.0005,0.962741,0.988634,0.528234,0.001065,0.93894,0.987906,0.117558,0.000937,0.471236,0.767679,0.105052
rgb_s44,gz_drop4_ctrl,gz_drop4,ctrl,preset_h0.9_d2,ctrl,2,0.009317,0.002173,A1,1,A,0,0,0,0.009317,0.001182,0.002328,8.8e-05,0.002281,0.001894,0.002504,3.5e-05,0.003572,0.001635,0.006648,5.8e-05,0.004004,0.000655,0.001264,1.4e-05,0.004796,0.000506,0.000577,0.000104
rgb_s44,gz_drop4_ctrl,gz_drop4,ctrl,preset_h0.9_d5,ctrl,3a,0.131023,0.015548,C3b,3b,C,0,0,0,0.000622,0.015749,0.000123,2.9e-05,0.00021,0.00659,0.06638,0.037766,0.000165,0.013475,0.004014,0.131023,0.000287,0.014693,0.009353,0.001523,0.000765,0.008138,5e-05,1.4e-05
rgb_s44,gz_drop4_ctrl,gz_drop4,ctrl,rs_h0.125_d2,ctrl,2,0.044905,0.005986,A3a,3a,A,0,0,0,0.008424,0.003527,0.044905,0.000166,0.001717,0.004071,0.015319,0.000125,0.002177,0.001495,0.017779,0.000293,0.003558,0.001261,0.004491,6.5e-05,0.004056,0.001385,0.004795,0.000108
rgb_s44,gz_drop4_ctrl,gz_drop4,ctrl,rs_h0.125_d5,ctrl,3a,0.00689,0.002239,B3b,3b,B,0,0,0,0.001482,0.004932,0.0029,0.003207,0.000388,0.002405,0.005102,0.00689,0.000557,0.001224,0.001145,0.006267,0.000685,0.000911,0.002464,0.000826,0.000897,0.002055,0.000123,0.00031
