scene,module,group,round,render_start,render_end,prefix_mismatch,arm,arm_source,hazard,arm_config,split,frames_png,depth,seg,heightmap,hm_meta,variation,scene_last_code,scene_last_code_time,consistency,route_ab_usable,seg_complete
probeH1,scenes/probe/probeH1_near_hole.py,v2_probes,260821_probe_on,2026-08-21 12:48,2026-08-21 12:55,,on,round-name suffix,ON,"{""hazard_hole"": true}",probe,24,24,0,1,1,1,6e785c30,2026-08-21T04:19:43+09:00,정합,1,0
probeH1,scenes/probe/probeH1_near_hole.py,v2_probes,260821_probe_off,2026-08-21 12:49,2026-08-21 12:56,,off,round-name suffix,OFF,"{""hazard_hole"": false}",probe,24,24,0,1,1,1,6e785c30,2026-08-21T04:19:43+09:00,정합,1,0
probeH2,scenes/probe/probeH2_offpath_hole.py,v2_probes,260821_probe_on,2026-08-21 12:48,2026-08-21 12:55,,on,round-name suffix,ON,"{""hazard_hole"": true}",probe,24,24,0,1,1,1,6e785c30,2026-08-21T04:19:43+09:00,정합,1,0
probeH2,scenes/probe/probeH2_offpath_hole.py,v2_probes,260821_probe_off,2026-08-21 12:49,2026-08-21 12:56,,off,round-name suffix,OFF,"{""hazard_hole"": false}",probe,24,24,0,1,1,1,6e785c30,2026-08-21T04:19:43+09:00,정합,1,0
probeH3,scenes/probe/probeH3_hidden_hole.py,v2_probes,260821_probe_on,2026-08-21 12:48,2026-08-21 12:55,,on,round-name suffix,ON,"{""hazard_hole"": true}",probe,24,24,0,1,1,1,6e785c30,2026-08-21T04:19:43+09:00,정합,1,0
probeH3,scenes/probe/probeH3_hidden_hole.py,v2_probes,260821_probe_off,2026-08-21 12:49,2026-08-21 12:56,,off,round-name suffix,OFF,"{""hazard_hole"": false}",probe,24,24,0,1,1,1,6e785c30,2026-08-21T04:19:43+09:00,정합,1,0
scene01,scenes/main/scene01_campus_stairs.py,_archive/scene_dev_2607,260731_data_s01,2026-07-30 22:54,2026-07-30 22:54,Y,?,n/a,?,,val,8,0,0,0,0,1,b1c9d9df,2026-08-13T18:04:13+09:00,정합 불일치,0,0
scene01,scenes/main/scene01_campus_stairs.py,v2_corpus,260819_main_on,2026-08-19 22:42,2026-08-23 22:37,,on,round-name suffix,ON,"{""hazard_stairs"": true}",val,24,24,24,1,1,1,b1c9d9df,2026-08-13T18:04:13+09:00,정합,1,1
scene01,scenes/main/scene01_campus_stairs.py,v2_corpus,260819_main_off,2026-08-19 22:44,2026-08-20 01:31,,off,round-name suffix,OFF,"{""hazard_stairs"": false}",val,24,24,0,1,1,1,b1c9d9df,2026-08-13T18:04:13+09:00,정합,1,0
scene01,scenes/main/scene01_campus_stairs.py,_archive/_delete_candidates,260823_v3p5_segsmoke_A,2026-08-23 15:09,2026-08-23 15:09,,A,round-name suffix,ON,"{""hazard_stairs"": true}",val,1,1,1,1,1,1,b1c9d9df,2026-08-13T18:04:13+09:00,정합,1,1
scene01,scenes/main/scene01_campus_stairs.py,v3_aux,260825_v3w0_cuecls_A,2026-08-23 15:44,2026-08-23 15:59,Y,A,round-name suffix,ON,"{""hazard_stairs"": true}",val,4,4,0,1,1,1,b1c9d9df,2026-08-13T18:04:13+09:00,정합,1,0
scene01,scenes/main/scene01_campus_stairs.py,v3_aux,260825_v3w0_cuecls_Brail,2026-08-23 15:59,2026-08-23 16:06,Y,B*,round-name suffix (cuecls),ON,"{""hazard_stairs"": true, ""cue_railing"": false}",val,4,4,0,1,1,1,b1c9d9df,2026-08-13T18:04:13+09:00,정합,1,0
scene01,scenes/main/scene01_campus_stairs.py,v3_aux,260825_v3w0_cuecls_Bdress,2026-08-23 16:14,2026-08-23 16:23,Y,B*,round-name suffix (cuecls),ON,"{""hazard_stairs"": true, ""cue_scene_dressing"": false}",val,4,4,0,1,1,1,b1c9d9df,2026-08-13T18:04:13+09:00,정합,1,0
scene01,scenes/main/scene01_campus_stairs.py,_archive/_delete_candidates,260826_v3w1_lib_D_smoke,2026-08-23 16:51,2026-08-23 17:05,Y,?,n/a,OFF,"{""hazard_stairs"": false, ""cue_railing"": false, ""cue_tactile"": false, ""cue_nosing"": false, ""cue_material_break"": false, ""cue_sign"": false, ""cue_scene_dressing"": false}",val,1,1,1,1,1,1,b1c9d9df,2026-08-13T18:04:13+09:00,정합,1,1
scene01,scenes/main/scene01_campus_stairs.py,v3_library,260826_v3w1_lib_D,2026-08-23 17:06,2026-08-23 17:58,Y,D,round-name suffix,OFF,"{""hazard_stairs"": false, ""cue_railing"": false, ""cue_tactile"": false, ""cue_nosing"": false, ""cue_material_break"": false, ""cue_sign"": false, ""cue_scene_dressing"": false}",val,24,24,24,1,1,1,b1c9d9df,2026-08-13T18:04:13+09:00,정합,1,1
scene01,scenes/main/scene01_campus_stairs.py,_archive/v3_library,260826_v3w1_lib_B_smoke,2026-08-23 18:17,2026-08-23 18:23,Y,?,n/a,ON,"{""hazard_stairs"": true, ""cue_material_break"": false, ""cue_sign"": false}",val,1,1,1,1,1,1,b1c9d9df,2026-08-13T18:04:13+09:00,정합,1,1
scene01,scenes/main/scene01_campus_stairs.py,v3_library,260826_v3w1_lib_B,2026-08-23 18:23,2026-08-23 19:30,Y,B,round-name suffix,ON,"{""hazard_stairs"": true, ""cue_material_break"": false, ""cue_sign"": false}",val,24,24,24,1,1,1,b1c9d9df,2026-08-13T18:04:13+09:00,정합,1,1
scene01,scenes/main/scene01_campus_stairs.py,v3_aux,260826_v3a_segfill,2026-08-23 20:46,2026-08-23 21:49,Y,?,n/a,ON,"{""hazard_stairs"": true}",val,24,24,24,1,1,1,b1c9d9df,2026-08-13T18:04:13+09:00,정합,1,1
scene01,scenes/main/scene01_campus_stairs.py,_archive/_delete_candidates,260827_v3w1_lib_C_smoke,2026-08-24 00:33,2026-08-24 01:20,Y,?,n/a,OFF,"{""hazard_stairs"": false}",val,1,1,1,1,1,1,b1c9d9df,2026-08-13T18:04:13+09:00,정합,1,1
scene01,scenes/main/scene01_campus_stairs.py,v3_library,260827_v3w1_lib_C,2026-08-24 01:22,2026-08-24 03:04,Y,C,round-name suffix,OFF,"{""hazard_stairs"": false}",val,24,24,24,1,1,1,b1c9d9df,2026-08-13T18:04:13+09:00,정합,1,1
scene01,scenes/main/scene01_campus_stairs.py,_archive/_delete_candidates,260827_v3w1_lib_B3_smoke,2026-08-24 07:02,2026-08-24 07:04,Y,?,n/a,ON,"{""hazard_stairs"": true, ""cue_material_break"": false, ""cue_sign"": false, ""cue_railing"": false, ""cue_scene_dressing"": false}",val,1,1,1,1,1,1,b1c9d9df,2026-08-13T18:04:13+09:00,정합,1,1
scene01,scenes/main/scene01_campus_stairs.py,v3_library,260827_v3w1_lib_B3,2026-08-24 07:04,2026-08-24 07:15,Y,?,n/a,ON,"{""hazard_stairs"": true, ""cue_material_break"": false, ""cue_sign"": false, ""cue_railing"": false, ""cue_scene_dressing"": false}",val,24,24,24,1,1,1,b1c9d9df,2026-08-13T18:04:13+09:00,정합,1,1
scene01,scenes/main/scene01_campus_stairs.py,misc,260824_handson,,,,?,n/a,?,,val,2,0,0,0,0,1,b1c9d9df,2026-08-13T18:04:13+09:00,미상,0,0
scene01,scenes/main/scene01_campus_stairs.py,misc,260827_handson,,,,?,n/a,?,,val,4,0,0,0,0,1,b1c9d9df,2026-08-13T18:04:13+09:00,미상,0,0
scene02,scenes/main/scene02_underpass.py,_archive/scene_dev_2607,260730_data_mini,2026-07-30 07:38,2026-07-30 07:46,Y,?,n/a,?,,val,24,0,0,0,0,1,50de4892,2026-08-24T05:44:27+09:00,정합 불일치,0,0
scene02,scenes/main/scene02_underpass.py,_archive/scene_dev_2607,260731_cb7_recache,2026-07-30 19:16,2026-07-30 19:17,Y,?,n/a,?,,val,12,0,0,0,0,1,50de4892,2026-08-24T05:44:27+09:00,정합 불일치,0,0
scene02,scenes/main/scene02_underpass.py,v2_corpus,260819_main_on,2026-08-19 22:42,2026-08-23 22:37,,on,round-name suffix,ON,"{""hazard_stairs"": true}",val,24,24,24,1,1,1,50de4892,2026-08-24T05:44:27+09:00,정합 불일치,1,1
scene02,scenes/main/scene02_underpass.py,v2_corpus,260819_main_off,2026-08-19 22:44,2026-08-20 01:31,,off,round-name suffix,OFF,"{""hazard_stairs"": false}",val,24,24,0,1,1,1,50de4892,2026-08-24T05:44:27+09:00,정합 불일치,1,0
scene02,scenes/main/scene02_underpass.py,v3_aux,260825_v3w0_cuecls_A,2026-08-23 15:44,2026-08-23 15:59,Y,A,round-name suffix,ON,"{""hazard_stairs"": true}",val,4,4,0,1,1,1,50de4892,2026-08-24T05:44:27+09:00,정합 불일치,1,0
scene02,scenes/main/scene02_underpass.py,v3_aux,260825_v3w0_cuecls_Brail,2026-08-23 15:59,2026-08-23 16:06,Y,B*,round-name suffix (cuecls),ON,"{""hazard_stairs"": true, ""cue_railing"": false}",val,4,4,0,1,1,1,50de4892,2026-08-24T05:44:27+09:00,정합 불일치,1,0
scene02,scenes/main/scene02_underpass.py,v3_aux,260825_v3w0_cuecls_Bnose,2026-08-23 16:06,2026-08-23 16:09,Y,B*,round-name suffix (cuecls),ON,"{""hazard_stairs"": true, ""cue_nosing"": false}",val,4,4,0,1,1,1,50de4892,2026-08-24T05:44:27+09:00,정합 불일치,1,0
scene02,scenes/main/scene02_underpass.py,v3_aux,260825_v3w0_cuecls_Bdress,2026-08-23 16:14,2026-08-23 16:23,Y,B*,round-name suffix (cuecls),ON,"{""hazard_stairs"": true, ""cue_scene_dressing"": false}",val,4,4,0,1,1,1,50de4892,2026-08-24T05:44:27+09:00,정합 불일치,1,0
scene02,scenes/main/scene02_underpass.py,_archive/_delete_candidates,260826_v3w1_lib_D_smoke,2026-08-23 16:51,2026-08-23 17:05,Y,?,n/a,OFF,"{""hazard_stairs"": false, ""cue_railing"": false, ""cue_tactile"": false, ""cue_nosing"": false, ""cue_material_break"": false, ""cue_sign"": false, ""cue_scene_dressing"": false}",val,1,1,1,1,1,1,50de4892,2026-08-24T05:44:27+09:00,정합 불일치,1,1
scene02,scenes/main/scene02_underpass.py,v3_library,260826_v3w1_lib_D,2026-08-23 17:06,2026-08-23 17:58,Y,D,round-name suffix,OFF,"{""hazard_stairs"": false, ""cue_railing"": false, ""cue_tactile"": false, ""cue_nosing"": false, ""cue_material_break"": false, ""cue_sign"": false, ""cue_scene_dressing"": false}",val,24,24,24,1,1,1,50de4892,2026-08-24T05:44:27+09:00,정합 불일치,1,1
scene02,scenes/main/scene02_underpass.py,_archive/v3_library,260826_v3w1_lib_B_smoke,2026-08-23 18:17,2026-08-23 18:23,Y,?,n/a,ON,"{""hazard_stairs"": true, ""cue_nosing"": false, ""cue_railing"": false, ""cue_sign"": false}",val,1,1,1,1,1,1,50de4892,2026-08-24T05:44:27+09:00,정합 불일치,1,1
scene02,scenes/main/scene02_underpass.py,v3_library,260826_v3w1_lib_B,2026-08-23 18:23,2026-08-23 19:30,Y,B,round-name suffix,ON,"{""hazard_stairs"": true, ""cue_nosing"": false, ""cue_railing"": false, ""cue_sign"": false}",val,24,24,24,1,1,1,50de4892,2026-08-24T05:44:27+09:00,정합 불일치,1,1
scene02,scenes/main/scene02_underpass.py,_archive/_delete_candidates,260826_v3w1_lib_B2_smoke,2026-08-23 19:48,2026-08-23 19:53,Y,?,n/a,ON,"{""hazard_stairs"": true, ""cue_nosing"": false, ""cue_railing"": false, ""cue_sign"": false, ""cue_material_break"": false}",val,1,1,1,1,1,1,50de4892,2026-08-24T05:44:27+09:00,정합 불일치,1,1
scene02,scenes/main/scene02_underpass.py,v3_library,260826_v3w1_lib_B2,2026-08-23 19:53,2026-08-23 20:46,Y,?,n/a,ON,"{""hazard_stairs"": true, ""cue_nosing"": false, ""cue_railing"": false, ""cue_sign"": false, ""cue_material_break"": false}",val,24,24,24,1,1,1,50de4892,2026-08-24T05:44:27+09:00,정합 불일치,1,1
scene02,scenes/main/scene02_underpass.py,v3_aux,260826_v3a_segfill,2026-08-23 20:46,2026-08-23 21:49,Y,?,n/a,ON,"{""hazard_stairs"": true}",val,24,24,24,1,1,1,50de4892,2026-08-24T05:44:27+09:00,정합 불일치,1,1
scene02,scenes/main/scene02_underpass.py,_archive/v3_aux,260827_v3w1c_hashgate,2026-08-24 00:25,2026-08-24 01:03,Y,?,n/a,ON,"{""hazard_stairs"": true}",val,1,1,0,1,1,1,50de4892,2026-08-24T05:44:27+09:00,정합 불일치,1,0
scene02,scenes/main/scene02_underpass.py,_archive/_delete_candidates,260827_v3w1_lib_C_smoke,2026-08-24 00:33,2026-08-24 01:20,Y,?,n/a,OFF,"{""hazard_stairs"": false, ""keep_dressing"": true}",val,1,1,1,1,1,1,50de4892,2026-08-24T05:44:27+09:00,정합 불일치,1,1
scene02,scenes/main/scene02_underpass.py,v3_library,260827_v3w1_lib_C,2026-08-24 01:22,2026-08-24 03:04,Y,C,round-name suffix,OFF,"{""hazard_stairs"": false, ""keep_dressing"": true}",val,24,24,24,1,1,1,50de4892,2026-08-24T05:44:27+09:00,정합 불일치,1,1
scene03,scenes/main/scene03_riverbank.py,_archive/scene_dev_2607,260731_s03_recache,2026-07-31 01:32,2026-07-31 01:33,Y,?,n/a,?,,train,12,0,0,0,0,1,50de4892,2026-08-24T05:44:27+09:00,정합 불일치,0,0
scene03,scenes/main/scene03_riverbank.py,v2_corpus,260819_main_on,2026-08-19 22:42,2026-08-23 22:37,,on,round-name suffix,ON,"{""hazard_stairs"": true}",train,24,24,24,1,1,1,50de4892,2026-08-24T05:44:27+09:00,정합 불일치,1,1
scene03,scenes/main/scene03_riverbank.py,v2_corpus,260819_main_off,2026-08-19 22:44,2026-08-20 01:31,,off,round-name suffix,OFF,"{""hazard_stairs"": false}",train,24,24,0,1,1,1,50de4892,2026-08-24T05:44:27+09:00,정합 불일치,1,0
scene03,scenes/main/scene03_riverbank.py,_archive/v2_probes,260820_boost_e,2026-08-20 15:57,2026-08-20 16:39,,?,n/a,ON,"{""hazard_stairs"": true}",train,24,24,0,1,1,1,50de4892,2026-08-24T05:44:27+09:00,정합 불일치,1,0
scene03,scenes/main/scene03_riverbank.py,v2_corpus,260820_boost_e_on,2026-08-20 17:04,2026-08-23 22:38,,on,round-name suffix,ON,"{""hazard_stairs"": true}",train,24,24,24,1,1,1,50de4892,2026-08-24T05:44:27+09:00,정합 불일치,1,1
scene03,scenes/main/scene03_riverbank.py,v2_corpus,260820_boost_e_on_g7fix,2026-08-20 17:04,2026-08-23 14:27,,on,round-name suffix,ON,"{""hazard_stairs"": true}",train,24,24,0,1,1,1,50de4892,2026-08-24T05:44:27+09:00,정합 불일치,1,0
scene03,scenes/main/scene03_riverbank.py,v2_corpus,260820_boost_e_off,2026-08-20 17:06,2026-08-20 18:20,,off,round-name suffix,OFF,"{""hazard_stairs"": false}",train,24,24,0,1,1,1,50de4892,2026-08-24T05:44:27+09:00,정합 불일치,1,0
scene03,scenes/main/scene03_riverbank.py,v2_corpus,260820_boost_e_off_g7fix,2026-08-20 17:06,2026-08-23 14:27,,off,round-name suffix,OFF,"{""hazard_stairs"": false}",train,24,24,0,1,1,1,50de4892,2026-08-24T05:44:27+09:00,정합 불일치,1,0
scene03,scenes/main/scene03_riverbank.py,v2_corpus,260820_boost_e2_on,2026-08-20 18:24,2026-08-23 22:38,,on,round-name suffix,ON,"{""hazard_stairs"": true}",train,24,24,24,1,1,1,50de4892,2026-08-24T05:44:27+09:00,정합 불일치,1,1
scene03,scenes/main/scene03_riverbank.py,v2_corpus,260820_boost_e2_on_g7fix,2026-08-20 18:24,2026-08-23 14:27,,on,round-name suffix,ON,"{""hazard_stairs"": true}",train,24,24,0,1,1,1,50de4892,2026-08-24T05:44:27+09:00,정합 불일치,1,0
scene03,scenes/main/scene03_riverbank.py,v2_corpus,260820_boost_e2_off,2026-08-20 18:27,2026-08-20 19:06,,off,round-name suffix,OFF,"{""hazard_stairs"": false}",train,24,24,0,1,1,1,50de4892,2026-08-24T05:44:27+09:00,정합 불일치,1,0
scene03,scenes/main/scene03_riverbank.py,v2_corpus,260820_boost_e2_off_g7fix,2026-08-20 18:27,2026-08-23 14:27,,off,round-name suffix,OFF,"{""hazard_stairs"": false}",train,24,24,0,1,1,1,50de4892,2026-08-24T05:44:27+09:00,정합 불일치,1,0
scene03,scenes/main/scene03_riverbank.py,v3_aux,260825_v3w0_cuecls_A,2026-08-23 15:44,2026-08-23 15:59,Y,A,round-name suffix,ON,"{""hazard_stairs"": true}",train,4,4,0,1,1,1,50de4892,2026-08-24T05:44:27+09:00,정합 불일치,1,0
scene03,scenes/main/scene03_riverbank.py,v3_aux,260825_v3w0_cuecls_Bdress,2026-08-23 16:14,2026-08-23 16:23,Y,B*,round-name suffix (cuecls),ON,"{""hazard_stairs"": true, ""cue_scene_dressing"": false}",train,4,4,0,1,1,1,50de4892,2026-08-24T05:44:27+09:00,정합 불일치,1,0
scene03,scenes/main/scene03_riverbank.py,_archive/_delete_candidates,260826_v3w1_lib_D_smoke,2026-08-23 16:51,2026-08-23 17:05,Y,?,n/a,OFF,"{""hazard_stairs"": false, ""cue_railing"": false, ""cue_tactile"": false, ""cue_nosing"": false, ""cue_material_break"": false, ""cue_sign"": false, ""cue_scene_dressing"": false}",train,1,1,1,1,1,1,50de4892,2026-08-24T05:44:27+09:00,정합 불일치,1,1
scene03,scenes/main/scene03_riverbank.py,v3_library,260826_v3w1_lib_D,2026-08-23 17:06,2026-08-23 17:58,Y,D,round-name suffix,OFF,"{""hazard_stairs"": false, ""cue_railing"": false, ""cue_tactile"": false, ""cue_nosing"": false, ""cue_material_break"": false, ""cue_sign"": false, ""cue_scene_dressing"": false}",train,24,24,24,1,1,1,50de4892,2026-08-24T05:44:27+09:00,정합 불일치,1,1
scene03,scenes/main/scene03_riverbank.py,v3_library,260826_v3w1_lib_D_e,2026-08-23 17:39,2026-08-23 17:58,Y,?,n/a,OFF,"{""hazard_stairs"": false, ""cue_railing"": false, ""cue_tactile"": false, ""cue_nosing"": false, ""cue_material_break"": false, ""cue_sign"": false, ""cue_scene_dressing"": false}",train,24,24,24,1,1,1,50de4892,2026-08-24T05:44:27+09:00,정합 불일치,1,1
scene03,scenes/main/scene03_riverbank.py,v3_library,260826_v3w1_lib_D_e2,2026-08-23 17:52,2026-08-23 17:58,Y,?,n/a,OFF,"{""hazard_stairs"": false, ""cue_railing"": false, ""cue_tactile"": false, ""cue_nosing"": false, ""cue_material_break"": false, ""cue_sign"": false, ""cue_scene_dressing"": false}",train,24,24,24,1,1,1,50de4892,2026-08-24T05:44:27+09:00,정합 불일치,1,1
scene03,scenes/main/scene03_riverbank.py,v3_aux,260826_v3a_segfill,2026-08-23 20:46,2026-08-23 21:49,Y,?,n/a,ON,"{""hazard_stairs"": true}",train,24,24,24,1,1,1,50de4892,2026-08-24T05:44:27+09:00,정합 불일치,1,1
scene03,scenes/main/scene03_riverbank.py,v3_aux,260826_v3a_segfill_e,2026-08-23 21:56,2026-08-23 22:22,Y,?,n/a,ON,"{""hazard_stairs"": true}",train,24,24,24,1,1,1,50de4892,2026-08-24T05:44:27+09:00,정합 불일치,1,1
scene03,scenes/main/scene03_riverbank.py,v3_aux,260826_v3a_segfill_e2,2026-08-23 22:22,2026-08-23 22:35,Y,?,n/a,ON,"{""hazard_stairs"": true}",train,24,24,24,1,1,1,50de4892,2026-08-24T05:44:27+09:00,정합 불일치,1,1
scene03,scenes/main/scene03_riverbank.py,_archive/v3_aux,260827_v3w1c_hashgate,2026-08-24 00:25,2026-08-24 01:03,Y,?,n/a,ON,"{""hazard_stairs"": true}",train,1,1,0,1,1,1,50de4892,2026-08-24T05:44:27+09:00,정합 불일치,1,0
scene03,scenes/main/scene03_riverbank.py,_archive/_delete_candidates,260827_v3w1_lib_C_smoke,2026-08-24 00:33,2026-08-24 01:20,Y,?,n/a,OFF,"{""hazard_stairs"": false, ""keep_dressing"": true}",train,1,1,1,1,1,1,50de4892,2026-08-24T05:44:27+09:00,정합 불일치,1,1
scene03,scenes/main/scene03_riverbank.py,v3_library,260827_v3w1_lib_C,2026-08-24 01:22,2026-08-24 03:04,Y,C,round-name suffix,OFF,"{""hazard_stairs"": false, ""keep_dressing"": true}",train,24,24,24,1,1,1,50de4892,2026-08-24T05:44:27+09:00,정합 불일치,1,1
scene03,scenes/main/scene03_riverbank.py,v3_library,260827_v3w1_lib_C_e,2026-08-24 02:26,2026-08-24 03:04,Y,?,n/a,OFF,"{""hazard_stairs"": false, ""keep_dressing"": true}",train,24,24,24,1,1,1,50de4892,2026-08-24T05:44:27+09:00,정합 불일치,1,1
scene03,scenes/main/scene03_riverbank.py,v3_library,260827_v3w1_lib_C_e2,2026-08-24 02:49,2026-08-24 03:04,Y,?,n/a,OFF,"{""hazard_stairs"": false, ""keep_dressing"": true}",train,24,24,24,1,1,1,50de4892,2026-08-24T05:44:27+09:00,정합 불일치,1,1
scene04,scenes/main/scene04_parktrail.py,_archive/pilots,260815_datapilot,2026-08-15 01:33,2026-08-15 02:49,,?,n/a,?,,train,24,0,0,0,0,1,c37e4a03,2026-08-15T02:40:57+09:00,정합 불일치,0,0
scene04,scenes/main/scene04_parktrail.py,_archive/pilots,260815_datapilot_aug,2026-08-15 02:49,2026-08-15 02:51,,?,n/a,?,,train,24,0,0,0,0,0,c37e4a03,2026-08-15T02:40:57+09:00,정합,0,0
scene04,scenes/main/scene04_parktrail.py,_archive/v2_probes,260819_patchprobe_on,2026-08-19 22:23,2026-08-19 22:32,,on,round-name suffix,ON,"{""hazard_stairs"": true}",train,8,8,0,1,1,1,c37e4a03,2026-08-15T02:40:57+09:00,정합,1,0
scene04,scenes/main/scene04_parktrail.py,_archive/_delete_candidates,260819_patchprobe_noenv,2026-08-19 22:24,2026-08-19 22:24,,?,n/a,?,,train,1,0,0,0,0,1,c37e4a03,2026-08-15T02:40:57+09:00,정합,0,0
scene04,scenes/main/scene04_parktrail.py,_archive/v2_probes,260819_patchprobe_off,2026-08-19 22:24,2026-08-19 22:32,,off,round-name suffix,OFF,"{""hazard_stairs"": false}",train,8,8,0,1,1,1,c37e4a03,2026-08-15T02:40:57+09:00,정합,1,0
scene04,scenes/main/scene04_parktrail.py,_archive/_delete_candidates,260819_patchprobe_noenv2,2026-08-19 22:32,2026-08-19 22:32,,?,n/a,?,,train,1,0,0,0,0,1,c37e4a03,2026-08-15T02:40:57+09:00,정합,0,0
scene04,scenes/main/scene04_parktrail.py,v2_corpus,260819_main_on,2026-08-19 22:42,2026-08-23 22:37,,on,round-name suffix,ON,"{""hazard_stairs"": true}",train,24,24,24,1,1,1,c37e4a03,2026-08-15T02:40:57+09:00,정합,1,1
scene04,scenes/main/scene04_parktrail.py,v2_corpus,260819_main_off,2026-08-19 22:44,2026-08-20 01:31,,off,round-name suffix,OFF,"{""hazard_stairs"": false}",train,24,24,0,1,1,1,c37e4a03,2026-08-15T02:40:57+09:00,정합,1,0
scene04,scenes/main/scene04_parktrail.py,_archive/v2_probes,260820_boost_e,2026-08-20 15:57,2026-08-20 16:39,,?,n/a,ON,"{""hazard_stairs"": true}",train,24,24,0,1,1,1,c37e4a03,2026-08-15T02:40:57+09:00,정합,1,0
scene04,scenes/main/scene04_parktrail.py,v2_corpus,260820_boost_e_on,2026-08-20 17:04,2026-08-23 22:38,,on,round-name suffix,ON,"{""hazard_stairs"": true}",train,24,24,24,1,1,1,c37e4a03,2026-08-15T02:40:57+09:00,정합,1,1
scene04,scenes/main/scene04_parktrail.py,v2_corpus,260820_boost_e_on_g7fix,2026-08-20 17:04,2026-08-23 14:27,,on,round-name suffix,ON,"{""hazard_stairs"": true}",train,24,24,0,1,1,1,c37e4a03,2026-08-15T02:40:57+09:00,정합,1,0
scene04,scenes/main/scene04_parktrail.py,v2_corpus,260820_boost_e_off,2026-08-20 17:06,2026-08-20 18:20,,off,round-name suffix,OFF,"{""hazard_stairs"": false}",train,24,24,0,1,1,1,c37e4a03,2026-08-15T02:40:57+09:00,정합,1,0
scene04,scenes/main/scene04_parktrail.py,v2_corpus,260820_boost_e_off_g7fix,2026-08-20 17:06,2026-08-23 14:27,,off,round-name suffix,OFF,"{""hazard_stairs"": false}",train,24,24,0,1,1,1,c37e4a03,2026-08-15T02:40:57+09:00,정합,1,0
scene04,scenes/main/scene04_parktrail.py,v2_corpus,260820_boost_e2_on,2026-08-20 18:24,2026-08-23 22:38,,on,round-name suffix,ON,"{""hazard_stairs"": true}",train,24,24,24,1,1,1,c37e4a03,2026-08-15T02:40:57+09:00,정합,1,1
scene04,scenes/main/scene04_parktrail.py,v2_corpus,260820_boost_e2_on_g7fix,2026-08-20 18:24,2026-08-23 14:27,,on,round-name suffix,ON,"{""hazard_stairs"": true}",train,24,24,0,1,1,1,c37e4a03,2026-08-15T02:40:57+09:00,정합,1,0
scene04,scenes/main/scene04_parktrail.py,v2_corpus,260820_boost_e2_off,2026-08-20 18:27,2026-08-20 19:06,,off,round-name suffix,OFF,"{""hazard_stairs"": false}",train,24,24,0,1,1,1,c37e4a03,2026-08-15T02:40:57+09:00,정합,1,0
scene04,scenes/main/scene04_parktrail.py,v2_corpus,260820_boost_e2_off_g7fix,2026-08-20 18:27,2026-08-23 14:27,,off,round-name suffix,OFF,"{""hazard_stairs"": false}",train,24,24,0,1,1,1,c37e4a03,2026-08-15T02:40:57+09:00,정합,1,0
scene04,scenes/main/scene04_parktrail.py,v3_aux,260825_v3w0_cuecls_A,2026-08-23 15:44,2026-08-23 15:59,Y,A,round-name suffix,ON,"{""hazard_stairs"": true}",train,4,4,0,1,1,1,c37e4a03,2026-08-15T02:40:57+09:00,정합,1,0
scene04,scenes/main/scene04_parktrail.py,v3_aux,260825_v3w0_cuecls_Bdress,2026-08-23 16:14,2026-08-23 16:23,Y,B*,round-name suffix (cuecls),ON,"{""hazard_stairs"": true, ""cue_scene_dressing"": false}",train,4,4,0,1,1,1,c37e4a03,2026-08-15T02:40:57+09:00,정합,1,0
scene04,scenes/main/scene04_parktrail.py,_archive/_delete_candidates,260826_v3w1_lib_D_smoke,2026-08-23 16:51,2026-08-23 17:05,Y,?,n/a,OFF,"{""hazard_stairs"": false, ""cue_railing"": false, ""cue_tactile"": false, ""cue_nosing"": false, ""cue_material_break"": false, ""cue_sign"": false, ""cue_scene_dressing"": false}",train,1,1,1,1,1,1,c37e4a03,2026-08-15T02:40:57+09:00,정합,1,1
scene04,scenes/main/scene04_parktrail.py,v3_library,260826_v3w1_lib_D,2026-08-23 17:06,2026-08-23 17:58,Y,D,round-name suffix,OFF,"{""hazard_stairs"": false, ""cue_railing"": false, ""cue_tactile"": false, ""cue_nosing"": false, ""cue_material_break"": false, ""cue_sign"": false, ""cue_scene_dressing"": false}",train,24,24,24,1,1,1,c37e4a03,2026-08-15T02:40:57+09:00,정합,1,1
scene04,scenes/main/scene04_parktrail.py,v3_library,260826_v3w1_lib_D_e,2026-08-23 17:39,2026-08-23 17:58,Y,?,n/a,OFF,"{""hazard_stairs"": false, ""cue_railing"": false, ""cue_tactile"": false, ""cue_nosing"": false, ""cue_material_break"": false, ""cue_sign"": false, ""cue_scene_dressing"": false}",train,24,24,24,1,1,1,c37e4a03,2026-08-15T02:40:57+09:00,정합,1,1
scene04,scenes/main/scene04_parktrail.py,v3_library,260826_v3w1_lib_D_e2,2026-08-23 17:52,2026-08-23 17:58,Y,?,n/a,OFF,"{""hazard_stairs"": false, ""cue_railing"": false, ""cue_tactile"": false, ""cue_nosing"": false, ""cue_material_break"": false, ""cue_sign"": false, ""cue_scene_dressing"": false}",train,24,24,24,1,1,1,c37e4a03,2026-08-15T02:40:57+09:00,정합,1,1
scene04,scenes/main/scene04_parktrail.py,v3_aux,260826_v3a_segfill,2026-08-23 20:46,2026-08-23 21:49,Y,?,n/a,ON,"{""hazard_stairs"": true}",train,24,24,24,1,1,1,c37e4a03,2026-08-15T02:40:57+09:00,정합,1,1
scene04,scenes/main/scene04_parktrail.py,v3_aux,260826_v3a_segfill_e,2026-08-23 21:56,2026-08-23 22:22,Y,?,n/a,ON,"{""hazard_stairs"": true}",train,24,24,24,1,1,1,c37e4a03,2026-08-15T02:40:57+09:00,정합,1,1
scene04,scenes/main/scene04_parktrail.py,v3_aux,260826_v3a_segfill_e2,2026-08-23 22:22,2026-08-23 22:35,Y,?,n/a,ON,"{""hazard_stairs"": true}",train,24,24,24,1,1,1,c37e4a03,2026-08-15T02:40:57+09:00,정합,1,1
scene04,scenes/main/scene04_parktrail.py,_archive/v3_aux,260827_v3w1c_segprobe,2026-08-24 00:12,2026-08-24 00:15,Y,?,n/a,?,{},train,16,16,16,1,1,1,c37e4a03,2026-08-15T02:40:57+09:00,정합,1,1
scene04,scenes/main/scene04_parktrail.py,_archive/_delete_candidates,260827_v3w1_lib_C_smoke,2026-08-24 00:33,2026-08-24 01:20,Y,?,n/a,OFF,"{""hazard_stairs"": false}",train,1,1,1,1,1,1,c37e4a03,2026-08-15T02:40:57+09:00,정합,1,1
scene04,scenes/main/scene04_parktrail.py,v3_library,260827_v3w1_lib_C,2026-08-24 01:22,2026-08-24 03:04,Y,C,round-name suffix,OFF,"{""hazard_stairs"": false}",train,24,24,24,1,1,1,c37e4a03,2026-08-15T02:40:57+09:00,정합,1,1
scene04,scenes/main/scene04_parktrail.py,v3_library,260827_v3w1_lib_C_e,2026-08-24 02:26,2026-08-24 03:04,Y,?,n/a,OFF,"{""hazard_stairs"": false}",train,24,24,24,1,1,1,c37e4a03,2026-08-15T02:40:57+09:00,정합,1,1
scene04,scenes/main/scene04_parktrail.py,v3_library,260827_v3w1_lib_C_e2,2026-08-24 02:49,2026-08-24 03:04,Y,?,n/a,OFF,"{""hazard_stairs"": false}",train,24,24,24,1,1,1,c37e4a03,2026-08-15T02:40:57+09:00,정합,1,1
scene05,scenes/main/scene05_amphitheater.py,v2_corpus,260819_main_on,2026-08-19 22:42,2026-08-23 22:37,,on,round-name suffix,ON,"{""hazard_stairs"": true}",test,24,24,0,1,1,1,e469c321,2026-08-16T00:27:44+09:00,정합,1,0
scene05,scenes/main/scene05_amphitheater.py,v2_corpus,260819_main_off,2026-08-19 22:44,2026-08-20 01:31,,off,round-name suffix,OFF,"{""hazard_stairs"": false}",test,24,24,0,1,1,1,e469c321,2026-08-16T00:27:44+09:00,정합,1,0
scene05,scenes/main/scene05_amphitheater.py,_archive/v2_probes,260820_boost_e,2026-08-20 15:57,2026-08-20 16:39,,?,n/a,ON,"{""hazard_stairs"": true}",test,24,24,0,1,1,1,e469c321,2026-08-16T00:27:44+09:00,정합,1,0
scene05,scenes/main/scene05_amphitheater.py,v2_corpus,260820_boost_e_on,2026-08-20 17:04,2026-08-23 22:38,,on,round-name suffix,ON,"{""hazard_stairs"": true}",test,24,24,0,1,1,1,e469c321,2026-08-16T00:27:44+09:00,정합,1,0
scene05,scenes/main/scene05_amphitheater.py,v2_corpus,260820_boost_e_on_g7fix,2026-08-20 17:04,2026-08-23 14:27,,on,round-name suffix,ON,"{""hazard_stairs"": true}",test,24,24,0,1,1,1,e469c321,2026-08-16T00:27:44+09:00,정합,1,0
scene05,scenes/main/scene05_amphitheater.py,v2_corpus,260820_boost_e_off,2026-08-20 17:06,2026-08-20 18:20,,off,round-name suffix,OFF,"{""hazard_stairs"": false}",test,24,24,0,1,1,1,e469c321,2026-08-16T00:27:44+09:00,정합,1,0
scene05,scenes/main/scene05_amphitheater.py,v2_corpus,260820_boost_e_off_g7fix,2026-08-20 17:06,2026-08-23 14:27,,off,round-name suffix,OFF,"{""hazard_stairs"": false}",test,24,24,0,1,1,1,e469c321,2026-08-16T00:27:44+09:00,정합,1,0
scene05,scenes/main/scene05_amphitheater.py,v2_corpus,260820_boost_e2_on,2026-08-20 18:24,2026-08-23 22:38,,on,round-name suffix,ON,"{""hazard_stairs"": true}",test,24,24,0,1,1,1,e469c321,2026-08-16T00:27:44+09:00,정합,1,0
scene05,scenes/main/scene05_amphitheater.py,v2_corpus,260820_boost_e2_on_g7fix,2026-08-20 18:24,2026-08-23 14:27,,on,round-name suffix,ON,"{""hazard_stairs"": true}",test,24,24,0,1,1,1,e469c321,2026-08-16T00:27:44+09:00,정합,1,0
scene05,scenes/main/scene05_amphitheater.py,v2_corpus,260820_boost_e2_off,2026-08-20 18:27,2026-08-20 19:06,,off,round-name suffix,OFF,"{""hazard_stairs"": false}",test,24,24,0,1,1,1,e469c321,2026-08-16T00:27:44+09:00,정합,1,0
scene05,scenes/main/scene05_amphitheater.py,v2_corpus,260820_boost_e2_off_g7fix,2026-08-20 18:27,2026-08-23 14:27,,off,round-name suffix,OFF,"{""hazard_stairs"": false}",test,24,24,0,1,1,1,e469c321,2026-08-16T00:27:44+09:00,정합,1,0
scene06,scenes/main/scene06_overpass_spiral.py,v2_corpus,260819_main_on,2026-08-19 22:42,2026-08-23 22:37,,on,round-name suffix,ON,"{""hazard_stairs"": true}",test,24,24,0,1,1,1,50de4892,2026-08-24T05:44:27+09:00,정합 불일치,1,0
scene06,scenes/main/scene06_overpass_spiral.py,v2_corpus,260819_main_off,2026-08-19 22:44,2026-08-20 01:31,,off,round-name suffix,OFF,"{""hazard_stairs"": false}",test,24,24,0,1,1,1,50de4892,2026-08-24T05:44:27+09:00,정합 불일치,1,0
scene06,scenes/main/scene06_overpass_spiral.py,v3_aux,260825_v3w0_cuecls_A,2026-08-23 15:44,2026-08-23 15:59,Y,A,round-name suffix,ON,"{""hazard_stairs"": true}",test,4,4,0,1,1,1,50de4892,2026-08-24T05:44:27+09:00,정합 불일치,1,0
scene06,scenes/main/scene06_overpass_spiral.py,v3_aux,260825_v3w0_cuecls_Brail,2026-08-23 15:59,2026-08-23 16:06,Y,B*,round-name suffix (cuecls),ON,"{""hazard_stairs"": true, ""cue_railing"": false}",test,4,4,0,1,1,1,50de4892,2026-08-24T05:44:27+09:00,정합 불일치,1,0
scene06,scenes/main/scene06_overpass_spiral.py,v3_aux,260825_v3w0_cuecls_Bmatl,2026-08-23 16:11,2026-08-23 16:13,Y,B*,round-name suffix (cuecls),ON,"{""hazard_stairs"": true, ""cue_material_break"": false}",test,4,4,0,1,1,1,50de4892,2026-08-24T05:44:27+09:00,정합 불일치,1,0
scene06,scenes/main/scene06_overpass_spiral.py,v3_aux,260825_v3w0_cuecls_Bdress,2026-08-23 16:14,2026-08-23 16:23,Y,B*,round-name suffix (cuecls),ON,"{""hazard_stairs"": true, ""cue_scene_dressing"": false}",test,4,4,0,1,1,1,50de4892,2026-08-24T05:44:27+09:00,정합 불일치,1,0
scene06,scenes/main/scene06_overpass_spiral.py,_archive/_delete_candidates,260826_v3w1_lib_D_smoke,2026-08-23 16:51,2026-08-23 17:05,Y,?,n/a,OFF,"{""hazard_stairs"": false, ""cue_railing"": false, ""cue_tactile"": false, ""cue_nosing"": false, ""cue_material_break"": false, ""cue_sign"": false, ""cue_scene_dressing"": false}",test,1,1,1,1,1,1,50de4892,2026-08-24T05:44:27+09:00,정합 불일치,1,1
scene06,scenes/main/scene06_overpass_spiral.py,v3_library,260826_v3w1_lib_D,2026-08-23 17:06,2026-08-23 17:58,Y,D,round-name suffix,OFF,"{""hazard_stairs"": false, ""cue_railing"": false, ""cue_tactile"": false, ""cue_nosing"": false, ""cue_material_break"": false, ""cue_sign"": false, ""cue_scene_dressing"": false}",test,24,24,24,1,1,1,50de4892,2026-08-24T05:44:27+09:00,정합 불일치,1,1
scene06,scenes/main/scene06_overpass_spiral.py,_archive/v3_library,260826_v3w1_lib_B_smoke,2026-08-23 18:17,2026-08-23 18:23,Y,?,n/a,ON,"{""hazard_stairs"": true, ""cue_material_break"": false, ""cue_railing"": false, ""cue_scene_dressing"": false}",test,1,1,1,1,1,1,50de4892,2026-08-24T05:44:27+09:00,정합 불일치,1,1
scene06,scenes/main/scene06_overpass_spiral.py,v3_library,260826_v3w1_lib_B,2026-08-23 18:23,2026-08-23 19:30,Y,B,round-name suffix,ON,"{""hazard_stairs"": true, ""cue_material_break"": false, ""cue_railing"": false, ""cue_scene_dressing"": false}",test,24,24,24,1,1,1,50de4892,2026-08-24T05:44:27+09:00,정합 불일치,1,1
scene06,scenes/main/scene06_overpass_spiral.py,v3_aux,260826_v3a_segfill,2026-08-23 20:46,2026-08-23 21:49,Y,?,n/a,ON,"{""hazard_stairs"": true}",test,24,24,24,1,1,1,50de4892,2026-08-24T05:44:27+09:00,정합 불일치,1,1
scene06,scenes/main/scene06_overpass_spiral.py,_archive/v3_aux,260827_v3w1c_hashgate,2026-08-24 00:25,2026-08-24 01:03,Y,?,n/a,ON,"{""hazard_stairs"": true}",test,1,1,0,1,1,1,50de4892,2026-08-24T05:44:27+09:00,정합 불일치,1,0
scene06,scenes/main/scene06_overpass_spiral.py,_archive/_delete_candidates,260827_v3w1_lib_C_smoke,2026-08-24 00:33,2026-08-24 01:20,Y,?,n/a,OFF,"{""hazard_stairs"": false, ""keep_dressing"": true}",test,1,1,1,1,1,1,50de4892,2026-08-24T05:44:27+09:00,정합 불일치,1,1
scene06,scenes/main/scene06_overpass_spiral.py,v3_library,260827_v3w1_lib_C,2026-08-24 01:22,2026-08-24 03:04,Y,C,round-name suffix,OFF,"{""hazard_stairs"": false, ""keep_dressing"": true}",test,24,24,24,1,1,1,50de4892,2026-08-24T05:44:27+09:00,정합 불일치,1,1
scene07,scenes/main/scene07_temple_stone_path.py,_archive/scene_dev_2607,260731_s07_recache,2026-07-30 16:38,2026-07-30 16:39,Y,?,n/a,?,,train,8,0,0,0,0,1,c37e4a03,2026-08-15T02:40:57+09:00,정합 불일치,0,0
scene07,scenes/main/scene07_temple_stone_path.py,v2_corpus,260819_main_on,2026-08-19 22:42,2026-08-23 22:37,,on,round-name suffix,ON,"{""hazard_stairs"": true}",train,24,24,0,1,1,1,c37e4a03,2026-08-15T02:40:57+09:00,정합,1,0
scene07,scenes/main/scene07_temple_stone_path.py,v2_corpus,260819_main_off,2026-08-19 22:44,2026-08-20 01:31,,off,round-name suffix,OFF,"{""hazard_stairs"": false}",train,24,24,0,1,1,1,c37e4a03,2026-08-15T02:40:57+09:00,정합,1,0
scene07,scenes/main/scene07_temple_stone_path.py,v2_corpus,260820_boost_e2_off_g7fixM,2026-08-20 01:31,2026-08-20 19:06,,off,round-name suffix,OFF,"{""hazard_stairs"": false}",train,24,24,0,1,1,1,c37e4a03,2026-08-15T02:40:57+09:00,정합,1,0
scene07,scenes/main/scene07_temple_stone_path.py,v2_corpus,260820_boost_e2_on_g7fixM,2026-08-20 01:31,2026-08-20 19:04,,on,round-name suffix,ON,"{""hazard_stairs"": true}",train,24,24,0,1,1,1,c37e4a03,2026-08-15T02:40:57+09:00,정합,1,0
scene07,scenes/main/scene07_temple_stone_path.py,v2_corpus,260820_boost_e_off_g7fixM,2026-08-20 01:31,2026-08-20 18:20,,off,round-name suffix,OFF,"{""hazard_stairs"": false}",train,24,24,0,1,1,1,c37e4a03,2026-08-15T02:40:57+09:00,정합,1,0
scene07,scenes/main/scene07_temple_stone_path.py,v2_corpus,260820_boost_e_on_g7fixM,2026-08-20 01:31,2026-08-23 22:38,,on,round-name suffix,ON,"{""hazard_stairs"": true}",train,24,24,0,1,1,1,c37e4a03,2026-08-15T02:40:57+09:00,정합,1,0
scene07,scenes/main/scene07_temple_stone_path.py,_archive/v2_probes,260820_boost_e,2026-08-20 15:57,2026-08-20 16:39,,?,n/a,ON,"{""hazard_stairs"": true}",train,24,24,0,1,1,1,c37e4a03,2026-08-15T02:40:57+09:00,정합,1,0
scene07,scenes/main/scene07_temple_stone_path.py,v2_corpus,260820_boost_e_on,2026-08-20 17:04,2026-08-23 22:38,,on,round-name suffix,ON,"{""hazard_stairs"": true}",train,24,24,0,1,1,1,c37e4a03,2026-08-15T02:40:57+09:00,정합,1,0
scene07,scenes/main/scene07_temple_stone_path.py,v2_corpus,260820_boost_e_on_g7fix,2026-08-20 17:04,2026-08-23 14:27,,on,round-name suffix,ON,"{""hazard_stairs"": true}",train,24,24,0,1,1,1,c37e4a03,2026-08-15T02:40:57+09:00,정합,1,0
scene07,scenes/main/scene07_temple_stone_path.py,v2_corpus,260820_boost_e_off,2026-08-20 17:06,2026-08-20 18:20,,off,round-name suffix,OFF,"{""hazard_stairs"": false}",train,24,24,0,1,1,1,c37e4a03,2026-08-15T02:40:57+09:00,정합,1,0
scene07,scenes/main/scene07_temple_stone_path.py,v2_corpus,260820_boost_e_off_g7fix,2026-08-20 17:06,2026-08-23 14:27,,off,round-name suffix,OFF,"{""hazard_stairs"": false}",train,24,24,0,1,1,1,c37e4a03,2026-08-15T02:40:57+09:00,정합,1,0
scene07,scenes/main/scene07_temple_stone_path.py,v2_corpus,260820_boost_e2_on,2026-08-20 18:24,2026-08-23 22:38,,on,round-name suffix,ON,"{""hazard_stairs"": true}",train,24,24,0,1,1,1,c37e4a03,2026-08-15T02:40:57+09:00,정합,1,0
scene07,scenes/main/scene07_temple_stone_path.py,v2_corpus,260820_boost_e2_on_g7fix,2026-08-20 18:24,2026-08-23 14:27,,on,round-name suffix,ON,"{""hazard_stairs"": true}",train,24,24,0,1,1,1,c37e4a03,2026-08-15T02:40:57+09:00,정합,1,0
scene07,scenes/main/scene07_temple_stone_path.py,v2_corpus,260820_boost_e2_off,2026-08-20 18:27,2026-08-20 19:06,,off,round-name suffix,OFF,"{""hazard_stairs"": false}",train,24,24,0,1,1,1,c37e4a03,2026-08-15T02:40:57+09:00,정합,1,0
scene07,scenes/main/scene07_temple_stone_path.py,v2_corpus,260820_boost_e2_off_g7fix,2026-08-20 18:27,2026-08-23 14:27,,off,round-name suffix,OFF,"{""hazard_stairs"": false}",train,24,24,0,1,1,1,c37e4a03,2026-08-15T02:40:57+09:00,정합,1,0
scene08,scenes/main/scene08_sunken_plaza.py,_archive/scene_dev_2607,260731_s08_recache,2026-07-30 23:22,2026-07-30 23:23,Y,?,n/a,?,,train,24,0,0,0,0,1,50de4892,2026-08-24T05:44:27+09:00,정합 불일치,0,0
scene08,scenes/main/scene08_sunken_plaza.py,_archive/_delete_candidates,260819_patchprobe_oracle,2026-08-19 22:36,2026-08-19 22:37,,?,n/a,ON,"{""hazard_stairs"": true}",train,1,1,0,1,1,1,50de4892,2026-08-24T05:44:27+09:00,정합 불일치,1,0
scene08,scenes/main/scene08_sunken_plaza.py,v2_corpus,260819_main_on,2026-08-19 22:42,2026-08-23 22:37,,on,round-name suffix,ON,"{""hazard_stairs"": true}",train,24,24,0,1,1,1,50de4892,2026-08-24T05:44:27+09:00,정합 불일치,1,0
scene08,scenes/main/scene08_sunken_plaza.py,v2_corpus,260819_main_off,2026-08-19 22:44,2026-08-20 01:31,,off,round-name suffix,OFF,"{""hazard_stairs"": false}",train,24,24,0,1,1,1,50de4892,2026-08-24T05:44:27+09:00,정합 불일치,1,0
scene08,scenes/main/scene08_sunken_plaza.py,v2_corpus,260820_boost_e_off_g7fixM,2026-08-20 01:31,2026-08-20 18:20,,off,round-name suffix,OFF,"{""hazard_stairs"": false}",train,24,24,0,1,1,1,50de4892,2026-08-24T05:44:27+09:00,정합 불일치,1,0
scene08,scenes/main/scene08_sunken_plaza.py,v2_corpus,260820_boost_e_on_g7fixM,2026-08-20 01:31,2026-08-23 22:38,,on,round-name suffix,ON,"{""hazard_stairs"": true}",train,24,24,0,1,1,1,50de4892,2026-08-24T05:44:27+09:00,정합 불일치,1,0
scene08,scenes/main/scene08_sunken_plaza.py,_archive/v2_probes,260820_boost_e,2026-08-20 15:57,2026-08-20 16:39,,?,n/a,ON,"{""hazard_stairs"": true}",train,24,24,0,1,1,1,50de4892,2026-08-24T05:44:27+09:00,정합 불일치,1,0
scene08,scenes/main/scene08_sunken_plaza.py,v2_corpus,260820_boost_e_on,2026-08-20 17:04,2026-08-23 22:38,,on,round-name suffix,ON,"{""hazard_stairs"": true}",train,24,24,0,1,1,1,50de4892,2026-08-24T05:44:27+09:00,정합 불일치,1,0
scene08,scenes/main/scene08_sunken_plaza.py,v2_corpus,260820_boost_e_on_g7fix,2026-08-20 17:04,2026-08-23 14:27,,on,round-name suffix,ON,"{""hazard_stairs"": true}",train,24,24,0,1,1,1,50de4892,2026-08-24T05:44:27+09:00,정합 불일치,1,0
scene08,scenes/main/scene08_sunken_plaza.py,v2_corpus,260820_boost_e_off,2026-08-20 17:06,2026-08-20 18:20,,off,round-name suffix,OFF,"{""hazard_stairs"": false}",train,24,24,0,1,1,1,50de4892,2026-08-24T05:44:27+09:00,정합 불일치,1,0
scene08,scenes/main/scene08_sunken_plaza.py,v2_corpus,260820_boost_e_off_g7fix,2026-08-20 17:06,2026-08-23 14:27,,off,round-name suffix,OFF,"{""hazard_stairs"": false}",train,24,24,0,1,1,1,50de4892,2026-08-24T05:44:27+09:00,정합 불일치,1,0
scene08,scenes/main/scene08_sunken_plaza.py,v3_aux,260825_v3w0_cuecls_A,2026-08-23 15:44,2026-08-23 15:59,Y,A,round-name suffix,ON,"{""hazard_stairs"": true}",train,4,4,0,1,1,1,50de4892,2026-08-24T05:44:27+09:00,정합 불일치,1,0
scene08,scenes/main/scene08_sunken_plaza.py,v3_aux,260825_v3w0_cuecls_Brail,2026-08-23 15:59,2026-08-23 16:06,Y,B*,round-name suffix (cuecls),ON,"{""hazard_stairs"": true, ""cue_railing"": false}",train,4,4,0,1,1,1,50de4892,2026-08-24T05:44:27+09:00,정합 불일치,1,0
scene08,scenes/main/scene08_sunken_plaza.py,v3_aux,260825_v3w0_cuecls_Bdress,2026-08-23 16:14,2026-08-23 16:23,Y,B*,round-name suffix (cuecls),ON,"{""hazard_stairs"": true, ""cue_scene_dressing"": false}",train,4,4,0,1,1,1,50de4892,2026-08-24T05:44:27+09:00,정합 불일치,1,0
scene08,scenes/main/scene08_sunken_plaza.py,_archive/_delete_candidates,260826_v3w1_lib_D_smoke,2026-08-23 16:51,2026-08-23 17:05,Y,?,n/a,OFF,"{""hazard_stairs"": false, ""cue_railing"": false, ""cue_tactile"": false, ""cue_nosing"": false, ""cue_material_break"": false, ""cue_sign"": false, ""cue_scene_dressing"": false}",train,1,1,1,1,1,1,50de4892,2026-08-24T05:44:27+09:00,정합 불일치,1,1
scene08,scenes/main/scene08_sunken_plaza.py,v3_library,260826_v3w1_lib_D,2026-08-23 17:06,2026-08-23 17:58,Y,D,round-name suffix,OFF,"{""hazard_stairs"": false, ""cue_railing"": false, ""cue_tactile"": false, ""cue_nosing"": false, ""cue_material_break"": false, ""cue_sign"": false, ""cue_scene_dressing"": false}",train,24,24,24,1,1,1,50de4892,2026-08-24T05:44:27+09:00,정합 불일치,1,1
scene08,scenes/main/scene08_sunken_plaza.py,v3_library,260826_v3w1_lib_D_e,2026-08-23 17:39,2026-08-23 17:58,Y,?,n/a,OFF,"{""hazard_stairs"": false, ""cue_railing"": false, ""cue_tactile"": false, ""cue_nosing"": false, ""cue_material_break"": false, ""cue_sign"": false, ""cue_scene_dressing"": false}",train,24,24,24,1,1,1,50de4892,2026-08-24T05:44:27+09:00,정합 불일치,1,1
scene08,scenes/main/scene08_sunken_plaza.py,_archive/v3_library,260826_v3w1_lib_B_smoke,2026-08-23 18:17,2026-08-23 18:23,Y,?,n/a,ON,"{""hazard_stairs"": true, ""cue_scene_dressing"": false, ""cue_sign"": false}",train,1,1,1,1,1,1,50de4892,2026-08-24T05:44:27+09:00,정합 불일치,1,1
scene08,scenes/main/scene08_sunken_plaza.py,v3_library,260826_v3w1_lib_B,2026-08-23 18:23,2026-08-23 19:30,Y,B,round-name suffix,ON,"{""hazard_stairs"": true, ""cue_scene_dressing"": false, ""cue_sign"": false}",train,24,24,24,1,1,1,50de4892,2026-08-24T05:44:27+09:00,정합 불일치,1,1
scene08,scenes/main/scene08_sunken_plaza.py,_archive/v3_library,260826_v3w1_lib_B_e,2026-08-23 18:57,2026-08-23 19:30,Y,?,n/a,ON,"{""hazard_stairs"": true, ""cue_scene_dressing"": false, ""cue_sign"": false}",train,24,24,24,1,1,1,50de4892,2026-08-24T05:44:27+09:00,정합 불일치,1,1
scene08,scenes/main/scene08_sunken_plaza.py,_archive/_delete_candidates,260826_v3w1_lib_B2_smoke,2026-08-23 19:48,2026-08-23 19:53,Y,?,n/a,ON,"{""hazard_stairs"": true, ""cue_scene_dressing"": false, ""cue_sign"": false, ""cue_material_break"": false}",train,1,1,1,1,1,1,50de4892,2026-08-24T05:44:27+09:00,정합 불일치,1,1
scene08,scenes/main/scene08_sunken_plaza.py,v3_library,260826_v3w1_lib_B2,2026-08-23 19:53,2026-08-23 20:46,Y,?,n/a,ON,"{""hazard_stairs"": true, ""cue_scene_dressing"": false, ""cue_sign"": false, ""cue_material_break"": false}",train,24,24,24,1,1,1,50de4892,2026-08-24T05:44:27+09:00,정합 불일치,1,1
scene08,scenes/main/scene08_sunken_plaza.py,v3_library,260826_v3w1_lib_B2_e,2026-08-23 20:22,2026-08-23 20:46,Y,?,n/a,ON,"{""hazard_stairs"": true, ""cue_scene_dressing"": false, ""cue_sign"": false, ""cue_material_break"": false}",train,24,24,24,1,1,1,50de4892,2026-08-24T05:44:27+09:00,정합 불일치,1,1
scene08,scenes/main/scene08_sunken_plaza.py,v3_aux,260826_v3a_segfill,2026-08-23 20:46,2026-08-23 21:49,Y,?,n/a,ON,"{""hazard_stairs"": true}",train,24,24,24,1,1,1,50de4892,2026-08-24T05:44:27+09:00,정합 불일치,1,1
scene08,scenes/main/scene08_sunken_plaza.py,v3_aux,260826_v3a_segfill_e,2026-08-23 21:56,2026-08-23 22:22,Y,?,n/a,ON,"{""hazard_stairs"": true}",train,24,24,24,1,1,1,50de4892,2026-08-24T05:44:27+09:00,정합 불일치,1,1
scene08,scenes/main/scene08_sunken_plaza.py,_archive/v3_aux,260827_v3w1c_hashgate,2026-08-24 00:25,2026-08-24 01:03,Y,?,n/a,ON,"{""hazard_stairs"": true}",train,1,1,0,1,1,1,50de4892,2026-08-24T05:44:27+09:00,정합 불일치,1,0
scene08,scenes/main/scene08_sunken_plaza.py,_archive/_delete_candidates,260827_v3w1_lib_C_smoke,2026-08-24 00:33,2026-08-24 01:20,Y,?,n/a,OFF,"{""hazard_stairs"": false, ""keep_dressing"": true}",train,1,1,1,1,1,1,50de4892,2026-08-24T05:44:27+09:00,정합 불일치,1,1
scene08,scenes/main/scene08_sunken_plaza.py,v3_library,260827_v3w1_lib_C,2026-08-24 01:22,2026-08-24 03:04,Y,C,round-name suffix,OFF,"{""hazard_stairs"": false, ""keep_dressing"": true}",train,24,24,24,1,1,1,50de4892,2026-08-24T05:44:27+09:00,정합 불일치,1,1
scene08,scenes/main/scene08_sunken_plaza.py,v3_library,260827_v3w1_lib_C_e,2026-08-24 02:26,2026-08-24 03:04,Y,?,n/a,OFF,"{""hazard_stairs"": false, ""keep_dressing"": true}",train,24,24,24,1,1,1,50de4892,2026-08-24T05:44:27+09:00,정합 불일치,1,1
scene09,scenes/main/scene09_ghat_riverfront.py,_archive/scene_dev_2607,260731_data_s09,2026-07-30 23:00,2026-07-30 23:00,Y,?,n/a,?,,train,12,0,0,0,0,1,c37e4a03,2026-08-15T02:40:57+09:00,정합 불일치,0,0
scene09,scenes/main/scene09_ghat_riverfront.py,v2_corpus,260819_main_on,2026-08-19 22:42,2026-08-23 22:37,,on,round-name suffix,ON,"{""hazard_stairs"": true}",train,24,24,24,1,1,1,c37e4a03,2026-08-15T02:40:57+09:00,정합,1,1
scene09,scenes/main/scene09_ghat_riverfront.py,v2_corpus,260819_main_off,2026-08-19 22:44,2026-08-20 01:31,,off,round-name suffix,OFF,"{""hazard_stairs"": false}",train,24,24,0,1,1,1,c37e4a03,2026-08-15T02:40:57+09:00,정합,1,0
scene09,scenes/main/scene09_ghat_riverfront.py,_archive/v2_probes,260820_boost_h,2026-08-20 15:46,2026-08-20 15:56,,?,n/a,ON,"{""hazard_stairs"": true}",train,24,24,0,1,1,1,c37e4a03,2026-08-15T02:40:57+09:00,정합,1,0
scene09,scenes/main/scene09_ghat_riverfront.py,_archive/v2_probes,260820_boost_e,2026-08-20 15:57,2026-08-20 16:39,,?,n/a,ON,"{""hazard_stairs"": true}",train,24,24,0,1,1,1,c37e4a03,2026-08-15T02:40:57+09:00,정합,1,0
scene09,scenes/main/scene09_ghat_riverfront.py,v2_corpus,260820_boost_h_on,2026-08-20 16:41,2026-08-23 22:37,,on,round-name suffix,ON,"{""hazard_stairs"": true}",train,24,24,0,1,1,1,c37e4a03,2026-08-15T02:40:57+09:00,정합,1,0
scene09,scenes/main/scene09_ghat_riverfront.py,v2_corpus,260820_boost_h_off,2026-08-20 16:44,2026-08-20 17:03,,off,round-name suffix,OFF,"{""hazard_stairs"": false}",train,24,24,0,1,1,1,c37e4a03,2026-08-15T02:40:57+09:00,정합,1,0
scene09,scenes/main/scene09_ghat_riverfront.py,v2_corpus,260820_boost_e_on,2026-08-20 17:04,2026-08-23 22:38,,on,round-name suffix,ON,"{""hazard_stairs"": true}",train,24,24,24,1,1,1,c37e4a03,2026-08-15T02:40:57+09:00,정합,1,1
scene09,scenes/main/scene09_ghat_riverfront.py,v2_corpus,260820_boost_e_on_g7fix,2026-08-20 17:04,2026-08-23 14:27,,on,round-name suffix,ON,"{""hazard_stairs"": true}",train,24,24,0,1,1,1,c37e4a03,2026-08-15T02:40:57+09:00,정합,1,0
scene09,scenes/main/scene09_ghat_riverfront.py,v2_corpus,260820_boost_e_off,2026-08-20 17:06,2026-08-20 18:20,,off,round-name suffix,OFF,"{""hazard_stairs"": false}",train,24,24,0,1,1,1,c37e4a03,2026-08-15T02:40:57+09:00,정합,1,0
scene09,scenes/main/scene09_ghat_riverfront.py,v2_corpus,260820_boost_e_off_g7fix,2026-08-20 17:06,2026-08-23 14:27,,off,round-name suffix,OFF,"{""hazard_stairs"": false}",train,24,24,0,1,1,1,c37e4a03,2026-08-15T02:40:57+09:00,정합,1,0
scene09,scenes/main/scene09_ghat_riverfront.py,v3_aux,260825_v3w0_cuecls_A,2026-08-23 15:44,2026-08-23 15:59,Y,A,round-name suffix,ON,"{""hazard_stairs"": true}",train,4,4,0,1,1,1,c37e4a03,2026-08-15T02:40:57+09:00,정합,1,0
scene09,scenes/main/scene09_ghat_riverfront.py,v3_aux,260825_v3w0_cuecls_Bdress,2026-08-23 16:14,2026-08-23 16:23,Y,B*,round-name suffix (cuecls),ON,"{""hazard_stairs"": true, ""cue_scene_dressing"": false}",train,4,4,0,1,1,1,c37e4a03,2026-08-15T02:40:57+09:00,정합,1,0
scene09,scenes/main/scene09_ghat_riverfront.py,_archive/_delete_candidates,260826_v3w1_lib_D_smoke,2026-08-23 16:51,2026-08-23 17:05,Y,?,n/a,OFF,"{""hazard_stairs"": false, ""cue_railing"": false, ""cue_tactile"": false, ""cue_nosing"": false, ""cue_material_break"": false, ""cue_sign"": false, ""cue_scene_dressing"": false}",train,1,1,1,1,1,1,c37e4a03,2026-08-15T02:40:57+09:00,정합,1,1
scene09,scenes/main/scene09_ghat_riverfront.py,v3_library,260826_v3w1_lib_D,2026-08-23 17:06,2026-08-23 17:58,Y,D,round-name suffix,OFF,"{""hazard_stairs"": false, ""cue_railing"": false, ""cue_tactile"": false, ""cue_nosing"": false, ""cue_material_break"": false, ""cue_sign"": false, ""cue_scene_dressing"": false}",train,24,24,24,1,1,1,c37e4a03,2026-08-15T02:40:57+09:00,정합,1,1
scene09,scenes/main/scene09_ghat_riverfront.py,v3_library,260826_v3w1_lib_D_h,2026-08-23 17:36,2026-08-23 17:39,Y,?,n/a,OFF,"{""hazard_stairs"": false, ""cue_railing"": false, ""cue_tactile"": false, ""cue_nosing"": false, ""cue_material_break"": false, ""cue_sign"": false, ""cue_scene_dressing"": false}",train,24,24,24,1,1,1,c37e4a03,2026-08-15T02:40:57+09:00,정합,1,1
scene09,scenes/main/scene09_ghat_riverfront.py,v3_library,260826_v3w1_lib_D_e,2026-08-23 17:39,2026-08-23 17:58,Y,?,n/a,OFF,"{""hazard_stairs"": false, ""cue_railing"": false, ""cue_tactile"": false, ""cue_nosing"": false, ""cue_material_break"": false, ""cue_sign"": false, ""cue_scene_dressing"": false}",train,24,24,24,1,1,1,c37e4a03,2026-08-15T02:40:57+09:00,정합,1,1
scene09,scenes/main/scene09_ghat_riverfront.py,_archive/v3_library,260826_v3w1_lib_B_smoke,2026-08-23 18:17,2026-08-23 18:23,Y,?,n/a,ON,"{""hazard_stairs"": true, ""cue_sign"": false}",train,1,1,1,1,1,1,c37e4a03,2026-08-15T02:40:57+09:00,정합,1,1
scene09,scenes/main/scene09_ghat_riverfront.py,v3_library,260826_v3w1_lib_B,2026-08-23 18:23,2026-08-23 19:30,Y,B,round-name suffix,ON,"{""hazard_stairs"": true, ""cue_sign"": false}",train,24,24,24,1,1,1,c37e4a03,2026-08-15T02:40:57+09:00,정합,1,1
scene09,scenes/main/scene09_ghat_riverfront.py,_archive/v3_library,260826_v3w1_lib_B_h,2026-08-23 18:53,2026-08-23 18:56,Y,?,n/a,ON,"{""hazard_stairs"": true, ""cue_sign"": false}",train,24,24,24,1,1,1,c37e4a03,2026-08-15T02:40:57+09:00,정합,1,1
scene09,scenes/main/scene09_ghat_riverfront.py,_archive/v3_library,260826_v3w1_lib_B_e,2026-08-23 18:57,2026-08-23 19:30,Y,?,n/a,ON,"{""hazard_stairs"": true, ""cue_sign"": false}",train,24,24,24,1,1,1,c37e4a03,2026-08-15T02:40:57+09:00,정합,1,1
scene09,scenes/main/scene09_ghat_riverfront.py,_archive/_delete_candidates,260826_v3w1_lib_B2_smoke,2026-08-23 19:48,2026-08-23 19:53,Y,?,n/a,ON,"{""hazard_stairs"": true, ""cue_sign"": false, ""cue_material_break"": false}",train,1,1,1,1,1,1,c37e4a03,2026-08-15T02:40:57+09:00,정합,1,1
scene09,scenes/main/scene09_ghat_riverfront.py,v3_library,260826_v3w1_lib_B2,2026-08-23 19:53,2026-08-23 20:46,Y,?,n/a,ON,"{""hazard_stairs"": true, ""cue_sign"": false, ""cue_material_break"": false}",train,24,24,24,1,1,1,c37e4a03,2026-08-15T02:40:57+09:00,정합,1,1
scene09,scenes/main/scene09_ghat_riverfront.py,v3_library,260826_v3w1_lib_B2_h,2026-08-23 20:18,2026-08-23 20:22,Y,?,n/a,ON,"{""hazard_stairs"": true, ""cue_sign"": false, ""cue_material_break"": false}",train,24,24,24,1,1,1,c37e4a03,2026-08-15T02:40:57+09:00,정합,1,1
scene09,scenes/main/scene09_ghat_riverfront.py,v3_library,260826_v3w1_lib_B2_e,2026-08-23 20:22,2026-08-23 20:46,Y,?,n/a,ON,"{""hazard_stairs"": true, ""cue_sign"": false, ""cue_material_break"": false}",train,24,24,24,1,1,1,c37e4a03,2026-08-15T02:40:57+09:00,정합,1,1
scene09,scenes/main/scene09_ghat_riverfront.py,v3_aux,260826_v3a_segfill,2026-08-23 20:46,2026-08-23 21:49,Y,?,n/a,ON,"{""hazard_stairs"": true}",train,24,24,24,1,1,1,c37e4a03,2026-08-15T02:40:57+09:00,정합,1,1
scene09,scenes/main/scene09_ghat_riverfront.py,v3_aux,260826_v3a_segfill_h,2026-08-23 21:50,2026-08-23 21:55,Y,?,n/a,ON,"{""hazard_stairs"": true}",train,24,24,24,1,1,1,c37e4a03,2026-08-15T02:40:57+09:00,정합,1,1
scene09,scenes/main/scene09_ghat_riverfront.py,v3_aux,260826_v3a_segfill_e,2026-08-23 21:56,2026-08-23 22:22,Y,?,n/a,ON,"{""hazard_stairs"": true}",train,24,24,24,1,1,1,c37e4a03,2026-08-15T02:40:57+09:00,정합,1,1
scene09,scenes/main/scene09_ghat_riverfront.py,_archive/_delete_candidates,260827_v3w1_lib_C_smoke,2026-08-24 00:33,2026-08-24 01:20,Y,?,n/a,OFF,"{""hazard_stairs"": false}",train,1,1,1,1,1,1,c37e4a03,2026-08-15T02:40:57+09:00,정합,1,1
scene09,scenes/main/scene09_ghat_riverfront.py,v3_library,260827_v3w1_lib_C,2026-08-24 01:22,2026-08-24 03:04,Y,C,round-name suffix,OFF,"{""hazard_stairs"": false}",train,24,24,24,1,1,1,c37e4a03,2026-08-15T02:40:57+09:00,정합,1,1
scene09,scenes/main/scene09_ghat_riverfront.py,v3_library,260827_v3w1_lib_C_h,2026-08-24 02:18,2026-08-24 02:24,Y,?,n/a,OFF,"{""hazard_stairs"": false}",train,24,24,24,1,1,1,c37e4a03,2026-08-15T02:40:57+09:00,정합,1,1
scene09,scenes/main/scene09_ghat_riverfront.py,v3_library,260827_v3w1_lib_C_e,2026-08-24 02:26,2026-08-24 03:04,Y,?,n/a,OFF,"{""hazard_stairs"": false}",train,24,24,24,1,1,1,c37e4a03,2026-08-15T02:40:57+09:00,정합,1,1
scene09,scenes/main/scene09_ghat_riverfront.py,_archive/_delete_candidates,260827_v3w1_lib_B3_smoke,2026-08-24 07:02,2026-08-24 07:04,Y,?,n/a,ON,"{""hazard_stairs"": true, ""cue_sign"": false, ""cue_material_break"": false, ""cue_scene_dressing"": false}",train,1,1,1,1,1,1,c37e4a03,2026-08-15T02:40:57+09:00,정합,1,1
scene09,scenes/main/scene09_ghat_riverfront.py,v3_library,260827_v3w1_lib_B3,2026-08-24 07:04,2026-08-24 07:15,Y,?,n/a,ON,"{""hazard_stairs"": true, ""cue_sign"": false, ""cue_material_break"": false, ""cue_scene_dressing"": false}",train,24,24,24,1,1,1,c37e4a03,2026-08-15T02:40:57+09:00,정합,1,1
scene09,scenes/main/scene09_ghat_riverfront.py,v3_library,260827_v3w1_lib_B3_h,2026-08-24 07:15,2026-08-24 07:17,Y,?,n/a,ON,"{""hazard_stairs"": true, ""cue_sign"": false, ""cue_material_break"": false, ""cue_scene_dressing"": false}",train,24,24,24,1,1,1,c37e4a03,2026-08-15T02:40:57+09:00,정합,1,1
scene09,scenes/main/scene09_ghat_riverfront.py,v3_library,260827_v3w1_lib_B3_e,2026-08-24 07:17,2026-08-24 07:25,Y,?,n/a,ON,"{""hazard_stairs"": true, ""cue_sign"": false, ""cue_material_break"": false, ""cue_scene_dressing"": false}",train,24,24,24,1,1,1,c37e4a03,2026-08-15T02:40:57+09:00,정합,1,1
scene10,scenes/main/scene10_park_deck_switchback.py,_archive/scene_dev_2607,260731_data_s10,2026-07-30 18:43,2026-07-30 18:44,Y,?,n/a,?,,test,8,0,0,0,0,1,50de4892,2026-08-24T05:44:27+09:00,정합 불일치,0,0
scene10,scenes/main/scene10_park_deck_switchback.py,v2_corpus,260819_main_on,2026-08-19 22:42,2026-08-23 22:37,,on,round-name suffix,ON,"{""hazard_stairs"": true}",test,24,24,24,1,1,1,50de4892,2026-08-24T05:44:27+09:00,정합 불일치,1,1
scene10,scenes/main/scene10_park_deck_switchback.py,v2_corpus,260819_main_off,2026-08-19 22:44,2026-08-20 01:31,,off,round-name suffix,OFF,"{""hazard_stairs"": false}",test,24,24,0,1,1,1,50de4892,2026-08-24T05:44:27+09:00,정합 불일치,1,0
scene10,scenes/main/scene10_park_deck_switchback.py,v3_aux,260825_v3w0_cuecls_A,2026-08-23 15:44,2026-08-23 15:59,Y,A,round-name suffix,ON,"{""hazard_stairs"": true}",test,4,4,0,1,1,1,50de4892,2026-08-24T05:44:27+09:00,정합 불일치,1,0
scene10,scenes/main/scene10_park_deck_switchback.py,v3_aux,260825_v3w0_cuecls_Brail,2026-08-23 15:59,2026-08-23 16:06,Y,B*,round-name suffix (cuecls),ON,"{""hazard_stairs"": true, ""cue_railing"": false}",test,4,4,0,1,1,1,50de4892,2026-08-24T05:44:27+09:00,정합 불일치,1,0
scene10,scenes/main/scene10_park_deck_switchback.py,v3_aux,260825_v3w0_cuecls_Bdress,2026-08-23 16:14,2026-08-23 16:23,Y,B*,round-name suffix (cuecls),ON,"{""hazard_stairs"": true, ""cue_scene_dressing"": false}",test,4,4,0,1,1,1,50de4892,2026-08-24T05:44:27+09:00,정합 불일치,1,0
scene10,scenes/main/scene10_park_deck_switchback.py,_archive/_delete_candidates,260826_v3w1_lib_D_smoke,2026-08-23 16:51,2026-08-23 17:05,Y,?,n/a,OFF,"{""hazard_stairs"": false, ""cue_railing"": false, ""cue_tactile"": false, ""cue_nosing"": false, ""cue_material_break"": false, ""cue_sign"": false, ""cue_scene_dressing"": false}",test,1,1,1,1,1,1,50de4892,2026-08-24T05:44:27+09:00,정합 불일치,1,1
scene10,scenes/main/scene10_park_deck_switchback.py,v3_library,260826_v3w1_lib_D,2026-08-23 17:06,2026-08-23 17:58,Y,D,round-name suffix,OFF,"{""hazard_stairs"": false, ""cue_railing"": false, ""cue_tactile"": false, ""cue_nosing"": false, ""cue_material_break"": false, ""cue_sign"": false, ""cue_scene_dressing"": false}",test,24,24,24,1,1,1,50de4892,2026-08-24T05:44:27+09:00,정합 불일치,1,1
scene10,scenes/main/scene10_park_deck_switchback.py,v3_aux,260826_v3a_segfill,2026-08-23 20:46,2026-08-23 21:49,Y,?,n/a,ON,"{""hazard_stairs"": true}",test,24,24,24,1,1,1,50de4892,2026-08-24T05:44:27+09:00,정합 불일치,1,1
scene10,scenes/main/scene10_park_deck_switchback.py,_archive/v3_aux,260827_v3w1c_hashgate,2026-08-24 00:25,2026-08-24 01:03,Y,?,n/a,ON,"{""hazard_stairs"": true}",test,1,1,0,1,1,1,50de4892,2026-08-24T05:44:27+09:00,정합 불일치,1,0
scene10,scenes/main/scene10_park_deck_switchback.py,_archive/_delete_candidates,260827_v3w1_lib_C_smoke,2026-08-24 00:33,2026-08-24 01:20,Y,?,n/a,OFF,"{""hazard_stairs"": false, ""keep_dressing"": true}",test,1,1,1,1,1,1,50de4892,2026-08-24T05:44:27+09:00,정합 불일치,1,1
scene10,scenes/main/scene10_park_deck_switchback.py,v3_library,260827_v3w1_lib_C,2026-08-24 01:22,2026-08-24 03:04,Y,C,round-name suffix,OFF,"{""hazard_stairs"": false, ""keep_dressing"": true}",test,24,24,24,1,1,1,50de4892,2026-08-24T05:44:27+09:00,정합 불일치,1,1
scene11,scenes/main/scene11_footbridge_stairs.py,v2_corpus,260819_main_on,2026-08-19 22:42,2026-08-23 22:37,,on,round-name suffix,ON,"{""hazard_stairs"": true}",train,24,24,0,1,1,1,b1c9d9df,2026-08-13T18:04:13+09:00,정합,1,0
scene11,scenes/main/scene11_footbridge_stairs.py,v2_corpus,260819_main_off,2026-08-19 22:44,2026-08-20 01:31,,off,round-name suffix,OFF,"{""hazard_stairs"": false}",train,24,23,0,1,1,1,b1c9d9df,2026-08-13T18:04:13+09:00,정합,0,0
scene12,scenes/main/scene12_riverside_deck.py,_archive/_delete_candidates,260819_patchprobe_oracle,2026-08-19 22:36,2026-08-19 22:37,,?,n/a,ON,"{""hazard_stairs"": true}",test,1,1,0,1,1,1,50de4892,2026-08-24T05:44:27+09:00,정합 불일치,1,0
scene12,scenes/main/scene12_riverside_deck.py,v2_corpus,260819_main_on,2026-08-19 22:42,2026-08-23 22:37,,on,round-name suffix,ON,"{""hazard_stairs"": true}",test,24,24,24,1,1,1,50de4892,2026-08-24T05:44:27+09:00,정합 불일치,1,1
scene12,scenes/main/scene12_riverside_deck.py,v2_corpus,260819_main_off,2026-08-19 22:44,2026-08-20 01:31,,off,round-name suffix,OFF,"{""hazard_stairs"": false}",test,24,24,0,1,1,1,50de4892,2026-08-24T05:44:27+09:00,정합 불일치,1,0
scene12,scenes/main/scene12_riverside_deck.py,v2_corpus,260820_boost_e2_off_g7fixM,2026-08-20 01:31,2026-08-20 19:06,,off,round-name suffix,OFF,"{""hazard_stairs"": false}",test,24,24,0,1,1,1,50de4892,2026-08-24T05:44:27+09:00,정합 불일치,1,0
scene12,scenes/main/scene12_riverside_deck.py,v2_corpus,260820_boost_e2_on_g7fixM,2026-08-20 01:31,2026-08-20 19:04,,on,round-name suffix,ON,"{""hazard_stairs"": true}",test,24,24,0,1,1,1,50de4892,2026-08-24T05:44:27+09:00,정합 불일치,1,0
scene12,scenes/main/scene12_riverside_deck.py,v2_corpus,260820_boost_e_off_g7fixM,2026-08-20 01:31,2026-08-20 18:20,,off,round-name suffix,OFF,"{""hazard_stairs"": false}",test,24,24,0,1,1,1,50de4892,2026-08-24T05:44:27+09:00,정합 불일치,1,0
scene12,scenes/main/scene12_riverside_deck.py,v2_corpus,260820_boost_e_on_g7fixM,2026-08-20 01:31,2026-08-23 22:38,,on,round-name suffix,ON,"{""hazard_stairs"": true}",test,24,24,24,1,1,1,50de4892,2026-08-24T05:44:27+09:00,정합 불일치,1,1
scene12,scenes/main/scene12_riverside_deck.py,_archive/v2_probes,260820_boost_e,2026-08-20 15:57,2026-08-20 16:39,,?,n/a,ON,"{""hazard_stairs"": true}",test,24,24,0,1,1,1,50de4892,2026-08-24T05:44:27+09:00,정합 불일치,1,0
scene12,scenes/main/scene12_riverside_deck.py,v2_corpus,260820_boost_e_on,2026-08-20 17:04,2026-08-23 22:38,,on,round-name suffix,ON,"{""hazard_stairs"": true}",test,24,24,24,1,1,1,50de4892,2026-08-24T05:44:27+09:00,정합 불일치,1,1
scene12,scenes/main/scene12_riverside_deck.py,v2_corpus,260820_boost_e_on_g7fix,2026-08-20 17:04,2026-08-23 14:27,,on,round-name suffix,ON,"{""hazard_stairs"": true}",test,24,24,0,1,1,1,50de4892,2026-08-24T05:44:27+09:00,정합 불일치,1,0
scene12,scenes/main/scene12_riverside_deck.py,v2_corpus,260820_boost_e_off,2026-08-20 17:06,2026-08-20 18:20,,off,round-name suffix,OFF,"{""hazard_stairs"": false}",test,24,24,0,1,1,1,50de4892,2026-08-24T05:44:27+09:00,정합 불일치,1,0
scene12,scenes/main/scene12_riverside_deck.py,v2_corpus,260820_boost_e_off_g7fix,2026-08-20 17:06,2026-08-23 14:27,,off,round-name suffix,OFF,"{""hazard_stairs"": false}",test,24,24,0,1,1,1,50de4892,2026-08-24T05:44:27+09:00,정합 불일치,1,0
scene12,scenes/main/scene12_riverside_deck.py,v2_corpus,260820_boost_e2_on,2026-08-20 18:24,2026-08-23 22:38,,on,round-name suffix,ON,"{""hazard_stairs"": true}",test,24,24,0,1,1,1,50de4892,2026-08-24T05:44:27+09:00,정합 불일치,1,0
scene12,scenes/main/scene12_riverside_deck.py,v2_corpus,260820_boost_e2_on_g7fix,2026-08-20 18:24,2026-08-23 14:27,,on,round-name suffix,ON,"{""hazard_stairs"": true}",test,24,24,0,1,1,1,50de4892,2026-08-24T05:44:27+09:00,정합 불일치,1,0
scene12,scenes/main/scene12_riverside_deck.py,v2_corpus,260820_boost_e2_off,2026-08-20 18:27,2026-08-20 19:06,,off,round-name suffix,OFF,"{""hazard_stairs"": false}",test,24,24,0,1,1,1,50de4892,2026-08-24T05:44:27+09:00,정합 불일치,1,0
scene12,scenes/main/scene12_riverside_deck.py,v2_corpus,260820_boost_e2_off_g7fix,2026-08-20 18:27,2026-08-23 14:27,,off,round-name suffix,OFF,"{""hazard_stairs"": false}",test,24,24,0,1,1,1,50de4892,2026-08-24T05:44:27+09:00,정합 불일치,1,0
scene12,scenes/main/scene12_riverside_deck.py,cueoff,260823_cueoff_A,2026-08-23 04:53,2026-08-23 05:10,,A,round-name suffix,ON,"{""hazard_stairs"": true}",test,24,24,0,1,1,1,50de4892,2026-08-24T05:44:27+09:00,정합 불일치,1,0
scene12,scenes/main/scene12_riverside_deck.py,cueoff,260823_cueoff_B2,2026-08-23 04:55,2026-08-23 05:11,,?,n/a,ON,"{""hazard_stairs"": true, ""cue_railing"": false}",test,24,24,0,1,1,1,50de4892,2026-08-24T05:44:27+09:00,정합 불일치,1,0
scene12,scenes/main/scene12_riverside_deck.py,cueoff,260823_cueoff_B1,2026-08-23 04:57,2026-08-23 05:12,,?,n/a,ON,"{""hazard_stairs"": true, ""cue_railing"": false, ""cue_material_break"": false, ""cue_scene_dressing"": false}",test,24,24,0,1,1,1,50de4892,2026-08-24T05:44:27+09:00,정합 불일치,1,0
scene12,scenes/main/scene12_riverside_deck.py,cueoff,260823_cueoff_P,2026-08-23 04:58,2026-08-23 05:14,,?,n/a,ON,"{""hazard_stairs"": true, ""placebo_remove"": true}",test,24,24,0,1,1,1,50de4892,2026-08-24T05:44:27+09:00,정합 불일치,1,0
scene12,scenes/main/scene12_riverside_deck.py,cueoff,260823_cueoff_C,2026-08-23 05:00,2026-08-23 05:16,,C,round-name suffix,OFF,"{""hazard_stairs"": false, ""keep_dressing"": true}",test,24,24,0,1,1,1,50de4892,2026-08-24T05:44:27+09:00,정합 불일치,1,0
scene12,scenes/main/scene12_riverside_deck.py,cueoff,260823_cueoff2_A,2026-08-23 05:16,2026-08-23 05:18,,A,round-name suffix,ON,"{""hazard_stairs"": true}",test,24,24,0,1,1,1,50de4892,2026-08-24T05:44:27+09:00,정합 불일치,1,0
scene12,scenes/main/scene12_riverside_deck.py,cueoff,260823_cueoff2_B2,2026-08-23 05:18,2026-08-23 05:19,,?,n/a,ON,"{""hazard_stairs"": true, ""cue_railing"": false}",test,24,24,0,1,1,1,50de4892,2026-08-24T05:44:27+09:00,정합 불일치,1,0
scene12,scenes/main/scene12_riverside_deck.py,cueoff,260823_cueoff2_B1,2026-08-23 05:19,2026-08-23 05:20,,?,n/a,ON,"{""hazard_stairs"": true, ""cue_railing"": false, ""cue_material_break"": false, ""cue_scene_dressing"": false}",test,24,24,0,1,1,1,50de4892,2026-08-24T05:44:27+09:00,정합 불일치,1,0
scene12,scenes/main/scene12_riverside_deck.py,cueoff,260823_cueoff2_P,2026-08-23 05:20,2026-08-23 05:22,,?,n/a,ON,"{""hazard_stairs"": true, ""placebo_remove"": true}",test,24,24,0,1,1,1,50de4892,2026-08-24T05:44:27+09:00,정합 불일치,1,0
scene12,scenes/main/scene12_riverside_deck.py,cueoff,260823_cueoff2_C,2026-08-23 05:22,2026-08-23 05:23,,C,round-name suffix,OFF,"{""hazard_stairs"": false, ""keep_dressing"": true}",test,24,24,0,1,1,1,50de4892,2026-08-24T05:44:27+09:00,정합 불일치,1,0
scene12,scenes/main/scene12_riverside_deck.py,_archive/_delete_candidates,260826_v3w1_lib_D_smoke,2026-08-23 16:51,2026-08-23 17:05,Y,?,n/a,OFF,"{""hazard_stairs"": false, ""cue_railing"": false, ""cue_tactile"": false, ""cue_nosing"": false, ""cue_material_break"": false, ""cue_sign"": false, ""cue_scene_dressing"": false}",test,1,1,1,1,1,1,50de4892,2026-08-24T05:44:27+09:00,정합 불일치,1,1
scene12,scenes/main/scene12_riverside_deck.py,v3_library,260826_v3w1_lib_D,2026-08-23 17:06,2026-08-23 17:58,Y,D,round-name suffix,OFF,"{""hazard_stairs"": false, ""cue_railing"": false, ""cue_tactile"": false, ""cue_nosing"": false, ""cue_material_break"": false, ""cue_sign"": false, ""cue_scene_dressing"": false}",test,24,24,24,1,1,1,50de4892,2026-08-24T05:44:27+09:00,정합 불일치,1,1
scene12,scenes/main/scene12_riverside_deck.py,v3_library,260826_v3w1_lib_D_e,2026-08-23 17:39,2026-08-23 17:58,Y,?,n/a,OFF,"{""hazard_stairs"": false, ""cue_railing"": false, ""cue_tactile"": false, ""cue_nosing"": false, ""cue_material_break"": false, ""cue_sign"": false, ""cue_scene_dressing"": false}",test,24,24,24,1,1,1,50de4892,2026-08-24T05:44:27+09:00,정합 불일치,1,1
scene12,scenes/main/scene12_riverside_deck.py,v3_library,260826_v3w1_lib_D_e2,2026-08-23 17:52,2026-08-23 17:58,Y,?,n/a,OFF,"{""hazard_stairs"": false, ""cue_railing"": false, ""cue_tactile"": false, ""cue_nosing"": false, ""cue_material_break"": false, ""cue_sign"": false, ""cue_scene_dressing"": false}",test,24,24,24,1,1,1,50de4892,2026-08-24T05:44:27+09:00,정합 불일치,1,1
scene12,scenes/main/scene12_riverside_deck.py,_archive/v3_library,260826_v3w1_lib_B_smoke,2026-08-23 18:17,2026-08-23 18:23,Y,?,n/a,ON,"{""hazard_stairs"": true, ""cue_railing"": false, ""cue_scene_dressing"": false}",test,1,1,1,1,1,1,50de4892,2026-08-24T05:44:27+09:00,정합 불일치,1,1
scene12,scenes/main/scene12_riverside_deck.py,v3_library,260826_v3w1_lib_B,2026-08-23 18:23,2026-08-23 19:30,Y,B,round-name suffix,ON,"{""hazard_stairs"": true, ""cue_railing"": false, ""cue_scene_dressing"": false}",test,24,24,24,1,1,1,50de4892,2026-08-24T05:44:27+09:00,정합 불일치,1,1
scene12,scenes/main/scene12_riverside_deck.py,_archive/v3_library,260826_v3w1_lib_B_e,2026-08-23 18:57,2026-08-23 19:30,Y,?,n/a,ON,"{""hazard_stairs"": true, ""cue_railing"": false, ""cue_scene_dressing"": false}",test,24,24,24,1,1,1,50de4892,2026-08-24T05:44:27+09:00,정합 불일치,1,1
scene12,scenes/main/scene12_riverside_deck.py,_archive/v3_library,260826_v3w1_lib_B_e2,2026-08-23 19:15,2026-08-23 19:30,Y,?,n/a,ON,"{""hazard_stairs"": true, ""cue_railing"": false, ""cue_scene_dressing"": false}",test,24,24,24,1,1,1,50de4892,2026-08-24T05:44:27+09:00,정합 불일치,1,1
scene12,scenes/main/scene12_riverside_deck.py,_archive/_delete_candidates,260826_v3w1_lib_B2_smoke,2026-08-23 19:48,2026-08-23 19:53,Y,?,n/a,ON,"{""hazard_stairs"": true, ""cue_railing"": false, ""cue_scene_dressing"": false, ""cue_material_break"": false}",test,1,1,1,1,1,1,50de4892,2026-08-24T05:44:27+09:00,정합 불일치,1,1
scene12,scenes/main/scene12_riverside_deck.py,v3_library,260826_v3w1_lib_B2,2026-08-23 19:53,2026-08-23 20:46,Y,?,n/a,ON,"{""hazard_stairs"": true, ""cue_railing"": false, ""cue_scene_dressing"": false, ""cue_material_break"": false}",test,24,24,24,1,1,1,50de4892,2026-08-24T05:44:27+09:00,정합 불일치,1,1
scene12,scenes/main/scene12_riverside_deck.py,v3_library,260826_v3w1_lib_B2_e,2026-08-23 20:22,2026-08-23 20:46,Y,?,n/a,ON,"{""hazard_stairs"": true, ""cue_railing"": false, ""cue_scene_dressing"": false, ""cue_material_break"": false}",test,24,24,24,1,1,1,50de4892,2026-08-24T05:44:27+09:00,정합 불일치,1,1
scene12,scenes/main/scene12_riverside_deck.py,v3_library,260826_v3w1_lib_B2_e2,2026-08-23 20:37,2026-08-23 20:46,Y,?,n/a,ON,"{""hazard_stairs"": true, ""cue_railing"": false, ""cue_scene_dressing"": false, ""cue_material_break"": false}",test,24,24,24,1,1,1,50de4892,2026-08-24T05:44:27+09:00,정합 불일치,1,1
scene12,scenes/main/scene12_riverside_deck.py,v3_aux,260826_v3a_segfill,2026-08-23 20:46,2026-08-23 21:49,Y,?,n/a,ON,"{""hazard_stairs"": true}",test,24,24,24,1,1,1,50de4892,2026-08-24T05:44:27+09:00,정합 불일치,1,1
scene12,scenes/main/scene12_riverside_deck.py,v3_aux,260826_v3a_segfill_e,2026-08-23 21:56,2026-08-23 22:22,Y,?,n/a,ON,"{""hazard_stairs"": true}",test,24,24,24,1,1,1,50de4892,2026-08-24T05:44:27+09:00,정합 불일치,1,1
scene12,scenes/main/scene12_riverside_deck.py,v3_aux,260826_v3a_segfill_e2,2026-08-23 22:22,2026-08-23 22:35,Y,?,n/a,ON,"{""hazard_stairs"": true}",test,24,24,24,1,1,1,50de4892,2026-08-24T05:44:27+09:00,정합 불일치,1,1
scene12,scenes/main/scene12_riverside_deck.py,_archive/v3_aux,260827_v3w1c_hashgate,2026-08-24 00:25,2026-08-24 01:03,Y,?,n/a,ON,"{""hazard_stairs"": true}",test,1,1,0,1,1,1,50de4892,2026-08-24T05:44:27+09:00,정합 불일치,1,0
scene12,scenes/main/scene12_riverside_deck.py,_archive/_delete_candidates,260827_v3w1_lib_C_smoke,2026-08-24 00:33,2026-08-24 01:20,Y,?,n/a,OFF,"{""hazard_stairs"": false, ""keep_dressing"": true}",test,1,1,1,1,1,1,50de4892,2026-08-24T05:44:27+09:00,정합 불일치,1,1
scene12,scenes/main/scene12_riverside_deck.py,v3_library,260827_v3w1_lib_C,2026-08-24 01:22,2026-08-24 03:04,Y,C,round-name suffix,OFF,"{""hazard_stairs"": false, ""keep_dressing"": true}",test,24,24,24,1,1,1,50de4892,2026-08-24T05:44:27+09:00,정합 불일치,1,1
scene12,scenes/main/scene12_riverside_deck.py,v3_library,260827_v3w1_lib_C_e,2026-08-24 02:26,2026-08-24 03:04,Y,?,n/a,OFF,"{""hazard_stairs"": false, ""keep_dressing"": true}",test,24,24,24,1,1,1,50de4892,2026-08-24T05:44:27+09:00,정합 불일치,1,1
scene12,scenes/main/scene12_riverside_deck.py,v3_library,260827_v3w1_lib_C_e2,2026-08-24 02:49,2026-08-24 03:04,Y,?,n/a,OFF,"{""hazard_stairs"": false, ""keep_dressing"": true}",test,24,24,24,1,1,1,50de4892,2026-08-24T05:44:27+09:00,정합 불일치,1,1
scene13,scenes/main/scene13_apartment_parking_entry.py,_archive/scene_dev_2607,260730_s13_recache,2026-07-30 22:50,2026-07-30 22:50,Y,?,n/a,?,,train,12,0,0,0,0,1,fb12e5f0,2026-08-14T23:29:44+09:00,정합 불일치,0,0
scene13,scenes/main/scene13_apartment_parking_entry.py,v2_corpus,260819_main_on,2026-08-19 22:42,2026-08-23 22:37,,on,round-name suffix,ON,"{""hazard_stairs"": true}",train,24,24,0,1,1,1,fb12e5f0,2026-08-14T23:29:44+09:00,정합,1,0
scene13,scenes/main/scene13_apartment_parking_entry.py,v2_corpus,260819_main_off,2026-08-19 22:44,2026-08-20 01:31,,off,round-name suffix,OFF,"{""hazard_stairs"": false}",train,24,24,0,1,1,1,fb12e5f0,2026-08-14T23:29:44+09:00,정합,1,0
scene14,scenes/main/scene14_grandstair_illusion.py,v2_corpus,260819_main_on,2026-08-19 22:42,2026-08-23 22:37,,on,round-name suffix,ON,"{""hazard_stairs"": true}",train,24,24,0,1,1,1,c37e4a03,2026-08-15T02:40:57+09:00,정합,1,0
scene14,scenes/main/scene14_grandstair_illusion.py,v2_corpus,260819_main_off,2026-08-19 22:44,2026-08-20 01:31,,off,round-name suffix,OFF,"{""hazard_stairs"": false}",train,24,24,0,1,1,1,c37e4a03,2026-08-15T02:40:57+09:00,정합,1,0
scene14,scenes/main/scene14_grandstair_illusion.py,_archive/_delete_candidates,260820_probe_h,2026-08-20 15:26,2026-08-20 15:28,,?,n/a,ON,"{""hazard_stairs"": true}",train,2,2,0,1,1,1,c37e4a03,2026-08-15T02:40:57+09:00,정합,1,0
scene14,scenes/main/scene14_grandstair_illusion.py,_archive/_delete_candidates,260820_probe_noenv,2026-08-20 15:27,2026-08-20 15:27,,?,n/a,ON,"{""hazard_stairs"": true}",train,1,1,0,1,1,1,c37e4a03,2026-08-15T02:40:57+09:00,정합,1,0
scene14,scenes/main/scene14_grandstair_illusion.py,_archive/v2_probes,260820_boost_h,2026-08-20 15:46,2026-08-20 15:56,,?,n/a,ON,"{""hazard_stairs"": true}",train,24,24,0,1,1,1,c37e4a03,2026-08-15T02:40:57+09:00,정합,1,0
scene14,scenes/main/scene14_grandstair_illusion.py,_archive/v2_probes,260820_boost_e,2026-08-20 15:57,2026-08-20 16:39,,?,n/a,ON,"{""hazard_stairs"": true}",train,24,24,0,1,1,1,c37e4a03,2026-08-15T02:40:57+09:00,정합,1,0
scene14,scenes/main/scene14_grandstair_illusion.py,v2_corpus,260820_boost_h_on,2026-08-20 16:41,2026-08-23 22:37,,on,round-name suffix,ON,"{""hazard_stairs"": true}",train,24,24,0,1,1,1,c37e4a03,2026-08-15T02:40:57+09:00,정합,1,0
scene14,scenes/main/scene14_grandstair_illusion.py,v2_corpus,260820_boost_h_off,2026-08-20 16:44,2026-08-20 17:03,,off,round-name suffix,OFF,"{""hazard_stairs"": false}",train,24,24,0,1,1,1,c37e4a03,2026-08-15T02:40:57+09:00,정합,1,0
scene14,scenes/main/scene14_grandstair_illusion.py,v2_corpus,260820_boost_e_on,2026-08-20 17:04,2026-08-23 22:38,,on,round-name suffix,ON,"{""hazard_stairs"": true}",train,24,24,0,1,1,1,c37e4a03,2026-08-15T02:40:57+09:00,정합,1,0
scene14,scenes/main/scene14_grandstair_illusion.py,v2_corpus,260820_boost_e_on_g7fix,2026-08-20 17:04,2026-08-23 14:27,,on,round-name suffix,ON,"{""hazard_stairs"": true}",train,24,24,0,1,1,1,c37e4a03,2026-08-15T02:40:57+09:00,정합,1,0
scene14,scenes/main/scene14_grandstair_illusion.py,v2_corpus,260820_boost_e_off,2026-08-20 17:06,2026-08-20 18:20,,off,round-name suffix,OFF,"{""hazard_stairs"": false}",train,24,24,0,1,1,1,c37e4a03,2026-08-15T02:40:57+09:00,정합,1,0
scene14,scenes/main/scene14_grandstair_illusion.py,v2_corpus,260820_boost_e_off_g7fix,2026-08-20 17:06,2026-08-23 14:27,,off,round-name suffix,OFF,"{""hazard_stairs"": false}",train,24,24,0,1,1,1,c37e4a03,2026-08-15T02:40:57+09:00,정합,1,0
scene15,scenes/main/scene15_alley_labyrinth.py,v2_corpus,260819_main_on,2026-08-19 22:42,2026-08-23 22:37,,on,round-name suffix,ON,"{""hazard_stairs"": true}",train,24,24,0,1,1,1,e469c321,2026-08-16T00:27:44+09:00,정합,1,0
scene15,scenes/main/scene15_alley_labyrinth.py,v2_corpus,260819_main_off,2026-08-19 22:44,2026-08-20 01:31,,off,round-name suffix,OFF,"{""hazard_stairs"": false}",train,24,24,0,1,1,1,e469c321,2026-08-16T00:27:44+09:00,정합,1,0
scene15,scenes/main/scene15_alley_labyrinth.py,_archive/v2_probes,260820_boost_h,2026-08-20 15:46,2026-08-20 15:56,,?,n/a,ON,"{""hazard_stairs"": true}",train,24,24,0,1,1,1,e469c321,2026-08-16T00:27:44+09:00,정합,1,0
scene15,scenes/main/scene15_alley_labyrinth.py,_archive/v2_probes,260820_boost_e,2026-08-20 15:57,2026-08-20 16:39,,?,n/a,ON,"{""hazard_stairs"": true}",train,24,24,0,1,1,1,e469c321,2026-08-16T00:27:44+09:00,정합,1,0
scene15,scenes/main/scene15_alley_labyrinth.py,v2_corpus,260820_boost_h_on,2026-08-20 16:41,2026-08-23 22:37,,on,round-name suffix,ON,"{""hazard_stairs"": true}",train,24,24,0,1,1,1,e469c321,2026-08-16T00:27:44+09:00,정합,1,0
scene15,scenes/main/scene15_alley_labyrinth.py,v2_corpus,260820_boost_h_off,2026-08-20 16:44,2026-08-20 17:03,,off,round-name suffix,OFF,"{""hazard_stairs"": false}",train,24,24,0,1,1,1,e469c321,2026-08-16T00:27:44+09:00,정합,1,0
scene15,scenes/main/scene15_alley_labyrinth.py,v2_corpus,260820_boost_e_on,2026-08-20 17:04,2026-08-23 22:38,,on,round-name suffix,ON,"{""hazard_stairs"": true}",train,24,24,0,1,1,1,e469c321,2026-08-16T00:27:44+09:00,정합,1,0
scene15,scenes/main/scene15_alley_labyrinth.py,v2_corpus,260820_boost_e_on_g7fix,2026-08-20 17:04,2026-08-23 14:27,,on,round-name suffix,ON,"{""hazard_stairs"": true}",train,24,24,0,1,1,1,e469c321,2026-08-16T00:27:44+09:00,정합,1,0
scene15,scenes/main/scene15_alley_labyrinth.py,v2_corpus,260820_boost_e_off,2026-08-20 17:06,2026-08-20 18:20,,off,round-name suffix,OFF,"{""hazard_stairs"": false}",train,24,24,0,1,1,1,e469c321,2026-08-16T00:27:44+09:00,정합,1,0
scene15,scenes/main/scene15_alley_labyrinth.py,v2_corpus,260820_boost_e_off_g7fix,2026-08-20 17:06,2026-08-23 14:27,,off,round-name suffix,OFF,"{""hazard_stairs"": false}",train,24,24,0,1,1,1,e469c321,2026-08-16T00:27:44+09:00,정합,1,0
scene16,scenes/main/scene16_canopy_shadow.py,_archive/pilots,260815_datapilot,2026-08-15 01:33,2026-08-15 02:49,,?,n/a,?,,train,24,0,0,0,0,1,50de4892,2026-08-24T05:44:27+09:00,정합 불일치,0,0
scene16,scenes/main/scene16_canopy_shadow.py,_archive/pilots,260815_datapilot_aug,2026-08-15 02:49,2026-08-15 02:51,,?,n/a,?,,train,24,0,0,0,0,0,50de4892,2026-08-24T05:44:27+09:00,정합 불일치,0,0
scene16,scenes/main/scene16_canopy_shadow.py,v2_corpus,260819_main_on,2026-08-19 22:42,2026-08-23 22:37,,on,round-name suffix,ON,"{""hazard_stairs"": true}",train,24,24,24,1,1,1,50de4892,2026-08-24T05:44:27+09:00,정합 불일치,1,1
scene16,scenes/main/scene16_canopy_shadow.py,v2_corpus,260819_main_off,2026-08-19 22:44,2026-08-20 01:31,,off,round-name suffix,OFF,"{""hazard_stairs"": false}",train,24,24,0,1,1,1,50de4892,2026-08-24T05:44:27+09:00,정합 불일치,1,0
scene16,scenes/main/scene16_canopy_shadow.py,v3_aux,260825_v3w0_cuecls_A,2026-08-23 15:44,2026-08-23 15:59,Y,A,round-name suffix,ON,"{""hazard_stairs"": true}",train,4,4,0,1,1,1,50de4892,2026-08-24T05:44:27+09:00,정합 불일치,1,0
scene16,scenes/main/scene16_canopy_shadow.py,v3_aux,260825_v3w0_cuecls_Brail,2026-08-23 15:59,2026-08-23 16:06,Y,B*,round-name suffix (cuecls),ON,"{""hazard_stairs"": true, ""cue_railing"": false}",train,4,4,0,1,1,1,50de4892,2026-08-24T05:44:27+09:00,정합 불일치,1,0
scene16,scenes/main/scene16_canopy_shadow.py,v3_aux,260825_v3w0_cuecls_Bnose,2026-08-23 16:06,2026-08-23 16:09,Y,B*,round-name suffix (cuecls),ON,"{""hazard_stairs"": true, ""cue_nosing"": false}",train,4,4,0,1,1,1,50de4892,2026-08-24T05:44:27+09:00,정합 불일치,1,0
scene16,scenes/main/scene16_canopy_shadow.py,v3_aux,260825_v3w0_cuecls_Bdress,2026-08-23 16:14,2026-08-23 16:23,Y,B*,round-name suffix (cuecls),ON,"{""hazard_stairs"": true, ""cue_scene_dressing"": false}",train,4,4,0,1,1,1,50de4892,2026-08-24T05:44:27+09:00,정합 불일치,1,0
scene16,scenes/main/scene16_canopy_shadow.py,_archive/_delete_candidates,260826_v3w1_lib_D_smoke,2026-08-23 16:51,2026-08-23 17:05,Y,?,n/a,OFF,"{""hazard_stairs"": false, ""cue_railing"": false, ""cue_tactile"": false, ""cue_nosing"": false, ""cue_material_break"": false, ""cue_sign"": false, ""cue_scene_dressing"": false}",train,1,1,1,1,1,1,50de4892,2026-08-24T05:44:27+09:00,정합 불일치,1,1
scene16,scenes/main/scene16_canopy_shadow.py,v3_library,260826_v3w1_lib_D,2026-08-23 17:06,2026-08-23 17:58,Y,D,round-name suffix,OFF,"{""hazard_stairs"": false, ""cue_railing"": false, ""cue_tactile"": false, ""cue_nosing"": false, ""cue_material_break"": false, ""cue_sign"": false, ""cue_scene_dressing"": false}",train,24,24,24,1,1,1,50de4892,2026-08-24T05:44:27+09:00,정합 불일치,1,1
scene16,scenes/main/scene16_canopy_shadow.py,_archive/v3_library,260826_v3w1_lib_B_smoke,2026-08-23 18:17,2026-08-23 18:23,Y,?,n/a,ON,"{""hazard_stairs"": true, ""cue_nosing"": false, ""cue_railing"": false, ""cue_scene_dressing"": false, ""cue_sign"": false}",train,1,1,1,1,1,1,50de4892,2026-08-24T05:44:27+09:00,정합 불일치,1,1
scene16,scenes/main/scene16_canopy_shadow.py,v3_library,260826_v3w1_lib_B,2026-08-23 18:23,2026-08-23 19:30,Y,B,round-name suffix,ON,"{""hazard_stairs"": true, ""cue_nosing"": false, ""cue_railing"": false, ""cue_scene_dressing"": false, ""cue_sign"": false}",train,24,24,24,1,1,1,50de4892,2026-08-24T05:44:27+09:00,정합 불일치,1,1
scene16,scenes/main/scene16_canopy_shadow.py,_archive/_delete_candidates,260826_v3w1_lib_B2_smoke,2026-08-23 19:48,2026-08-23 19:53,Y,?,n/a,ON,"{""hazard_stairs"": true, ""cue_nosing"": false, ""cue_railing"": false, ""cue_scene_dressing"": false, ""cue_sign"": false, ""cue_material_break"": false}",train,1,1,1,1,1,1,50de4892,2026-08-24T05:44:27+09:00,정합 불일치,1,1
scene16,scenes/main/scene16_canopy_shadow.py,v3_library,260826_v3w1_lib_B2,2026-08-23 19:53,2026-08-23 20:46,Y,?,n/a,ON,"{""hazard_stairs"": true, ""cue_nosing"": false, ""cue_railing"": false, ""cue_scene_dressing"": false, ""cue_sign"": false, ""cue_material_break"": false}",train,24,24,24,1,1,1,50de4892,2026-08-24T05:44:27+09:00,정합 불일치,1,1
scene16,scenes/main/scene16_canopy_shadow.py,v3_aux,260826_v3a_segfill,2026-08-23 20:46,2026-08-23 21:49,Y,?,n/a,ON,"{""hazard_stairs"": true}",train,24,24,24,1,1,1,50de4892,2026-08-24T05:44:27+09:00,정합 불일치,1,1
scene16,scenes/main/scene16_canopy_shadow.py,_archive/v3_aux,260827_v3w1c_hashgate,2026-08-24 00:25,2026-08-24 01:03,Y,?,n/a,ON,"{""hazard_stairs"": true}",train,1,1,0,1,1,1,50de4892,2026-08-24T05:44:27+09:00,정합 불일치,1,0
scene16,scenes/main/scene16_canopy_shadow.py,_archive/_delete_candidates,260827_v3w1_lib_C_smoke,2026-08-24 00:33,2026-08-24 01:20,Y,?,n/a,OFF,"{""hazard_stairs"": false, ""keep_dressing"": true}",train,1,1,1,1,1,1,50de4892,2026-08-24T05:44:27+09:00,정합 불일치,1,1
scene16,scenes/main/scene16_canopy_shadow.py,v3_library,260827_v3w1_lib_C,2026-08-24 01:22,2026-08-24 03:04,Y,C,round-name suffix,OFF,"{""hazard_stairs"": false, ""keep_dressing"": true}",train,24,24,24,1,1,1,50de4892,2026-08-24T05:44:27+09:00,정합 불일치,1,1
scene17,scenes/main/scene17_ramp_pair_hangang.py,_archive/scene_dev_2607,260731_data_s17,2026-07-30 22:44,2026-07-30 22:44,Y,?,n/a,?,,train,8,0,0,0,0,1,50de4892,2026-08-24T05:44:27+09:00,정합 불일치,0,0
scene17,scenes/main/scene17_ramp_pair_hangang.py,v2_corpus,260819_main_on,2026-08-19 22:42,2026-08-23 22:37,,on,round-name suffix,ON,"{""hazard_stairs"": true}",train,24,24,24,1,1,1,50de4892,2026-08-24T05:44:27+09:00,정합 불일치,1,1
scene17,scenes/main/scene17_ramp_pair_hangang.py,v2_corpus,260819_main_off,2026-08-19 22:44,2026-08-20 01:31,,off,round-name suffix,OFF,"{""hazard_stairs"": false}",train,24,24,0,1,1,1,50de4892,2026-08-24T05:44:27+09:00,정합 불일치,1,0
scene17,scenes/main/scene17_ramp_pair_hangang.py,_archive/v2_probes,260820_boost_h,2026-08-20 15:46,2026-08-20 15:56,,?,n/a,ON,"{""hazard_stairs"": true}",train,24,24,0,1,1,1,50de4892,2026-08-24T05:44:27+09:00,정합 불일치,1,0
scene17,scenes/main/scene17_ramp_pair_hangang.py,_archive/v2_probes,260820_boost_e,2026-08-20 15:57,2026-08-20 16:39,,?,n/a,ON,"{""hazard_stairs"": true}",train,24,24,0,1,1,1,50de4892,2026-08-24T05:44:27+09:00,정합 불일치,1,0
scene17,scenes/main/scene17_ramp_pair_hangang.py,v2_corpus,260820_boost_h_on,2026-08-20 16:41,2026-08-23 22:37,,on,round-name suffix,ON,"{""hazard_stairs"": true}",train,24,24,24,1,1,1,50de4892,2026-08-24T05:44:27+09:00,정합 불일치,1,1
scene17,scenes/main/scene17_ramp_pair_hangang.py,v2_corpus,260820_boost_h_off,2026-08-20 16:44,2026-08-20 17:03,,off,round-name suffix,OFF,"{""hazard_stairs"": false}",train,24,24,0,1,1,1,50de4892,2026-08-24T05:44:27+09:00,정합 불일치,1,0
scene17,scenes/main/scene17_ramp_pair_hangang.py,v2_corpus,260820_boost_e_on,2026-08-20 17:04,2026-08-23 22:38,,on,round-name suffix,ON,"{""hazard_stairs"": true}",train,24,24,24,1,1,1,50de4892,2026-08-24T05:44:27+09:00,정합 불일치,1,1
scene17,scenes/main/scene17_ramp_pair_hangang.py,v2_corpus,260820_boost_e_on_g7fix,2026-08-20 17:04,2026-08-23 14:27,,on,round-name suffix,ON,"{""hazard_stairs"": true}",train,24,24,0,1,1,1,50de4892,2026-08-24T05:44:27+09:00,정합 불일치,1,0
scene17,scenes/main/scene17_ramp_pair_hangang.py,v2_corpus,260820_boost_e_off,2026-08-20 17:06,2026-08-20 18:20,,off,round-name suffix,OFF,"{""hazard_stairs"": false}",train,24,24,0,1,1,1,50de4892,2026-08-24T05:44:27+09:00,정합 불일치,1,0
scene17,scenes/main/scene17_ramp_pair_hangang.py,v2_corpus,260820_boost_e_off_g7fix,2026-08-20 17:06,2026-08-23 14:27,,off,round-name suffix,OFF,"{""hazard_stairs"": false}",train,24,24,0,1,1,1,50de4892,2026-08-24T05:44:27+09:00,정합 불일치,1,0
scene17,scenes/main/scene17_ramp_pair_hangang.py,cueoff,260823_cueoff_A,2026-08-23 04:53,2026-08-23 05:10,,A,round-name suffix,ON,"{""hazard_stairs"": true}",train,24,24,0,1,1,1,50de4892,2026-08-24T05:44:27+09:00,정합 불일치,1,0
scene17,scenes/main/scene17_ramp_pair_hangang.py,cueoff,260823_cueoff_B1,2026-08-23 04:57,2026-08-23 05:12,,?,n/a,ON,"{""hazard_stairs"": true, ""cue_material_break"": false, ""cue_scene_dressing"": false}",train,24,24,0,1,1,1,50de4892,2026-08-24T05:44:27+09:00,정합 불일치,1,0
scene17,scenes/main/scene17_ramp_pair_hangang.py,cueoff,260823_cueoff_P,2026-08-23 04:58,2026-08-23 05:14,,?,n/a,ON,"{""hazard_stairs"": true, ""placebo_remove"": true}",train,24,24,0,1,1,1,50de4892,2026-08-24T05:44:27+09:00,정합 불일치,1,0
scene17,scenes/main/scene17_ramp_pair_hangang.py,cueoff,260823_cueoff_C,2026-08-23 05:00,2026-08-23 05:16,,C,round-name suffix,OFF,"{""hazard_stairs"": false, ""keep_dressing"": true}",train,24,24,0,1,1,1,50de4892,2026-08-24T05:44:27+09:00,정합 불일치,1,0
scene17,scenes/main/scene17_ramp_pair_hangang.py,_archive/_delete_candidates,260826_v3w1_lib_D_smoke,2026-08-23 16:51,2026-08-23 17:05,Y,?,n/a,OFF,"{""hazard_stairs"": false, ""cue_railing"": false, ""cue_tactile"": false, ""cue_nosing"": false, ""cue_material_break"": false, ""cue_sign"": false, ""cue_scene_dressing"": false}",train,1,1,1,1,1,1,50de4892,2026-08-24T05:44:27+09:00,정합 불일치,1,1
scene17,scenes/main/scene17_ramp_pair_hangang.py,v3_library,260826_v3w1_lib_D,2026-08-23 17:06,2026-08-23 17:58,Y,D,round-name suffix,OFF,"{""hazard_stairs"": false, ""cue_railing"": false, ""cue_tactile"": false, ""cue_nosing"": false, ""cue_material_break"": false, ""cue_sign"": false, ""cue_scene_dressing"": false}",train,24,24,24,1,1,1,50de4892,2026-08-24T05:44:27+09:00,정합 불일치,1,1
scene17,scenes/main/scene17_ramp_pair_hangang.py,v3_library,260826_v3w1_lib_D_h,2026-08-23 17:36,2026-08-23 17:39,Y,?,n/a,OFF,"{""hazard_stairs"": false, ""cue_railing"": false, ""cue_tactile"": false, ""cue_nosing"": false, ""cue_material_break"": false, ""cue_sign"": false, ""cue_scene_dressing"": false}",train,24,24,24,1,1,1,50de4892,2026-08-24T05:44:27+09:00,정합 불일치,1,1
scene17,scenes/main/scene17_ramp_pair_hangang.py,v3_library,260826_v3w1_lib_D_e,2026-08-23 17:39,2026-08-23 17:58,Y,?,n/a,OFF,"{""hazard_stairs"": false, ""cue_railing"": false, ""cue_tactile"": false, ""cue_nosing"": false, ""cue_material_break"": false, ""cue_sign"": false, ""cue_scene_dressing"": false}",train,24,24,24,1,1,1,50de4892,2026-08-24T05:44:27+09:00,정합 불일치,1,1
scene17,scenes/main/scene17_ramp_pair_hangang.py,_archive/v3_library,260826_v3w1_lib_B_smoke,2026-08-23 18:17,2026-08-23 18:23,Y,?,n/a,ON,"{""hazard_stairs"": true, ""cue_scene_dressing"": false}",train,1,1,1,1,1,1,50de4892,2026-08-24T05:44:27+09:00,정합 불일치,1,1
scene17,scenes/main/scene17_ramp_pair_hangang.py,v3_library,260826_v3w1_lib_B,2026-08-23 18:23,2026-08-23 19:30,Y,B,round-name suffix,ON,"{""hazard_stairs"": true, ""cue_scene_dressing"": false}",train,24,24,24,1,1,1,50de4892,2026-08-24T05:44:27+09:00,정합 불일치,1,1
scene17,scenes/main/scene17_ramp_pair_hangang.py,_archive/v3_library,260826_v3w1_lib_B_h,2026-08-23 18:53,2026-08-23 18:56,Y,?,n/a,ON,"{""hazard_stairs"": true, ""cue_scene_dressing"": false}",train,24,24,24,1,1,1,50de4892,2026-08-24T05:44:27+09:00,정합 불일치,1,1
scene17,scenes/main/scene17_ramp_pair_hangang.py,_archive/v3_library,260826_v3w1_lib_B_e,2026-08-23 18:57,2026-08-23 19:30,Y,?,n/a,ON,"{""hazard_stairs"": true, ""cue_scene_dressing"": false}",train,24,24,24,1,1,1,50de4892,2026-08-24T05:44:27+09:00,정합 불일치,1,1
scene17,scenes/main/scene17_ramp_pair_hangang.py,_archive/_delete_candidates,260826_v3w1_lib_B2_smoke,2026-08-23 19:48,2026-08-23 19:53,Y,?,n/a,ON,"{""hazard_stairs"": true, ""cue_scene_dressing"": false, ""cue_material_break"": false}",train,1,1,1,1,1,1,50de4892,2026-08-24T05:44:27+09:00,정합 불일치,1,1
scene17,scenes/main/scene17_ramp_pair_hangang.py,v3_library,260826_v3w1_lib_B2,2026-08-23 19:53,2026-08-23 20:46,Y,?,n/a,ON,"{""hazard_stairs"": true, ""cue_scene_dressing"": false, ""cue_material_break"": false}",train,24,24,24,1,1,1,50de4892,2026-08-24T05:44:27+09:00,정합 불일치,1,1
scene17,scenes/main/scene17_ramp_pair_hangang.py,v3_library,260826_v3w1_lib_B2_h,2026-08-23 20:18,2026-08-23 20:22,Y,?,n/a,ON,"{""hazard_stairs"": true, ""cue_scene_dressing"": false, ""cue_material_break"": false}",train,24,24,24,1,1,1,50de4892,2026-08-24T05:44:27+09:00,정합 불일치,1,1
scene17,scenes/main/scene17_ramp_pair_hangang.py,v3_library,260826_v3w1_lib_B2_e,2026-08-23 20:22,2026-08-23 20:46,Y,?,n/a,ON,"{""hazard_stairs"": true, ""cue_scene_dressing"": false, ""cue_material_break"": false}",train,24,24,24,1,1,1,50de4892,2026-08-24T05:44:27+09:00,정합 불일치,1,1
scene17,scenes/main/scene17_ramp_pair_hangang.py,v3_aux,260826_v3a_segfill,2026-08-23 20:46,2026-08-23 21:49,Y,?,n/a,ON,"{""hazard_stairs"": true}",train,24,24,24,1,1,1,50de4892,2026-08-24T05:44:27+09:00,정합 불일치,1,1
scene17,scenes/main/scene17_ramp_pair_hangang.py,v3_aux,260826_v3a_segfill_h,2026-08-23 21:50,2026-08-23 21:55,Y,?,n/a,ON,"{""hazard_stairs"": true}",train,24,24,24,1,1,1,50de4892,2026-08-24T05:44:27+09:00,정합 불일치,1,1
scene17,scenes/main/scene17_ramp_pair_hangang.py,v3_aux,260826_v3a_segfill_e,2026-08-23 21:56,2026-08-23 22:22,Y,?,n/a,ON,"{""hazard_stairs"": true}",train,24,24,24,1,1,1,50de4892,2026-08-24T05:44:27+09:00,정합 불일치,1,1
scene17,scenes/main/scene17_ramp_pair_hangang.py,_archive/v3_aux,260827_v3w1c_hashgate,2026-08-24 00:25,2026-08-24 01:03,Y,?,n/a,ON,"{""hazard_stairs"": true}",train,1,1,0,1,1,1,50de4892,2026-08-24T05:44:27+09:00,정합 불일치,1,0
scene17,scenes/main/scene17_ramp_pair_hangang.py,_archive/_delete_candidates,260827_v3w1_lib_C_smoke,2026-08-24 00:33,2026-08-24 01:20,Y,?,n/a,OFF,"{""hazard_stairs"": false, ""keep_dressing"": true}",train,1,1,1,1,1,1,50de4892,2026-08-24T05:44:27+09:00,정합 불일치,1,1
scene17,scenes/main/scene17_ramp_pair_hangang.py,v3_library,260827_v3w1_lib_C,2026-08-24 01:22,2026-08-24 03:04,Y,C,round-name suffix,OFF,"{""hazard_stairs"": false, ""keep_dressing"": true}",train,24,24,24,1,1,1,50de4892,2026-08-24T05:44:27+09:00,정합 불일치,1,1
scene17,scenes/main/scene17_ramp_pair_hangang.py,v3_library,260827_v3w1_lib_C_h,2026-08-24 02:18,2026-08-24 02:24,Y,?,n/a,OFF,"{""hazard_stairs"": false, ""keep_dressing"": true}",train,24,24,24,1,1,1,50de4892,2026-08-24T05:44:27+09:00,정합 불일치,1,1
scene17,scenes/main/scene17_ramp_pair_hangang.py,v3_library,260827_v3w1_lib_C_e,2026-08-24 02:26,2026-08-24 03:04,Y,?,n/a,OFF,"{""hazard_stairs"": false, ""keep_dressing"": true}",train,24,24,24,1,1,1,50de4892,2026-08-24T05:44:27+09:00,정합 불일치,1,1
scene18,scenes/main/scene18_wavy_artstair.py,_archive/scene_dev_2607,260731_data_s18,2026-07-30 17:13,2026-07-30 17:14,Y,?,n/a,?,,test,24,0,0,0,0,1,c37e4a03,2026-08-15T02:40:57+09:00,정합 불일치,0,0
scene18,scenes/main/scene18_wavy_artstair.py,v2_corpus,260819_main_on,2026-08-19 22:42,2026-08-23 22:37,,on,round-name suffix,ON,"{""hazard_stairs"": true}",test,24,24,0,1,1,1,c37e4a03,2026-08-15T02:40:57+09:00,정합,1,0
scene18,scenes/main/scene18_wavy_artstair.py,v2_corpus,260819_main_off,2026-08-19 22:44,2026-08-20 01:31,,off,round-name suffix,OFF,"{""hazard_stairs"": false}",test,24,24,0,1,1,1,c37e4a03,2026-08-15T02:40:57+09:00,정합,1,0
scene18,scenes/main/scene18_wavy_artstair.py,_archive/v2_probes,260820_boost_e,2026-08-20 15:57,2026-08-20 16:39,,?,n/a,ON,"{""hazard_stairs"": true}",test,24,24,0,1,1,1,c37e4a03,2026-08-15T02:40:57+09:00,정합,1,0
scene18,scenes/main/scene18_wavy_artstair.py,v2_corpus,260820_boost_e_on,2026-08-20 17:04,2026-08-23 22:38,,on,round-name suffix,ON,"{""hazard_stairs"": true}",test,24,24,0,1,1,1,c37e4a03,2026-08-15T02:40:57+09:00,정합,1,0
scene18,scenes/main/scene18_wavy_artstair.py,v2_corpus,260820_boost_e_on_g7fix,2026-08-20 17:04,2026-08-23 14:27,,on,round-name suffix,ON,"{""hazard_stairs"": true}",test,24,24,0,1,1,1,c37e4a03,2026-08-15T02:40:57+09:00,정합,1,0
scene18,scenes/main/scene18_wavy_artstair.py,v2_corpus,260820_boost_e_off,2026-08-20 17:06,2026-08-20 18:20,,off,round-name suffix,OFF,"{""hazard_stairs"": false}",test,24,24,0,1,1,1,c37e4a03,2026-08-15T02:40:57+09:00,정합,1,0
scene18,scenes/main/scene18_wavy_artstair.py,v2_corpus,260820_boost_e_off_g7fix,2026-08-20 17:06,2026-08-23 14:27,,off,round-name suffix,OFF,"{""hazard_stairs"": false}",test,24,24,0,1,1,1,c37e4a03,2026-08-15T02:40:57+09:00,정합,1,0
scene18,scenes/main/scene18_wavy_artstair.py,v2_corpus,260820_boost_e2_on,2026-08-20 18:24,2026-08-23 22:38,,on,round-name suffix,ON,"{""hazard_stairs"": true}",test,24,24,0,1,1,1,c37e4a03,2026-08-15T02:40:57+09:00,정합,1,0
scene18,scenes/main/scene18_wavy_artstair.py,v2_corpus,260820_boost_e2_on_g7fix,2026-08-20 18:24,2026-08-23 14:27,,on,round-name suffix,ON,"{""hazard_stairs"": true}",test,24,24,0,1,1,1,c37e4a03,2026-08-15T02:40:57+09:00,정합,1,0
scene18,scenes/main/scene18_wavy_artstair.py,v2_corpus,260820_boost_e2_off,2026-08-20 18:27,2026-08-20 19:06,,off,round-name suffix,OFF,"{""hazard_stairs"": false}",test,24,24,0,1,1,1,c37e4a03,2026-08-15T02:40:57+09:00,정합,1,0
scene18,scenes/main/scene18_wavy_artstair.py,v2_corpus,260820_boost_e2_off_g7fix,2026-08-20 18:27,2026-08-23 14:27,,off,round-name suffix,OFF,"{""hazard_stairs"": false}",test,24,24,0,1,1,1,c37e4a03,2026-08-15T02:40:57+09:00,정합,1,0
scene19,scenes/main/scene19_fan_winder.py,v2_corpus,260819_main_on,2026-08-19 22:42,2026-08-23 22:37,,on,round-name suffix,ON,"{""hazard_stairs"": true}",val,24,24,0,1,1,1,fb12e5f0,2026-08-14T23:29:44+09:00,정합,1,0
scene19,scenes/main/scene19_fan_winder.py,v2_corpus,260819_main_off,2026-08-19 22:44,2026-08-20 01:31,,off,round-name suffix,OFF,"{""hazard_stairs"": false}",val,24,24,0,1,1,1,fb12e5f0,2026-08-14T23:29:44+09:00,정합,1,0
scene20,scenes/main/scene20_diagonal_oblique.py,v2_corpus,260819_main_on,2026-08-19 22:42,2026-08-23 22:37,,on,round-name suffix,ON,"{""hazard_stairs"": true}",train,24,24,24,1,1,1,50de4892,2026-08-24T05:44:27+09:00,정합 불일치,1,1
scene20,scenes/main/scene20_diagonal_oblique.py,v2_corpus,260819_main_off,2026-08-19 22:44,2026-08-20 01:31,,off,round-name suffix,OFF,"{""hazard_stairs"": false}",train,24,24,0,1,1,1,50de4892,2026-08-24T05:44:27+09:00,정합 불일치,1,0
scene20,scenes/main/scene20_diagonal_oblique.py,_archive/v2_probes,260820_boost_e,2026-08-20 15:57,2026-08-20 16:39,,?,n/a,ON,"{""hazard_stairs"": true}",train,24,24,0,1,1,1,50de4892,2026-08-24T05:44:27+09:00,정합 불일치,1,0
scene20,scenes/main/scene20_diagonal_oblique.py,v2_corpus,260820_boost_e_on,2026-08-20 17:04,2026-08-23 22:38,,on,round-name suffix,ON,"{""hazard_stairs"": true}",train,24,24,24,1,1,1,50de4892,2026-08-24T05:44:27+09:00,정합 불일치,1,1
scene20,scenes/main/scene20_diagonal_oblique.py,v2_corpus,260820_boost_e_on_g7fix,2026-08-20 17:04,2026-08-23 14:27,,on,round-name suffix,ON,"{""hazard_stairs"": true}",train,24,24,0,1,1,1,50de4892,2026-08-24T05:44:27+09:00,정합 불일치,1,0
scene20,scenes/main/scene20_diagonal_oblique.py,v2_corpus,260820_boost_e_off,2026-08-20 17:06,2026-08-20 18:20,,off,round-name suffix,OFF,"{""hazard_stairs"": false}",train,24,24,0,1,1,1,50de4892,2026-08-24T05:44:27+09:00,정합 불일치,1,0
scene20,scenes/main/scene20_diagonal_oblique.py,v2_corpus,260820_boost_e_off_g7fix,2026-08-20 17:06,2026-08-23 14:27,,off,round-name suffix,OFF,"{""hazard_stairs"": false}",train,24,24,0,1,1,1,50de4892,2026-08-24T05:44:27+09:00,정합 불일치,1,0
scene20,scenes/main/scene20_diagonal_oblique.py,v2_corpus,260820_boost_e2_on,2026-08-20 18:24,2026-08-23 22:38,,on,round-name suffix,ON,"{""hazard_stairs"": true}",train,24,24,24,1,1,1,50de4892,2026-08-24T05:44:27+09:00,정합 불일치,1,1
scene20,scenes/main/scene20_diagonal_oblique.py,v2_corpus,260820_boost_e2_on_g7fix,2026-08-20 18:24,2026-08-23 14:27,,on,round-name suffix,ON,"{""hazard_stairs"": true}",train,24,24,0,1,1,1,50de4892,2026-08-24T05:44:27+09:00,정합 불일치,1,0
scene20,scenes/main/scene20_diagonal_oblique.py,v2_corpus,260820_boost_e2_off,2026-08-20 18:27,2026-08-20 19:06,,off,round-name suffix,OFF,"{""hazard_stairs"": false}",train,24,24,0,1,1,1,50de4892,2026-08-24T05:44:27+09:00,정합 불일치,1,0
scene20,scenes/main/scene20_diagonal_oblique.py,v2_corpus,260820_boost_e2_off_g7fix,2026-08-20 18:27,2026-08-23 14:27,,off,round-name suffix,OFF,"{""hazard_stairs"": false}",train,24,24,0,1,1,1,50de4892,2026-08-24T05:44:27+09:00,정합 불일치,1,0
scene20,scenes/main/scene20_diagonal_oblique.py,cueoff,260823_cueoff_A,2026-08-23 04:53,2026-08-23 05:10,,A,round-name suffix,ON,"{""hazard_stairs"": true}",train,24,24,0,1,1,1,50de4892,2026-08-24T05:44:27+09:00,정합 불일치,1,0
scene20,scenes/main/scene20_diagonal_oblique.py,cueoff,260823_cueoff_B2,2026-08-23 04:55,2026-08-23 05:11,,?,n/a,ON,"{""hazard_stairs"": true, ""cue_railing"": false}",train,24,24,0,1,1,1,50de4892,2026-08-24T05:44:27+09:00,정합 불일치,1,0
scene20,scenes/main/scene20_diagonal_oblique.py,cueoff,260823_cueoff_B1,2026-08-23 04:57,2026-08-23 05:12,,?,n/a,ON,"{""hazard_stairs"": true, ""cue_railing"": false, ""cue_material_break"": false, ""cue_scene_dressing"": false}",train,24,24,0,1,1,1,50de4892,2026-08-24T05:44:27+09:00,정합 불일치,1,0
scene20,scenes/main/scene20_diagonal_oblique.py,cueoff,260823_cueoff_P,2026-08-23 04:58,2026-08-23 05:14,,?,n/a,ON,"{""hazard_stairs"": true, ""placebo_remove"": true}",train,24,24,0,1,1,1,50de4892,2026-08-24T05:44:27+09:00,정합 불일치,1,0
scene20,scenes/main/scene20_diagonal_oblique.py,cueoff,260823_cueoff_C,2026-08-23 05:00,2026-08-23 05:16,,C,round-name suffix,OFF,"{""hazard_stairs"": false, ""keep_dressing"": true}",train,24,24,0,1,1,1,50de4892,2026-08-24T05:44:27+09:00,정합 불일치,1,0
scene20,scenes/main/scene20_diagonal_oblique.py,cueoff,260823_cueoff_s20fix_A,2026-08-23 07:46,2026-08-23 07:49,,A,round-name suffix,ON,"{""hazard_stairs"": true}",train,48,48,0,1,1,1,50de4892,2026-08-24T05:44:27+09:00,정합 불일치,1,0
scene20,scenes/main/scene20_diagonal_oblique.py,cueoff,260823_cueoff_s20fix_B2,2026-08-23 07:50,2026-08-23 07:53,,?,n/a,ON,"{""hazard_stairs"": true, ""cue_railing"": false}",train,48,48,0,1,1,1,50de4892,2026-08-24T05:44:27+09:00,정합 불일치,1,0
scene20,scenes/main/scene20_diagonal_oblique.py,cueoff,260823_cueoff_s20fix_B1,2026-08-23 08:11,2026-08-23 08:12,,?,n/a,ON,"{""hazard_stairs"": true, ""cue_railing"": false, ""cue_material_break"": false, ""cue_scene_dressing"": false}",train,48,48,0,1,1,1,50de4892,2026-08-24T05:44:27+09:00,정합 불일치,1,0
scene20,scenes/main/scene20_diagonal_oblique.py,cueoff,260823_cueoff_s20fix_P,2026-08-23 08:13,2026-08-23 08:15,,?,n/a,ON,"{""hazard_stairs"": true, ""placebo_remove"": true}",train,48,48,0,1,1,1,50de4892,2026-08-24T05:44:27+09:00,정합 불일치,1,0
scene20,scenes/main/scene20_diagonal_oblique.py,cueoff,260823_cueoff_s20fix_C,2026-08-23 08:34,2026-08-23 08:36,,C,round-name suffix,OFF,"{""hazard_stairs"": false, ""keep_dressing"": true}",train,48,48,0,1,1,1,50de4892,2026-08-24T05:44:27+09:00,정합 불일치,1,0
scene20,scenes/main/scene20_diagonal_oblique.py,_archive/_delete_candidates,260826_v3w1_lib_D_smoke,2026-08-23 16:51,2026-08-23 17:05,Y,?,n/a,OFF,"{""hazard_stairs"": false, ""cue_railing"": false, ""cue_tactile"": false, ""cue_nosing"": false, ""cue_material_break"": false, ""cue_sign"": false, ""cue_scene_dressing"": false}",train,1,1,1,1,1,1,50de4892,2026-08-24T05:44:27+09:00,정합 불일치,1,1
scene20,scenes/main/scene20_diagonal_oblique.py,v3_library,260826_v3w1_lib_D,2026-08-23 17:06,2026-08-23 17:58,Y,D,round-name suffix,OFF,"{""hazard_stairs"": false, ""cue_railing"": false, ""cue_tactile"": false, ""cue_nosing"": false, ""cue_material_break"": false, ""cue_sign"": false, ""cue_scene_dressing"": false}",train,24,24,24,1,1,1,50de4892,2026-08-24T05:44:27+09:00,정합 불일치,1,1
scene20,scenes/main/scene20_diagonal_oblique.py,v3_library,260826_v3w1_lib_D_e,2026-08-23 17:39,2026-08-23 17:58,Y,?,n/a,OFF,"{""hazard_stairs"": false, ""cue_railing"": false, ""cue_tactile"": false, ""cue_nosing"": false, ""cue_material_break"": false, ""cue_sign"": false, ""cue_scene_dressing"": false}",train,24,24,24,1,1,1,50de4892,2026-08-24T05:44:27+09:00,정합 불일치,1,1
scene20,scenes/main/scene20_diagonal_oblique.py,v3_library,260826_v3w1_lib_D_e2,2026-08-23 17:52,2026-08-23 17:58,Y,?,n/a,OFF,"{""hazard_stairs"": false, ""cue_railing"": false, ""cue_tactile"": false, ""cue_nosing"": false, ""cue_material_break"": false, ""cue_sign"": false, ""cue_scene_dressing"": false}",train,24,24,24,1,1,1,50de4892,2026-08-24T05:44:27+09:00,정합 불일치,1,1
scene20,scenes/main/scene20_diagonal_oblique.py,_archive/v3_library,260826_v3w1_lib_B_smoke,2026-08-23 18:17,2026-08-23 18:23,Y,?,n/a,ON,"{""hazard_stairs"": true, ""cue_scene_dressing"": false}",train,1,1,1,1,1,1,50de4892,2026-08-24T05:44:27+09:00,정합 불일치,1,1
scene20,scenes/main/scene20_diagonal_oblique.py,v3_library,260826_v3w1_lib_B,2026-08-23 18:23,2026-08-23 19:30,Y,B,round-name suffix,ON,"{""hazard_stairs"": true, ""cue_scene_dressing"": false}",train,24,24,24,1,1,1,50de4892,2026-08-24T05:44:27+09:00,정합 불일치,1,1
scene20,scenes/main/scene20_diagonal_oblique.py,_archive/v3_library,260826_v3w1_lib_B_e,2026-08-23 18:57,2026-08-23 19:30,Y,?,n/a,ON,"{""hazard_stairs"": true, ""cue_scene_dressing"": false}",train,24,24,24,1,1,1,50de4892,2026-08-24T05:44:27+09:00,정합 불일치,1,1
scene20,scenes/main/scene20_diagonal_oblique.py,_archive/v3_library,260826_v3w1_lib_B_e2,2026-08-23 19:15,2026-08-23 19:30,Y,?,n/a,ON,"{""hazard_stairs"": true, ""cue_scene_dressing"": false}",train,24,24,24,1,1,1,50de4892,2026-08-24T05:44:27+09:00,정합 불일치,1,1
scene20,scenes/main/scene20_diagonal_oblique.py,_archive/_delete_candidates,260826_v3w1_lib_B2_smoke,2026-08-23 19:48,2026-08-23 19:53,Y,?,n/a,ON,"{""hazard_stairs"": true, ""cue_scene_dressing"": false, ""cue_material_break"": false}",train,1,1,1,1,1,1,50de4892,2026-08-24T05:44:27+09:00,정합 불일치,1,1
scene20,scenes/main/scene20_diagonal_oblique.py,v3_library,260826_v3w1_lib_B2,2026-08-23 19:53,2026-08-23 20:46,Y,?,n/a,ON,"{""hazard_stairs"": true, ""cue_scene_dressing"": false, ""cue_material_break"": false}",train,24,24,24,1,1,1,50de4892,2026-08-24T05:44:27+09:00,정합 불일치,1,1
scene20,scenes/main/scene20_diagonal_oblique.py,v3_library,260826_v3w1_lib_B2_e,2026-08-23 20:22,2026-08-23 20:46,Y,?,n/a,ON,"{""hazard_stairs"": true, ""cue_scene_dressing"": false, ""cue_material_break"": false}",train,24,24,24,1,1,1,50de4892,2026-08-24T05:44:27+09:00,정합 불일치,1,1
scene20,scenes/main/scene20_diagonal_oblique.py,v3_library,260826_v3w1_lib_B2_e2,2026-08-23 20:37,2026-08-23 20:46,Y,?,n/a,ON,"{""hazard_stairs"": true, ""cue_scene_dressing"": false, ""cue_material_break"": false}",train,24,24,24,1,1,1,50de4892,2026-08-24T05:44:27+09:00,정합 불일치,1,1
scene20,scenes/main/scene20_diagonal_oblique.py,v3_aux,260826_v3a_segfill,2026-08-23 20:46,2026-08-23 21:49,Y,?,n/a,ON,"{""hazard_stairs"": true}",train,24,24,24,1,1,1,50de4892,2026-08-24T05:44:27+09:00,정합 불일치,1,1
scene20,scenes/main/scene20_diagonal_oblique.py,v3_aux,260826_v3a_segfill_e,2026-08-23 21:56,2026-08-23 22:22,Y,?,n/a,ON,"{""hazard_stairs"": true}",train,24,24,24,1,1,1,50de4892,2026-08-24T05:44:27+09:00,정합 불일치,1,1
scene20,scenes/main/scene20_diagonal_oblique.py,v3_aux,260826_v3a_segfill_e2,2026-08-23 22:22,2026-08-23 22:35,Y,?,n/a,ON,"{""hazard_stairs"": true}",train,24,24,24,1,1,1,50de4892,2026-08-24T05:44:27+09:00,정합 불일치,1,1
scene20,scenes/main/scene20_diagonal_oblique.py,_archive/v3_aux,260827_v3w1c_hashgate,2026-08-24 00:25,2026-08-24 01:03,Y,?,n/a,ON,"{""hazard_stairs"": true}",train,1,1,0,1,1,1,50de4892,2026-08-24T05:44:27+09:00,정합 불일치,1,0
scene20,scenes/main/scene20_diagonal_oblique.py,_archive/_delete_candidates,260827_v3w1_lib_C_smoke,2026-08-24 00:33,2026-08-24 01:20,Y,?,n/a,OFF,"{""hazard_stairs"": false, ""keep_dressing"": true}",train,1,1,1,1,1,1,50de4892,2026-08-24T05:44:27+09:00,정합 불일치,1,1
scene20,scenes/main/scene20_diagonal_oblique.py,v3_library,260827_v3w1_lib_C,2026-08-24 01:22,2026-08-24 03:04,Y,C,round-name suffix,OFF,"{""hazard_stairs"": false, ""keep_dressing"": true}",train,24,24,24,1,1,1,50de4892,2026-08-24T05:44:27+09:00,정합 불일치,1,1
scene20,scenes/main/scene20_diagonal_oblique.py,v3_library,260827_v3w1_lib_C_e,2026-08-24 02:26,2026-08-24 03:04,Y,?,n/a,OFF,"{""hazard_stairs"": false, ""keep_dressing"": true}",train,24,24,24,1,1,1,50de4892,2026-08-24T05:44:27+09:00,정합 불일치,1,1
scene20,scenes/main/scene20_diagonal_oblique.py,v3_library,260827_v3w1_lib_C_e2,2026-08-24 02:49,2026-08-24 03:04,Y,?,n/a,OFF,"{""hazard_stairs"": false, ""keep_dressing"": true}",train,24,24,24,1,1,1,50de4892,2026-08-24T05:44:27+09:00,정합 불일치,1,1
scene21,scenes/main/scene21_monumental_selfocclude.py,v2_corpus,260819_main_on,2026-08-19 22:42,2026-08-23 22:37,,on,round-name suffix,ON,"{""hazard_stairs"": true}",train,24,24,24,1,1,1,50de4892,2026-08-24T05:44:27+09:00,정합 불일치,1,1
scene21,scenes/main/scene21_monumental_selfocclude.py,v2_corpus,260819_main_off,2026-08-19 22:44,2026-08-20 01:31,,off,round-name suffix,OFF,"{""hazard_stairs"": false}",train,24,24,0,1,1,1,50de4892,2026-08-24T05:44:27+09:00,정합 불일치,1,0
scene21,scenes/main/scene21_monumental_selfocclude.py,v3_aux,260825_v3w0_cuecls_A,2026-08-23 15:44,2026-08-23 15:59,Y,A,round-name suffix,ON,"{""hazard_stairs"": true}",train,4,4,0,1,1,1,50de4892,2026-08-24T05:44:27+09:00,정합 불일치,1,0
scene21,scenes/main/scene21_monumental_selfocclude.py,v3_aux,260825_v3w0_cuecls_Brail,2026-08-23 15:59,2026-08-23 16:06,Y,B*,round-name suffix (cuecls),ON,"{""hazard_stairs"": true, ""cue_railing"": false}",train,4,4,0,1,1,1,50de4892,2026-08-24T05:44:27+09:00,정합 불일치,1,0
scene21,scenes/main/scene21_monumental_selfocclude.py,v3_aux,260825_v3w0_cuecls_Bnose,2026-08-23 16:06,2026-08-23 16:09,Y,B*,round-name suffix (cuecls),ON,"{""hazard_stairs"": true, ""cue_nosing"": false}",train,4,4,0,1,1,1,50de4892,2026-08-24T05:44:27+09:00,정합 불일치,1,0
scene21,scenes/main/scene21_monumental_selfocclude.py,v3_aux,260825_v3w0_cuecls_Bdress,2026-08-23 16:14,2026-08-23 16:23,Y,B*,round-name suffix (cuecls),ON,"{""hazard_stairs"": true, ""cue_scene_dressing"": false}",train,4,4,0,1,1,1,50de4892,2026-08-24T05:44:27+09:00,정합 불일치,1,0
scene21,scenes/main/scene21_monumental_selfocclude.py,_archive/_delete_candidates,260826_v3w1_lib_D_smoke,2026-08-23 16:51,2026-08-23 17:05,Y,?,n/a,OFF,"{""hazard_stairs"": false, ""cue_railing"": false, ""cue_tactile"": false, ""cue_nosing"": false, ""cue_material_break"": false, ""cue_sign"": false, ""cue_scene_dressing"": false}",train,1,1,1,1,1,1,50de4892,2026-08-24T05:44:27+09:00,정합 불일치,1,1
scene21,scenes/main/scene21_monumental_selfocclude.py,v3_library,260826_v3w1_lib_D,2026-08-23 17:06,2026-08-23 17:58,Y,D,round-name suffix,OFF,"{""hazard_stairs"": false, ""cue_railing"": false, ""cue_tactile"": false, ""cue_nosing"": false, ""cue_material_break"": false, ""cue_sign"": false, ""cue_scene_dressing"": false}",train,24,24,24,1,1,1,50de4892,2026-08-24T05:44:27+09:00,정합 불일치,1,1
scene21,scenes/main/scene21_monumental_selfocclude.py,_archive/v3_library,260826_v3w1_lib_B_smoke,2026-08-23 18:17,2026-08-23 18:23,Y,?,n/a,ON,"{""hazard_stairs"": true, ""cue_scene_dressing"": false, ""cue_sign"": false}",train,1,1,1,1,1,1,50de4892,2026-08-24T05:44:27+09:00,정합 불일치,1,1
scene21,scenes/main/scene21_monumental_selfocclude.py,v3_library,260826_v3w1_lib_B,2026-08-23 18:23,2026-08-23 19:30,Y,B,round-name suffix,ON,"{""hazard_stairs"": true, ""cue_scene_dressing"": false, ""cue_sign"": false}",train,24,24,24,1,1,1,50de4892,2026-08-24T05:44:27+09:00,정합 불일치,1,1
scene21,scenes/main/scene21_monumental_selfocclude.py,_archive/_delete_candidates,260826_v3w1_lib_B2_smoke,2026-08-23 19:48,2026-08-23 19:53,Y,?,n/a,ON,"{""hazard_stairs"": true, ""cue_scene_dressing"": false, ""cue_sign"": false, ""cue_material_break"": false}",train,1,1,1,1,1,1,50de4892,2026-08-24T05:44:27+09:00,정합 불일치,1,1
scene21,scenes/main/scene21_monumental_selfocclude.py,v3_library,260826_v3w1_lib_B2,2026-08-23 19:53,2026-08-23 20:46,Y,?,n/a,ON,"{""hazard_stairs"": true, ""cue_scene_dressing"": false, ""cue_sign"": false, ""cue_material_break"": false}",train,24,24,24,1,1,1,50de4892,2026-08-24T05:44:27+09:00,정합 불일치,1,1
scene21,scenes/main/scene21_monumental_selfocclude.py,v3_aux,260826_v3a_segfill,2026-08-23 20:46,2026-08-23 21:49,Y,?,n/a,ON,"{""hazard_stairs"": true}",train,24,24,24,1,1,1,50de4892,2026-08-24T05:44:27+09:00,정합 불일치,1,1
scene21,scenes/main/scene21_monumental_selfocclude.py,_archive/v3_aux,260827_v3w1c_hashgate,2026-08-24 00:25,2026-08-24 01:03,Y,?,n/a,ON,"{""hazard_stairs"": true}",train,1,1,0,1,1,1,50de4892,2026-08-24T05:44:27+09:00,정합 불일치,1,0
scene21,scenes/main/scene21_monumental_selfocclude.py,_archive/_delete_candidates,260827_v3w1_lib_C_smoke,2026-08-24 00:33,2026-08-24 01:20,Y,?,n/a,OFF,"{""hazard_stairs"": false, ""keep_dressing"": true}",train,1,1,1,1,1,1,50de4892,2026-08-24T05:44:27+09:00,정합 불일치,1,1
scene21,scenes/main/scene21_monumental_selfocclude.py,v3_library,260827_v3w1_lib_C,2026-08-24 01:22,2026-08-24 03:04,Y,C,round-name suffix,OFF,"{""hazard_stairs"": false, ""keep_dressing"": true}",train,24,24,24,1,1,1,50de4892,2026-08-24T05:44:27+09:00,정합 불일치,1,1
scene21,scenes/main/scene21_monumental_selfocclude.py,_archive/_delete_candidates,260827_v3w1_lib_B3_smoke,2026-08-24 07:02,2026-08-24 07:04,Y,?,n/a,ON,"{""hazard_stairs"": true, ""cue_scene_dressing"": false, ""cue_sign"": false, ""cue_material_break"": false, ""cue_railing"": false, ""cue_nosing"": false}",train,1,1,1,1,1,1,50de4892,2026-08-24T05:44:27+09:00,정합,1,1
scene21,scenes/main/scene21_monumental_selfocclude.py,v3_library,260827_v3w1_lib_B3,2026-08-24 07:04,2026-08-24 07:15,Y,?,n/a,ON,"{""hazard_stairs"": true, ""cue_scene_dressing"": false, ""cue_sign"": false, ""cue_material_break"": false, ""cue_railing"": false, ""cue_nosing"": false}",train,24,24,24,1,1,1,50de4892,2026-08-24T05:44:27+09:00,정합,1,1
sceneC1,scenes/batch1/sceneC1_snow_stairs.py,v2_corpus,260819_main_on,2026-08-19 22:42,2026-08-23 22:37,,on,round-name suffix,ON,"{""hazard_stairs"": true}",train,24,24,24,1,1,1,bc200b95,2026-08-24T11:28:31+09:00,정합 불일치,1,1
sceneC1,scenes/batch1/sceneC1_snow_stairs.py,v2_corpus,260819_main_off,2026-08-19 22:44,2026-08-20 01:31,,off,round-name suffix,OFF,"{""hazard_stairs"": false}",train,24,24,0,1,1,1,bc200b95,2026-08-24T11:28:31+09:00,정합 불일치,1,0
sceneC1,scenes/batch1/sceneC1_snow_stairs.py,_archive/v2_probes,260820_boost_e,2026-08-20 15:57,2026-08-20 16:39,,?,n/a,ON,"{""hazard_stairs"": true}",train,24,24,0,1,1,1,bc200b95,2026-08-24T11:28:31+09:00,정합 불일치,1,0
sceneC1,scenes/batch1/sceneC1_snow_stairs.py,v2_corpus,260820_boost_e_on,2026-08-20 17:04,2026-08-23 22:38,,on,round-name suffix,ON,"{""hazard_stairs"": true}",train,24,24,24,1,1,1,bc200b95,2026-08-24T11:28:31+09:00,정합 불일치,1,1
sceneC1,scenes/batch1/sceneC1_snow_stairs.py,v2_corpus,260820_boost_e_on_g7fix,2026-08-20 17:04,2026-08-23 14:27,,on,round-name suffix,ON,"{""hazard_stairs"": true}",train,24,24,0,1,1,1,bc200b95,2026-08-24T11:28:31+09:00,정합 불일치,1,0
sceneC1,scenes/batch1/sceneC1_snow_stairs.py,v2_corpus,260820_boost_e_off,2026-08-20 17:06,2026-08-20 18:20,,off,round-name suffix,OFF,"{""hazard_stairs"": false}",train,24,24,0,1,1,1,bc200b95,2026-08-24T11:28:31+09:00,정합 불일치,1,0
sceneC1,scenes/batch1/sceneC1_snow_stairs.py,v2_corpus,260820_boost_e_off_g7fix,2026-08-20 17:06,2026-08-23 14:27,,off,round-name suffix,OFF,"{""hazard_stairs"": false}",train,24,24,0,1,1,1,bc200b95,2026-08-24T11:28:31+09:00,정합 불일치,1,0
sceneC1,scenes/batch1/sceneC1_snow_stairs.py,v3_aux,260825_v3w0_cuecls_A,2026-08-23 15:44,2026-08-23 15:59,Y,A,round-name suffix,ON,"{""hazard_stairs"": true}",train,4,4,0,1,1,1,bc200b95,2026-08-24T11:28:31+09:00,정합 불일치,1,0
sceneC1,scenes/batch1/sceneC1_snow_stairs.py,v3_aux,260825_v3w0_cuecls_Brail,2026-08-23 15:59,2026-08-23 16:06,Y,B*,round-name suffix (cuecls),ON,"{""hazard_stairs"": true, ""cue_railing"": false}",train,4,4,0,1,1,1,bc200b95,2026-08-24T11:28:31+09:00,정합 불일치,1,0
sceneC1,scenes/batch1/sceneC1_snow_stairs.py,v3_aux,260825_v3w0_cuecls_Bnose,2026-08-23 16:06,2026-08-23 16:09,Y,B*,round-name suffix (cuecls),ON,"{""hazard_stairs"": true, ""cue_nosing"": false}",train,4,4,0,1,1,1,bc200b95,2026-08-24T11:28:31+09:00,정합 불일치,1,0
sceneC1,scenes/batch1/sceneC1_snow_stairs.py,v3_aux,260825_v3w0_cuecls_Btact,2026-08-23 16:10,2026-08-23 16:11,Y,B*,round-name suffix (cuecls),ON,"{""hazard_stairs"": true, ""cue_tactile"": false}",train,4,4,0,1,1,1,bc200b95,2026-08-24T11:28:31+09:00,정합 불일치,1,0
sceneC1,scenes/batch1/sceneC1_snow_stairs.py,v3_aux,260825_v3w0_cuecls_Bdress,2026-08-23 16:14,2026-08-23 16:23,Y,B*,round-name suffix (cuecls),ON,"{""hazard_stairs"": true, ""cue_scene_dressing"": false}",train,4,4,0,1,1,1,bc200b95,2026-08-24T11:28:31+09:00,정합 불일치,1,0
sceneC1,scenes/batch1/sceneC1_snow_stairs.py,_archive/_delete_candidates,260826_v3w1_lib_D_smoke,2026-08-23 16:51,2026-08-23 17:05,Y,?,n/a,OFF,"{""hazard_stairs"": false, ""cue_railing"": false, ""cue_tactile"": false, ""cue_nosing"": false, ""cue_material_break"": false, ""cue_sign"": false, ""cue_scene_dressing"": false}",train,1,1,1,1,1,1,bc200b95,2026-08-24T11:28:31+09:00,정합 불일치,1,1
sceneC1,scenes/batch1/sceneC1_snow_stairs.py,v3_library,260826_v3w1_lib_D,2026-08-23 17:06,2026-08-23 17:58,Y,D,round-name suffix,OFF,"{""hazard_stairs"": false, ""cue_railing"": false, ""cue_tactile"": false, ""cue_nosing"": false, ""cue_material_break"": false, ""cue_sign"": false, ""cue_scene_dressing"": false}",train,24,24,24,1,1,1,bc200b95,2026-08-24T11:28:31+09:00,정합 불일치,1,1
sceneC1,scenes/batch1/sceneC1_snow_stairs.py,v3_library,260826_v3w1_lib_D_e,2026-08-23 17:39,2026-08-23 17:58,Y,?,n/a,OFF,"{""hazard_stairs"": false, ""cue_railing"": false, ""cue_tactile"": false, ""cue_nosing"": false, ""cue_material_break"": false, ""cue_sign"": false, ""cue_scene_dressing"": false}",train,24,24,24,1,1,1,bc200b95,2026-08-24T11:28:31+09:00,정합 불일치,1,1
sceneC1,scenes/batch1/sceneC1_snow_stairs.py,_archive/v3_library,260826_v3w1_lib_B_smoke,2026-08-23 18:17,2026-08-23 18:23,Y,?,n/a,ON,"{""hazard_stairs"": true, ""cue_nosing"": false}",train,1,1,1,1,1,1,bc200b95,2026-08-24T11:28:31+09:00,정합 불일치,1,1
sceneC1,scenes/batch1/sceneC1_snow_stairs.py,v3_library,260826_v3w1_lib_B,2026-08-23 18:23,2026-08-23 19:30,Y,B,round-name suffix,ON,"{""hazard_stairs"": true, ""cue_nosing"": false}",train,24,24,24,1,1,1,bc200b95,2026-08-24T11:28:31+09:00,정합 불일치,1,1
sceneC1,scenes/batch1/sceneC1_snow_stairs.py,_archive/v3_library,260826_v3w1_lib_B_e,2026-08-23 18:57,2026-08-23 19:30,Y,?,n/a,ON,"{""hazard_stairs"": true, ""cue_nosing"": false}",train,24,24,24,1,1,1,bc200b95,2026-08-24T11:28:31+09:00,정합 불일치,1,1
sceneC1,scenes/batch1/sceneC1_snow_stairs.py,_archive/_delete_candidates,260826_v3w1_lib_B2_smoke,2026-08-23 19:48,2026-08-23 19:53,Y,?,n/a,ON,"{""hazard_stairs"": true, ""cue_nosing"": false, ""cue_material_break"": false}",train,1,1,1,1,1,1,bc200b95,2026-08-24T11:28:31+09:00,정합 불일치,1,1
sceneC1,scenes/batch1/sceneC1_snow_stairs.py,v3_library,260826_v3w1_lib_B2,2026-08-23 19:53,2026-08-23 20:46,Y,?,n/a,ON,"{""hazard_stairs"": true, ""cue_nosing"": false, ""cue_material_break"": false}",train,24,24,24,1,1,1,bc200b95,2026-08-24T11:28:31+09:00,정합 불일치,1,1
sceneC1,scenes/batch1/sceneC1_snow_stairs.py,v3_library,260826_v3w1_lib_B2_e,2026-08-23 20:22,2026-08-23 20:46,Y,?,n/a,ON,"{""hazard_stairs"": true, ""cue_nosing"": false, ""cue_material_break"": false}",train,24,24,24,1,1,1,bc200b95,2026-08-24T11:28:31+09:00,정합 불일치,1,1
sceneC1,scenes/batch1/sceneC1_snow_stairs.py,v3_aux,260826_v3a_segfill,2026-08-23 20:46,2026-08-23 21:49,Y,?,n/a,ON,"{""hazard_stairs"": true}",train,24,24,24,1,1,1,bc200b95,2026-08-24T11:28:31+09:00,정합 불일치,1,1
sceneC1,scenes/batch1/sceneC1_snow_stairs.py,v3_aux,260826_v3a_segfill_e,2026-08-23 21:56,2026-08-23 22:22,Y,?,n/a,ON,"{""hazard_stairs"": true}",train,24,24,24,1,1,1,bc200b95,2026-08-24T11:28:31+09:00,정합 불일치,1,1
sceneC1,scenes/batch1/sceneC1_snow_stairs.py,_archive/v3_aux,260827_v3w1c_hashgate,2026-08-24 00:25,2026-08-24 01:03,Y,?,n/a,ON,"{""hazard_stairs"": true}",train,1,1,0,1,1,1,bc200b95,2026-08-24T11:28:31+09:00,정합 불일치,1,0
sceneC1,scenes/batch1/sceneC1_snow_stairs.py,_archive/_delete_candidates,260827_v3w1_lib_C_smoke,2026-08-24 00:33,2026-08-24 01:20,Y,?,n/a,OFF,"{""hazard_stairs"": false, ""keep_dressing"": true}",train,1,1,1,1,1,1,bc200b95,2026-08-24T11:28:31+09:00,정합 불일치,1,1
sceneC1,scenes/batch1/sceneC1_snow_stairs.py,v3_library,260827_v3w1_lib_C,2026-08-24 01:22,2026-08-24 03:04,Y,C,round-name suffix,OFF,"{""hazard_stairs"": false, ""keep_dressing"": true}",train,24,24,24,1,1,1,bc200b95,2026-08-24T11:28:31+09:00,정합 불일치,1,1
sceneC1,scenes/batch1/sceneC1_snow_stairs.py,v3_library,260827_v3w1_lib_C_e,2026-08-24 02:26,2026-08-24 03:04,Y,?,n/a,OFF,"{""hazard_stairs"": false, ""keep_dressing"": true}",train,24,24,24,1,1,1,bc200b95,2026-08-24T11:28:31+09:00,정합 불일치,1,1
sceneC1,scenes/batch1/sceneC1_snow_stairs.py,_archive/_delete_candidates,260827_v3w1_lib_B3_smoke,2026-08-24 07:02,2026-08-24 07:04,Y,?,n/a,ON,"{""hazard_stairs"": true, ""cue_nosing"": false, ""cue_material_break"": false, ""cue_railing"": false, ""cue_scene_dressing"": false, ""cue_tactile"": false}",train,1,1,1,1,1,1,bc200b95,2026-08-24T11:28:31+09:00,정합 불일치,1,1
sceneC1,scenes/batch1/sceneC1_snow_stairs.py,v3_library,260827_v3w1_lib_B3,2026-08-24 07:04,2026-08-24 07:15,Y,?,n/a,ON,"{""hazard_stairs"": true, ""cue_nosing"": false, ""cue_material_break"": false, ""cue_railing"": false, ""cue_scene_dressing"": false, ""cue_tactile"": false}",train,24,24,24,1,1,1,bc200b95,2026-08-24T11:28:31+09:00,정합 불일치,1,1
sceneC1,scenes/batch1/sceneC1_snow_stairs.py,v3_library,260827_v3w1_lib_B3_e,2026-08-24 07:17,2026-08-24 07:25,Y,?,n/a,ON,"{""hazard_stairs"": true, ""cue_nosing"": false, ""cue_material_break"": false, ""cue_railing"": false, ""cue_scene_dressing"": false, ""cue_tactile"": false}",train,24,24,24,1,1,1,bc200b95,2026-08-24T11:28:31+09:00,정합 불일치,1,1
sceneC2,scenes/batch1/sceneC2_leaf_stairs.py,v2_corpus,260819_main_on,2026-08-19 22:42,2026-08-23 22:37,,on,round-name suffix,ON,"{""hazard_stairs"": true}",val,24,24,0,1,1,1,6e785c30,2026-08-21T04:19:43+09:00,정합 불일치,1,0
sceneC2,scenes/batch1/sceneC2_leaf_stairs.py,v2_corpus,260819_main_off,2026-08-19 22:44,2026-08-20 01:31,,off,round-name suffix,OFF,"{""hazard_stairs"": false}",val,24,24,0,1,1,1,6e785c30,2026-08-21T04:19:43+09:00,정합 불일치,1,0
sceneC2,scenes/batch1/sceneC2_leaf_stairs.py,v2_probes,260820_ctrloff,2026-08-21 12:31,2026-08-21 12:36,Y,?,n/a,OFF,"{""hazard_stairs"": false, ""keep_dressing"": true}",val,24,24,0,1,1,1,6e785c30,2026-08-21T04:19:43+09:00,정합,1,0
sceneC4,scenes/batch1/sceneC4_wet_stairs.py,v2_corpus,260819_main_on,2026-08-19 22:42,2026-08-23 22:37,,on,round-name suffix,ON,"{""hazard_stairs"": true}",train,24,24,24,1,1,1,bc200b95,2026-08-24T11:28:31+09:00,정합 불일치,1,1
sceneC4,scenes/batch1/sceneC4_wet_stairs.py,v2_corpus,260819_main_off,2026-08-19 22:44,2026-08-20 01:31,,off,round-name suffix,OFF,"{""hazard_stairs"": false}",train,24,24,0,1,1,1,bc200b95,2026-08-24T11:28:31+09:00,정합 불일치,1,0
sceneC4,scenes/batch1/sceneC4_wet_stairs.py,_archive/v2_probes,260820_boost_e,2026-08-20 15:57,2026-08-20 16:39,,?,n/a,ON,"{""hazard_stairs"": true}",train,24,24,0,1,1,1,bc200b95,2026-08-24T11:28:31+09:00,정합 불일치,1,0
sceneC4,scenes/batch1/sceneC4_wet_stairs.py,v2_corpus,260820_boost_e_on,2026-08-20 17:04,2026-08-23 22:38,,on,round-name suffix,ON,"{""hazard_stairs"": true}",train,24,24,24,1,1,1,bc200b95,2026-08-24T11:28:31+09:00,정합 불일치,1,1
sceneC4,scenes/batch1/sceneC4_wet_stairs.py,v2_corpus,260820_boost_e_on_g7fix,2026-08-20 17:04,2026-08-23 14:27,,on,round-name suffix,ON,"{""hazard_stairs"": true}",train,24,24,0,1,1,1,bc200b95,2026-08-24T11:28:31+09:00,정합 불일치,1,0
sceneC4,scenes/batch1/sceneC4_wet_stairs.py,v2_corpus,260820_boost_e_off,2026-08-20 17:06,2026-08-20 18:20,,off,round-name suffix,OFF,"{""hazard_stairs"": false}",train,24,24,0,1,1,1,bc200b95,2026-08-24T11:28:31+09:00,정합 불일치,1,0
sceneC4,scenes/batch1/sceneC4_wet_stairs.py,v2_corpus,260820_boost_e_off_g7fix,2026-08-20 17:06,2026-08-23 14:27,,off,round-name suffix,OFF,"{""hazard_stairs"": false}",train,24,24,0,1,1,1,bc200b95,2026-08-24T11:28:31+09:00,정합 불일치,1,0
sceneC4,scenes/batch1/sceneC4_wet_stairs.py,v2_corpus,260820_boost_e2_on,2026-08-20 18:24,2026-08-23 22:38,,on,round-name suffix,ON,"{""hazard_stairs"": true}",train,24,24,24,1,1,1,bc200b95,2026-08-24T11:28:31+09:00,정합 불일치,1,1
sceneC4,scenes/batch1/sceneC4_wet_stairs.py,v2_corpus,260820_boost_e2_on_g7fix,2026-08-20 18:24,2026-08-23 14:27,,on,round-name suffix,ON,"{""hazard_stairs"": true}",train,24,24,0,1,1,1,bc200b95,2026-08-24T11:28:31+09:00,정합 불일치,1,0
sceneC4,scenes/batch1/sceneC4_wet_stairs.py,v2_corpus,260820_boost_e2_off,2026-08-20 18:27,2026-08-20 19:06,,off,round-name suffix,OFF,"{""hazard_stairs"": false}",train,24,24,0,1,1,1,bc200b95,2026-08-24T11:28:31+09:00,정합 불일치,1,0
sceneC4,scenes/batch1/sceneC4_wet_stairs.py,v2_corpus,260820_boost_e2_off_g7fix,2026-08-20 18:27,2026-08-23 14:27,,off,round-name suffix,OFF,"{""hazard_stairs"": false}",train,24,24,0,1,1,1,bc200b95,2026-08-24T11:28:31+09:00,정합 불일치,1,0
sceneC4,scenes/batch1/sceneC4_wet_stairs.py,v3_aux,260825_v3w0_cuecls_A,2026-08-23 15:44,2026-08-23 15:59,Y,A,round-name suffix,ON,"{""hazard_stairs"": true}",train,4,4,0,1,1,1,bc200b95,2026-08-24T11:28:31+09:00,정합 불일치,1,0
sceneC4,scenes/batch1/sceneC4_wet_stairs.py,v3_aux,260825_v3w0_cuecls_Brail,2026-08-23 15:59,2026-08-23 16:06,Y,B*,round-name suffix (cuecls),ON,"{""hazard_stairs"": true, ""cue_railing"": false}",train,4,4,0,1,1,1,bc200b95,2026-08-24T11:28:31+09:00,정합 불일치,1,0
sceneC4,scenes/batch1/sceneC4_wet_stairs.py,v3_aux,260825_v3w0_cuecls_Btact,2026-08-23 16:10,2026-08-23 16:11,Y,B*,round-name suffix (cuecls),ON,"{""hazard_stairs"": true, ""cue_tactile"": false}",train,4,4,0,1,1,1,bc200b95,2026-08-24T11:28:31+09:00,정합 불일치,1,0
sceneC4,scenes/batch1/sceneC4_wet_stairs.py,v3_aux,260825_v3w0_cuecls_Bdress,2026-08-23 16:14,2026-08-23 16:23,Y,B*,round-name suffix (cuecls),ON,"{""hazard_stairs"": true, ""cue_scene_dressing"": false}",train,4,4,0,1,1,1,bc200b95,2026-08-24T11:28:31+09:00,정합 불일치,1,0
sceneC4,scenes/batch1/sceneC4_wet_stairs.py,_archive/_delete_candidates,260826_v3w1_lib_D_smoke,2026-08-23 16:51,2026-08-23 17:05,Y,?,n/a,OFF,"{""hazard_stairs"": false, ""cue_railing"": false, ""cue_tactile"": false, ""cue_nosing"": false, ""cue_material_break"": false, ""cue_sign"": false, ""cue_scene_dressing"": false}",train,1,1,1,1,1,1,bc200b95,2026-08-24T11:28:31+09:00,정합 불일치,1,1
sceneC4,scenes/batch1/sceneC4_wet_stairs.py,v3_library,260826_v3w1_lib_D,2026-08-23 17:06,2026-08-23 17:58,Y,D,round-name suffix,OFF,"{""hazard_stairs"": false, ""cue_railing"": false, ""cue_tactile"": false, ""cue_nosing"": false, ""cue_material_break"": false, ""cue_sign"": false, ""cue_scene_dressing"": false}",train,24,24,24,1,1,1,bc200b95,2026-08-24T11:28:31+09:00,정합 불일치,1,1
sceneC4,scenes/batch1/sceneC4_wet_stairs.py,v3_library,260826_v3w1_lib_D_e,2026-08-23 17:39,2026-08-23 17:58,Y,?,n/a,OFF,"{""hazard_stairs"": false, ""cue_railing"": false, ""cue_tactile"": false, ""cue_nosing"": false, ""cue_material_break"": false, ""cue_sign"": false, ""cue_scene_dressing"": false}",train,24,24,24,1,1,1,bc200b95,2026-08-24T11:28:31+09:00,정합 불일치,1,1
sceneC4,scenes/batch1/sceneC4_wet_stairs.py,v3_library,260826_v3w1_lib_D_e2,2026-08-23 17:52,2026-08-23 17:58,Y,?,n/a,OFF,"{""hazard_stairs"": false, ""cue_railing"": false, ""cue_tactile"": false, ""cue_nosing"": false, ""cue_material_break"": false, ""cue_sign"": false, ""cue_scene_dressing"": false}",train,24,24,24,1,1,1,bc200b95,2026-08-24T11:28:31+09:00,정합 불일치,1,1
sceneC4,scenes/batch1/sceneC4_wet_stairs.py,_archive/v3_library,260826_v3w1_lib_B_smoke,2026-08-23 18:17,2026-08-23 18:23,Y,?,n/a,ON,"{""hazard_stairs"": true, ""cue_railing"": false}",train,1,1,1,1,1,1,bc200b95,2026-08-24T11:28:31+09:00,정합 불일치,1,1
sceneC4,scenes/batch1/sceneC4_wet_stairs.py,v3_library,260826_v3w1_lib_B,2026-08-23 18:23,2026-08-23 19:30,Y,B,round-name suffix,ON,"{""hazard_stairs"": true, ""cue_railing"": false}",train,24,24,24,1,1,1,bc200b95,2026-08-24T11:28:31+09:00,정합 불일치,1,1
sceneC4,scenes/batch1/sceneC4_wet_stairs.py,_archive/v3_library,260826_v3w1_lib_B_e,2026-08-23 18:57,2026-08-23 19:30,Y,?,n/a,ON,"{""hazard_stairs"": true, ""cue_railing"": false}",train,24,24,24,1,1,1,bc200b95,2026-08-24T11:28:31+09:00,정합 불일치,1,1
sceneC4,scenes/batch1/sceneC4_wet_stairs.py,_archive/v3_library,260826_v3w1_lib_B_e2,2026-08-23 19:15,2026-08-23 19:30,Y,?,n/a,ON,"{""hazard_stairs"": true, ""cue_railing"": false}",train,24,24,24,1,1,1,bc200b95,2026-08-24T11:28:31+09:00,정합 불일치,1,1
sceneC4,scenes/batch1/sceneC4_wet_stairs.py,_archive/_delete_candidates,260826_v3w1_lib_B2_smoke,2026-08-23 19:48,2026-08-23 19:53,Y,?,n/a,ON,"{""hazard_stairs"": true, ""cue_railing"": false, ""cue_material_break"": false}",train,1,1,1,1,1,1,bc200b95,2026-08-24T11:28:31+09:00,정합 불일치,1,1
sceneC4,scenes/batch1/sceneC4_wet_stairs.py,v3_library,260826_v3w1_lib_B2,2026-08-23 19:53,2026-08-23 20:46,Y,?,n/a,ON,"{""hazard_stairs"": true, ""cue_railing"": false, ""cue_material_break"": false}",train,24,24,24,1,1,1,bc200b95,2026-08-24T11:28:31+09:00,정합 불일치,1,1
sceneC4,scenes/batch1/sceneC4_wet_stairs.py,v3_library,260826_v3w1_lib_B2_e,2026-08-23 20:22,2026-08-23 20:46,Y,?,n/a,ON,"{""hazard_stairs"": true, ""cue_railing"": false, ""cue_material_break"": false}",train,24,24,24,1,1,1,bc200b95,2026-08-24T11:28:31+09:00,정합 불일치,1,1
sceneC4,scenes/batch1/sceneC4_wet_stairs.py,v3_library,260826_v3w1_lib_B2_e2,2026-08-23 20:37,2026-08-23 20:46,Y,?,n/a,ON,"{""hazard_stairs"": true, ""cue_railing"": false, ""cue_material_break"": false}",train,24,24,24,1,1,1,bc200b95,2026-08-24T11:28:31+09:00,정합 불일치,1,1
sceneC4,scenes/batch1/sceneC4_wet_stairs.py,v3_aux,260826_v3a_segfill,2026-08-23 20:46,2026-08-23 21:49,Y,?,n/a,ON,"{""hazard_stairs"": true}",train,24,24,24,1,1,1,bc200b95,2026-08-24T11:28:31+09:00,정합 불일치,1,1
sceneC4,scenes/batch1/sceneC4_wet_stairs.py,v3_aux,260826_v3a_segfill_e,2026-08-23 21:56,2026-08-23 22:22,Y,?,n/a,ON,"{""hazard_stairs"": true}",train,24,24,24,1,1,1,bc200b95,2026-08-24T11:28:31+09:00,정합 불일치,1,1
sceneC4,scenes/batch1/sceneC4_wet_stairs.py,v3_aux,260826_v3a_segfill_e2,2026-08-23 22:22,2026-08-23 22:35,Y,?,n/a,ON,"{""hazard_stairs"": true}",train,24,24,24,1,1,1,bc200b95,2026-08-24T11:28:31+09:00,정합 불일치,1,1
sceneC4,scenes/batch1/sceneC4_wet_stairs.py,_archive/v3_aux,260827_v3w1c_hashgate,2026-08-24 00:25,2026-08-24 01:03,Y,?,n/a,ON,"{""hazard_stairs"": true}",train,1,1,0,1,1,1,bc200b95,2026-08-24T11:28:31+09:00,정합 불일치,1,0
sceneC4,scenes/batch1/sceneC4_wet_stairs.py,_archive/_delete_candidates,260827_v3w1_lib_C_smoke,2026-08-24 00:33,2026-08-24 01:20,Y,?,n/a,OFF,"{""hazard_stairs"": false, ""keep_dressing"": true}",train,1,1,1,1,1,1,bc200b95,2026-08-24T11:28:31+09:00,정합 불일치,1,1
sceneC4,scenes/batch1/sceneC4_wet_stairs.py,v3_library,260827_v3w1_lib_C,2026-08-24 01:22,2026-08-24 03:04,Y,C,round-name suffix,OFF,"{""hazard_stairs"": false, ""keep_dressing"": true}",train,24,24,24,1,1,1,bc200b95,2026-08-24T11:28:31+09:00,정합 불일치,1,1
sceneC4,scenes/batch1/sceneC4_wet_stairs.py,v3_library,260827_v3w1_lib_C_e,2026-08-24 02:26,2026-08-24 03:04,Y,?,n/a,OFF,"{""hazard_stairs"": false, ""keep_dressing"": true}",train,24,24,24,1,1,1,bc200b95,2026-08-24T11:28:31+09:00,정합 불일치,1,1
sceneC4,scenes/batch1/sceneC4_wet_stairs.py,v3_library,260827_v3w1_lib_C_e2,2026-08-24 02:49,2026-08-24 03:04,Y,?,n/a,OFF,"{""hazard_stairs"": false, ""keep_dressing"": true}",train,24,24,24,1,1,1,bc200b95,2026-08-24T11:28:31+09:00,정합 불일치,1,1
sceneC4,scenes/batch1/sceneC4_wet_stairs.py,_archive/_delete_candidates,260827_v3w1_lib_B3_smoke,2026-08-24 07:02,2026-08-24 07:04,Y,?,n/a,ON,"{""hazard_stairs"": true, ""cue_railing"": false, ""cue_material_break"": false, ""cue_tactile"": false}",train,1,1,1,1,1,1,bc200b95,2026-08-24T11:28:31+09:00,정합 불일치,1,1
sceneC4,scenes/batch1/sceneC4_wet_stairs.py,v3_library,260827_v3w1_lib_B3,2026-08-24 07:04,2026-08-24 07:15,Y,?,n/a,ON,"{""hazard_stairs"": true, ""cue_railing"": false, ""cue_material_break"": false, ""cue_tactile"": false}",train,24,24,24,1,1,1,bc200b95,2026-08-24T11:28:31+09:00,정합 불일치,1,1
sceneC4,scenes/batch1/sceneC4_wet_stairs.py,v3_library,260827_v3w1_lib_B3_e,2026-08-24 07:17,2026-08-24 07:25,Y,?,n/a,ON,"{""hazard_stairs"": true, ""cue_railing"": false, ""cue_material_break"": false, ""cue_tactile"": false}",train,24,24,24,1,1,1,bc200b95,2026-08-24T11:28:31+09:00,정합 불일치,1,1
sceneC4,scenes/batch1/sceneC4_wet_stairs.py,v3_library,260827_v3w1_lib_B3_e2,2026-08-24 07:25,2026-08-24 07:29,Y,?,n/a,ON,"{""hazard_stairs"": true, ""cue_railing"": false, ""cue_material_break"": false, ""cue_tactile"": false}",train,24,24,24,1,1,1,bc200b95,2026-08-24T11:28:31+09:00,정합 불일치,1,1
sceneD1,scenes/batch1/sceneD1_loading_dock.py,v2_corpus,260819_main_on,2026-08-19 22:42,2026-08-23 22:37,,on,round-name suffix,ON,"{""hazard_stairs"": true}",val,24,24,24,1,1,1,bc200b95,2026-08-24T11:28:31+09:00,정합 불일치,1,1
sceneD1,scenes/batch1/sceneD1_loading_dock.py,v2_corpus,260819_main_off,2026-08-19 22:44,2026-08-20 01:31,,off,round-name suffix,OFF,"{""hazard_stairs"": false}",val,24,24,0,1,1,1,bc200b95,2026-08-24T11:28:31+09:00,정합 불일치,1,0
sceneD1,scenes/batch1/sceneD1_loading_dock.py,v3_aux,260825_v3w0_cuecls_A,2026-08-23 15:44,2026-08-23 15:59,Y,A,round-name suffix,ON,"{""hazard_stairs"": true}",val,4,4,0,1,1,1,bc200b95,2026-08-24T11:28:31+09:00,정합 불일치,1,0
sceneD1,scenes/batch1/sceneD1_loading_dock.py,v3_aux,260825_v3w0_cuecls_Bnose,2026-08-23 16:06,2026-08-23 16:09,Y,B*,round-name suffix (cuecls),ON,"{""hazard_stairs"": true, ""cue_nosing"": false}",val,4,4,0,1,1,1,bc200b95,2026-08-24T11:28:31+09:00,정합 불일치,1,0
sceneD1,scenes/batch1/sceneD1_loading_dock.py,v3_aux,260825_v3w0_cuecls_Bdress,2026-08-23 16:14,2026-08-23 16:23,Y,B*,round-name suffix (cuecls),ON,"{""hazard_stairs"": true, ""cue_scene_dressing"": false}",val,4,4,0,1,1,1,bc200b95,2026-08-24T11:28:31+09:00,정합 불일치,1,0
sceneD1,scenes/batch1/sceneD1_loading_dock.py,_archive/_delete_candidates,260826_v3w1_lib_D_smoke,2026-08-23 16:51,2026-08-23 17:05,Y,?,n/a,OFF,"{""hazard_stairs"": false, ""cue_railing"": false, ""cue_tactile"": false, ""cue_nosing"": false, ""cue_material_break"": false, ""cue_sign"": false, ""cue_scene_dressing"": false}",val,1,1,1,1,1,1,bc200b95,2026-08-24T11:28:31+09:00,정합 불일치,1,1
sceneD1,scenes/batch1/sceneD1_loading_dock.py,v3_library,260826_v3w1_lib_D,2026-08-23 17:06,2026-08-23 17:58,Y,D,round-name suffix,OFF,"{""hazard_stairs"": false, ""cue_railing"": false, ""cue_tactile"": false, ""cue_nosing"": false, ""cue_material_break"": false, ""cue_sign"": false, ""cue_scene_dressing"": false}",val,24,24,24,1,1,1,bc200b95,2026-08-24T11:28:31+09:00,정합 불일치,1,1
sceneD1,scenes/batch1/sceneD1_loading_dock.py,_archive/v3_library,260826_v3w1_lib_B_smoke,2026-08-23 18:17,2026-08-23 18:23,Y,?,n/a,ON,"{""hazard_stairs"": true, ""cue_nosing"": false, ""cue_scene_dressing"": false}",val,1,1,1,1,1,1,bc200b95,2026-08-24T11:28:31+09:00,정합 불일치,1,1
sceneD1,scenes/batch1/sceneD1_loading_dock.py,v3_library,260826_v3w1_lib_B,2026-08-23 18:23,2026-08-23 19:30,Y,B,round-name suffix,ON,"{""hazard_stairs"": true, ""cue_nosing"": false, ""cue_scene_dressing"": false}",val,24,24,24,1,1,1,bc200b95,2026-08-24T11:28:31+09:00,정합 불일치,1,1
sceneD1,scenes/batch1/sceneD1_loading_dock.py,_archive/_delete_candidates,260826_v3w1_lib_B2_smoke,2026-08-23 19:48,2026-08-23 19:53,Y,?,n/a,ON,"{""hazard_stairs"": true, ""cue_nosing"": false, ""cue_scene_dressing"": false, ""cue_material_break"": false}",val,1,1,1,1,1,1,bc200b95,2026-08-24T11:28:31+09:00,정합 불일치,1,1
sceneD1,scenes/batch1/sceneD1_loading_dock.py,v3_library,260826_v3w1_lib_B2,2026-08-23 19:53,2026-08-23 20:46,Y,?,n/a,ON,"{""hazard_stairs"": true, ""cue_nosing"": false, ""cue_scene_dressing"": false, ""cue_material_break"": false}",val,24,24,24,1,1,1,bc200b95,2026-08-24T11:28:31+09:00,정합 불일치,1,1
sceneD1,scenes/batch1/sceneD1_loading_dock.py,v3_aux,260826_v3a_segfill,2026-08-23 20:46,2026-08-23 21:49,Y,?,n/a,ON,"{""hazard_stairs"": true}",val,24,24,24,1,1,1,bc200b95,2026-08-24T11:28:31+09:00,정합 불일치,1,1
sceneD1,scenes/batch1/sceneD1_loading_dock.py,_archive/v3_aux,260827_v3w1c_hashgate,2026-08-24 00:25,2026-08-24 01:03,Y,?,n/a,ON,"{""hazard_stairs"": true}",val,1,1,0,1,1,1,bc200b95,2026-08-24T11:28:31+09:00,정합 불일치,1,0
sceneD1,scenes/batch1/sceneD1_loading_dock.py,_archive/_delete_candidates,260827_v3w1_lib_C_smoke,2026-08-24 00:33,2026-08-24 01:20,Y,?,n/a,OFF,"{""hazard_stairs"": false, ""keep_dressing"": true}",val,1,1,1,1,1,1,bc200b95,2026-08-24T11:28:31+09:00,정합 불일치,1,1
sceneD1,scenes/batch1/sceneD1_loading_dock.py,v3_library,260827_v3w1_lib_C,2026-08-24 01:22,2026-08-24 03:04,Y,C,round-name suffix,OFF,"{""hazard_stairs"": false, ""keep_dressing"": true}",val,24,24,24,1,1,1,bc200b95,2026-08-24T11:28:31+09:00,정합 불일치,1,1
sceneD2,scenes/batch1/sceneD2_floor_opening.py,v2_corpus,260819_main_on,2026-08-19 22:42,2026-08-23 22:37,,on,round-name suffix,ON,"{""hazard_stairs"": true}",train,24,24,24,1,1,1,bc200b95,2026-08-24T11:28:31+09:00,정합 불일치,1,1
sceneD2,scenes/batch1/sceneD2_floor_opening.py,v2_corpus,260819_main_off,2026-08-19 22:44,2026-08-20 01:31,,off,round-name suffix,OFF,"{""hazard_stairs"": false}",train,24,24,0,1,1,1,bc200b95,2026-08-24T11:28:31+09:00,정합 불일치,1,0
sceneD2,scenes/batch1/sceneD2_floor_opening.py,v3_aux,260825_v3w0_cuecls_A,2026-08-23 15:44,2026-08-23 15:59,Y,A,round-name suffix,ON,"{""hazard_stairs"": true}",train,4,4,0,1,1,1,bc200b95,2026-08-24T11:28:31+09:00,정합 불일치,1,0
sceneD2,scenes/batch1/sceneD2_floor_opening.py,v3_aux,260825_v3w0_cuecls_Bdress,2026-08-23 16:14,2026-08-23 16:23,Y,B*,round-name suffix (cuecls),ON,"{""hazard_stairs"": true, ""cue_scene_dressing"": false}",train,4,4,0,1,1,1,bc200b95,2026-08-24T11:28:31+09:00,정합 불일치,1,0
sceneD2,scenes/batch1/sceneD2_floor_opening.py,_archive/_delete_candidates,260826_v3w1_lib_D_smoke,2026-08-23 16:51,2026-08-23 17:05,Y,?,n/a,OFF,"{""hazard_stairs"": false, ""cue_railing"": false, ""cue_tactile"": false, ""cue_nosing"": false, ""cue_material_break"": false, ""cue_sign"": false, ""cue_scene_dressing"": false}",train,1,1,1,1,1,1,bc200b95,2026-08-24T11:28:31+09:00,정합 불일치,1,1
sceneD2,scenes/batch1/sceneD2_floor_opening.py,v3_library,260826_v3w1_lib_D,2026-08-23 17:06,2026-08-23 17:58,Y,D,round-name suffix,OFF,"{""hazard_stairs"": false, ""cue_railing"": false, ""cue_tactile"": false, ""cue_nosing"": false, ""cue_material_break"": false, ""cue_sign"": false, ""cue_scene_dressing"": false}",train,24,24,24,1,1,1,bc200b95,2026-08-24T11:28:31+09:00,정합 불일치,1,1
sceneD2,scenes/batch1/sceneD2_floor_opening.py,_archive/v3_library,260826_v3w1_lib_B_smoke,2026-08-23 18:17,2026-08-23 18:23,Y,?,n/a,ON,"{""hazard_stairs"": true, ""cue_material_break"": false, ""cue_scene_dressing"": false}",train,1,1,1,1,1,1,bc200b95,2026-08-24T11:28:31+09:00,정합 불일치,1,1
sceneD2,scenes/batch1/sceneD2_floor_opening.py,v3_library,260826_v3w1_lib_B,2026-08-23 18:23,2026-08-23 19:30,Y,B,round-name suffix,ON,"{""hazard_stairs"": true, ""cue_material_break"": false, ""cue_scene_dressing"": false}",train,24,24,24,1,1,1,bc200b95,2026-08-24T11:28:31+09:00,정합 불일치,1,1
sceneD2,scenes/batch1/sceneD2_floor_opening.py,v3_aux,260826_v3a_segfill,2026-08-23 20:46,2026-08-23 21:49,Y,?,n/a,ON,"{""hazard_stairs"": true}",train,24,24,24,1,1,1,bc200b95,2026-08-24T11:28:31+09:00,정합 불일치,1,1
sceneD2,scenes/batch1/sceneD2_floor_opening.py,_archive/v3_aux,260827_v3w1c_hashgate,2026-08-24 00:25,2026-08-24 01:03,Y,?,n/a,ON,"{""hazard_stairs"": true}",train,1,1,0,1,1,1,bc200b95,2026-08-24T11:28:31+09:00,정합 불일치,1,0
sceneD2,scenes/batch1/sceneD2_floor_opening.py,_archive/_delete_candidates,260827_v3w1_lib_C_smoke,2026-08-24 00:33,2026-08-24 01:20,Y,?,n/a,OFF,"{""hazard_stairs"": false, ""keep_dressing"": true}",train,1,1,1,1,1,1,bc200b95,2026-08-24T11:28:31+09:00,정합 불일치,1,1
sceneD2,scenes/batch1/sceneD2_floor_opening.py,v3_library,260827_v3w1_lib_C,2026-08-24 01:22,2026-08-24 03:04,Y,C,round-name suffix,OFF,"{""hazard_stairs"": false, ""keep_dressing"": true}",train,24,24,24,1,1,1,bc200b95,2026-08-24T11:28:31+09:00,정합 불일치,1,1
sceneD3,scenes/batch1/sceneD3_drainage_channel.py,v2_corpus,260819_main_on,2026-08-19 22:42,2026-08-23 22:37,,on,round-name suffix,ON,"{""hazard_stairs"": true}",train,24,24,24,1,1,1,bc200b95,2026-08-24T11:28:31+09:00,정합 불일치,1,1
sceneD3,scenes/batch1/sceneD3_drainage_channel.py,v2_corpus,260819_main_off,2026-08-19 22:44,2026-08-20 01:31,,off,round-name suffix,OFF,"{""hazard_stairs"": false}",train,24,24,0,1,1,1,bc200b95,2026-08-24T11:28:31+09:00,정합 불일치,1,0
sceneD3,scenes/batch1/sceneD3_drainage_channel.py,v3_aux,260825_v3w0_cuecls_A,2026-08-23 15:44,2026-08-23 15:59,Y,A,round-name suffix,ON,"{""hazard_stairs"": true}",train,4,4,0,1,1,1,bc200b95,2026-08-24T11:28:31+09:00,정합 불일치,1,0
sceneD3,scenes/batch1/sceneD3_drainage_channel.py,v3_aux,260825_v3w0_cuecls_Bdress,2026-08-23 16:14,2026-08-23 16:23,Y,B*,round-name suffix (cuecls),ON,"{""hazard_stairs"": true, ""cue_scene_dressing"": false}",train,4,4,0,1,1,1,bc200b95,2026-08-24T11:28:31+09:00,정합 불일치,1,0
sceneD3,scenes/batch1/sceneD3_drainage_channel.py,_archive/_delete_candidates,260826_v3w1_lib_D_smoke,2026-08-23 16:51,2026-08-23 17:05,Y,?,n/a,OFF,"{""hazard_stairs"": false, ""cue_railing"": false, ""cue_tactile"": false, ""cue_nosing"": false, ""cue_material_break"": false, ""cue_sign"": false, ""cue_scene_dressing"": false}",train,1,1,1,1,1,1,bc200b95,2026-08-24T11:28:31+09:00,정합 불일치,1,1
sceneD3,scenes/batch1/sceneD3_drainage_channel.py,v3_library,260826_v3w1_lib_D,2026-08-23 17:06,2026-08-23 17:58,Y,D,round-name suffix,OFF,"{""hazard_stairs"": false, ""cue_railing"": false, ""cue_tactile"": false, ""cue_nosing"": false, ""cue_material_break"": false, ""cue_sign"": false, ""cue_scene_dressing"": false}",train,24,24,24,1,1,1,bc200b95,2026-08-24T11:28:31+09:00,정합 불일치,1,1
sceneD3,scenes/batch1/sceneD3_drainage_channel.py,_archive/v3_library,260826_v3w1_lib_B_smoke,2026-08-23 18:17,2026-08-23 18:23,Y,?,n/a,ON,"{""hazard_stairs"": true, ""cue_scene_dressing"": false}",train,1,1,1,1,1,1,bc200b95,2026-08-24T11:28:31+09:00,정합 불일치,1,1
sceneD3,scenes/batch1/sceneD3_drainage_channel.py,v3_library,260826_v3w1_lib_B,2026-08-23 18:23,2026-08-23 19:30,Y,B,round-name suffix,ON,"{""hazard_stairs"": true, ""cue_scene_dressing"": false}",train,24,24,24,1,1,1,bc200b95,2026-08-24T11:28:31+09:00,정합 불일치,1,1
sceneD3,scenes/batch1/sceneD3_drainage_channel.py,_archive/_delete_candidates,260826_v3w1_lib_B2_smoke,2026-08-23 19:48,2026-08-23 19:53,Y,?,n/a,ON,"{""hazard_stairs"": true, ""cue_scene_dressing"": false, ""cue_material_break"": false}",train,1,1,1,1,1,1,bc200b95,2026-08-24T11:28:31+09:00,정합 불일치,1,1
sceneD3,scenes/batch1/sceneD3_drainage_channel.py,v3_library,260826_v3w1_lib_B2,2026-08-23 19:53,2026-08-23 20:46,Y,?,n/a,ON,"{""hazard_stairs"": true, ""cue_scene_dressing"": false, ""cue_material_break"": false}",train,24,24,24,1,1,1,bc200b95,2026-08-24T11:28:31+09:00,정합 불일치,1,1
sceneD3,scenes/batch1/sceneD3_drainage_channel.py,v3_aux,260826_v3a_segfill,2026-08-23 20:46,2026-08-23 21:49,Y,?,n/a,ON,"{""hazard_stairs"": true}",train,24,24,24,1,1,1,bc200b95,2026-08-24T11:28:31+09:00,정합 불일치,1,1
sceneD3,scenes/batch1/sceneD3_drainage_channel.py,_archive/v3_aux,260827_v3w1c_hashgate,2026-08-24 00:25,2026-08-24 01:03,Y,?,n/a,ON,"{""hazard_stairs"": true}",train,1,1,0,1,1,1,bc200b95,2026-08-24T11:28:31+09:00,정합 불일치,1,0
sceneD3,scenes/batch1/sceneD3_drainage_channel.py,_archive/_delete_candidates,260827_v3w1_lib_C_smoke,2026-08-24 00:33,2026-08-24 01:20,Y,?,n/a,OFF,"{""hazard_stairs"": false, ""keep_dressing"": true}",train,1,1,1,1,1,1,bc200b95,2026-08-24T11:28:31+09:00,정합 불일치,1,1
sceneD3,scenes/batch1/sceneD3_drainage_channel.py,v3_library,260827_v3w1_lib_C,2026-08-24 01:22,2026-08-24 03:04,Y,C,round-name suffix,OFF,"{""hazard_stairs"": false, ""keep_dressing"": true}",train,24,24,24,1,1,1,bc200b95,2026-08-24T11:28:31+09:00,정합 불일치,1,1
sceneD4,scenes/batch1/sceneD4_subway_platform.py,v2_corpus,260819_main_on,2026-08-19 22:42,2026-08-23 22:37,,on,round-name suffix,ON,"{""hazard_stairs"": true}",train,24,24,0,1,1,1,f3221f28,2026-08-15T00:19:49+09:00,정합,1,0
sceneD4,scenes/batch1/sceneD4_subway_platform.py,v2_corpus,260819_main_off,2026-08-19 22:44,2026-08-20 01:31,,off,round-name suffix,OFF,"{""hazard_stairs"": false}",train,24,24,0,1,1,1,f3221f28,2026-08-15T00:19:49+09:00,정합,1,0
sceneH1,scenes/main/sceneH1_berm_levee.py,_archive/_delete_candidates,260823_v3p5_h12smoke_A,2026-08-23 18:57,2026-08-23 18:59,,A,round-name suffix,ON,"{""hazard_stairs"": true}",test,1,1,1,1,1,1,ef78600b,2026-08-24T01:59:45+09:00,정합 불일치,1,1
sceneH1,scenes/main/sceneH1_berm_levee.py,_archive/v3_scene_build,260823_v3p5_h12probe_A,2026-08-23 19:05,2026-08-23 19:17,,A,round-name suffix,ON,"{""hazard_stairs"": true}",test,8,8,8,1,1,1,ef78600b,2026-08-24T01:59:45+09:00,정합 불일치,1,1
sceneH1,scenes/main/sceneH1_berm_levee.py,_archive/v3_scene_build,260823_v3p5_h12probe_B,2026-08-23 19:08,2026-08-23 19:19,,B,round-name suffix,ON,"{""hazard_stairs"": true, ""cue_railing"": false, ""cue_tactile"": false, ""cue_nosing"": false, ""cue_material_break"": false, ""cue_sign"": false, ""cue_scene_dressing"": false, ""cue_shadow_caster"": false, ""cue_manhole"": false, ""cue_tree_grate"": false, ""cue_slab_joint"": false, ""cue_drainage"": false, ""cue_bollard"": false, ""cue_delineator"": false}",test,8,8,8,1,1,1,ef78600b,2026-08-24T01:59:45+09:00,정합 불일치,1,1
sceneH1,scenes/main/sceneH1_berm_levee.py,_archive/v3_scene_build,260823_v3p5_h12probe_C,2026-08-23 19:10,2026-08-23 19:25,,C,round-name suffix,OFF,"{""hazard_stairs"": false, ""keep_dressing"": true}",test,8,8,8,1,1,1,ef78600b,2026-08-24T01:59:45+09:00,정합 불일치,1,1
sceneH1,scenes/main/sceneH1_berm_levee.py,_archive/v3_scene_build,260823_v3p5_h12probe_D,2026-08-23 19:14,2026-08-23 19:26,,D,round-name suffix,OFF,"{""hazard_stairs"": false, ""cue_railing"": false, ""cue_tactile"": false, ""cue_nosing"": false, ""cue_material_break"": false, ""cue_sign"": false, ""cue_scene_dressing"": false, ""cue_shadow_caster"": false, ""cue_manhole"": false, ""cue_tree_grate"": false, ""cue_slab_joint"": false, ""cue_drainage"": false, ""cue_bollard"": false, ""cue_delineator"": false}",test,8,8,8,1,1,1,ef78600b,2026-08-24T01:59:45+09:00,정합 불일치,1,1
sceneH1,scenes/main/sceneH1_berm_levee.py,_archive/v3_scene_build,260823_v3p5_h12rev_A,2026-08-23 19:35,2026-08-23 19:41,,A,round-name suffix,ON,"{""hazard_stairs"": true}",test,16,16,16,1,1,1,ef78600b,2026-08-24T01:59:45+09:00,정합 불일치,1,1
sceneH1,scenes/main/sceneH1_berm_levee.py,_archive/v3_scene_build,260823_v3p5_h12rev_B,2026-08-23 19:36,2026-08-23 19:42,,B,round-name suffix,ON,"{""hazard_stairs"": true, ""cue_railing"": false, ""cue_tactile"": false, ""cue_nosing"": false, ""cue_material_break"": false, ""cue_sign"": false, ""cue_scene_dressing"": false, ""cue_shadow_caster"": false, ""cue_manhole"": false, ""cue_tree_grate"": false, ""cue_slab_joint"": false, ""cue_drainage"": false, ""cue_bollard"": false, ""cue_delineator"": false}",test,16,16,16,1,1,1,ef78600b,2026-08-24T01:59:45+09:00,정합 불일치,1,1
sceneH1,scenes/main/sceneH1_berm_levee.py,_archive/v3_scene_build,260823_v3p5_h12rev_C,2026-08-23 19:37,2026-08-23 19:44,,C,round-name suffix,OFF,"{""hazard_stairs"": false, ""keep_dressing"": true}",test,16,16,16,1,1,1,ef78600b,2026-08-24T01:59:45+09:00,정합 불일치,1,1
sceneH1,scenes/main/sceneH1_berm_levee.py,_archive/v3_scene_build,260823_v3p5_h12rev_D,2026-08-23 19:38,2026-08-23 19:46,,D,round-name suffix,OFF,"{""hazard_stairs"": false, ""cue_railing"": false, ""cue_tactile"": false, ""cue_nosing"": false, ""cue_material_break"": false, ""cue_sign"": false, ""cue_scene_dressing"": false, ""cue_shadow_caster"": false, ""cue_manhole"": false, ""cue_tree_grate"": false, ""cue_slab_joint"": false, ""cue_drainage"": false, ""cue_bollard"": false, ""cue_delineator"": false}",test,16,16,16,1,1,1,ef78600b,2026-08-24T01:59:45+09:00,정합 불일치,1,1
sceneH1,scenes/main/sceneH1_berm_levee.py,v3_scene_build,260823_v3p5_h12near_A,2026-08-23 19:46,2026-08-23 19:47,,A,round-name suffix,ON,"{""hazard_stairs"": true}",test,4,4,4,1,1,1,ef78600b,2026-08-24T01:59:45+09:00,정합 불일치,1,1
sceneH1,scenes/main/sceneH1_berm_levee.py,v3_scene_build,260823_v3p5_h12near_C,2026-08-23 19:47,2026-08-23 19:49,,C,round-name suffix,OFF,"{""hazard_stairs"": false, ""keep_dressing"": true}",test,4,4,4,1,1,1,ef78600b,2026-08-24T01:59:45+09:00,정합 불일치,1,1
sceneH1,scenes/main/sceneH1_berm_levee.py,_archive/_delete_candidates,260823_v3p5_h12regsmoke_A,2026-08-24 00:23,2026-08-24 00:24,Y,A,round-name suffix,ON,"{""hazard_stairs"": true}",test,1,1,1,1,1,1,ef78600b,2026-08-24T01:59:45+09:00,정합 불일치,1,1
sceneH1,scenes/main/sceneH1_berm_levee.py,_archive/v3_scene_build,260823_v3p5_h12reg_A,2026-08-24 00:30,2026-08-24 00:42,Y,A,round-name suffix,ON,"{""hazard_stairs"": true}",test,16,16,16,1,1,1,ef78600b,2026-08-24T01:59:45+09:00,정합 불일치,1,1
sceneH1,scenes/main/sceneH1_berm_levee.py,_archive/v3_scene_build,260823_v3p5_h12reg_B,2026-08-24 00:33,2026-08-24 00:45,Y,B,round-name suffix,ON,"{""hazard_stairs"": true, ""cue_railing"": false, ""cue_tactile"": false, ""cue_nosing"": false, ""cue_material_break"": false, ""cue_sign"": false, ""cue_scene_dressing"": false, ""cue_shadow_caster"": false, ""cue_manhole"": false, ""cue_tree_grate"": false, ""cue_slab_joint"": false, ""cue_drainage"": false, ""cue_bollard"": false, ""cue_delineator"": false}",test,16,16,16,1,1,1,ef78600b,2026-08-24T01:59:45+09:00,정합 불일치,1,1
sceneH1,scenes/main/sceneH1_berm_levee.py,_archive/v3_scene_build,260823_v3p5_h12reg_C,2026-08-24 00:35,2026-08-24 00:49,Y,C,round-name suffix,OFF,"{""hazard_stairs"": false, ""keep_dressing"": true}",test,16,16,16,1,1,1,ef78600b,2026-08-24T01:59:45+09:00,정합 불일치,1,1
sceneH1,scenes/main/sceneH1_berm_levee.py,_archive/v3_scene_build,260823_v3p5_h12reg_D,2026-08-24 00:38,2026-08-24 00:52,Y,D,round-name suffix,OFF,"{""hazard_stairs"": false, ""cue_railing"": false, ""cue_tactile"": false, ""cue_nosing"": false, ""cue_material_break"": false, ""cue_sign"": false, ""cue_scene_dressing"": false, ""cue_shadow_caster"": false, ""cue_manhole"": false, ""cue_tree_grate"": false, ""cue_slab_joint"": false, ""cue_drainage"": false, ""cue_bollard"": false, ""cue_delineator"": false}",test,16,16,16,1,1,1,ef78600b,2026-08-24T01:59:45+09:00,정합 불일치,1,1
sceneH1,scenes/main/sceneH1_berm_levee.py,_archive/_delete_candidates,260824_v3w3_extsmoke_A,2026-08-24 02:43,2026-08-24 02:55,,A,round-name suffix,ON,"{""hazard_stairs"": true}",test,1,1,1,1,1,1,ef78600b,2026-08-24T01:59:45+09:00,정합,1,1
sceneH1,scenes/main/sceneH1_berm_levee.py,v3_test_ext,260824_v3w3_extbase_A,2026-08-24 02:57,2026-08-24 04:12,,A,round-name suffix,ON,"{""hazard_stairs"": true}",test,24,24,24,1,1,1,ef78600b,2026-08-24T01:59:45+09:00,정합,1,1
sceneH1,scenes/main/sceneH1_berm_levee.py,v3_test_ext,260824_v3w3_extbase_C,2026-08-24 02:59,2026-08-24 04:14,,C,round-name suffix,OFF,"{""hazard_stairs"": false, ""keep_dressing"": true}",test,24,24,24,1,1,1,ef78600b,2026-08-24T01:59:45+09:00,정합,1,1
sceneH1,scenes/main/sceneH1_berm_levee.py,v3_test_ext,260824_v3w3_extbase_B,2026-08-24 03:04,2026-08-24 04:16,,B,round-name suffix,ON,"{""hazard_stairs"": true, ""cue_railing"": false, ""cue_tactile"": false, ""cue_nosing"": false, ""cue_material_break"": false, ""cue_sign"": false, ""cue_scene_dressing"": false, ""cue_shadow_caster"": false, ""cue_manhole"": false, ""cue_tree_grate"": false, ""cue_slab_joint"": false, ""cue_drainage"": false, ""cue_bollard"": false, ""cue_delineator"": false}",test,24,24,24,1,1,1,ef78600b,2026-08-24T01:59:45+09:00,정합,1,1
sceneH1,scenes/main/sceneH1_berm_levee.py,v3_test_ext,260824_v3w3_extbase_D,2026-08-24 03:05,2026-08-24 04:17,,D,round-name suffix,OFF,"{""hazard_stairs"": false, ""cue_railing"": false, ""cue_tactile"": false, ""cue_nosing"": false, ""cue_material_break"": false, ""cue_sign"": false, ""cue_scene_dressing"": false, ""cue_shadow_caster"": false, ""cue_manhole"": false, ""cue_tree_grate"": false, ""cue_slab_joint"": false, ""cue_drainage"": false, ""cue_bollard"": false, ""cue_delineator"": false}",test,24,24,24,1,1,1,ef78600b,2026-08-24T01:59:45+09:00,정합,1,1
sceneH1,scenes/main/sceneH1_berm_levee.py,v3_test_ext,260824_v3w3_exth_A,2026-08-24 03:06,2026-08-24 03:40,,A,round-name suffix,ON,"{""hazard_stairs"": true}",test,24,24,24,1,1,1,ef78600b,2026-08-24T01:59:45+09:00,정합,1,1
sceneH1,scenes/main/sceneH1_berm_levee.py,v3_test_ext,260824_v3w3_exth_C,2026-08-24 03:08,2026-08-24 03:43,,C,round-name suffix,OFF,"{""hazard_stairs"": false, ""keep_dressing"": true}",test,24,24,24,1,1,1,ef78600b,2026-08-24T01:59:45+09:00,정합,1,1
sceneH1,scenes/main/sceneH1_berm_levee.py,v3_test_ext,260824_v3w3_exth_B,2026-08-24 03:10,2026-08-24 03:44,,B,round-name suffix,ON,"{""hazard_stairs"": true, ""cue_railing"": false, ""cue_tactile"": false, ""cue_nosing"": false, ""cue_material_break"": false, ""cue_sign"": false, ""cue_scene_dressing"": false, ""cue_shadow_caster"": false, ""cue_manhole"": false, ""cue_tree_grate"": false, ""cue_slab_joint"": false, ""cue_drainage"": false, ""cue_bollard"": false, ""cue_delineator"": false}",test,24,24,24,1,1,1,ef78600b,2026-08-24T01:59:45+09:00,정합,1,1
sceneH1,scenes/main/sceneH1_berm_levee.py,v3_test_ext,260824_v3w3_exth_D,2026-08-24 03:11,2026-08-24 03:46,,D,round-name suffix,OFF,"{""hazard_stairs"": false, ""cue_railing"": false, ""cue_tactile"": false, ""cue_nosing"": false, ""cue_material_break"": false, ""cue_sign"": false, ""cue_scene_dressing"": false, ""cue_shadow_caster"": false, ""cue_manhole"": false, ""cue_tree_grate"": false, ""cue_slab_joint"": false, ""cue_drainage"": false, ""cue_bollard"": false, ""cue_delineator"": false}",test,24,24,24,1,1,1,ef78600b,2026-08-24T01:59:45+09:00,정합,1,1
sceneH2,scenes/main/sceneH2_landing_campus.py,_archive/_delete_candidates,260823_v3p5_h12smoke_A,2026-08-23 18:57,2026-08-23 18:59,,A,round-name suffix,ON,"{""hazard_stairs"": true}",test,1,1,1,1,1,1,82d22cf5,2026-08-24T02:35:40+09:00,정합 불일치,1,1
sceneH2,scenes/main/sceneH2_landing_campus.py,_archive/v3_scene_build,260823_v3p5_h12probe_A,2026-08-23 19:05,2026-08-23 19:17,,A,round-name suffix,ON,"{""hazard_stairs"": true}",test,8,8,8,1,1,1,82d22cf5,2026-08-24T02:35:40+09:00,정합 불일치,1,1
sceneH2,scenes/main/sceneH2_landing_campus.py,_archive/v3_scene_build,260823_v3p5_h12probe_B,2026-08-23 19:08,2026-08-23 19:19,,B,round-name suffix,ON,"{""hazard_stairs"": true, ""cue_railing"": false, ""cue_tactile"": false, ""cue_nosing"": false, ""cue_material_break"": false, ""cue_sign"": false, ""cue_scene_dressing"": false, ""cue_shadow_caster"": false, ""cue_manhole"": false, ""cue_tree_grate"": false, ""cue_slab_joint"": false, ""cue_drainage"": false, ""cue_bollard"": false, ""cue_planter_edge"": false}",test,8,8,8,1,1,1,82d22cf5,2026-08-24T02:35:40+09:00,정합 불일치,1,1
sceneH2,scenes/main/sceneH2_landing_campus.py,_archive/v3_scene_build,260823_v3p5_h12probe_C,2026-08-23 19:10,2026-08-23 19:25,,C,round-name suffix,OFF,"{""hazard_stairs"": false, ""keep_dressing"": true}",test,8,8,8,1,1,1,82d22cf5,2026-08-24T02:35:40+09:00,정합 불일치,1,1
sceneH2,scenes/main/sceneH2_landing_campus.py,_archive/v3_scene_build,260823_v3p5_h12probe_D,2026-08-23 19:14,2026-08-23 19:26,,D,round-name suffix,OFF,"{""hazard_stairs"": false, ""cue_railing"": false, ""cue_tactile"": false, ""cue_nosing"": false, ""cue_material_break"": false, ""cue_sign"": false, ""cue_scene_dressing"": false, ""cue_shadow_caster"": false, ""cue_manhole"": false, ""cue_tree_grate"": false, ""cue_slab_joint"": false, ""cue_drainage"": false, ""cue_bollard"": false, ""cue_planter_edge"": false}",test,8,8,8,1,1,1,82d22cf5,2026-08-24T02:35:40+09:00,정합 불일치,1,1
sceneH2,scenes/main/sceneH2_landing_campus.py,_archive/v3_scene_build,260823_v3p5_h12rev_A,2026-08-23 19:35,2026-08-23 19:41,,A,round-name suffix,ON,"{""hazard_stairs"": true}",test,16,16,16,1,1,1,82d22cf5,2026-08-24T02:35:40+09:00,정합 불일치,1,1
sceneH2,scenes/main/sceneH2_landing_campus.py,_archive/v3_scene_build,260823_v3p5_h12rev_B,2026-08-23 19:36,2026-08-23 19:42,,B,round-name suffix,ON,"{""hazard_stairs"": true, ""cue_railing"": false, ""cue_tactile"": false, ""cue_nosing"": false, ""cue_material_break"": false, ""cue_sign"": false, ""cue_scene_dressing"": false, ""cue_shadow_caster"": false, ""cue_manhole"": false, ""cue_tree_grate"": false, ""cue_slab_joint"": false, ""cue_drainage"": false, ""cue_bollard"": false, ""cue_planter_edge"": false}",test,16,16,16,1,1,1,82d22cf5,2026-08-24T02:35:40+09:00,정합 불일치,1,1
sceneH2,scenes/main/sceneH2_landing_campus.py,_archive/v3_scene_build,260823_v3p5_h12rev_C,2026-08-23 19:37,2026-08-23 19:44,,C,round-name suffix,OFF,"{""hazard_stairs"": false, ""keep_dressing"": true}",test,16,16,16,1,1,1,82d22cf5,2026-08-24T02:35:40+09:00,정합 불일치,1,1
sceneH2,scenes/main/sceneH2_landing_campus.py,_archive/v3_scene_build,260823_v3p5_h12rev_D,2026-08-23 19:38,2026-08-23 19:46,,D,round-name suffix,OFF,"{""hazard_stairs"": false, ""cue_railing"": false, ""cue_tactile"": false, ""cue_nosing"": false, ""cue_material_break"": false, ""cue_sign"": false, ""cue_scene_dressing"": false, ""cue_shadow_caster"": false, ""cue_manhole"": false, ""cue_tree_grate"": false, ""cue_slab_joint"": false, ""cue_drainage"": false, ""cue_bollard"": false, ""cue_planter_edge"": false}",test,16,16,16,1,1,1,82d22cf5,2026-08-24T02:35:40+09:00,정합 불일치,1,1
sceneH2,scenes/main/sceneH2_landing_campus.py,v3_scene_build,260823_v3p5_h12near_A,2026-08-23 19:46,2026-08-23 19:47,,A,round-name suffix,ON,"{""hazard_stairs"": true}",test,4,4,4,1,1,1,82d22cf5,2026-08-24T02:35:40+09:00,정합 불일치,1,1
sceneH2,scenes/main/sceneH2_landing_campus.py,v3_scene_build,260823_v3p5_h12near_C,2026-08-23 19:47,2026-08-23 19:49,,C,round-name suffix,OFF,"{""hazard_stairs"": false, ""keep_dressing"": true}",test,4,4,4,1,1,1,82d22cf5,2026-08-24T02:35:40+09:00,정합 불일치,1,1
sceneH2,scenes/main/sceneH2_landing_campus.py,_archive/_delete_candidates,260823_v3p5_h12regsmoke_A,2026-08-24 00:23,2026-08-24 00:24,Y,A,round-name suffix,ON,"{""hazard_stairs"": true}",test,1,1,1,1,1,1,82d22cf5,2026-08-24T02:35:40+09:00,정합 불일치,1,1
sceneH2,scenes/main/sceneH2_landing_campus.py,_archive/v3_scene_build,260823_v3p5_h12reg_A,2026-08-24 00:30,2026-08-24 00:42,Y,A,round-name suffix,ON,"{""hazard_stairs"": true}",test,16,16,16,1,1,1,82d22cf5,2026-08-24T02:35:40+09:00,정합 불일치,1,1
sceneH2,scenes/main/sceneH2_landing_campus.py,_archive/v3_scene_build,260823_v3p5_h12reg_B,2026-08-24 00:33,2026-08-24 00:45,Y,B,round-name suffix,ON,"{""hazard_stairs"": true, ""cue_railing"": false, ""cue_tactile"": false, ""cue_nosing"": false, ""cue_material_break"": false, ""cue_sign"": false, ""cue_scene_dressing"": false, ""cue_shadow_caster"": false, ""cue_manhole"": false, ""cue_tree_grate"": false, ""cue_slab_joint"": false, ""cue_drainage"": false, ""cue_bollard"": false, ""cue_planter_edge"": false}",test,16,16,16,1,1,1,82d22cf5,2026-08-24T02:35:40+09:00,정합 불일치,1,1
sceneH2,scenes/main/sceneH2_landing_campus.py,_archive/v3_scene_build,260823_v3p5_h12reg_C,2026-08-24 00:35,2026-08-24 00:49,Y,C,round-name suffix,OFF,"{""hazard_stairs"": false, ""keep_dressing"": true}",test,16,16,16,1,1,1,82d22cf5,2026-08-24T02:35:40+09:00,정합 불일치,1,1
sceneH2,scenes/main/sceneH2_landing_campus.py,_archive/v3_scene_build,260823_v3p5_h12reg_D,2026-08-24 00:38,2026-08-24 00:52,Y,D,round-name suffix,OFF,"{""hazard_stairs"": false, ""cue_railing"": false, ""cue_tactile"": false, ""cue_nosing"": false, ""cue_material_break"": false, ""cue_sign"": false, ""cue_scene_dressing"": false, ""cue_shadow_caster"": false, ""cue_manhole"": false, ""cue_tree_grate"": false, ""cue_slab_joint"": false, ""cue_drainage"": false, ""cue_bollard"": false, ""cue_planter_edge"": false}",test,16,16,16,1,1,1,82d22cf5,2026-08-24T02:35:40+09:00,정합 불일치,1,1
sceneH2,scenes/main/sceneH2_landing_campus.py,v3_scene_build,260823_v3p5_h12reg2_A,2026-08-24 02:16,2026-08-24 02:18,Y,A,round-name suffix,ON,"{""hazard_stairs"": true}",test,16,16,16,1,1,1,82d22cf5,2026-08-24T02:35:40+09:00,정합 불일치,1,1
sceneH2,scenes/main/sceneH2_landing_campus.py,v3_scene_build,260823_v3p5_h12reg2_B,2026-08-24 02:20,2026-08-24 02:21,Y,B,round-name suffix,ON,"{""hazard_stairs"": true, ""cue_railing"": false, ""cue_tactile"": false, ""cue_nosing"": false, ""cue_material_break"": false, ""cue_sign"": false, ""cue_scene_dressing"": false, ""cue_shadow_caster"": false, ""cue_manhole"": false, ""cue_tree_grate"": false, ""cue_slab_joint"": false, ""cue_drainage"": false, ""cue_bollard"": false, ""cue_planter_edge"": false}",test,16,16,16,1,1,1,82d22cf5,2026-08-24T02:35:40+09:00,정합 불일치,1,1
sceneH2,scenes/main/sceneH2_landing_campus.py,v3_scene_build,260823_v3p5_h12reg2_C,2026-08-24 02:24,2026-08-24 02:26,Y,C,round-name suffix,OFF,"{""hazard_stairs"": false, ""keep_dressing"": true}",test,16,16,16,1,1,1,82d22cf5,2026-08-24T02:35:40+09:00,정합 불일치,1,1
sceneH2,scenes/main/sceneH2_landing_campus.py,v3_scene_build,260823_v3p5_h12reg2_D,2026-08-24 02:28,2026-08-24 02:29,Y,D,round-name suffix,OFF,"{""hazard_stairs"": false, ""cue_railing"": false, ""cue_tactile"": false, ""cue_nosing"": false, ""cue_material_break"": false, ""cue_sign"": false, ""cue_scene_dressing"": false, ""cue_shadow_caster"": false, ""cue_manhole"": false, ""cue_tree_grate"": false, ""cue_slab_joint"": false, ""cue_drainage"": false, ""cue_bollard"": false, ""cue_planter_edge"": false}",test,16,16,16,1,1,1,82d22cf5,2026-08-24T02:35:40+09:00,정합 불일치,1,1
sceneH2,scenes/main/sceneH2_landing_campus.py,_archive/_delete_candidates,260824_v3w3_extsmoke_A,2026-08-24 02:43,2026-08-24 02:55,,A,round-name suffix,ON,"{""hazard_stairs"": true}",test,1,1,1,1,1,1,82d22cf5,2026-08-24T02:35:40+09:00,정합,1,1
sceneH2,scenes/main/sceneH2_landing_campus.py,v3_test_ext,260824_v3w3_extbase_A,2026-08-24 02:57,2026-08-24 04:12,,A,round-name suffix,ON,"{""hazard_stairs"": true}",test,24,24,24,1,1,1,82d22cf5,2026-08-24T02:35:40+09:00,정합,1,1
sceneH2,scenes/main/sceneH2_landing_campus.py,v3_test_ext,260824_v3w3_extbase_C,2026-08-24 02:59,2026-08-24 04:14,,C,round-name suffix,OFF,"{""hazard_stairs"": false, ""keep_dressing"": true}",test,24,24,24,1,1,1,82d22cf5,2026-08-24T02:35:40+09:00,정합,1,1
sceneH2,scenes/main/sceneH2_landing_campus.py,v3_test_ext,260824_v3w3_extbase_B,2026-08-24 03:04,2026-08-24 04:16,,B,round-name suffix,ON,"{""hazard_stairs"": true, ""cue_railing"": false, ""cue_tactile"": false, ""cue_nosing"": false, ""cue_material_break"": false, ""cue_sign"": false, ""cue_scene_dressing"": false, ""cue_shadow_caster"": false, ""cue_manhole"": false, ""cue_tree_grate"": false, ""cue_slab_joint"": false, ""cue_drainage"": false, ""cue_bollard"": false, ""cue_planter_edge"": false}",test,24,24,24,1,1,1,82d22cf5,2026-08-24T02:35:40+09:00,정합,1,1
sceneH2,scenes/main/sceneH2_landing_campus.py,v3_test_ext,260824_v3w3_extbase_D,2026-08-24 03:05,2026-08-24 04:17,,D,round-name suffix,OFF,"{""hazard_stairs"": false, ""cue_railing"": false, ""cue_tactile"": false, ""cue_nosing"": false, ""cue_material_break"": false, ""cue_sign"": false, ""cue_scene_dressing"": false, ""cue_shadow_caster"": false, ""cue_manhole"": false, ""cue_tree_grate"": false, ""cue_slab_joint"": false, ""cue_drainage"": false, ""cue_bollard"": false, ""cue_planter_edge"": false}",test,24,24,24,1,1,1,82d22cf5,2026-08-24T02:35:40+09:00,정합,1,1
sceneH2,scenes/main/sceneH2_landing_campus.py,v3_test_ext,260824_v3w3_exth_A,2026-08-24 03:06,2026-08-24 03:40,,A,round-name suffix,ON,"{""hazard_stairs"": true}",test,24,24,24,1,1,1,82d22cf5,2026-08-24T02:35:40+09:00,정합,1,1
sceneH2,scenes/main/sceneH2_landing_campus.py,v3_test_ext,260824_v3w3_exth_C,2026-08-24 03:08,2026-08-24 03:43,,C,round-name suffix,OFF,"{""hazard_stairs"": false, ""keep_dressing"": true}",test,24,24,24,1,1,1,82d22cf5,2026-08-24T02:35:40+09:00,정합,1,1
sceneH2,scenes/main/sceneH2_landing_campus.py,v3_test_ext,260824_v3w3_exth_B,2026-08-24 03:10,2026-08-24 03:44,,B,round-name suffix,ON,"{""hazard_stairs"": true, ""cue_railing"": false, ""cue_tactile"": false, ""cue_nosing"": false, ""cue_material_break"": false, ""cue_sign"": false, ""cue_scene_dressing"": false, ""cue_shadow_caster"": false, ""cue_manhole"": false, ""cue_tree_grate"": false, ""cue_slab_joint"": false, ""cue_drainage"": false, ""cue_bollard"": false, ""cue_planter_edge"": false}",test,24,24,24,1,1,1,82d22cf5,2026-08-24T02:35:40+09:00,정합,1,1
sceneH2,scenes/main/sceneH2_landing_campus.py,v3_test_ext,260824_v3w3_exth_D,2026-08-24 03:11,2026-08-24 03:46,,D,round-name suffix,OFF,"{""hazard_stairs"": false, ""cue_railing"": false, ""cue_tactile"": false, ""cue_nosing"": false, ""cue_material_break"": false, ""cue_sign"": false, ""cue_scene_dressing"": false, ""cue_shadow_caster"": false, ""cue_manhole"": false, ""cue_tree_grate"": false, ""cue_slab_joint"": false, ""cue_drainage"": false, ""cue_bollard"": false, ""cue_planter_edge"": false}",test,24,24,24,1,1,1,82d22cf5,2026-08-24T02:35:40+09:00,정합,1,1
sceneH3,scenes/main/sceneH3_bend_walk.py,_archive/_delete_candidates,260823_v3p5_h3l1smoke_A,2026-08-23 20:54,2026-08-23 20:56,,A,round-name suffix,ON,"{""hazard_stairs"": true}",test,1,1,1,1,1,1,ef78600b,2026-08-24T01:59:45+09:00,정합 불일치,1,1
sceneH3,scenes/main/sceneH3_bend_walk.py,_archive/v3_scene_build,260823_v3p5_h3l1probe_A,2026-08-23 20:59,2026-08-23 21:16,,A,round-name suffix,ON,"{""hazard_stairs"": true}",test,16,16,16,1,1,1,ef78600b,2026-08-24T01:59:45+09:00,정합 불일치,1,1
sceneH3,scenes/main/sceneH3_bend_walk.py,_archive/v3_scene_build,260823_v3p5_h3l1probe_B,2026-08-23 21:03,2026-08-23 21:20,,B,round-name suffix,ON,"{""hazard_stairs"": true, ""cue_railing"": false, ""cue_convex_mirror"": false, ""cue_tactile"": false, ""cue_nosing"": false, ""cue_material_break"": false, ""cue_sign"": false, ""cue_scene_dressing"": false, ""cue_shadow_caster"": false, ""cue_manhole"": false, ""cue_tree_grate"": false, ""cue_slab_joint"": false, ""cue_drainage"": false, ""cue_bollard"": false}",test,16,16,16,1,1,1,ef78600b,2026-08-24T01:59:45+09:00,정합 불일치,1,1
sceneH3,scenes/main/sceneH3_bend_walk.py,_archive/v3_scene_build,260823_v3p5_h3l1probe_C,2026-08-23 21:07,2026-08-23 21:23,,C,round-name suffix,OFF,"{""hazard_stairs"": false, ""keep_dressing"": true}",test,16,16,16,1,1,1,ef78600b,2026-08-24T01:59:45+09:00,정합 불일치,1,1
sceneH3,scenes/main/sceneH3_bend_walk.py,_archive/v3_scene_build,260823_v3p5_h3l1probe_D,2026-08-23 21:12,2026-08-23 21:26,,D,round-name suffix,OFF,"{""hazard_stairs"": false, ""cue_railing"": false, ""cue_convex_mirror"": false, ""cue_tactile"": false, ""cue_nosing"": false, ""cue_material_break"": false, ""cue_sign"": false, ""cue_scene_dressing"": false, ""cue_shadow_caster"": false, ""cue_manhole"": false, ""cue_tree_grate"": false, ""cue_slab_joint"": false, ""cue_drainage"": false, ""cue_bollard"": false}",test,16,16,16,1,1,1,ef78600b,2026-08-24T01:59:45+09:00,정합 불일치,1,1
sceneH3,scenes/main/sceneH3_bend_walk.py,_archive/v3_scene_build,260823_v3p5_h3l1rev_A,2026-08-23 21:29,2026-08-23 21:56,,A,round-name suffix,ON,"{""hazard_stairs"": true}",test,16,16,16,1,1,1,ef78600b,2026-08-24T01:59:45+09:00,정합 불일치,1,1
sceneH3,scenes/main/sceneH3_bend_walk.py,_archive/v3_scene_build,260823_v3p5_h3l1rev_B,2026-08-23 21:32,2026-08-23 21:59,,B,round-name suffix,ON,"{""hazard_stairs"": true, ""cue_railing"": false, ""cue_convex_mirror"": false, ""cue_tactile"": false, ""cue_nosing"": false, ""cue_material_break"": false, ""cue_sign"": false, ""cue_scene_dressing"": false, ""cue_shadow_caster"": false, ""cue_manhole"": false, ""cue_tree_grate"": false, ""cue_slab_joint"": false, ""cue_drainage"": false, ""cue_bollard"": false}",test,16,16,16,1,1,1,ef78600b,2026-08-24T01:59:45+09:00,정합 불일치,1,1
sceneH3,scenes/main/sceneH3_bend_walk.py,_archive/v3_scene_build,260823_v3p5_h3l1rev_C,2026-08-23 21:35,2026-08-23 22:02,,C,round-name suffix,OFF,"{""hazard_stairs"": false, ""keep_dressing"": true}",test,16,16,16,1,1,1,ef78600b,2026-08-24T01:59:45+09:00,정합 불일치,1,1
sceneH3,scenes/main/sceneH3_bend_walk.py,_archive/v3_scene_build,260823_v3p5_h3l1rev_D,2026-08-23 21:40,2026-08-23 22:06,,D,round-name suffix,OFF,"{""hazard_stairs"": false, ""cue_railing"": false, ""cue_convex_mirror"": false, ""cue_tactile"": false, ""cue_nosing"": false, ""cue_material_break"": false, ""cue_sign"": false, ""cue_scene_dressing"": false, ""cue_shadow_caster"": false, ""cue_manhole"": false, ""cue_tree_grate"": false, ""cue_slab_joint"": false, ""cue_drainage"": false, ""cue_bollard"": false}",test,16,16,16,1,1,1,ef78600b,2026-08-24T01:59:45+09:00,정합 불일치,1,1
sceneH3,scenes/main/sceneH3_bend_walk.py,v3_scene_build,260823_v3p5_h3l1near_A,2026-08-23 21:44,2026-08-23 21:50,,A,round-name suffix,ON,"{""hazard_stairs"": true}",test,4,4,4,1,1,1,ef78600b,2026-08-24T01:59:45+09:00,정합 불일치,1,1
sceneH3,scenes/main/sceneH3_bend_walk.py,v3_scene_build,260823_v3p5_h3l1near_C,2026-08-23 21:47,2026-08-23 21:53,,C,round-name suffix,OFF,"{""hazard_stairs"": false, ""keep_dressing"": true}",test,4,4,4,1,1,1,ef78600b,2026-08-24T01:59:45+09:00,정합 불일치,1,1
sceneH3,scenes/main/sceneH3_bend_walk.py,_archive/_delete_candidates,260823_v3p5_h3l1regsmoke_A,2026-08-24 00:24,2026-08-24 00:25,Y,A,round-name suffix,ON,"{""hazard_stairs"": true}",test,1,1,1,1,1,1,ef78600b,2026-08-24T01:59:45+09:00,정합 불일치,1,1
sceneH3,scenes/main/sceneH3_bend_walk.py,v3_scene_build,260823_v3p5_h3l1reg_A,2026-08-24 00:54,2026-08-24 01:08,Y,A,round-name suffix,ON,"{""hazard_stairs"": true}",test,16,16,16,1,1,1,ef78600b,2026-08-24T01:59:45+09:00,정합 불일치,1,1
sceneH3,scenes/main/sceneH3_bend_walk.py,v3_scene_build,260823_v3p5_h3l1reg_B,2026-08-24 00:58,2026-08-24 01:11,Y,B,round-name suffix,ON,"{""hazard_stairs"": true, ""cue_railing"": false, ""cue_convex_mirror"": false, ""cue_tactile"": false, ""cue_nosing"": false, ""cue_material_break"": false, ""cue_sign"": false, ""cue_scene_dressing"": false, ""cue_shadow_caster"": false, ""cue_manhole"": false, ""cue_tree_grate"": false, ""cue_slab_joint"": false, ""cue_drainage"": false, ""cue_bollard"": false}",test,16,16,16,1,1,1,ef78600b,2026-08-24T01:59:45+09:00,정합 불일치,1,1
sceneH3,scenes/main/sceneH3_bend_walk.py,v3_scene_build,260823_v3p5_h3l1reg_C,2026-08-24 01:01,2026-08-24 01:13,Y,C,round-name suffix,OFF,"{""hazard_stairs"": false, ""keep_dressing"": true}",test,16,16,16,1,1,1,ef78600b,2026-08-24T01:59:45+09:00,정합 불일치,1,1
sceneH3,scenes/main/sceneH3_bend_walk.py,v3_scene_build,260823_v3p5_h3l1reg_D,2026-08-24 01:05,2026-08-24 01:15,Y,D,round-name suffix,OFF,"{""hazard_stairs"": false, ""cue_railing"": false, ""cue_convex_mirror"": false, ""cue_tactile"": false, ""cue_nosing"": false, ""cue_material_break"": false, ""cue_sign"": false, ""cue_scene_dressing"": false, ""cue_shadow_caster"": false, ""cue_manhole"": false, ""cue_tree_grate"": false, ""cue_slab_joint"": false, ""cue_drainage"": false, ""cue_bollard"": false}",test,16,16,16,1,1,1,ef78600b,2026-08-24T01:59:45+09:00,정합 불일치,1,1
sceneH3,scenes/main/sceneH3_bend_walk.py,_archive/_delete_candidates,260824_v3w3_extsmoke_A,2026-08-24 02:43,2026-08-24 02:55,,A,round-name suffix,ON,"{""hazard_stairs"": true}",test,1,1,1,1,1,1,ef78600b,2026-08-24T01:59:45+09:00,정합,1,1
sceneH3,scenes/main/sceneH3_bend_walk.py,v3_test_ext,260824_v3w3_extbase_A,2026-08-24 02:57,2026-08-24 04:12,,A,round-name suffix,ON,"{""hazard_stairs"": true}",test,24,24,24,1,1,1,ef78600b,2026-08-24T01:59:45+09:00,정합,1,1
sceneH3,scenes/main/sceneH3_bend_walk.py,v3_test_ext,260824_v3w3_extbase_C,2026-08-24 02:59,2026-08-24 04:14,,C,round-name suffix,OFF,"{""hazard_stairs"": false, ""keep_dressing"": true}",test,24,24,24,1,1,1,ef78600b,2026-08-24T01:59:45+09:00,정합,1,1
sceneH3,scenes/main/sceneH3_bend_walk.py,v3_test_ext,260824_v3w3_extbase_B,2026-08-24 03:04,2026-08-24 04:16,,B,round-name suffix,ON,"{""hazard_stairs"": true, ""cue_railing"": false, ""cue_tactile"": false, ""cue_nosing"": false, ""cue_material_break"": false, ""cue_sign"": false, ""cue_scene_dressing"": false, ""cue_shadow_caster"": false, ""cue_manhole"": false, ""cue_tree_grate"": false, ""cue_slab_joint"": false, ""cue_drainage"": false, ""cue_bollard"": false, ""cue_convex_mirror"": false}",test,24,24,24,1,1,1,ef78600b,2026-08-24T01:59:45+09:00,정합,1,1
sceneH3,scenes/main/sceneH3_bend_walk.py,v3_test_ext,260824_v3w3_extbase_D,2026-08-24 03:05,2026-08-24 04:17,,D,round-name suffix,OFF,"{""hazard_stairs"": false, ""cue_railing"": false, ""cue_tactile"": false, ""cue_nosing"": false, ""cue_material_break"": false, ""cue_sign"": false, ""cue_scene_dressing"": false, ""cue_shadow_caster"": false, ""cue_manhole"": false, ""cue_tree_grate"": false, ""cue_slab_joint"": false, ""cue_drainage"": false, ""cue_bollard"": false, ""cue_convex_mirror"": false}",test,24,24,24,1,1,1,ef78600b,2026-08-24T01:59:45+09:00,정합,1,1
sceneH3,scenes/main/sceneH3_bend_walk.py,v3_test_ext,260824_v3w3_exth_A,2026-08-24 03:06,2026-08-24 03:40,,A,round-name suffix,ON,"{""hazard_stairs"": true}",test,24,24,24,1,1,1,ef78600b,2026-08-24T01:59:45+09:00,정합,1,1
sceneH3,scenes/main/sceneH3_bend_walk.py,v3_test_ext,260824_v3w3_exth_C,2026-08-24 03:08,2026-08-24 03:43,,C,round-name suffix,OFF,"{""hazard_stairs"": false, ""keep_dressing"": true}",test,24,24,24,1,1,1,ef78600b,2026-08-24T01:59:45+09:00,정합,1,1
sceneH3,scenes/main/sceneH3_bend_walk.py,v3_test_ext,260824_v3w3_exth_B,2026-08-24 03:10,2026-08-24 03:44,,B,round-name suffix,ON,"{""hazard_stairs"": true, ""cue_railing"": false, ""cue_tactile"": false, ""cue_nosing"": false, ""cue_material_break"": false, ""cue_sign"": false, ""cue_scene_dressing"": false, ""cue_shadow_caster"": false, ""cue_manhole"": false, ""cue_tree_grate"": false, ""cue_slab_joint"": false, ""cue_drainage"": false, ""cue_bollard"": false, ""cue_convex_mirror"": false}",test,24,24,24,1,1,1,ef78600b,2026-08-24T01:59:45+09:00,정합,1,1
sceneH3,scenes/main/sceneH3_bend_walk.py,v3_test_ext,260824_v3w3_exth_D,2026-08-24 03:11,2026-08-24 03:46,,D,round-name suffix,OFF,"{""hazard_stairs"": false, ""cue_railing"": false, ""cue_tactile"": false, ""cue_nosing"": false, ""cue_material_break"": false, ""cue_sign"": false, ""cue_scene_dressing"": false, ""cue_shadow_caster"": false, ""cue_manhole"": false, ""cue_tree_grate"": false, ""cue_slab_joint"": false, ""cue_drainage"": false, ""cue_bollard"": false, ""cue_convex_mirror"": false}",test,24,24,24,1,1,1,ef78600b,2026-08-24T01:59:45+09:00,정합,1,1
sceneH6,scenes/main/sceneH6_berm_levee2.py,_archive/_delete_candidates,260823_v3p5_h67smoke_A,2026-08-23 16:47,2026-08-23 16:51,,A,round-name suffix,ON,"{""hazard_stairs"": true}",val,1,1,1,1,1,1,ef78600b,2026-08-24T01:59:45+09:00,정합 불일치,1,1
sceneH6,scenes/main/sceneH6_berm_levee2.py,_archive/v3_scene_build,260823_v3p5_h67probe_A,2026-08-23 16:53,2026-08-23 16:57,,A,round-name suffix,ON,"{""hazard_stairs"": true}",val,8,8,8,1,1,1,ef78600b,2026-08-24T01:59:45+09:00,정합 불일치,1,1
sceneH6,scenes/main/sceneH6_berm_levee2.py,_archive/v3_scene_build,260823_v3p5_h67probe_C,2026-08-23 16:55,2026-08-23 16:58,,C,round-name suffix,OFF,"{""hazard_stairs"": false, ""keep_dressing"": true}",val,8,8,8,1,1,1,ef78600b,2026-08-24T01:59:45+09:00,정합 불일치,1,1
sceneH6,scenes/main/sceneH6_berm_levee2.py,_archive/v3_scene_build,260823_v3p5_h67rev_A,2026-08-23 17:03,2026-08-23 17:05,,A,round-name suffix,ON,"{""hazard_stairs"": true}",val,8,8,8,1,1,1,ef78600b,2026-08-24T01:59:45+09:00,정합 불일치,1,1
sceneH6,scenes/main/sceneH6_berm_levee2.py,_archive/_delete_candidates,260823_v3p5_h67regsmoke_A,2026-08-24 00:26,2026-08-24 00:28,Y,A,round-name suffix,ON,"{""hazard_stairs"": true}",val,1,1,1,1,1,1,ef78600b,2026-08-24T01:59:45+09:00,정합 불일치,1,1
sceneH6,scenes/main/sceneH6_berm_levee2.py,_archive/v3_scene_build,260823_v3p5_h67reg_A,2026-08-24 01:41,2026-08-24 01:49,Y,A,round-name suffix,ON,"{""hazard_stairs"": true}",val,8,8,8,1,1,1,ef78600b,2026-08-24T01:59:45+09:00,정합 불일치,1,1
sceneH6,scenes/main/sceneH6_berm_levee2.py,_archive/v3_scene_build,260823_v3p5_h67reg_C,2026-08-24 01:44,2026-08-24 01:52,Y,C,round-name suffix,OFF,"{""hazard_stairs"": false, ""keep_dressing"": true}",val,8,8,8,1,1,1,ef78600b,2026-08-24T01:59:45+09:00,정합 불일치,1,1
sceneH6,scenes/main/sceneH6_berm_levee2.py,_archive/_delete_candidates,260824_v3w2_h67smoke_A,2026-08-24 04:59,2026-08-24 05:00,,A,round-name suffix,ON,"{""hazard_stairs"": true}",val,1,1,1,1,1,1,ef78600b,2026-08-24T01:59:45+09:00,정합,1,1
sceneH6,scenes/main/sceneH6_berm_levee2.py,v3_library,260824_v3w2_h67base_A,2026-08-24 05:02,2026-08-24 05:27,,A,round-name suffix,ON,"{""hazard_stairs"": true}",val,24,24,24,1,1,1,ef78600b,2026-08-24T01:59:45+09:00,정합,1,1
sceneH6,scenes/main/sceneH6_berm_levee2.py,v3_library,260824_v3w2_h67base_C,2026-08-24 05:05,2026-08-24 05:30,,C,round-name suffix,OFF,"{""hazard_stairs"": false, ""keep_dressing"": true}",val,24,24,24,1,1,1,ef78600b,2026-08-24T01:59:45+09:00,정합,1,1
sceneH6,scenes/main/sceneH6_berm_levee2.py,v3_library,260824_v3w2_h67base_B,2026-08-24 05:08,2026-08-24 05:32,,B,round-name suffix,ON,"{""hazard_stairs"": true, ""cue_railing"": false, ""cue_tactile"": false, ""cue_nosing"": false, ""cue_material_break"": false, ""cue_sign"": false, ""cue_scene_dressing"": false, ""cue_shadow_caster"": false, ""cue_manhole"": false, ""cue_tree_grate"": false, ""cue_slab_joint"": false, ""cue_drainage"": false, ""cue_bollard"": false, ""cue_delineator"": false}",val,24,24,24,1,1,1,ef78600b,2026-08-24T01:59:45+09:00,정합,1,1
sceneH6,scenes/main/sceneH6_berm_levee2.py,v3_library,260824_v3w2_h67base_D,2026-08-24 05:09,2026-08-24 05:33,,D,round-name suffix,OFF,"{""hazard_stairs"": false, ""cue_railing"": false, ""cue_tactile"": false, ""cue_nosing"": false, ""cue_material_break"": false, ""cue_sign"": false, ""cue_scene_dressing"": false, ""cue_shadow_caster"": false, ""cue_manhole"": false, ""cue_tree_grate"": false, ""cue_slab_joint"": false, ""cue_drainage"": false, ""cue_bollard"": false, ""cue_delineator"": false}",val,24,24,24,1,1,1,ef78600b,2026-08-24T01:59:45+09:00,정합,1,1
sceneH6,scenes/main/sceneH6_berm_levee2.py,v3_library,260824_v3w2_h67h_A,2026-08-24 05:11,2026-08-24 05:36,,A,round-name suffix,ON,"{""hazard_stairs"": true}",val,24,24,24,1,1,1,ef78600b,2026-08-24T01:59:45+09:00,정합,1,1
sceneH6,scenes/main/sceneH6_berm_levee2.py,v3_library,260824_v3w2_h67h_C,2026-08-24 05:13,2026-08-24 05:38,,C,round-name suffix,OFF,"{""hazard_stairs"": false, ""keep_dressing"": true}",val,24,24,24,1,1,1,ef78600b,2026-08-24T01:59:45+09:00,정합,1,1
sceneH6,scenes/main/sceneH6_berm_levee2.py,v3_library,260824_v3w2_h67h_B,2026-08-24 05:16,2026-08-24 05:40,,B,round-name suffix,ON,"{""hazard_stairs"": true, ""cue_railing"": false, ""cue_tactile"": false, ""cue_nosing"": false, ""cue_material_break"": false, ""cue_sign"": false, ""cue_scene_dressing"": false, ""cue_shadow_caster"": false, ""cue_manhole"": false, ""cue_tree_grate"": false, ""cue_slab_joint"": false, ""cue_drainage"": false, ""cue_bollard"": false, ""cue_delineator"": false}",val,24,24,24,1,1,1,ef78600b,2026-08-24T01:59:45+09:00,정합,1,1
sceneH6,scenes/main/sceneH6_berm_levee2.py,v3_library,260824_v3w2_h67h_D,2026-08-24 05:17,2026-08-24 05:42,,D,round-name suffix,OFF,"{""hazard_stairs"": false, ""cue_railing"": false, ""cue_tactile"": false, ""cue_nosing"": false, ""cue_material_break"": false, ""cue_sign"": false, ""cue_scene_dressing"": false, ""cue_shadow_caster"": false, ""cue_manhole"": false, ""cue_tree_grate"": false, ""cue_slab_joint"": false, ""cue_drainage"": false, ""cue_bollard"": false, ""cue_delineator"": false}",val,24,24,24,1,1,1,ef78600b,2026-08-24T01:59:45+09:00,정합,1,1
sceneH6,scenes/main/sceneH6_berm_levee2.py,v3_library,260824_v3w2_h67h2_A,2026-08-24 05:18,2026-08-24 05:20,,A,round-name suffix,ON,"{""hazard_stairs"": true}",val,24,24,24,1,1,1,ef78600b,2026-08-24T01:59:45+09:00,정합,1,1
sceneH6,scenes/main/sceneH6_berm_levee2.py,v3_library,260824_v3w2_h67h2_C,2026-08-24 05:20,2026-08-24 05:22,,C,round-name suffix,OFF,"{""hazard_stairs"": false, ""keep_dressing"": true}",val,24,24,24,1,1,1,ef78600b,2026-08-24T01:59:45+09:00,정합,1,1
sceneH6,scenes/main/sceneH6_berm_levee2.py,v3_library,260824_v3w2_h67h2_B,2026-08-24 05:23,2026-08-24 05:24,,B,round-name suffix,ON,"{""hazard_stairs"": true, ""cue_railing"": false, ""cue_tactile"": false, ""cue_nosing"": false, ""cue_material_break"": false, ""cue_sign"": false, ""cue_scene_dressing"": false, ""cue_shadow_caster"": false, ""cue_manhole"": false, ""cue_tree_grate"": false, ""cue_slab_joint"": false, ""cue_drainage"": false, ""cue_bollard"": false, ""cue_delineator"": false}",val,24,24,24,1,1,1,ef78600b,2026-08-24T01:59:45+09:00,정합,1,1
sceneH6,scenes/main/sceneH6_berm_levee2.py,v3_library,260824_v3w2_h67h2_D,2026-08-24 05:24,2026-08-24 05:25,,D,round-name suffix,OFF,"{""hazard_stairs"": false, ""cue_railing"": false, ""cue_tactile"": false, ""cue_nosing"": false, ""cue_material_break"": false, ""cue_sign"": false, ""cue_scene_dressing"": false, ""cue_shadow_caster"": false, ""cue_manhole"": false, ""cue_tree_grate"": false, ""cue_slab_joint"": false, ""cue_drainage"": false, ""cue_bollard"": false, ""cue_delineator"": false}",val,24,24,24,1,1,1,ef78600b,2026-08-24T01:59:45+09:00,정합,1,1
sceneH7,scenes/main/sceneH7_bend_walk2.py,_archive/_delete_candidates,260823_v3p5_h67smoke_A,2026-08-23 16:47,2026-08-23 16:51,,A,round-name suffix,ON,"{""hazard_stairs"": true}",val,1,1,1,1,1,1,82d22cf5,2026-08-24T02:35:40+09:00,정합 불일치,1,1
sceneH7,scenes/main/sceneH7_bend_walk2.py,_archive/v3_scene_build,260823_v3p5_h67probe_A,2026-08-23 16:53,2026-08-23 16:57,,A,round-name suffix,ON,"{""hazard_stairs"": true}",val,8,8,8,1,1,1,82d22cf5,2026-08-24T02:35:40+09:00,정합 불일치,1,1
sceneH7,scenes/main/sceneH7_bend_walk2.py,_archive/v3_scene_build,260823_v3p5_h67probe_C,2026-08-23 16:55,2026-08-23 16:58,,C,round-name suffix,OFF,"{""hazard_stairs"": false, ""keep_dressing"": true}",val,8,8,8,1,1,1,82d22cf5,2026-08-24T02:35:40+09:00,정합 불일치,1,1
sceneH7,scenes/main/sceneH7_bend_walk2.py,_archive/v3_scene_build,260823_v3p5_h67rev_A,2026-08-23 17:03,2026-08-23 17:05,,A,round-name suffix,ON,"{""hazard_stairs"": true}",val,8,8,8,1,1,1,82d22cf5,2026-08-24T02:35:40+09:00,정합 불일치,1,1
sceneH7,scenes/main/sceneH7_bend_walk2.py,_archive/_delete_candidates,260823_v3p5_h67regsmoke_A,2026-08-24 00:26,2026-08-24 00:28,Y,A,round-name suffix,ON,"{""hazard_stairs"": true}",val,1,1,1,1,1,1,82d22cf5,2026-08-24T02:35:40+09:00,정합 불일치,1,1
sceneH7,scenes/main/sceneH7_bend_walk2.py,_archive/v3_scene_build,260823_v3p5_h67reg_A,2026-08-24 01:41,2026-08-24 01:49,Y,A,round-name suffix,ON,"{""hazard_stairs"": true}",val,8,8,8,1,1,1,82d22cf5,2026-08-24T02:35:40+09:00,정합 불일치,1,1
sceneH7,scenes/main/sceneH7_bend_walk2.py,_archive/v3_scene_build,260823_v3p5_h67reg_C,2026-08-24 01:44,2026-08-24 01:52,Y,C,round-name suffix,OFF,"{""hazard_stairs"": false, ""keep_dressing"": true}",val,8,8,8,1,1,1,82d22cf5,2026-08-24T02:35:40+09:00,정합 불일치,1,1
sceneH7,scenes/main/sceneH7_bend_walk2.py,v3_scene_build,260823_v3p5_h67reg2_A,2026-08-24 02:09,2026-08-24 02:10,Y,A,round-name suffix,ON,"{""hazard_stairs"": true}",val,8,8,8,1,1,1,82d22cf5,2026-08-24T02:35:40+09:00,정합 불일치,1,1
sceneH7,scenes/main/sceneH7_bend_walk2.py,v3_scene_build,260823_v3p5_h67reg2_C,2026-08-24 02:13,2026-08-24 02:13,Y,C,round-name suffix,OFF,"{""hazard_stairs"": false, ""keep_dressing"": true}",val,8,8,8,1,1,1,82d22cf5,2026-08-24T02:35:40+09:00,정합 불일치,1,1
sceneH7,scenes/main/sceneH7_bend_walk2.py,_archive/_delete_candidates,260824_v3w2_h67smoke_A,2026-08-24 04:59,2026-08-24 05:00,,A,round-name suffix,ON,"{""hazard_stairs"": true}",val,1,1,1,1,1,1,82d22cf5,2026-08-24T02:35:40+09:00,정합,1,1
sceneH7,scenes/main/sceneH7_bend_walk2.py,v3_library,260824_v3w2_h67base_A,2026-08-24 05:02,2026-08-24 05:27,,A,round-name suffix,ON,"{""hazard_stairs"": true}",val,24,24,24,1,1,1,82d22cf5,2026-08-24T02:35:40+09:00,정합,1,1
sceneH7,scenes/main/sceneH7_bend_walk2.py,v3_library,260824_v3w2_h67base_C,2026-08-24 05:05,2026-08-24 05:30,,C,round-name suffix,OFF,"{""hazard_stairs"": false, ""keep_dressing"": true}",val,24,24,24,1,1,1,82d22cf5,2026-08-24T02:35:40+09:00,정합,1,1
sceneH7,scenes/main/sceneH7_bend_walk2.py,v3_library,260824_v3w2_h67base_B,2026-08-24 05:08,2026-08-24 05:32,,B,round-name suffix,ON,"{""hazard_stairs"": true, ""cue_railing"": false, ""cue_tactile"": false, ""cue_nosing"": false, ""cue_material_break"": false, ""cue_sign"": false, ""cue_scene_dressing"": false, ""cue_shadow_caster"": false, ""cue_manhole"": false, ""cue_tree_grate"": false, ""cue_slab_joint"": false, ""cue_drainage"": false, ""cue_bollard"": false, ""cue_level_handrail"": false}",val,24,24,24,1,1,1,82d22cf5,2026-08-24T02:35:40+09:00,정합,1,1
sceneH7,scenes/main/sceneH7_bend_walk2.py,v3_library,260824_v3w2_h67base_D,2026-08-24 05:09,2026-08-24 05:33,,D,round-name suffix,OFF,"{""hazard_stairs"": false, ""cue_railing"": false, ""cue_tactile"": false, ""cue_nosing"": false, ""cue_material_break"": false, ""cue_sign"": false, ""cue_scene_dressing"": false, ""cue_shadow_caster"": false, ""cue_manhole"": false, ""cue_tree_grate"": false, ""cue_slab_joint"": false, ""cue_drainage"": false, ""cue_bollard"": false, ""cue_level_handrail"": false}",val,24,24,24,1,1,1,82d22cf5,2026-08-24T02:35:40+09:00,정합,1,1
sceneH7,scenes/main/sceneH7_bend_walk2.py,v3_library,260824_v3w2_h67h_A,2026-08-24 05:11,2026-08-24 05:36,,A,round-name suffix,ON,"{""hazard_stairs"": true}",val,24,24,24,1,1,1,82d22cf5,2026-08-24T02:35:40+09:00,정합,1,1
sceneH7,scenes/main/sceneH7_bend_walk2.py,v3_library,260824_v3w2_h67h_C,2026-08-24 05:13,2026-08-24 05:38,,C,round-name suffix,OFF,"{""hazard_stairs"": false, ""keep_dressing"": true}",val,24,24,24,1,1,1,82d22cf5,2026-08-24T02:35:40+09:00,정합,1,1
sceneH7,scenes/main/sceneH7_bend_walk2.py,v3_library,260824_v3w2_h67h_B,2026-08-24 05:16,2026-08-24 05:40,,B,round-name suffix,ON,"{""hazard_stairs"": true, ""cue_railing"": false, ""cue_tactile"": false, ""cue_nosing"": false, ""cue_material_break"": false, ""cue_sign"": false, ""cue_scene_dressing"": false, ""cue_shadow_caster"": false, ""cue_manhole"": false, ""cue_tree_grate"": false, ""cue_slab_joint"": false, ""cue_drainage"": false, ""cue_bollard"": false, ""cue_level_handrail"": false}",val,24,24,24,1,1,1,82d22cf5,2026-08-24T02:35:40+09:00,정합,1,1
sceneH7,scenes/main/sceneH7_bend_walk2.py,v3_library,260824_v3w2_h67h_D,2026-08-24 05:17,2026-08-24 05:42,,D,round-name suffix,OFF,"{""hazard_stairs"": false, ""cue_railing"": false, ""cue_tactile"": false, ""cue_nosing"": false, ""cue_material_break"": false, ""cue_sign"": false, ""cue_scene_dressing"": false, ""cue_shadow_caster"": false, ""cue_manhole"": false, ""cue_tree_grate"": false, ""cue_slab_joint"": false, ""cue_drainage"": false, ""cue_bollard"": false, ""cue_level_handrail"": false}",val,24,24,24,1,1,1,82d22cf5,2026-08-24T02:35:40+09:00,정합,1,1
sceneL1,scenes/main/sceneL1_lateral_canal.py,_archive/_delete_candidates,260823_v3p5_h3l1smoke_A,2026-08-23 20:54,2026-08-23 20:56,,A,round-name suffix,ON,"{""hazard_stairs"": true}",test,1,1,1,1,1,1,ef78600b,2026-08-24T01:59:45+09:00,정합 불일치,1,1
sceneL1,scenes/main/sceneL1_lateral_canal.py,_archive/v3_scene_build,260823_v3p5_h3l1probe_A,2026-08-23 20:59,2026-08-23 21:16,,A,round-name suffix,ON,"{""hazard_stairs"": true}",test,16,16,16,1,1,1,ef78600b,2026-08-24T01:59:45+09:00,정합 불일치,1,1
sceneL1,scenes/main/sceneL1_lateral_canal.py,_archive/v3_scene_build,260823_v3p5_h3l1probe_B,2026-08-23 21:03,2026-08-23 21:20,,B,round-name suffix,ON,"{""hazard_stairs"": true, ""cue_railing"": false, ""cue_tactile"": false, ""cue_nosing"": false, ""cue_material_break"": false, ""cue_sign"": false, ""cue_scene_dressing"": false, ""cue_shadow_caster"": false, ""cue_manhole"": false, ""cue_tree_grate"": false, ""cue_slab_joint"": false, ""cue_drainage"": false, ""cue_bollard"": false, ""cue_delineator"": false}",test,16,16,16,1,1,1,ef78600b,2026-08-24T01:59:45+09:00,정합 불일치,1,1
sceneL1,scenes/main/sceneL1_lateral_canal.py,_archive/v3_scene_build,260823_v3p5_h3l1probe_C,2026-08-23 21:07,2026-08-23 21:23,,C,round-name suffix,OFF,"{""hazard_stairs"": false, ""keep_dressing"": true}",test,16,16,16,1,1,1,ef78600b,2026-08-24T01:59:45+09:00,정합 불일치,1,1
sceneL1,scenes/main/sceneL1_lateral_canal.py,_archive/v3_scene_build,260823_v3p5_h3l1probe_D,2026-08-23 21:12,2026-08-23 21:26,,D,round-name suffix,OFF,"{""hazard_stairs"": false, ""cue_railing"": false, ""cue_tactile"": false, ""cue_nosing"": false, ""cue_material_break"": false, ""cue_sign"": false, ""cue_scene_dressing"": false, ""cue_shadow_caster"": false, ""cue_manhole"": false, ""cue_tree_grate"": false, ""cue_slab_joint"": false, ""cue_drainage"": false, ""cue_bollard"": false, ""cue_delineator"": false}",test,16,16,16,1,1,1,ef78600b,2026-08-24T01:59:45+09:00,정합 불일치,1,1
sceneL1,scenes/main/sceneL1_lateral_canal.py,_archive/v3_scene_build,260823_v3p5_h3l1rev_A,2026-08-23 21:29,2026-08-23 21:56,,A,round-name suffix,ON,"{""hazard_stairs"": true}",test,16,16,16,1,1,1,ef78600b,2026-08-24T01:59:45+09:00,정합 불일치,1,1
sceneL1,scenes/main/sceneL1_lateral_canal.py,_archive/v3_scene_build,260823_v3p5_h3l1rev_B,2026-08-23 21:32,2026-08-23 21:59,,B,round-name suffix,ON,"{""hazard_stairs"": true, ""cue_railing"": false, ""cue_tactile"": false, ""cue_nosing"": false, ""cue_material_break"": false, ""cue_sign"": false, ""cue_scene_dressing"": false, ""cue_shadow_caster"": false, ""cue_manhole"": false, ""cue_tree_grate"": false, ""cue_slab_joint"": false, ""cue_drainage"": false, ""cue_bollard"": false, ""cue_delineator"": false}",test,16,16,16,1,1,1,ef78600b,2026-08-24T01:59:45+09:00,정합 불일치,1,1
sceneL1,scenes/main/sceneL1_lateral_canal.py,_archive/v3_scene_build,260823_v3p5_h3l1rev_C,2026-08-23 21:35,2026-08-23 22:02,,C,round-name suffix,OFF,"{""hazard_stairs"": false, ""keep_dressing"": true}",test,16,16,16,1,1,1,ef78600b,2026-08-24T01:59:45+09:00,정합 불일치,1,1
sceneL1,scenes/main/sceneL1_lateral_canal.py,_archive/v3_scene_build,260823_v3p5_h3l1rev_D,2026-08-23 21:40,2026-08-23 22:06,,D,round-name suffix,OFF,"{""hazard_stairs"": false, ""cue_railing"": false, ""cue_tactile"": false, ""cue_nosing"": false, ""cue_material_break"": false, ""cue_sign"": false, ""cue_scene_dressing"": false, ""cue_shadow_caster"": false, ""cue_manhole"": false, ""cue_tree_grate"": false, ""cue_slab_joint"": false, ""cue_drainage"": false, ""cue_bollard"": false, ""cue_delineator"": false}",test,16,16,16,1,1,1,ef78600b,2026-08-24T01:59:45+09:00,정합 불일치,1,1
sceneL1,scenes/main/sceneL1_lateral_canal.py,v3_scene_build,260823_v3p5_h3l1near_A,2026-08-23 21:44,2026-08-23 21:50,,A,round-name suffix,ON,"{""hazard_stairs"": true}",test,4,4,4,1,1,1,ef78600b,2026-08-24T01:59:45+09:00,정합 불일치,1,1
sceneL1,scenes/main/sceneL1_lateral_canal.py,v3_scene_build,260823_v3p5_h3l1near_C,2026-08-23 21:47,2026-08-23 21:53,,C,round-name suffix,OFF,"{""hazard_stairs"": false, ""keep_dressing"": true}",test,4,4,4,1,1,1,ef78600b,2026-08-24T01:59:45+09:00,정합 불일치,1,1
sceneL1,scenes/main/sceneL1_lateral_canal.py,_archive/_delete_candidates,260823_v3p5_h3l1regsmoke_A,2026-08-24 00:24,2026-08-24 00:25,Y,A,round-name suffix,ON,"{""hazard_stairs"": true}",test,1,1,1,1,1,1,ef78600b,2026-08-24T01:59:45+09:00,정합 불일치,1,1
sceneL1,scenes/main/sceneL1_lateral_canal.py,v3_scene_build,260823_v3p5_h3l1reg_A,2026-08-24 00:54,2026-08-24 01:08,Y,A,round-name suffix,ON,"{""hazard_stairs"": true}",test,16,16,16,1,1,1,ef78600b,2026-08-24T01:59:45+09:00,정합 불일치,1,1
sceneL1,scenes/main/sceneL1_lateral_canal.py,v3_scene_build,260823_v3p5_h3l1reg_B,2026-08-24 00:58,2026-08-24 01:11,Y,B,round-name suffix,ON,"{""hazard_stairs"": true, ""cue_railing"": false, ""cue_tactile"": false, ""cue_nosing"": false, ""cue_material_break"": false, ""cue_sign"": false, ""cue_scene_dressing"": false, ""cue_shadow_caster"": false, ""cue_manhole"": false, ""cue_tree_grate"": false, ""cue_slab_joint"": false, ""cue_drainage"": false, ""cue_bollard"": false, ""cue_delineator"": false}",test,16,16,16,1,1,1,ef78600b,2026-08-24T01:59:45+09:00,정합 불일치,1,1
sceneL1,scenes/main/sceneL1_lateral_canal.py,v3_scene_build,260823_v3p5_h3l1reg_C,2026-08-24 01:01,2026-08-24 01:13,Y,C,round-name suffix,OFF,"{""hazard_stairs"": false, ""keep_dressing"": true}",test,16,16,16,1,1,1,ef78600b,2026-08-24T01:59:45+09:00,정합 불일치,1,1
sceneL1,scenes/main/sceneL1_lateral_canal.py,v3_scene_build,260823_v3p5_h3l1reg_D,2026-08-24 01:05,2026-08-24 01:15,Y,D,round-name suffix,OFF,"{""hazard_stairs"": false, ""cue_railing"": false, ""cue_tactile"": false, ""cue_nosing"": false, ""cue_material_break"": false, ""cue_sign"": false, ""cue_scene_dressing"": false, ""cue_shadow_caster"": false, ""cue_manhole"": false, ""cue_tree_grate"": false, ""cue_slab_joint"": false, ""cue_drainage"": false, ""cue_bollard"": false, ""cue_delineator"": false}",test,16,15,16,1,1,1,ef78600b,2026-08-24T01:59:45+09:00,정합 불일치,0,1
sceneL1,scenes/main/sceneL1_lateral_canal.py,_archive/_delete_candidates,260824_v3w3_extsmoke_A,2026-08-24 02:43,2026-08-24 02:55,,A,round-name suffix,ON,"{""hazard_stairs"": true}",test,1,1,1,1,1,1,ef78600b,2026-08-24T01:59:45+09:00,정합,1,1
sceneL1,scenes/main/sceneL1_lateral_canal.py,v3_test_ext,260824_v3w3_extbase_A,2026-08-24 02:57,2026-08-24 04:12,,A,round-name suffix,ON,"{""hazard_stairs"": true}",test,24,24,24,1,1,1,ef78600b,2026-08-24T01:59:45+09:00,정합,1,1
sceneL1,scenes/main/sceneL1_lateral_canal.py,v3_test_ext,260824_v3w3_extbase_C,2026-08-24 02:59,2026-08-24 04:14,,C,round-name suffix,OFF,"{""hazard_stairs"": false, ""keep_dressing"": true}",test,24,24,24,1,1,1,ef78600b,2026-08-24T01:59:45+09:00,정합,1,1
sceneL1,scenes/main/sceneL1_lateral_canal.py,v3_test_ext,260824_v3w3_extbase_B,2026-08-24 03:04,2026-08-24 04:16,,B,round-name suffix,ON,"{""hazard_stairs"": true, ""cue_railing"": false, ""cue_tactile"": false, ""cue_nosing"": false, ""cue_material_break"": false, ""cue_sign"": false, ""cue_scene_dressing"": false, ""cue_shadow_caster"": false, ""cue_manhole"": false, ""cue_tree_grate"": false, ""cue_slab_joint"": false, ""cue_drainage"": false, ""cue_bollard"": false, ""cue_delineator"": false}",test,24,24,24,1,1,1,ef78600b,2026-08-24T01:59:45+09:00,정합,1,1
sceneL1,scenes/main/sceneL1_lateral_canal.py,v3_test_ext,260824_v3w3_extbase_D,2026-08-24 03:05,2026-08-24 04:17,,D,round-name suffix,OFF,"{""hazard_stairs"": false, ""cue_railing"": false, ""cue_tactile"": false, ""cue_nosing"": false, ""cue_material_break"": false, ""cue_sign"": false, ""cue_scene_dressing"": false, ""cue_shadow_caster"": false, ""cue_manhole"": false, ""cue_tree_grate"": false, ""cue_slab_joint"": false, ""cue_drainage"": false, ""cue_bollard"": false, ""cue_delineator"": false}",test,24,24,24,1,1,1,ef78600b,2026-08-24T01:59:45+09:00,정합,1,1
sceneL1,scenes/main/sceneL1_lateral_canal.py,v3_test_ext,260824_v3w3_extlat_A,2026-08-24 03:52,2026-08-24 03:53,,A,round-name suffix,ON,"{""hazard_stairs"": true}",test,24,24,24,1,1,1,ef78600b,2026-08-24T01:59:45+09:00,정합,1,1
sceneL1,scenes/main/sceneL1_lateral_canal.py,v3_test_ext,260824_v3w3_extlat_C,2026-08-24 03:54,2026-08-24 03:55,,C,round-name suffix,OFF,"{""hazard_stairs"": false, ""keep_dressing"": true}",test,24,24,24,1,1,1,ef78600b,2026-08-24T01:59:45+09:00,정합,1,1
sceneL1,scenes/main/sceneL1_lateral_canal.py,v3_test_ext,260824_v3w3_extlat_B,2026-08-24 03:55,2026-08-24 03:56,,B,round-name suffix,ON,"{""hazard_stairs"": true, ""cue_railing"": false, ""cue_tactile"": false, ""cue_nosing"": false, ""cue_material_break"": false, ""cue_sign"": false, ""cue_scene_dressing"": false, ""cue_shadow_caster"": false, ""cue_manhole"": false, ""cue_tree_grate"": false, ""cue_slab_joint"": false, ""cue_drainage"": false, ""cue_bollard"": false, ""cue_delineator"": false}",test,24,24,24,1,1,1,ef78600b,2026-08-24T01:59:45+09:00,정합,1,1
sceneL1,scenes/main/sceneL1_lateral_canal.py,v3_test_ext,260824_v3w3_extlat_D,2026-08-24 03:56,2026-08-24 03:57,,D,round-name suffix,OFF,"{""hazard_stairs"": false, ""cue_railing"": false, ""cue_tactile"": false, ""cue_nosing"": false, ""cue_material_break"": false, ""cue_sign"": false, ""cue_scene_dressing"": false, ""cue_shadow_caster"": false, ""cue_manhole"": false, ""cue_tree_grate"": false, ""cue_slab_joint"": false, ""cue_drainage"": false, ""cue_bollard"": false, ""cue_delineator"": false}",test,24,24,24,1,1,1,ef78600b,2026-08-24T01:59:45+09:00,정합,1,1
sceneN1,scenes/batch1/sceneN1_shadow_band.py,_archive/scene_dev_2607,260730_data_mini,2026-07-30 07:38,2026-07-30 07:46,Y,?,n/a,?,,train,24,0,0,0,0,1,fb12e5f0,2026-08-14T23:29:44+09:00,정합 불일치,0,0
sceneN1,scenes/batch1/sceneN1_shadow_band.py,_archive/pilots,260815_datapilot,2026-08-15 01:33,2026-08-15 02:49,,?,n/a,?,,train,24,0,0,0,0,1,fb12e5f0,2026-08-14T23:29:44+09:00,정합,0,0
sceneN1,scenes/batch1/sceneN1_shadow_band.py,_archive/pilots,260815_datapilot_aug,2026-08-15 02:49,2026-08-15 02:51,,?,n/a,?,,train,24,0,0,0,0,0,fb12e5f0,2026-08-14T23:29:44+09:00,정합,0,0
sceneN1,scenes/batch1/sceneN1_shadow_band.py,v2_corpus,260819_main_on,2026-08-19 22:42,2026-08-23 22:37,,on,round-name suffix,ON,"{""hazard_shadow_band"": true}",train,24,24,0,1,1,1,fb12e5f0,2026-08-14T23:29:44+09:00,정합,1,0
sceneN1,scenes/batch1/sceneN1_shadow_band.py,v2_corpus,260819_main_off,2026-08-19 22:44,2026-08-20 01:31,,off,round-name suffix,OFF,"{""hazard_shadow_band"": false}",train,24,24,0,1,1,1,fb12e5f0,2026-08-14T23:29:44+09:00,정합,1,0
sceneN1,scenes/batch1/sceneN1_shadow_band.py,v3_aux,260825_v3w0_cuecls_A,2026-08-23 15:44,2026-08-23 15:59,Y,A,round-name suffix,ON,"{""hazard_shadow_band"": true}",train,4,4,0,1,1,1,fb12e5f0,2026-08-14T23:29:44+09:00,정합,1,0
sceneN1,scenes/batch1/sceneN1_shadow_band.py,v3_aux,260825_v3w0_cuecls_Bmatl,2026-08-23 16:11,2026-08-23 16:13,Y,B*,round-name suffix (cuecls),ON,"{""hazard_shadow_band"": true, ""cue_material_break"": false}",train,4,4,0,1,1,1,fb12e5f0,2026-08-14T23:29:44+09:00,정합,1,0
sceneN1,scenes/batch1/sceneN1_shadow_band.py,v3_aux,260825_v3w0_cuecls_Bdress,2026-08-23 16:14,2026-08-23 16:23,Y,B*,round-name suffix (cuecls),ON,"{""hazard_shadow_band"": true, ""cue_scene_dressing"": false}",train,4,4,0,1,1,1,fb12e5f0,2026-08-14T23:29:44+09:00,정합,1,0
sceneN1,scenes/batch1/sceneN1_shadow_band.py,_archive/_delete_candidates,260826_v3w1_lib_D_smoke,2026-08-23 16:51,2026-08-23 17:05,Y,?,n/a,OFF,"{""hazard_shadow_band"": false, ""cue_railing"": false, ""cue_tactile"": false, ""cue_nosing"": false, ""cue_material_break"": false, ""cue_sign"": false, ""cue_scene_dressing"": false}",train,1,1,1,1,1,1,fb12e5f0,2026-08-14T23:29:44+09:00,정합,1,1
sceneN1,scenes/batch1/sceneN1_shadow_band.py,v3_library,260826_v3w1_lib_D,2026-08-23 17:06,2026-08-23 17:58,Y,D,round-name suffix,OFF,"{""hazard_shadow_band"": false, ""cue_railing"": false, ""cue_tactile"": false, ""cue_nosing"": false, ""cue_material_break"": false, ""cue_sign"": false, ""cue_scene_dressing"": false}",train,24,24,24,1,1,1,fb12e5f0,2026-08-14T23:29:44+09:00,정합,1,1
sceneN11,scenes/main/sceneN11_ground_pattern.py,_archive/_delete_candidates,260823_v3p5_n911smoke_A,2026-08-23 23:08,2026-08-23 23:09,,A,round-name suffix,ON,"{""hazard_planting_bed"": true}",test,1,1,1,1,1,1,82d22cf5,2026-08-24T02:35:40+09:00,정합 불일치,1,1
sceneN11,scenes/main/sceneN11_ground_pattern.py,_archive/v3_scene_build,260823_v3p5_n911probe_A,2026-08-23 23:09,2026-08-23 23:15,,A,round-name suffix,ON,"{""hazard_planting_bed"": true}",test,16,16,16,1,1,1,82d22cf5,2026-08-24T02:35:40+09:00,정합 불일치,1,1
sceneN11,scenes/main/sceneN11_ground_pattern.py,_archive/v3_scene_build,260823_v3p5_n911probe_B,2026-08-23 23:11,2026-08-23 23:15,,B,round-name suffix,ON,"{""hazard_planting_bed"": true, ""cue_railing"": false, ""cue_tactile"": false, ""cue_nosing"": false, ""cue_material_break"": false, ""cue_sign"": false, ""cue_scene_dressing"": false, ""cue_shadow_caster"": false, ""cue_manhole"": false, ""cue_tree_grate"": false, ""cue_slab_joint"": false, ""cue_drainage"": false, ""cue_bollard"": false, ""cue_road_marking"": false}",test,16,16,16,1,1,1,82d22cf5,2026-08-24T02:35:40+09:00,정합 불일치,1,1
sceneN11,scenes/main/sceneN11_ground_pattern.py,_archive/v3_scene_build,260823_v3p5_n911probe_C,2026-08-23 23:12,2026-08-23 23:17,,C,round-name suffix,OFF,"{""hazard_planting_bed"": false, ""keep_dressing"": true}",test,16,16,16,1,1,1,82d22cf5,2026-08-24T02:35:40+09:00,정합 불일치,1,1
sceneN11,scenes/main/sceneN11_ground_pattern.py,_archive/v3_scene_build,260823_v3p5_n911probe_D,2026-08-23 23:13,2026-08-23 23:18,,D,round-name suffix,OFF,"{""hazard_planting_bed"": false, ""cue_railing"": false, ""cue_tactile"": false, ""cue_nosing"": false, ""cue_material_break"": false, ""cue_sign"": false, ""cue_scene_dressing"": false, ""cue_shadow_caster"": false, ""cue_manhole"": false, ""cue_tree_grate"": false, ""cue_slab_joint"": false, ""cue_drainage"": false, ""cue_bollard"": false, ""cue_road_marking"": false}",test,16,16,16,1,1,1,82d22cf5,2026-08-24T02:35:40+09:00,정합 불일치,1,1
sceneN11,scenes/main/sceneN11_ground_pattern.py,_archive/v3_scene_build,260823_v3p5_n911rev_A,2026-08-23 23:25,2026-08-23 23:30,,A,round-name suffix,ON,"{""hazard_planting_bed"": true}",test,16,16,16,1,1,1,82d22cf5,2026-08-24T02:35:40+09:00,정합 불일치,1,1
sceneN11,scenes/main/sceneN11_ground_pattern.py,_archive/v3_scene_build,260823_v3p5_n911rev_B,2026-08-23 23:26,2026-08-23 23:31,,B,round-name suffix,ON,"{""hazard_planting_bed"": true, ""cue_railing"": false, ""cue_tactile"": false, ""cue_nosing"": false, ""cue_material_break"": false, ""cue_sign"": false, ""cue_scene_dressing"": false, ""cue_shadow_caster"": false, ""cue_manhole"": false, ""cue_tree_grate"": false, ""cue_slab_joint"": false, ""cue_drainage"": false, ""cue_bollard"": false, ""cue_road_marking"": false}",test,16,16,16,1,1,1,82d22cf5,2026-08-24T02:35:40+09:00,정합 불일치,1,1
sceneN11,scenes/main/sceneN11_ground_pattern.py,_archive/v3_scene_build,260823_v3p5_n911rev_C,2026-08-23 23:27,2026-08-23 23:32,,C,round-name suffix,OFF,"{""hazard_planting_bed"": false, ""keep_dressing"": true}",test,16,16,16,1,1,1,82d22cf5,2026-08-24T02:35:40+09:00,정합 불일치,1,1
sceneN11,scenes/main/sceneN11_ground_pattern.py,_archive/v3_scene_build,260823_v3p5_n911rev_D,2026-08-23 23:28,2026-08-23 23:33,,D,round-name suffix,OFF,"{""hazard_planting_bed"": false, ""cue_railing"": false, ""cue_tactile"": false, ""cue_nosing"": false, ""cue_material_break"": false, ""cue_sign"": false, ""cue_scene_dressing"": false, ""cue_shadow_caster"": false, ""cue_manhole"": false, ""cue_tree_grate"": false, ""cue_slab_joint"": false, ""cue_drainage"": false, ""cue_bollard"": false, ""cue_road_marking"": false}",test,16,16,16,1,1,1,82d22cf5,2026-08-24T02:35:40+09:00,정합 불일치,1,1
sceneN11,scenes/main/sceneN11_ground_pattern.py,_archive/v3_scene_build,260823_v3p5_n911rev2_A,2026-08-23 23:44,2026-08-23 23:49,,A,round-name suffix,ON,"{""hazard_planting_bed"": true}",test,16,16,16,1,1,1,82d22cf5,2026-08-24T02:35:40+09:00,정합 불일치,1,1
sceneN11,scenes/main/sceneN11_ground_pattern.py,_archive/v3_scene_build,260823_v3p5_n911rev2_B,2026-08-23 23:45,2026-08-23 23:50,,B,round-name suffix,ON,"{""hazard_planting_bed"": true, ""cue_railing"": false, ""cue_tactile"": false, ""cue_nosing"": false, ""cue_material_break"": false, ""cue_sign"": false, ""cue_scene_dressing"": false, ""cue_shadow_caster"": false, ""cue_manhole"": false, ""cue_tree_grate"": false, ""cue_slab_joint"": false, ""cue_drainage"": false, ""cue_bollard"": false, ""cue_road_marking"": false}",test,16,16,16,1,1,1,82d22cf5,2026-08-24T02:35:40+09:00,정합 불일치,1,1
sceneN11,scenes/main/sceneN11_ground_pattern.py,_archive/v3_scene_build,260823_v3p5_n911rev2_C,2026-08-23 23:46,2026-08-23 23:51,,C,round-name suffix,OFF,"{""hazard_planting_bed"": false, ""keep_dressing"": true}",test,16,16,16,1,1,1,82d22cf5,2026-08-24T02:35:40+09:00,정합 불일치,1,1
sceneN11,scenes/main/sceneN11_ground_pattern.py,_archive/v3_scene_build,260823_v3p5_n911rev2_D,2026-08-23 23:47,2026-08-23 23:52,,D,round-name suffix,OFF,"{""hazard_planting_bed"": false, ""cue_railing"": false, ""cue_tactile"": false, ""cue_nosing"": false, ""cue_material_break"": false, ""cue_sign"": false, ""cue_scene_dressing"": false, ""cue_shadow_caster"": false, ""cue_manhole"": false, ""cue_tree_grate"": false, ""cue_slab_joint"": false, ""cue_drainage"": false, ""cue_bollard"": false, ""cue_road_marking"": false}",test,16,16,16,1,1,1,82d22cf5,2026-08-24T02:35:40+09:00,정합 불일치,1,1
sceneN11,scenes/main/sceneN11_ground_pattern.py,_archive/v3_scene_build,260823_v3p5_n911rev3_A,2026-08-24 00:10,2026-08-24 00:17,Y,A,round-name suffix,ON,"{""hazard_planting_bed"": true}",test,16,16,16,1,1,1,82d22cf5,2026-08-24T02:35:40+09:00,정합 불일치,1,1
sceneN11,scenes/main/sceneN11_ground_pattern.py,_archive/v3_scene_build,260823_v3p5_n911rev3_B,2026-08-24 00:12,2026-08-24 00:18,Y,B,round-name suffix,ON,"{""hazard_planting_bed"": true, ""cue_railing"": false, ""cue_tactile"": false, ""cue_nosing"": false, ""cue_material_break"": false, ""cue_sign"": false, ""cue_scene_dressing"": false, ""cue_shadow_caster"": false, ""cue_manhole"": false, ""cue_tree_grate"": false, ""cue_slab_joint"": false, ""cue_drainage"": false, ""cue_bollard"": false, ""cue_road_marking"": false}",test,16,16,16,1,1,1,82d22cf5,2026-08-24T02:35:40+09:00,정합 불일치,1,1
sceneN11,scenes/main/sceneN11_ground_pattern.py,_archive/v3_scene_build,260823_v3p5_n911rev3_C,2026-08-24 00:13,2026-08-24 00:19,Y,C,round-name suffix,OFF,"{""hazard_planting_bed"": false, ""keep_dressing"": true}",test,16,16,16,1,1,1,82d22cf5,2026-08-24T02:35:40+09:00,정합 불일치,1,1
sceneN11,scenes/main/sceneN11_ground_pattern.py,_archive/v3_scene_build,260823_v3p5_n911rev3_D,2026-08-24 00:16,2026-08-24 00:20,Y,D,round-name suffix,OFF,"{""hazard_planting_bed"": false, ""cue_railing"": false, ""cue_tactile"": false, ""cue_nosing"": false, ""cue_material_break"": false, ""cue_sign"": false, ""cue_scene_dressing"": false, ""cue_shadow_caster"": false, ""cue_manhole"": false, ""cue_tree_grate"": false, ""cue_slab_joint"": false, ""cue_drainage"": false, ""cue_bollard"": false, ""cue_road_marking"": false}",test,16,16,16,1,1,1,82d22cf5,2026-08-24T02:35:40+09:00,정합 불일치,1,1
sceneN11,scenes/main/sceneN11_ground_pattern.py,v3_scene_build,260823_v3p5_n911rev4_A,2026-08-24 00:50,2026-08-24 01:05,Y,A,round-name suffix,ON,"{""hazard_planting_bed"": true}",test,16,16,16,1,1,1,82d22cf5,2026-08-24T02:35:40+09:00,정합 불일치,1,1
sceneN11,scenes/main/sceneN11_ground_pattern.py,v3_scene_build,260823_v3p5_n911rev4_B,2026-08-24 00:54,2026-08-24 01:07,Y,B,round-name suffix,ON,"{""hazard_planting_bed"": true, ""cue_railing"": false, ""cue_tactile"": false, ""cue_nosing"": false, ""cue_material_break"": false, ""cue_sign"": false, ""cue_scene_dressing"": false, ""cue_shadow_caster"": false, ""cue_manhole"": false, ""cue_tree_grate"": false, ""cue_slab_joint"": false, ""cue_drainage"": false, ""cue_bollard"": false, ""cue_road_marking"": false}",test,16,16,16,1,1,1,82d22cf5,2026-08-24T02:35:40+09:00,정합 불일치,1,1
sceneN11,scenes/main/sceneN11_ground_pattern.py,v3_scene_build,260823_v3p5_n911rev4_C,2026-08-24 00:57,2026-08-24 01:10,Y,C,round-name suffix,OFF,"{""hazard_planting_bed"": false, ""keep_dressing"": true}",test,16,16,16,1,1,1,82d22cf5,2026-08-24T02:35:40+09:00,정합 불일치,1,1
sceneN11,scenes/main/sceneN11_ground_pattern.py,v3_scene_build,260823_v3p5_n911rev4_D,2026-08-24 01:01,2026-08-24 01:12,Y,D,round-name suffix,OFF,"{""hazard_planting_bed"": false, ""cue_railing"": false, ""cue_tactile"": false, ""cue_nosing"": false, ""cue_material_break"": false, ""cue_sign"": false, ""cue_scene_dressing"": false, ""cue_shadow_caster"": false, ""cue_manhole"": false, ""cue_tree_grate"": false, ""cue_slab_joint"": false, ""cue_drainage"": false, ""cue_bollard"": false, ""cue_road_marking"": false}",test,16,16,16,1,1,1,82d22cf5,2026-08-24T02:35:40+09:00,정합 불일치,1,1
sceneN11,scenes/main/sceneN11_ground_pattern.py,v3_scene_build,260823_v3p5_n911b2_A,2026-08-24 01:14,2026-08-24 01:24,Y,A,round-name suffix,ON,"{""hazard_planting_bed"": true}",test,8,8,8,1,1,1,82d22cf5,2026-08-24T02:35:40+09:00,정합 불일치,1,1
sceneN11,scenes/main/sceneN11_ground_pattern.py,v3_scene_build,260823_v3p5_n911b2_B,2026-08-24 01:16,2026-08-24 01:29,Y,B,round-name suffix,ON,"{""hazard_planting_bed"": true, ""cue_railing"": false, ""cue_tactile"": false, ""cue_nosing"": false, ""cue_material_break"": false, ""cue_sign"": false, ""cue_scene_dressing"": false, ""cue_shadow_caster"": false, ""cue_manhole"": false, ""cue_tree_grate"": false, ""cue_slab_joint"": false, ""cue_drainage"": false, ""cue_bollard"": false, ""cue_road_marking"": false}",test,8,8,8,1,1,1,82d22cf5,2026-08-24T02:35:40+09:00,정합 불일치,1,1
sceneN11,scenes/main/sceneN11_ground_pattern.py,v3_scene_build,260823_v3p5_n911b2_C,2026-08-24 01:18,2026-08-24 01:32,Y,C,round-name suffix,OFF,"{""hazard_planting_bed"": false, ""keep_dressing"": true}",test,8,8,8,1,1,1,82d22cf5,2026-08-24T02:35:40+09:00,정합 불일치,1,1
sceneN11,scenes/main/sceneN11_ground_pattern.py,v3_scene_build,260823_v3p5_n911b2_D,2026-08-24 01:20,2026-08-24 01:35,Y,D,round-name suffix,OFF,"{""hazard_planting_bed"": false, ""cue_railing"": false, ""cue_tactile"": false, ""cue_nosing"": false, ""cue_material_break"": false, ""cue_sign"": false, ""cue_scene_dressing"": false, ""cue_shadow_caster"": false, ""cue_manhole"": false, ""cue_tree_grate"": false, ""cue_slab_joint"": false, ""cue_drainage"": false, ""cue_bollard"": false, ""cue_road_marking"": false}",test,8,8,8,1,1,1,82d22cf5,2026-08-24T02:35:40+09:00,정합 불일치,1,1
sceneN11,scenes/main/sceneN11_ground_pattern.py,_archive/_delete_candidates,260824_v3w3_extsmoke_A,2026-08-24 02:43,2026-08-24 02:55,,A,round-name suffix,ON,"{""hazard_planting_bed"": true}",test,1,1,1,1,1,1,82d22cf5,2026-08-24T02:35:40+09:00,정합,1,1
sceneN11,scenes/main/sceneN11_ground_pattern.py,v3_test_ext,260824_v3w3_extbase_A,2026-08-24 02:57,2026-08-24 04:12,,A,round-name suffix,ON,"{""hazard_planting_bed"": true}",test,24,24,24,1,1,1,82d22cf5,2026-08-24T02:35:40+09:00,정합,1,1
sceneN11,scenes/main/sceneN11_ground_pattern.py,v3_test_ext,260824_v3w3_extbase_C,2026-08-24 02:59,2026-08-24 04:14,,C,round-name suffix,OFF,"{""hazard_planting_bed"": false, ""keep_dressing"": true}",test,24,24,24,1,1,1,82d22cf5,2026-08-24T02:35:40+09:00,정합,1,1
sceneN11,scenes/main/sceneN11_ground_pattern.py,v3_test_ext,260824_v3w3_extbase_B,2026-08-24 03:04,2026-08-24 04:16,,B,round-name suffix,ON,"{""hazard_planting_bed"": true, ""cue_railing"": false, ""cue_tactile"": false, ""cue_nosing"": false, ""cue_material_break"": false, ""cue_sign"": false, ""cue_scene_dressing"": false, ""cue_shadow_caster"": false, ""cue_manhole"": false, ""cue_tree_grate"": false, ""cue_slab_joint"": false, ""cue_drainage"": false, ""cue_bollard"": false, ""cue_road_marking"": false}",test,24,24,24,1,1,1,82d22cf5,2026-08-24T02:35:40+09:00,정합,1,1
sceneN11,scenes/main/sceneN11_ground_pattern.py,v3_test_ext,260824_v3w3_extbase_D,2026-08-24 03:05,2026-08-24 04:17,,D,round-name suffix,OFF,"{""hazard_planting_bed"": false, ""cue_railing"": false, ""cue_tactile"": false, ""cue_nosing"": false, ""cue_material_break"": false, ""cue_sign"": false, ""cue_scene_dressing"": false, ""cue_shadow_caster"": false, ""cue_manhole"": false, ""cue_tree_grate"": false, ""cue_slab_joint"": false, ""cue_drainage"": false, ""cue_bollard"": false, ""cue_road_marking"": false}",test,24,24,24,1,1,1,82d22cf5,2026-08-24T02:35:40+09:00,정합,1,1
sceneN11,scenes/main/sceneN11_ground_pattern.py,v3_test_ext,260824_v3w3_extb2_A,2026-08-24 04:03,2026-08-24 04:19,,A,round-name suffix,ON,"{""hazard_planting_bed"": true}",test,24,24,24,1,1,1,82d22cf5,2026-08-24T02:35:40+09:00,정합,1,1
sceneN11,scenes/main/sceneN11_ground_pattern.py,v3_test_ext,260824_v3w3_extb2_C,2026-08-24 04:05,2026-08-24 04:22,,C,round-name suffix,OFF,"{""hazard_planting_bed"": false, ""keep_dressing"": true}",test,24,24,24,1,1,1,82d22cf5,2026-08-24T02:35:40+09:00,정합,1,1
sceneN11,scenes/main/sceneN11_ground_pattern.py,v3_test_ext,260824_v3w3_extb2_B,2026-08-24 04:08,2026-08-24 04:23,,B,round-name suffix,ON,"{""hazard_planting_bed"": true, ""cue_railing"": false, ""cue_tactile"": false, ""cue_nosing"": false, ""cue_material_break"": false, ""cue_sign"": false, ""cue_scene_dressing"": false, ""cue_shadow_caster"": false, ""cue_manhole"": false, ""cue_tree_grate"": false, ""cue_slab_joint"": false, ""cue_drainage"": false, ""cue_bollard"": false, ""cue_road_marking"": false}",test,24,24,24,1,1,1,82d22cf5,2026-08-24T02:35:40+09:00,정합,1,1
sceneN11,scenes/main/sceneN11_ground_pattern.py,v3_test_ext,260824_v3w3_extb2_D,2026-08-24 04:09,2026-08-24 04:24,,D,round-name suffix,OFF,"{""hazard_planting_bed"": false, ""cue_railing"": false, ""cue_tactile"": false, ""cue_nosing"": false, ""cue_material_break"": false, ""cue_sign"": false, ""cue_scene_dressing"": false, ""cue_shadow_caster"": false, ""cue_manhole"": false, ""cue_tree_grate"": false, ""cue_slab_joint"": false, ""cue_drainage"": false, ""cue_bollard"": false, ""cue_road_marking"": false}",test,24,24,24,1,1,1,82d22cf5,2026-08-24T02:35:40+09:00,정합,1,1
sceneN2,scenes/batch1/sceneN2_asphalt_patch.py,_archive/pilots,260815_datapilot,2026-08-15 01:33,2026-08-15 02:49,,?,n/a,?,,train,24,0,0,0,0,1,ae9da9ff,2026-08-07T19:04:05+09:00,정합,0,0
sceneN2,scenes/batch1/sceneN2_asphalt_patch.py,_archive/pilots,260815_datapilot_aug,2026-08-15 02:49,2026-08-15 02:51,,?,n/a,?,,train,24,0,0,0,0,0,ae9da9ff,2026-08-07T19:04:05+09:00,정합,0,0
sceneN2,scenes/batch1/sceneN2_asphalt_patch.py,v2_corpus,260819_main_on,2026-08-19 22:42,2026-08-23 22:37,,on,round-name suffix,ON,"{""hazard_asphalt_patch"": true}",train,24,24,0,1,1,1,ae9da9ff,2026-08-07T19:04:05+09:00,정합,1,0
sceneN2,scenes/batch1/sceneN2_asphalt_patch.py,v2_corpus,260819_main_off,2026-08-19 22:44,2026-08-20 01:31,,off,round-name suffix,OFF,"{""hazard_asphalt_patch"": false}",train,24,24,0,1,1,1,ae9da9ff,2026-08-07T19:04:05+09:00,정합,1,0
sceneN2,scenes/batch1/sceneN2_asphalt_patch.py,v3_aux,260825_v3w0_cuecls_A,2026-08-23 15:44,2026-08-23 15:59,Y,A,round-name suffix,ON,"{""hazard_asphalt_patch"": true}",train,4,4,0,1,1,1,ae9da9ff,2026-08-07T19:04:05+09:00,정합,1,0
sceneN2,scenes/batch1/sceneN2_asphalt_patch.py,v3_aux,260825_v3w0_cuecls_Bmatl,2026-08-23 16:11,2026-08-23 16:13,Y,B*,round-name suffix (cuecls),ON,"{""hazard_asphalt_patch"": true, ""cue_material_break"": false}",train,4,4,0,1,1,1,ae9da9ff,2026-08-07T19:04:05+09:00,정합,1,0
sceneN2,scenes/batch1/sceneN2_asphalt_patch.py,v3_aux,260825_v3w0_cuecls_Bdress,2026-08-23 16:14,2026-08-23 16:23,Y,B*,round-name suffix (cuecls),ON,"{""hazard_asphalt_patch"": true, ""cue_scene_dressing"": false}",train,4,4,0,1,1,1,ae9da9ff,2026-08-07T19:04:05+09:00,정합,1,0
sceneN2,scenes/batch1/sceneN2_asphalt_patch.py,_archive/_delete_candidates,260826_v3w1_lib_D_smoke,2026-08-23 16:51,2026-08-23 17:05,Y,?,n/a,OFF,"{""hazard_asphalt_patch"": false, ""cue_railing"": false, ""cue_tactile"": false, ""cue_nosing"": false, ""cue_material_break"": false, ""cue_sign"": false, ""cue_scene_dressing"": false}",train,1,1,1,1,1,1,ae9da9ff,2026-08-07T19:04:05+09:00,정합,1,1
sceneN2,scenes/batch1/sceneN2_asphalt_patch.py,v3_library,260826_v3w1_lib_D,2026-08-23 17:06,2026-08-23 17:58,Y,D,round-name suffix,OFF,"{""hazard_asphalt_patch"": false, ""cue_railing"": false, ""cue_tactile"": false, ""cue_nosing"": false, ""cue_material_break"": false, ""cue_sign"": false, ""cue_scene_dressing"": false}",train,24,24,24,1,1,1,ae9da9ff,2026-08-07T19:04:05+09:00,정합,1,1
sceneN3,scenes/batch1/sceneN3_trompe_loeil.py,_archive/pilots,260815_datapilot,2026-08-15 01:33,2026-08-15 02:49,,?,n/a,?,,train,24,0,0,0,0,1,6e785c30,2026-08-21T04:19:43+09:00,정합 불일치,0,0
sceneN3,scenes/batch1/sceneN3_trompe_loeil.py,_archive/pilots,260815_datapilot_aug,2026-08-15 02:49,2026-08-15 02:51,,?,n/a,?,,train,24,0,0,0,0,0,6e785c30,2026-08-21T04:19:43+09:00,정합 불일치,0,0
sceneN3,scenes/batch1/sceneN3_trompe_loeil.py,v2_corpus,260819_main_on,2026-08-19 22:42,2026-08-23 22:37,,on,round-name suffix,ON,"{""hazard_stairs"": true}",train,24,24,0,1,1,1,6e785c30,2026-08-21T04:19:43+09:00,정합 불일치,1,0
sceneN3,scenes/batch1/sceneN3_trompe_loeil.py,v2_corpus,260819_main_off,2026-08-19 22:44,2026-08-20 01:31,,off,round-name suffix,OFF,"{""hazard_stairs"": false}",train,24,24,0,1,1,1,6e785c30,2026-08-21T04:19:43+09:00,정합 불일치,1,0
sceneN3,scenes/batch1/sceneN3_trompe_loeil.py,v2_probes,260820_ctrloff,2026-08-21 12:31,2026-08-21 12:36,Y,?,n/a,OFF,"{""hazard_stairs"": false, ""keep_dressing"": true}",train,24,24,0,1,1,1,6e785c30,2026-08-21T04:19:43+09:00,정합,1,0
sceneN4,scenes/batch1/sceneN4_downhill_ramp.py,_archive/scene_dev_2607,260730_data_mini,2026-07-30 07:38,2026-07-30 07:46,Y,?,n/a,?,,train,24,0,0,0,0,1,c37e4a03,2026-08-15T02:40:57+09:00,정합 불일치,0,0
sceneN4,scenes/batch1/sceneN4_downhill_ramp.py,v2_corpus,260819_main_on,2026-08-19 22:42,2026-08-23 22:37,,on,round-name suffix,ON,"{""hazard_stairs"": true}",train,24,24,0,1,1,1,c37e4a03,2026-08-15T02:40:57+09:00,정합,1,0
sceneN4,scenes/batch1/sceneN4_downhill_ramp.py,v2_corpus,260819_main_off,2026-08-19 22:44,2026-08-20 01:31,,off,round-name suffix,OFF,"{""hazard_stairs"": false}",train,24,24,0,1,1,1,c37e4a03,2026-08-15T02:40:57+09:00,정합,1,0
sceneN4,scenes/batch1/sceneN4_downhill_ramp.py,v3_aux,260825_v3w0_cuecls_A,2026-08-23 15:44,2026-08-23 15:59,Y,A,round-name suffix,ON,"{""hazard_stairs"": true}",train,4,4,0,1,1,1,c37e4a03,2026-08-15T02:40:57+09:00,정합,1,0
sceneN4,scenes/batch1/sceneN4_downhill_ramp.py,v3_aux,260825_v3w0_cuecls_Bdress,2026-08-23 16:14,2026-08-23 16:23,Y,B*,round-name suffix (cuecls),ON,"{""hazard_stairs"": true, ""cue_scene_dressing"": false}",train,4,4,0,1,1,1,c37e4a03,2026-08-15T02:40:57+09:00,정합,1,0
sceneN4,scenes/batch1/sceneN4_downhill_ramp.py,_archive/_delete_candidates,260826_v3w1_lib_D_smoke,2026-08-23 16:51,2026-08-23 17:05,Y,?,n/a,OFF,"{""hazard_stairs"": false, ""cue_railing"": false, ""cue_tactile"": false, ""cue_nosing"": false, ""cue_material_break"": false, ""cue_sign"": false, ""cue_scene_dressing"": false}",train,1,1,1,1,1,1,c37e4a03,2026-08-15T02:40:57+09:00,정합,1,1
sceneN4,scenes/batch1/sceneN4_downhill_ramp.py,v3_library,260826_v3w1_lib_D,2026-08-23 17:06,2026-08-23 17:58,Y,D,round-name suffix,OFF,"{""hazard_stairs"": false, ""cue_railing"": false, ""cue_tactile"": false, ""cue_nosing"": false, ""cue_material_break"": false, ""cue_sign"": false, ""cue_scene_dressing"": false}",train,24,24,24,1,1,1,c37e4a03,2026-08-15T02:40:57+09:00,정합,1,1
sceneN5,scenes/batch1/sceneN5_flush_grating.py,v2_corpus,260819_main_on,2026-08-19 22:42,2026-08-23 22:37,,on,round-name suffix,ON,"{""hazard_flush_grating"": true}",train,24,24,0,1,1,1,c37e4a03,2026-08-15T02:40:57+09:00,정합,1,0
sceneN5,scenes/batch1/sceneN5_flush_grating.py,v2_corpus,260819_main_off,2026-08-19 22:44,2026-08-20 01:31,,off,round-name suffix,OFF,"{""hazard_flush_grating"": false}",train,24,24,0,1,1,1,c37e4a03,2026-08-15T02:40:57+09:00,정합,1,0
sceneN5,scenes/batch1/sceneN5_flush_grating.py,v3_aux,260825_v3w0_cuecls_A,2026-08-23 15:44,2026-08-23 15:59,Y,A,round-name suffix,ON,"{""hazard_flush_grating"": true}",train,4,4,0,1,1,1,c37e4a03,2026-08-15T02:40:57+09:00,정합,1,0
sceneN5,scenes/batch1/sceneN5_flush_grating.py,v3_aux,260825_v3w0_cuecls_Bmatl,2026-08-23 16:11,2026-08-23 16:13,Y,B*,round-name suffix (cuecls),ON,"{""hazard_flush_grating"": true, ""cue_material_break"": false}",train,4,4,0,1,1,1,c37e4a03,2026-08-15T02:40:57+09:00,정합,1,0
sceneN5,scenes/batch1/sceneN5_flush_grating.py,v3_aux,260825_v3w0_cuecls_Bdress,2026-08-23 16:14,2026-08-23 16:23,Y,B*,round-name suffix (cuecls),ON,"{""hazard_flush_grating"": true, ""cue_scene_dressing"": false}",train,4,4,0,1,1,1,c37e4a03,2026-08-15T02:40:57+09:00,정합,1,0
sceneN5,scenes/batch1/sceneN5_flush_grating.py,_archive/_delete_candidates,260826_v3w1_lib_D_smoke,2026-08-23 16:51,2026-08-23 17:05,Y,?,n/a,OFF,"{""hazard_flush_grating"": false, ""cue_railing"": false, ""cue_tactile"": false, ""cue_nosing"": false, ""cue_material_break"": false, ""cue_sign"": false, ""cue_scene_dressing"": false}",train,1,1,1,1,1,1,c37e4a03,2026-08-15T02:40:57+09:00,정합,1,1
sceneN5,scenes/batch1/sceneN5_flush_grating.py,v3_library,260826_v3w1_lib_D,2026-08-23 17:06,2026-08-23 17:58,Y,D,round-name suffix,OFF,"{""hazard_flush_grating"": false, ""cue_railing"": false, ""cue_tactile"": false, ""cue_nosing"": false, ""cue_material_break"": false, ""cue_sign"": false, ""cue_scene_dressing"": false}",train,24,24,24,1,1,1,c37e4a03,2026-08-15T02:40:57+09:00,정합,1,1
sceneN9,scenes/main/sceneN9_busstop_tactile.py,_archive/_delete_candidates,260823_v3p5_n911smoke_A,2026-08-23 23:08,2026-08-23 23:09,,A,round-name suffix,ON,"{""hazard_platform_edge"": true}",test,1,1,1,1,1,1,82d22cf5,2026-08-24T02:35:40+09:00,정합 불일치,1,1
sceneN9,scenes/main/sceneN9_busstop_tactile.py,_archive/v3_scene_build,260823_v3p5_n911probe_A,2026-08-23 23:09,2026-08-23 23:15,,A,round-name suffix,ON,"{""hazard_platform_edge"": true}",test,16,16,16,1,1,1,82d22cf5,2026-08-24T02:35:40+09:00,정합 불일치,1,1
sceneN9,scenes/main/sceneN9_busstop_tactile.py,_archive/v3_scene_build,260823_v3p5_n911probe_B,2026-08-23 23:11,2026-08-23 23:15,,B,round-name suffix,ON,"{""hazard_platform_edge"": true, ""cue_railing"": false, ""cue_tactile"": false, ""cue_nosing"": false, ""cue_material_break"": false, ""cue_sign"": false, ""cue_scene_dressing"": false, ""cue_shadow_caster"": false, ""cue_manhole"": false, ""cue_tree_grate"": false, ""cue_slab_joint"": false, ""cue_drainage"": false, ""cue_bollard"": false, ""cue_road_marking"": false}",test,16,16,16,1,1,1,82d22cf5,2026-08-24T02:35:40+09:00,정합 불일치,1,1
sceneN9,scenes/main/sceneN9_busstop_tactile.py,_archive/v3_scene_build,260823_v3p5_n911probe_C,2026-08-23 23:12,2026-08-23 23:17,,C,round-name suffix,OFF,"{""hazard_platform_edge"": false, ""keep_dressing"": true}",test,16,16,16,1,1,1,82d22cf5,2026-08-24T02:35:40+09:00,정합 불일치,1,1
sceneN9,scenes/main/sceneN9_busstop_tactile.py,_archive/v3_scene_build,260823_v3p5_n911probe_D,2026-08-23 23:13,2026-08-23 23:18,,D,round-name suffix,OFF,"{""hazard_platform_edge"": false, ""cue_railing"": false, ""cue_tactile"": false, ""cue_nosing"": false, ""cue_material_break"": false, ""cue_sign"": false, ""cue_scene_dressing"": false, ""cue_shadow_caster"": false, ""cue_manhole"": false, ""cue_tree_grate"": false, ""cue_slab_joint"": false, ""cue_drainage"": false, ""cue_bollard"": false, ""cue_road_marking"": false}",test,16,16,16,1,1,1,82d22cf5,2026-08-24T02:35:40+09:00,정합 불일치,1,1
sceneN9,scenes/main/sceneN9_busstop_tactile.py,_archive/v3_scene_build,260823_v3p5_n911rev_A,2026-08-23 23:25,2026-08-23 23:30,,A,round-name suffix,ON,"{""hazard_platform_edge"": true}",test,16,16,16,1,1,1,82d22cf5,2026-08-24T02:35:40+09:00,정합 불일치,1,1
sceneN9,scenes/main/sceneN9_busstop_tactile.py,_archive/v3_scene_build,260823_v3p5_n911rev_B,2026-08-23 23:26,2026-08-23 23:31,,B,round-name suffix,ON,"{""hazard_platform_edge"": true, ""cue_railing"": false, ""cue_tactile"": false, ""cue_nosing"": false, ""cue_material_break"": false, ""cue_sign"": false, ""cue_scene_dressing"": false, ""cue_shadow_caster"": false, ""cue_manhole"": false, ""cue_tree_grate"": false, ""cue_slab_joint"": false, ""cue_drainage"": false, ""cue_bollard"": false, ""cue_road_marking"": false}",test,16,16,16,1,1,1,82d22cf5,2026-08-24T02:35:40+09:00,정합 불일치,1,1
sceneN9,scenes/main/sceneN9_busstop_tactile.py,_archive/v3_scene_build,260823_v3p5_n911rev_C,2026-08-23 23:27,2026-08-23 23:32,,C,round-name suffix,OFF,"{""hazard_platform_edge"": false, ""keep_dressing"": true}",test,16,16,16,1,1,1,82d22cf5,2026-08-24T02:35:40+09:00,정합 불일치,1,1
sceneN9,scenes/main/sceneN9_busstop_tactile.py,_archive/v3_scene_build,260823_v3p5_n911rev_D,2026-08-23 23:28,2026-08-23 23:33,,D,round-name suffix,OFF,"{""hazard_platform_edge"": false, ""cue_railing"": false, ""cue_tactile"": false, ""cue_nosing"": false, ""cue_material_break"": false, ""cue_sign"": false, ""cue_scene_dressing"": false, ""cue_shadow_caster"": false, ""cue_manhole"": false, ""cue_tree_grate"": false, ""cue_slab_joint"": false, ""cue_drainage"": false, ""cue_bollard"": false, ""cue_road_marking"": false}",test,16,16,16,1,1,1,82d22cf5,2026-08-24T02:35:40+09:00,정합 불일치,1,1
sceneN9,scenes/main/sceneN9_busstop_tactile.py,_archive/v3_scene_build,260823_v3p5_n911rev2_A,2026-08-23 23:44,2026-08-23 23:49,,A,round-name suffix,ON,"{""hazard_platform_edge"": true}",test,16,16,16,1,1,1,82d22cf5,2026-08-24T02:35:40+09:00,정합 불일치,1,1
sceneN9,scenes/main/sceneN9_busstop_tactile.py,_archive/v3_scene_build,260823_v3p5_n911rev2_B,2026-08-23 23:45,2026-08-23 23:50,,B,round-name suffix,ON,"{""hazard_platform_edge"": true, ""cue_railing"": false, ""cue_tactile"": false, ""cue_nosing"": false, ""cue_material_break"": false, ""cue_sign"": false, ""cue_scene_dressing"": false, ""cue_shadow_caster"": false, ""cue_manhole"": false, ""cue_tree_grate"": false, ""cue_slab_joint"": false, ""cue_drainage"": false, ""cue_bollard"": false, ""cue_road_marking"": false}",test,16,16,16,1,1,1,82d22cf5,2026-08-24T02:35:40+09:00,정합 불일치,1,1
sceneN9,scenes/main/sceneN9_busstop_tactile.py,_archive/v3_scene_build,260823_v3p5_n911rev2_C,2026-08-23 23:46,2026-08-23 23:51,,C,round-name suffix,OFF,"{""hazard_platform_edge"": false, ""keep_dressing"": true}",test,16,16,16,1,1,1,82d22cf5,2026-08-24T02:35:40+09:00,정합 불일치,1,1
sceneN9,scenes/main/sceneN9_busstop_tactile.py,_archive/v3_scene_build,260823_v3p5_n911rev2_D,2026-08-23 23:47,2026-08-23 23:52,,D,round-name suffix,OFF,"{""hazard_platform_edge"": false, ""cue_railing"": false, ""cue_tactile"": false, ""cue_nosing"": false, ""cue_material_break"": false, ""cue_sign"": false, ""cue_scene_dressing"": false, ""cue_shadow_caster"": false, ""cue_manhole"": false, ""cue_tree_grate"": false, ""cue_slab_joint"": false, ""cue_drainage"": false, ""cue_bollard"": false, ""cue_road_marking"": false}",test,16,16,16,1,1,1,82d22cf5,2026-08-24T02:35:40+09:00,정합 불일치,1,1
sceneN9,scenes/main/sceneN9_busstop_tactile.py,_archive/v3_scene_build,260823_v3p5_n911rev3_A,2026-08-24 00:10,2026-08-24 00:17,Y,A,round-name suffix,ON,"{""hazard_platform_edge"": true}",test,16,16,16,1,1,1,82d22cf5,2026-08-24T02:35:40+09:00,정합 불일치,1,1
sceneN9,scenes/main/sceneN9_busstop_tactile.py,_archive/v3_scene_build,260823_v3p5_n911rev3_B,2026-08-24 00:12,2026-08-24 00:18,Y,B,round-name suffix,ON,"{""hazard_platform_edge"": true, ""cue_railing"": false, ""cue_tactile"": false, ""cue_nosing"": false, ""cue_material_break"": false, ""cue_sign"": false, ""cue_scene_dressing"": false, ""cue_shadow_caster"": false, ""cue_manhole"": false, ""cue_tree_grate"": false, ""cue_slab_joint"": false, ""cue_drainage"": false, ""cue_bollard"": false, ""cue_road_marking"": false}",test,16,16,16,1,1,1,82d22cf5,2026-08-24T02:35:40+09:00,정합 불일치,1,1
sceneN9,scenes/main/sceneN9_busstop_tactile.py,_archive/v3_scene_build,260823_v3p5_n911rev3_C,2026-08-24 00:13,2026-08-24 00:19,Y,C,round-name suffix,OFF,"{""hazard_platform_edge"": false, ""keep_dressing"": true}",test,16,16,16,1,1,1,82d22cf5,2026-08-24T02:35:40+09:00,정합 불일치,1,1
sceneN9,scenes/main/sceneN9_busstop_tactile.py,_archive/v3_scene_build,260823_v3p5_n911rev3_D,2026-08-24 00:16,2026-08-24 00:20,Y,D,round-name suffix,OFF,"{""hazard_platform_edge"": false, ""cue_railing"": false, ""cue_tactile"": false, ""cue_nosing"": false, ""cue_material_break"": false, ""cue_sign"": false, ""cue_scene_dressing"": false, ""cue_shadow_caster"": false, ""cue_manhole"": false, ""cue_tree_grate"": false, ""cue_slab_joint"": false, ""cue_drainage"": false, ""cue_bollard"": false, ""cue_road_marking"": false}",test,16,16,16,1,1,1,82d22cf5,2026-08-24T02:35:40+09:00,정합 불일치,1,1
sceneN9,scenes/main/sceneN9_busstop_tactile.py,v3_scene_build,260823_v3p5_n911rev4_A,2026-08-24 00:50,2026-08-24 01:05,Y,A,round-name suffix,ON,"{""hazard_platform_edge"": true}",test,16,16,16,1,1,1,82d22cf5,2026-08-24T02:35:40+09:00,정합 불일치,1,1
sceneN9,scenes/main/sceneN9_busstop_tactile.py,v3_scene_build,260823_v3p5_n911rev4_B,2026-08-24 00:54,2026-08-24 01:07,Y,B,round-name suffix,ON,"{""hazard_platform_edge"": true, ""cue_railing"": false, ""cue_tactile"": false, ""cue_nosing"": false, ""cue_material_break"": false, ""cue_sign"": false, ""cue_scene_dressing"": false, ""cue_shadow_caster"": false, ""cue_manhole"": false, ""cue_tree_grate"": false, ""cue_slab_joint"": false, ""cue_drainage"": false, ""cue_bollard"": false, ""cue_road_marking"": false}",test,16,16,16,1,1,1,82d22cf5,2026-08-24T02:35:40+09:00,정합 불일치,1,1
sceneN9,scenes/main/sceneN9_busstop_tactile.py,v3_scene_build,260823_v3p5_n911rev4_C,2026-08-24 00:57,2026-08-24 01:10,Y,C,round-name suffix,OFF,"{""hazard_platform_edge"": false, ""keep_dressing"": true}",test,16,16,16,1,1,1,82d22cf5,2026-08-24T02:35:40+09:00,정합 불일치,1,1
sceneN9,scenes/main/sceneN9_busstop_tactile.py,v3_scene_build,260823_v3p5_n911rev4_D,2026-08-24 01:01,2026-08-24 01:12,Y,D,round-name suffix,OFF,"{""hazard_platform_edge"": false, ""cue_railing"": false, ""cue_tactile"": false, ""cue_nosing"": false, ""cue_material_break"": false, ""cue_sign"": false, ""cue_scene_dressing"": false, ""cue_shadow_caster"": false, ""cue_manhole"": false, ""cue_tree_grate"": false, ""cue_slab_joint"": false, ""cue_drainage"": false, ""cue_bollard"": false, ""cue_road_marking"": false}",test,16,16,16,1,1,1,82d22cf5,2026-08-24T02:35:40+09:00,정합 불일치,1,1
sceneN9,scenes/main/sceneN9_busstop_tactile.py,v3_scene_build,260823_v3p5_n911b2_A,2026-08-24 01:14,2026-08-24 01:24,Y,A,round-name suffix,ON,"{""hazard_platform_edge"": true}",test,8,8,8,1,1,1,82d22cf5,2026-08-24T02:35:40+09:00,정합 불일치,1,1
sceneN9,scenes/main/sceneN9_busstop_tactile.py,v3_scene_build,260823_v3p5_n911b2_B,2026-08-24 01:16,2026-08-24 01:29,Y,B,round-name suffix,ON,"{""hazard_platform_edge"": true, ""cue_railing"": false, ""cue_tactile"": false, ""cue_nosing"": false, ""cue_material_break"": false, ""cue_sign"": false, ""cue_scene_dressing"": false, ""cue_shadow_caster"": false, ""cue_manhole"": false, ""cue_tree_grate"": false, ""cue_slab_joint"": false, ""cue_drainage"": false, ""cue_bollard"": false, ""cue_road_marking"": false}",test,8,8,8,1,1,1,82d22cf5,2026-08-24T02:35:40+09:00,정합 불일치,1,1
sceneN9,scenes/main/sceneN9_busstop_tactile.py,v3_scene_build,260823_v3p5_n911b2_C,2026-08-24 01:18,2026-08-24 01:32,Y,C,round-name suffix,OFF,"{""hazard_platform_edge"": false, ""keep_dressing"": true}",test,8,8,8,1,1,1,82d22cf5,2026-08-24T02:35:40+09:00,정합 불일치,1,1
sceneN9,scenes/main/sceneN9_busstop_tactile.py,v3_scene_build,260823_v3p5_n911b2_D,2026-08-24 01:20,2026-08-24 01:35,Y,D,round-name suffix,OFF,"{""hazard_platform_edge"": false, ""cue_railing"": false, ""cue_tactile"": false, ""cue_nosing"": false, ""cue_material_break"": false, ""cue_sign"": false, ""cue_scene_dressing"": false, ""cue_shadow_caster"": false, ""cue_manhole"": false, ""cue_tree_grate"": false, ""cue_slab_joint"": false, ""cue_drainage"": false, ""cue_bollard"": false, ""cue_road_marking"": false}",test,8,8,8,1,1,1,82d22cf5,2026-08-24T02:35:40+09:00,정합 불일치,1,1
sceneN9,scenes/main/sceneN9_busstop_tactile.py,_archive/_delete_candidates,260824_v3w3_extsmoke_A,2026-08-24 02:43,2026-08-24 02:55,,A,round-name suffix,ON,"{""hazard_platform_edge"": true}",test,1,1,1,1,1,1,82d22cf5,2026-08-24T02:35:40+09:00,정합,1,1
sceneN9,scenes/main/sceneN9_busstop_tactile.py,v3_test_ext,260824_v3w3_extbase_A,2026-08-24 02:57,2026-08-24 04:12,,A,round-name suffix,ON,"{""hazard_platform_edge"": true}",test,24,24,24,1,1,1,82d22cf5,2026-08-24T02:35:40+09:00,정합,1,1
sceneN9,scenes/main/sceneN9_busstop_tactile.py,v3_test_ext,260824_v3w3_extbase_C,2026-08-24 02:59,2026-08-24 04:14,,C,round-name suffix,OFF,"{""hazard_platform_edge"": false, ""keep_dressing"": true}",test,24,24,24,1,1,1,82d22cf5,2026-08-24T02:35:40+09:00,정합,1,1
sceneN9,scenes/main/sceneN9_busstop_tactile.py,v3_test_ext,260824_v3w3_extbase_B,2026-08-24 03:04,2026-08-24 04:16,,B,round-name suffix,ON,"{""hazard_platform_edge"": true, ""cue_railing"": false, ""cue_tactile"": false, ""cue_nosing"": false, ""cue_material_break"": false, ""cue_sign"": false, ""cue_scene_dressing"": false, ""cue_shadow_caster"": false, ""cue_manhole"": false, ""cue_tree_grate"": false, ""cue_slab_joint"": false, ""cue_drainage"": false, ""cue_bollard"": false, ""cue_road_marking"": false}",test,24,24,24,1,1,1,82d22cf5,2026-08-24T02:35:40+09:00,정합,1,1
sceneN9,scenes/main/sceneN9_busstop_tactile.py,v3_test_ext,260824_v3w3_extbase_D,2026-08-24 03:05,2026-08-24 04:17,,D,round-name suffix,OFF,"{""hazard_platform_edge"": false, ""cue_railing"": false, ""cue_tactile"": false, ""cue_nosing"": false, ""cue_material_break"": false, ""cue_sign"": false, ""cue_scene_dressing"": false, ""cue_shadow_caster"": false, ""cue_manhole"": false, ""cue_tree_grate"": false, ""cue_slab_joint"": false, ""cue_drainage"": false, ""cue_bollard"": false, ""cue_road_marking"": false}",test,24,24,24,1,1,1,82d22cf5,2026-08-24T02:35:40+09:00,정합,1,1
sceneN9,scenes/main/sceneN9_busstop_tactile.py,v3_test_ext,260824_v3w3_extb2_A,2026-08-24 04:03,2026-08-24 04:19,,A,round-name suffix,ON,"{""hazard_platform_edge"": true}",test,24,24,24,1,1,1,82d22cf5,2026-08-24T02:35:40+09:00,정합,1,1
sceneN9,scenes/main/sceneN9_busstop_tactile.py,v3_test_ext,260824_v3w3_extb2_C,2026-08-24 04:05,2026-08-24 04:22,,C,round-name suffix,OFF,"{""hazard_platform_edge"": false, ""keep_dressing"": true}",test,24,24,24,1,1,1,82d22cf5,2026-08-24T02:35:40+09:00,정합,1,1
sceneN9,scenes/main/sceneN9_busstop_tactile.py,v3_test_ext,260824_v3w3_extb2_B,2026-08-24 04:08,2026-08-24 04:23,,B,round-name suffix,ON,"{""hazard_platform_edge"": true, ""cue_railing"": false, ""cue_tactile"": false, ""cue_nosing"": false, ""cue_material_break"": false, ""cue_sign"": false, ""cue_scene_dressing"": false, ""cue_shadow_caster"": false, ""cue_manhole"": false, ""cue_tree_grate"": false, ""cue_slab_joint"": false, ""cue_drainage"": false, ""cue_bollard"": false, ""cue_road_marking"": false}",test,24,24,24,1,1,1,82d22cf5,2026-08-24T02:35:40+09:00,정합,1,1
sceneN9,scenes/main/sceneN9_busstop_tactile.py,v3_test_ext,260824_v3w3_extb2_D,2026-08-24 04:09,2026-08-24 04:24,,D,round-name suffix,OFF,"{""hazard_platform_edge"": false, ""cue_railing"": false, ""cue_tactile"": false, ""cue_nosing"": false, ""cue_material_break"": false, ""cue_sign"": false, ""cue_scene_dressing"": false, ""cue_shadow_caster"": false, ""cue_manhole"": false, ""cue_tree_grate"": false, ""cue_slab_joint"": false, ""cue_drainage"": false, ""cue_bollard"": false, ""cue_road_marking"": false}",test,24,24,24,1,1,1,82d22cf5,2026-08-24T02:35:40+09:00,정합,1,1
