frame_key,pose_id,world,hole_id,band,shape,hole_area_m2,r_eq_m,occlusion_intended,occluder,approach,standoff_m,height_m,pitch_deg,dist_cam_hole_centre_m,dist_near_rim_m,dist_near_rim_xy_m,int_area_px,int_w_px,int_h_px,gt_x0,gt_y0,gt_x1,gt_y1,foot_area_px,occ_above_px,graze_px,occluded_frac,occ_frac_asset,void_frac,rim_bbox_x0,rim_bbox_y0,rim_bbox_x1,rim_bbox_y1,rim_ring_px,rim_in_frame,rim_visible,n_other_holes,rgb,depth
eworld2/H00_xp_d03_h03_pm05,H00_xp_d03_h03_pm05,eworld2,H00,L1,circle,0.7351,0.4837,0,,xp,0.3,0.3,-5.0,0.8404,0.4262,0.3027,205416,1280,217,0,503,1279,719,216903,0,11487,0.053,0.0,0.4541,-48,495,1327,1135,3960,1,1,21,frames/eworld2/H00_xp_d03_h03_pm05.png,frames/eworld2/H00_xp_d03_h03_pm05.depth.npy
eworld2/H00_xp_d03_h03_pm15,H00_xp_d03_h03_pm15,eworld2,H00,L1,circle,0.7351,0.4837,0,,xp,0.3,0.3,-15.0,0.8404,0.4262,0.3027,408443,1280,381,0,339,1279,719,420489,0,12046,0.0286,0.0,0.6832,-9,331,1287,893,4117,1,1,20,frames/eworld2/H00_xp_d03_h03_pm15.png,frames/eworld2/H00_xp_d03_h03_pm15.depth.npy
eworld2/H00_xp_d03_h03_pp05,H00_xp_d03_h03_pp05,eworld2,H00,L1,circle,0.7351,0.4837,0,,xp,0.3,0.3,5.0,0.8404,0.4262,0.3027,20797,694,45,293,675,986,719,26865,0,6068,0.2259,0.0,0.0,-127,667,1405,1460,2542,1,1,21,frames/eworld2/H00_xp_d03_h03_pp05.png,frames/eworld2/H00_xp_d03_h03_pp05.depth.npy
eworld2/H00_xp_d03_h06_pm05,H00_xp_d03_h06_pm05,eworld2,H00,L1,circle,0.7351,0.4837,0,,xp,0.3,0.6,-5.0,0.988,0.672,0.3027,1259,213,9,534,711,746,719,3040,0,1781,0.5859,0.0,0.0,-18,703,1297,1864,1125,1,1,26,frames/eworld2/H00_xp_d03_h06_pm05.png,frames/eworld2/H00_xp_d03_h06_pm05.depth.npy
eworld2/H00_xp_d03_h06_pm15,H00_xp_d03_h06_pm15,eworld2,H00,L1,circle,0.7351,0.4837,0,,xp,0.3,0.6,-15.0,0.988,0.672,0.3027,119918,926,185,177,535,1102,719,126708,0,6790,0.0536,0.0,0.4673,65,528,1213,1403,3316,1,1,28,frames/eworld2/H00_xp_d03_h06_pm15.png,frames/eworld2/H00_xp_d03_h06_pm15.depth.npy
eworld2/H00_xp_d05_h03_pm05,H00_xp_d05_h03_pm05,eworld2,H00,L1,circle,0.7351,0.4837,0,,xp,0.5,0.3,-5.0,1.0297,0.5854,0.5027,208977,1015,247,133,473,1147,719,216933,0,7956,0.0367,0.0,0.6055,130,466,1149,811,3509,1,1,20,frames/eworld2/H00_xp_d05_h03_pm05.png,frames/eworld2/H00_xp_d05_h03_pm05.depth.npy
eworld2/H00_xp_d05_h03_pm15,H00_xp_d05_h03_pm15,eworld2,H00,L1,circle,0.7351,0.4837,0,,xp,0.5,0.3,-15.0,1.0297,0.5854,0.5027,239423,980,314,150,310,1129,623,248070,0,8647,0.0349,0.0,0.6765,148,303,1130,624,4554,1,1,20,frames/eworld2/H00_xp_d05_h03_pm15.png,frames/eworld2/H00_xp_d05_h03_pm15.depth.npy
eworld2/H00_xp_d05_h03_pp05,H00_xp_d05_h03_pp05,eworld2,H00,L1,circle,0.7351,0.4837,0,,xp,0.5,0.3,5.0,1.0297,0.5854,0.5027,45529,852,77,214,643,1065,719,51991,0,6462,0.1243,0.0,0.0003,93,636,1186,1033,2982,1,1,20,frames/eworld2/H00_xp_d05_h03_pp05.png,frames/eworld2/H00_xp_d05_h03_pp05.depth.npy
eworld2/H00_xp_d05_h06_pm05,H00_xp_d05_h06_pm05,eworld2,H00,L1,circle,0.7351,0.4837,0,,xp,0.5,0.6,-5.0,1.1533,0.7827,0.5027,26273,588,66,346,654,933,719,30111,0,3838,0.1275,0.0,0.0,147,647,1132,1293,1971,1,1,26,frames/eworld2/H00_xp_d05_h06_pm05.png,frames/eworld2/H00_xp_d05_h06_pm05.depth.npy
eworld2/H00_xp_d05_h06_pm15,H00_xp_d05_h06_pm15,eworld2,H00,L1,circle,0.7351,0.4837,0,,xp,0.5,0.6,-15.0,1.1533,0.7827,0.5027,159619,886,237,197,483,1082,719,165606,0,5987,0.0362,0.0,0.6178,192,477,1087,1014,3071,1,1,28,frames/eworld2/H00_xp_d05_h06_pm15.png,frames/eworld2/H00_xp_d05_h06_pm15.depth.npy
eworld2/H00_xp_d05_h10_pm15,H00_xp_d05_h10_pm15,eworld2,H00,L1,circle,0.7351,0.4837,0,,xp,0.5,1.0,-15.0,1.4036,1.1192,0.5027,6435,320,30,480,690,799,719,8132,0,1697,0.2087,0.0,0.0,239,683,1040,1406,1229,1,1,31,frames/eworld2/H00_xp_d05_h10_pm15.png,frames/eworld2/H00_xp_d05_h10_pm15.depth.npy
eworld2/H00_xp_d07_h03_pm05,H00_xp_d07_h03_pm05,eworld2,H00,L1,circle,0.7351,0.4837,0,,xp,0.7,0.3,-5.0,1.2224,0.7641,0.7027,135423,812,215,234,450,1045,664,141302,0,5879,0.0416,0.0,0.5949,235,444,1044,665,4197,1,1,21,frames/eworld2/H00_xp_d07_h03_pm05.png,frames/eworld2/H00_xp_d07_h03_pm05.depth.npy
eworld2/H00_xp_d07_h03_pm15,H00_xp_d07_h03_pm15,eworld2,H00,L1,circle,0.7351,0.4837,0,,xp,0.7,0.3,-15.0,1.2224,0.7641,0.7027,127092,795,206,243,287,1037,492,132830,0,5738,0.0432,0.0,0.5843,244,281,1035,493,4180,1,1,20,frames/eworld2/H00_xp_d07_h03_pm15.png,frames/eworld2/H00_xp_d07_h03_pm15.depth.npy
eworld2/H00_xp_d07_h03_pp05,H00_xp_d07_h03_pp05,eworld2,H00,L1,circle,0.7351,0.4837,0,,xp,0.7,0.3,5.0,1.2224,0.7641,0.7027,63796,841,101,220,619,1060,719,69424,0,5628,0.0811,0.0,0.1893,212,612,1067,858,2710,1,1,21,frames/eworld2/H00_xp_d07_h03_pp05.png,frames/eworld2/H00_xp_d07_h03_pp05.depth.npy
eworld2/H00_xp_d07_h06_pm05,H00_xp_d07_h06_pm05,eworld2,H00,L1,circle,0.7351,0.4837,0,,xp,0.7,0.6,-5.0,1.3282,0.924,0.7027,53650,690,109,295,611,984,719,57635,0,3985,0.0691,0.0,0.2918,246,604,1034,1024,2382,1,1,27,frames/eworld2/H00_xp_d07_h06_pm05.png,frames/eworld2/H00_xp_d07_h06_pm05.depth.npy
eworld2/H00_xp_d07_h06_pm15,H00_xp_d07_h06_pm15,eworld2,H00,L1,circle,0.7351,0.4837,0,,xp,0.7,0.6,-15.0,1.3282,0.924,0.7027,171993,742,277,269,443,1010,719,176565,0,4572,0.0259,0.0,0.7274,270,437,1009,804,2964,1,1,26,frames/eworld2/H00_xp_d07_h06_pm15.png,frames/eworld2/H00_xp_d07_h06_pm15.depth.npy
eworld2/H00_xp_d07_h10_pm15,H00_xp_d07_h10_pm15,eworld2,H00,L1,circle,0.7351,0.4837,0,,xp,0.7,1.0,-15.0,1.5505,1.2222,0.7027,32002,514,90,383,630,896,719,34487,0,2485,0.0721,0.0,0.29,300,624,980,1139,1904,1,1,30,frames/eworld2/H00_xp_d07_h10_pm15.png,frames/eworld2/H00_xp_d07_h10_pm15.depth.npy
eworld2/H00_xp_d10_h03_pm05,H00_xp_d10_h03_pm05,eworld2,H00,L1,circle,0.7351,0.4837,0,,xp,1.0,0.3,-5.0,1.515,1.0466,1.0027,62361,630,128,325,424,954,551,65905,0,3544,0.0538,0.0,0.4536,324,419,956,553,3895,1,1,21,frames/eworld2/H00_xp_d10_h03_pm05.png,frames/eworld2/H00_xp_d10_h03_pm05.depth.npy
eworld2/H00_xp_d10_h03_pm15,H00_xp_d10_h03_pm15,eworld2,H00,L1,circle,0.7351,0.4837,0,,xp,1.0,0.3,-15.0,1.515,1.0466,1.0027,60768,624,126,328,261,951,386,64301,0,3533,0.0549,0.0,0.4471,326,256,953,387,3941,1,1,20,frames/eworld2/H00_xp_d10_h03_pm15.png,frames/eworld2/H00_xp_d10_h03_pm15.depth.npy
eworld2/H00_xp_d10_h03_pp05,H00_xp_d10_h03_pp05,eworld2,H00,L1,circle,0.7351,0.4837,0,,xp,1.0,0.3,5.0,1.515,1.0466,1.0027,68123,656,129,312,591,967,719,71874,0,3751,0.0522,0.0,0.4436,311,586,968,730,3032,1,1,21,frames/eworld2/H00_xp_d10_h03_pp05.png,frames/eworld2/H00_xp_d10_h03_pp05.depth.npy
eworld2/H00_xp_d10_h06_pm05,H00_xp_d10_h06_pm05,eworld2,H00,L1,circle,0.7351,0.4837,0,,xp,1.0,0.6,-5.0,1.6016,1.1685,1.0027,80486,618,159,331,561,948,719,83683,0,3197,0.0382,0.0,0.5732,330,556,950,813,2257,1,1,28,frames/eworld2/H00_xp_d10_h06_pm05.png,frames/eworld2/H00_xp_d10_h06_pm05.depth.npy
eworld2/H00_xp_d10_h06_pm15,H00_xp_d10_h06_pm15,eworld2,H00,L1,circle,0.7351,0.4837,0,,xp,1.0,0.6,-15.0,1.6016,1.1685,1.0027,105659,590,229,345,396,934,624,109009,0,3350,0.0307,0.0,0.705,343,391,937,626,3533,1,1,27,frames/eworld2/H00_xp_d10_h06_pm15.png,frames/eworld2/H00_xp_d10_h06_pm15.depth.npy
eworld2/H00_xp_d10_h10_pm15,H00_xp_d10_h10_pm15,eworld2,H00,L1,circle,0.7351,0.4837,0,,xp,1.0,1.0,-15.0,1.7903,1.4161,1.0027,67730,552,160,364,560,915,719,70181,0,2451,0.0349,0.0,0.6195,362,555,917,896,2168,1,1,31,frames/eworld2/H00_xp_d10_h10_pm15.png,frames/eworld2/H00_xp_d10_h10_pm15.depth.npy
eworld2/H00_xp_d15_h03_pm05,H00_xp_d15_h03_pm05,eworld2,H00,L1,circle,0.7351,0.4837,0,,xp,1.5,0.3,-5.0,2.0075,1.5323,1.5027,24043,461,68,410,395,870,462,25967,0,1924,0.0741,0.0,0.236,407,391,872,463,3200,1,1,24,frames/eworld2/H00_xp_d15_h03_pm05.png,frames/eworld2/H00_xp_d15_h03_pm05.depth.npy
eworld2/H00_xp_d15_h03_pm15,H00_xp_d15_h03_pm15,eworld2,H00,L1,circle,0.7351,0.4837,0,,xp,1.5,0.3,-15.0,2.0075,1.5323,1.5027,24193,462,68,409,232,870,299,26179,0,1986,0.0759,0.0,0.2337,407,227,873,300,3070,1,1,24,frames/eworld2/H00_xp_d15_h03_pm15.png,frames/eworld2/H00_xp_d15_h03_pm15.depth.npy
eworld2/H00_xp_d15_h03_pp05,H00_xp_d15_h03_pp05,eworld2,H00,L1,circle,0.7351,0.4837,0,,xp,1.5,0.3,5.0,2.0075,1.5323,1.5027,26180,474,71,403,561,876,631,28286,0,2106,0.0745,0.0,0.2398,401,556,879,633,3068,1,1,24,frames/eworld2/H00_xp_d15_h03_pp05.png,frames/eworld2/H00_xp_d15_h03_pp05.depth.npy
eworld2/H00_xp_d15_h06_pm05,H00_xp_d15_h06_pm05,eworld2,H00,L1,circle,0.7351,0.4837,0,,xp,1.5,0.6,-5.0,2.0737,1.618,1.5027,47942,456,136,412,505,867,640,49957,0,2015,0.0403,0.0,0.5928,411,501,869,641,3072,1,1,30,frames/eworld2/H00_xp_d15_h06_pm05.png,frames/eworld2/H00_xp_d15_h06_pm05.depth.npy
eworld2/H00_xp_d15_h06_pm15,H00_xp_d15_h06_pm15,eworld2,H00,L1,circle,0.7351,0.4837,0,,xp,1.5,0.6,-15.0,2.0737,1.618,1.5027,44535,444,128,418,342,861,469,46347,0,1812,0.0391,0.0,0.5856,416,337,864,471,2985,1,1,31,frames/eworld2/H00_xp_d15_h06_pm15.png,frames/eworld2/H00_xp_d15_h06_pm15.depth.npy
eworld2/H00_xp_d15_h06_pp05,H00_xp_d15_h06_pp05,eworld2,H00,L1,circle,0.7351,0.4837,0,,xp,1.5,0.6,5.0,2.0737,1.618,1.5027,12585,424,42,428,678,851,719,14410,0,1825,0.1266,0.0,0.0,397,674,882,830,1355,1,1,30,frames/eworld2/H00_xp_d15_h06_pp05.png,frames/eworld2/H00_xp_d15_h06_pp05.depth.npy
eworld2/H00_xp_d15_h10_pm05,H00_xp_d15_h10_pm05,eworld2,H00,L1,circle,0.7351,0.4837,0,,xp,1.5,1.0,-5.0,2.2227,1.805,1.5027,21358,416,71,432,649,847,719,22962,0,1604,0.0699,0.0,0.2862,415,645,865,869,1411,1,1,33,frames/eworld2/H00_xp_d15_h10_pm05.png,frames/eworld2/H00_xp_d15_h10_pm05.depth.npy
eworld2/H00_xp_d15_h10_pm15,H00_xp_d15_h10_pm15,eworld2,H00,L1,circle,0.7351,0.4837,0,,xp,1.5,1.0,-15.0,2.2227,1.805,1.5027,64652,424,196,428,478,851,673,66416,0,1764,0.0266,0.0,0.7431,427,474,852,675,2713,1,1,33,frames/eworld2/H00_xp_d15_h10_pm15.png,frames/eworld2/H00_xp_d15_h10_pm15.depth.npy
eworld2/H00_xp_d15_h15_pm15,H00_xp_d15_h15_pm15,eworld2,H00,L1,circle,0.7351,0.4837,0,,xp,1.5,1.5,-15.0,2.488,2.1232,1.5027,22908,372,85,454,635,825,719,24113,0,1205,0.05,0.0,0.4737,440,631,840,897,1439,1,1,36,frames/eworld2/H00_xp_d15_h15_pm15.png,frames/eworld2/H00_xp_d15_h15_pm15.depth.npy
eworld2/H00_xp_d20_h03_pm05,H00_xp_d20_h03_pm05,eworld2,H00,L1,circle,0.7351,0.4837,0,,xp,2.0,0.3,-5.0,2.503,2.025,2.0027,11667,364,41,458,376,821,416,12938,0,1271,0.0982,0.0,0.0628,456,372,824,418,2499,1,1,25,frames/eworld2/H00_xp_d20_h03_pm05.png,frames/eworld2/H00_xp_d20_h03_pm05.depth.npy
eworld2/H00_xp_d20_h03_pm15,H00_xp_d20_h03_pm15,eworld2,H00,L1,circle,0.7351,0.4837,0,,xp,2.0,0.3,-15.0,2.503,2.025,2.0027,11994,368,42,456,212,823,253,13240,0,1246,0.0941,0.0,0.0624,454,208,825,255,2526,1,1,24,frames/eworld2/H00_xp_d20_h03_pm15.png,frames/eworld2/H00_xp_d20_h03_pm15.depth.npy
eworld2/H00_xp_d20_h03_pp05,H00_xp_d20_h03_pp05,eworld2,H00,L1,circle,0.7351,0.4837,0,,xp,2.0,0.3,5.0,2.503,2.025,2.0027,12513,374,44,453,540,826,583,13808,0,1295,0.0938,0.0,0.0642,452,536,828,584,2479,1,1,25,frames/eworld2/H00_xp_d20_h03_pp05.png,frames/eworld2/H00_xp_d20_h03_pp05.depth.npy
eworld2/H00_xp_d20_h06_pm05,H00_xp_d20_h06_pm05,eworld2,H00,L1,circle,0.7351,0.4837,0,,xp,2.0,0.6,-5.0,2.5564,2.0906,2.0027,23776,362,84,459,468,820,551,25045,0,1269,0.0507,0.0,0.4709,458,464,822,553,2354,1,1,30,frames/eworld2/H00_xp_d20_h06_pm05.png,frames/eworld2/H00_xp_d20_h06_pm05.depth.npy
eworld2/H00_xp_d20_h06_pm15,H00_xp_d20_h06_pm15,eworld2,H00,L1,circle,0.7351,0.4837,0,,xp,2.0,0.6,-15.0,2.5564,2.0906,2.0027,22882,358,82,461,305,818,386,24105,0,1223,0.0507,0.0,0.4668,460,301,819,388,2277,1,1,30,frames/eworld2/H00_xp_d20_h06_pm15.png,frames/eworld2/H00_xp_d20_h06_pm15.depth.npy
eworld2/H00_xp_d20_h06_pp05,H00_xp_d20_h06_pp05,eworld2,H00,L1,circle,0.7351,0.4837,0,,xp,2.0,0.6,5.0,2.5564,2.0906,2.0027,25527,378,82,451,638,828,719,26881,0,1354,0.0504,0.0,0.4434,450,634,830,731,1752,1,1,31,frames/eworld2/H00_xp_d20_h06_pp05.png,frames/eworld2/H00_xp_d20_h06_pp05.depth.npy
eworld2/H00_xp_d20_h10_pm05,H00_xp_d20_h10_pm05,eworld2,H00,L1,circle,0.7351,0.4837,0,,xp,2.0,1.0,-5.0,2.6787,2.2385,2.0027,37893,358,132,461,588,818,719,39150,0,1257,0.0321,0.0,0.6698,461,585,819,728,1925,1,1,34,frames/eworld2/H00_xp_d20_h10_pm05.png,frames/eworld2/H00_xp_d20_h10_pm05.depth.npy
eworld2/H00_xp_d20_h10_pm15,H00_xp_d20_h10_pm15,eworld2,H00,L1,circle,0.7351,0.4837,0,,xp,2.0,1.0,-15.0,2.6787,2.2385,2.0027,34366,344,128,468,422,811,549,35570,0,1204,0.0338,0.0,0.67,468,418,812,551,2451,1,1,34,frames/eworld2/H00_xp_d20_h10_pm15.png,frames/eworld2/H00_xp_d20_h10_pm15.depth.npy
eworld2/H00_xp_d20_h15_pm15,H00_xp_d20_h15_pm15,eworld2,H00,L1,circle,0.7351,0.4837,0,,xp,2.0,1.5,-15.0,2.9026,2.5021,2.0027,43439,328,163,476,557,803,719,44437,0,998,0.0225,0.0,0.7677,476,554,804,734,1896,1,1,37,frames/eworld2/H00_xp_d20_h15_pm15.png,frames/eworld2/H00_xp_d20_h15_pm15.depth.npy
eworld2/H00_xp_d20_h20_pm15,H00_xp_d20_h20_pm15,eworld2,H00,L1,circle,0.7351,0.4837,0,,xp,2.0,2.0,-15.0,3.1899,2.8303,2.0027,6134,236,38,522,682,757,719,6752,0,618,0.0915,0.0,0.1431,483,679,796,897,874,1,1,39,frames/eworld2/H00_xp_d20_h20_pm15.png,frames/eworld2/H00_xp_d20_h20_pm15.depth.npy
eworld2/H00_xp_d30_h03_pm05,H00_xp_d30_h03_pm05,eworld2,H00,L1,circle,0.7351,0.4837,0,,xp,3.0,0.3,-5.0,3.4979,3.0176,3.0027,3946,256,20,512,351,767,370,4589,0,643,0.1401,0.0,0.0,510,348,770,372,1860,1,1,24,frames/eworld2/H00_xp_d30_h03_pm05.png,frames/eworld2/H00_xp_d30_h03_pm05.depth.npy
eworld2/H00_xp_d30_h03_pm15,H00_xp_d30_h03_pm15,eworld2,H00,L1,circle,0.7351,0.4837,0,,xp,3.0,0.3,-15.0,3.4979,3.0176,3.0027,4150,260,21,510,187,769,207,4823,0,673,0.1395,0.0,0.0,508,184,772,208,1833,1,1,23,frames/eworld2/H00_xp_d30_h03_pm15.png,frames/eworld2/H00_xp_d30_h03_pm15.depth.npy
eworld2/H00_xp_d30_h03_pp05,H00_xp_d30_h03_pp05,eworld2,H00,L1,circle,0.7351,0.4837,0,,xp,3.0,0.3,5.0,3.4979,3.0176,3.0027,4156,262,21,509,515,770,535,4808,0,652,0.1356,0.0,0.0,508,512,772,537,1948,1,1,24,frames/eworld2/H00_xp_d30_h03_pp05.png,frames/eworld2/H00_xp_d30_h03_pp05.depth.npy
eworld2/H00_xp_d30_h06_pm05,H00_xp_d30_h06_pm05,eworld2,H00,L1,circle,0.7351,0.4837,0,,xp,3.0,0.6,-5.0,3.5363,3.0621,3.0027,8352,258,42,511,421,768,462,8995,0,643,0.0715,0.0,0.2494,511,418,769,463,1814,1,1,30,frames/eworld2/H00_xp_d30_h06_pm05.png,frames/eworld2/H00_xp_d30_h06_pm05.depth.npy
eworld2/H00_xp_d30_h06_pm15,H00_xp_d30_h06_pm15,eworld2,H00,L1,circle,0.7351,0.4837,0,,xp,3.0,0.6,-15.0,3.5363,3.0621,3.0027,8355,258,42,511,258,768,299,9008,0,653,0.0725,0.0,0.247,511,255,769,300,1812,1,1,32,frames/eworld2/H00_xp_d30_h06_pm15.png,frames/eworld2/H00_xp_d30_h06_pm15.depth.npy
eworld2/H00_xp_d30_h06_pp05,H00_xp_d30_h06_pp05,eworld2,H00,L1,circle,0.7351,0.4837,0,,xp,3.0,0.6,5.0,3.5363,3.0621,3.0027,9136,266,44,507,588,772,631,9860,0,724,0.0734,0.0,0.2473,507,585,773,633,1875,1,1,30,frames/eworld2/H00_xp_d30_h06_pp05.png,frames/eworld2/H00_xp_d30_h06_pp05.depth.npy
eworld2/H00_xp_d30_h10_pm05,H00_xp_d30_h10_pm05,eworld2,H00,L1,circle,0.7351,0.4837,0,,xp,3.0,1.0,-5.0,3.6256,3.1648,3.0027,13890,256,70,512,512,767,581,14513,0,623,0.0429,0.0,0.5281,512,509,767,583,1914,1,1,36,frames/eworld2/H00_xp_d30_h10_pm05.png,frames/eworld2/H00_xp_d30_h10_pm05.depth.npy
eworld2/H00_xp_d30_h10_pm15,H00_xp_d30_h10_pm15,eworld2,H00,L1,circle,0.7351,0.4837,0,,xp,3.0,1.0,-15.0,3.6256,3.1648,3.0027,13113,250,68,515,348,764,415,13764,0,651,0.0473,0.0,0.5244,515,345,765,416,1737,1,1,38,frames/eworld2/H00_xp_d30_h10_pm15.png,frames/eworld2/H00_xp_d30_h10_pm15.depth.npy
eworld2/H00_xp_d30_h10_pp05,H00_xp_d30_h10_pp05,eworld2,H00,L1,circle,0.7351,0.4837,0,,xp,3.0,1.0,5.0,3.6256,3.1648,3.0027,6883,266,34,507,686,772,719,7572,0,689,0.091,0.0,0.0783,506,682,774,764,890,1,1,36,frames/eworld2/H00_xp_d30_h10_pp05.png,frames/eworld2/H00_xp_d30_h10_pp05.depth.npy
eworld2/H00_xp_d30_h15_pm05,H00_xp_d30_h15_pm05,eworld2,H00,L1,circle,0.7351,0.4837,0,,xp,3.0,1.5,-5.0,3.7941,3.3565,3.0027,19688,252,96,514,624,765,719,20317,0,629,0.031,0.0,0.6712,514,621,766,728,1388,1,1,40,frames/eworld2/H00_xp_d30_h15_pm05.png,frames/eworld2/H00_xp_d30_h15_pm05.depth.npy
eworld2/H00_xp_d30_h15_pm15,H00_xp_d30_h15_pm15,eworld2,H00,L1,circle,0.7351,0.4837,0,,xp,3.0,1.5,-15.0,3.7941,3.3565,3.0027,17914,242,95,519,455,760,549,18511,0,597,0.0323,0.0,0.677,519,452,761,551,1805,1,1,40,frames/eworld2/H00_xp_d30_h15_pm15.png,frames/eworld2/H00_xp_d30_h15_pm15.depth.npy
eworld2/H00_xp_d30_h20_pm15,H00_xp_d30_h20_pm15,eworld2,H00,L1,circle,0.7351,0.4837,0,,xp,3.0,2.0,-15.0,4.0181,3.6078,3.0027,21694,234,120,523,555,756,674,22290,0,596,0.0267,0.0,0.7559,523,553,757,675,1765,1,1,41,frames/eworld2/H00_xp_d30_h20_pm15.png,frames/eworld2/H00_xp_d30_h20_pm15.depth.npy
eworld2/H00_xp_d40_h03_pm05,H00_xp_d40_h03_pm05,eworld2,H00,L1,circle,0.7351,0.4837,0,,xp,4.0,0.3,-5.0,4.495,4.0139,4.0027,1735,198,11,541,337,738,347,2138,0,403,0.1885,0.0,0.0,539,334,741,349,1389,1,1,23,frames/eworld2/H00_xp_d40_h03_pm05.png,frames/eworld2/H00_xp_d40_h03_pm05.depth.npy
eworld2/H00_xp_d40_h03_pm15,H00_xp_d40_h03_pm15,eworld2,H00,L1,circle,0.7351,0.4837,0,,xp,4.0,0.3,-15.0,4.495,4.0139,4.0027,1858,200,12,540,172,739,183,2274,0,416,0.1829,0.0,0.0,537,169,743,184,1478,1,1,24,frames/eworld2/H00_xp_d40_h03_pm15.png,frames/eworld2/H00_xp_d40_h03_pm15.depth.npy
eworld2/H00_xp_d40_h03_pp05,H00_xp_d40_h03_pp05,eworld2,H00,L1,circle,0.7351,0.4837,0,,xp,4.0,0.3,5.0,4.495,4.0139,4.0027,1823,200,12,540,500,739,511,2227,0,404,0.1814,0.0,0.0,538,498,742,513,1429,1,1,23,frames/eworld2/H00_xp_d40_h03_pp05.png,frames/eworld2/H00_xp_d40_h03_pp05.depth.npy
eworld2/H00_xp_d40_h06_pm05,H00_xp_d40_h06_pm05,eworld2,H00,L1,circle,0.7351,0.4837,0,,xp,4.0,0.6,-5.0,4.525,4.0474,4.0027,3805,200,25,540,392,739,416,4197,0,392,0.0934,0.0,0.0612,540,390,740,418,1452,1,1,30,frames/eworld2/H00_xp_d40_h06_pm05.png,frames/eworld2/H00_xp_d40_h06_pm05.depth.npy
eworld2/H00_xp_d40_h06_pm15,H00_xp_d40_h06_pm15,eworld2,H00,L1,circle,0.7351,0.4837,0,,xp,4.0,0.6,-15.0,4.525,4.0474,4.0027,3904,200,25,540,229,739,253,4300,0,396,0.0921,0.0,0.0615,539,227,741,255,1443,1,1,31,frames/eworld2/H00_xp_d40_h06_pm15.png,frames/eworld2/H00_xp_d40_h06_pm15.depth.npy
eworld2/H00_xp_d40_h06_pp05,H00_xp_d40_h06_pp05,eworld2,H00,L1,circle,0.7351,0.4837,0,,xp,4.0,0.6,5.0,4.525,4.0474,4.0027,4113,204,26,538,558,741,583,4535,0,422,0.0931,0.0,0.0686,537,555,743,584,1491,1,1,29,frames/eworld2/H00_xp_d40_h06_pp05.png,frames/eworld2/H00_xp_d40_h06_pp05.depth.npy
eworld2/H00_xp_d40_h10_pm05,H00_xp_d40_h10_pm05,eworld2,H00,L1,circle,0.7351,0.4837,0,,xp,4.0,1.0,-5.0,4.5951,4.1257,4.0027,6469,198,42,541,466,738,507,6858,0,389,0.0567,0.0,0.3838,540,463,739,508,1433,1,1,36,frames/eworld2/H00_xp_d40_h10_pm05.png,frames/eworld2/H00_xp_d40_h10_pm05.depth.npy
eworld2/H00_xp_d40_h10_pm15,H00_xp_d40_h10_pm15,eworld2,H00,L1,circle,0.7351,0.4837,0,,xp,4.0,1.0,-15.0,4.5951,4.1257,4.0027,6306,196,41,542,303,737,343,6692,0,386,0.0577,0.0,0.3815,541,300,739,345,1454,1,1,36,frames/eworld2/H00_xp_d40_h10_pm15.png,frames/eworld2/H00_xp_d40_h10_pm15.depth.npy
eworld2/H00_xp_d40_h10_pp05,H00_xp_d40_h10_pp05,eworld2,H00,L1,circle,0.7351,0.4837,0,,xp,4.0,1.0,5.0,4.5951,4.1257,4.0027,7275,206,45,537,636,742,680,7709,0,434,0.0563,0.0,0.389,536,633,743,682,1493,1,1,35,frames/eworld2/H00_xp_d40_h10_pp05.png,frames/eworld2/H00_xp_d40_h10_pp05.depth.npy
eworld2/H00_xp_d40_h15_pm05,H00_xp_d40_h15_pm05,eworld2,H00,L1,circle,0.7351,0.4837,0,,xp,4.0,1.5,-5.0,4.7292,4.2745,4.0027,9600,196,63,542,556,737,618,9999,0,399,0.0399,0.0,0.5822,541,554,739,619,1551,1,1,39,frames/eworld2/H00_xp_d40_h15_pm05.png,frames/eworld2/H00_xp_d40_h15_pm05.depth.npy
eworld2/H00_xp_d40_h15_pm15,H00_xp_d40_h15_pm15,eworld2,H00,L1,circle,0.7351,0.4837,0,,xp,4.0,1.5,-15.0,4.7292,4.2745,4.0027,8855,192,59,544,391,735,449,9211,0,356,0.0386,0.0,0.5787,544,389,736,451,1443,1,1,40,frames/eworld2/H00_xp_d40_h15_pm15.png,frames/eworld2/H00_xp_d40_h15_pm15.depth.npy
eworld2/H00_xp_d40_h20_pm05,H00_xp_d40_h20_pm05,eworld2,H00,L1,circle,0.7351,0.4837,0,,xp,4.0,2.0,-5.0,4.9107,4.4745,4.0027,11953,194,75,543,645,736,719,12318,0,365,0.0296,0.0,0.6691,542,643,738,728,1127,1,1,41,frames/eworld2/H00_xp_d40_h20_pm05.png,frames/eworld2/H00_xp_d40_h20_pm05.depth.npy
eworld2/H00_xp_d40_h20_pm15,H00_xp_d40_h20_pm15,eworld2,H00,L1,circle,0.7351,0.4837,0,,xp,4.0,2.0,-15.0,4.9107,4.4745,4.0027,10967,186,75,547,475,732,549,11285,0,318,0.0282,0.0,0.681,546,472,733,551,1551,1,1,42,frames/eworld2/H00_xp_d40_h20_pm15.png,frames/eworld2/H00_xp_d40_h20_pm15.depth.npy
eworld2/H00_xp_d60_h03_pm05,H00_xp_d60_h03_pm05,eworld2,H00,L1,circle,0.7351,0.4837,0,,xp,6.0,0.3,-5.0,6.4919,6.0102,6.0027,525,134,5,573,320,706,324,697,0,172,0.2468,0.0,0.0,570,318,710,326,998,1,1,24,frames/eworld2/H00_xp_d60_h03_pm05.png,frames/eworld2/H00_xp_d60_h03_pm05.depth.npy
eworld2/H00_xp_d60_h03_pm15,H00_xp_d60_h03_pm15,eworld2,H00,L1,circle,0.7351,0.4837,0,,xp,6.0,0.3,-15.0,6.4919,6.0102,6.0027,567,134,6,573,154,706,159,772,0,205,0.2655,0.0,0.0,568,152,712,160,1050,1,1,26,frames/eworld2/H00_xp_d60_h03_pm15.png,frames/eworld2/H00_xp_d60_h03_pm15.depth.npy
eworld2/H00_xp_d60_h03_pp05,H00_xp_d60_h03_pp05,eworld2,H00,L1,circle,0.7351,0.4837,0,,xp,6.0,0.3,5.0,6.4919,6.0102,6.0027,530,130,6,575,483,704,488,722,0,192,0.2659,0.0,0.0,569,481,711,489,1010,1,1,23,frames/eworld2/H00_xp_d60_h03_pp05.png,frames/eworld2/H00_xp_d60_h03_pp05.depth.npy
eworld2/H00_xp_d60_h06_pm05,H00_xp_d60_h06_pm05,eworld2,H00,L1,circle,0.7351,0.4837,0,,xp,6.0,0.6,-5.0,6.5127,6.0326,6.0027,1206,136,12,572,360,707,371,1399,0,193,0.138,0.0,0.0,570,358,710,372,995,1,1,28,frames/eworld2/H00_xp_d60_h06_pm05.png,frames/eworld2/H00_xp_d60_h06_pm05.depth.npy
eworld2/H00_xp_d60_h06_pm15,H00_xp_d60_h06_pm15,eworld2,H00,L1,circle,0.7351,0.4837,0,,xp,6.0,0.6,-15.0,6.5127,6.0326,6.0027,1258,138,12,571,196,708,207,1443,0,185,0.1282,0.0,0.0,569,194,711,208,1026,1,1,29,frames/eworld2/H00_xp_d60_h06_pm15.png,frames/eworld2/H00_xp_d60_h06_pm15.depth.npy
eworld2/H00_xp_d60_h06_pp05,H00_xp_d60_h06_pp05,eworld2,H00,L1,circle,0.7351,0.4837,0,,xp,6.0,0.6,5.0,6.5127,6.0326,6.0027,1276,140,12,570,524,709,535,1474,0,198,0.1343,0.0,0.0,569,522,711,537,980,1,1,28,frames/eworld2/H00_xp_d60_h06_pp05.png,frames/eworld2/H00_xp_d60_h06_pp05.depth.npy
eworld2/H00_xp_d60_h10_pm05,H00_xp_d60_h10_pm05,eworld2,H00,L1,circle,0.7351,0.4837,0,,xp,6.0,1.0,-5.0,6.5616,6.0854,6.0027,2106,137,20,572,413,708,432,2290,0,184,0.0803,0.0,0.1358,570,411,709,433,1004,1,1,38,frames/eworld2/H00_xp_d60_h10_pm05.png,frames/eworld2/H00_xp_d60_h10_pm05.depth.npy
eworld2/H00_xp_d60_h10_pm15,H00_xp_d60_h10_pm15,eworld2,H00,L1,circle,0.7351,0.4837,0,,xp,6.0,1.0,-15.0,6.5616,6.0854,6.0027,2124,138,20,571,250,708,269,2308,0,184,0.0797,0.0,0.1356,570,248,710,270,997,1,1,38,frames/eworld2/H00_xp_d60_h10_pm15.png,frames/eworld2/H00_xp_d60_h10_pm15.depth.npy
eworld2/H00_xp_d60_h10_pp05,H00_xp_d60_h10_pp05,eworld2,H00,L1,circle,0.7351,0.4837,0,,xp,6.0,1.0,5.0,6.5616,6.0854,6.0027,2280,141,21,570,579,710,599,2474,0,194,0.0784,0.0,0.1333,569,577,711,601,1031,1,1,38,frames/eworld2/H00_xp_d60_h10_pp05.png,frames/eworld2/H00_xp_d60_h10_pp05.depth.npy
eworld2/H00_xp_d60_h15_pm05,H00_xp_d60_h15_pm05,eworld2,H00,L1,circle,0.7351,0.4837,0,,xp,6.0,1.5,-5.0,6.6562,6.1873,6.0027,3183,136,30,572,478,707,507,3369,0,186,0.0552,0.0,0.388,571,476,709,508,1025,1,1,42,frames/eworld2/H00_xp_d60_h15_pm05.png,frames/eworld2/H00_xp_d60_h15_pm05.depth.npy
eworld2/H00_xp_d60_h15_pm15,H00_xp_d60_h15_pm15,eworld2,H00,L1,circle,0.7351,0.4837,0,,xp,6.0,1.5,-15.0,6.6562,6.1873,6.0027,3080,135,29,573,315,707,343,3271,0,191,0.0584,0.0,0.3854,572,313,708,345,1072,1,1,44,frames/eworld2/H00_xp_d60_h15_pm15.png,frames/eworld2/H00_xp_d60_h15_pm15.depth.npy
eworld2/H00_xp_d60_h15_pp05,H00_xp_d60_h15_pp05,eworld2,H00,L1,circle,0.7351,0.4837,0,,xp,6.0,1.5,5.0,6.6562,6.1873,6.0027,3588,142,32,569,649,710,680,3814,0,226,0.0593,0.0,0.3891,568,647,712,682,1069,1,1,42,frames/eworld2/H00_xp_d60_h15_pp05.png,frames/eworld2/H00_xp_d60_h15_pp05.depth.npy
eworld2/H00_xp_d60_h20_pm05,H00_xp_d60_h20_pm05,eworld2,H00,L1,circle,0.7351,0.4837,0,,xp,6.0,2.0,-5.0,6.7864,6.3271,6.0027,4198,136,40,572,542,707,581,4399,0,201,0.0457,0.0,0.5376,571,541,708,583,1037,1,1,44,frames/eworld2/H00_xp_d60_h20_pm05.png,frames/eworld2/H00_xp_d60_h20_pm05.depth.npy
eworld2/H00_xp_d60_h20_pm15,H00_xp_d60_h20_pm15,eworld2,H00,L1,circle,0.7351,0.4837,0,,xp,6.0,2.0,-15.0,6.7864,6.3271,6.0027,3931,132,38,574,378,705,415,4118,0,187,0.0454,0.0,0.5337,573,376,707,416,1033,1,1,47,frames/eworld2/H00_xp_d60_h20_pm15.png,frames/eworld2/H00_xp_d60_h20_pm15.depth.npy
eworld2/H00_xp_d60_h20_pp05,H00_xp_d60_h20_pp05,eworld2,H00,L1,circle,0.7351,0.4837,0,,xp,6.0,2.0,5.0,6.7864,6.3271,6.0027,28,28,1,626,719,653,719,92,0,64,0.6957,0.0,0.0,568,717,712,764,258,1,1,44,frames/eworld2/H00_xp_d60_h20_pp05.png,frames/eworld2/H00_xp_d60_h20_pp05.depth.npy
eworld2/H18_yp_d03_h03_pm05,H18_yp_d03_h03_pm05,eworld2,H18,L2,square,0.6241,0.4457,0,,yp,0.3,0.3,-5.0,0.757,0.4242,0.3,162089,1125,181,81,539,1205,719,172038,0,9949,0.0578,0.0,0.4063,-492,530,1772,1142,3870,1,1,21,frames/eworld2/H18_yp_d03_h03_pm05.png,frames/eworld2/H18_yp_d03_h03_pm05.depth.npy
eworld2/H18_yp_d03_h03_pm15,H18_yp_d03_h03_pm15,eworld2,H18,L2,square,0.6241,0.4457,0,,yp,0.3,0.3,-15.0,0.757,0.4242,0.3,363142,1280,346,0,374,1279,719,375098,0,11956,0.0319,0.0,0.617,-362,366,1642,898,4322,1,1,21,frames/eworld2/H18_yp_d03_h03_pm15.png,frames/eworld2/H18_yp_d03_h03_pm15.depth.npy
eworld2/H18_yp_d03_h03_pp05,H18_yp_d03_h03_pp05,eworld2,H18,L2,square,0.6241,0.4457,0,,yp,0.3,0.3,5.0,0.757,0.4242,0.3,3522,709,5,288,715,996,719,9974,0,6452,0.6469,0.0,0.0,-709,706,1989,1470,2233,1,1,21,frames/eworld2/H18_yp_d03_h03_pp05.png,frames/eworld2/H18_yp_d03_h03_pp05.depth.npy
eworld2/H18_yp_d03_h06_pm15,H18_yp_d03_h06_pm15,eworld2,H18,L2,square,0.6241,0.4457,0,,yp,0.3,0.6,-15.0,0.9182,0.6708,0.3,85355,765,124,260,596,1024,719,90638,0,5283,0.0583,0.0,0.3417,-187,589,1467,1411,2804,1,1,24,frames/eworld2/H18_yp_d03_h06_pm15.png,frames/eworld2/H18_yp_d03_h06_pm15.depth.npy
eworld2/H18_yp_d05_h03_pm05,H18_yp_d05_h03_pm05,eworld2,H18,L2,square,0.6241,0.4457,0,,yp,0.5,0.3,-5.0,0.9439,0.5831,0.5,186632,1125,221,81,499,1205,719,195876,0,9244,0.0472,0.0,0.5254,-62,492,1342,814,4444,1,1,22,frames/eworld2/H18_yp_d05_h03_pm05.png,frames/eworld2/H18_yp_d05_h03_pm05.depth.npy
eworld2/H18_yp_d05_h03_pm15,H18_yp_d05_h03_pm15,eworld2,H18,L2,square,0.6241,0.4457,0,,yp,0.5,0.3,-15.0,0.9439,0.5831,0.5,265826,1273,290,7,336,1279,625,277086,0,11260,0.0406,0.0,0.5944,-17,328,1297,627,9713,1,1,21,frames/eworld2/H18_yp_d05_h03_pm15.png,frames/eworld2/H18_yp_d05_h03_pm15.depth.npy
eworld2/H18_yp_d05_h03_pp05,H18_yp_d05_h03_pp05,eworld2,H18,L2,square,0.6241,0.4457,0,,yp,0.5,0.3,5.0,0.9439,0.5831,0.5,31176,709,48,288,672,996,719,36807,0,5631,0.153,0.0,0.0,-140,664,1420,1036,2319,1,1,22,frames/eworld2/H18_yp_d05_h03_pp05.png,frames/eworld2/H18_yp_d05_h03_pp05.depth.npy
eworld2/H18_yp_d05_h06_pm05,H18_yp_d05_h06_pm05,eworld2,H18,L2,square,0.6241,0.4457,0,,yp,0.5,0.6,-5.0,1.0775,0.781,0.5,8993,572,16,356,704,927,719,12422,0,3429,0.276,0.0,0.0,-29,697,1309,1298,1835,1,1,24,frames/eworld2/H18_yp_d05_h06_pm05.png,frames/eworld2/H18_yp_d05_h06_pm05.depth.npy
eworld2/H18_yp_d05_h06_pm15,H18_yp_d05_h06_pm15,eworld2,H18,L2,square,0.6241,0.4457,0,,yp,0.5,0.6,-15.0,1.0775,0.781,0.5,123430,765,191,260,529,1024,719,128036,0,4606,0.036,0.0,0.5782,63,523,1217,1017,3016,1,1,23,frames/eworld2/H18_yp_d05_h06_pm15.png,frames/eworld2/H18_yp_d05_h06_pm15.depth.npy
eworld2/H18_yp_d07_h03_pm05,H18_yp_d07_h03_pm05,eworld2,H18,L2,square,0.6241,0.4457,0,,yp,0.7,0.3,-5.0,1.1353,0.7616,0.7,144766,987,196,150,470,1136,665,151811,0,7045,0.0464,0.0,0.5298,131,464,1149,667,7716,1,1,22,frames/eworld2/H18_yp_d07_h03_pm05.png,frames/eworld2/H18_yp_d07_h03_pm05.depth.npy
eworld2/H18_yp_d07_h03_pm15,H18_yp_d07_h03_pm15,eworld2,H18,L2,square,0.6241,0.4457,0,,yp,0.7,0.3,-15.0,1.1353,0.7616,0.7,134171,948,187,169,307,1116,493,140908,0,6737,0.0478,0.0,0.523,152,301,1128,495,7301,1,1,22,frames/eworld2/H18_yp_d07_h03_pm15.png,frames/eworld2/H18_yp_d07_h03_pm15.depth.npy
eworld2/H18_yp_d07_h03_pp05,H18_yp_d07_h03_pp05,eworld2,H18,L2,square,0.6241,0.4457,0,,yp,0.7,0.3,5.0,1.1353,0.7616,0.7,48692,709,80,288,640,996,719,53141,0,4449,0.0837,0.0,0.0528,91,633,1189,860,2322,1,1,22,frames/eworld2/H18_yp_d07_h03_pp05.png,frames/eworld2/H18_yp_d07_h03_pp05.depth.npy
eworld2/H18_yp_d07_h06_pm05,H18_yp_d07_h06_pm05,eworld2,H18,L2,square,0.6241,0.4457,0,,yp,0.7,0.6,-5.0,1.2486,0.9219,0.7,37374,572,71,356,649,927,719,40223,0,2849,0.0708,0.0,0.0514,149,643,1131,1027,1962,1,1,25,frames/eworld2/H18_yp_d07_h06_pm05.png,frames/eworld2/H18_yp_d07_h06_pm05.depth.npy
eworld2/H18_yp_d07_h06_pm15,H18_yp_d07_h06_pm15,eworld2,H18,L2,square,0.6241,0.4457,0,,yp,0.7,0.6,-15.0,1.2486,0.9219,0.7,148632,765,242,260,478,1024,719,152676,0,4044,0.0265,0.0,0.6692,197,473,1083,807,3465,1,1,23,frames/eworld2/H18_yp_d07_h06_pm15.png,frames/eworld2/H18_yp_d07_h06_pm15.depth.npy
eworld2/H18_yp_d07_h10_pm15,H18_yp_d07_h10_pm15,eworld2,H18,L2,square,0.6241,0.4457,0,,yp,0.7,1.0,-15.0,1.4829,1.2206,0.7,16591,462,37,410,683,871,719,18861,0,2270,0.1204,0.0,0.0,246,678,1034,1142,1644,1,1,34,frames/eworld2/H18_yp_d07_h10_pm15.png,frames/eworld2/H18_yp_d07_h10_pm15.depth.npy
eworld2/H18_yp_d10_h03_pm05,H18_yp_d10_h03_pm05,eworld2,H18,L2,square,0.6241,0.4457,0,,yp,1.0,0.3,-5.0,1.4269,1.044,1.0,63666,699,115,293,438,991,552,67112,0,3446,0.0513,0.0,0.4105,280,433,1000,553,5239,1,1,22,frames/eworld2/H18_yp_d10_h03_pm05.png,frames/eworld2/H18_yp_d10_h03_pm05.depth.npy
eworld2/H18_yp_d10_h03_pm15,H18_yp_d10_h03_pm15,eworld2,H18,L2,square,0.6241,0.4457,0,,yp,1.0,0.3,-15.0,1.4269,1.044,1.0,61379,685,112,300,276,984,387,65182,0,3803,0.0583,0.0,0.4049,287,270,993,388,5104,1,1,23,frames/eworld2/H18_yp_d10_h03_pm15.png,frames/eworld2/H18_yp_d10_h03_pm15.depth.npy
eworld2/H18_yp_d10_h03_pp05,H18_yp_d10_h03_pp05,eworld2,H18,L2,square,0.6241,0.4457,0,,yp,1.0,0.3,5.0,1.4269,1.044,1.0,64440,709,114,288,606,996,719,68381,0,3941,0.0576,0.0,0.3799,260,601,1020,731,2405,1,1,22,frames/eworld2/H18_yp_d10_h03_pp05.png,frames/eworld2/H18_yp_d10_h03_pp05.depth.npy
eworld2/H18_yp_d10_h06_pm05,H18_yp_d10_h06_pm05,eworld2,H18,L2,square,0.6241,0.4457,0,,yp,1.0,0.6,-5.0,1.5186,1.1662,1.0,63863,572,131,356,589,927,719,66626,0,2763,0.0415,0.0,0.5181,289,584,991,814,2271,1,1,24,frames/eworld2/H18_yp_d10_h06_pm05.png,frames/eworld2/H18_yp_d10_h06_pm05.depth.npy
eworld2/H18_yp_d10_h06_pm15,H18_yp_d10_h06_pm15,eworld2,H18,L2,square,0.6241,0.4457,0,,yp,1.0,0.6,-15.0,1.5186,1.1662,1.0,106058,648,204,318,422,965,625,109253,0,3195,0.0292,0.0,0.6633,311,417,969,627,5551,1,1,25,frames/eworld2/H18_yp_d10_h06_pm15.png,frames/eworld2/H18_yp_d10_h06_pm15.depth.npy
eworld2/H18_yp_d10_h10_pm15,H18_yp_d10_h10_pm15,eworld2,H18,L2,square,0.6241,0.4457,0,,yp,1.0,1.0,-15.0,1.7164,1.4142,1.0,50400,462,121,410,599,871,719,52176,0,1776,0.034,0.0,0.5661,339,595,941,898,2000,1,1,34,frames/eworld2/H18_yp_d10_h10_pm15.png,frames/eworld2/H18_yp_d10_h10_pm15.depth.npy
eworld2/H18_yp_d15_h03_pm05,H18_yp_d15_h03_pm05,eworld2,H18,L2,square,0.6241,0.4457,0,,yp,1.5,0.3,-5.0,1.9186,1.5297,1.5,23329,469,59,407,404,875,462,25282,0,1953,0.0772,0.0,0.1985,398,400,882,463,3548,1,1,21,frames/eworld2/H18_yp_d15_h03_pm05.png,frames/eworld2/H18_yp_d15_h03_pm05.depth.npy
eworld2/H18_yp_d15_h03_pm15,H18_yp_d15_h03_pm15,eworld2,H18,L2,square,0.6241,0.4457,0,,yp,1.5,0.3,-15.0,1.9186,1.5297,1.5,23356,467,59,408,241,874,299,25324,0,1968,0.0777,0.0,0.1841,399,236,881,300,3554,1,1,21,frames/eworld2/H18_yp_d15_h03_pm15.png,frames/eworld2/H18_yp_d15_h03_pm15.depth.npy
eworld2/H18_yp_d15_h03_pp05,H18_yp_d15_h03_pp05,eworld2,H18,L2,square,0.6241,0.4457,0,,yp,1.5,0.3,5.0,1.9186,1.5297,1.5,25239,485,62,399,570,883,631,27275,0,2036,0.0746,0.0,0.1898,389,565,891,633,3746,1,1,21,frames/eworld2/H18_yp_d15_h03_pp05.png,frames/eworld2/H18_yp_d15_h03_pp05.depth.npy
eworld2/H18_yp_d15_h06_pm05,H18_yp_d15_h06_pm05,eworld2,H18,L2,square,0.6241,0.4457,0,,yp,1.5,0.6,-5.0,1.9877,1.6155,1.5,46432,469,118,407,523,875,640,48244,0,1812,0.0376,0.0,0.5664,402,518,878,642,3925,1,1,24,frames/eworld2/H18_yp_d15_h06_pm05.png,frames/eworld2/H18_yp_d15_h06_pm05.depth.npy
eworld2/H18_yp_d15_h06_pm15,H18_yp_d15_h06_pm15,eworld2,H18,L2,square,0.6241,0.4457,0,,yp,1.5,0.6,-15.0,1.9877,1.6155,1.5,43189,453,113,415,358,867,470,44632,0,1443,0.0323,0.0,0.5586,410,354,870,472,3629,1,1,24,frames/eworld2/H18_yp_d15_h06_pm15.png,frames/eworld2/H18_yp_d15_h06_pm15.depth.npy
eworld2/H18_yp_d15_h06_pp05,H18_yp_d15_h06_pp05,eworld2,H18,L2,square,0.6241,0.4457,0,,yp,1.5,0.6,5.0,1.9877,1.6155,1.5,7964,360,23,461,697,820,719,9386,0,1422,0.1515,0.0,0.0,384,693,896,831,1222,1,1,24,frames/eworld2/H18_yp_d15_h06_pp05.png,frames/eworld2/H18_yp_d15_h06_pp05.depth.npy
eworld2/H18_yp_d15_h10_pm05,H18_yp_d15_h10_pm05,eworld2,H18,L2,square,0.6241,0.4457,0,,yp,1.5,1.0,-5.0,2.1427,1.8028,1.5,14132,346,43,468,677,813,719,15462,0,1330,0.086,0.0,0.0,407,673,873,870,1252,1,1,32,frames/eworld2/H18_yp_d15_h10_pm05.png,frames/eworld2/H18_yp_d15_h10_pm05.depth.npy
eworld2/H18_yp_d15_h10_pm15,H18_yp_d15_h10_pm15,eworld2,H18,L2,square,0.6241,0.4457,0,,yp,1.5,1.0,-15.0,2.1427,1.8028,1.5,62144,428,171,427,504,854,674,63402,0,1258,0.0198,0.0,0.7223,424,500,856,675,3791,1,1,32,frames/eworld2/H18_yp_d15_h10_pm15.png,frames/eworld2/H18_yp_d15_h10_pm15.depth.npy
eworld2/H18_yp_d15_h15_pm15,H18_yp_d15_h15_pm15,eworld2,H18,L2,square,0.6241,0.4457,0,,yp,1.5,1.5,-15.0,2.4168,2.1213,1.5,15093,309,51,486,669,794,719,15721,0,628,0.0399,0.0,0.2825,439,666,841,898,1175,1,1,40,frames/eworld2/H18_yp_d15_h15_pm15.png,frames/eworld2/H18_yp_d15_h15_pm15.depth.npy
eworld2/H18_yp_d20_h03_pm05,H18_yp_d20_h03_pm05,eworld2,H18,L2,square,0.6241,0.4457,0,,yp,2.0,0.3,-5.0,2.4137,2.0224,2.0,10804,352,35,465,382,816,416,12171,0,1367,0.1123,0.0,0.0,457,378,823,418,2709,1,1,22,frames/eworld2/H18_yp_d20_h03_pm05.png,frames/eworld2/H18_yp_d20_h03_pm05.depth.npy
eworld2/H18_yp_d20_h03_pm15,H18_yp_d20_h03_pm15,eworld2,H18,L2,square,0.6241,0.4457,0,,yp,2.0,0.3,-15.0,2.4137,2.0224,2.0,11178,354,36,464,218,817,253,12304,0,1126,0.0915,0.0,0.0,456,214,824,255,2704,1,1,21,frames/eworld2/H18_yp_d20_h03_pm15.png,frames/eworld2/H18_yp_d20_h03_pm15.depth.npy
eworld2/H18_yp_d20_h03_pp05,H18_yp_d20_h03_pp05,eworld2,H18,L2,square,0.6241,0.4457,0,,yp,2.0,0.3,5.0,2.4137,2.0224,2.0,11709,362,37,460,547,821,583,13125,0,1416,0.1079,0.0,0.0,452,543,828,585,2781,1,1,21,frames/eworld2/H18_yp_d20_h03_pp05.png,frames/eworld2/H18_yp_d20_h03_pp05.depth.npy
eworld2/H18_yp_d20_h06_pm05,H18_yp_d20_h06_pm05,eworld2,H18,L2,square,0.6241,0.4457,0,,yp,2.0,0.6,-5.0,2.469,2.0881,2.0,22525,355,73,464,480,818,552,23571,0,1046,0.0444,0.0,0.4476,460,476,820,553,2848,1,1,26,frames/eworld2/H18_yp_d20_h06_pm05.png,frames/eworld2/H18_yp_d20_h06_pm05.depth.npy
eworld2/H18_yp_d20_h06_pm15,H18_yp_d20_h06_pm15,eworld2,H18,L2,square,0.6241,0.4457,0,,yp,2.0,0.6,-15.0,2.469,2.0881,2.0,21602,348,71,467,317,814,387,22896,0,1294,0.0565,0.0,0.4461,463,313,817,388,2790,1,1,25,frames/eworld2/H18_yp_d20_h06_pm15.png,frames/eworld2/H18_yp_d20_h06_pm15.depth.npy
eworld2/H18_yp_d20_h06_pp05,H18_yp_d20_h06_pp05,eworld2,H18,L2,square,0.6241,0.4457,0,,yp,2.0,0.6,5.0,2.469,2.0881,2.0,22104,360,70,461,650,820,719,23174,0,1070,0.0462,0.0,0.3783,450,647,830,731,1430,1,1,26,frames/eworld2/H18_yp_d20_h06_pp05.png,frames/eworld2/H18_yp_d20_h06_pp05.depth.npy
eworld2/H18_yp_d20_h10_pm05,H18_yp_d20_h10_pm05,eworld2,H18,L2,square,0.6241,0.4457,0,,yp,2.0,1.0,-5.0,2.5954,2.2361,2.0,33784,346,112,468,608,813,719,34753,0,969,0.0279,0.0,0.6385,463,604,817,729,1539,1,1,34,frames/eworld2/H18_yp_d20_h10_pm05.png,frames/eworld2/H18_yp_d20_h10_pm05.depth.npy
eworld2/H18_yp_d20_h10_pm15,H18_yp_d20_h10_pm15,eworld2,H18,L2,square,0.6241,0.4457,0,,yp,2.0,1.0,-15.0,2.5954,2.2361,2.0,32423,334,111,474,440,807,550,33363,0,940,0.0282,0.0,0.6589,472,436,808,551,2961,1,1,35,frames/eworld2/H18_yp_d20_h10_pm15.png,frames/eworld2/H18_yp_d20_h10_pm15.depth.npy
eworld2/H18_yp_d20_h15_pm15,H18_yp_d20_h15_pm15,eworld2,H18,L2,square,0.6241,0.4457,0,,yp,2.0,1.5,-15.0,2.8259,2.5,2.0,37790,309,138,486,582,794,719,38427,0,637,0.0166,0.0,0.7433,481,579,799,734,1983,1,1,42,frames/eworld2/H18_yp_d20_h15_pm15.png,frames/eworld2/H18_yp_d20_h15_pm15.depth.npy
eworld2/H18_yp_d20_h20_pm15,H18_yp_d20_h20_pm15,eworld2,H18,L2,square,0.6241,0.4457,0,,yp,2.0,2.0,-15.0,3.1202,2.8284,2.0,1612,231,7,525,713,755,719,2078,0,466,0.2243,0.0,0.0,489,710,791,898,750,1,1,47,frames/eworld2/H18_yp_d20_h20_pm15.png,frames/eworld2/H18_yp_d20_h20_pm15.depth.npy
eworld2/H18_yp_d30_h03_pm05,H18_yp_d30_h03_pm05,eworld2,H18,L2,square,0.6241,0.4457,0,,yp,3.0,0.3,-5.0,3.4082,3.015,3.0,3686,237,17,522,355,758,371,4380,0,694,0.1584,0.0,0.0,517,352,763,372,1787,1,1,21,frames/eworld2/H18_yp_d30_h03_pm05.png,frames/eworld2/H18_yp_d30_h03_pm05.depth.npy
eworld2/H18_yp_d30_h03_pm15,H18_yp_d30_h03_pm15,eworld2,H18,L2,square,0.6241,0.4457,0,,yp,3.0,0.3,-15.0,3.4082,3.015,3.0,3943,240,18,521,190,760,207,4450,0,507,0.1139,0.0,0.0,516,187,764,208,1803,1,1,23,frames/eworld2/H18_yp_d30_h03_pm15.png,frames/eworld2/H18_yp_d30_h03_pm15.depth.npy
eworld2/H18_yp_d30_h03_pp05,H18_yp_d30_h03_pp05,eworld2,H18,L2,square,0.6241,0.4457,0,,yp,3.0,0.3,5.0,3.4082,3.015,3.0,3731,240,17,521,519,760,535,4434,0,703,0.1585,0.0,0.0,515,516,765,537,1819,1,1,21,frames/eworld2/H18_yp_d30_h03_pp05.png,frames/eworld2/H18_yp_d30_h03_pp05.depth.npy
eworld2/H18_yp_d30_h06_pm05,H18_yp_d30_h06_pm05,eworld2,H18,L2,square,0.6241,0.4457,0,,yp,3.0,0.6,-5.0,3.4476,3.0594,3.0,7770,238,36,522,427,759,462,8248,0,478,0.058,0.0,0.203,519,425,761,463,1877,1,1,27,frames/eworld2/H18_yp_d30_h06_pm05.png,frames/eworld2/H18_yp_d30_h06_pm05.depth.npy
eworld2/H18_yp_d30_h06_pm15,H18_yp_d30_h06_pm15,eworld2,H18,L2,square,0.6241,0.4457,0,,yp,3.0,0.6,-15.0,3.4476,3.0594,3.0,7763,238,36,522,264,759,299,8240,0,477,0.0579,0.0,0.2025,519,262,761,300,1837,1,1,27,frames/eworld2/H18_yp_d30_h06_pm15.png,frames/eworld2/H18_yp_d30_h06_pm15.depth.npy
eworld2/H18_yp_d30_h06_pp05,H18_yp_d30_h06_pp05,eworld2,H18,L2,square,0.6241,0.4457,0,,yp,3.0,0.6,5.0,3.4476,3.0594,3.0,8252,246,37,518,595,763,631,8948,0,696,0.0778,0.0,0.1974,514,592,766,633,1957,1,1,27,frames/eworld2/H18_yp_d30_h06_pp05.png,frames/eworld2/H18_yp_d30_h06_pp05.depth.npy
eworld2/H18_yp_d30_h10_pm05,H18_yp_d30_h10_pm05,eworld2,H18,L2,square,0.6241,0.4457,0,,yp,3.0,1.0,-5.0,3.5392,3.1623,3.0,12649,237,59,522,523,758,581,13105,0,456,0.0348,0.0,0.5116,520,520,760,583,1995,1,1,34,frames/eworld2/H18_yp_d30_h10_pm05.png,frames/eworld2/H18_yp_d30_h10_pm05.depth.npy
eworld2/H18_yp_d30_h10_pm15,H18_yp_d30_h10_pm15,eworld2,H18,L2,square,0.6241,0.4457,0,,yp,3.0,1.0,-15.0,3.5392,3.1623,3.0,11979,231,57,525,359,755,415,12614,0,635,0.0503,0.0,0.5121,523,356,757,416,1997,1,1,34,frames/eworld2/H18_yp_d30_h10_pm15.png,frames/eworld2/H18_yp_d30_h10_pm15.depth.npy
eworld2/H18_yp_d30_h10_pp05,H18_yp_d30_h10_pp05,eworld2,H18,L2,square,0.6241,0.4457,0,,yp,3.0,1.0,5.0,3.5392,3.1623,3.0,4806,217,23,532,697,748,719,5234,0,428,0.0818,0.0,0.0,513,694,767,764,798,1,1,33,frames/eworld2/H18_yp_d30_h10_pp05.png,frames/eworld2/H18_yp_d30_h10_pp05.depth.npy
eworld2/H18_yp_d30_h15_pm05,H18_yp_d30_h15_pm05,eworld2,H18,L2,square,0.6241,0.4457,0,,yp,3.0,1.5,-5.0,3.7116,3.3541,3.0,16781,231,80,525,640,755,719,17417,0,636,0.0365,0.0,0.6494,522,637,758,729,1167,1,1,43,frames/eworld2/H18_yp_d30_h15_pm05.png,frames/eworld2/H18_yp_d30_h15_pm05.depth.npy
eworld2/H18_yp_d30_h15_pm15,H18_yp_d30_h15_pm15,eworld2,H18,L2,square,0.6241,0.4457,0,,yp,3.0,1.5,-15.0,3.7116,3.3541,3.0,16413,223,81,529,470,751,550,16848,0,435,0.0258,0.0,0.6755,528,467,752,551,2060,1,1,42,frames/eworld2/H18_yp_d30_h15_pm15.png,frames/eworld2/H18_yp_d30_h15_pm15.depth.npy
eworld2/H18_yp_d30_h20_pm15,H18_yp_d30_h20_pm15,eworld2,H18,L2,square,0.6241,0.4457,0,,yp,3.0,2.0,-15.0,3.9403,3.6055,3.0,19743,215,101,533,574,747,674,20159,0,416,0.0206,0.0,0.7494,532,571,748,676,2181,1,1,47,frames/eworld2/H18_yp_d30_h20_pm15.png,frames/eworld2/H18_yp_d30_h20_pm15.depth.npy
eworld2/H18_yp_d40_h03_pm05,H18_yp_d40_h03_pm05,eworld2,H18,L2,square,0.6241,0.4457,0,,yp,4.0,0.3,-5.0,4.4052,4.0112,4.0,1492,176,9,553,339,728,347,1846,0,354,0.1918,0.0,0.0,548,336,732,349,1356,1,1,20,frames/eworld2/H18_yp_d40_h03_pm05.png,frames/eworld2/H18_yp_d40_h03_pm05.depth.npy
eworld2/H18_yp_d40_h03_pm15,H18_yp_d40_h03_pm15,eworld2,H18,L2,square,0.6241,0.4457,0,,yp,4.0,0.3,-15.0,4.4052,4.0112,4.0,1695,181,10,550,174,730,183,2061,0,366,0.1776,0.0,0.0,546,171,734,184,1352,1,1,20,frames/eworld2/H18_yp_d40_h03_pm15.png,frames/eworld2/H18_yp_d40_h03_pm15.depth.npy
eworld2/H18_yp_d40_h03_pp05,H18_yp_d40_h03_pp05,eworld2,H18,L2,square,0.6241,0.4457,0,,yp,4.0,0.3,5.0,4.4052,4.0112,4.0,1517,179,9,551,503,729,511,1878,0,361,0.1922,0.0,0.0,547,500,733,513,1360,1,1,20,frames/eworld2/H18_yp_d40_h03_pp05.png,frames/eworld2/H18_yp_d40_h03_pp05.depth.npy
eworld2/H18_yp_d40_h06_pm05,H18_yp_d40_h06_pm05,eworld2,H18,L2,square,0.6241,0.4457,0,,yp,4.0,0.6,-5.0,4.4358,4.0447,4.0,3332,179,20,551,397,729,416,3680,0,348,0.0946,0.0,0.0,548,394,732,418,1383,1,1,27,frames/eworld2/H18_yp_d40_h06_pm05.png,frames/eworld2/H18_yp_d40_h06_pm05.depth.npy
eworld2/H18_yp_d40_h06_pm15,H18_yp_d40_h06_pm15,eworld2,H18,L2,square,0.6241,0.4457,0,,yp,4.0,0.6,-15.0,4.4358,4.0447,4.0,3511,179,21,551,233,729,253,3860,0,349,0.0904,0.0,0.0,548,231,732,255,1440,1,1,28,frames/eworld2/H18_yp_d40_h06_pm15.png,frames/eworld2/H18_yp_d40_h06_pm15.depth.npy
eworld2/H18_yp_d40_h06_pp05,H18_yp_d40_h06_pp05,eworld2,H18,L2,square,0.6241,0.4457,0,,yp,4.0,0.6,5.0,4.4358,4.0447,4.0,3753,184,22,549,562,732,583,4110,0,357,0.0869,0.0,0.0,546,560,734,585,1451,1,1,27,frames/eworld2/H18_yp_d40_h06_pp05.png,frames/eworld2/H18_yp_d40_h06_pp05.depth.npy
eworld2/H18_yp_d40_h10_pm05,H18_yp_d40_h10_pm05,eworld2,H18,L2,square,0.6241,0.4457,0,,yp,4.0,1.0,-5.0,4.5073,4.1231,4.0,5806,179,35,551,473,729,507,6144,0,338,0.055,0.0,0.3775,549,470,731,509,1464,1,1,32,frames/eworld2/H18_yp_d40_h10_pm05.png,frames/eworld2/H18_yp_d40_h10_pm05.depth.npy
eworld2/H18_yp_d40_h10_pm15,H18_yp_d40_h10_pm15,eworld2,H18,L2,square,0.6241,0.4457,0,,yp,4.0,1.0,-15.0,4.5073,4.1231,4.0,5584,177,34,552,310,728,343,5922,0,338,0.0571,0.0,0.3609,550,307,730,345,1427,1,1,34,frames/eworld2/H18_yp_d40_h10_pm15.png,frames/eworld2/H18_yp_d40_h10_pm15.depth.npy
eworld2/H18_yp_d40_h10_pp05,H18_yp_d40_h10_pp05,eworld2,H18,L2,square,0.6241,0.4457,0,,yp,4.0,1.0,5.0,4.5073,4.1231,4.0,6558,187,38,547,643,733,680,6911,0,353,0.0511,0.0,0.3734,545,640,735,682,1546,1,1,31,frames/eworld2/H18_yp_d40_h10_pp05.png,frames/eworld2/H18_yp_d40_h10_pp05.depth.npy
eworld2/H18_yp_d40_h15_pm05,H18_yp_d40_h15_pm05,eworld2,H18,L2,square,0.6241,0.4457,0,,yp,4.0,1.5,-5.0,4.6439,4.272,4.0,8695,177,53,552,566,728,618,8882,0,187,0.0211,0.0,0.5814,550,564,730,620,1547,1,1,42,frames/eworld2/H18_yp_d40_h15_pm05.png,frames/eworld2/H18_yp_d40_h15_pm05.depth.npy
eworld2/H18_yp_d40_h15_pm15,H18_yp_d40_h15_pm15,eworld2,H18,L2,square,0.6241,0.4457,0,,yp,4.0,1.5,-15.0,4.6439,4.272,4.0,7989,172,50,554,401,725,450,8320,0,331,0.0398,0.0,0.5772,553,398,727,451,1533,1,1,45,frames/eworld2/H18_yp_d40_h15_pm15.png,frames/eworld2/H18_yp_d40_h15_pm15.depth.npy
eworld2/H18_yp_d40_h20_pm05,H18_yp_d40_h20_pm05,eworld2,H18,L2,square,0.6241,0.4457,0,,yp,4.0,2.0,-5.0,4.8287,4.4721,4.0,9980,173,62,554,658,726,719,10164,0,184,0.0181,0.0,0.644,551,656,729,729,844,1,1,45,frames/eworld2/H18_yp_d40_h20_pm05.png,frames/eworld2/H18_yp_d40_h20_pm05.depth.npy
eworld2/H18_yp_d40_h20_pm15,H18_yp_d40_h20_pm15,eworld2,H18,L2,square,0.6241,0.4457,0,,yp,4.0,2.0,-15.0,4.8287,4.4721,4.0,9942,167,64,557,487,723,550,10263,0,321,0.0313,0.0,0.6833,556,485,724,551,1564,1,1,46,frames/eworld2/H18_yp_d40_h20_pm15.png,frames/eworld2/H18_yp_d40_h20_pm15.depth.npy
eworld2/H18_yp_d60_h03_pm05,H18_yp_d60_h03_pm05,eworld2,H18,L2,square,0.6241,0.4457,0,,yp,6.0,0.3,-5.0,6.402,6.0075,6.0,453,117,4,582,321,698,324,576,0,123,0.2135,0.0,0.0,578,319,702,326,894,1,1,21,frames/eworld2/H18_yp_d60_h03_pm05.png,frames/eworld2/H18_yp_d60_h03_pm05.depth.npy
eworld2/H18_yp_d60_h03_pm15,H18_yp_d60_h03_pm15,eworld2,H18,L2,square,0.6241,0.4457,0,,yp,6.0,0.3,-15.0,6.402,6.0075,6.0,582,121,5,580,155,700,159,710,0,128,0.1803,0.0,0.0,577,154,703,160,923,1,1,22,frames/eworld2/H18_yp_d60_h03_pm15.png,frames/eworld2/H18_yp_d60_h03_pm15.depth.npy
eworld2/H18_yp_d60_h03_pp05,H18_yp_d60_h03_pp05,eworld2,H18,L2,square,0.6241,0.4457,0,,yp,6.0,0.3,5.0,6.402,6.0075,6.0,575,120,5,580,484,699,488,700,0,125,0.1786,0.0,0.0,578,483,702,489,913,1,1,21,frames/eworld2/H18_yp_d60_h03_pp05.png,frames/eworld2/H18_yp_d60_h03_pp05.depth.npy
eworld2/H18_yp_d60_h06_pm05,H18_yp_d60_h06_pm05,eworld2,H18,L2,square,0.6241,0.4457,0,,yp,6.0,0.6,-5.0,6.4231,6.0299,6.0,1147,121,10,580,362,700,371,1268,0,121,0.0954,0.0,0.0,578,360,702,372,928,1,1,31,frames/eworld2/H18_yp_d60_h06_pm05.png,frames/eworld2/H18_yp_d60_h06_pm05.depth.npy
eworld2/H18_yp_d60_h06_pm15,H18_yp_d60_h06_pm15,eworld2,H18,L2,square,0.6241,0.4457,0,,yp,6.0,0.6,-15.0,6.4231,6.0299,6.0,1163,122,10,579,198,700,207,1288,0,125,0.097,0.0,0.0,578,196,702,208,944,1,1,32,frames/eworld2/H18_yp_d60_h06_pm15.png,frames/eworld2/H18_yp_d60_h06_pm15.depth.npy
eworld2/H18_yp_d60_h06_pp05,H18_yp_d60_h06_pp05,eworld2,H18,L2,square,0.6241,0.4457,0,,yp,6.0,0.6,5.0,6.4231,6.0299,6.0,1160,122,10,579,526,700,535,1284,0,124,0.0966,0.0,0.0,577,525,703,537,948,1,1,30,frames/eworld2/H18_yp_d60_h06_pp05.png,frames/eworld2/H18_yp_d60_h06_pp05.depth.npy
eworld2/H18_yp_d60_h10_pm05,H18_yp_d60_h10_pm05,eworld2,H18,L2,square,0.6241,0.4457,0,,yp,6.0,1.0,-5.0,6.4727,6.0828,6.0,1941,121,17,580,416,700,432,2060,0,119,0.0578,0.0,0.0562,579,414,701,433,979,1,1,38,frames/eworld2/H18_yp_d60_h10_pm05.png,frames/eworld2/H18_yp_d60_h10_pm05.depth.npy
eworld2/H18_yp_d60_h10_pm15,H18_yp_d60_h10_pm15,eworld2,H18,L2,square,0.6241,0.4457,0,,yp,6.0,1.0,-15.0,6.4727,6.0828,6.0,1948,121,17,580,253,700,269,2068,0,120,0.058,0.0,0.056,579,251,701,270,971,1,1,39,frames/eworld2/H18_yp_d60_h10_pm15.png,frames/eworld2/H18_yp_d60_h10_pm15.depth.npy
eworld2/H18_yp_d60_h10_pp05,H18_yp_d60_h10_pp05,eworld2,H18,L2,square,0.6241,0.4457,0,,yp,6.0,1.0,5.0,6.4727,6.0828,6.0,1995,123,17,579,583,701,599,2226,0,231,0.1038,0.0,0.0556,577,581,703,601,986,1,1,38,frames/eworld2/H18_yp_d60_h10_pp05.png,frames/eworld2/H18_yp_d60_h10_pp05.depth.npy
eworld2/H18_yp_d60_h15_pm05,H18_yp_d60_h15_pm05,eworld2,H18,L2,square,0.6241,0.4457,0,,yp,6.0,1.5,-5.0,6.5686,6.1847,6.0,2834,120,25,580,483,699,507,2954,0,120,0.0406,0.0,0.3853,579,481,701,509,997,1,1,43,frames/eworld2/H18_yp_d60_h15_pm05.png,frames/eworld2/H18_yp_d60_h15_pm05.depth.npy
eworld2/H18_yp_d60_h15_pm15,H18_yp_d60_h15_pm15,eworld2,H18,L2,square,0.6241,0.4457,0,,yp,6.0,1.5,-15.0,6.5686,6.1847,6.0,2692,118,24,581,320,698,343,2808,0,116,0.0413,0.0,0.3611,580,318,700,345,990,1,1,43,frames/eworld2/H18_yp_d60_h15_pm15.png,frames/eworld2/H18_yp_d60_h15_pm15.depth.npy
eworld2/H18_yp_d60_h15_pp05,H18_yp_d60_h15_pp05,eworld2,H18,L2,square,0.6241,0.4457,0,,yp,6.0,1.5,5.0,6.5686,6.1847,6.0,3189,125,27,578,654,702,680,3314,0,125,0.0377,0.0,0.3584,577,652,703,682,1051,1,1,42,frames/eworld2/H18_yp_d60_h15_pp05.png,frames/eworld2/H18_yp_d60_h15_pp05.depth.npy
eworld2/H18_yp_d60_h20_pm05,H18_yp_d60_h20_pm05,eworld2,H18,L2,square,0.6241,0.4457,0,,yp,6.0,2.0,-5.0,6.7004,6.3245,6.0,3712,119,33,581,549,699,581,3830,0,118,0.0308,0.0,0.5318,580,547,700,583,1081,1,1,52,frames/eworld2/H18_yp_d60_h20_pm05.png,frames/eworld2/H18_yp_d60_h20_pm05.depth.npy
eworld2/H18_yp_d60_h20_pm15,H18_yp_d60_h20_pm15,eworld2,H18,L2,square,0.6241,0.4457,0,,yp,6.0,2.0,-15.0,6.7004,6.3245,6.0,3522,116,32,582,384,697,415,3638,0,116,0.0319,0.0,0.5179,581,382,699,416,1030,1,1,52,frames/eworld2/H18_yp_d60_h20_pm15.png,frames/eworld2/H18_yp_d60_h20_pm15.depth.npy
eworld2/H18_yp_d80_h03_pm05,H18_yp_d80_h03_pm05,eworld2,H18,L2,square,0.6241,0.4457,0,,yp,8.0,0.3,-5.0,8.4004,8.0056,8.0,176,89,2,596,312,684,313,352,0,176,0.5,0.0,0.0,593,310,687,314,681,1,1,20,frames/eworld2/H18_yp_d80_h03_pm05.png,frames/eworld2/H18_yp_d80_h03_pm05.depth.npy
eworld2/H18_yp_d80_h03_pm15,H18_yp_d80_h03_pm15,eworld2,H18,L2,square,0.6241,0.4457,0,,yp,8.0,0.3,-15.0,8.4004,8.0056,8.0,267,91,3,595,145,685,147,362,0,95,0.2624,0.0,0.0,592,144,688,148,693,1,1,19,frames/eworld2/H18_yp_d80_h03_pm15.png,frames/eworld2/H18_yp_d80_h03_pm15.depth.npy
eworld2/H18_yp_d80_h03_pp05,H18_yp_d80_h03_pp05,eworld2,H18,L2,square,0.6241,0.4457,0,,yp,8.0,0.3,5.0,8.4004,8.0056,8.0,176,89,2,596,475,684,476,268,0,92,0.3433,0.0,0.0,593,473,687,477,676,1,1,20,frames/eworld2/H18_yp_d80_h03_pp05.png,frames/eworld2/H18_yp_d80_h03_pp05.depth.npy
eworld2/H18_yp_d80_h06_pm05,H18_yp_d80_h06_pm05,eworld2,H18,L2,square,0.6241,0.4457,0,,yp,8.0,0.6,-5.0,8.4164,8.0225,8.0,433,89,5,596,343,684,347,524,0,91,0.1737,0.0,0.0,594,342,686,349,699,1,1,30,frames/eworld2/H18_yp_d80_h06_pm05.png,frames/eworld2/H18_yp_d80_h06_pm05.depth.npy
eworld2/H18_yp_d80_h06_pm15,H18_yp_d80_h06_pm15,eworld2,H18,L2,square,0.6241,0.4457,0,,yp,8.0,0.6,-15.0,8.4164,8.0225,8.0,532,92,6,594,178,685,183,624,0,92,0.1474,0.0,0.0,593,177,687,184,718,1,1,31,frames/eworld2/H18_yp_d80_h06_pm15.png,frames/eworld2/H18_yp_d80_h06_pm15.depth.npy
eworld2/H18_yp_d80_h06_pp05,H18_yp_d80_h06_pp05,eworld2,H18,L2,square,0.6241,0.4457,0,,yp,8.0,0.6,5.0,8.4164,8.0225,8.0,441,91,5,595,507,685,511,532,0,91,0.1711,0.0,0.0,593,505,687,513,691,1,1,30,frames/eworld2/H18_yp_d80_h06_pp05.png,frames/eworld2/H18_yp_d80_h06_pp05.depth.npy
eworld2/H18_yp_d80_h10_pm05,H18_yp_d80_h10_pm05,eworld2,H18,L2,square,0.6241,0.4457,0,,yp,8.0,1.0,-5.0,8.4543,8.0623,8.0,872,91,10,595,385,685,394,960,0,88,0.0917,0.0,0.0,594,384,686,395,736,1,1,34,frames/eworld2/H18_yp_d80_h10_pm05.png,frames/eworld2/H18_yp_d80_h10_pm05.depth.npy
eworld2/H18_yp_d80_h10_pm15,H18_yp_d80_h10_pm15,eworld2,H18,L2,square,0.6241,0.4457,0,,yp,8.0,1.0,-15.0,8.4543,8.0623,8.0,793,91,9,595,222,685,230,881,0,88,0.0999,0.0,0.0,593,220,687,232,720,1,1,35,frames/eworld2/H18_yp_d80_h10_pm15.png,frames/eworld2/H18_yp_d80_h10_pm15.depth.npy
eworld2/H18_yp_d80_h10_pp05,H18_yp_d80_h10_pp05,eworld2,H18,L2,square,0.6241,0.4457,0,,yp,8.0,1.0,5.0,8.4543,8.0623,8.0,888,92,10,594,550,685,559,978,0,90,0.092,0.0,0.0,593,549,687,561,736,1,1,33,frames/eworld2/H18_yp_d80_h10_pp05.png,frames/eworld2/H18_yp_d80_h10_pp05.depth.npy
eworld2/H18_yp_d80_h15_pm05,H18_yp_d80_h15_pm05,eworld2,H18,L2,square,0.6241,0.4457,0,,yp,8.0,1.5,-5.0,8.528,8.1394,8.0,1300,90,15,595,437,684,451,1388,0,88,0.0634,0.0,0.1931,594,436,686,452,737,1,1,43,frames/eworld2/H18_yp_d80_h15_pm05.png,frames/eworld2/H18_yp_d80_h15_pm05.depth.npy
eworld2/H18_yp_d80_h15_pm15,H18_yp_d80_h15_pm15,eworld2,H18,L2,square,0.6241,0.4457,0,,yp,8.0,1.5,-15.0,8.528,8.1394,8.0,1300,90,15,595,274,684,288,1387,0,87,0.0627,0.0,0.1931,594,273,686,289,738,1,1,45,frames/eworld2/H18_yp_d80_h15_pm15.png,frames/eworld2/H18_yp_d80_h15_pm15.depth.npy
eworld2/H18_yp_d80_h15_pp05,H18_yp_d80_h15_pp05,eworld2,H18,L2,square,0.6241,0.4457,0,,yp,8.0,1.5,5.0,8.528,8.1394,8.0,1340,93,15,594,605,686,619,1432,0,92,0.0642,0.0,0.1291,593,604,687,621,785,1,1,41,frames/eworld2/H18_yp_d80_h15_pp05.png,frames/eworld2/H18_yp_d80_h15_pp05.depth.npy
eworld2/H18_yp_d80_h20_pm05,H18_yp_d80_h20_pm05,eworld2,H18,L2,square,0.6241,0.4457,0,,yp,8.0,2.0,-5.0,8.6299,8.2462,8.0,1639,90,19,595,489,684,507,1726,0,87,0.0504,0.0,0.3594,594,487,686,509,775,1,1,47,frames/eworld2/H18_yp_d80_h20_pm05.png,frames/eworld2/H18_yp_d80_h20_pm05.depth.npy
eworld2/H18_yp_d80_h20_pm15,H18_yp_d80_h20_pm15,eworld2,H18,L2,square,0.6241,0.4457,0,,yp,8.0,2.0,-15.0,8.6299,8.2462,8.0,1618,88,19,596,325,683,343,1622,0,4,0.0025,0.0,0.3591,595,324,685,345,784,1,1,53,frames/eworld2/H18_yp_d80_h20_pm15.png,frames/eworld2/H18_yp_d80_h20_pm15.depth.npy
eworld2/H18_yp_d80_h20_pp05,H18_yp_d80_h20_pp05,eworld2,H18,L2,square,0.6241,0.4457,0,,yp,8.0,2.0,5.0,8.6299,8.2462,8.0,1886,94,21,593,660,686,680,1976,0,90,0.0455,0.0,0.3717,592,659,688,682,823,1,1,46,frames/eworld2/H18_yp_d80_h20_pp05.png,frames/eworld2/H18_yp_d80_h20_pp05.depth.npy
eworld2/H227_xp_d05_h03_pm15,H227_xp_d05_h03_pm15,eworld2,H227,T1,square,0.01,0.0564,0,,xp,0.5,0.3,-15.0,0.6265,0.5831,0.5,8892,157,60,557,566,713,625,11544,0,2652,0.2297,0.0,0.0,556,550,724,627,1632,1,1,12,frames/eworld2/H227_xp_d05_h03_pm15.png,frames/eworld2/H227_xp_d05_h03_pm15.depth.npy
eworld2/H227_xp_d07_h03_pm05,H227_xp_d07_h03_pm05,eworld2,H227,T1,square,0.01,0.0564,0,,xp,0.7,0.3,-5.0,0.8078,0.7616,0.7,3966,122,34,576,632,697,665,5680,0,1714,0.3018,0.0,0.0,575,619,705,667,1208,1,1,13,frames/eworld2/H227_xp_d07_h03_pm05.png,frames/eworld2/H227_xp_d07_h03_pm05.depth.npy
eworld2/H227_xp_d07_h03_pm15,H227_xp_d07_h03_pm15,eworld2,H227,T1,square,0.01,0.0564,0,,xp,0.7,0.3,-15.0,0.8078,0.7616,0.7,3483,117,31,578,463,694,493,5013,0,1530,0.3052,0.0,0.0,578,450,702,495,1163,1,1,13,frames/eworld2/H227_xp_d07_h03_pm15.png,frames/eworld2/H227_xp_d07_h03_pm15.depth.npy
eworld2/H227_xp_d10_h03_pm05,H227_xp_d10_h03_pm05,eworld2,H227,T1,square,0.01,0.0564,0,,xp,1.0,0.3,-5.0,1.092,1.044,1.0,1259,86,15,595,538,680,552,2175,0,916,0.4211,0.0,0.0,594,528,686,553,825,1,1,14,frames/eworld2/H227_xp_d10_h03_pm05.png,frames/eworld2/H227_xp_d10_h03_pm05.depth.npy
eworld2/H227_xp_d10_h03_pm15,H227_xp_d10_h03_pm15,eworld2,H227,T1,square,0.01,0.0564,0,,xp,1.0,0.3,-15.0,1.092,1.044,1.0,1236,85,15,595,373,679,387,2051,0,815,0.3974,0.0,0.0,595,364,685,388,808,1,1,13,frames/eworld2/H227_xp_d10_h03_pm15.png,frames/eworld2/H227_xp_d10_h03_pm15.depth.npy
eworld2/H227_xp_d10_h03_pp05,H227_xp_d10_h03_pp05,eworld2,H227,T1,square,0.01,0.0564,0,,xp,1.0,0.3,5.0,1.092,1.044,1.0,520,87,6,594,714,680,719,1438,0,918,0.6384,0.0,0.0,592,703,688,731,391,1,1,14,frames/eworld2/H227_xp_d10_h03_pp05.png,frames/eworld2/H227_xp_d10_h03_pp05.depth.npy
eworld2/H227_xp_d10_h06_pm15,H227_xp_d10_h06_pm15,eworld2,H227,T1,square,0.01,0.0564,0,,xp,1.0,0.6,-15.0,1.2093,1.1662,1.0,2459,79,32,599,594,677,625,3265,0,806,0.2469,0.0,0.0,598,585,682,627,889,1,1,16,frames/eworld2/H227_xp_d10_h06_pm15.png,frames/eworld2/H227_xp_d10_h06_pm15.depth.npy
eworld2/H227_xp_d15_h03_pm05,H227_xp_d15_h03_pm05,eworld2,H227,T1,square,0.01,0.0564,0,,xp,1.5,0.3,-5.0,1.5788,1.5297,1.5,286,58,5,609,458,666,462,654,0,368,0.5627,0.0,0.0,609,451,671,463,536,1,1,12,frames/eworld2/H227_xp_d15_h03_pm05.png,frames/eworld2/H227_xp_d15_h03_pm05.depth.npy
eworld2/H227_xp_d15_h03_pm15,H227_xp_d15_h03_pm15,eworld2,H227,T1,square,0.01,0.0564,0,,xp,1.5,0.3,-15.0,1.5788,1.5297,1.5,285,57,5,610,295,666,299,650,0,365,0.5615,0.0,0.0,609,288,671,300,529,1,1,13,frames/eworld2/H227_xp_d15_h03_pm15.png,frames/eworld2/H227_xp_d15_h03_pm15.depth.npy
eworld2/H227_xp_d15_h03_pp05,H227_xp_d15_h03_pp05,eworld2,H227,T1,square,0.01,0.0564,0,,xp,1.5,0.3,5.0,1.5788,1.5297,1.5,296,60,5,608,627,667,631,736,0,440,0.5978,0.0,0.0,608,620,672,633,553,1,1,12,frames/eworld2/H227_xp_d15_h03_pp05.png,frames/eworld2/H227_xp_d15_h03_pp05.depth.npy
eworld2/H227_xp_d15_h06_pm05,H227_xp_d15_h06_pm05,eworld2,H227,T1,square,0.01,0.0564,0,,xp,1.5,0.6,-5.0,1.6621,1.6155,1.5,844,57,15,610,626,666,640,1284,0,440,0.3427,0.0,0.0,609,619,671,642,581,1,1,15,frames/eworld2/H227_xp_d15_h06_pm05.png,frames/eworld2/H227_xp_d15_h06_pm05.depth.npy
eworld2/H227_xp_d15_h06_pm15,H227_xp_d15_h06_pm15,eworld2,H227,T1,square,0.01,0.0564,0,,xp,1.5,0.6,-15.0,1.6621,1.6155,1.5,761,55,14,611,457,665,470,1131,0,370,0.3271,0.0,0.0,610,450,670,472,548,1,1,14,frames/eworld2/H227_xp_d15_h06_pm15.png,frames/eworld2/H227_xp_d15_h06_pm15.depth.npy
eworld2/H227_xp_d15_h10_pm15,H227_xp_d15_h10_pm15,eworld2,H227,T1,square,0.01,0.0564,0,,xp,1.5,1.0,-15.0,1.8446,1.8028,1.5,1228,52,24,613,651,664,674,1592,0,364,0.2286,0.0,0.0,612,644,668,675,607,1,1,19,frames/eworld2/H227_xp_d15_h10_pm15.png,frames/eworld2/H227_xp_d15_h10_pm15.depth.npy
eworld2/H227_xp_d20_h03_pm05,H227_xp_d20_h03_pm05,eworld2,H227,T1,square,0.01,0.0564,0,,xp,2.0,0.3,-5.0,2.0718,2.0224,2.0,44,44,1,617,416,660,416,270,0,226,0.837,0.0,0.0,616,410,664,418,385,1,1,12,frames/eworld2/H227_xp_d20_h03_pm05.png,frames/eworld2/H227_xp_d20_h03_pm05.depth.npy
eworld2/H227_xp_d20_h03_pm15,H227_xp_d20_h03_pm15,eworld2,H227,T1,square,0.01,0.0564,0,,xp,2.0,0.3,-15.0,2.0718,2.0224,2.0,44,44,1,617,253,660,253,272,0,228,0.8382,0.0,0.0,616,247,664,255,383,1,1,12,frames/eworld2/H227_xp_d20_h03_pm15.png,frames/eworld2/H227_xp_d20_h03_pm15.depth.npy
eworld2/H227_xp_d20_h03_pp05,H227_xp_d20_h03_pp05,eworld2,H227,T1,square,0.01,0.0564,0,,xp,2.0,0.3,5.0,2.0718,2.0224,2.0,89,45,2,616,582,660,583,324,0,235,0.7253,0.0,0.0,616,577,664,585,412,1,1,12,frames/eworld2/H227_xp_d20_h03_pp05.png,frames/eworld2/H227_xp_d20_h03_pp05.depth.npy
eworld2/H227_xp_d20_h06_pm05,H227_xp_d20_h06_pm05,eworld2,H227,T1,square,0.01,0.0564,0,,xp,2.0,0.6,-5.0,2.136,2.0881,2.0,343,44,8,617,545,660,552,579,0,236,0.4076,0.0,0.0,617,540,663,553,441,1,1,16,frames/eworld2/H227_xp_d20_h06_pm05.png,frames/eworld2/H227_xp_d20_h06_pm05.depth.npy
eworld2/H227_xp_d20_h06_pm15,H227_xp_d20_h06_pm15,eworld2,H227,T1,square,0.01,0.0564,0,,xp,2.0,0.6,-15.0,2.136,2.0881,2.0,336,42,8,618,380,659,387,567,0,231,0.4074,0.0,0.0,617,375,663,388,413,1,1,15,frames/eworld2/H227_xp_d20_h06_pm15.png,frames/eworld2/H227_xp_d20_h06_pm15.depth.npy
eworld2/H227_xp_d20_h06_pp05,H227_xp_d20_h06_pp05,eworld2,H227,T1,square,0.01,0.0564,0,,xp,2.0,0.6,5.0,2.136,2.0881,2.0,0,0,0,-1,-1,-1,-1,184,0,184,1.0,0.0,,616,716,664,731,177,1,1,15,frames/eworld2/H227_xp_d20_h06_pp05.png,frames/eworld2/H227_xp_d20_h06_pp05.depth.npy
eworld2/H227_xp_d20_h10_pm05,H227_xp_d20_h10_pm05,eworld2,H227,T1,square,0.01,0.0564,0,,xp,2.0,1.0,-5.0,2.2809,2.2361,2.0,336,42,8,618,712,659,719,566,0,230,0.4064,0.0,0.0,617,707,663,729,212,1,1,20,frames/eworld2/H227_xp_d20_h10_pm05.png,frames/eworld2/H227_xp_d20_h10_pm05.depth.npy
eworld2/H227_xp_d20_h10_pm15,H227_xp_d20_h10_pm15,eworld2,H227,T1,square,0.01,0.0564,0,,xp,2.0,1.0,-15.0,2.2809,2.2361,2.0,560,40,14,619,537,658,550,792,0,232,0.2929,0.0,0.0,618,531,662,551,436,1,1,20,frames/eworld2/H227_xp_d20_h10_pm15.png,frames/eworld2/H227_xp_d20_h10_pm15.depth.npy
eworld2/H227_xp_d20_h15_pm15,H227_xp_d20_h15_pm15,eworld2,H227,T1,square,0.01,0.0564,0,,xp,2.0,1.5,-15.0,2.5402,2.5,2.0,263,38,7,620,713,657,719,426,0,163,0.3826,0.0,0.0,619,708,661,734,194,1,1,21,frames/eworld2/H227_xp_d20_h15_pm15.png,frames/eworld2/H227_xp_d20_h15_pm15.depth.npy
eworld2/H227_xp_d30_h03_pm05,H227_xp_d30_h03_pm05,eworld2,H227,T1,square,0.01,0.0564,0,,xp,3.0,0.3,-5.0,3.0647,3.015,3.0,0,0,0,-1,-1,-1,-1,90,0,90,1.0,0.0,,624,368,656,372,260,1,1,13,frames/eworld2/H227_xp_d30_h03_pm05.png,frames/eworld2/H227_xp_d30_h03_pm05.depth.npy
eworld2/H227_xp_d30_h03_pm15,H227_xp_d30_h03_pm15,eworld2,H227,T1,square,0.01,0.0564,0,,xp,3.0,0.3,-15.0,3.0647,3.015,3.0,0,0,0,-1,-1,-1,-1,92,0,92,1.0,0.0,,624,204,656,208,272,1,1,12,frames/eworld2/H227_xp_d30_h03_pm15.png,frames/eworld2/H227_xp_d30_h03_pm15.depth.npy
eworld2/H227_xp_d30_h03_pp05,H227_xp_d30_h03_pp05,eworld2,H227,T1,square,0.01,0.0564,0,,xp,3.0,0.3,5.0,3.0647,3.015,3.0,0,0,0,-1,-1,-1,-1,92,0,92,1.0,0.0,,624,533,656,537,272,1,1,12,frames/eworld2/H227_xp_d30_h03_pp05.png,frames/eworld2/H227_xp_d30_h03_pp05.depth.npy
eworld2/H227_xp_d30_h06_pm05,H227_xp_d30_h06_pm05,eworld2,H227,T1,square,0.01,0.0564,0,,xp,3.0,0.6,-5.0,3.1085,3.0594,3.0,87,29,3,625,460,653,462,180,0,93,0.5167,0.0,0.0,624,457,656,463,281,1,1,17,frames/eworld2/H227_xp_d30_h06_pm05.png,frames/eworld2/H227_xp_d30_h06_pm05.depth.npy
eworld2/H227_xp_d30_h06_pm15,H227_xp_d30_h06_pm15,eworld2,H227,T1,square,0.01,0.0564,0,,xp,3.0,0.6,-15.0,3.1085,3.0594,3.0,87,29,3,625,297,653,299,180,0,93,0.5167,0.0,0.0,624,294,656,300,281,1,1,15,frames/eworld2/H227_xp_d30_h06_pm15.png,frames/eworld2/H227_xp_d30_h06_pm15.depth.npy
eworld2/H227_xp_d30_h06_pp05,H227_xp_d30_h06_pp05,eworld2,H227,T1,square,0.01,0.0564,0,,xp,3.0,0.6,5.0,3.1085,3.0594,3.0,60,30,2,624,630,653,631,188,0,128,0.6809,0.0,0.0,624,626,656,633,285,1,1,16,frames/eworld2/H227_xp_d30_h06_pp05.png,frames/eworld2/H227_xp_d30_h06_pp05.depth.npy
eworld2/H227_xp_d30_h10_pm05,H227_xp_d30_h10_pm05,eworld2,H227,T1,square,0.01,0.0564,0,,xp,3.0,1.0,-5.0,3.2097,3.1623,3.0,174,29,6,625,576,653,581,270,0,96,0.3556,0.0,0.0,624,572,656,583,302,1,1,20,frames/eworld2/H227_xp_d30_h10_pm05.png,frames/eworld2/H227_xp_d30_h10_pm05.depth.npy
eworld2/H227_xp_d30_h10_pm15,H227_xp_d30_h10_pm15,eworld2,H227,T1,square,0.01,0.0564,0,,xp,3.0,1.0,-15.0,3.2097,3.1623,3.0,168,29,6,625,410,653,415,262,0,94,0.3588,0.0,0.0,625,406,655,416,294,1,1,19,frames/eworld2/H227_xp_d30_h10_pm15.png,frames/eworld2/H227_xp_d30_h10_pm15.depth.npy
eworld2/H227_xp_d30_h15_pm05,H227_xp_d30_h15_pm05,eworld2,H227,T1,square,0.01,0.0564,0,,xp,3.0,1.5,-5.0,3.3989,3.3541,3.0,56,28,2,625,718,652,719,178,0,122,0.6854,0.0,0.0,625,714,655,729,127,1,1,22,frames/eworld2/H227_xp_d30_h15_pm05.png,frames/eworld2/H227_xp_d30_h15_pm05.depth.npy
eworld2/H227_xp_d30_h15_pm15,H227_xp_d30_h15_pm15,eworld2,H227,T1,square,0.01,0.0564,0,,xp,3.0,1.5,-15.0,3.3989,3.3541,3.0,270,27,10,626,541,652,550,364,0,94,0.2582,0.0,0.0,625,537,655,551,316,1,1,21,frames/eworld2/H227_xp_d30_h15_pm15.png,frames/eworld2/H227_xp_d30_h15_pm15.depth.npy
eworld2/H227_xp_d30_h20_pm15,H227_xp_d30_h20_pm15,eworld2,H227,T1,square,0.01,0.0564,0,,xp,3.0,2.0,-15.0,3.6472,3.6055,3.0,308,27,12,626,663,652,674,427,0,119,0.2787,0.0,0.0,626,659,654,676,334,1,1,24,frames/eworld2/H227_xp_d30_h20_pm15.png,frames/eworld2/H227_xp_d30_h20_pm15.depth.npy
eworld2/H227_xp_d40_h03_pm05,H227_xp_d40_h03_pm05,eworld2,H227,T1,square,0.01,0.0564,0,,xp,4.0,0.3,-5.0,4.0611,4.0112,4.0,0,0,0,-1,-1,-1,-1,22,0,22,1.0,0.0,,628,346,652,349,200,1,1,14,frames/eworld2/H227_xp_d40_h03_pm05.png,frames/eworld2/H227_xp_d40_h03_pm05.depth.npy
eworld2/H227_xp_d40_h03_pm15,H227_xp_d40_h03_pm15,eworld2,H227,T1,square,0.01,0.0564,0,,xp,4.0,0.3,-15.0,4.0611,4.0112,4.0,0,0,0,-1,-1,-1,-1,48,0,48,1.0,0.0,,628,182,652,184,211,1,1,12,frames/eworld2/H227_xp_d40_h03_pm15.png,frames/eworld2/H227_xp_d40_h03_pm15.depth.npy
eworld2/H227_xp_d40_h03_pp05,H227_xp_d40_h03_pp05,eworld2,H227,T1,square,0.01,0.0564,0,,xp,4.0,0.3,5.0,4.0611,4.0112,4.0,0,0,0,-1,-1,-1,-1,24,0,24,1.0,0.0,,628,510,652,513,198,1,1,12,frames/eworld2/H227_xp_d40_h03_pp05.png,frames/eworld2/H227_xp_d40_h03_pp05.depth.npy
eworld2/H227_xp_d40_h06_pm05,H227_xp_d40_h06_pm05,eworld2,H227,T1,square,0.01,0.0564,0,,xp,4.0,0.6,-5.0,4.0942,4.0447,4.0,21,21,1,629,416,649,416,66,0,45,0.6818,0.0,0.0,628,414,652,418,218,1,1,19,frames/eworld2/H227_xp_d40_h06_pm05.png,frames/eworld2/H227_xp_d40_h06_pm05.depth.npy
eworld2/H227_xp_d40_h06_pm15,H227_xp_d40_h06_pm15,eworld2,H227,T1,square,0.01,0.0564,0,,xp,4.0,0.6,-15.0,4.0942,4.0447,4.0,22,22,1,628,253,649,253,68,0,46,0.6765,0.0,0.0,628,251,652,255,216,1,1,19,frames/eworld2/H227_xp_d40_h06_pm15.png,frames/eworld2/H227_xp_d40_h06_pm15.depth.npy
eworld2/H227_xp_d40_h06_pp05,H227_xp_d40_h06_pp05,eworld2,H227,T1,square,0.01,0.0564,0,,xp,4.0,0.6,5.0,4.0942,4.0447,4.0,23,23,1,628,583,650,583,72,0,49,0.6806,0.0,0.0,628,580,652,585,218,1,1,17,frames/eworld2/H227_xp_d40_h06_pp05.png,frames/eworld2/H227_xp_d40_h06_pp05.depth.npy
eworld2/H227_xp_d40_h10_pm05,H227_xp_d40_h10_pm05,eworld2,H227,T1,square,0.01,0.0564,0,,xp,4.0,1.0,-5.0,4.1716,4.1231,4.0,63,21,3,629,505,649,507,110,0,47,0.4273,0.0,0.0,628,502,652,509,218,1,1,21,frames/eworld2/H227_xp_d40_h10_pm05.png,frames/eworld2/H227_xp_d40_h10_pm05.depth.npy
eworld2/H227_xp_d40_h10_pm15,H227_xp_d40_h10_pm15,eworld2,H227,T1,square,0.01,0.0564,0,,xp,4.0,1.0,-15.0,4.1716,4.1231,4.0,63,21,3,629,341,649,343,110,0,47,0.4273,0.0,0.0,628,338,652,345,218,1,1,21,frames/eworld2/H227_xp_d40_h10_pm15.png,frames/eworld2/H227_xp_d40_h10_pm15.depth.npy
eworld2/H227_xp_d40_h10_pp05,H227_xp_d40_h10_pp05,eworld2,H227,T1,square,0.01,0.0564,0,,xp,4.0,1.0,5.0,4.1716,4.1231,4.0,69,23,3,628,678,650,680,144,0,75,0.5208,0.0,0.0,628,675,652,682,239,1,1,19,frames/eworld2/H227_xp_d40_h10_pp05.png,frames/eworld2/H227_xp_d40_h10_pp05.depth.npy
eworld2/H227_xp_d40_h15_pm05,H227_xp_d40_h15_pm05,eworld2,H227,T1,square,0.01,0.0564,0,,xp,4.0,1.5,-5.0,4.3188,4.272,4.0,105,21,5,629,614,649,618,176,0,71,0.4034,0.0,0.0,628,611,652,620,239,1,1,24,frames/eworld2/H227_xp_d40_h15_pm05.png,frames/eworld2/H227_xp_d40_h15_pm05.depth.npy
eworld2/H227_xp_d40_h15_pm15,H227_xp_d40_h15_pm15,eworld2,H227,T1,square,0.01,0.0564,0,,xp,4.0,1.5,-15.0,4.3188,4.272,4.0,126,21,6,629,445,649,450,176,0,50,0.2841,0.0,0.0,629,443,651,451,239,1,1,25,frames/eworld2/H227_xp_d40_h15_pm15.png,frames/eworld2/H227_xp_d40_h15_pm15.depth.npy
eworld2/H227_xp_d40_h20_pm05,H227_xp_d40_h20_pm05,eworld2,H227,T1,square,0.01,0.0564,0,,xp,4.0,2.0,-5.0,4.5169,4.4721,4.0,0,0,0,-1,-1,-1,-1,44,0,44,1.0,0.0,,628,717,652,729,91,1,1,23,frames/eworld2/H227_xp_d40_h20_pm05.png,frames/eworld2/H227_xp_d40_h20_pm05.depth.npy
eworld2/H227_xp_d40_h20_pm15,H227_xp_d40_h20_pm15,eworld2,H227,T1,square,0.01,0.0564,0,,xp,4.0,2.0,-15.0,4.5169,4.4721,4.0,165,21,8,629,543,649,550,211,0,46,0.218,0.0,0.0,629,541,651,551,244,1,1,25,frames/eworld2/H227_xp_d40_h20_pm15.png,frames/eworld2/H227_xp_d40_h20_pm15.depth.npy
eworld2/H227_xp_d60_h03_pm05,H227_xp_d60_h03_pm05,eworld2,H227,T1,square,0.01,0.0564,0,,xp,6.0,0.3,-5.0,6.0574,6.0075,6.0,0,0,0,-1,-1,-1,-1,16,0,16,1.0,0.0,,632,324,648,326,148,1,1,16,frames/eworld2/H227_xp_d60_h03_pm05.png,frames/eworld2/H227_xp_d60_h03_pm05.depth.npy
eworld2/H227_xp_d60_h03_pm15,H227_xp_d60_h03_pm15,eworld2,H227,T1,square,0.01,0.0564,0,,xp,6.0,0.3,-15.0,6.0574,6.0075,6.0,0,0,0,-1,-1,-1,-1,16,0,16,1.0,0.0,,632,158,648,160,148,1,1,15,frames/eworld2/H227_xp_d60_h03_pm15.png,frames/eworld2/H227_xp_d60_h03_pm15.depth.npy
eworld2/H227_xp_d60_h03_pp05,H227_xp_d60_h03_pp05,eworld2,H227,T1,square,0.01,0.0564,0,,xp,6.0,0.3,5.0,6.0574,6.0075,6.0,0,0,0,-1,-1,-1,-1,16,0,16,1.0,0.0,,632,487,648,489,148,1,1,16,frames/eworld2/H227_xp_d60_h03_pp05.png,frames/eworld2/H227_xp_d60_h03_pp05.depth.npy
eworld2/H227_xp_d60_h06_pm05,H227_xp_d60_h06_pm05,eworld2,H227,T1,square,0.01,0.0564,0,,xp,6.0,0.6,-5.0,6.0797,6.0299,6.0,0,0,0,-1,-1,-1,-1,32,0,32,1.0,0.0,,632,370,648,372,155,1,1,20,frames/eworld2/H227_xp_d60_h06_pm05.png,frames/eworld2/H227_xp_d60_h06_pm05.depth.npy
eworld2/H227_xp_d60_h06_pm15,H227_xp_d60_h06_pm15,eworld2,H227,T1,square,0.01,0.0564,0,,xp,6.0,0.6,-15.0,6.0797,6.0299,6.0,0,0,0,-1,-1,-1,-1,32,0,32,1.0,0.0,,632,206,648,208,155,1,1,20,frames/eworld2/H227_xp_d60_h06_pm15.png,frames/eworld2/H227_xp_d60_h06_pm15.depth.npy
eworld2/H227_xp_d60_h06_pp05,H227_xp_d60_h06_pp05,eworld2,H227,T1,square,0.01,0.0564,0,,xp,6.0,0.6,5.0,6.0797,6.0299,6.0,0,0,0,-1,-1,-1,-1,16,0,16,1.0,0.0,,632,534,648,537,148,1,1,20,frames/eworld2/H227_xp_d60_h06_pp05.png,frames/eworld2/H227_xp_d60_h06_pp05.depth.npy
eworld2/H227_xp_d60_h10_pm05,H227_xp_d60_h10_pm05,eworld2,H227,T1,square,0.01,0.0564,0,,xp,6.0,1.0,-5.0,6.1321,6.0828,6.0,15,15,1,632,432,646,432,48,0,33,0.6875,0.0,0.0,632,430,648,433,162,1,1,24,frames/eworld2/H227_xp_d60_h10_pm05.png,frames/eworld2/H227_xp_d60_h10_pm05.depth.npy
eworld2/H227_xp_d60_h10_pm15,H227_xp_d60_h10_pm15,eworld2,H227,T1,square,0.01,0.0564,0,,xp,6.0,1.0,-15.0,6.1321,6.0828,6.0,15,15,1,632,269,646,269,48,0,33,0.6875,0.0,0.0,632,267,648,270,162,1,1,25,frames/eworld2/H227_xp_d60_h10_pm15.png,frames/eworld2/H227_xp_d60_h10_pm15.depth.npy
eworld2/H227_xp_d60_h10_pp05,H227_xp_d60_h10_pp05,eworld2,H227,T1,square,0.01,0.0564,0,,xp,6.0,1.0,5.0,6.1321,6.0828,6.0,15,15,1,632,599,646,599,32,0,17,0.5312,0.0,0.0,632,597,648,601,155,1,1,24,frames/eworld2/H227_xp_d60_h10_pp05.png,frames/eworld2/H227_xp_d60_h10_pp05.depth.npy
eworld2/H227_xp_d60_h15_pm05,H227_xp_d60_h15_pm05,eworld2,H227,T1,square,0.01,0.0564,0,,xp,6.0,1.5,-5.0,6.2332,6.1847,6.0,30,15,2,632,506,646,507,63,0,33,0.5238,0.0,0.0,632,504,648,509,170,1,1,27,frames/eworld2/H227_xp_d60_h15_pm05.png,frames/eworld2/H227_xp_d60_h15_pm05.depth.npy
eworld2/H227_xp_d60_h15_pm15,H227_xp_d60_h15_pm15,eworld2,H227,T1,square,0.01,0.0564,0,,xp,6.0,1.5,-15.0,6.2332,6.1847,6.0,28,14,2,633,342,646,343,43,0,15,0.3488,0.0,0.0,632,340,648,345,161,1,1,28,frames/eworld2/H227_xp_d60_h15_pm15.png,frames/eworld2/H227_xp_d60_h15_pm15.depth.npy
eworld2/H227_xp_d60_h15_pp05,H227_xp_d60_h15_pp05,eworld2,H227,T1,square,0.01,0.0564,0,,xp,6.0,1.5,5.0,6.2332,6.1847,6.0,30,15,2,632,679,646,680,64,0,34,0.5312,0.0,0.0,632,677,648,682,169,1,1,26,frames/eworld2/H227_xp_d60_h15_pp05.png,frames/eworld2/H227_xp_d60_h15_pp05.depth.npy
eworld2/H227_xp_d60_h20_pm05,H227_xp_d60_h20_pm05,eworld2,H227,T1,square,0.01,0.0564,0,,xp,6.0,2.0,-5.0,6.372,6.3245,6.0,44,15,3,632,579,646,581,60,0,16,0.2667,0.0,0.0,632,577,648,583,165,1,1,29,frames/eworld2/H227_xp_d60_h20_pm05.png,frames/eworld2/H227_xp_d60_h20_pm05.depth.npy
eworld2/H227_xp_d60_h20_pm15,H227_xp_d60_h20_pm15,eworld2,H227,T1,square,0.01,0.0564,0,,xp,6.0,2.0,-15.0,6.372,6.3245,6.0,42,14,3,633,413,646,415,70,0,28,0.4,0.0,0.0,632,411,648,416,162,1,1,31,frames/eworld2/H227_xp_d60_h20_pm15.png,frames/eworld2/H227_xp_d60_h20_pm15.depth.npy
eworld2/H30_yp_d03_h03_pm05,H30_yp_d03_h03_pm05,eworld2,H30,M1,circle,0.3397,0.3288,0,,yp,0.3,0.3,-5.0,0.6978,0.4222,0.2971,96788,934,147,173,573,1106,719,106976,0,10188,0.0952,0.0,0.1384,89,564,1184,1150,2366,1,1,24,frames/eworld2/H30_yp_d03_h03_pm05.png,frames/eworld2/H30_yp_d03_h03_pm05.depth.npy
eworld2/H30_yp_d03_h03_pm15,H30_yp_d03_h03_pm15,eworld2,H30,M1,circle,0.3397,0.3288,0,,yp,0.3,0.3,-15.0,0.6978,0.4222,0.2971,257139,1001,313,139,407,1139,719,268816,0,11677,0.0434,0.0,0.5509,128,399,1145,904,3486,1,1,23,frames/eworld2/H30_yp_d03_h03_pm15.png,frames/eworld2/H30_yp_d03_h03_pm15.depth.npy
eworld2/H30_yp_d03_h06_pm15,H30_yp_d03_h06_pm15,eworld2,H30,M1,circle,0.3397,0.3288,0,,yp,0.3,0.6,-15.0,0.87,0.6695,0.2971,22534,492,67,394,653,885,719,26642,0,4108,0.1542,0.0,0.0,194,646,1080,1419,817,1,1,29,frames/eworld2/H30_yp_d03_h06_pm15.png,frames/eworld2/H30_yp_d03_h06_pm15.depth.npy
eworld2/H30_yp_d05_h03_pm05,H30_yp_d05_h03_pm05,eworld2,H30,M1,circle,0.3397,0.3288,0,,yp,0.5,0.3,-5.0,0.8825,0.5806,0.4971,125633,776,196,252,524,1027,719,132923,0,7290,0.0548,0.0,0.4173,249,516,1026,817,2590,1,1,23,frames/eworld2/H30_yp_d05_h03_pm05.png,frames/eworld2/H30_yp_d05_h03_pm05.depth.npy
eworld2/H30_yp_d05_h03_pm15,H30_yp_d05_h03_pm15,eworld2,H30,M1,circle,0.3397,0.3288,0,,yp,0.5,0.3,-15.0,0.8825,0.5806,0.4971,152580,744,267,268,359,1011,625,160310,0,7730,0.0482,0.0,0.5602,263,352,1012,629,6358,1,1,23,frames/eworld2/H30_yp_d05_h03_pm15.png,frames/eworld2/H30_yp_d05_h03_pm15.depth.npy
eworld2/H30_yp_d05_h03_pp05,H30_yp_d05_h03_pp05,eworld2,H30,M1,circle,0.3397,0.3288,0,,yp,0.5,0.3,5.0,0.8825,0.5806,0.4971,5790,394,22,443,698,836,719,9625,0,3835,0.3984,0.0,0.0,217,690,1058,1040,1125,1,1,24,frames/eworld2/H30_yp_d05_h03_pp05.png,frames/eworld2/H30_yp_d05_h03_pp05.depth.npy
eworld2/H30_yp_d05_h06_pm15,H30_yp_d05_h06_pm15,eworld2,H30,M1,circle,0.3397,0.3288,0,,yp,0.5,0.6,-15.0,1.0241,0.7792,0.4971,68799,634,149,323,571,956,719,73594,0,4795,0.0652,0.0,0.35,297,564,979,1021,1492,1,1,30,frames/eworld2/H30_yp_d05_h06_pm15.png,frames/eworld2/H30_yp_d05_h06_pm15.depth.npy
eworld2/H30_yp_d07_h03_pm05,H30_yp_d07_h03_pm05,eworld2,H30,M1,circle,0.3397,0.3288,0,,yp,0.7,0.3,-5.0,1.0728,0.7589,0.6971,83234,610,178,335,488,944,665,88327,0,5093,0.0577,0.0,0.4369,330,482,947,668,5031,1,1,23,frames/eworld2/H30_yp_d07_h03_pm05.png,frames/eworld2/H30_yp_d07_h03_pm05.depth.npy
eworld2/H30_yp_d07_h03_pm15,H30_yp_d07_h03_pm15,eworld2,H30,M1,circle,0.3397,0.3288,0,,yp,0.7,0.3,-15.0,1.0728,0.7589,0.6971,77367,595,169,342,325,936,493,82230,0,4863,0.0591,0.0,0.4283,337,318,939,496,4865,1,1,23,frames/eworld2/H30_yp_d07_h03_pm15.png,frames/eworld2/H30_yp_d07_h03_pm15.depth.npy
eworld2/H30_yp_d07_h03_pp05,H30_yp_d07_h03_pp05,eworld2,H30,M1,circle,0.3397,0.3288,0,,yp,0.7,0.3,5.0,1.0728,0.7589,0.6971,25132,582,60,349,660,930,719,29756,0,4624,0.1554,0.0,0.0,312,652,964,862,1496,1,1,23,frames/eworld2/H30_yp_d07_h03_pp05.png,frames/eworld2/H30_yp_d07_h03_pp05.depth.npy
eworld2/H30_yp_d07_h06_pm05,H30_yp_d07_h06_pm05,eworld2,H30,M1,circle,0.3397,0.3288,0,,yp,0.7,0.6,-5.0,1.192,0.9197,0.6971,8880,358,36,461,684,818,719,11321,0,2441,0.2156,0.0,0.0,338,677,938,1030,900,1,1,30,frames/eworld2/H30_yp_d07_h06_pm05.png,frames/eworld2/H30_yp_d07_h06_pm05.depth.npy
eworld2/H30_yp_d07_h06_pm15,H30_yp_d07_h06_pm15,eworld2,H30,M1,circle,0.3397,0.3288,0,,yp,0.7,0.6,-15.0,1.192,0.9197,0.6971,96487,552,210,364,510,915,719,100370,0,3883,0.0387,0.0,0.5954,359,504,918,809,2093,1,1,30,frames/eworld2/H30_yp_d07_h06_pm15.png,frames/eworld2/H30_yp_d07_h06_pm15.depth.npy
eworld2/H30_yp_d10_h03_pm05,H30_yp_d10_h03_pm05,eworld2,H30,M1,circle,0.3397,0.3288,0,,yp,1.0,0.3,-5.0,1.3634,1.0412,0.9971,36264,465,102,408,451,872,552,39178,0,2914,0.0744,0.0,0.2459,403,445,874,554,3687,1,1,22,frames/eworld2/H30_yp_d10_h03_pm05.png,frames/eworld2/H30_yp_d10_h03_pm05.depth.npy
eworld2/H30_yp_d10_h03_pm15,H30_yp_d10_h03_pm15,eworld2,H30,M1,circle,0.3397,0.3288,0,,yp,1.0,0.3,-15.0,1.3634,1.0412,0.9971,35070,460,100,410,288,869,387,37952,0,2882,0.0759,0.0,0.2415,406,282,872,389,3396,1,1,23,frames/eworld2/H30_yp_d10_h03_pm15.png,frames/eworld2/H30_yp_d10_h03_pm15.depth.npy
eworld2/H30_yp_d10_h03_pp05,H30_yp_d10_h03_pp05,eworld2,H30,M1,circle,0.3397,0.3288,0,,yp,1.0,0.3,5.0,1.3634,1.0412,0.9971,39436,486,100,397,620,882,719,42673,0,3237,0.0759,0.0,0.217,393,614,884,732,2346,1,1,22,frames/eworld2/H30_yp_d10_h03_pp05.png,frames/eworld2/H30_yp_d10_h03_pp05.depth.npy
eworld2/H30_yp_d10_h06_pm05,H30_yp_d10_h06_pm05,eworld2,H30,M1,circle,0.3397,0.3288,0,,yp,1.0,0.6,-5.0,1.4591,1.1637,0.9971,38744,458,107,411,613,868,719,41365,0,2621,0.0634,0.0,0.3012,408,607,869,815,1364,1,1,31,frames/eworld2/H30_yp_d10_h06_pm05.png,frames/eworld2/H30_yp_d10_h06_pm05.depth.npy
eworld2/H30_yp_d10_h06_pm15,H30_yp_d10_h06_pm15,eworld2,H30,M1,circle,0.3397,0.3288,0,,yp,1.0,0.6,-15.0,1.4591,1.1637,0.9971,61039,436,182,422,444,857,625,63740,0,2701,0.0424,0.0,0.5872,419,439,858,628,3888,1,1,30,frames/eworld2/H30_yp_d10_h06_pm15.png,frames/eworld2/H30_yp_d10_h06_pm15.depth.npy
eworld2/H30_yp_d10_h10_pm15,H30_yp_d10_h10_pm15,eworld2,H30,M1,circle,0.3397,0.3288,0,,yp,1.0,1.0,-15.0,1.664,1.4122,0.9971,23905,378,87,451,633,828,719,25717,0,1812,0.0705,0.0,0.2813,435,628,843,900,1041,1,1,34,frames/eworld2/H30_yp_d10_h10_pm15.png,frames/eworld2/H30_yp_d10_h10_pm15.depth.npy
eworld2/H30_yp_d15_h03_pm05,H30_yp_d15_h03_pm05,eworld2,H30,M1,circle,0.3397,0.3288,0,,yp,1.5,0.3,-5.0,1.8544,1.5269,1.4971,13084,334,51,473,412,806,462,14688,0,1604,0.1092,0.0,0.0138,470,407,808,464,2472,1,1,20,frames/eworld2/H30_yp_d15_h03_pm05.png,frames/eworld2/H30_yp_d15_h03_pm05.depth.npy
eworld2/H30_yp_d15_h03_pm15,H30_yp_d15_h03_pm15,eworld2,H30,M1,circle,0.3397,0.3288,0,,yp,1.5,0.3,-15.0,1.8544,1.5269,1.4971,13121,334,52,473,248,806,299,14715,0,1594,0.1083,0.0,0.0138,470,244,808,301,2463,1,1,23,frames/eworld2/H30_yp_d15_h03_pm15.png,frames/eworld2/H30_yp_d15_h03_pm15.depth.npy
eworld2/H30_yp_d15_h03_pp05,H30_yp_d15_h03_pp05,eworld2,H30,M1,circle,0.3397,0.3288,0,,yp,1.5,0.3,5.0,1.8544,1.5269,1.4971,14330,344,54,468,578,811,631,16039,0,1709,0.1066,0.0,0.0154,465,573,813,633,2497,1,1,20,frames/eworld2/H30_yp_d15_h03_pp05.png,frames/eworld2/H30_yp_d15_h03_pp05.depth.npy
eworld2/H30_yp_d15_h06_pm05,H30_yp_d15_h06_pm05,eworld2,H30,M1,circle,0.3397,0.3288,0,,yp,1.5,0.6,-5.0,1.9258,1.6129,1.4971,26502,330,104,475,537,804,640,28138,0,1636,0.0581,0.0,0.4219,472,533,806,642,2489,1,1,30,frames/eworld2/H30_yp_d15_h06_pm05.png,frames/eworld2/H30_yp_d15_h06_pm05.depth.npy
eworld2/H30_yp_d15_h06_pm15,H30_yp_d15_h06_pm15,eworld2,H30,M1,circle,0.3397,0.3288,0,,yp,1.5,0.6,-15.0,1.9258,1.6129,1.4971,24425,322,98,479,373,800,470,25915,0,1490,0.0575,0.0,0.4164,477,368,801,472,2478,1,1,31,frames/eworld2/H30_yp_d15_h06_pm15.png,frames/eworld2/H30_yp_d15_h06_pm15.depth.npy
eworld2/H30_yp_d15_h06_pp05,H30_yp_d15_h06_pp05,eworld2,H30,M1,circle,0.3397,0.3288,0,,yp,1.5,0.6,5.0,1.9258,1.6129,1.4971,716,154,7,563,713,716,719,1558,0,842,0.5404,0.0,0.0,462,708,816,832,556,1,1,31,frames/eworld2/H30_yp_d15_h06_pp05.png,frames/eworld2/H30_yp_d15_h06_pp05.depth.npy
eworld2/H30_yp_d15_h10_pm05,H30_yp_d15_h10_pm05,eworld2,H30,M1,circle,0.3397,0.3288,0,,yp,1.5,1.0,-5.0,2.0854,1.8004,1.4971,2777,204,20,538,700,741,719,3658,0,881,0.2408,0.0,0.0,476,696,802,871,536,1,1,34,frames/eworld2/H30_yp_d15_h10_pm05.png,frames/eworld2/H30_yp_d15_h10_pm05.depth.npy
eworld2/H30_yp_d15_h10_pm15,H30_yp_d15_h10_pm15,eworld2,H30,M1,circle,0.3397,0.3288,0,,yp,1.5,1.0,-15.0,2.0854,1.8004,1.4971,35372,306,150,487,525,792,674,36768,0,1396,0.038,0.0,0.6357,486,522,793,676,2607,1,1,34,frames/eworld2/H30_yp_d15_h10_pm15.png,frames/eworld2/H30_yp_d15_h10_pm15.depth.npy
eworld2/H30_yp_d15_h15_pm15,H30_yp_d15_h15_pm15,eworld2,H30,M1,circle,0.3397,0.3288,0,,yp,1.5,1.5,-15.0,2.3662,2.1193,1.4971,2601,176,22,552,698,727,719,3194,0,593,0.1857,0.0,0.0,495,695,783,899,516,1,1,48,frames/eworld2/H30_yp_d15_h15_pm15.png,frames/eworld2/H30_yp_d15_h15_pm15.depth.npy
eworld2/H30_yp_d20_h03_pm05,H30_yp_d20_h03_pm05,eworld2,H30,M1,circle,0.3397,0.3288,0,,yp,2.0,0.3,-5.0,2.3492,2.0195,1.9971,6062,260,30,510,387,769,416,7067,0,1005,0.1422,0.0,0.0,507,383,771,418,1957,1,1,21,frames/eworld2/H30_yp_d20_h03_pm05.png,frames/eworld2/H30_yp_d20_h03_pm05.depth.npy
eworld2/H30_yp_d20_h03_pm15,H30_yp_d20_h03_pm15,eworld2,H30,M1,circle,0.3397,0.3288,0,,yp,2.0,0.3,-15.0,2.3492,2.0195,1.9971,6218,262,31,509,223,770,253,7236,0,1018,0.1407,0.0,0.0,506,219,772,255,1908,1,1,22,frames/eworld2/H30_yp_d20_h03_pm15.png,frames/eworld2/H30_yp_d20_h03_pm15.depth.npy
eworld2/H30_yp_d20_h03_pp05,H30_yp_d20_h03_pp05,eworld2,H30,M1,circle,0.3397,0.3288,0,,yp,2.0,0.3,5.0,2.3492,2.0195,1.9971,6519,266,32,507,552,772,583,7566,0,1047,0.1384,0.0,0.0,504,548,774,585,1891,1,1,21,frames/eworld2/H30_yp_d20_h03_pp05.png,frames/eworld2/H30_yp_d20_h03_pp05.depth.npy
eworld2/H30_yp_d20_h06_pm05,H30_yp_d20_h06_pm05,eworld2,H30,M1,circle,0.3397,0.3288,0,,yp,2.0,0.6,-5.0,2.406,2.0853,1.9971,12619,260,63,510,490,769,552,13629,0,1010,0.0741,0.0,0.2584,509,486,770,554,1946,1,1,29,frames/eworld2/H30_yp_d20_h06_pm05.png,frames/eworld2/H30_yp_d20_h06_pm05.depth.npy
eworld2/H30_yp_d20_h06_pm15,H30_yp_d20_h06_pm15,eworld2,H30,M1,circle,0.3397,0.3288,0,,yp,2.0,0.6,-15.0,2.406,2.0853,1.9971,12072,256,62,512,326,767,387,13014,0,942,0.0724,0.0,0.2542,511,322,768,388,1971,1,1,29,frames/eworld2/H30_yp_d20_h06_pm15.png,frames/eworld2/H30_yp_d20_h06_pm15.depth.npy
eworld2/H30_yp_d20_h06_pp05,H30_yp_d20_h06_pp05,eworld2,H30,M1,circle,0.3397,0.3288,0,,yp,2.0,0.6,5.0,2.406,2.0853,1.9971,13193,272,59,504,661,775,719,14250,0,1057,0.0742,0.0,0.1862,503,657,776,731,1167,1,1,29,frames/eworld2/H30_yp_d20_h06_pp05.png,frames/eworld2/H30_yp_d20_h06_pp05.depth.npy
eworld2/H30_yp_d20_h10_pm05,H30_yp_d20_h10_pm05,eworld2,H30,M1,circle,0.3397,0.3288,0,,yp,2.0,1.0,-5.0,2.5355,2.2335,1.9971,20041,256,97,512,623,767,719,21004,0,963,0.0458,0.0,0.5202,511,620,768,729,1450,1,1,34,frames/eworld2/H30_yp_d20_h10_pm05.png,frames/eworld2/H30_yp_d20_h10_pm05.depth.npy
eworld2/H30_yp_d20_h10_pm15,H30_yp_d20_h10_pm15,eworld2,H30,M1,circle,0.3397,0.3288,0,,yp,2.0,1.0,-15.0,2.5355,2.2335,1.9971,18181,246,97,517,454,762,550,19042,0,861,0.0452,0.0,0.5294,516,451,762,552,2053,1,1,35,frames/eworld2/H30_yp_d20_h10_pm15.png,frames/eworld2/H30_yp_d20_h10_pm15.depth.npy
eworld2/H30_yp_d20_h15_pm15,H30_yp_d20_h15_pm15,eworld2,H30,M1,circle,0.3397,0.3288,0,,yp,2.0,1.5,-15.0,2.7711,2.4977,1.9971,22528,233,118,524,602,756,719,23296,0,768,0.033,0.0,0.6626,522,599,756,735,1315,1,1,47,frames/eworld2/H30_yp_d20_h15_pm15.png,frames/eworld2/H30_yp_d20_h15_pm15.depth.npy
eworld2/H30_yp_d30_h03_pm05,H30_yp_d30_h03_pm05,eworld2,H30,M1,circle,0.3397,0.3288,0,,yp,3.0,0.3,-5.0,3.3435,3.0121,2.9971,1905,180,15,550,357,729,371,2400,0,495,0.2063,0.0,0.0,547,354,732,372,1331,1,1,19,frames/eworld2/H30_yp_d30_h03_pm05.png,frames/eworld2/H30_yp_d30_h03_pm05.depth.npy
eworld2/H30_yp_d30_h03_pm15,H30_yp_d30_h03_pm15,eworld2,H30,M1,circle,0.3397,0.3288,0,,yp,3.0,0.3,-15.0,3.3435,3.0121,2.9971,1999,182,15,550,193,731,207,2487,0,488,0.1962,0.0,0.0,546,190,733,208,1331,1,1,21,frames/eworld2/H30_yp_d30_h03_pm15.png,frames/eworld2/H30_yp_d30_h03_pm15.depth.npy
eworld2/H30_yp_d30_h03_pp05,H30_yp_d30_h03_pp05,eworld2,H30,M1,circle,0.3397,0.3288,0,,yp,3.0,0.3,5.0,3.3435,3.0121,2.9971,2002,182,14,549,522,730,535,2530,0,528,0.2087,0.0,0.0,546,518,733,537,1333,1,1,20,frames/eworld2/H30_yp_d30_h03_pp05.png,frames/eworld2/H30_yp_d30_h03_pp05.depth.npy
eworld2/H30_yp_d30_h06_pm05,H30_yp_d30_h06_pm05,eworld2,H30,M1,circle,0.3397,0.3288,0,,yp,3.0,0.6,-5.0,3.3836,3.0566,2.9971,4202,182,30,549,433,730,462,4697,0,495,0.1054,0.0,0.0186,548,430,731,464,1323,1,1,29,frames/eworld2/H30_yp_d30_h06_pm05.png,frames/eworld2/H30_yp_d30_h06_pm05.depth.npy
eworld2/H30_yp_d30_h06_pm15,H30_yp_d30_h06_pm15,eworld2,H30,M1,circle,0.3397,0.3288,0,,yp,3.0,0.6,-15.0,3.3836,3.0566,2.9971,4193,182,30,549,270,730,299,4695,0,502,0.1069,0.0,0.0184,548,267,731,301,1316,1,1,31,frames/eworld2/H30_yp_d30_h06_pm15.png,frames/eworld2/H30_yp_d30_h06_pm15.depth.npy
eworld2/H30_yp_d30_h06_pp05,H30_yp_d30_h06_pp05,eworld2,H30,M1,circle,0.3397,0.3288,0,,yp,3.0,0.6,5.0,3.3836,3.0566,2.9971,4621,188,32,546,600,733,631,5134,0,513,0.0999,0.0,0.0123,545,597,734,633,1465,1,1,29,frames/eworld2/H30_yp_d30_h06_pp05.png,frames/eworld2/H30_yp_d30_h06_pp05.depth.npy
eworld2/H30_yp_d30_h10_pm05,H30_yp_d30_h10_pm05,eworld2,H30,M1,circle,0.3397,0.3288,0,,yp,3.0,1.0,-5.0,3.4769,3.1595,2.9971,7085,180,51,550,531,729,581,7602,0,517,0.068,0.0,0.3291,549,529,730,583,1328,1,1,36,frames/eworld2/H30_yp_d30_h10_pm05.png,frames/eworld2/H30_yp_d30_h10_pm05.depth.npy
eworld2/H30_yp_d30_h10_pm15,H30_yp_d30_h10_pm15,eworld2,H30,M1,circle,0.3397,0.3288,0,,yp,3.0,1.0,-15.0,3.4769,3.1595,2.9971,6638,176,49,552,367,727,415,7086,0,448,0.0632,0.0,0.3233,550,364,728,417,1364,1,1,35,frames/eworld2/H30_yp_d30_h10_pm15.png,frames/eworld2/H30_yp_d30_h10_pm15.depth.npy
eworld2/H30_yp_d30_h10_pp05,H30_yp_d30_h10_pp05,eworld2,H30,M1,circle,0.3397,0.3288,0,,yp,3.0,1.0,5.0,3.4769,3.1595,2.9971,1455,156,13,562,707,717,719,1907,0,452,0.237,0.0,0.0,544,704,735,764,467,1,1,36,frames/eworld2/H30_yp_d30_h10_pp05.png,frames/eworld2/H30_yp_d30_h10_pp05.depth.npy
eworld2/H30_yp_d30_h15_pm05,H30_yp_d30_h15_pm05,eworld2,H30,M1,circle,0.3397,0.3288,0,,yp,3.0,1.5,-5.0,3.6522,3.3515,2.9971,9887,178,68,551,652,728,719,10375,0,488,0.047,0.0,0.5142,550,650,729,729,984,1,1,46,frames/eworld2/H30_yp_d30_h15_pm05.png,frames/eworld2/H30_yp_d30_h15_pm05.depth.npy
eworld2/H30_yp_d30_h15_pm15,H30_yp_d30_h15_pm15,eworld2,H30,M1,circle,0.3397,0.3288,0,,yp,3.0,1.5,-15.0,3.6522,3.3515,2.9971,9124,170,70,555,481,724,550,9564,0,440,0.046,0.0,0.5355,554,479,725,551,1418,1,1,48,frames/eworld2/H30_yp_d30_h15_pm15.png,frames/eworld2/H30_yp_d30_h15_pm15.depth.npy
eworld2/H30_yp_d30_h20_pm15,H30_yp_d30_h20_pm15,eworld2,H30,M1,circle,0.3397,0.3288,0,,yp,3.0,2.0,-15.0,3.8844,3.6031,2.9971,11031,164,87,558,588,721,674,11414,0,383,0.0336,0.0,0.6484,557,586,722,676,1380,1,1,53,frames/eworld2/H30_yp_d30_h20_pm15.png,frames/eworld2/H30_yp_d30_h20_pm15.depth.npy
eworld2/H30_yp_d40_h03_pm05,H30_yp_d40_h03_pm05,eworld2,H30,M1,circle,0.3397,0.3288,0,,yp,4.0,0.3,-5.0,4.3404,4.0083,3.9971,775,137,7,572,341,708,347,1062,0,287,0.2702,0.0,0.0,568,338,711,349,1028,1,1,18,frames/eworld2/H30_yp_d40_h03_pm05.png,frames/eworld2/H30_yp_d40_h03_pm05.depth.npy
eworld2/H30_yp_d40_h03_pm15,H30_yp_d40_h03_pm15,eworld2,H30,M1,circle,0.3397,0.3288,0,,yp,4.0,0.3,-15.0,4.3404,4.0083,3.9971,852,138,8,571,176,708,183,1161,0,309,0.2661,0.0,0.0,567,173,712,184,1047,1,1,21,frames/eworld2/H30_yp_d40_h03_pm15.png,frames/eworld2/H30_yp_d40_h03_pm15.depth.npy
eworld2/H30_yp_d40_h03_pp05,H30_yp_d40_h03_pp05,eworld2,H30,M1,circle,0.3397,0.3288,0,,yp,4.0,0.3,5.0,4.3404,4.0083,3.9971,834,138,8,571,504,708,511,1127,0,293,0.26,0.0,0.0,567,502,712,513,1064,1,1,18,frames/eworld2/H30_yp_d40_h03_pp05.png,frames/eworld2/H30_yp_d40_h03_pp05.depth.npy
eworld2/H30_yp_d40_h06_pm05,H30_yp_d40_h06_pm05,eworld2,H30,M1,circle,0.3397,0.3288,0,,yp,4.0,0.6,-5.0,4.3714,4.0419,3.9971,1850,139,17,571,400,709,416,2162,0,312,0.1443,0.0,0.0,569,398,711,418,1025,1,1,29,frames/eworld2/H30_yp_d40_h06_pm05.png,frames/eworld2/H30_yp_d40_h06_pm05.depth.npy
eworld2/H30_yp_d40_h06_pm15,H30_yp_d40_h06_pm15,eworld2,H30,M1,circle,0.3397,0.3288,0,,yp,4.0,0.6,-15.0,4.3714,4.0419,3.9971,1867,140,17,570,237,709,253,2169,0,302,0.1392,0.0,0.0,568,234,711,255,1066,1,1,31,frames/eworld2/H30_yp_d40_h06_pm15.png,frames/eworld2/H30_yp_d40_h06_pm15.depth.npy
eworld2/H30_yp_d40_h06_pp05,H30_yp_d40_h06_pp05,eworld2,H30,M1,circle,0.3397,0.3288,0,,yp,4.0,0.6,5.0,4.3714,4.0419,3.9971,1988,142,18,569,566,710,583,2289,0,301,0.1315,0.0,0.0,567,563,712,585,1110,1,1,30,frames/eworld2/H30_yp_d40_h06_pp05.png,frames/eworld2/H30_yp_d40_h06_pp05.depth.npy
eworld2/H30_yp_d40_h10_pm05,H30_yp_d40_h10_pm05,eworld2,H30,M1,circle,0.3397,0.3288,0,,yp,4.0,1.0,-5.0,4.444,4.1203,3.9971,3207,139,30,571,478,709,507,3493,0,286,0.0819,0.0,0.1481,569,476,710,509,1080,1,1,36,frames/eworld2/H30_yp_d40_h10_pm05.png,frames/eworld2/H30_yp_d40_h10_pm05.depth.npy
eworld2/H30_yp_d40_h10_pm15,H30_yp_d40_h10_pm15,eworld2,H30,M1,circle,0.3397,0.3288,0,,yp,4.0,1.0,-15.0,4.444,4.1203,3.9971,3103,137,29,572,315,708,343,3391,0,288,0.0849,0.0,0.1405,570,313,709,345,1033,1,1,37,frames/eworld2/H30_yp_d40_h10_pm15.png,frames/eworld2/H30_yp_d40_h10_pm15.depth.npy
eworld2/H30_yp_d40_h10_pp05,H30_yp_d40_h10_pp05,eworld2,H30,M1,circle,0.3397,0.3288,0,,yp,4.0,1.0,5.0,4.444,4.1203,3.9971,3609,144,32,568,649,711,680,3924,0,315,0.0803,0.0,0.1452,566,646,713,682,1148,1,1,36,frames/eworld2/H30_yp_d40_h10_pp05.png,frames/eworld2/H30_yp_d40_h10_pp05.depth.npy
eworld2/H30_yp_d40_h15_pm05,H30_yp_d40_h15_pm05,eworld2,H30,M1,circle,0.3397,0.3288,0,,yp,4.0,1.5,-5.0,4.5824,4.2693,3.9971,4792,138,45,571,574,708,618,5092,0,300,0.0589,0.0,0.3996,570,572,709,620,1112,1,1,42,frames/eworld2/H30_yp_d40_h15_pm05.png,frames/eworld2/H30_yp_d40_h15_pm05.depth.npy
eworld2/H30_yp_d40_h15_pm15,H30_yp_d40_h15_pm15,eworld2,H30,M1,circle,0.3397,0.3288,0,,yp,4.0,1.5,-15.0,4.5824,4.2693,3.9971,4397,134,43,573,408,706,450,4660,0,263,0.0564,0.0,0.393,572,406,707,451,1070,1,1,45,frames/eworld2/H30_yp_d40_h15_pm15.png,frames/eworld2/H30_yp_d40_h15_pm15.depth.npy
eworld2/H30_yp_d40_h20_pm05,H30_yp_d40_h20_pm05,eworld2,H30,M1,circle,0.3397,0.3288,0,,yp,4.0,2.0,-5.0,4.7696,4.4695,3.9971,5799,136,51,572,669,707,719,6079,0,280,0.0461,0.0,0.5056,571,666,709,729,673,1,1,53,frames/eworld2/H30_yp_d40_h20_pm05.png,frames/eworld2/H30_yp_d40_h20_pm05.depth.npy
eworld2/H30_yp_d40_h20_pm15,H30_yp_d40_h20_pm15,eworld2,H30,M1,circle,0.3397,0.3288,0,,yp,4.0,2.0,-15.0,4.7696,4.4695,3.9971,5457,130,55,575,496,704,550,5708,0,251,0.044,0.0,0.5419,574,494,706,551,1107,1,1,54,frames/eworld2/H30_yp_d40_h20_pm15.png,frames/eworld2/H30_yp_d40_h20_pm15.depth.npy
eworld2/H30_yp_d60_h03_pm05,H30_yp_d60_h03_pm05,eworld2,H30,M1,circle,0.3397,0.3288,0,,yp,6.0,0.3,-5.0,6.3371,6.0046,5.9971,220,90,3,595,322,684,324,340,0,120,0.3529,0.0,0.0,591,320,689,326,709,1,1,21,frames/eworld2/H30_yp_d60_h03_pm05.png,frames/eworld2/H30_yp_d60_h03_pm05.depth.npy
eworld2/H30_yp_d60_h03_pm15,H30_yp_d60_h03_pm15,eworld2,H30,M1,circle,0.3397,0.3288,0,,yp,6.0,0.3,-15.0,6.3371,6.0046,5.9971,240,86,4,597,156,682,159,387,0,147,0.3798,0.0,0.0,590,154,690,160,701,1,1,19,frames/eworld2/H30_yp_d60_h03_pm15.png,frames/eworld2/H30_yp_d60_h03_pm15.depth.npy
eworld2/H30_yp_d60_h03_pp05,H30_yp_d60_h03_pp05,eworld2,H30,M1,circle,0.3397,0.3288,0,,yp,6.0,0.3,5.0,6.3371,6.0046,5.9971,226,84,4,598,485,681,488,361,0,135,0.374,0.0,0.0,590,483,689,489,716,1,1,20,frames/eworld2/H30_yp_d60_h03_pp05.png,frames/eworld2/H30_yp_d60_h03_pp05.depth.npy
eworld2/H30_yp_d60_h06_pm05,H30_yp_d60_h06_pm05,eworld2,H30,M1,circle,0.3397,0.3288,0,,yp,6.0,0.6,-5.0,6.3584,6.027,5.9971,544,94,8,593,364,686,371,684,0,140,0.2047,0.0,0.0,591,362,689,372,693,1,1,31,frames/eworld2/H30_yp_d60_h06_pm05.png,frames/eworld2/H30_yp_d60_h06_pm05.depth.npy
eworld2/H30_yp_d60_h06_pm15,H30_yp_d60_h06_pm15,eworld2,H30,M1,circle,0.3397,0.3288,0,,yp,6.0,0.6,-15.0,6.3584,6.027,5.9971,578,96,8,592,200,687,207,731,0,153,0.2093,0.0,0.0,590,198,689,208,724,1,1,34,frames/eworld2/H30_yp_d60_h06_pm15.png,frames/eworld2/H30_yp_d60_h06_pm15.depth.npy
eworld2/H30_yp_d60_h06_pp05,H30_yp_d60_h06_pp05,eworld2,H30,M1,circle,0.3397,0.3288,0,,yp,6.0,0.6,5.0,6.3584,6.027,5.9971,589,95,8,593,528,687,535,728,0,139,0.1909,0.0,0.0,590,526,689,537,708,1,1,31,frames/eworld2/H30_yp_d60_h06_pp05.png,frames/eworld2/H30_yp_d60_h06_pp05.depth.npy
eworld2/H30_yp_d60_h10_pm05,H30_yp_d60_h10_pm05,eworld2,H30,M1,circle,0.3397,0.3288,0,,yp,6.0,1.0,-5.0,6.4085,6.0799,5.9971,990,94,14,593,419,686,432,1113,0,123,0.1105,0.0,0.0,591,417,688,433,719,1,1,39,frames/eworld2/H30_yp_d60_h10_pm05.png,frames/eworld2/H30_yp_d60_h10_pm05.depth.npy
eworld2/H30_yp_d60_h10_pm15,H30_yp_d60_h10_pm15,eworld2,H30,M1,circle,0.3397,0.3288,0,,yp,6.0,1.0,-15.0,6.4085,6.0799,5.9971,1016,96,14,592,256,687,269,1149,0,133,0.1158,0.0,0.0,591,254,688,270,717,1,1,38,frames/eworld2/H30_yp_d60_h10_pm15.png,frames/eworld2/H30_yp_d60_h10_pm15.depth.npy
eworld2/H30_yp_d60_h10_pp05,H30_yp_d60_h10_pp05,eworld2,H30,M1,circle,0.3397,0.3288,0,,yp,6.0,1.0,5.0,6.4085,6.0799,5.9971,1076,98,14,591,586,688,599,1232,0,156,0.1266,0.0,0.0,590,584,690,601,747,1,1,36,frames/eworld2/H30_yp_d60_h10_pp05.png,frames/eworld2/H30_yp_d60_h10_pp05.depth.npy
eworld2/H30_yp_d60_h15_pm05,H30_yp_d60_h15_pm05,eworld2,H30,M1,circle,0.3397,0.3288,0,,yp,6.0,1.5,-5.0,6.5053,6.1818,5.9971,1526,94,21,593,487,686,507,1665,0,139,0.0835,0.0,0.1442,591,485,688,509,759,1,1,47,frames/eworld2/H30_yp_d60_h15_pm05.png,frames/eworld2/H30_yp_d60_h15_pm05.depth.npy
eworld2/H30_yp_d60_h15_pm15,H30_yp_d60_h15_pm15,eworld2,H30,M1,circle,0.3397,0.3288,0,,yp,6.0,1.5,-15.0,6.5053,6.1818,5.9971,1478,94,20,593,324,686,343,1602,0,124,0.0774,0.0,0.1468,592,322,688,345,737,1,1,48,frames/eworld2/H30_yp_d60_h15_pm15.png,frames/eworld2/H30_yp_d60_h15_pm15.depth.npy
eworld2/H30_yp_d60_h15_pp05,H30_yp_d60_h15_pp05,eworld2,H30,M1,circle,0.3397,0.3288,0,,yp,6.0,1.5,5.0,6.5053,6.1818,5.9971,1722,98,22,591,659,688,680,1897,0,175,0.0923,0.0,0.1492,589,657,690,682,753,1,1,44,frames/eworld2/H30_yp_d60_h15_pp05.png,frames/eworld2/H30_yp_d60_h15_pp05.depth.npy
eworld2/H30_yp_d60_h20_pm05,H30_yp_d60_h20_pm05,eworld2,H30,M1,circle,0.3397,0.3288,0,,yp,6.0,2.0,-5.0,6.6384,6.3218,5.9971,2032,94,28,593,554,686,581,2184,0,152,0.0696,0.0,0.3312,592,553,688,583,756,1,1,51,frames/eworld2/H30_yp_d60_h20_pm05.png,frames/eworld2/H30_yp_d60_h20_pm05.depth.npy
eworld2/H30_yp_d60_h20_pm15,H30_yp_d60_h20_pm15,eworld2,H30,M1,circle,0.3397,0.3288,0,,yp,6.0,2.0,-15.0,6.6384,6.3218,5.9971,1908,92,27,594,389,685,415,2034,0,126,0.0619,0.0,0.3318,593,387,687,417,745,1,1,54,frames/eworld2/H30_yp_d60_h20_pm15.png,frames/eworld2/H30_yp_d60_h20_pm15.depth.npy
eworld2/H30_yp_d80_h03_pm05,H30_yp_d80_h03_pm05,eworld2,H30,M1,circle,0.3397,0.3288,0,,yp,8.0,0.3,-5.0,8.3354,8.0027,7.9971,83,56,2,612,312,667,313,159,0,76,0.478,0.0,0.0,602,310,677,314,548,1,1,23,frames/eworld2/H30_yp_d80_h03_pm05.png,frames/eworld2/H30_yp_d80_h03_pm05.depth.npy
eworld2/H30_yp_d80_h03_pm15,H30_yp_d80_h03_pm15,eworld2,H30,M1,circle,0.3397,0.3288,0,,yp,8.0,0.3,-15.0,8.3354,8.0027,7.9971,80,62,2,609,146,670,147,159,0,79,0.4969,0.0,0.0,601,144,678,148,572,1,1,23,frames/eworld2/H30_yp_d80_h03_pm15.png,frames/eworld2/H30_yp_d80_h03_pm15.depth.npy
eworld2/H30_yp_d80_h03_pp05,H30_yp_d80_h03_pp05,eworld2,H30,M1,circle,0.3397,0.3288,0,,yp,8.0,0.3,5.0,8.3354,8.0027,7.9971,92,48,2,616,475,663,476,170,0,78,0.4588,0.0,0.0,602,474,677,477,553,1,1,23,frames/eworld2/H30_yp_d80_h03_pp05.png,frames/eworld2/H30_yp_d80_h03_pp05.depth.npy
eworld2/H30_yp_d80_h06_pm05,H30_yp_d80_h06_pm05,eworld2,H30,M1,circle,0.3397,0.3288,0,,yp,8.0,0.6,-5.0,8.3516,8.0196,7.9971,220,70,4,605,344,674,347,301,0,81,0.2691,0.0,0.0,602,343,677,349,561,1,1,30,frames/eworld2/H30_yp_d80_h06_pm05.png,frames/eworld2/H30_yp_d80_h06_pm05.depth.npy
eworld2/H30_yp_d80_h06_pm15,H30_yp_d80_h06_pm15,eworld2,H30,M1,circle,0.3397,0.3288,0,,yp,8.0,0.6,-15.0,8.3516,8.0196,7.9971,234,72,5,604,179,675,183,334,0,100,0.2994,0.0,0.0,602,178,678,184,544,1,1,30,frames/eworld2/H30_yp_d80_h06_pm15.png,frames/eworld2/H30_yp_d80_h06_pm15.depth.npy
eworld2/H30_yp_d80_h06_pp05,H30_yp_d80_h06_pp05,eworld2,H30,M1,circle,0.3397,0.3288,0,,yp,8.0,0.6,5.0,8.3516,8.0196,7.9971,232,70,4,605,508,674,511,313,0,81,0.2588,0.0,0.0,602,506,678,513,539,1,1,29,frames/eworld2/H30_yp_d80_h06_pp05.png,frames/eworld2/H30_yp_d80_h06_pp05.depth.npy
eworld2/H30_yp_d80_h10_pm05,H30_yp_d80_h10_pm05,eworld2,H30,M1,circle,0.3397,0.3288,0,,yp,8.0,1.0,-5.0,8.3898,8.0594,7.9971,415,72,8,604,387,675,394,495,0,80,0.1616,0.0,0.0,603,385,677,395,546,1,1,38,frames/eworld2/H30_yp_d80_h10_pm05.png,frames/eworld2/H30_yp_d80_h10_pm05.depth.npy
eworld2/H30_yp_d80_h10_pm15,H30_yp_d80_h10_pm15,eworld2,H30,M1,circle,0.3397,0.3288,0,,yp,8.0,1.0,-15.0,8.3898,8.0594,7.9971,436,72,8,604,223,675,230,522,0,86,0.1648,0.0,0.0,602,222,677,232,569,1,1,42,frames/eworld2/H30_yp_d80_h10_pm15.png,frames/eworld2/H30_yp_d80_h10_pm15.depth.npy
eworld2/H30_yp_d80_h10_pp05,H30_yp_d80_h10_pp05,eworld2,H30,M1,circle,0.3397,0.3288,0,,yp,8.0,1.0,5.0,8.3898,8.0594,7.9971,451,72,8,604,552,675,559,535,0,84,0.157,0.0,0.0,602,550,678,561,568,1,1,39,frames/eworld2/H30_yp_d80_h10_pp05.png,frames/eworld2/H30_yp_d80_h10_pp05.depth.npy
eworld2/H30_yp_d80_h15_pm05,H30_yp_d80_h15_pm05,eworld2,H30,M1,circle,0.3397,0.3288,0,,yp,8.0,1.5,-5.0,8.464,8.1366,7.9971,651,72,12,604,440,675,451,733,0,82,0.1119,0.0,0.0,603,438,677,452,583,1,1,44,frames/eworld2/H30_yp_d80_h15_pm05.png,frames/eworld2/H30_yp_d80_h15_pm05.depth.npy
eworld2/H30_yp_d80_h15_pm15,H30_yp_d80_h15_pm15,eworld2,H30,M1,circle,0.3397,0.3288,0,,yp,8.0,1.5,-15.0,8.464,8.1366,7.9971,663,72,12,604,277,675,288,744,0,81,0.1089,0.0,0.0,603,275,677,289,537,1,1,44,frames/eworld2/H30_yp_d80_h15_pm15.png,frames/eworld2/H30_yp_d80_h15_pm15.depth.npy
eworld2/H30_yp_d80_h15_pp05,H30_yp_d80_h15_pp05,eworld2,H30,M1,circle,0.3397,0.3288,0,,yp,8.0,1.5,5.0,8.464,8.1366,7.9971,716,74,12,603,608,676,619,795,0,79,0.0994,0.0,0.0,602,606,678,621,588,1,1,43,frames/eworld2/H30_yp_d80_h15_pp05.png,frames/eworld2/H30_yp_d80_h15_pp05.depth.npy
eworld2/H30_yp_d80_h20_pm05,H30_yp_d80_h20_pm05,eworld2,H30,M1,circle,0.3397,0.3288,0,,yp,8.0,2.0,-5.0,8.5667,8.2434,7.9971,897,72,16,604,492,675,507,977,0,80,0.0819,0.0,0.1494,603,491,677,509,570,1,1,52,frames/eworld2/H30_yp_d80_h20_pm05.png,frames/eworld2/H30_yp_d80_h20_pm05.depth.npy
eworld2/H30_yp_d80_h20_pm15,H30_yp_d80_h20_pm15,eworld2,H30,M1,circle,0.3397,0.3288,0,,yp,8.0,2.0,-15.0,8.5667,8.2434,7.9971,857,71,15,605,329,675,343,933,0,76,0.0815,0.0,0.147,603,327,676,345,544,1,1,54,frames/eworld2/H30_yp_d80_h20_pm15.png,frames/eworld2/H30_yp_d80_h20_pm15.depth.npy
eworld2/H30_yp_d80_h20_pp05,H30_yp_d80_h20_pp05,eworld2,H30,M1,circle,0.3397,0.3288,0,,yp,8.0,2.0,5.0,8.5667,8.2434,7.9971,1012,76,17,602,664,677,680,1095,0,83,0.0758,0.0,0.1433,601,662,678,682,586,1,1,51,frames/eworld2/H30_yp_d80_h20_pp05.png,frames/eworld2/H30_yp_d80_h20_pp05.depth.npy
eworld2/H42_yp_d03_h03_pm05,H42_yp_d03_h03_pm05,eworld2,H42,M2,square,0.245,0.2793,0,,yp,0.3,0.3,-5.0,0.6265,0.4242,0.3,56356,703,89,287,631,989,719,64255,0,7899,0.1229,0.0,0.0,-62,619,1342,1142,2497,1,1,19,frames/eworld2/H42_yp_d03_h03_pm05.png,frames/eworld2/H42_yp_d03_h03_pm05.depth.npy
eworld2/H42_yp_d03_h03_pm15,H42_yp_d03_h03_pm15,eworld2,H42,M2,square,0.245,0.2793,0,,yp,0.3,0.3,-15.0,0.6265,0.4242,0.3,191732,942,258,167,462,1108,719,201605,0,9873,0.049,0.0,0.4589,19,450,1261,898,3519,1,1,20,frames/eworld2/H42_yp_d03_h03_pm15.png,frames/eworld2/H42_yp_d03_h03_pm15.depth.npy
eworld2/H42_yp_d05_h03_pm05,H42_yp_d05_h03_pm05,eworld2,H42,M2,square,0.245,0.2793,0,,yp,0.5,0.3,-5.0,0.8078,0.5831,0.5,91350,703,158,287,562,989,719,97278,0,5928,0.0609,0.0,0.3003,204,552,1076,814,2646,1,1,19,frames/eworld2/H42_yp_d05_h03_pm05.png,frames/eworld2/H42_yp_d05_h03_pm05.depth.npy
eworld2/H42_yp_d05_h03_pm15,H42_yp_d05_h03_pm15,eworld2,H42,M2,square,0.245,0.2793,0,,yp,0.5,0.3,-15.0,0.8078,0.5831,0.5,141229,795,228,241,397,1035,624,148893,0,7664,0.0515,0.0,0.4797,233,387,1047,627,6616,1,1,19,frames/eworld2/H42_yp_d05_h03_pm15.png,frames/eworld2/H42_yp_d05_h03_pm15.depth.npy
eworld2/H42_yp_d05_h06_pm15,H42_yp_d05_h06_pm15,eworld2,H42,M2,square,0.245,0.2793,0,,yp,0.5,0.6,-15.0,0.9605,0.781,0.5,37863,478,85,400,635,877,719,41711,0,3848,0.0923,0.0,0.0319,282,626,998,1017,1820,1,1,26,frames/eworld2/H42_yp_d05_h06_pm15.png,frames/eworld2/H42_yp_d05_h06_pm15.depth.npy
eworld2/H42_yp_d07_h03_pm05,H42_yp_d07_h03_pm05,eworld2,H42,M2,square,0.245,0.2793,0,,yp,0.7,0.3,-5.0,0.9962,0.7616,0.7,74145,615,149,331,516,945,664,79309,0,5164,0.0651,0.0,0.3566,324,508,956,667,4956,1,1,19,frames/eworld2/H42_yp_d07_h03_pm05.png,frames/eworld2/H42_yp_d07_h03_pm05.depth.npy
eworld2/H42_yp_d07_h03_pm15,H42_yp_d07_h03_pm15,eworld2,H42,M2,square,0.245,0.2793,0,,yp,0.7,0.3,-15.0,0.9962,0.7616,0.7,68039,591,141,343,352,933,492,73014,0,4975,0.0681,0.0,0.3512,337,344,943,495,4805,1,1,19,frames/eworld2/H42_yp_d07_h03_pm15.png,frames/eworld2/H42_yp_d07_h03_pm15.depth.npy
eworld2/H42_yp_d07_h03_pp05,H42_yp_d07_h03_pp05,eworld2,H42,M2,square,0.245,0.2793,0,,yp,0.7,0.3,5.0,0.9962,0.7616,0.7,12610,444,30,417,690,860,719,16439,0,3829,0.2329,0.0,0.0,300,681,980,860,1509,1,1,19,frames/eworld2/H42_yp_d07_h03_pp05.png,frames/eworld2/H42_yp_d07_h03_pp05.depth.npy
eworld2/H42_yp_d07_h06_pm15,H42_yp_d07_h06_pm15,eworld2,H42,M2,square,0.245,0.2793,0,,yp,0.7,0.6,-15.0,1.1236,0.9219,0.7,67267,478,162,400,558,877,719,69992,0,2725,0.0389,0.0,0.4998,365,550,915,807,2254,1,1,26,frames/eworld2/H42_yp_d07_h06_pm15.png,frames/eworld2/H42_yp_d07_h06_pm15.depth.npy
eworld2/H42_yp_d10_h03_pm05,H42_yp_d10_h03_pm05,eworld2,H42,M2,square,0.245,0.2793,0,,yp,1.0,0.3,-5.0,1.2855,1.044,1.0,30710,436,83,421,469,856,551,33605,0,2895,0.0861,0.0,0.1415,416,462,864,553,3406,1,1,21,frames/eworld2/H42_yp_d10_h03_pm05.png,frames/eworld2/H42_yp_d10_h03_pm05.depth.npy
eworld2/H42_yp_d10_h03_pm15,H42_yp_d10_h03_pm15,eworld2,H42,M2,square,0.245,0.2793,0,,yp,1.0,0.3,-15.0,1.2855,1.044,1.0,29566,427,81,426,306,852,386,32422,0,2856,0.0881,0.0,0.1442,421,299,859,388,3349,1,1,19,frames/eworld2/H42_yp_d10_h03_pm15.png,frames/eworld2/H42_yp_d10_h03_pm15.depth.npy
eworld2/H42_yp_d10_h03_pp05,H42_yp_d10_h03_pp05,eworld2,H42,M2,square,0.245,0.2793,0,,yp,1.0,0.3,5.0,1.2855,1.044,1.0,30751,444,81,417,639,860,719,33584,0,2833,0.0844,0.0,0.0627,404,632,876,731,1609,1,1,20,frames/eworld2/H42_yp_d10_h03_pp05.png,frames/eworld2/H42_yp_d10_h03_pp05.depth.npy
eworld2/H42_yp_d10_h06_pm05,H42_yp_d10_h06_pm05,eworld2,H42,M2,square,0.245,0.2793,0,,yp,1.0,0.6,-5.0,1.3865,1.1662,1.0,23655,357,72,461,648,817,719,25836,0,2181,0.0844,0.0,0.0759,422,641,858,814,1538,1,1,28,frames/eworld2/H42_yp_d10_h06_pm05.png,frames/eworld2/H42_yp_d10_h06_pm05.depth.npy
eworld2/H42_yp_d10_h06_pm15,H42_yp_d10_h06_pm15,eworld2,H42,M2,square,0.245,0.2793,0,,yp,1.0,0.6,-15.0,1.3865,1.1662,1.0,51631,405,149,437,477,841,625,53558,0,1927,0.036,0.0,0.5321,436,471,844,627,3506,1,1,26,frames/eworld2/H42_yp_d10_h06_pm15.png,frames/eworld2/H42_yp_d10_h06_pm15.depth.npy
eworld2/H42_yp_d10_h10_pm15,H42_yp_d10_h10_pm15,eworld2,H42,M2,square,0.245,0.2793,0,,yp,1.0,1.0,-15.0,1.6008,1.4142,1.0,11152,288,40,496,680,783,719,12503,0,1351,0.1081,0.0,0.0,453,674,827,898,1163,1,1,36,frames/eworld2/H42_yp_d10_h10_pm15.png,frames/eworld2/H42_yp_d10_h10_pm15.depth.npy
eworld2/H42_yp_d15_h03_pm05,H42_yp_d15_h03_pm05,eworld2,H42,M2,square,0.245,0.2793,0,,yp,1.5,0.3,-5.0,1.7755,1.5297,1.5,10724,293,41,493,422,785,462,12088,0,1364,0.1128,0.0,0.0,489,417,791,463,2289,1,1,22,frames/eworld2/H42_yp_d15_h03_pm05.png,frames/eworld2/H42_yp_d15_h03_pm05.depth.npy
eworld2/H42_yp_d15_h03_pm15,H42_yp_d15_h03_pm15,eworld2,H42,M2,square,0.245,0.2793,0,,yp,1.5,0.3,-15.0,1.7755,1.5297,1.5,10718,293,41,493,259,785,299,12085,0,1367,0.1131,0.0,0.0,490,254,790,300,2288,1,1,21,frames/eworld2/H42_yp_d15_h03_pm15.png,frames/eworld2/H42_yp_d15_h03_pm15.depth.npy
eworld2/H42_yp_d15_h03_pp05,H42_yp_d15_h03_pp05,eworld2,H42,M2,square,0.245,0.2793,0,,yp,1.5,0.3,5.0,1.7755,1.5297,1.5,11594,303,43,488,589,790,631,13008,0,1414,0.1087,0.0,0.0,484,584,796,633,2355,1,1,22,frames/eworld2/H42_yp_d15_h03_pp05.png,frames/eworld2/H42_yp_d15_h03_pp05.depth.npy
eworld2/H42_yp_d15_h06_pm05,H42_yp_d15_h06_pm05,eworld2,H42,M2,square,0.245,0.2793,0,,yp,1.5,0.6,-5.0,1.85,1.6155,1.5,21586,293,83,493,558,785,640,22801,0,1215,0.0533,0.0,0.3611,492,552,788,642,2582,1,1,28,frames/eworld2/H42_yp_d15_h06_pm05.png,frames/eworld2/H42_yp_d15_h06_pm05.depth.npy
eworld2/H42_yp_d15_h06_pm15,H42_yp_d15_h06_pm15,eworld2,H42,M2,square,0.245,0.2793,0,,yp,1.5,0.6,-15.0,1.85,1.6155,1.5,19925,283,79,498,392,780,470,20887,0,962,0.0461,0.0,0.3553,497,387,783,472,2345,1,1,29,frames/eworld2/H42_yp_d15_h06_pm15.png,frames/eworld2/H42_yp_d15_h06_pm15.depth.npy
eworld2/H42_yp_d15_h10_pm15,H42_yp_d15_h10_pm15,eworld2,H42,M2,square,0.245,0.2793,0,,yp,1.5,1.0,-15.0,2.0156,1.8028,1.5,28631,266,120,507,555,772,674,29492,0,861,0.0292,0.0,0.5959,506,550,774,675,2623,1,1,39,frames/eworld2/H42_yp_d15_h10_pm15.png,frames/eworld2/H42_yp_d15_h10_pm15.depth.npy
eworld2/H42_yp_d20_h03_pm05,H42_yp_d20_h03_pm05,eworld2,H42,M2,square,0.245,0.2793,0,,yp,2.0,0.3,-5.0,2.2699,2.0224,2.0,4659,221,23,529,394,749,416,5490,0,831,0.1514,0.0,0.0,526,389,754,418,1716,1,1,21,frames/eworld2/H42_yp_d20_h03_pm05.png,frames/eworld2/H42_yp_d20_h03_pm05.depth.npy
eworld2/H42_yp_d20_h03_pm15,H42_yp_d20_h03_pm15,eworld2,H42,M2,square,0.245,0.2793,0,,yp,2.0,0.3,-15.0,2.2699,2.0224,2.0,4881,221,24,529,230,749,253,5538,0,657,0.1186,0.0,0.0,526,226,754,255,1736,1,1,22,frames/eworld2/H42_yp_d20_h03_pm15.png,frames/eworld2/H42_yp_d20_h03_pm15.depth.npy
eworld2/H42_yp_d20_h03_pp05,H42_yp_d20_h03_pp05,eworld2,H42,M2,square,0.245,0.2793,0,,yp,2.0,0.3,5.0,2.2699,2.0224,2.0,5186,227,25,526,559,752,583,6042,0,856,0.1417,0.0,0.0,523,555,757,585,1768,1,1,21,frames/eworld2/H42_yp_d20_h03_pp05.png,frames/eworld2/H42_yp_d20_h03_pp05.depth.npy
eworld2/H42_yp_d20_h06_pm05,H42_yp_d20_h06_pm05,eworld2,H42,M2,square,0.245,0.2793,0,,yp,2.0,0.6,-5.0,2.3286,2.0881,2.0,10107,222,50,529,503,750,552,10873,0,766,0.0704,0.0,0.1641,528,499,752,553,1878,1,1,29,frames/eworld2/H42_yp_d20_h06_pm05.png,frames/eworld2/H42_yp_d20_h06_pm05.depth.npy
eworld2/H42_yp_d20_h06_pm15,H42_yp_d20_h06_pm15,eworld2,H42,M2,square,0.245,0.2793,0,,yp,2.0,0.6,-15.0,2.3286,2.0881,2.0,9523,217,48,531,339,747,386,10317,0,794,0.077,0.0,0.1515,530,335,750,388,1776,1,1,29,frames/eworld2/H42_yp_d20_h06_pm15.png,frames/eworld2/H42_yp_d20_h06_pm15.depth.npy
eworld2/H42_yp_d20_h06_pp05,H42_yp_d20_h06_pp05,eworld2,H42,M2,square,0.245,0.2793,0,,yp,2.0,0.6,5.0,2.3286,2.0881,2.0,9146,225,44,527,676,751,719,10126,0,980,0.0968,0.0,0.0,522,671,758,731,966,1,1,29,frames/eworld2/H42_yp_d20_h06_pp05.png,frames/eworld2/H42_yp_d20_h06_pp05.depth.npy
eworld2/H42_yp_d20_h10_pm05,H42_yp_d20_h10_pm05,eworld2,H42,M2,square,0.245,0.2793,0,,yp,2.0,1.0,-5.0,2.4622,2.2361,2.0,14778,215,75,532,645,746,719,15502,0,724,0.0467,0.0,0.4417,530,641,750,729,1176,1,1,36,frames/eworld2/H42_yp_d20_h10_pm05.png,frames/eworld2/H42_yp_d20_h10_pm05.depth.npy
eworld2/H42_yp_d20_h10_pm15,H42_yp_d20_h10_pm15,eworld2,H42,M2,square,0.245,0.2793,0,,yp,2.0,1.0,-15.0,2.4622,2.2361,2.0,14260,208,75,536,475,743,549,15165,0,905,0.0597,0.0,0.4899,535,471,745,551,1894,1,1,37,frames/eworld2/H42_yp_d20_h10_pm15.png,frames/eworld2/H42_yp_d20_h10_pm15.depth.npy
eworld2/H42_yp_d20_h15_pm15,H42_yp_d20_h15_pm15,eworld2,H42,M2,square,0.245,0.2793,0,,yp,2.0,1.5,-15.0,2.7042,2.5,2.0,16034,192,90,544,630,735,719,16688,0,654,0.0392,0.0,0.6095,541,626,739,734,1064,1,1,41,frames/eworld2/H42_yp_d20_h15_pm15.png,frames/eworld2/H42_yp_d20_h15_pm15.depth.npy
eworld2/H42_yp_d30_h03_pm05,H42_yp_d30_h03_pm05,eworld2,H42,M2,square,0.245,0.2793,0,,yp,3.0,0.3,-5.0,3.2638,3.015,3.0,1394,147,10,566,361,712,370,1971,0,577,0.2927,0.0,0.0,564,358,716,372,1144,1,1,23,frames/eworld2/H42_yp_d30_h03_pm05.png,frames/eworld2/H42_yp_d30_h03_pm05.depth.npy
eworld2/H42_yp_d30_h03_pm15,H42_yp_d30_h03_pm15,eworld2,H42,M2,square,0.245,0.2793,0,,yp,3.0,0.3,-15.0,3.2638,3.015,3.0,1566,150,11,565,197,714,207,2000,0,434,0.217,0.0,0.0,563,194,717,208,1157,1,1,23,frames/eworld2/H42_yp_d30_h03_pm15.png,frames/eworld2/H42_yp_d30_h03_pm15.depth.npy
eworld2/H42_yp_d30_h03_pp05,H42_yp_d30_h03_pp05,eworld2,H42,M2,square,0.245,0.2793,0,,yp,3.0,0.3,5.0,3.2638,3.015,3.0,1563,150,11,565,525,714,535,1996,0,433,0.2169,0.0,0.0,562,522,718,537,1161,1,1,23,frames/eworld2/H42_yp_d30_h03_pp05.png,frames/eworld2/H42_yp_d30_h03_pp05.depth.npy
eworld2/H42_yp_d30_h06_pm05,H42_yp_d30_h06_pm05,eworld2,H42,M2,square,0.245,0.2793,0,,yp,3.0,0.6,-5.0,3.3049,3.0594,3.0,3224,149,23,565,440,713,462,3628,0,404,0.1114,0.0,0.0,564,437,716,463,1181,1,1,28,frames/eworld2/H42_yp_d30_h06_pm05.png,frames/eworld2/H42_yp_d30_h06_pm05.depth.npy
eworld2/H42_yp_d30_h06_pm15,H42_yp_d30_h06_pm15,eworld2,H42,M2,square,0.245,0.2793,0,,yp,3.0,0.6,-15.0,3.3049,3.0594,3.0,3217,149,23,565,277,713,299,3620,0,403,0.1113,0.0,0.0,565,274,715,300,1221,1,1,29,frames/eworld2/H42_yp_d30_h06_pm15.png,frames/eworld2/H42_yp_d30_h06_pm15.depth.npy
eworld2/H42_yp_d30_h06_pp05,H42_yp_d30_h06_pp05,eworld2,H42,M2,square,0.245,0.2793,0,,yp,3.0,0.6,5.0,3.3049,3.0594,3.0,3470,154,24,563,608,716,631,3888,0,418,0.1075,0.0,0.0,562,604,718,633,1240,1,1,28,frames/eworld2/H42_yp_d30_h06_pp05.png,frames/eworld2/H42_yp_d30_h06_pp05.depth.npy
eworld2/H42_yp_d30_h10_pm05,H42_yp_d30_h10_pm05,eworld2,H42,M2,square,0.245,0.2793,0,,yp,3.0,1.0,-5.0,3.4004,3.1623,3.0,5403,148,39,566,543,713,581,5792,0,389,0.0672,0.0,0.2428,565,540,715,583,1307,1,1,38,frames/eworld2/H42_yp_d30_h10_pm05.png,frames/eworld2/H42_yp_d30_h10_pm05.depth.npy
eworld2/H42_yp_d30_h10_pm15,H42_yp_d30_h10_pm15,eworld2,H42,M2,square,0.245,0.2793,0,,yp,3.0,1.0,-15.0,3.4004,3.1623,3.0,5149,144,38,568,378,711,415,5531,0,382,0.0691,0.0,0.2488,567,375,713,416,1279,1,1,38,frames/eworld2/H42_yp_d30_h10_pm15.png,frames/eworld2/H42_yp_d30_h10_pm15.depth.npy
eworld2/H42_yp_d30_h10_pp05,H42_yp_d30_h10_pp05,eworld2,H42,M2,square,0.245,0.2793,0,,yp,3.0,1.0,5.0,3.4004,3.1623,3.0,136,136,1,572,719,707,719,540,0,404,0.7481,0.0,0.0,561,716,719,764,443,1,1,38,frames/eworld2/H42_yp_d30_h10_pp05.png,frames/eworld2/H42_yp_d30_h10_pp05.depth.npy
eworld2/H42_yp_d30_h15_pm05,H42_yp_d30_h15_pm05,eworld2,H42,M2,square,0.245,0.2793,0,,yp,3.0,1.5,-5.0,3.5794,3.3541,3.0,6905,144,51,568,669,711,719,7283,0,378,0.0519,0.0,0.4359,566,666,714,729,746,1,1,44,frames/eworld2/H42_yp_d30_h15_pm05.png,frames/eworld2/H42_yp_d30_h15_pm05.depth.npy
eworld2/H42_yp_d30_h15_pm15,H42_yp_d30_h15_pm15,eworld2,H42,M2,square,0.245,0.2793,0,,yp,3.0,1.5,-15.0,3.5794,3.3541,3.0,6906,138,53,571,497,708,549,7410,0,504,0.068,0.0,0.4916,570,494,710,551,1334,1,1,43,frames/eworld2/H42_yp_d30_h15_pm15.png,frames/eworld2/H42_yp_d30_h15_pm15.depth.npy
eworld2/H42_yp_d30_h20_pm15,H42_yp_d30_h20_pm15,eworld2,H42,M2,square,0.245,0.2793,0,,yp,3.0,2.0,-15.0,3.8161,3.6055,3.0,8537,134,68,573,607,706,674,8773,0,236,0.0269,0.0,0.6173,573,605,707,676,1444,1,1,48,frames/eworld2/H42_yp_d30_h20_pm15.png,frames/eworld2/H42_yp_d30_h20_pm15.depth.npy
eworld2/H42_yp_d40_h03_pm05,H42_yp_d40_h03_pm05,eworld2,H42,M2,square,0.245,0.2793,0,,yp,4.0,0.3,-5.0,4.2606,4.0112,4.0,534,110,5,585,343,694,347,750,0,216,0.288,0.0,0.0,583,340,697,349,854,1,1,25,frames/eworld2/H42_yp_d40_h03_pm05.png,frames/eworld2/H42_yp_d40_h03_pm05.depth.npy
eworld2/H42_yp_d40_h03_pm15,H42_yp_d40_h03_pm15,eworld2,H42,M2,square,0.245,0.2793,0,,yp,4.0,0.3,-15.0,4.2606,4.0112,4.0,654,113,6,583,178,695,183,878,0,224,0.2551,0.0,0.0,582,175,698,184,871,1,1,25,frames/eworld2/H42_yp_d40_h03_pm15.png,frames/eworld2/H42_yp_d40_h03_pm15.depth.npy
eworld2/H42_yp_d40_h03_pp05,H42_yp_d40_h03_pp05,eworld2,H42,M2,square,0.245,0.2793,0,,yp,4.0,0.3,5.0,4.2606,4.0112,4.0,542,112,5,584,507,695,511,866,0,324,0.3741,0.0,0.0,582,504,698,513,871,1,1,24,frames/eworld2/H42_yp_d40_h03_pp05.png,frames/eworld2/H42_yp_d40_h03_pp05.depth.npy
eworld2/H42_yp_d40_h06_pm05,H42_yp_d40_h06_pm05,eworld2,H42,M2,square,0.245,0.2793,0,,yp,4.0,0.6,-5.0,4.2921,4.0447,4.0,1389,112,13,584,404,695,416,1596,0,207,0.1297,0.0,0.0,583,402,697,418,900,1,1,28,frames/eworld2/H42_yp_d40_h06_pm05.png,frames/eworld2/H42_yp_d40_h06_pm05.depth.npy
eworld2/H42_yp_d40_h06_pm15,H42_yp_d40_h06_pm15,eworld2,H42,M2,square,0.245,0.2793,0,,yp,4.0,0.6,-15.0,4.2921,4.0447,4.0,1399,112,13,584,241,695,253,1608,0,209,0.13,0.0,0.0,583,238,697,255,910,1,1,29,frames/eworld2/H42_yp_d40_h06_pm15.png,frames/eworld2/H42_yp_d40_h06_pm15.depth.npy
eworld2/H42_yp_d40_h06_pp05,H42_yp_d40_h06_pp05,eworld2,H42,M2,square,0.245,0.2793,0,,yp,4.0,0.6,5.0,4.2921,4.0447,4.0,1537,115,14,582,570,696,583,1752,0,215,0.1227,0.0,0.0,581,568,699,585,903,1,1,28,frames/eworld2/H42_yp_d40_h06_pp05.png,frames/eworld2/H42_yp_d40_h06_pp05.depth.npy
eworld2/H42_yp_d40_h10_pm05,H42_yp_d40_h10_pm05,eworld2,H42,M2,square,0.245,0.2793,0,,yp,4.0,1.0,-5.0,4.3661,4.1231,4.0,2445,112,23,584,485,695,507,2646,0,201,0.076,0.0,0.0,583,483,697,509,960,1,1,35,frames/eworld2/H42_yp_d40_h10_pm05.png,frames/eworld2/H42_yp_d40_h10_pm05.depth.npy
eworld2/H42_yp_d40_h10_pm15,H42_yp_d40_h10_pm15,eworld2,H42,M2,square,0.245,0.2793,0,,yp,4.0,1.0,-15.0,4.3661,4.1231,4.0,2315,110,22,585,322,694,343,2516,0,201,0.0799,0.0,0.0,584,319,696,345,945,1,1,37,frames/eworld2/H42_yp_d40_h10_pm15.png,frames/eworld2/H42_yp_d40_h10_pm15.depth.npy
eworld2/H42_yp_d40_h10_pp05,H42_yp_d40_h10_pp05,eworld2,H42,M2,square,0.245,0.2793,0,,yp,4.0,1.0,5.0,4.3661,4.1231,4.0,2768,116,25,582,656,697,680,2976,0,208,0.0699,0.0,0.0,581,654,699,682,1026,1,1,34,frames/eworld2/H42_yp_d40_h10_pp05.png,frames/eworld2/H42_yp_d40_h10_pp05.depth.npy
eworld2/H42_yp_d40_h15_pm05,H42_yp_d40_h15_pm05,eworld2,H42,M2,square,0.245,0.2793,0,,yp,4.0,1.5,-5.0,4.5069,4.272,4.0,3580,110,34,585,585,694,618,3878,0,298,0.0768,0.0,0.3413,584,582,696,620,984,1,1,42,frames/eworld2/H42_yp_d40_h15_pm05.png,frames/eworld2/H42_yp_d40_h15_pm05.depth.npy
eworld2/H42_yp_d40_h15_pm15,H42_yp_d40_h15_pm15,eworld2,H42,M2,square,0.245,0.2793,0,,yp,4.0,1.5,-15.0,4.5069,4.272,4.0,3266,106,32,587,418,692,449,3566,0,300,0.0841,0.0,0.3322,586,415,694,451,1002,1,1,43,frames/eworld2/H42_yp_d40_h15_pm15.png,frames/eworld2/H42_yp_d40_h15_pm15.depth.npy
eworld2/H42_yp_d40_h20_pm05,H42_yp_d40_h20_pm05,eworld2,H42,M2,square,0.245,0.2793,0,,yp,4.0,2.0,-5.0,4.6971,4.4721,4.0,3918,108,38,586,682,693,719,4114,0,196,0.0476,0.0,0.4119,585,679,695,729,581,1,1,45,frames/eworld2/H42_yp_d40_h20_pm05.png,frames/eworld2/H42_yp_d40_h20_pm05.depth.npy
eworld2/H42_yp_d40_h20_pm15,H42_yp_d40_h20_pm15,eworld2,H42,M2,square,0.245,0.2793,0,,yp,4.0,2.0,-15.0,4.6971,4.4721,4.0,4066,104,41,588,509,691,549,4358,0,292,0.067,0.0,0.5002,587,506,693,551,1027,1,1,45,frames/eworld2/H42_yp_d40_h20_pm15.png,frames/eworld2/H42_yp_d40_h20_pm15.depth.npy
eworld2/H42_yp_d60_h03_pm05,H42_yp_d60_h03_pm05,eworld2,H42,M2,square,0.245,0.2793,0,,yp,6.0,0.3,-5.0,6.2572,6.0075,6.0,146,74,2,603,323,676,324,220,0,74,0.3364,0.0,0.0,601,321,679,326,566,1,1,25,frames/eworld2/H42_yp_d60_h03_pm05.png,frames/eworld2/H42_yp_d60_h03_pm05.depth.npy
eworld2/H42_yp_d60_h03_pm15,H42_yp_d60_h03_pm15,eworld2,H42,M2,square,0.245,0.2793,0,,yp,6.0,0.3,-15.0,6.2572,6.0075,6.0,150,76,2,602,158,677,159,300,0,150,0.5,0.0,0.0,601,155,679,160,589,1,1,25,frames/eworld2/H42_yp_d60_h03_pm15.png,frames/eworld2/H42_yp_d60_h03_pm15.depth.npy
eworld2/H42_yp_d60_h03_pp05,H42_yp_d60_h03_pp05,eworld2,H42,M2,square,0.245,0.2793,0,,yp,6.0,0.3,5.0,6.2572,6.0075,6.0,221,75,3,602,486,676,488,296,0,75,0.2534,0.0,0.0,601,484,679,489,571,1,1,25,frames/eworld2/H42_yp_d60_h03_pp05.png,frames/eworld2/H42_yp_d60_h03_pp05.depth.npy
eworld2/H42_yp_d60_h06_pm05,H42_yp_d60_h06_pm05,eworld2,H42,M2,square,0.245,0.2793,0,,yp,6.0,0.6,-5.0,6.2787,6.0299,6.0,440,76,6,602,366,677,371,582,0,142,0.244,0.0,0.0,602,364,678,372,603,1,1,30,frames/eworld2/H42_yp_d60_h06_pm05.png,frames/eworld2/H42_yp_d60_h06_pm05.depth.npy
eworld2/H42_yp_d60_h06_pm15,H42_yp_d60_h06_pm15,eworld2,H42,M2,square,0.245,0.2793,0,,yp,6.0,0.6,-15.0,6.2787,6.0299,6.0,445,76,6,602,202,677,207,590,0,145,0.2458,0.0,0.0,601,200,679,208,595,1,1,30,frames/eworld2/H42_yp_d60_h06_pm15.png,frames/eworld2/H42_yp_d60_h06_pm15.depth.npy
eworld2/H42_yp_d60_h06_pp05,H42_yp_d60_h06_pp05,eworld2,H42,M2,square,0.245,0.2793,0,,yp,6.0,0.6,5.0,6.2787,6.0299,6.0,445,76,6,602,530,677,535,518,0,73,0.1409,0.0,0.0,601,528,679,537,614,1,1,30,frames/eworld2/H42_yp_d60_h06_pp05.png,frames/eworld2/H42_yp_d60_h06_pp05.depth.npy
eworld2/H42_yp_d60_h10_pm05,H42_yp_d60_h10_pm05,eworld2,H42,M2,square,0.245,0.2793,0,,yp,6.0,1.0,-5.0,6.3295,6.0828,6.0,800,76,11,602,422,677,432,870,0,70,0.0805,0.0,0.0,602,420,678,433,635,1,1,37,frames/eworld2/H42_yp_d60_h10_pm05.png,frames/eworld2/H42_yp_d60_h10_pm05.depth.npy
eworld2/H42_yp_d60_h10_pm15,H42_yp_d60_h10_pm15,eworld2,H42,M2,square,0.245,0.2793,0,,yp,6.0,1.0,-15.0,6.3295,6.0828,6.0,800,76,11,602,259,677,269,871,0,71,0.0815,0.0,0.0,602,257,678,270,634,1,1,39,frames/eworld2/H42_yp_d60_h10_pm15.png,frames/eworld2/H42_yp_d60_h10_pm15.depth.npy
eworld2/H42_yp_d60_h10_pp05,H42_yp_d60_h10_pp05,eworld2,H42,M2,square,0.245,0.2793,0,,yp,6.0,1.0,5.0,6.3295,6.0828,6.0,822,78,11,601,589,678,599,894,0,72,0.0805,0.0,0.0,601,587,679,601,649,1,1,37,frames/eworld2/H42_yp_d60_h10_pp05.png,frames/eworld2/H42_yp_d60_h10_pp05.depth.npy
eworld2/H42_yp_d60_h15_pm05,H42_yp_d60_h15_pm05,eworld2,H42,M2,square,0.245,0.2793,0,,yp,6.0,1.5,-5.0,6.4275,6.1847,6.0,1152,74,16,603,492,676,507,1222,0,70,0.0573,0.0,0.0,602,490,678,509,654,1,1,43,frames/eworld2/H42_yp_d60_h15_pm05.png,frames/eworld2/H42_yp_d60_h15_pm05.depth.npy
eworld2/H42_yp_d60_h15_pm15,H42_yp_d60_h15_pm15,eworld2,H42,M2,square,0.245,0.2793,0,,yp,6.0,1.5,-15.0,6.4275,6.1847,6.0,1071,74,15,603,329,676,343,1207,0,136,0.1127,0.0,0.0,603,327,677,345,651,1,1,45,frames/eworld2/H42_yp_d60_h15_pm15.png,frames/eworld2/H42_yp_d60_h15_pm15.depth.npy
eworld2/H42_yp_d60_h15_pp05,H42_yp_d60_h15_pp05,eworld2,H42,M2,square,0.245,0.2793,0,,yp,6.0,1.5,5.0,6.4275,6.1847,6.0,1278,78,17,601,664,678,680,1422,0,144,0.1013,0.0,0.0,600,662,680,682,688,1,1,41,frames/eworld2/H42_yp_d60_h15_pp05.png,frames/eworld2/H42_yp_d60_h15_pp05.depth.npy
eworld2/H42_yp_d60_h20_pm05,H42_yp_d60_h20_pm05,eworld2,H42,M2,square,0.245,0.2793,0,,yp,6.0,2.0,-5.0,6.5622,6.3245,6.0,1504,74,21,603,561,676,581,1572,0,68,0.0433,0.0,0.2327,602,559,678,583,669,1,1,44,frames/eworld2/H42_yp_d60_h20_pm05.png,frames/eworld2/H42_yp_d60_h20_pm05.depth.npy
eworld2/H42_yp_d60_h20_pm15,H42_yp_d60_h20_pm15,eworld2,H42,M2,square,0.245,0.2793,0,,yp,6.0,2.0,-15.0,6.5622,6.3245,6.0,1399,72,20,604,396,675,415,1535,0,136,0.0886,0.0,0.2924,603,394,677,416,678,1,1,46,frames/eworld2/H42_yp_d60_h20_pm15.png,frames/eworld2/H42_yp_d60_h20_pm15.depth.npy
eworld2/H42_yp_d80_h03_pm05,H42_yp_d80_h03_pm05,eworld2,H42,M2,square,0.245,0.2793,0,,yp,8.0,0.3,-5.0,8.2555,8.0056,8.0,56,56,1,612,313,667,313,112,0,56,0.5,0.0,0.0,611,311,669,314,439,1,1,20,frames/eworld2/H42_yp_d80_h03_pm05.png,frames/eworld2/H42_yp_d80_h03_pm05.depth.npy
eworld2/H42_yp_d80_h03_pm15,H42_yp_d80_h03_pm15,eworld2,H42,M2,square,0.245,0.2793,0,,yp,8.0,0.3,-15.0,8.2555,8.0056,8.0,57,57,1,611,147,667,147,170,0,113,0.6647,0.0,0.0,610,145,670,148,454,1,1,21,frames/eworld2/H42_yp_d80_h03_pm15.png,frames/eworld2/H42_yp_d80_h03_pm15.depth.npy
eworld2/H42_yp_d80_h03_pp05,H42_yp_d80_h03_pp05,eworld2,H42,M2,square,0.245,0.2793,0,,yp,8.0,0.3,5.0,8.2555,8.0056,8.0,56,56,1,612,476,667,476,114,0,58,0.5088,0.0,0.0,611,474,669,477,437,1,1,21,frames/eworld2/H42_yp_d80_h03_pp05.png,frames/eworld2/H42_yp_d80_h03_pp05.depth.npy
eworld2/H42_yp_d80_h06_pm05,H42_yp_d80_h06_pm05,eworld2,H42,M2,square,0.245,0.2793,0,,yp,8.0,0.6,-5.0,8.2718,8.0225,8.0,165,56,3,612,345,667,347,220,0,55,0.25,0.0,0.0,611,344,669,349,445,1,1,29,frames/eworld2/H42_yp_d80_h06_pm05.png,frames/eworld2/H42_yp_d80_h06_pm05.depth.npy
eworld2/H42_yp_d80_h06_pm15,H42_yp_d80_h06_pm15,eworld2,H42,M2,square,0.245,0.2793,0,,yp,8.0,0.6,-15.0,8.2718,8.0225,8.0,170,58,3,611,181,668,183,226,0,56,0.2478,0.0,0.0,611,179,669,184,451,1,1,29,frames/eworld2/H42_yp_d80_h06_pm15.png,frames/eworld2/H42_yp_d80_h06_pm15.depth.npy
eworld2/H42_yp_d80_h06_pp05,H42_yp_d80_h06_pp05,eworld2,H42,M2,square,0.245,0.2793,0,,yp,8.0,0.6,5.0,8.2718,8.0225,8.0,167,56,3,612,509,667,511,222,0,55,0.2477,0.0,0.0,611,508,669,513,455,1,1,28,frames/eworld2/H42_yp_d80_h06_pp05.png,frames/eworld2/H42_yp_d80_h06_pp05.depth.npy
eworld2/H42_yp_d80_h10_pm05,H42_yp_d80_h10_pm05,eworld2,H42,M2,square,0.245,0.2793,0,,yp,8.0,1.0,-5.0,8.3104,8.0623,8.0,332,56,6,612,389,667,394,386,0,54,0.1399,0.0,0.0,611,387,669,395,462,1,1,31,frames/eworld2/H42_yp_d80_h10_pm05.png,frames/eworld2/H42_yp_d80_h10_pm05.depth.npy
eworld2/H42_yp_d80_h10_pm15,H42_yp_d80_h10_pm15,eworld2,H42,M2,square,0.245,0.2793,0,,yp,8.0,1.0,-15.0,8.3104,8.0623,8.0,332,56,6,612,225,667,230,386,0,54,0.1399,0.0,0.0,611,224,669,232,480,1,1,32,frames/eworld2/H42_yp_d80_h10_pm15.png,frames/eworld2/H42_yp_d80_h10_pm15.depth.npy
eworld2/H42_yp_d80_h10_pp05,H42_yp_d80_h10_pp05,eworld2,H42,M2,square,0.245,0.2793,0,,yp,8.0,1.0,5.0,8.3104,8.0623,8.0,340,58,6,611,554,668,559,394,0,54,0.1371,0.0,0.0,611,553,669,561,472,1,1,31,frames/eworld2/H42_yp_d80_h10_pp05.png,frames/eworld2/H42_yp_d80_h10_pp05.depth.npy
eworld2/H42_yp_d80_h15_pm05,H42_yp_d80_h15_pm05,eworld2,H42,M2,square,0.245,0.2793,0,,yp,8.0,1.5,-5.0,8.3853,8.1394,8.0,494,56,9,612,443,667,451,548,0,54,0.0985,0.0,0.0,611,441,669,452,485,1,1,41,frames/eworld2/H42_yp_d80_h15_pm05.png,frames/eworld2/H42_yp_d80_h15_pm05.depth.npy
eworld2/H42_yp_d80_h15_pm15,H42_yp_d80_h15_pm15,eworld2,H42,M2,square,0.245,0.2793,0,,yp,8.0,1.5,-15.0,8.3853,8.1394,8.0,494,56,9,612,280,667,288,548,0,54,0.0985,0.0,0.0,611,278,669,289,485,1,1,43,frames/eworld2/H42_yp_d80_h15_pm15.png,frames/eworld2/H42_yp_d80_h15_pm15.depth.npy
eworld2/H42_yp_d80_h15_pp05,H42_yp_d80_h15_pp05,eworld2,H42,M2,square,0.245,0.2793,0,,yp,8.0,1.5,5.0,8.3853,8.1394,8.0,510,58,9,611,611,668,619,566,0,56,0.0989,0.0,0.0,610,609,670,621,491,1,1,41,frames/eworld2/H42_yp_d80_h15_pp05.png,frames/eworld2/H42_yp_d80_h15_pp05.depth.npy
eworld2/H42_yp_d80_h20_pm05,H42_yp_d80_h20_pm05,eworld2,H42,M2,square,0.245,0.2793,0,,yp,8.0,2.0,-5.0,8.489,8.2462,8.0,656,56,12,612,496,667,507,708,0,52,0.0734,0.0,0.0,611,494,669,509,492,1,1,45,frames/eworld2/H42_yp_d80_h20_pm05.png,frames/eworld2/H42_yp_d80_h20_pm05.depth.npy
eworld2/H42_yp_d80_h20_pm15,H42_yp_d80_h20_pm15,eworld2,H42,M2,square,0.245,0.2793,0,,yp,8.0,2.0,-15.0,8.489,8.2462,8.0,646,56,12,612,332,667,343,698,0,52,0.0745,0.0,0.0,612,331,668,345,502,1,1,47,frames/eworld2/H42_yp_d80_h20_pm15.png,frames/eworld2/H42_yp_d80_h20_pm15.depth.npy
eworld2/H42_yp_d80_h20_pp05,H42_yp_d80_h20_pp05,eworld2,H42,M2,square,0.245,0.2793,0,,yp,8.0,2.0,5.0,8.489,8.2462,8.0,740,58,13,611,668,668,680,796,0,56,0.0704,0.0,0.0,610,666,670,682,527,1,1,44,frames/eworld2/H42_yp_d80_h20_pp05.png,frames/eworld2/H42_yp_d80_h20_pp05.depth.npy
eworld2/H60_ym_d03_h03_pm05,H60_ym_d03_h03_pm05,eworld2,H60,S1,circle,0.1323,0.2052,0,,ym,0.3,0.3,-5.0,0.5874,0.4223,0.2973,14565,454,47,412,673,865,719,20965,0,6400,0.3053,0.0,0.0,253,662,1033,1149,680,1,1,28,frames/eworld2/H60_ym_d03_h03_pm05.png,frames/eworld2/H60_ym_d03_h03_pm05.depth.npy
eworld2/H60_ym_d03_h03_pm15,H60_ym_d03_h03_pm15,eworld2,H60,S1,circle,0.1323,0.2052,0,,ym,0.3,0.3,-15.0,0.5874,0.4223,0.2973,124967,717,220,281,500,997,719,134749,0,9782,0.0726,0.0,0.2807,282,490,1003,904,1742,1,1,28,frames/eworld2/H60_ym_d03_h03_pm15.png,frames/eworld2/H60_ym_d03_h03_pm15.depth.npy
eworld2/H60_ym_d05_h03_pm05,H60_ym_d05_h03_pm05,eworld2,H60,S1,circle,0.1323,0.2052,0,,ym,0.5,0.3,-5.0,0.7662,0.5808,0.4973,57137,545,131,367,589,911,719,63145,0,6008,0.0951,0.0,0.0664,367,580,916,817,1350,1,1,27,frames/eworld2/H60_ym_d05_h03_pm05.png,frames/eworld2/H60_ym_d05_h03_pm05.depth.npy
eworld2/H60_ym_d05_h03_pm15,H60_ym_d05_h03_pm15,eworld2,H60,S1,circle,0.1323,0.2052,0,,ym,0.5,0.3,-15.0,0.7662,0.5808,0.4973,81394,519,205,380,422,898,626,87596,0,6202,0.0708,0.0,0.3573,380,413,904,629,3830,1,1,28,frames/eworld2/H60_ym_d05_h03_pm15.png,frames/eworld2/H60_ym_d05_h03_pm15.depth.npy
eworld2/H60_ym_d05_h06_pm15,H60_ym_d05_h06_pm15,eworld2,H60,S1,circle,0.1323,0.2052,0,,ym,0.5,0.6,-15.0,0.9257,0.7793,0.4973,8850,303,43,488,677,790,719,11556,0,2706,0.2342,0.0,0.0,406,671,878,1021,390,1,1,30,frames/eworld2/H60_ym_d05_h06_pm15.png,frames/eworld2/H60_ym_d05_h06_pm15.depth.npy
eworld2/H60_ym_d07_h03_pm05,H60_ym_d07_h03_pm05,eworld2,H60,S1,circle,0.1323,0.2052,0,,ym,0.7,0.3,-5.0,0.9534,0.7591,0.6973,42304,419,133,430,534,848,666,46419,0,4115,0.0886,0.0,0.175,430,526,853,668,3097,1,1,26,frames/eworld2/H60_ym_d07_h03_pm05.png,frames/eworld2/H60_ym_d07_h03_pm05.depth.npy
eworld2/H60_ym_d07_h03_pm15,H60_ym_d07_h03_pm15,eworld2,H60,S1,circle,0.1323,0.2052,0,,ym,0.7,0.3,-15.0,0.9534,0.7591,0.6973,38839,407,125,437,370,843,494,42640,0,3801,0.0891,0.0,0.1714,436,362,847,496,2912,1,1,28,frames/eworld2/H60_ym_d07_h03_pm15.png,frames/eworld2/H60_ym_d07_h03_pm15.depth.npy
eworld2/H60_ym_d07_h03_pp05,H60_ym_d07_h03_pp05,eworld2,H60,S1,circle,0.1323,0.2052,0,,ym,0.7,0.3,5.0,0.9534,0.7591,0.6973,1435,210,10,535,710,744,719,3769,0,2334,0.6193,0.0,0.0,416,701,867,861,520,1,1,26,frames/eworld2/H60_ym_d07_h03_pp05.png,frames/eworld2/H60_ym_d07_h03_pp05.depth.npy
eworld2/H60_ym_d07_h06_pm15,H60_ym_d07_h06_pm15,eworld2,H60,S1,circle,0.1323,0.2052,0,,ym,0.7,0.6,-15.0,1.0858,0.9199,0.6973,40174,376,132,451,588,826,719,43145,0,2971,0.0689,0.0,0.2908,452,582,831,809,1094,1,1,30,frames/eworld2/H60_ym_d07_h06_pm15.png,frames/eworld2/H60_ym_d07_h06_pm15.depth.npy
eworld2/H60_ym_d10_h03_pm05,H60_ym_d10_h03_pm05,eworld2,H60,S1,circle,0.1323,0.2052,0,,ym,1.0,0.3,-5.0,1.2418,1.0414,0.9973,17158,313,72,483,481,795,552,19476,0,2318,0.119,0.0,0.0,483,474,799,554,2199,1,1,26,frames/eworld2/H60_ym_d10_h03_pm05.png,frames/eworld2/H60_ym_d10_h03_pm05.depth.npy
eworld2/H60_ym_d10_h03_pm15,H60_ym_d10_h03_pm15,eworld2,H60,S1,circle,0.1323,0.2052,0,,ym,1.0,0.3,-15.0,1.2418,1.0414,0.9973,16440,308,70,486,318,793,387,18673,0,2233,0.1196,0.0,0.0,485,311,797,389,2163,1,1,26,frames/eworld2/H60_ym_d10_h03_pm15.png,frames/eworld2/H60_ym_d10_h03_pm15.depth.npy
eworld2/H60_ym_d10_h03_pp05,H60_ym_d10_h03_pp05,eworld2,H60,S1,circle,0.1323,0.2052,0,,ym,1.0,0.3,5.0,1.2418,1.0414,0.9973,18167,327,68,476,652,802,719,20668,0,2501,0.121,0.0,0.0,476,645,806,732,1381,1,1,26,frames/eworld2/H60_ym_d10_h03_pp05.png,frames/eworld2/H60_ym_d10_h03_pp05.depth.npy
eworld2/H60_ym_d10_h06_pm05,H60_ym_d10_h06_pm05,eworld2,H60,S1,circle,0.1323,0.2052,0,,ym,1.0,0.6,-5.0,1.3461,1.1639,0.9973,10648,291,50,494,670,784,719,12572,0,1924,0.153,0.0,0.0,487,664,796,815,668,1,1,29,frames/eworld2/H60_ym_d10_h06_pm05.png,frames/eworld2/H60_ym_d10_h06_pm05.depth.npy
eworld2/H60_ym_d10_h06_pm15,H60_ym_d10_h06_pm15,eworld2,H60,S1,circle,0.1323,0.2052,0,,ym,1.0,0.6,-15.0,1.3461,1.1639,0.9973,28959,291,130,494,497,784,626,31039,0,2080,0.067,0.0,0.3771,495,492,787,628,2266,1,1,30,frames/eworld2/H60_ym_d10_h06_pm15.png,frames/eworld2/H60_ym_d10_h06_pm15.depth.npy
eworld2/H60_ym_d10_h10_pm15,H60_ym_d10_h10_pm15,eworld2,H60,S1,circle,0.1323,0.2052,0,,ym,1.0,1.0,-15.0,1.5659,1.4123,0.9973,772,114,10,583,710,696,719,1463,0,691,0.4723,0.0,0.0,506,706,776,900,231,1,1,38,frames/eworld2/H60_ym_d10_h10_pm15.png,frames/eworld2/H60_ym_d10_h10_pm15.depth.npy
eworld2/H60_ym_d15_h03_pm05,H60_ym_d15_h03_pm05,eworld2,H60,S1,circle,0.1323,0.2052,0,,ym,1.5,0.3,-5.0,1.7312,1.5271,1.4973,5699,220,34,530,429,749,462,6854,0,1155,0.1685,0.0,0.0,529,424,752,464,1542,1,1,26,frames/eworld2/H60_ym_d15_h03_pm05.png,frames/eworld2/H60_ym_d15_h03_pm05.depth.npy
eworld2/H60_ym_d15_h03_pm15,H60_ym_d15_h03_pm15,eworld2,H60,S1,circle,0.1323,0.2052,0,,ym,1.5,0.3,-15.0,1.7312,1.5271,1.4973,5686,219,34,530,266,748,299,6848,0,1162,0.1697,0.0,0.0,529,261,752,301,1538,1,1,26,frames/eworld2/H60_ym_d15_h03_pm15.png,frames/eworld2/H60_ym_d15_h03_pm15.depth.npy
eworld2/H60_ym_d15_h03_pp05,H60_ym_d15_h03_pp05,eworld2,H60,S1,circle,0.1323,0.2052,0,,ym,1.5,0.3,5.0,1.7312,1.5271,1.4973,6262,226,37,527,596,752,632,7544,0,1282,0.1699,0.0,0.0,526,591,756,633,1603,1,1,25,frames/eworld2/H60_ym_d15_h03_pp05.png,frames/eworld2/H60_ym_d15_h03_pp05.depth.npy
eworld2/H60_ym_d15_h06_pm05,H60_ym_d15_h06_pm05,eworld2,H60,S1,circle,0.1323,0.2052,0,,ym,1.5,0.6,-5.0,1.8075,1.613,1.4973,11911,219,71,530,570,748,640,13077,0,1166,0.0892,0.0,0.1389,531,565,750,642,1581,1,1,30,frames/eworld2/H60_ym_d15_h06_pm05.png,frames/eworld2/H60_ym_d15_h06_pm05.depth.npy
eworld2/H60_ym_d15_h06_pm15,H60_ym_d15_h06_pm15,eworld2,H60,S1,circle,0.1323,0.2052,0,,ym,1.5,0.6,-15.0,1.8075,1.613,1.4973,10871,212,67,534,404,745,470,11963,0,1092,0.0913,0.0,0.1363,534,400,747,472,1596,1,1,28,frames/eworld2/H60_ym_d15_h06_pm15.png,frames/eworld2/H60_ym_d15_h06_pm15.depth.npy
eworld2/H60_ym_d15_h10_pm15,H60_ym_d15_h10_pm15,eworld2,H60,S1,circle,0.1323,0.2052,0,,ym,1.5,1.0,-15.0,1.9766,1.8005,1.4973,15859,201,102,539,573,739,674,16863,0,1004,0.0595,0.0,0.4413,540,569,741,676,1589,1,1,37,frames/eworld2/H60_ym_d15_h10_pm15.png,frames/eworld2/H60_ym_d15_h10_pm15.depth.npy
eworld2/H60_ym_d20_h03_pm05,H60_ym_d20_h03_pm05,eworld2,H60,S1,circle,0.1323,0.2052,0,,ym,2.0,0.3,-5.0,2.2253,2.0197,1.9973,2472,168,19,556,398,723,416,3177,0,705,0.2219,0.0,0.0,554,394,727,418,1241,1,1,26,frames/eworld2/H60_ym_d20_h03_pm05.png,frames/eworld2/H60_ym_d20_h03_pm05.depth.npy
eworld2/H60_ym_d20_h03_pm15,H60_ym_d20_h03_pm15,eworld2,H60,S1,circle,0.1323,0.2052,0,,ym,2.0,0.3,-15.0,2.2253,2.0197,1.9973,2515,169,19,556,235,724,253,3264,0,749,0.2295,0.0,0.0,554,230,728,255,1256,1,1,28,frames/eworld2/H60_ym_d20_h03_pm15.png,frames/eworld2/H60_ym_d20_h03_pm15.depth.npy
eworld2/H60_ym_d20_h03_pp05,H60_ym_d20_h03_pp05,eworld2,H60,S1,circle,0.1323,0.2052,0,,ym,2.0,0.3,5.0,2.2253,2.0197,1.9973,2662,172,20,554,564,725,583,3405,0,743,0.2182,0.0,0.0,552,559,729,585,1244,1,1,26,frames/eworld2/H60_ym_d20_h03_pp05.png,frames/eworld2/H60_ym_d20_h03_pp05.depth.npy
eworld2/H60_ym_d20_h06_pm05,H60_ym_d20_h06_pm05,eworld2,H60,S1,circle,0.1323,0.2052,0,,ym,2.0,0.6,-5.0,2.2852,2.0855,1.9973,5439,170,42,555,511,724,552,6180,0,741,0.1199,0.0,0.0,555,507,726,554,1222,1,1,32,frames/eworld2/H60_ym_d20_h06_pm05.png,frames/eworld2/H60_ym_d20_h06_pm05.depth.npy
eworld2/H60_ym_d20_h06_pm15,H60_ym_d20_h06_pm15,eworld2,H60,S1,circle,0.1323,0.2052,0,,ym,2.0,0.6,-15.0,2.2852,2.0855,1.9973,5160,167,41,556,347,722,387,5837,0,677,0.116,0.0,0.0,556,343,725,388,1214,1,1,32,frames/eworld2/H60_ym_d20_h06_pm15.png,frames/eworld2/H60_ym_d20_h06_pm15.depth.npy
eworld2/H60_ym_d20_h06_pp05,H60_ym_d20_h06_pp05,eworld2,H60,S1,circle,0.1323,0.2052,0,,ym,2.0,0.6,5.0,2.2852,2.0855,1.9973,5216,178,36,551,684,728,719,5936,0,720,0.1213,0.0,0.0,551,680,730,731,750,1,1,32,frames/eworld2/H60_ym_d20_h06_pp05.png,frames/eworld2/H60_ym_d20_h06_pp05.depth.npy
eworld2/H60_ym_d20_h10_pm05,H60_ym_d20_h10_pm05,eworld2,H60,S1,circle,0.1323,0.2052,0,,ym,2.0,1.0,-5.0,2.4212,2.2336,1.9973,8496,168,62,556,658,723,719,9156,0,660,0.0721,0.0,0.2395,556,654,725,729,770,1,1,37,frames/eworld2/H60_ym_d20_h10_pm05.png,frames/eworld2/H60_ym_d20_h10_pm05.depth.npy
eworld2/H60_ym_d20_h10_pm15,H60_ym_d20_h10_pm15,eworld2,H60,S1,circle,0.1323,0.2052,0,,ym,2.0,1.0,-15.0,2.4212,2.2336,1.9973,7866,160,65,560,486,719,550,8467,0,601,0.071,0.0,0.2816,560,483,721,552,1315,1,1,37,frames/eworld2/H60_ym_d20_h10_pm15.png,frames/eworld2/H60_ym_d20_h10_pm15.depth.npy
eworld2/H60_ym_d20_h15_pm15,H60_ym_d20_h15_pm15,eworld2,H60,S1,circle,0.1323,0.2052,0,,ym,2.0,1.5,-15.0,2.6668,2.4978,1.9973,9302,152,74,564,646,715,719,9850,0,548,0.0556,0.0,0.4499,564,643,717,735,680,1,1,51,frames/eworld2/H60_ym_d20_h15_pm15.png,frames/eworld2/H60_ym_d20_h15_pm15.depth.npy
eworld2/H60_ym_d30_h03_pm05,H60_ym_d30_h03_pm05,eworld2,H60,S1,circle,0.1323,0.2052,0,,ym,3.0,0.3,-5.0,3.219,3.0123,2.9973,713,114,9,583,363,696,371,1024,0,311,0.3037,0.0,0.0,581,360,700,372,874,1,1,23,frames/eworld2/H60_ym_d30_h03_pm05.png,frames/eworld2/H60_ym_d30_h03_pm05.depth.npy
eworld2/H60_ym_d30_h03_pm15,H60_ym_d30_h03_pm15,eworld2,H60,S1,circle,0.1323,0.2052,0,,ym,3.0,0.3,-15.0,3.219,3.0123,2.9973,741,116,9,582,199,697,207,1080,0,339,0.3139,0.0,0.0,580,196,701,208,892,1,1,23,frames/eworld2/H60_ym_d30_h03_pm15.png,frames/eworld2/H60_ym_d30_h03_pm15.depth.npy
eworld2/H60_ym_d30_h03_pp05,H60_ym_d30_h03_pp05,eworld2,H60,S1,circle,0.1323,0.2052,0,,ym,3.0,0.3,5.0,3.219,3.0123,2.9973,744,114,9,583,527,696,535,1084,0,340,0.3137,0.0,0.0,580,524,701,537,877,1,1,24,frames/eworld2/H60_ym_d30_h03_pp05.png,frames/eworld2/H60_ym_d30_h03_pp05.depth.npy
eworld2/H60_ym_d30_h06_pm05,H60_ym_d30_h06_pm05,eworld2,H60,S1,circle,0.1323,0.2052,0,,ym,3.0,0.6,-5.0,3.2607,3.0568,2.9973,1699,116,19,581,444,696,462,2033,0,334,0.1643,0.0,0.0,581,441,700,464,847,1,1,34,frames/eworld2/H60_ym_d30_h06_pm05.png,frames/eworld2/H60_ym_d30_h06_pm05.depth.npy
eworld2/H60_ym_d30_h06_pm15,H60_ym_d30_h06_pm15,eworld2,H60,S1,circle,0.1323,0.2052,0,,ym,3.0,0.6,-15.0,3.2607,3.0568,2.9973,1689,115,19,582,281,696,299,2029,0,340,0.1676,0.0,0.0,581,278,700,301,839,1,1,32,frames/eworld2/H60_ym_d30_h06_pm15.png,frames/eworld2/H60_ym_d30_h06_pm15.depth.npy
eworld2/H60_ym_d30_h06_pp05,H60_ym_d30_h06_pp05,eworld2,H60,S1,circle,0.1323,0.2052,0,,ym,3.0,0.6,5.0,3.2607,3.0568,2.9973,1866,121,21,579,612,699,632,2254,0,388,0.1721,0.0,0.0,579,609,702,633,870,1,1,34,frames/eworld2/H60_ym_d30_h06_pp05.png,frames/eworld2/H60_ym_d30_h06_pp05.depth.npy
eworld2/H60_ym_d30_h10_pm05,H60_ym_d30_h10_pm05,eworld2,H60,S1,circle,0.1323,0.2052,0,,ym,3.0,1.0,-5.0,3.3574,3.1597,2.9973,2935,116,33,582,549,697,581,3282,0,347,0.1057,0.0,0.0337,582,547,699,583,886,1,1,37,frames/eworld2/H60_ym_d30_h10_pm05.png,frames/eworld2/H60_ym_d30_h10_pm05.depth.npy
eworld2/H60_ym_d30_h10_pm15,H60_ym_d30_h10_pm15,eworld2,H60,S1,circle,0.1323,0.2052,0,,ym,3.0,1.0,-15.0,3.3574,3.1597,2.9973,2735,114,32,583,384,696,415,3039,0,304,0.1,0.0,0.0322,583,382,698,417,868,1,1,38,frames/eworld2/H60_ym_d30_h10_pm15.png,frames/eworld2/H60_ym_d30_h10_pm15.depth.npy
eworld2/H60_ym_d30_h15_pm05,H60_ym_d30_h15_pm05,eworld2,H60,S1,circle,0.1323,0.2052,0,,ym,3.0,1.5,-5.0,3.5386,3.3517,2.9973,3924,114,42,583,678,696,719,4260,0,336,0.0789,0.0,0.2074,582,676,698,729,546,1,1,50,frames/eworld2/H60_ym_d30_h15_pm05.png,frames/eworld2/H60_ym_d30_h15_pm05.depth.npy
eworld2/H60_ym_d30_h15_pm15,H60_ym_d30_h15_pm15,eworld2,H60,S1,circle,0.1323,0.2052,0,,ym,3.0,1.5,-15.0,3.5386,3.3517,2.9973,3793,110,45,585,506,694,550,4098,0,305,0.0744,0.0,0.2879,585,503,696,551,877,1,1,51,frames/eworld2/H60_ym_d30_h15_pm15.png,frames/eworld2/H60_ym_d30_h15_pm15.depth.npy
eworld2/H60_ym_d30_h20_pm15,H60_ym_d30_h20_pm15,eworld2,H60,S1,circle,0.1323,0.2052,0,,ym,3.0,2.0,-15.0,3.7778,3.6033,2.9973,4605,106,57,587,618,692,674,4863,0,258,0.0531,0.0,0.451,587,616,694,676,892,1,1,56,frames/eworld2/H60_ym_d30_h20_pm15.png,frames/eworld2/H60_ym_d30_h20_pm15.depth.npy
eworld2/H60_ym_d40_h03_pm05,H60_ym_d40_h03_pm05,eworld2,H60,S1,circle,0.1323,0.2052,0,,ym,4.0,0.3,-5.0,4.2157,4.0085,3.9973,262,82,4,599,344,680,347,455,0,193,0.4242,0.0,0.0,594,342,686,349,660,1,1,26,frames/eworld2/H60_ym_d40_h03_pm05.png,frames/eworld2/H60_ym_d40_h03_pm05.depth.npy
eworld2/H60_ym_d40_h03_pm15,H60_ym_d40_h03_pm15,eworld2,H60,S1,circle,0.1323,0.2052,0,,ym,4.0,0.3,-15.0,4.2157,4.0085,3.9973,294,86,5,597,179,682,183,495,0,201,0.4061,0.0,0.0,594,177,687,184,658,1,1,26,frames/eworld2/H60_ym_d40_h03_pm15.png,frames/eworld2/H60_ym_d40_h03_pm15.depth.npy
eworld2/H60_ym_d40_h03_pp05,H60_ym_d40_h03_pp05,eworld2,H60,S1,circle,0.1323,0.2052,0,,ym,4.0,0.3,5.0,4.2157,4.0085,3.9973,270,80,4,600,508,679,511,463,0,193,0.4168,0.0,0.0,594,505,687,513,679,1,1,26,frames/eworld2/H60_ym_d40_h03_pp05.png,frames/eworld2/H60_ym_d40_h03_pp05.depth.npy
eworld2/H60_ym_d40_h06_pm05,H60_ym_d40_h06_pm05,eworld2,H60,S1,circle,0.1323,0.2052,0,,ym,4.0,0.6,-5.0,4.2476,4.0421,3.9973,706,88,10,596,407,683,416,916,0,210,0.2293,0.0,0.0,595,404,686,418,671,1,1,36,frames/eworld2/H60_ym_d40_h06_pm05.png,frames/eworld2/H60_ym_d40_h06_pm05.depth.npy
eworld2/H60_ym_d40_h06_pm15,H60_ym_d40_h06_pm15,eworld2,H60,S1,circle,0.1323,0.2052,0,,ym,4.0,0.6,-15.0,4.2476,4.0421,3.9973,707,88,10,596,244,683,253,900,0,193,0.2144,0.0,0.0,595,241,686,255,693,1,1,35,frames/eworld2/H60_ym_d40_h06_pm15.png,frames/eworld2/H60_ym_d40_h06_pm15.depth.npy
eworld2/H60_ym_d40_h06_pp05,H60_ym_d40_h06_pp05,eworld2,H60,S1,circle,0.1323,0.2052,0,,ym,4.0,0.6,5.0,4.2476,4.0421,3.9973,767,91,11,594,573,684,583,966,0,199,0.206,0.0,0.0,594,570,687,585,670,1,1,35,frames/eworld2/H60_ym_d40_h06_pp05.png,frames/eworld2/H60_ym_d40_h06_pp05.depth.npy
eworld2/H60_ym_d40_h10_pm05,H60_ym_d40_h10_pm05,eworld2,H60,S1,circle,0.1323,0.2052,0,,ym,4.0,1.0,-5.0,4.3223,4.1205,3.9973,1280,88,19,596,489,683,507,1474,0,194,0.1316,0.0,0.0,595,487,685,509,676,1,1,38,frames/eworld2/H60_ym_d40_h10_pm05.png,frames/eworld2/H60_ym_d40_h10_pm05.depth.npy
eworld2/H60_ym_d40_h10_pm15,H60_ym_d40_h10_pm15,eworld2,H60,S1,circle,0.1323,0.2052,0,,ym,4.0,1.0,-15.0,4.3223,4.1205,3.9973,1237,88,18,596,326,683,343,1423,0,186,0.1307,0.0,0.0,596,323,685,345,675,1,1,39,frames/eworld2/H60_ym_d40_h10_pm15.png,frames/eworld2/H60_ym_d40_h10_pm15.depth.npy
eworld2/H60_ym_d40_h10_pp05,H60_ym_d40_h10_pp05,eworld2,H60,S1,circle,0.1323,0.2052,0,,ym,4.0,1.0,5.0,4.3223,4.1205,3.9973,1443,92,20,594,661,685,680,1656,0,213,0.1286,0.0,0.0,593,658,687,682,715,1,1,38,frames/eworld2/H60_ym_d40_h10_pp05.png,frames/eworld2/H60_ym_d40_h10_pp05.depth.npy
eworld2/H60_ym_d40_h15_pm05,H60_ym_d40_h15_pm05,eworld2,H60,S1,circle,0.1323,0.2052,0,,ym,4.0,1.5,-5.0,4.4645,4.2695,3.9973,1942,88,29,596,590,683,618,2144,0,202,0.0942,0.0,0.105,596,588,685,620,701,1,1,47,frames/eworld2/H60_ym_d40_h15_pm05.png,frames/eworld2/H60_ym_d40_h15_pm05.depth.npy
eworld2/H60_ym_d40_h15_pm15,H60_ym_d40_h15_pm15,eworld2,H60,S1,circle,0.1323,0.2052,0,,ym,4.0,1.5,-15.0,4.4645,4.2695,3.9973,1775,86,28,597,423,682,450,1954,0,179,0.0916,0.0,0.102,597,421,684,451,672,1,1,49,frames/eworld2/H60_ym_d40_h15_pm15.png,frames/eworld2/H60_ym_d40_h15_pm15.depth.npy
eworld2/H60_ym_d40_h20_pm05,H60_ym_d40_h20_pm05,eworld2,H60,S1,circle,0.1323,0.2052,0,,ym,4.0,2.0,-5.0,4.6564,4.4697,3.9973,2192,88,30,596,690,683,719,2384,0,192,0.0805,0.0,0.1679,596,688,685,729,370,1,1,58,frames/eworld2/H60_ym_d40_h20_pm05.png,frames/eworld2/H60_ym_d40_h20_pm05.depth.npy
eworld2/H60_ym_d40_h20_pm15,H60_ym_d40_h20_pm15,eworld2,H60,S1,circle,0.1323,0.2052,0,,ym,4.0,2.0,-15.0,4.6564,4.4697,3.9973,2228,83,35,598,516,680,550,2409,0,181,0.0751,0.0,0.2904,598,514,682,551,673,1,1,58,frames/eworld2/H60_ym_d40_h20_pm15.png,frames/eworld2/H60_ym_d40_h20_pm15.depth.npy
eworld2/H60_ym_d60_h03_pm05,H60_ym_d60_h03_pm05,eworld2,H60,S1,circle,0.1323,0.2052,0,,ym,6.0,0.3,-5.0,6.2122,6.0048,5.9973,54,54,1,613,324,666,324,150,0,96,0.64,0.0,0.0,609,322,671,326,462,1,1,26,frames/eworld2/H60_ym_d60_h03_pm05.png,frames/eworld2/H60_ym_d60_h03_pm05.depth.npy
eworld2/H60_ym_d60_h03_pm15,H60_ym_d60_h03_pm15,eworld2,H60,S1,circle,0.1323,0.2052,0,,ym,6.0,0.3,-15.0,6.2122,6.0048,5.9973,73,40,2,620,158,659,159,151,0,78,0.5166,0.0,0.0,608,156,672,160,481,1,1,26,frames/eworld2/H60_ym_d60_h03_pm15.png,frames/eworld2/H60_ym_d60_h03_pm15.depth.npy
eworld2/H60_ym_d60_h03_pp05,H60_ym_d60_h03_pp05,eworld2,H60,S1,circle,0.1323,0.2052,0,,ym,6.0,0.3,5.0,6.2122,6.0048,5.9973,64,44,2,618,487,661,488,139,0,75,0.5396,0.0,0.0,609,485,672,489,465,1,1,26,frames/eworld2/H60_ym_d60_h03_pp05.png,frames/eworld2/H60_ym_d60_h03_pp05.depth.npy
eworld2/H60_ym_d60_h06_pm05,H60_ym_d60_h06_pm05,eworld2,H60,S1,circle,0.1323,0.2052,0,,ym,6.0,0.6,-5.0,6.2339,6.0272,5.9973,195,57,5,611,367,667,371,277,0,82,0.296,0.0,0.0,609,365,671,372,467,1,1,37,frames/eworld2/H60_ym_d60_h06_pm05.png,frames/eworld2/H60_ym_d60_h06_pm05.depth.npy
eworld2/H60_ym_d60_h06_pm15,H60_ym_d60_h06_pm15,eworld2,H60,S1,circle,0.1323,0.2052,0,,ym,6.0,0.6,-15.0,6.2339,6.0272,5.9973,211,60,5,610,203,669,207,294,0,83,0.2823,0.0,0.0,609,201,672,208,463,1,1,36,frames/eworld2/H60_ym_d60_h06_pm15.png,frames/eworld2/H60_ym_d60_h06_pm15.depth.npy
eworld2/H60_ym_d60_h06_pp05,H60_ym_d60_h06_pp05,eworld2,H60,S1,circle,0.1323,0.2052,0,,ym,6.0,0.6,5.0,6.2339,6.0272,5.9973,196,58,4,611,532,668,535,306,0,110,0.3595,0.0,0.0,609,530,672,537,472,1,1,37,frames/eworld2/H60_ym_d60_h06_pp05.png,frames/eworld2/H60_ym_d60_h06_pp05.depth.npy
eworld2/H60_ym_d60_h10_pm05,H60_ym_d60_h10_pm05,eworld2,H60,S1,circle,0.1323,0.2052,0,,ym,6.0,1.0,-5.0,6.2851,6.0801,5.9973,372,60,9,610,424,669,432,464,0,92,0.1983,0.0,0.0,609,423,671,433,481,1,1,39,frames/eworld2/H60_ym_d60_h10_pm05.png,frames/eworld2/H60_ym_d60_h10_pm05.depth.npy
eworld2/H60_ym_d60_h10_pm15,H60_ym_d60_h10_pm15,eworld2,H60,S1,circle,0.1323,0.2052,0,,ym,6.0,1.0,-15.0,6.2851,6.0801,5.9973,385,60,9,610,261,669,269,481,0,96,0.1996,0.0,0.0,609,260,671,270,468,1,1,40,frames/eworld2/H60_ym_d60_h10_pm15.png,frames/eworld2/H60_ym_d60_h10_pm15.depth.npy
eworld2/H60_ym_d60_h10_pp05,H60_ym_d60_h10_pp05,eworld2,H60,S1,circle,0.1323,0.2052,0,,ym,6.0,1.0,5.0,6.2851,6.0801,5.9973,411,62,9,609,591,670,599,505,0,94,0.1861,0.0,0.0,608,589,672,601,495,1,1,39,frames/eworld2/H60_ym_d60_h10_pp05.png,frames/eworld2/H60_ym_d60_h10_pp05.depth.npy
eworld2/H60_ym_d60_h15_pm05,H60_ym_d60_h15_pm05,eworld2,H60,S1,circle,0.1323,0.2052,0,,ym,6.0,1.5,-5.0,6.3837,6.182,5.9973,596,60,13,610,495,669,507,684,0,88,0.1287,0.0,0.0,609,493,671,509,465,1,1,45,frames/eworld2/H60_ym_d60_h15_pm05.png,frames/eworld2/H60_ym_d60_h15_pm05.depth.npy
eworld2/H60_ym_d60_h15_pm15,H60_ym_d60_h15_pm15,eworld2,H60,S1,circle,0.1323,0.2052,0,,ym,6.0,1.5,-15.0,6.3837,6.182,5.9973,567,59,12,610,332,668,343,662,0,95,0.1435,0.0,0.0,610,330,671,345,460,1,1,45,frames/eworld2/H60_ym_d60_h15_pm15.png,frames/eworld2/H60_ym_d60_h15_pm15.depth.npy
eworld2/H60_ym_d60_h15_pp05,H60_ym_d60_h15_pp05,eworld2,H60,S1,circle,0.1323,0.2052,0,,ym,6.0,1.5,5.0,6.3837,6.182,5.9973,679,62,14,609,667,670,680,777,0,98,0.1261,0.0,0.0,608,665,672,682,482,1,1,43,frames/eworld2/H60_ym_d60_h15_pp05.png,frames/eworld2/H60_ym_d60_h15_pp05.depth.npy
eworld2/H60_ym_d60_h20_pm05,H60_ym_d60_h20_pm05,eworld2,H60,S1,circle,0.1323,0.2052,0,,ym,6.0,2.0,-5.0,6.5194,6.322,5.9973,805,60,17,610,565,669,581,902,0,97,0.1075,0.0,0.0298,610,563,671,583,479,1,1,51,frames/eworld2/H60_ym_d60_h20_pm05.png,frames/eworld2/H60_ym_d60_h20_pm05.depth.npy
eworld2/H60_ym_d60_h20_pm15,H60_ym_d60_h20_pm15,eworld2,H60,S1,circle,0.1323,0.2052,0,,ym,6.0,2.0,-15.0,6.5194,6.322,5.9973,757,58,17,611,399,668,415,844,0,87,0.1031,0.0,0.037,610,397,670,417,481,1,1,54,frames/eworld2/H60_ym_d60_h20_pm15.png,frames/eworld2/H60_ym_d60_h20_pm15.depth.npy
eworld2/H60_ym_d80_h03_pm05,H60_ym_d80_h03_pm05,eworld2,H60,S1,circle,0.1323,0.2052,0,,ym,8.0,0.3,-5.0,8.2105,8.0029,7.9973,22,22,1,629,313,650,313,66,0,44,0.6667,0.0,0.0,616,311,664,314,347,1,1,28,frames/eworld2/H60_ym_d80_h03_pm05.png,frames/eworld2/H60_ym_d80_h03_pm05.depth.npy
eworld2/H60_ym_d80_h03_pm15,H60_ym_d80_h03_pm15,eworld2,H60,S1,circle,0.1323,0.2052,0,,ym,8.0,0.3,-15.0,8.2105,8.0029,7.9973,14,14,1,633,147,646,147,65,0,51,0.7846,0.0,0.0,616,145,665,148,366,1,1,27,frames/eworld2/H60_ym_d80_h03_pm15.png,frames/eworld2/H60_ym_d80_h03_pm15.depth.npy
eworld2/H60_ym_d80_h03_pp05,H60_ym_d80_h03_pp05,eworld2,H60,S1,circle,0.1323,0.2052,0,,ym,8.0,0.3,5.0,8.2105,8.0029,7.9973,34,34,1,623,476,656,476,76,0,42,0.5526,0.0,0.0,616,475,664,477,365,1,1,28,frames/eworld2/H60_ym_d80_h03_pp05.png,frames/eworld2/H60_ym_d80_h03_pp05.depth.npy
eworld2/H60_ym_d80_h06_pm05,H60_ym_d80_h06_pm05,eworld2,H60,S1,circle,0.1323,0.2052,0,,ym,8.0,0.6,-5.0,8.2269,8.0198,7.9973,70,42,2,619,346,660,347,120,0,50,0.4167,0.0,0.0,616,345,664,349,352,1,1,38,frames/eworld2/H60_ym_d80_h06_pm05.png,frames/eworld2/H60_ym_d80_h06_pm05.depth.npy
eworld2/H60_ym_d80_h06_pm15,H60_ym_d80_h06_pm15,eworld2,H60,S1,circle,0.1323,0.2052,0,,ym,8.0,0.6,-15.0,8.2269,8.0198,7.9973,72,42,3,619,181,660,183,138,0,66,0.4783,0.0,0.0,616,180,664,184,366,1,1,40,frames/eworld2/H60_ym_d80_h06_pm15.png,frames/eworld2/H60_ym_d80_h06_pm15.depth.npy
eworld2/H60_ym_d80_h06_pp05,H60_ym_d80_h06_pp05,eworld2,H60,S1,circle,0.1323,0.2052,0,,ym,8.0,0.6,5.0,8.2269,8.0198,7.9973,74,40,2,620,510,659,511,124,0,50,0.4032,0.0,0.0,616,508,664,513,358,1,1,40,frames/eworld2/H60_ym_d80_h06_pp05.png,frames/eworld2/H60_ym_d80_h06_pp05.depth.npy
eworld2/H60_ym_d80_h10_pm05,H60_ym_d80_h10_pm05,eworld2,H60,S1,circle,0.1323,0.2052,0,,ym,8.0,1.0,-5.0,8.2657,8.0596,7.9973,153,44,5,618,390,661,394,201,0,48,0.2388,0.0,0.0,617,388,664,395,359,1,1,44,frames/eworld2/H60_ym_d80_h10_pm05.png,frames/eworld2/H60_ym_d80_h10_pm05.depth.npy
eworld2/H60_ym_d80_h10_pm15,H60_ym_d80_h10_pm15,eworld2,H60,S1,circle,0.1323,0.2052,0,,ym,8.0,1.0,-15.0,8.2657,8.0596,7.9973,150,44,4,618,227,661,230,200,0,50,0.25,0.0,0.0,616,225,664,232,364,1,1,44,frames/eworld2/H60_ym_d80_h10_pm15.png,frames/eworld2/H60_ym_d80_h10_pm15.depth.npy
eworld2/H60_ym_d80_h10_pp05,H60_ym_d80_h10_pp05,eworld2,H60,S1,circle,0.1323,0.2052,0,,ym,8.0,1.0,5.0,8.2657,8.0596,7.9973,165,46,5,617,555,662,559,221,0,56,0.2534,0.0,0.0,616,554,664,561,370,1,1,42,frames/eworld2/H60_ym_d80_h10_pp05.png,frames/eworld2/H60_ym_d80_h10_pp05.depth.npy
eworld2/H60_ym_d80_h15_pm05,H60_ym_d80_h15_pm05,eworld2,H60,S1,circle,0.1323,0.2052,0,,ym,8.0,1.5,-5.0,8.341,8.1368,7.9973,248,44,8,618,444,661,451,297,0,49,0.165,0.0,0.0,617,443,664,452,376,1,1,45,frames/eworld2/H60_ym_d80_h15_pm05.png,frames/eworld2/H60_ym_d80_h15_pm05.depth.npy
eworld2/H60_ym_d80_h15_pm15,H60_ym_d80_h15_pm15,eworld2,H60,S1,circle,0.1323,0.2052,0,,ym,8.0,1.5,-15.0,8.341,8.1368,7.9973,247,44,8,618,281,661,288,306,0,59,0.1928,0.0,0.0,617,280,664,289,363,1,1,49,frames/eworld2/H60_ym_d80_h15_pm15.png,frames/eworld2/H60_ym_d80_h15_pm15.depth.npy
eworld2/H60_ym_d80_h15_pp05,H60_ym_d80_h15_pp05,eworld2,H60,S1,circle,0.1323,0.2052,0,,ym,8.0,1.5,5.0,8.341,8.1368,7.9973,264,47,7,616,613,662,619,318,0,54,0.1698,0.0,0.0,616,611,664,621,377,1,1,46,frames/eworld2/H60_ym_d80_h15_pp05.png,frames/eworld2/H60_ym_d80_h15_pp05.depth.npy
eworld2/H60_ym_d80_h20_pm05,H60_ym_d80_h20_pm05,eworld2,H60,S1,circle,0.1323,0.2052,0,,ym,8.0,2.0,-5.0,8.4452,8.2436,7.9973,346,45,10,617,498,661,507,401,0,55,0.1372,0.0,0.0,617,497,664,509,357,1,1,51,frames/eworld2/H60_ym_d80_h20_pm05.png,frames/eworld2/H60_ym_d80_h20_pm05.depth.npy
eworld2/H60_ym_d80_h20_pm15,H60_ym_d80_h20_pm15,eworld2,H60,S1,circle,0.1323,0.2052,0,,ym,8.0,2.0,-15.0,8.4452,8.2436,7.9973,328,45,9,617,335,661,343,379,0,51,0.1346,0.0,0.0,617,333,663,345,374,1,1,56,frames/eworld2/H60_ym_d80_h20_pm15.png,frames/eworld2/H60_ym_d80_h20_pm15.depth.npy
eworld2/H60_ym_d80_h20_pp05,H60_ym_d80_h20_pp05,eworld2,H60,S1,circle,0.1323,0.2052,0,,ym,8.0,2.0,5.0,8.4452,8.2436,7.9973,382,47,10,616,671,662,680,446,0,64,0.1435,0.0,0.0,616,669,665,682,394,1,1,52,frames/eworld2/H60_ym_d80_h20_pp05.png,frames/eworld2/H60_ym_d80_h20_pp05.depth.npy
eworld2/H98_yp_d03_h03_pm15,H98_yp_d03_h03_pm15,eworld2,H98,S2,square,0.0625,0.141,0,,yp,0.3,0.3,-15.0,0.5202,0.4242,0.3,52006,477,121,400,599,876,719,58900,0,6894,0.117,0.0,0.0,323,585,957,898,2104,1,1,24,frames/eworld2/H98_yp_d03_h03_pm15.png,frames/eworld2/H98_yp_d03_h03_pm15.depth.npy
eworld2/H98_yp_d05_h03_pm05,H98_yp_d05_h03_pm05,eworld2,H98,S2,square,0.0625,0.141,0,,yp,0.5,0.3,-5.0,0.6933,0.5831,0.5,22069,356,67,461,653,816,719,26365,0,4296,0.1629,0.0,0.0,417,641,863,814,1537,1,1,25,frames/eworld2/H98_yp_d05_h03_pm05.png,frames/eworld2/H98_yp_d05_h03_pm05.depth.npy
eworld2/H98_yp_d05_h03_pm15,H98_yp_d05_h03_pm15,eworld2,H98,S2,square,0.0625,0.141,0,,yp,0.5,0.3,-15.0,0.6933,0.5831,0.5,50000,403,144,437,482,839,625,54651,0,4651,0.0851,0.0,0.1438,432,471,848,627,3709,1,1,24,frames/eworld2/H98_yp_d05_h03_pm15.png,frames/eworld2/H98_yp_d05_h03_pm15.depth.npy
eworld2/H98_yp_d07_h03_pm05,H98_yp_d07_h03_pm05,eworld2,H98,S2,square,0.0625,0.141,0,,yp,0.7,0.3,-5.0,0.8778,0.7616,0.7,24888,312,90,483,576,794,665,27778,0,2890,0.104,0.0,0.0,479,566,801,667,2768,1,1,24,frames/eworld2/H98_yp_d07_h03_pm05.png,frames/eworld2/H98_yp_d07_h03_pm05.depth.npy
eworld2/H98_yp_d07_h03_pm15,H98_yp_d07_h03_pm15,eworld2,H98,S2,square,0.0625,0.141,0,,yp,0.7,0.3,-15.0,0.8778,0.7616,0.7,22459,300,84,489,410,788,493,25231,0,2772,0.1099,0.0,0.0,485,401,795,495,2585,1,1,24,frames/eworld2/H98_yp_d07_h03_pm15.png,frames/eworld2/H98_yp_d07_h03_pm15.depth.npy
eworld2/H98_yp_d07_h06_pm15,H98_yp_d07_h06_pm15,eworld2,H98,S2,square,0.0625,0.141,0,,yp,0.7,0.6,-15.0,1.0201,0.9219,0.7,14490,242,63,518,657,759,719,16190,0,1700,0.105,0.0,0.0,500,649,780,807,1091,1,1,29,frames/eworld2/H98_yp_d07_h06_pm15.png,frames/eworld2/H98_yp_d07_h06_pm15.depth.npy
eworld2/H98_yp_d10_h03_pm05,H98_yp_d10_h03_pm05,eworld2,H98,S2,square,0.0625,0.141,0,,yp,1.0,0.3,-5.0,1.1643,1.044,1.0,9521,221,47,529,506,749,552,11095,0,1574,0.1419,0.0,0.0,526,499,754,553,1900,1,1,24,frames/eworld2/H98_yp_d10_h03_pm05.png,frames/eworld2/H98_yp_d10_h03_pm05.depth.npy
eworld2/H98_yp_d10_h03_pm15,H98_yp_d10_h03_pm15,eworld2,H98,S2,square,0.0625,0.141,0,,yp,1.0,0.3,-15.0,1.1643,1.044,1.0,8984,217,45,531,343,747,387,10525,0,1541,0.1464,0.0,0.0,528,335,752,388,1866,1,1,25,frames/eworld2/H98_yp_d10_h03_pm15.png,frames/eworld2/H98_yp_d10_h03_pm15.depth.npy
eworld2/H98_yp_d10_h03_pp05,H98_yp_d10_h03_pp05,eworld2,H98,S2,square,0.0625,0.141,0,,yp,1.0,0.3,5.0,1.1643,1.044,1.0,8539,224,41,527,679,750,719,10333,0,1794,0.1736,0.0,0.0,520,671,760,731,903,1,1,25,frames/eworld2/H98_yp_d10_h03_pp05.png,frames/eworld2/H98_yp_d10_h03_pp05.depth.npy
eworld2/H98_yp_d10_h06_pm05,H98_yp_d10_h06_pm05,eworld2,H98,S2,square,0.0625,0.141,0,,yp,1.0,0.6,-5.0,1.275,1.1662,1.0,362,181,2,549,718,729,719,1632,0,1270,0.7782,0.0,0.0,528,710,752,814,622,1,1,27,frames/eworld2/H98_yp_d10_h06_pm05.png,frames/eworld2/H98_yp_d10_h06_pm05.depth.npy
eworld2/H98_yp_d10_h06_pm15,H98_yp_d10_h06_pm15,eworld2,H98,S2,square,0.0625,0.141,0,,yp,1.0,0.6,-15.0,1.275,1.1662,1.0,16002,205,85,537,541,741,625,17218,0,1216,0.0706,0.0,0.1597,536,534,744,627,1998,1,1,29,frames/eworld2/H98_yp_d10_h06_pm15.png,frames/eworld2/H98_yp_d10_h06_pm15.depth.npy
eworld2/H98_yp_d15_h03_pm05,H98_yp_d15_h03_pm05,eworld2,H98,S2,square,0.0625,0.141,0,,yp,1.5,0.3,-5.0,1.6525,1.5297,1.5,2951,149,21,565,442,713,462,3700,0,749,0.2024,0.0,0.0,563,436,717,463,1241,1,1,25,frames/eworld2/H98_yp_d15_h03_pm05.png,frames/eworld2/H98_yp_d15_h03_pm05.depth.npy
eworld2/H98_yp_d15_h03_pm15,H98_yp_d15_h03_pm15,eworld2,H98,S2,square,0.0625,0.141,0,,yp,1.5,0.3,-15.0,1.6525,1.5297,1.5,2943,147,21,566,279,712,299,3692,0,749,0.2029,0.0,0.0,563,274,717,300,1215,1,1,25,frames/eworld2/H98_yp_d15_h03_pm15.png,frames/eworld2/H98_yp_d15_h03_pm15.depth.npy
eworld2/H98_yp_d15_h03_pp05,H98_yp_d15_h03_pp05,eworld2,H98,S2,square,0.0625,0.141,0,,yp,1.5,0.3,5.0,1.6525,1.5297,1.5,3190,153,22,563,610,715,631,3967,0,777,0.1959,0.0,0.0,560,604,720,633,1261,1,1,24,frames/eworld2/H98_yp_d15_h03_pp05.png,frames/eworld2/H98_yp_d15_h03_pp05.depth.npy
eworld2/H98_yp_d15_h06_pm05,H98_yp_d15_h06_pm05,eworld2,H98,S2,square,0.0625,0.141,0,,yp,1.5,0.6,-5.0,1.7322,1.6155,1.5,6277,149,45,565,596,713,640,7003,0,726,0.1037,0.0,0.0,564,590,716,642,1378,1,1,28,frames/eworld2/H98_yp_d15_h06_pm05.png,frames/eworld2/H98_yp_d15_h06_pm05.depth.npy
eworld2/H98_yp_d15_h06_pm15,H98_yp_d15_h06_pm15,eworld2,H98,S2,square,0.0625,0.141,0,,yp,1.5,0.6,-15.0,1.7322,1.6155,1.5,5670,143,42,568,429,710,470,6372,0,702,0.1102,0.0,0.0,567,423,713,472,1346,1,1,28,frames/eworld2/H98_yp_d15_h06_pm15.png,frames/eworld2/H98_yp_d15_h06_pm15.depth.npy
eworld2/H98_yp_d15_h10_pm15,H98_yp_d15_h10_pm15,eworld2,H98,S2,square,0.0625,0.141,0,,yp,1.5,1.0,-15.0,1.908,1.8028,1.5,8422,135,66,572,609,706,674,8951,0,529,0.0591,0.0,0.2562,571,605,709,675,1420,1,1,38,frames/eworld2/H98_yp_d15_h10_pm15.png,frames/eworld2/H98_yp_d15_h10_pm15.depth.npy
eworld2/H98_yp_d20_h03_pm05,H98_yp_d20_h03_pm05,eworld2,H98,S2,square,0.0625,0.141,0,,yp,2.0,0.3,-5.0,2.1461,2.0224,2.0,1181,111,11,584,406,694,416,1630,0,449,0.2755,0.0,0.0,582,402,698,418,910,1,1,26,frames/eworld2/H98_yp_d20_h03_pm05.png,frames/eworld2/H98_yp_d20_h03_pm05.depth.npy
eworld2/H98_yp_d20_h03_pm15,H98_yp_d20_h03_pm15,eworld2,H98,S2,square,0.0625,0.141,0,,yp,2.0,0.3,-15.0,2.1461,2.0224,2.0,1188,112,11,584,243,695,253,1644,0,456,0.2774,0.0,0.0,582,238,698,255,918,1,1,26,frames/eworld2/H98_yp_d20_h03_pm15.png,frames/eworld2/H98_yp_d20_h03_pm15.depth.npy
eworld2/H98_yp_d20_h03_pp05,H98_yp_d20_h03_pp05,eworld2,H98,S2,square,0.0625,0.141,0,,yp,2.0,0.3,5.0,2.1461,2.0224,2.0,1324,115,12,582,572,696,583,1788,0,464,0.2595,0.0,0.0,580,568,700,585,937,1,1,26,frames/eworld2/H98_yp_d20_h03_pp05.png,frames/eworld2/H98_yp_d20_h03_pp05.depth.npy
eworld2/H98_yp_d20_h06_pm05,H98_yp_d20_h06_pm05,eworld2,H98,S2,square,0.0625,0.141,0,,yp,2.0,0.6,-5.0,2.2081,2.0881,2.0,2790,113,26,583,527,695,552,3231,0,441,0.1365,0.0,0.0,583,523,697,553,1018,1,1,29,frames/eworld2/H98_yp_d20_h06_pm05.png,frames/eworld2/H98_yp_d20_h06_pm05.depth.npy
eworld2/H98_yp_d20_h06_pm15,H98_yp_d20_h06_pm15,eworld2,H98,S2,square,0.0625,0.141,0,,yp,2.0,0.6,-15.0,2.2081,2.0881,2.0,2635,110,25,585,363,694,387,3074,0,439,0.1428,0.0,0.0,584,358,696,388,984,1,1,29,frames/eworld2/H98_yp_d20_h06_pm15.png,frames/eworld2/H98_yp_d20_h06_pm15.depth.npy
eworld2/H98_yp_d20_h06_pp05,H98_yp_d20_h06_pp05,eworld2,H98,S2,square,0.0625,0.141,0,,yp,2.0,0.6,5.0,2.2081,2.0881,2.0,1990,114,18,583,702,696,719,2443,0,453,0.1854,0.0,0.0,580,697,700,731,478,1,1,29,frames/eworld2/H98_yp_d20_h06_pp05.png,frames/eworld2/H98_yp_d20_h06_pp05.depth.npy
eworld2/H98_yp_d20_h10_pm05,H98_yp_d20_h10_pm05,eworld2,H98,S2,square,0.0625,0.141,0,,yp,2.0,1.0,-5.0,2.3485,2.2361,2.0,3776,109,36,585,684,693,719,4200,0,424,0.101,0.0,0.0,584,679,696,729,581,1,1,37,frames/eworld2/H98_yp_d20_h10_pm05.png,frames/eworld2/H98_yp_d20_h10_pm05.depth.npy
eworld2/H98_yp_d20_h10_pm15,H98_yp_d20_h10_pm15,eworld2,H98,S2,square,0.0625,0.141,0,,yp,2.0,1.0,-15.0,2.3485,2.2361,2.0,4135,106,41,587,510,692,550,4448,0,313,0.0704,0.0,0.023,586,506,694,551,1039,1,1,39,frames/eworld2/H98_yp_d20_h10_pm15.png,frames/eworld2/H98_yp_d20_h10_pm15.depth.npy
eworld2/H98_yp_d20_h15_pm15,H98_yp_d20_h15_pm15,eworld2,H98,S2,square,0.0625,0.141,0,,yp,2.0,1.5,-15.0,2.6011,2.5,2.0,3962,98,42,591,678,688,719,4254,0,292,0.0686,0.0,0.1373,589,675,691,734,558,1,1,44,frames/eworld2/H98_yp_d20_h15_pm15.png,frames/eworld2/H98_yp_d20_h15_pm15.depth.npy
eworld2/H98_yp_d40_h03_pm05,H98_yp_d40_h03_pm05,eworld2,H98,S2,square,0.0625,0.141,0,,yp,4.0,0.3,-5.0,4.1359,4.0112,4.0,56,56,1,612,347,667,347,224,0,168,0.75,0.0,0.0,610,344,670,349,453,1,1,22,frames/eworld2/H98_yp_d40_h03_pm05.png,frames/eworld2/H98_yp_d40_h03_pm05.depth.npy
eworld2/H98_yp_d40_h03_pm15,H98_yp_d40_h03_pm15,eworld2,H98,S2,square,0.0625,0.141,0,,yp,4.0,0.3,-15.0,4.1359,4.0112,4.0,113,57,2,611,182,667,183,230,0,117,0.5087,0.0,0.0,610,179,670,184,469,1,1,25,frames/eworld2/H98_yp_d40_h03_pm15.png,frames/eworld2/H98_yp_d40_h03_pm15.depth.npy
eworld2/H98_yp_d40_h03_pp05,H98_yp_d40_h03_pp05,eworld2,H98,S2,square,0.0625,0.141,0,,yp,4.0,0.3,5.0,4.1359,4.0112,4.0,112,56,2,612,510,667,511,228,0,116,0.5088,0.0,0.0,610,508,670,513,459,1,1,22,frames/eworld2/H98_yp_d40_h03_pp05.png,frames/eworld2/H98_yp_d40_h03_pp05.depth.npy
eworld2/H98_yp_d40_h06_pm05,H98_yp_d40_h06_pm05,eworld2,H98,S2,square,0.0625,0.141,0,,yp,4.0,0.6,-5.0,4.1684,4.0447,4.0,279,56,5,612,412,667,416,446,0,167,0.3744,0.0,0.0,611,409,669,418,483,1,1,29,frames/eworld2/H98_yp_d40_h06_pm05.png,frames/eworld2/H98_yp_d40_h06_pm05.depth.npy
eworld2/H98_yp_d40_h06_pm15,H98_yp_d40_h06_pm15,eworld2,H98,S2,square,0.0625,0.141,0,,yp,4.0,0.6,-15.0,4.1684,4.0447,4.0,335,57,6,611,248,667,253,450,0,115,0.2556,0.0,0.0,611,246,669,255,479,1,1,31,frames/eworld2/H98_yp_d40_h06_pm15.png,frames/eworld2/H98_yp_d40_h06_pm15.depth.npy
eworld2/H98_yp_d40_h06_pp05,H98_yp_d40_h06_pp05,eworld2,H98,S2,square,0.0625,0.141,0,,yp,4.0,0.6,5.0,4.1684,4.0447,4.0,344,58,6,611,578,668,583,458,0,114,0.2489,0.0,0.0,610,575,670,585,501,1,1,28,frames/eworld2/H98_yp_d40_h06_pp05.png,frames/eworld2/H98_yp_d40_h06_pp05.depth.npy
eworld2/H98_yp_d40_h10_pm05,H98_yp_d40_h10_pm05,eworld2,H98,S2,square,0.0625,0.141,0,,yp,4.0,1.0,-5.0,4.2445,4.1231,4.0,610,57,11,611,497,667,507,722,0,112,0.1551,0.0,0.0,611,494,669,509,518,1,1,31,frames/eworld2/H98_yp_d40_h10_pm05.png,frames/eworld2/H98_yp_d40_h10_pm05.depth.npy
eworld2/H98_yp_d40_h10_pm15,H98_yp_d40_h10_pm15,eworld2,H98,S2,square,0.0625,0.141,0,,yp,4.0,1.0,-15.0,4.2445,4.1231,4.0,603,56,11,612,333,667,343,714,0,111,0.1555,0.0,0.0,611,331,669,345,506,1,1,33,frames/eworld2/H98_yp_d40_h10_pm15.png,frames/eworld2/H98_yp_d40_h10_pm15.depth.npy
eworld2/H98_yp_d40_h10_pp05,H98_yp_d40_h10_pp05,eworld2,H98,S2,square,0.0625,0.141,0,,yp,4.0,1.0,5.0,4.2445,4.1231,4.0,694,59,12,610,669,668,680,812,0,118,0.1453,0.0,0.0,610,666,670,682,533,1,1,31,frames/eworld2/H98_yp_d40_h10_pp05.png,frames/eworld2/H98_yp_d40_h10_pp05.depth.npy
eworld2/H98_yp_d40_h15_pm05,H98_yp_d40_h15_pm05,eworld2,H98,S2,square,0.0625,0.141,0,,yp,4.0,1.5,-5.0,4.3893,4.272,4.0,933,56,17,612,602,667,618,1044,0,111,0.1063,0.0,0.0,611,599,669,620,548,1,1,42,frames/eworld2/H98_yp_d40_h15_pm05.png,frames/eworld2/H98_yp_d40_h15_pm05.depth.npy
eworld2/H98_yp_d40_h15_pm15,H98_yp_d40_h15_pm15,eworld2,H98,S2,square,0.0625,0.141,0,,yp,4.0,1.5,-15.0,4.3893,4.272,4.0,903,54,17,613,434,666,450,1010,0,107,0.1059,0.0,0.0,612,432,668,451,530,1,1,45,frames/eworld2/H98_yp_d40_h15_pm15.png,frames/eworld2/H98_yp_d40_h15_pm15.depth.npy
eworld2/H98_yp_d40_h20_pm05,H98_yp_d40_h20_pm05,eworld2,H98,S2,square,0.0625,0.141,0,,yp,4.0,2.0,-5.0,4.5843,4.4721,4.0,808,54,15,613,705,666,719,916,0,108,0.1179,0.0,0.0,612,702,668,729,274,1,1,47,frames/eworld2/H98_yp_d40_h20_pm05.png,frames/eworld2/H98_yp_d40_h20_pm05.depth.npy
eworld2/H98_yp_d40_h20_pm15,H98_yp_d40_h20_pm15,eworld2,H98,S2,square,0.0625,0.141,0,,yp,4.0,2.0,-15.0,4.5843,4.4721,4.0,1135,53,22,613,529,665,550,1190,0,55,0.0462,0.0,0.0441,613,527,667,551,560,1,1,46,frames/eworld2/H98_yp_d40_h20_pm15.png,frames/eworld2/H98_yp_d40_h20_pm15.depth.npy
eworld2/H98_yp_d60_h03_pm05,H98_yp_d60_h03_pm05,eworld2,H98,S2,square,0.0625,0.141,0,,yp,6.0,0.3,-5.0,6.1323,6.0075,6.0,0,0,0,-1,-1,-1,-1,76,0,76,1.0,0.0,,620,323,660,326,309,1,1,19,frames/eworld2/H98_yp_d60_h03_pm05.png,frames/eworld2/H98_yp_d60_h03_pm05.depth.npy
eworld2/H98_yp_d60_h03_pm15,H98_yp_d60_h03_pm15,eworld2,H98,S2,square,0.0625,0.141,0,,yp,6.0,0.3,-15.0,6.1323,6.0075,6.0,38,38,1,621,159,658,159,78,0,40,0.5128,0.0,0.0,620,157,660,160,319,1,1,20,frames/eworld2/H98_yp_d60_h03_pm15.png,frames/eworld2/H98_yp_d60_h03_pm15.depth.npy
eworld2/H98_yp_d60_h03_pp05,H98_yp_d60_h03_pp05,eworld2,H98,S2,square,0.0625,0.141,0,,yp,6.0,0.3,5.0,6.1323,6.0075,6.0,38,38,1,621,488,658,488,78,0,40,0.5128,0.0,0.0,620,486,660,489,319,1,1,19,frames/eworld2/H98_yp_d60_h03_pp05.png,frames/eworld2/H98_yp_d60_h03_pp05.depth.npy
eworld2/H98_yp_d60_h06_pm05,H98_yp_d60_h06_pm05,eworld2,H98,S2,square,0.0625,0.141,0,,yp,6.0,0.6,-5.0,6.1543,6.0299,6.0,114,38,3,621,369,658,371,152,0,38,0.25,0.0,0.0,620,367,660,372,323,1,1,31,frames/eworld2/H98_yp_d60_h06_pm05.png,frames/eworld2/H98_yp_d60_h06_pm05.depth.npy
eworld2/H98_yp_d60_h06_pm15,H98_yp_d60_h06_pm15,eworld2,H98,S2,square,0.0625,0.141,0,,yp,6.0,0.6,-15.0,6.1543,6.0299,6.0,114,38,3,621,205,658,207,154,0,40,0.2597,0.0,0.0,620,203,660,208,335,1,1,30,frames/eworld2/H98_yp_d60_h06_pm15.png,frames/eworld2/H98_yp_d60_h06_pm15.depth.npy
eworld2/H98_yp_d60_h06_pp05,H98_yp_d60_h06_pp05,eworld2,H98,S2,square,0.0625,0.141,0,,yp,6.0,0.6,5.0,6.1543,6.0299,6.0,76,38,2,621,534,658,535,154,0,78,0.5065,0.0,0.0,620,532,660,537,335,1,1,29,frames/eworld2/H98_yp_d60_h06_pp05.png,frames/eworld2/H98_yp_d60_h06_pp05.depth.npy
eworld2/H98_yp_d60_h10_pm05,H98_yp_d60_h10_pm05,eworld2,H98,S2,square,0.0625,0.141,0,,yp,6.0,1.0,-5.0,6.2061,6.0828,6.0,189,38,5,621,428,658,432,228,0,39,0.1711,0.0,0.0,620,426,660,433,323,1,1,36,frames/eworld2/H98_yp_d60_h10_pm05.png,frames/eworld2/H98_yp_d60_h10_pm05.depth.npy
eworld2/H98_yp_d60_h10_pm15,H98_yp_d60_h10_pm15,eworld2,H98,S2,square,0.0625,0.141,0,,yp,6.0,1.0,-15.0,6.2061,6.0828,6.0,189,38,5,621,265,658,269,228,0,39,0.1711,0.0,0.0,620,263,660,270,323,1,1,35,frames/eworld2/H98_yp_d60_h10_pm15.png,frames/eworld2/H98_yp_d60_h10_pm15.depth.npy
eworld2/H98_yp_d60_h10_pp05,H98_yp_d60_h10_pp05,eworld2,H98,S2,square,0.0625,0.141,0,,yp,6.0,1.0,5.0,6.2061,6.0828,6.0,192,39,5,620,595,658,599,232,0,40,0.1724,0.0,0.0,620,593,660,601,345,1,1,32,frames/eworld2/H98_yp_d60_h10_pp05.png,frames/eworld2/H98_yp_d60_h10_pp05.depth.npy
eworld2/H98_yp_d60_h15_pm05,H98_yp_d60_h15_pm05,eworld2,H98,S2,square,0.0625,0.141,0,,yp,6.0,1.5,-5.0,6.306,6.1847,6.0,264,38,7,621,501,658,507,338,0,74,0.2189,0.0,0.0,620,499,660,509,346,1,1,42,frames/eworld2/H98_yp_d60_h15_pm05.png,frames/eworld2/H98_yp_d60_h15_pm05.depth.npy
eworld2/H98_yp_d60_h15_pm15,H98_yp_d60_h15_pm15,eworld2,H98,S2,square,0.0625,0.141,0,,yp,6.0,1.5,-15.0,6.306,6.1847,6.0,258,38,7,621,337,658,343,296,0,38,0.1284,0.0,0.0,621,335,659,345,343,1,1,44,frames/eworld2/H98_yp_d60_h15_pm15.png,frames/eworld2/H98_yp_d60_h15_pm15.depth.npy
eworld2/H98_yp_d60_h15_pp05,H98_yp_d60_h15_pp05,eworld2,H98,S2,square,0.0625,0.141,0,,yp,6.0,1.5,5.0,6.306,6.1847,6.0,312,40,8,620,673,659,680,390,0,78,0.2,0.0,0.0,620,671,660,682,371,1,1,37,frames/eworld2/H98_yp_d60_h15_pp05.png,frames/eworld2/H98_yp_d60_h15_pp05.depth.npy
eworld2/H98_yp_d60_h20_pm05,H98_yp_d60_h20_pm05,eworld2,H98,S2,square,0.0625,0.141,0,,yp,6.0,2.0,-5.0,6.4433,6.3245,6.0,370,38,10,621,572,658,581,408,0,38,0.0931,0.0,0.0,621,570,659,583,364,1,1,49,frames/eworld2/H98_yp_d60_h20_pm05.png,frames/eworld2/H98_yp_d60_h20_pm05.depth.npy
eworld2/H98_yp_d60_h20_pm15,H98_yp_d60_h20_pm15,eworld2,H98,S2,square,0.0625,0.141,0,,yp,6.0,2.0,-15.0,6.4433,6.3245,6.0,360,36,10,622,406,657,415,396,0,36,0.0909,0.0,0.0,621,404,659,416,358,1,1,51,frames/eworld2/H98_yp_d60_h20_pm15.png,frames/eworld2/H98_yp_d60_h20_pm15.depth.npy
eworld2/H98_yp_d80_h03_pm05,H98_yp_d80_h03_pm05,eworld2,H98,S2,square,0.0625,0.141,0,,yp,8.0,0.3,-5.0,8.1305,8.0056,8.0,0,0,0,-1,-1,-1,-1,30,0,30,1.0,0.0,,625,312,655,314,240,1,1,16,frames/eworld2/H98_yp_d80_h03_pm05.png,frames/eworld2/H98_yp_d80_h03_pm05.depth.npy
eworld2/H98_yp_d80_h03_pm15,H98_yp_d80_h03_pm15,eworld2,H98,S2,square,0.0625,0.141,0,,yp,8.0,0.3,-15.0,8.1305,8.0056,8.0,0,0,0,-1,-1,-1,-1,58,0,58,1.0,0.0,,625,146,655,148,249,1,1,17,frames/eworld2/H98_yp_d80_h03_pm15.png,frames/eworld2/H98_yp_d80_h03_pm15.depth.npy
eworld2/H98_yp_d80_h03_pp05,H98_yp_d80_h03_pp05,eworld2,H98,S2,square,0.0625,0.141,0,,yp,8.0,0.3,5.0,8.1305,8.0056,8.0,0,0,0,-1,-1,-1,-1,30,0,30,1.0,0.0,,625,475,655,477,240,1,1,16,frames/eworld2/H98_yp_d80_h03_pp05.png,frames/eworld2/H98_yp_d80_h03_pp05.depth.npy
eworld2/H98_yp_d80_h06_pm05,H98_yp_d80_h06_pm05,eworld2,H98,S2,square,0.0625,0.141,0,,yp,8.0,0.6,-5.0,8.1471,8.0225,8.0,28,28,1,626,347,653,347,56,0,28,0.5,0.0,0.0,625,346,655,349,251,1,1,30,frames/eworld2/H98_yp_d80_h06_pm05.png,frames/eworld2/H98_yp_d80_h06_pm05.depth.npy
eworld2/H98_yp_d80_h06_pm15,H98_yp_d80_h06_pm15,eworld2,H98,S2,square,0.0625,0.141,0,,yp,8.0,0.6,-15.0,8.1471,8.0225,8.0,29,29,1,625,183,653,183,58,0,29,0.5,0.0,0.0,625,181,655,184,249,1,1,30,frames/eworld2/H98_yp_d80_h06_pm15.png,frames/eworld2/H98_yp_d80_h06_pm15.depth.npy
eworld2/H98_yp_d80_h06_pp05,H98_yp_d80_h06_pp05,eworld2,H98,S2,square,0.0625,0.141,0,,yp,8.0,0.6,5.0,8.1471,8.0225,8.0,28,28,1,626,511,653,511,58,0,30,0.5172,0.0,0.0,625,510,655,513,249,1,1,29,frames/eworld2/H98_yp_d80_h06_pp05.png,frames/eworld2/H98_yp_d80_h06_pp05.depth.npy
eworld2/H98_yp_d80_h10_pm05,H98_yp_d80_h10_pm05,eworld2,H98,S2,square,0.0625,0.141,0,,yp,8.0,1.0,-5.0,8.1863,8.0623,8.0,84,28,3,626,392,653,394,112,0,28,0.25,0.0,0.0,625,391,655,395,253,1,1,35,frames/eworld2/H98_yp_d80_h10_pm05.png,frames/eworld2/H98_yp_d80_h10_pm05.depth.npy
eworld2/H98_yp_d80_h10_pm15,H98_yp_d80_h10_pm15,eworld2,H98,S2,square,0.0625,0.141,0,,yp,8.0,1.0,-15.0,8.1863,8.0623,8.0,56,28,2,626,229,653,230,84,0,28,0.3333,0.0,0.0,625,227,655,232,260,1,1,34,frames/eworld2/H98_yp_d80_h10_pm15.png,frames/eworld2/H98_yp_d80_h10_pm15.depth.npy
eworld2/H98_yp_d80_h10_pp05,H98_yp_d80_h10_pp05,eworld2,H98,S2,square,0.0625,0.141,0,,yp,8.0,1.0,5.0,8.1863,8.0623,8.0,59,30,2,625,558,654,559,116,0,57,0.4914,0.0,0.0,625,556,655,561,263,1,1,33,frames/eworld2/H98_yp_d80_h10_pp05.png,frames/eworld2/H98_yp_d80_h10_pp05.depth.npy
eworld2/H98_yp_d80_h15_pm05,H98_yp_d80_h15_pm05,eworld2,H98,S2,square,0.0625,0.141,0,,yp,8.0,1.5,-5.0,8.2623,8.1394,8.0,112,28,4,626,448,653,451,168,0,56,0.3333,0.0,0.0,625,446,655,452,267,1,1,41,frames/eworld2/H98_yp_d80_h15_pm05.png,frames/eworld2/H98_yp_d80_h15_pm05.depth.npy
eworld2/H98_yp_d80_h15_pm15,H98_yp_d80_h15_pm15,eworld2,H98,S2,square,0.0625,0.141,0,,yp,8.0,1.5,-15.0,8.2623,8.1394,8.0,112,28,4,626,285,653,288,140,0,28,0.2,0.0,0.0,625,283,655,289,260,1,1,40,frames/eworld2/H98_yp_d80_h15_pm15.png,frames/eworld2/H98_yp_d80_h15_pm15.depth.npy
eworld2/H98_yp_d80_h15_pp05,H98_yp_d80_h15_pp05,eworld2,H98,S2,square,0.0625,0.141,0,,yp,8.0,1.5,5.0,8.2623,8.1394,8.0,118,30,4,625,616,654,619,148,0,30,0.2027,0.0,0.0,625,614,655,621,268,1,1,39,frames/eworld2/H98_yp_d80_h15_pp05.png,frames/eworld2/H98_yp_d80_h15_pp05.depth.npy
eworld2/H98_yp_d80_h20_pm05,H98_yp_d80_h20_pm05,eworld2,H98,S2,square,0.0625,0.141,0,,yp,8.0,2.0,-5.0,8.3675,8.2462,8.0,168,28,6,626,502,653,507,196,0,28,0.1429,0.0,0.0,625,501,655,509,274,1,1,45,frames/eworld2/H98_yp_d80_h20_pm05.png,frames/eworld2/H98_yp_d80_h20_pm05.depth.npy
eworld2/H98_yp_d80_h20_pm15,H98_yp_d80_h20_pm15,eworld2,H98,S2,square,0.0625,0.141,0,,yp,8.0,2.0,-15.0,8.3675,8.2462,8.0,140,28,5,626,339,653,343,168,0,28,0.1667,0.0,0.0,625,337,655,345,267,1,1,47,frames/eworld2/H98_yp_d80_h20_pm15.png,frames/eworld2/H98_yp_d80_h20_pm15.depth.npy
eworld2/H98_yp_d80_h20_pp05,H98_yp_d80_h20_pp05,eworld2,H98,S2,square,0.0625,0.141,0,,yp,8.0,2.0,5.0,8.3675,8.2462,8.0,179,30,6,625,675,654,680,210,0,31,0.1476,0.0,0.0,625,673,655,682,274,1,1,42,frames/eworld2/H98_yp_d80_h20_pp05.png,frames/eworld2/H98_yp_d80_h20_pp05.depth.npy
expandedworld/H00_occ344_e06_h06_pm15,H00_occ344_e06_h06_pm15,expandedworld,H00,L1,circle,0.7351,0.4837,1,aws_robomaker_warehouse_ClutteringC_01_029_clone,occ,6.898,0.6,-15.0,7.9582,7.4754,7.4513,0,0,0,-1,-1,-1,-1,812,812,0,1.0,1.0,,582,180,698,190,857,1,0,41,frames/expandedworld/H00_occ344_e06_h06_pm15.png,frames/expandedworld/H00_occ344_e06_h06_pm15.depth.npy
expandedworld/H00_occ344_e06_h10_pm05,H00_occ344_e06_h10_pm05,expandedworld,H00,L1,circle,0.7351,0.4837,1,aws_robomaker_warehouse_ClutteringC_01_029_clone,occ,6.898,1.0,-5.0,7.9983,7.5181,7.4513,0,0,0,-1,-1,-1,-1,1257,1257,0,1.0,1.0,,583,388,697,403,823,1,0,50,frames/expandedworld/H00_occ344_e06_h10_pm05.png,frames/expandedworld/H00_occ344_e06_h10_pm05.depth.npy
expandedworld/H00_occ344_e12_h03_pm15,H00_occ344_e12_h03_pm15,expandedworld,H00,L1,circle,0.7351,0.4837,1,aws_robomaker_warehouse_ClutteringC_01_029_clone,occ,7.498,0.3,-15.0,8.5408,8.0568,8.0512,0,0,0,-1,-1,-1,-1,327,327,0,1.0,1.0,,585,143,695,148,793,1,0,33,frames/expandedworld/H00_occ344_e12_h03_pm15.png,frames/expandedworld/H00_occ344_e12_h03_pm15.depth.npy
expandedworld/H00_occ344_e12_h06_pm05,H00_occ344_e12_h06_pm05,expandedworld,H00,L1,circle,0.7351,0.4837,1,aws_robomaker_warehouse_ClutteringC_01_029_clone,occ,7.498,0.6,-5.0,8.5566,8.0735,8.0512,0,0,0,-1,-1,-1,-1,607,607,0,1.0,1.0,,587,340,693,349,761,1,0,43,frames/expandedworld/H00_occ344_e12_h06_pm05.png,frames/expandedworld/H00_occ344_e12_h06_pm05.depth.npy
expandedworld/H00_occ344_e12_h15_pm15,H00_occ344_e12_h15_pm15,expandedworld,H00,L1,circle,0.7351,0.4837,1,aws_robomaker_warehouse_ClutteringC_01_029_clone,occ,7.498,1.5,-15.0,8.6663,8.1897,8.0512,0,0,0,-1,-1,-1,-1,1491,1491,0,1.0,1.0,,587,269,693,288,784,1,0,60,frames/expandedworld/H00_occ344_e12_h15_pm15.png,frames/expandedworld/H00_occ344_e12_h15_pm15.depth.npy
expandedworld/H00_occ754_e06_h03_pm15,H00_occ754_e06_h03_pm15,expandedworld,H00,L1,circle,0.7351,0.4837,1,aws_robomaker_warehouse_ClutteringA_01_016,occ,3.903,0.3,-15.0,4.9131,4.4301,4.4199,0,0,0,-1,-1,-1,-1,1753,1753,0,1.0,1.0,,545,165,734,178,1337,1,0,19,frames/expandedworld/H00_occ754_e06_h03_pm15.png,frames/expandedworld/H00_occ754_e06_h03_pm15.depth.npy
expandedworld/H00_occ754_e06_h06_pm05,H00_occ754_e06_h06_pm05,expandedworld,H00,L1,circle,0.7351,0.4837,1,aws_robomaker_warehouse_ClutteringA_01_016,occ,3.903,0.6,-5.0,4.9405,4.4604,4.4199,0,0,0,-1,-1,-1,-1,3224,3224,0,1.0,1.0,,547,381,731,405,1341,1,0,26,frames/expandedworld/H00_occ754_e06_h06_pm05.png,frames/expandedworld/H00_occ754_e06_h06_pm05.depth.npy
expandedworld/H00_occ754_e06_h15_pm15,H00_occ754_e06_h15_pm15,expandedworld,H00,L1,circle,0.7351,0.4837,1,aws_robomaker_warehouse_ClutteringA_01_016,occ,3.903,1.5,-15.0,5.1282,4.6675,4.4199,3097,109,50,552,371,660,420,7194,3904,193,0.5695,0.5427,0.4637,551,368,728,421,1310,1,1,34,frames/expandedworld/H00_occ754_e06_h15_pm15.png,frames/expandedworld/H00_occ754_e06_h15_pm15.depth.npy
expandedworld/H00_occ754_e12_h03_pm05,H00_occ754_e12_h03_pm05,expandedworld,H00,L1,circle,0.7351,0.4837,1,aws_robomaker_warehouse_ClutteringA_01_016,occ,4.503,0.3,-5.0,5.5122,5.029,5.02,0,0,0,-1,-1,-1,-1,1158,1158,0,1.0,1.0,,557,325,722,335,1231,1,0,20,frames/expandedworld/H00_occ754_e12_h03_pm05.png,frames/expandedworld/H00_occ754_e12_h03_pm05.depth.npy
expandedworld/H00_occ754_e12_h10_pm15,H00_occ754_e12_h10_pm15,expandedworld,H00,L1,circle,0.7351,0.4837,1,aws_robomaker_warehouse_ClutteringA_01_016,occ,4.503,1.0,-15.0,5.5942,5.1186,5.02,0,0,0,-1,-1,-1,-1,3714,3714,0,1.0,1.0,,558,269,721,300,1176,1,0,33,frames/expandedworld/H00_occ754_e12_h10_pm15.png,frames/expandedworld/H00_occ754_e12_h10_pm15.depth.npy
expandedworld/H00_occ754_e12_h15_pm05,H00_occ754_e12_h15_pm05,expandedworld,H00,L1,circle,0.7351,0.4837,1,aws_robomaker_warehouse_ClutteringA_01_016,occ,4.503,1.5,-5.0,5.7048,5.2393,5.02,1053,68,25,562,510,629,534,5454,4296,105,0.8069,0.7877,0.1339,559,508,720,552,1253,1,1,35,frames/expandedworld/H00_occ754_e12_h15_pm05.png,frames/expandedworld/H00_occ754_e12_h15_pm05.depth.npy
expandedworld/H00_xp_d03_h03_pm05,H00_xp_d03_h03_pm05,expandedworld,H00,L1,circle,0.7351,0.4837,0,,xp,0.3,0.3,-5.0,0.8404,0.4262,0.3027,205416,1280,217,0,503,1279,719,216903,0,11487,0.053,0.0,0.4541,-48,495,1327,1135,3960,1,1,21,frames/expandedworld/H00_xp_d03_h03_pm05.png,frames/expandedworld/H00_xp_d03_h03_pm05.depth.npy
expandedworld/H00_xp_d03_h03_pm15,H00_xp_d03_h03_pm15,expandedworld,H00,L1,circle,0.7351,0.4837,0,,xp,0.3,0.3,-15.0,0.8404,0.4262,0.3027,408443,1280,381,0,339,1279,719,420489,0,12046,0.0286,0.0,0.6832,-9,331,1287,893,4117,1,1,20,frames/expandedworld/H00_xp_d03_h03_pm15.png,frames/expandedworld/H00_xp_d03_h03_pm15.depth.npy
expandedworld/H00_xp_d03_h03_pp05,H00_xp_d03_h03_pp05,expandedworld,H00,L1,circle,0.7351,0.4837,0,,xp,0.3,0.3,5.0,0.8404,0.4262,0.3027,20797,694,45,293,675,986,719,26865,0,6068,0.2259,0.0,0.0,-127,667,1405,1460,2542,1,1,21,frames/expandedworld/H00_xp_d03_h03_pp05.png,frames/expandedworld/H00_xp_d03_h03_pp05.depth.npy
expandedworld/H00_xp_d03_h06_pm05,H00_xp_d03_h06_pm05,expandedworld,H00,L1,circle,0.7351,0.4837,0,,xp,0.3,0.6,-5.0,0.988,0.672,0.3027,1259,213,9,534,711,746,719,3040,0,1781,0.5859,0.0,0.0,-18,703,1297,1864,1125,1,1,26,frames/expandedworld/H00_xp_d03_h06_pm05.png,frames/expandedworld/H00_xp_d03_h06_pm05.depth.npy
expandedworld/H00_xp_d03_h06_pm15,H00_xp_d03_h06_pm15,expandedworld,H00,L1,circle,0.7351,0.4837,0,,xp,0.3,0.6,-15.0,0.988,0.672,0.3027,119918,926,185,177,535,1102,719,126708,0,6790,0.0536,0.0,0.4673,65,528,1213,1403,3316,1,1,28,frames/expandedworld/H00_xp_d03_h06_pm15.png,frames/expandedworld/H00_xp_d03_h06_pm15.depth.npy
expandedworld/H00_xp_d05_h03_pm05,H00_xp_d05_h03_pm05,expandedworld,H00,L1,circle,0.7351,0.4837,0,,xp,0.5,0.3,-5.0,1.0297,0.5854,0.5027,208977,1015,247,133,473,1147,719,216933,0,7956,0.0367,0.0,0.6055,130,466,1149,811,3509,1,1,20,frames/expandedworld/H00_xp_d05_h03_pm05.png,frames/expandedworld/H00_xp_d05_h03_pm05.depth.npy
expandedworld/H00_xp_d05_h03_pm15,H00_xp_d05_h03_pm15,expandedworld,H00,L1,circle,0.7351,0.4837,0,,xp,0.5,0.3,-15.0,1.0297,0.5854,0.5027,239423,980,314,150,310,1129,623,248070,0,8647,0.0349,0.0,0.6765,148,303,1130,624,4554,1,1,20,frames/expandedworld/H00_xp_d05_h03_pm15.png,frames/expandedworld/H00_xp_d05_h03_pm15.depth.npy
expandedworld/H00_xp_d05_h03_pp05,H00_xp_d05_h03_pp05,expandedworld,H00,L1,circle,0.7351,0.4837,0,,xp,0.5,0.3,5.0,1.0297,0.5854,0.5027,45529,852,77,214,643,1065,719,51991,0,6462,0.1243,0.0,0.0003,93,636,1186,1033,2982,1,1,20,frames/expandedworld/H00_xp_d05_h03_pp05.png,frames/expandedworld/H00_xp_d05_h03_pp05.depth.npy
expandedworld/H00_xp_d05_h06_pm05,H00_xp_d05_h06_pm05,expandedworld,H00,L1,circle,0.7351,0.4837,0,,xp,0.5,0.6,-5.0,1.1533,0.7827,0.5027,26273,588,66,346,654,933,719,30111,0,3838,0.1275,0.0,0.0,147,647,1132,1293,1971,1,1,26,frames/expandedworld/H00_xp_d05_h06_pm05.png,frames/expandedworld/H00_xp_d05_h06_pm05.depth.npy
expandedworld/H00_xp_d05_h06_pm15,H00_xp_d05_h06_pm15,expandedworld,H00,L1,circle,0.7351,0.4837,0,,xp,0.5,0.6,-15.0,1.1533,0.7827,0.5027,159619,886,237,197,483,1082,719,165606,0,5987,0.0362,0.0,0.6178,192,477,1087,1014,3071,1,1,28,frames/expandedworld/H00_xp_d05_h06_pm15.png,frames/expandedworld/H00_xp_d05_h06_pm15.depth.npy
expandedworld/H00_xp_d05_h10_pm15,H00_xp_d05_h10_pm15,expandedworld,H00,L1,circle,0.7351,0.4837,0,,xp,0.5,1.0,-15.0,1.4036,1.1192,0.5027,6435,320,30,480,690,799,719,8132,0,1697,0.2087,0.0,0.0,239,683,1040,1406,1229,1,1,31,frames/expandedworld/H00_xp_d05_h10_pm15.png,frames/expandedworld/H00_xp_d05_h10_pm15.depth.npy
expandedworld/H00_xp_d07_h03_pm05,H00_xp_d07_h03_pm05,expandedworld,H00,L1,circle,0.7351,0.4837,0,,xp,0.7,0.3,-5.0,1.2224,0.7641,0.7027,135423,812,215,234,450,1045,664,141302,0,5879,0.0416,0.0,0.5949,235,444,1044,665,4197,1,1,21,frames/expandedworld/H00_xp_d07_h03_pm05.png,frames/expandedworld/H00_xp_d07_h03_pm05.depth.npy
expandedworld/H00_xp_d07_h03_pm15,H00_xp_d07_h03_pm15,expandedworld,H00,L1,circle,0.7351,0.4837,0,,xp,0.7,0.3,-15.0,1.2224,0.7641,0.7027,127092,795,206,243,287,1037,492,132830,0,5738,0.0432,0.0,0.5843,244,281,1035,493,4180,1,1,20,frames/expandedworld/H00_xp_d07_h03_pm15.png,frames/expandedworld/H00_xp_d07_h03_pm15.depth.npy
expandedworld/H00_xp_d07_h03_pp05,H00_xp_d07_h03_pp05,expandedworld,H00,L1,circle,0.7351,0.4837,0,,xp,0.7,0.3,5.0,1.2224,0.7641,0.7027,63796,841,101,220,619,1060,719,69424,0,5628,0.0811,0.0,0.1893,212,612,1067,858,2710,1,1,21,frames/expandedworld/H00_xp_d07_h03_pp05.png,frames/expandedworld/H00_xp_d07_h03_pp05.depth.npy
expandedworld/H00_xp_d07_h06_pm05,H00_xp_d07_h06_pm05,expandedworld,H00,L1,circle,0.7351,0.4837,0,,xp,0.7,0.6,-5.0,1.3282,0.924,0.7027,53650,690,109,295,611,984,719,57635,0,3985,0.0691,0.0,0.2918,246,604,1034,1024,2382,1,1,27,frames/expandedworld/H00_xp_d07_h06_pm05.png,frames/expandedworld/H00_xp_d07_h06_pm05.depth.npy
expandedworld/H00_xp_d07_h06_pm15,H00_xp_d07_h06_pm15,expandedworld,H00,L1,circle,0.7351,0.4837,0,,xp,0.7,0.6,-15.0,1.3282,0.924,0.7027,171993,742,277,269,443,1010,719,176565,0,4572,0.0259,0.0,0.7274,270,437,1009,804,2964,1,1,26,frames/expandedworld/H00_xp_d07_h06_pm15.png,frames/expandedworld/H00_xp_d07_h06_pm15.depth.npy
expandedworld/H00_xp_d07_h10_pm15,H00_xp_d07_h10_pm15,expandedworld,H00,L1,circle,0.7351,0.4837,0,,xp,0.7,1.0,-15.0,1.5505,1.2222,0.7027,32002,514,90,383,630,896,719,34487,0,2485,0.0721,0.0,0.29,300,624,980,1139,1904,1,1,30,frames/expandedworld/H00_xp_d07_h10_pm15.png,frames/expandedworld/H00_xp_d07_h10_pm15.depth.npy
expandedworld/H00_xp_d10_h03_pm05,H00_xp_d10_h03_pm05,expandedworld,H00,L1,circle,0.7351,0.4837,0,,xp,1.0,0.3,-5.0,1.515,1.0466,1.0027,62361,630,128,325,424,954,551,65905,0,3544,0.0538,0.0,0.4536,324,419,956,553,3895,1,1,21,frames/expandedworld/H00_xp_d10_h03_pm05.png,frames/expandedworld/H00_xp_d10_h03_pm05.depth.npy
expandedworld/H00_xp_d10_h03_pm15,H00_xp_d10_h03_pm15,expandedworld,H00,L1,circle,0.7351,0.4837,0,,xp,1.0,0.3,-15.0,1.515,1.0466,1.0027,60768,624,126,328,261,951,386,64301,0,3533,0.0549,0.0,0.4471,326,256,953,387,3941,1,1,20,frames/expandedworld/H00_xp_d10_h03_pm15.png,frames/expandedworld/H00_xp_d10_h03_pm15.depth.npy
expandedworld/H00_xp_d10_h03_pp05,H00_xp_d10_h03_pp05,expandedworld,H00,L1,circle,0.7351,0.4837,0,,xp,1.0,0.3,5.0,1.515,1.0466,1.0027,68123,656,129,312,591,967,719,71874,0,3751,0.0522,0.0,0.4436,311,586,968,730,3032,1,1,21,frames/expandedworld/H00_xp_d10_h03_pp05.png,frames/expandedworld/H00_xp_d10_h03_pp05.depth.npy
expandedworld/H00_xp_d10_h06_pm05,H00_xp_d10_h06_pm05,expandedworld,H00,L1,circle,0.7351,0.4837,0,,xp,1.0,0.6,-5.0,1.6016,1.1685,1.0027,80486,618,159,331,561,948,719,83683,0,3197,0.0382,0.0,0.5732,330,556,950,813,2257,1,1,28,frames/expandedworld/H00_xp_d10_h06_pm05.png,frames/expandedworld/H00_xp_d10_h06_pm05.depth.npy
expandedworld/H00_xp_d10_h06_pm15,H00_xp_d10_h06_pm15,expandedworld,H00,L1,circle,0.7351,0.4837,0,,xp,1.0,0.6,-15.0,1.6016,1.1685,1.0027,105659,590,229,345,396,934,624,109009,0,3350,0.0307,0.0,0.705,343,391,937,626,3533,1,1,27,frames/expandedworld/H00_xp_d10_h06_pm15.png,frames/expandedworld/H00_xp_d10_h06_pm15.depth.npy
expandedworld/H00_xp_d10_h10_pm15,H00_xp_d10_h10_pm15,expandedworld,H00,L1,circle,0.7351,0.4837,0,,xp,1.0,1.0,-15.0,1.7903,1.4161,1.0027,67730,552,160,364,560,915,719,70181,0,2451,0.0349,0.0,0.6195,362,555,917,896,2168,1,1,31,frames/expandedworld/H00_xp_d10_h10_pm15.png,frames/expandedworld/H00_xp_d10_h10_pm15.depth.npy
expandedworld/H00_xp_d15_h03_pm05,H00_xp_d15_h03_pm05,expandedworld,H00,L1,circle,0.7351,0.4837,0,,xp,1.5,0.3,-5.0,2.0075,1.5323,1.5027,24043,461,68,410,395,870,462,25967,0,1924,0.0741,0.0,0.236,407,391,872,463,3200,1,1,24,frames/expandedworld/H00_xp_d15_h03_pm05.png,frames/expandedworld/H00_xp_d15_h03_pm05.depth.npy
expandedworld/H00_xp_d15_h03_pm15,H00_xp_d15_h03_pm15,expandedworld,H00,L1,circle,0.7351,0.4837,0,,xp,1.5,0.3,-15.0,2.0075,1.5323,1.5027,24193,462,68,409,232,870,299,26179,0,1986,0.0759,0.0,0.2337,407,227,873,300,3070,1,1,24,frames/expandedworld/H00_xp_d15_h03_pm15.png,frames/expandedworld/H00_xp_d15_h03_pm15.depth.npy
expandedworld/H00_xp_d15_h03_pp05,H00_xp_d15_h03_pp05,expandedworld,H00,L1,circle,0.7351,0.4837,0,,xp,1.5,0.3,5.0,2.0075,1.5323,1.5027,26180,474,71,403,561,876,631,28286,0,2106,0.0745,0.0,0.2398,401,556,879,633,3068,1,1,24,frames/expandedworld/H00_xp_d15_h03_pp05.png,frames/expandedworld/H00_xp_d15_h03_pp05.depth.npy
expandedworld/H00_xp_d15_h06_pm05,H00_xp_d15_h06_pm05,expandedworld,H00,L1,circle,0.7351,0.4837,0,,xp,1.5,0.6,-5.0,2.0737,1.618,1.5027,47942,456,136,412,505,867,640,49957,0,2015,0.0403,0.0,0.5928,411,501,869,641,3072,1,1,30,frames/expandedworld/H00_xp_d15_h06_pm05.png,frames/expandedworld/H00_xp_d15_h06_pm05.depth.npy
expandedworld/H00_xp_d15_h06_pm15,H00_xp_d15_h06_pm15,expandedworld,H00,L1,circle,0.7351,0.4837,0,,xp,1.5,0.6,-15.0,2.0737,1.618,1.5027,44535,444,128,418,342,861,469,46347,0,1812,0.0391,0.0,0.5856,416,337,864,471,2985,1,1,31,frames/expandedworld/H00_xp_d15_h06_pm15.png,frames/expandedworld/H00_xp_d15_h06_pm15.depth.npy
expandedworld/H00_xp_d15_h06_pp05,H00_xp_d15_h06_pp05,expandedworld,H00,L1,circle,0.7351,0.4837,0,,xp,1.5,0.6,5.0,2.0737,1.618,1.5027,12585,424,42,428,678,851,719,14410,0,1825,0.1266,0.0,0.0,397,674,882,830,1355,1,1,30,frames/expandedworld/H00_xp_d15_h06_pp05.png,frames/expandedworld/H00_xp_d15_h06_pp05.depth.npy
expandedworld/H00_xp_d15_h10_pm05,H00_xp_d15_h10_pm05,expandedworld,H00,L1,circle,0.7351,0.4837,0,,xp,1.5,1.0,-5.0,2.2227,1.805,1.5027,21358,416,71,432,649,847,719,22962,0,1604,0.0699,0.0,0.2862,415,645,865,869,1411,1,1,33,frames/expandedworld/H00_xp_d15_h10_pm05.png,frames/expandedworld/H00_xp_d15_h10_pm05.depth.npy
expandedworld/H00_xp_d15_h10_pm15,H00_xp_d15_h10_pm15,expandedworld,H00,L1,circle,0.7351,0.4837,0,,xp,1.5,1.0,-15.0,2.2227,1.805,1.5027,64652,424,196,428,478,851,673,66416,0,1764,0.0266,0.0,0.7431,427,474,852,675,2713,1,1,33,frames/expandedworld/H00_xp_d15_h10_pm15.png,frames/expandedworld/H00_xp_d15_h10_pm15.depth.npy
expandedworld/H00_xp_d15_h15_pm15,H00_xp_d15_h15_pm15,expandedworld,H00,L1,circle,0.7351,0.4837,0,,xp,1.5,1.5,-15.0,2.488,2.1232,1.5027,22908,372,85,454,635,825,719,24113,0,1205,0.05,0.0,0.4737,440,631,840,897,1439,1,1,36,frames/expandedworld/H00_xp_d15_h15_pm15.png,frames/expandedworld/H00_xp_d15_h15_pm15.depth.npy
expandedworld/H00_xp_d20_h03_pm05,H00_xp_d20_h03_pm05,expandedworld,H00,L1,circle,0.7351,0.4837,0,,xp,2.0,0.3,-5.0,2.503,2.025,2.0027,11667,364,41,458,376,821,416,12938,0,1271,0.0982,0.0,0.0628,456,372,824,418,2499,1,1,25,frames/expandedworld/H00_xp_d20_h03_pm05.png,frames/expandedworld/H00_xp_d20_h03_pm05.depth.npy
expandedworld/H00_xp_d20_h03_pm15,H00_xp_d20_h03_pm15,expandedworld,H00,L1,circle,0.7351,0.4837,0,,xp,2.0,0.3,-15.0,2.503,2.025,2.0027,11994,368,42,456,212,823,253,13240,0,1246,0.0941,0.0,0.0624,454,208,825,255,2526,1,1,24,frames/expandedworld/H00_xp_d20_h03_pm15.png,frames/expandedworld/H00_xp_d20_h03_pm15.depth.npy
expandedworld/H00_xp_d20_h03_pp05,H00_xp_d20_h03_pp05,expandedworld,H00,L1,circle,0.7351,0.4837,0,,xp,2.0,0.3,5.0,2.503,2.025,2.0027,12513,374,44,453,540,826,583,13808,0,1295,0.0938,0.0,0.0642,452,536,828,584,2479,1,1,25,frames/expandedworld/H00_xp_d20_h03_pp05.png,frames/expandedworld/H00_xp_d20_h03_pp05.depth.npy
expandedworld/H00_xp_d20_h06_pm05,H00_xp_d20_h06_pm05,expandedworld,H00,L1,circle,0.7351,0.4837,0,,xp,2.0,0.6,-5.0,2.5564,2.0906,2.0027,23776,362,84,459,468,820,551,25045,0,1269,0.0507,0.0,0.4709,458,464,822,553,2354,1,1,30,frames/expandedworld/H00_xp_d20_h06_pm05.png,frames/expandedworld/H00_xp_d20_h06_pm05.depth.npy
expandedworld/H00_xp_d20_h06_pm15,H00_xp_d20_h06_pm15,expandedworld,H00,L1,circle,0.7351,0.4837,0,,xp,2.0,0.6,-15.0,2.5564,2.0906,2.0027,22882,358,82,461,305,818,386,24105,0,1223,0.0507,0.0,0.4668,460,301,819,388,2277,1,1,30,frames/expandedworld/H00_xp_d20_h06_pm15.png,frames/expandedworld/H00_xp_d20_h06_pm15.depth.npy
expandedworld/H00_xp_d20_h06_pp05,H00_xp_d20_h06_pp05,expandedworld,H00,L1,circle,0.7351,0.4837,0,,xp,2.0,0.6,5.0,2.5564,2.0906,2.0027,25527,378,82,451,638,828,719,26881,0,1354,0.0504,0.0,0.4434,450,634,830,731,1752,1,1,31,frames/expandedworld/H00_xp_d20_h06_pp05.png,frames/expandedworld/H00_xp_d20_h06_pp05.depth.npy
expandedworld/H00_xp_d20_h10_pm05,H00_xp_d20_h10_pm05,expandedworld,H00,L1,circle,0.7351,0.4837,0,,xp,2.0,1.0,-5.0,2.6787,2.2385,2.0027,37893,358,132,461,588,818,719,39150,0,1257,0.0321,0.0,0.6698,461,585,819,728,1925,1,1,34,frames/expandedworld/H00_xp_d20_h10_pm05.png,frames/expandedworld/H00_xp_d20_h10_pm05.depth.npy
expandedworld/H00_xp_d20_h10_pm15,H00_xp_d20_h10_pm15,expandedworld,H00,L1,circle,0.7351,0.4837,0,,xp,2.0,1.0,-15.0,2.6787,2.2385,2.0027,34366,344,128,468,422,811,549,35570,0,1204,0.0338,0.0,0.67,468,418,812,551,2451,1,1,34,frames/expandedworld/H00_xp_d20_h10_pm15.png,frames/expandedworld/H00_xp_d20_h10_pm15.depth.npy
expandedworld/H00_xp_d20_h15_pm15,H00_xp_d20_h15_pm15,expandedworld,H00,L1,circle,0.7351,0.4837,0,,xp,2.0,1.5,-15.0,2.9026,2.5021,2.0027,43439,328,163,476,557,803,719,44437,0,998,0.0225,0.0,0.7677,476,554,804,734,1896,1,1,37,frames/expandedworld/H00_xp_d20_h15_pm15.png,frames/expandedworld/H00_xp_d20_h15_pm15.depth.npy
expandedworld/H00_xp_d20_h20_pm15,H00_xp_d20_h20_pm15,expandedworld,H00,L1,circle,0.7351,0.4837,0,,xp,2.0,2.0,-15.0,3.1899,2.8303,2.0027,6134,236,38,522,682,757,719,6752,0,618,0.0915,0.0,0.1431,483,679,796,897,874,1,1,39,frames/expandedworld/H00_xp_d20_h20_pm15.png,frames/expandedworld/H00_xp_d20_h20_pm15.depth.npy
expandedworld/H00_xp_d30_h03_pm05,H00_xp_d30_h03_pm05,expandedworld,H00,L1,circle,0.7351,0.4837,0,,xp,3.0,0.3,-5.0,3.4979,3.0176,3.0027,3946,256,20,512,351,767,370,4589,0,643,0.1401,0.0,0.0,510,348,770,372,1860,1,1,24,frames/expandedworld/H00_xp_d30_h03_pm05.png,frames/expandedworld/H00_xp_d30_h03_pm05.depth.npy
expandedworld/H00_xp_d30_h03_pm15,H00_xp_d30_h03_pm15,expandedworld,H00,L1,circle,0.7351,0.4837,0,,xp,3.0,0.3,-15.0,3.4979,3.0176,3.0027,4150,260,21,510,187,769,207,4823,0,673,0.1395,0.0,0.0,508,184,772,208,1833,1,1,23,frames/expandedworld/H00_xp_d30_h03_pm15.png,frames/expandedworld/H00_xp_d30_h03_pm15.depth.npy
expandedworld/H00_xp_d30_h03_pp05,H00_xp_d30_h03_pp05,expandedworld,H00,L1,circle,0.7351,0.4837,0,,xp,3.0,0.3,5.0,3.4979,3.0176,3.0027,4156,262,21,509,515,770,535,4808,0,652,0.1356,0.0,0.0,508,512,772,537,1948,1,1,24,frames/expandedworld/H00_xp_d30_h03_pp05.png,frames/expandedworld/H00_xp_d30_h03_pp05.depth.npy
expandedworld/H00_xp_d30_h06_pm05,H00_xp_d30_h06_pm05,expandedworld,H00,L1,circle,0.7351,0.4837,0,,xp,3.0,0.6,-5.0,3.5363,3.0621,3.0027,8352,258,42,511,421,768,462,8995,0,643,0.0715,0.0,0.2494,511,418,769,463,1814,1,1,30,frames/expandedworld/H00_xp_d30_h06_pm05.png,frames/expandedworld/H00_xp_d30_h06_pm05.depth.npy
expandedworld/H00_xp_d30_h06_pm15,H00_xp_d30_h06_pm15,expandedworld,H00,L1,circle,0.7351,0.4837,0,,xp,3.0,0.6,-15.0,3.5363,3.0621,3.0027,8355,258,42,511,258,768,299,9008,0,653,0.0725,0.0,0.247,511,255,769,300,1812,1,1,32,frames/expandedworld/H00_xp_d30_h06_pm15.png,frames/expandedworld/H00_xp_d30_h06_pm15.depth.npy
expandedworld/H00_xp_d30_h06_pp05,H00_xp_d30_h06_pp05,expandedworld,H00,L1,circle,0.7351,0.4837,0,,xp,3.0,0.6,5.0,3.5363,3.0621,3.0027,9136,266,44,507,588,772,631,9860,0,724,0.0734,0.0,0.2473,507,585,773,633,1875,1,1,30,frames/expandedworld/H00_xp_d30_h06_pp05.png,frames/expandedworld/H00_xp_d30_h06_pp05.depth.npy
expandedworld/H00_xp_d30_h10_pm05,H00_xp_d30_h10_pm05,expandedworld,H00,L1,circle,0.7351,0.4837,0,,xp,3.0,1.0,-5.0,3.6256,3.1648,3.0027,13890,256,70,512,512,767,581,14513,0,623,0.0429,0.0,0.5281,512,509,767,583,1914,1,1,36,frames/expandedworld/H00_xp_d30_h10_pm05.png,frames/expandedworld/H00_xp_d30_h10_pm05.depth.npy
expandedworld/H00_xp_d30_h10_pm15,H00_xp_d30_h10_pm15,expandedworld,H00,L1,circle,0.7351,0.4837,0,,xp,3.0,1.0,-15.0,3.6256,3.1648,3.0027,13113,250,68,515,348,764,415,13764,0,651,0.0473,0.0,0.5244,515,345,765,416,1737,1,1,38,frames/expandedworld/H00_xp_d30_h10_pm15.png,frames/expandedworld/H00_xp_d30_h10_pm15.depth.npy
expandedworld/H00_xp_d30_h10_pp05,H00_xp_d30_h10_pp05,expandedworld,H00,L1,circle,0.7351,0.4837,0,,xp,3.0,1.0,5.0,3.6256,3.1648,3.0027,6883,266,34,507,686,772,719,7572,0,689,0.091,0.0,0.0783,506,682,774,764,890,1,1,36,frames/expandedworld/H00_xp_d30_h10_pp05.png,frames/expandedworld/H00_xp_d30_h10_pp05.depth.npy
expandedworld/H00_xp_d30_h15_pm05,H00_xp_d30_h15_pm05,expandedworld,H00,L1,circle,0.7351,0.4837,0,,xp,3.0,1.5,-5.0,3.7941,3.3565,3.0027,19688,252,96,514,624,765,719,20317,0,629,0.031,0.0,0.6712,514,621,766,728,1388,1,1,40,frames/expandedworld/H00_xp_d30_h15_pm05.png,frames/expandedworld/H00_xp_d30_h15_pm05.depth.npy
expandedworld/H00_xp_d30_h15_pm15,H00_xp_d30_h15_pm15,expandedworld,H00,L1,circle,0.7351,0.4837,0,,xp,3.0,1.5,-15.0,3.7941,3.3565,3.0027,17914,242,95,519,455,760,549,18511,0,597,0.0323,0.0,0.677,519,452,761,551,1805,1,1,40,frames/expandedworld/H00_xp_d30_h15_pm15.png,frames/expandedworld/H00_xp_d30_h15_pm15.depth.npy
expandedworld/H00_xp_d30_h20_pm15,H00_xp_d30_h20_pm15,expandedworld,H00,L1,circle,0.7351,0.4837,0,,xp,3.0,2.0,-15.0,4.0181,3.6078,3.0027,21694,234,120,523,555,756,674,22290,0,596,0.0267,0.0,0.7559,523,553,757,675,1765,1,1,41,frames/expandedworld/H00_xp_d30_h20_pm15.png,frames/expandedworld/H00_xp_d30_h20_pm15.depth.npy
expandedworld/H00_xp_d40_h03_pm05,H00_xp_d40_h03_pm05,expandedworld,H00,L1,circle,0.7351,0.4837,0,,xp,4.0,0.3,-5.0,4.495,4.0139,4.0027,1735,198,11,541,337,738,347,2138,0,403,0.1885,0.0,0.0,539,334,741,349,1389,1,1,23,frames/expandedworld/H00_xp_d40_h03_pm05.png,frames/expandedworld/H00_xp_d40_h03_pm05.depth.npy
expandedworld/H00_xp_d40_h03_pm15,H00_xp_d40_h03_pm15,expandedworld,H00,L1,circle,0.7351,0.4837,0,,xp,4.0,0.3,-15.0,4.495,4.0139,4.0027,1858,200,12,540,172,739,183,2274,0,416,0.1829,0.0,0.0,537,169,743,184,1478,1,1,24,frames/expandedworld/H00_xp_d40_h03_pm15.png,frames/expandedworld/H00_xp_d40_h03_pm15.depth.npy
expandedworld/H00_xp_d40_h03_pp05,H00_xp_d40_h03_pp05,expandedworld,H00,L1,circle,0.7351,0.4837,0,,xp,4.0,0.3,5.0,4.495,4.0139,4.0027,1823,200,12,540,500,739,511,2227,0,404,0.1814,0.0,0.0,538,498,742,513,1429,1,1,23,frames/expandedworld/H00_xp_d40_h03_pp05.png,frames/expandedworld/H00_xp_d40_h03_pp05.depth.npy
expandedworld/H00_xp_d40_h06_pm05,H00_xp_d40_h06_pm05,expandedworld,H00,L1,circle,0.7351,0.4837,0,,xp,4.0,0.6,-5.0,4.525,4.0474,4.0027,3805,200,25,540,392,739,416,4197,0,392,0.0934,0.0,0.0612,540,390,740,418,1452,1,1,30,frames/expandedworld/H00_xp_d40_h06_pm05.png,frames/expandedworld/H00_xp_d40_h06_pm05.depth.npy
expandedworld/H00_xp_d40_h06_pm15,H00_xp_d40_h06_pm15,expandedworld,H00,L1,circle,0.7351,0.4837,0,,xp,4.0,0.6,-15.0,4.525,4.0474,4.0027,3904,200,25,540,229,739,253,4300,0,396,0.0921,0.0,0.0615,539,227,741,255,1443,1,1,31,frames/expandedworld/H00_xp_d40_h06_pm15.png,frames/expandedworld/H00_xp_d40_h06_pm15.depth.npy
expandedworld/H00_xp_d40_h06_pp05,H00_xp_d40_h06_pp05,expandedworld,H00,L1,circle,0.7351,0.4837,0,,xp,4.0,0.6,5.0,4.525,4.0474,4.0027,4113,204,26,538,558,741,583,4535,0,422,0.0931,0.0,0.0686,537,555,743,584,1491,1,1,29,frames/expandedworld/H00_xp_d40_h06_pp05.png,frames/expandedworld/H00_xp_d40_h06_pp05.depth.npy
expandedworld/H00_xp_d40_h10_pm05,H00_xp_d40_h10_pm05,expandedworld,H00,L1,circle,0.7351,0.4837,0,,xp,4.0,1.0,-5.0,4.5951,4.1257,4.0027,6469,198,42,541,466,738,507,6858,0,389,0.0567,0.0,0.3838,540,463,739,508,1433,1,1,36,frames/expandedworld/H00_xp_d40_h10_pm05.png,frames/expandedworld/H00_xp_d40_h10_pm05.depth.npy
expandedworld/H00_xp_d40_h10_pm15,H00_xp_d40_h10_pm15,expandedworld,H00,L1,circle,0.7351,0.4837,0,,xp,4.0,1.0,-15.0,4.5951,4.1257,4.0027,6306,196,41,542,303,737,343,6692,0,386,0.0577,0.0,0.3815,541,300,739,345,1454,1,1,36,frames/expandedworld/H00_xp_d40_h10_pm15.png,frames/expandedworld/H00_xp_d40_h10_pm15.depth.npy
expandedworld/H00_xp_d40_h10_pp05,H00_xp_d40_h10_pp05,expandedworld,H00,L1,circle,0.7351,0.4837,0,,xp,4.0,1.0,5.0,4.5951,4.1257,4.0027,7275,206,45,537,636,742,680,7709,0,434,0.0563,0.0,0.389,536,633,743,682,1493,1,1,35,frames/expandedworld/H00_xp_d40_h10_pp05.png,frames/expandedworld/H00_xp_d40_h10_pp05.depth.npy
expandedworld/H00_xp_d40_h15_pm05,H00_xp_d40_h15_pm05,expandedworld,H00,L1,circle,0.7351,0.4837,0,,xp,4.0,1.5,-5.0,4.7292,4.2745,4.0027,9600,196,63,542,556,737,618,9999,0,399,0.0399,0.0,0.5822,541,554,739,619,1551,1,1,39,frames/expandedworld/H00_xp_d40_h15_pm05.png,frames/expandedworld/H00_xp_d40_h15_pm05.depth.npy
expandedworld/H00_xp_d40_h15_pm15,H00_xp_d40_h15_pm15,expandedworld,H00,L1,circle,0.7351,0.4837,0,,xp,4.0,1.5,-15.0,4.7292,4.2745,4.0027,8855,192,59,544,391,735,449,9211,0,356,0.0386,0.0,0.5787,544,389,736,451,1443,1,1,40,frames/expandedworld/H00_xp_d40_h15_pm15.png,frames/expandedworld/H00_xp_d40_h15_pm15.depth.npy
expandedworld/H00_xp_d40_h20_pm05,H00_xp_d40_h20_pm05,expandedworld,H00,L1,circle,0.7351,0.4837,0,,xp,4.0,2.0,-5.0,4.9107,4.4745,4.0027,11953,194,75,543,645,736,719,12318,0,365,0.0296,0.0,0.6691,542,643,738,728,1127,1,1,41,frames/expandedworld/H00_xp_d40_h20_pm05.png,frames/expandedworld/H00_xp_d40_h20_pm05.depth.npy
expandedworld/H00_xp_d40_h20_pm15,H00_xp_d40_h20_pm15,expandedworld,H00,L1,circle,0.7351,0.4837,0,,xp,4.0,2.0,-15.0,4.9107,4.4745,4.0027,10967,186,75,547,475,732,549,11285,0,318,0.0282,0.0,0.681,546,472,733,551,1551,1,1,42,frames/expandedworld/H00_xp_d40_h20_pm15.png,frames/expandedworld/H00_xp_d40_h20_pm15.depth.npy
expandedworld/H00_xp_d60_h03_pm05,H00_xp_d60_h03_pm05,expandedworld,H00,L1,circle,0.7351,0.4837,0,,xp,6.0,0.3,-5.0,6.4919,6.0102,6.0027,525,134,5,573,320,706,324,697,0,172,0.2468,0.0,0.0,570,318,710,326,998,1,1,24,frames/expandedworld/H00_xp_d60_h03_pm05.png,frames/expandedworld/H00_xp_d60_h03_pm05.depth.npy
expandedworld/H00_xp_d60_h03_pm15,H00_xp_d60_h03_pm15,expandedworld,H00,L1,circle,0.7351,0.4837,0,,xp,6.0,0.3,-15.0,6.4919,6.0102,6.0027,567,134,6,573,154,706,159,772,0,205,0.2655,0.0,0.0,568,152,712,160,1050,1,1,26,frames/expandedworld/H00_xp_d60_h03_pm15.png,frames/expandedworld/H00_xp_d60_h03_pm15.depth.npy
expandedworld/H00_xp_d60_h03_pp05,H00_xp_d60_h03_pp05,expandedworld,H00,L1,circle,0.7351,0.4837,0,,xp,6.0,0.3,5.0,6.4919,6.0102,6.0027,530,130,6,575,483,704,488,722,0,192,0.2659,0.0,0.0,569,481,711,489,1010,1,1,23,frames/expandedworld/H00_xp_d60_h03_pp05.png,frames/expandedworld/H00_xp_d60_h03_pp05.depth.npy
expandedworld/H00_xp_d60_h06_pm05,H00_xp_d60_h06_pm05,expandedworld,H00,L1,circle,0.7351,0.4837,0,,xp,6.0,0.6,-5.0,6.5127,6.0326,6.0027,1206,136,12,572,360,707,371,1399,0,193,0.138,0.0,0.0,570,358,710,372,995,1,1,28,frames/expandedworld/H00_xp_d60_h06_pm05.png,frames/expandedworld/H00_xp_d60_h06_pm05.depth.npy
expandedworld/H00_xp_d60_h06_pm15,H00_xp_d60_h06_pm15,expandedworld,H00,L1,circle,0.7351,0.4837,0,,xp,6.0,0.6,-15.0,6.5127,6.0326,6.0027,1258,138,12,571,196,708,207,1443,0,185,0.1282,0.0,0.0,569,194,711,208,1026,1,1,29,frames/expandedworld/H00_xp_d60_h06_pm15.png,frames/expandedworld/H00_xp_d60_h06_pm15.depth.npy
expandedworld/H00_xp_d60_h06_pp05,H00_xp_d60_h06_pp05,expandedworld,H00,L1,circle,0.7351,0.4837,0,,xp,6.0,0.6,5.0,6.5127,6.0326,6.0027,1276,140,12,570,524,709,535,1474,0,198,0.1343,0.0,0.0,569,522,711,537,980,1,1,28,frames/expandedworld/H00_xp_d60_h06_pp05.png,frames/expandedworld/H00_xp_d60_h06_pp05.depth.npy
expandedworld/H00_xp_d60_h10_pm05,H00_xp_d60_h10_pm05,expandedworld,H00,L1,circle,0.7351,0.4837,0,,xp,6.0,1.0,-5.0,6.5616,6.0854,6.0027,2106,137,20,572,413,708,432,2290,0,184,0.0803,0.0,0.1358,570,411,709,433,1004,1,1,38,frames/expandedworld/H00_xp_d60_h10_pm05.png,frames/expandedworld/H00_xp_d60_h10_pm05.depth.npy
expandedworld/H00_xp_d60_h10_pm15,H00_xp_d60_h10_pm15,expandedworld,H00,L1,circle,0.7351,0.4837,0,,xp,6.0,1.0,-15.0,6.5616,6.0854,6.0027,2124,138,20,571,250,708,269,2308,0,184,0.0797,0.0,0.1356,570,248,710,270,997,1,1,38,frames/expandedworld/H00_xp_d60_h10_pm15.png,frames/expandedworld/H00_xp_d60_h10_pm15.depth.npy
expandedworld/H00_xp_d60_h10_pp05,H00_xp_d60_h10_pp05,expandedworld,H00,L1,circle,0.7351,0.4837,0,,xp,6.0,1.0,5.0,6.5616,6.0854,6.0027,2280,141,21,570,579,710,599,2474,0,194,0.0784,0.0,0.1333,569,577,711,601,1031,1,1,38,frames/expandedworld/H00_xp_d60_h10_pp05.png,frames/expandedworld/H00_xp_d60_h10_pp05.depth.npy
expandedworld/H00_xp_d60_h15_pm05,H00_xp_d60_h15_pm05,expandedworld,H00,L1,circle,0.7351,0.4837,0,,xp,6.0,1.5,-5.0,6.6562,6.1873,6.0027,3183,136,30,572,478,707,507,3369,0,186,0.0552,0.0,0.388,571,476,709,508,1025,1,1,42,frames/expandedworld/H00_xp_d60_h15_pm05.png,frames/expandedworld/H00_xp_d60_h15_pm05.depth.npy
expandedworld/H00_xp_d60_h15_pm15,H00_xp_d60_h15_pm15,expandedworld,H00,L1,circle,0.7351,0.4837,0,,xp,6.0,1.5,-15.0,6.6562,6.1873,6.0027,3080,135,29,573,315,707,343,3271,0,191,0.0584,0.0,0.3854,572,313,708,345,1072,1,1,44,frames/expandedworld/H00_xp_d60_h15_pm15.png,frames/expandedworld/H00_xp_d60_h15_pm15.depth.npy
expandedworld/H00_xp_d60_h15_pp05,H00_xp_d60_h15_pp05,expandedworld,H00,L1,circle,0.7351,0.4837,0,,xp,6.0,1.5,5.0,6.6562,6.1873,6.0027,3588,142,32,569,649,710,680,3814,0,226,0.0593,0.0,0.3891,568,647,712,682,1069,1,1,42,frames/expandedworld/H00_xp_d60_h15_pp05.png,frames/expandedworld/H00_xp_d60_h15_pp05.depth.npy
expandedworld/H00_xp_d60_h20_pm05,H00_xp_d60_h20_pm05,expandedworld,H00,L1,circle,0.7351,0.4837,0,,xp,6.0,2.0,-5.0,6.7864,6.3271,6.0027,4198,136,40,572,542,707,581,4399,0,201,0.0457,0.0,0.5376,571,541,708,583,1037,1,1,44,frames/expandedworld/H00_xp_d60_h20_pm05.png,frames/expandedworld/H00_xp_d60_h20_pm05.depth.npy
expandedworld/H00_xp_d60_h20_pm15,H00_xp_d60_h20_pm15,expandedworld,H00,L1,circle,0.7351,0.4837,0,,xp,6.0,2.0,-15.0,6.7864,6.3271,6.0027,3931,132,38,574,378,705,415,4118,0,187,0.0454,0.0,0.5337,573,376,707,416,1033,1,1,47,frames/expandedworld/H00_xp_d60_h20_pm15.png,frames/expandedworld/H00_xp_d60_h20_pm15.depth.npy
expandedworld/H00_xp_d60_h20_pp05,H00_xp_d60_h20_pp05,expandedworld,H00,L1,circle,0.7351,0.4837,0,,xp,6.0,2.0,5.0,6.7864,6.3271,6.0027,28,28,1,626,719,653,719,92,0,64,0.6957,0.0,0.0,568,717,712,764,258,1,1,44,frames/expandedworld/H00_xp_d60_h20_pp05.png,frames/expandedworld/H00_xp_d60_h20_pp05.depth.npy
expandedworld/H21_occ436_e06_h06_pm15,H21_occ436_e06_h06_pm15,expandedworld,H21,L2,square,0.5694,0.4257,1,aws_robomaker_warehouse_ClutteringA_01_016,occ,5.164,0.6,-15.0,6.2732,5.786,5.7548,0,0,0,-1,-1,-1,-1,1262,1262,0,1.0,1.0,,565,197,710,212,1088,1,0,24,frames/expandedworld/H21_occ436_e06_h06_pm15.png,frames/expandedworld/H21_occ436_e06_h06_pm15.depth.npy
expandedworld/H21_occ436_e06_h10_pm05,H21_occ436_e06_h10_pm05,expandedworld,H21,L2,square,0.5694,0.4257,1,aws_robomaker_warehouse_ClutteringA_01_016,occ,5.164,1.0,-5.0,6.324,5.8411,5.7548,0,0,0,-1,-1,-1,-1,1984,1984,0,1.0,1.0,,566,416,709,440,1014,1,0,27,frames/expandedworld/H21_occ436_e06_h10_pm05.png,frames/expandedworld/H21_occ436_e06_h10_pm05.depth.npy
expandedworld/H21_occ656_e06_h03_pm05,H21_occ656_e06_h03_pm05,expandedworld,H21,L2,square,0.5694,0.4257,1,aws_robomaker_warehouse_ClutteringA_01_016,occ,6.775,0.3,-5.0,7.6758,7.1421,7.1358,0,0,0,-1,-1,-1,-1,331,331,0,1.0,1.0,,574,312,705,318,921,1,0,19,frames/expandedworld/H21_occ656_e06_h03_pm05.png,frames/expandedworld/H21_occ656_e06_h03_pm05.depth.npy
expandedworld/H21_occ656_e06_h10_pm15,H21_occ656_e06_h10_pm15,expandedworld,H21,L2,square,0.5694,0.4257,1,aws_robomaker_warehouse_ClutteringA_01_016,occ,6.775,1.0,-15.0,7.7348,7.2055,7.1358,0,0,0,-1,-1,-1,-1,1101,1101,0,1.0,1.0,,574,228,705,246,924,1,0,27,frames/expandedworld/H21_occ656_e06_h10_pm15.png,frames/expandedworld/H21_occ656_e06_h10_pm15.depth.npy
expandedworld/H21_occ656_e06_h15_pm05,H21_occ656_e06_h15_pm05,expandedworld,H21,L2,square,0.5694,0.4257,1,aws_robomaker_warehouse_ClutteringA_01_016,occ,6.775,1.5,-5.0,7.8152,7.2917,7.1358,0,0,0,-1,-1,-1,-1,1581,1581,0,1.0,1.0,,575,447,704,473,967,1,0,29,frames/expandedworld/H21_occ656_e06_h15_pm05.png,frames/expandedworld/H21_occ656_e06_h15_pm05.depth.npy
expandedworld/H21_occ656_e12_h06_pm15,H21_occ656_e12_h06_pm15,expandedworld,H21,L2,square,0.5694,0.4257,1,aws_robomaker_warehouse_ClutteringA_01_016,occ,7.375,0.6,-15.0,8.2916,7.759,7.7357,0,0,0,-1,-1,-1,-1,549,549,0,1.0,1.0,,578,177,701,187,879,1,0,26,frames/expandedworld/H21_occ656_e12_h06_pm15.png,frames/expandedworld/H21_occ656_e12_h06_pm15.depth.npy
expandedworld/H21_occ656_e12_h10_pm05,H21_occ656_e12_h10_pm05,expandedworld,H21,L2,square,0.5694,0.4257,1,aws_robomaker_warehouse_ClutteringA_01_016,occ,7.375,1.0,-5.0,8.3301,7.8001,7.7357,0,0,0,-1,-1,-1,-1,861,861,0,1.0,1.0,,580,384,700,399,828,1,0,27,frames/expandedworld/H21_occ656_e12_h10_pm05.png,frames/expandedworld/H21_occ656_e12_h10_pm05.depth.npy
expandedworld/H21_occ747_e06_h03_pm15,H21_occ747_e06_h03_pm15,expandedworld,H21,L2,square,0.5694,0.4257,1,aws_robomaker_warehouse_ClutteringC_01_028,occ,7.49,0.3,-15.0,8.395,7.9297,7.924,0,0,0,-1,-1,-1,-1,274,274,0,1.0,1.0,,586,143,697,148,810,1,0,16,frames/expandedworld/H21_occ747_e06_h03_pm15.png,frames/expandedworld/H21_occ747_e06_h03_pm15.depth.npy
expandedworld/H21_occ747_e06_h06_pm05,H21_occ747_e06_h06_pm05,expandedworld,H21,L2,square,0.5694,0.4257,1,aws_robomaker_warehouse_ClutteringC_01_028,occ,7.49,0.6,-5.0,8.411,7.9467,7.924,0,0,0,-1,-1,-1,-1,500,500,0,1.0,1.0,,587,341,696,350,747,1,0,25,frames/expandedworld/H21_occ747_e06_h06_pm05.png,frames/expandedworld/H21_occ747_e06_h06_pm05.depth.npy
expandedworld/H21_occ747_e06_h15_pm15,H21_occ747_e06_h15_pm15,expandedworld,H21,L2,square,0.5694,0.4257,1,aws_robomaker_warehouse_ClutteringC_01_028,occ,7.49,1.5,-15.0,8.5227,8.0647,7.924,0,0,0,-1,-1,-1,-1,1215,1215,0,1.0,1.0,,588,272,695,291,769,1,0,33,frames/expandedworld/H21_occ747_e06_h15_pm15.png,frames/expandedworld/H21_occ747_e06_h15_pm15.depth.npy
expandedworld/H21_occ754_e06_h15_pm05,H21_occ754_e06_h15_pm05,expandedworld,H21,L2,square,0.5694,0.4257,1,aws_robomaker_warehouse_ClutteringA_01_016,occ,3.142,1.5,-5.0,4.4808,3.9829,3.6897,0,0,0,-1,-1,-1,-1,9215,9215,0,1.0,1.0,,524,566,752,647,1723,1,0,26,frames/expandedworld/H21_occ754_e06_h15_pm05.png,frames/expandedworld/H21_occ754_e06_h15_pm05.depth.npy
expandedworld/H21_yp_d03_h03_pm05,H21_yp_d03_h03_pm05,expandedworld,H21,L2,square,0.5694,0.4257,0,,yp,0.3,0.3,-5.0,0.7295,0.4242,0.3,149433,1108,166,88,554,1195,719,160455,0,11022,0.0687,0.0,0.3402,-478,545,1758,1142,3870,1,1,24,frames/expandedworld/H21_yp_d03_h03_pm05.png,frames/expandedworld/H21_yp_d03_h03_pm05.depth.npy
expandedworld/H21_yp_d03_h03_pm15,H21_yp_d03_h03_pm15,expandedworld,H21,L2,square,0.5694,0.4257,0,,yp,0.3,0.3,-15.0,0.7295,0.4242,0.3,349973,1280,332,0,388,1279,719,362787,0,12814,0.0353,0.0,0.5953,-349,380,1629,898,4470,1,1,24,frames/expandedworld/H21_yp_d03_h03_pm15.png,frames/expandedworld/H21_yp_d03_h03_pm15.depth.npy
expandedworld/H21_yp_d03_h06_pm15,H21_yp_d03_h06_pm15,expandedworld,H21,L2,square,0.5694,0.4257,0,,yp,0.3,0.6,-15.0,0.8957,0.6708,0.3,68602,754,99,264,621,1017,719,74707,0,6105,0.0817,0.0,0.1732,-176,613,1456,1411,2861,1,1,31,frames/expandedworld/H21_yp_d03_h06_pm15.png,frames/expandedworld/H21_yp_d03_h06_pm15.depth.npy
expandedworld/H21_yp_d05_h03_pm05,H21_yp_d05_h03_pm05,expandedworld,H21,L2,square,0.5694,0.4257,0,,yp,0.5,0.3,-5.0,0.9155,0.5831,0.5,177443,1108,210,88,510,1195,719,187160,0,9717,0.0519,0.0,0.4963,-53,502,1333,814,3842,1,1,23,frames/expandedworld/H21_yp_d05_h03_pm05.png,frames/expandedworld/H21_yp_d05_h03_pm05.depth.npy
expandedworld/H21_yp_d05_h03_pm15,H21_yp_d05_h03_pm15,expandedworld,H21,L2,square,0.5694,0.4257,0,,yp,0.5,0.3,-15.0,0.9155,0.5831,0.5,256016,1254,280,15,346,1268,625,268110,0,12094,0.0451,0.0,0.5774,-8,338,1288,627,9766,1,1,24,frames/expandedworld/H21_yp_d05_h03_pm15.png,frames/expandedworld/H21_yp_d05_h03_pm15.depth.npy
expandedworld/H21_yp_d05_h03_pp05,H21_yp_d05_h03_pp05,expandedworld,H21,L2,square,0.5694,0.4257,0,,yp,0.5,0.3,5.0,0.9155,0.5831,0.5,24160,698,37,292,683,989,719,29843,0,5683,0.1904,0.0,0.0,-130,675,1410,1036,2324,1,1,23,frames/expandedworld/H21_yp_d05_h03_pp05.png,frames/expandedworld/H21_yp_d05_h03_pp05.depth.npy
expandedworld/H21_yp_d05_h06_pm05,H21_yp_d05_h06_pm05,expandedworld,H21,L2,square,0.5694,0.4257,0,,yp,0.5,0.6,-5.0,1.0527,0.781,0.5,0,0,0,-1,-1,-1,-1,1142,0,1142,1.0,0.0,,-20,717,1300,1298,2310,1,1,31,frames/expandedworld/H21_yp_d05_h06_pm05.png,frames/expandedworld/H21_yp_d05_h06_pm05.depth.npy
expandedworld/H21_yp_d05_h06_pm15,H21_yp_d05_h06_pm15,expandedworld,H21,L2,square,0.5694,0.4257,0,,yp,0.5,0.6,-15.0,1.0527,0.781,0.5,111960,754,173,264,547,1017,719,116887,0,4927,0.0422,0.0,0.5302,71,541,1209,1017,2961,1,1,31,frames/expandedworld/H21_yp_d05_h06_pm15.png,frames/expandedworld/H21_yp_d05_h06_pm15.depth.npy
expandedworld/H21_yp_d07_h03_pm05,H21_yp_d07_h03_pm05,expandedworld,H21,L2,square,0.5694,0.4257,0,,yp,0.7,0.3,-5.0,1.1064,0.7616,0.7,138549,972,188,156,478,1127,665,145966,0,7417,0.0508,0.0,0.5061,138,471,1142,667,7441,1,1,23,frames/expandedworld/H21_yp_d07_h03_pm05.png,frames/expandedworld/H21_yp_d07_h03_pm05.depth.npy
expandedworld/H21_yp_d07_h03_pm15,H21_yp_d07_h03_pm15,expandedworld,H21,L2,square,0.5694,0.4257,0,,yp,0.7,0.3,-15.0,1.1064,0.7616,0.7,128146,933,179,175,315,1107,493,135215,0,7069,0.0523,0.0,0.4978,158,308,1122,495,7233,1,1,24,frames/expandedworld/H21_yp_d07_h03_pm15.png,frames/expandedworld/H21_yp_d07_h03_pm15.depth.npy
expandedworld/H21_yp_d07_h03_pp05,H21_yp_d07_h03_pp05,expandedworld,H21,L2,square,0.5694,0.4257,0,,yp,0.7,0.3,5.0,1.1064,0.7616,0.7,43332,698,71,292,649,989,719,48396,0,5064,0.1046,0.0,0.0,98,641,1182,860,2405,1,1,23,frames/expandedworld/H21_yp_d07_h03_pp05.png,frames/expandedworld/H21_yp_d07_h03_pp05.depth.npy
expandedworld/H21_yp_d07_h06_pm05,H21_yp_d07_h06_pm05,expandedworld,H21,L2,square,0.5694,0.4257,0,,yp,0.7,0.6,-5.0,1.2224,0.9219,0.7,29549,562,56,360,664,921,719,32960,0,3411,0.1035,0.0,0.0,155,658,1125,1027,2009,1,1,31,frames/expandedworld/H21_yp_d07_h06_pm05.png,frames/expandedworld/H21_yp_d07_h06_pm05.depth.npy
expandedworld/H21_yp_d07_h06_pm15,H21_yp_d07_h06_pm15,expandedworld,H21,L2,square,0.5694,0.4257,0,,yp,0.7,0.6,-15.0,1.2224,0.9219,0.7,139322,754,227,264,493,1017,719,144248,0,4926,0.0341,0.0,0.6471,203,486,1077,807,3222,1,1,31,frames/expandedworld/H21_yp_d07_h06_pm15.png,frames/expandedworld/H21_yp_d07_h06_pm15.depth.npy
expandedworld/H21_yp_d07_h10_pm15,H21_yp_d07_h10_pm15,expandedworld,H21,L2,square,0.5694,0.4257,0,,yp,0.7,1.0,-15.0,1.4609,1.2206,0.7,7635,455,17,413,703,867,719,9922,0,2287,0.2305,0.0,0.0,251,698,1029,1142,1477,1,1,40,frames/expandedworld/H21_yp_d07_h10_pm15.png,frames/expandedworld/H21_yp_d07_h10_pm15.depth.npy
expandedworld/H21_yp_d10_h03_pm05,H21_yp_d10_h03_pm05,expandedworld,H21,L2,square,0.5694,0.4257,0,,yp,1.0,0.3,-5.0,1.3976,1.044,1.0,60211,688,109,297,444,984,552,64218,0,4007,0.0624,0.0,0.3732,284,438,996,553,5233,1,1,26,frames/expandedworld/H21_yp_d10_h03_pm05.png,frames/expandedworld/H21_yp_d10_h03_pm05.depth.npy
expandedworld/H21_yp_d10_h03_pm15,H21_yp_d10_h03_pm15,expandedworld,H21,L2,square,0.5694,0.4257,0,,yp,1.0,0.3,-15.0,1.3976,1.044,1.0,58364,674,107,304,281,977,387,62313,0,3949,0.0634,0.0,0.3709,292,275,989,388,5140,1,1,24,frames/expandedworld/H21_yp_d10_h03_pm15.png,frames/expandedworld/H21_yp_d10_h03_pm15.depth.npy
expandedworld/H21_yp_d10_h03_pp05,H21_yp_d10_h03_pp05,expandedworld,H21,L2,square,0.5694,0.4257,0,,yp,1.0,0.3,5.0,1.3976,1.044,1.0,60899,698,108,292,612,989,719,64990,0,4091,0.0629,0.0,0.333,265,606,1015,731,2307,1,1,26,frames/expandedworld/H21_yp_d10_h03_pp05.png,frames/expandedworld/H21_yp_d10_h03_pp05.depth.npy
expandedworld/H21_yp_d10_h06_pm05,H21_yp_d10_h06_pm05,expandedworld,H21,L2,square,0.5694,0.4257,0,,yp,1.0,0.6,-5.0,1.491,1.1662,1.0,58829,562,121,360,599,921,719,61760,0,2931,0.0475,0.0,0.4719,293,594,987,814,2369,1,1,34,frames/expandedworld/H21_yp_d10_h06_pm05.png,frames/expandedworld/H21_yp_d10_h06_pm05.depth.npy
expandedworld/H21_yp_d10_h06_pm15,H21_yp_d10_h06_pm15,expandedworld,H21,L2,square,0.5694,0.4257,0,,yp,1.0,0.6,-15.0,1.491,1.1662,1.0,100465,638,194,322,432,959,625,103956,0,3491,0.0336,0.0,0.647,316,427,964,627,5523,1,1,33,frames/expandedworld/H21_yp_d10_h06_pm15.png,frames/expandedworld/H21_yp_d10_h06_pm15.depth.npy
expandedworld/H21_yp_d10_h10_pm15,H21_yp_d10_h10_pm15,expandedworld,H21,L2,square,0.5694,0.4257,0,,yp,1.0,1.0,-15.0,1.6921,1.4142,1.0,44082,455,106,413,614,867,719,45957,0,1875,0.0408,0.0,0.5043,343,610,937,898,1892,1,1,41,frames/expandedworld/H21_yp_d10_h10_pm15.png,frames/expandedworld/H21_yp_d10_h10_pm15.depth.npy
expandedworld/H21_yp_d15_h03_pm05,H21_yp_d15_h03_pm05,expandedworld,H21,L2,square,0.5694,0.4257,0,,yp,1.5,0.3,-5.0,1.889,1.5297,1.5,22002,462,56,410,407,871,462,24007,0,2005,0.0835,0.0,0.1351,401,403,879,463,3570,1,1,25,frames/expandedworld/H21_yp_d15_h03_pm05.png,frames/expandedworld/H21_yp_d15_h03_pm05.depth.npy
expandedworld/H21_yp_d15_h03_pm15,H21_yp_d15_h03_pm15,expandedworld,H21,L2,square,0.5694,0.4257,0,,yp,1.5,0.3,-15.0,1.889,1.5297,1.5,22022,460,56,411,244,870,299,24039,0,2017,0.0839,0.0,0.1345,402,240,878,300,3532,1,1,26,frames/expandedworld/H21_yp_d15_h03_pm15.png,frames/expandedworld/H21_yp_d15_h03_pm15.depth.npy
expandedworld/H21_yp_d15_h03_pp05,H21_yp_d15_h03_pp05,expandedworld,H21,L2,square,0.5694,0.4257,0,,yp,1.5,0.3,5.0,1.889,1.5297,1.5,23860,477,59,402,573,878,631,25953,0,2093,0.0806,0.0,0.1287,392,569,888,633,3641,1,1,25,frames/expandedworld/H21_yp_d15_h03_pp05.png,frames/expandedworld/H21_yp_d15_h03_pp05.depth.npy
expandedworld/H21_yp_d15_h06_pm05,H21_yp_d15_h06_pm05,expandedworld,H21,L2,square,0.5694,0.4257,0,,yp,1.5,0.6,-5.0,1.9591,1.6155,1.5,43802,462,112,410,529,871,640,45740,0,1938,0.0424,0.0,0.5335,405,525,875,642,3877,1,1,34,frames/expandedworld/H21_yp_d15_h06_pm05.png,frames/expandedworld/H21_yp_d15_h06_pm05.depth.npy
expandedworld/H21_yp_d15_h06_pm15,H21_yp_d15_h06_pm15,expandedworld,H21,L2,square,0.5694,0.4257,0,,yp,1.5,0.6,-15.0,1.9591,1.6155,1.5,40333,445,106,418,365,862,470,42201,0,1868,0.0443,0.0,0.5278,413,360,867,472,3586,1,1,34,frames/expandedworld/H21_yp_d15_h06_pm15.png,frames/expandedworld/H21_yp_d15_h06_pm15.depth.npy
expandedworld/H21_yp_d15_h06_pp05,H21_yp_d15_h06_pp05,expandedworld,H21,L2,square,0.5694,0.4257,0,,yp,1.5,0.6,5.0,1.9591,1.6155,1.5,5524,355,16,463,704,817,719,6956,0,1432,0.2059,0.0,0.0,388,700,892,831,1161,1,1,34,frames/expandedworld/H21_yp_d15_h06_pp05.png,frames/expandedworld/H21_yp_d15_h06_pp05.depth.npy
expandedworld/H21_yp_d15_h10_pm05,H21_yp_d15_h10_pm05,expandedworld,H21,L2,square,0.5694,0.4257,0,,yp,1.5,1.0,-5.0,2.1162,1.8028,1.5,10809,340,33,471,687,810,719,12160,0,1351,0.1111,0.0,0.0,410,683,870,870,1206,1,1,41,frames/expandedworld/H21_yp_d15_h10_pm05.png,frames/expandedworld/H21_yp_d15_h10_pm05.depth.npy
expandedworld/H21_yp_d15_h10_pm15,H21_yp_d15_h10_pm15,expandedworld,H21,L2,square,0.5694,0.4257,0,,yp,1.5,1.0,-15.0,2.1162,1.8028,1.5,58230,421,161,430,514,850,674,59921,0,1691,0.0282,0.0,0.7033,427,510,853,675,3933,1,1,40,frames/expandedworld/H21_yp_d15_h10_pm15.png,frames/expandedworld/H21_yp_d15_h10_pm15.depth.npy
expandedworld/H21_yp_d15_h15_pm15,H21_yp_d15_h15_pm15,expandedworld,H21,L2,square,0.5694,0.4257,0,,yp,1.5,1.5,-15.0,2.3934,2.1213,1.5,11210,305,38,488,682,792,719,12126,0,916,0.0755,0.0,0.0252,442,679,838,898,1178,1,1,48,frames/expandedworld/H21_yp_d15_h15_pm15.png,frames/expandedworld/H21_yp_d15_h15_pm15.depth.npy
expandedworld/H21_yp_d20_h03_pm05,H21_yp_d20_h03_pm05,expandedworld,H21,L2,square,0.5694,0.4257,0,,yp,2.0,0.3,-5.0,2.3839,2.0224,2.0,10109,347,33,467,384,813,416,11234,0,1125,0.1001,0.0,0.0,460,380,820,418,2631,1,1,25,frames/expandedworld/H21_yp_d20_h03_pm05.png,frames/expandedworld/H21_yp_d20_h03_pm05.depth.npy
expandedworld/H21_yp_d20_h03_pm15,H21_yp_d20_h03_pm15,expandedworld,H21,L2,square,0.5694,0.4257,0,,yp,2.0,0.3,-15.0,2.3839,2.0224,2.0,10472,349,34,466,220,814,253,11617,0,1145,0.0986,0.0,0.0,459,217,821,255,2689,1,1,25,frames/expandedworld/H21_yp_d20_h03_pm15.png,frames/expandedworld/H21_yp_d20_h03_pm15.depth.npy
expandedworld/H21_yp_d20_h03_pp05,H21_yp_d20_h03_pp05,expandedworld,H21,L2,square,0.5694,0.4257,0,,yp,2.0,0.3,5.0,2.3839,2.0224,2.0,10986,357,35,462,549,818,583,12160,0,1174,0.0965,0.0,0.0,455,545,825,585,2711,1,1,25,frames/expandedworld/H21_yp_d20_h03_pp05.png,frames/expandedworld/H21_yp_d20_h03_pp05.depth.npy
expandedworld/H21_yp_d20_h06_pm05,H21_yp_d20_h06_pm05,expandedworld,H21,L2,square,0.5694,0.4257,0,,yp,2.0,0.6,-5.0,2.4399,2.0881,2.0,21132,349,69,466,484,814,552,22236,0,1104,0.0496,0.0,0.4083,462,480,818,553,2827,1,1,34,frames/expandedworld/H21_yp_d20_h06_pm05.png,frames/expandedworld/H21_yp_d20_h06_pm05.depth.npy
expandedworld/H21_yp_d20_h06_pm15,H21_yp_d20_h06_pm15,expandedworld,H21,L2,square,0.5694,0.4257,0,,yp,2.0,0.6,-15.0,2.4399,2.0881,2.0,20230,343,67,469,321,811,387,21318,0,1088,0.051,0.0,0.4057,466,317,815,388,2723,1,1,34,frames/expandedworld/H21_yp_d20_h06_pm15.png,frames/expandedworld/H21_yp_d20_h06_pm15.depth.npy
expandedworld/H21_yp_d20_h06_pp05,H21_yp_d20_h06_pp05,expandedworld,H21,L2,square,0.5694,0.4257,0,,yp,2.0,0.6,5.0,2.4399,2.0881,2.0,20409,355,65,463,655,817,719,21535,0,1126,0.0523,0.0,0.3369,452,651,828,731,1318,1,1,34,frames/expandedworld/H21_yp_d20_h06_pp05.png,frames/expandedworld/H21_yp_d20_h06_pp05.depth.npy
expandedworld/H21_yp_d20_h10_pm05,H21_yp_d20_h10_pm05,expandedworld,H21,L2,square,0.5694,0.4257,0,,yp,2.0,1.0,-5.0,2.5677,2.2361,2.0,31478,340,105,471,615,810,719,32518,0,1040,0.032,0.0,0.6176,465,611,815,729,1511,1,1,39,frames/expandedworld/H21_yp_d20_h10_pm05.png,frames/expandedworld/H21_yp_d20_h10_pm05.depth.npy
expandedworld/H21_yp_d20_h10_pm15,H21_yp_d20_h10_pm15,expandedworld,H21,L2,square,0.5694,0.4257,0,,yp,2.0,1.0,-15.0,2.5677,2.2361,2.0,30442,329,105,476,446,804,550,31449,0,1007,0.032,0.0,0.6258,474,443,806,551,2842,1,1,41,frames/expandedworld/H21_yp_d20_h10_pm15.png,frames/expandedworld/H21_yp_d20_h10_pm15.depth.npy
expandedworld/H21_yp_d20_h15_pm15,H21_yp_d20_h15_pm15,expandedworld,H21,L2,square,0.5694,0.4257,0,,yp,2.0,1.5,-15.0,2.8006,2.5,2.0,35137,305,129,488,591,792,719,36036,0,899,0.0249,0.0,0.7197,483,588,797,734,1725,1,1,50,frames/expandedworld/H21_yp_d20_h15_pm15.png,frames/expandedworld/H21_yp_d20_h15_pm15.depth.npy
expandedworld/H21_yp_d30_h03_pm05,H21_yp_d30_h03_pm05,expandedworld,H21,L2,square,0.5694,0.4257,0,,yp,3.0,0.3,-5.0,3.3783,3.015,3.0,3435,233,16,524,356,756,371,4132,0,697,0.1687,0.0,0.0,519,353,761,372,1744,1,1,23,frames/expandedworld/H21_yp_d30_h03_pm05.png,frames/expandedworld/H21_yp_d30_h03_pm05.depth.npy
expandedworld/H21_yp_d30_h03_pm15,H21_yp_d30_h03_pm15,expandedworld,H21,L2,square,0.5694,0.4257,0,,yp,3.0,0.3,-15.0,3.3783,3.015,3.0,3488,237,16,522,192,758,207,4201,0,713,0.1697,0.0,0.0,517,189,763,208,1779,1,1,24,frames/expandedworld/H21_yp_d30_h03_pm15.png,frames/expandedworld/H21_yp_d30_h03_pm15.depth.npy
expandedworld/H21_yp_d30_h03_pp05,H21_yp_d30_h03_pp05,expandedworld,H21,L2,square,0.5694,0.4257,0,,yp,3.0,0.3,5.0,3.3783,3.015,3.0,3476,236,16,522,520,757,535,4184,0,708,0.1692,0.0,0.0,517,517,763,537,1812,1,1,23,frames/expandedworld/H21_yp_d30_h03_pp05.png,frames/expandedworld/H21_yp_d30_h03_pp05.depth.npy
expandedworld/H21_yp_d30_h06_pm05,H21_yp_d30_h06_pm05,expandedworld,H21,L2,square,0.5694,0.4257,0,,yp,3.0,0.6,-5.0,3.4181,3.0594,3.0,7074,235,33,523,430,757,462,7760,0,686,0.0884,0.0,0.1383,520,427,760,463,1827,1,1,32,frames/expandedworld/H21_yp_d30_h06_pm05.png,frames/expandedworld/H21_yp_d30_h06_pm05.depth.npy
expandedworld/H21_yp_d30_h06_pm15,H21_yp_d30_h06_pm15,expandedworld,H21,L2,square,0.5694,0.4257,0,,yp,3.0,0.6,-15.0,3.4181,3.0594,3.0,7065,234,33,523,267,756,299,7754,0,689,0.0889,0.0,0.138,521,264,759,300,1875,1,1,33,frames/expandedworld/H21_yp_d30_h06_pm15.png,frames/expandedworld/H21_yp_d30_h06_pm15.depth.npy
expandedworld/H21_yp_d30_h06_pp05,H21_yp_d30_h06_pp05,expandedworld,H21,L2,square,0.5694,0.4257,0,,yp,3.0,0.6,5.0,3.4181,3.0594,3.0,7728,243,35,519,597,761,631,8244,0,516,0.0626,0.0,0.1307,516,594,764,633,1918,1,1,33,frames/expandedworld/H21_yp_d30_h06_pp05.png,frames/expandedworld/H21_yp_d30_h06_pp05.depth.npy
expandedworld/H21_yp_d30_h10_pm05,H21_yp_d30_h10_pm05,expandedworld,H21,L2,square,0.5694,0.4257,0,,yp,3.0,1.0,-5.0,3.5104,3.1623,3.0,11699,233,55,524,527,756,581,12371,0,672,0.0543,0.0,0.4797,521,524,759,583,1932,1,1,40,frames/expandedworld/H21_yp_d30_h10_pm05.png,frames/expandedworld/H21_yp_d30_h10_pm05.depth.npy
expandedworld/H21_yp_d30_h10_pm15,H21_yp_d30_h10_pm15,expandedworld,H21,L2,square,0.5694,0.4257,0,,yp,3.0,1.0,-15.0,3.5104,3.1623,3.0,11237,228,54,526,362,753,415,11709,0,472,0.0403,0.0,0.4709,524,360,756,416,1902,1,1,40,frames/expandedworld/H21_yp_d30_h10_pm15.png,frames/expandedworld/H21_yp_d30_h10_pm15.depth.npy
expandedworld/H21_yp_d30_h10_pp05,H21_yp_d30_h10_pp05,expandedworld,H21,L2,square,0.5694,0.4257,0,,yp,3.0,1.0,5.0,3.5104,3.1623,3.0,3739,215,18,533,702,747,719,4374,0,635,0.1452,0.0,0.0,514,699,766,764,754,1,1,40,frames/expandedworld/H21_yp_d30_h10_pp05.png,frames/expandedworld/H21_yp_d30_h10_pp05.depth.npy
expandedworld/H21_yp_d30_h15_pm05,H21_yp_d30_h15_pm05,expandedworld,H21,L2,square,0.5694,0.4257,0,,yp,3.0,1.5,-5.0,3.6842,3.3541,3.0,15618,227,75,527,645,753,719,16074,0,456,0.0284,0.0,0.6149,523,643,757,729,1058,1,1,46,frames/expandedworld/H21_yp_d30_h15_pm05.png,frames/expandedworld/H21_yp_d30_h15_pm05.depth.npy
expandedworld/H21_yp_d30_h15_pm15,H21_yp_d30_h15_pm15,expandedworld,H21,L2,square,0.5694,0.4257,0,,yp,3.0,1.5,-15.0,3.6842,3.3541,3.0,15295,220,76,530,475,749,550,15720,0,425,0.027,0.0,0.643,529,472,751,551,2051,1,1,46,frames/expandedworld/H21_yp_d30_h15_pm15.png,frames/expandedworld/H21_yp_d30_h15_pm15.depth.npy
expandedworld/H21_yp_d30_h20_pm15,H21_yp_d30_h20_pm15,expandedworld,H21,L2,square,0.5694,0.4257,0,,yp,3.0,2.0,-15.0,3.9145,3.6055,3.0,18442,212,95,534,580,745,674,18855,0,413,0.0219,0.0,0.7236,533,578,747,676,2057,1,1,52,frames/expandedworld/H21_yp_d30_h20_pm15.png,frames/expandedworld/H21_yp_d30_h20_pm15.depth.npy
expandedworld/H21_yp_d40_h03_pm05,H21_yp_d40_h03_pm05,expandedworld,H21,L2,square,0.5694,0.4257,0,,yp,4.0,0.3,-5.0,4.3753,4.0112,4.0,1316,173,8,554,340,726,347,1670,0,354,0.212,0.0,0.0,549,337,731,349,1337,1,1,27,frames/expandedworld/H21_yp_d40_h03_pm05.png,frames/expandedworld/H21_yp_d40_h03_pm05.depth.npy
expandedworld/H21_yp_d40_h03_pm15,H21_yp_d40_h03_pm15,expandedworld,H21,L2,square,0.5694,0.4257,0,,yp,4.0,0.3,-15.0,4.3753,4.0112,4.0,1513,178,9,551,175,728,183,1878,0,365,0.1944,0.0,0.0,547,172,733,184,1336,1,1,24,frames/expandedworld/H21_yp_d40_h03_pm15.png,frames/expandedworld/H21_yp_d40_h03_pm15.depth.npy
expandedworld/H21_yp_d40_h03_pp05,H21_yp_d40_h03_pp05,expandedworld,H21,L2,square,0.5694,0.4257,0,,yp,4.0,0.3,5.0,4.3753,4.0112,4.0,1492,176,9,552,503,727,511,1854,0,362,0.1953,0.0,0.0,548,501,732,513,1360,1,1,26,frames/expandedworld/H21_yp_d40_h03_pp05.png,frames/expandedworld/H21_yp_d40_h03_pp05.depth.npy
expandedworld/H21_yp_d40_h06_pm05,H21_yp_d40_h06_pm05,expandedworld,H21,L2,square,0.5694,0.4257,0,,yp,4.0,0.6,-5.0,4.406,4.0447,4.0,3126,176,19,552,398,727,416,3480,0,354,0.1017,0.0,0.0,550,396,730,418,1372,1,1,34,frames/expandedworld/H21_yp_d40_h06_pm05.png,frames/expandedworld/H21_yp_d40_h06_pm05.depth.npy
expandedworld/H21_yp_d40_h06_pm15,H21_yp_d40_h06_pm15,expandedworld,H21,L2,square,0.5694,0.4257,0,,yp,4.0,0.6,-15.0,4.406,4.0447,4.0,3151,177,19,552,235,728,253,3508,0,357,0.1018,0.0,0.0,549,232,731,255,1380,1,1,34,frames/expandedworld/H21_yp_d40_h06_pm15.png,frames/expandedworld/H21_yp_d40_h06_pm15.depth.npy
expandedworld/H21_yp_d40_h06_pp05,H21_yp_d40_h06_pp05,expandedworld,H21,L2,square,0.5694,0.4257,0,,yp,4.0,0.6,5.0,4.406,4.0447,4.0,3383,181,20,550,564,730,583,3747,0,364,0.0971,0.0,0.0,547,561,733,585,1404,1,1,34,frames/expandedworld/H21_yp_d40_h06_pp05.png,frames/expandedworld/H21_yp_d40_h06_pp05.depth.npy
expandedworld/H21_yp_d40_h10_pm05,H21_yp_d40_h10_pm05,expandedworld,H21,L2,square,0.5694,0.4257,0,,yp,4.0,1.0,-5.0,4.4781,4.1231,4.0,5417,177,33,552,475,728,507,5766,0,349,0.0605,0.0,0.3149,550,473,730,509,1452,1,1,41,frames/expandedworld/H21_yp_d40_h10_pm05.png,frames/expandedworld/H21_yp_d40_h10_pm05.depth.npy
expandedworld/H21_yp_d40_h10_pm15,H21_yp_d40_h10_pm15,expandedworld,H21,L2,square,0.5694,0.4257,0,,yp,4.0,1.0,-15.0,4.4781,4.1231,4.0,5200,174,32,553,312,726,343,5546,0,346,0.0624,0.0,0.2948,551,310,729,345,1419,1,1,41,frames/expandedworld/H21_yp_d40_h10_pm15.png,frames/expandedworld/H21_yp_d40_h10_pm15.depth.npy
expandedworld/H21_yp_d40_h10_pp05,H21_yp_d40_h10_pp05,expandedworld,H21,L2,square,0.5694,0.4257,0,,yp,4.0,1.0,5.0,4.4781,4.1231,4.0,5989,184,35,548,646,731,680,6354,0,365,0.0574,0.0,0.3239,546,643,734,682,1518,1,1,40,frames/expandedworld/H21_yp_d40_h10_pp05.png,frames/expandedworld/H21_yp_d40_h10_pp05.depth.npy
expandedworld/H21_yp_d40_h15_pm05,H21_yp_d40_h15_pm05,expandedworld,H21,L2,square,0.5694,0.4257,0,,yp,4.0,1.5,-5.0,4.6155,4.272,4.0,7983,175,49,553,570,727,618,8321,0,338,0.0406,0.0,0.5487,551,568,729,620,1537,1,1,47,frames/expandedworld/H21_yp_d40_h15_pm05.png,frames/expandedworld/H21_yp_d40_h15_pm05.depth.npy
expandedworld/H21_yp_d40_h15_pm15,H21_yp_d40_h15_pm15,expandedworld,H21,L2,square,0.5694,0.4257,0,,yp,4.0,1.5,-15.0,4.6155,4.272,4.0,7444,170,47,555,404,724,450,7778,0,334,0.0429,0.0,0.551,554,402,726,451,1460,1,1,49,frames/expandedworld/H21_yp_d40_h15_pm15.png,frames/expandedworld/H21_yp_d40_h15_pm15.depth.npy
expandedworld/H21_yp_d40_h20_pm05,H21_yp_d40_h20_pm05,expandedworld,H21,L2,square,0.5694,0.4257,0,,yp,4.0,2.0,-5.0,4.8014,4.4721,4.0,9116,171,57,555,663,725,719,9444,0,328,0.0347,0.0,0.6129,552,661,728,729,836,1,1,53,frames/expandedworld/H21_yp_d40_h20_pm05.png,frames/expandedworld/H21_yp_d40_h20_pm05.depth.npy
expandedworld/H21_yp_d40_h20_pm15,H21_yp_d40_h20_pm15,expandedworld,H21,L2,square,0.5694,0.4257,0,,yp,4.0,2.0,-15.0,4.8014,4.4721,4.0,9248,165,60,558,491,722,550,9423,0,175,0.0186,0.0,0.6462,557,489,723,551,1525,1,1,55,frames/expandedworld/H21_yp_d40_h20_pm15.png,frames/expandedworld/H21_yp_d40_h20_pm15.depth.npy
expandedworld/H21_yp_d60_h03_pm05,H21_yp_d60_h03_pm05,expandedworld,H21,L2,square,0.5694,0.4257,0,,yp,6.0,0.3,-5.0,6.3721,6.0075,6.0,339,116,3,582,322,697,324,570,0,231,0.4053,0.0,0.0,579,320,701,326,880,1,1,31,frames/expandedworld/H21_yp_d60_h03_pm05.png,frames/expandedworld/H21_yp_d60_h03_pm05.depth.npy
expandedworld/H21_yp_d60_h03_pm15,H21_yp_d60_h03_pm15,expandedworld,H21,L2,square,0.5694,0.4257,0,,yp,6.0,0.3,-15.0,6.3721,6.0075,6.0,462,119,4,581,156,699,159,702,0,240,0.3419,0.0,0.0,578,154,702,160,911,1,1,30,frames/expandedworld/H21_yp_d60_h03_pm15.png,frames/expandedworld/H21_yp_d60_h03_pm15.depth.npy
expandedworld/H21_yp_d60_h03_pp05,H21_yp_d60_h03_pp05,expandedworld,H21,L2,square,0.5694,0.4257,0,,yp,6.0,0.3,5.0,6.3721,6.0075,6.0,457,118,4,581,485,698,488,692,0,235,0.3396,0.0,0.0,578,483,702,489,895,1,1,31,frames/expandedworld/H21_yp_d60_h03_pp05.png,frames/expandedworld/H21_yp_d60_h03_pp05.depth.npy
expandedworld/H21_yp_d60_h06_pm05,H21_yp_d60_h06_pm05,expandedworld,H21,L2,square,0.5694,0.4257,0,,yp,6.0,0.6,-5.0,6.3932,6.0299,6.0,1022,119,9,581,363,699,371,1146,0,124,0.1082,0.0,0.0,579,361,701,372,909,1,1,40,frames/expandedworld/H21_yp_d60_h06_pm05.png,frames/expandedworld/H21_yp_d60_h06_pm05.depth.npy
expandedworld/H21_yp_d60_h06_pm15,H21_yp_d60_h06_pm15,expandedworld,H21,L2,square,0.5694,0.4257,0,,yp,6.0,0.6,-15.0,6.3932,6.0299,6.0,1035,120,9,580,199,699,207,1272,0,237,0.1863,0.0,0.0,578,197,702,208,928,1,1,40,frames/expandedworld/H21_yp_d60_h06_pm15.png,frames/expandedworld/H21_yp_d60_h06_pm15.depth.npy
expandedworld/H21_yp_d60_h06_pp05,H21_yp_d60_h06_pp05,expandedworld,H21,L2,square,0.5694,0.4257,0,,yp,6.0,0.6,5.0,6.3932,6.0299,6.0,1035,120,9,580,527,699,535,1160,0,125,0.1078,0.0,0.0,578,525,702,537,929,1,1,40,frames/expandedworld/H21_yp_d60_h06_pp05.png,frames/expandedworld/H21_yp_d60_h06_pp05.depth.npy
expandedworld/H21_yp_d60_h10_pm05,H21_yp_d60_h10_pm05,expandedworld,H21,L2,square,0.5694,0.4257,0,,yp,6.0,1.0,-5.0,6.4431,6.0828,6.0,1700,119,15,581,418,699,432,1928,0,228,0.1183,0.0,0.0,580,416,700,433,940,1,1,47,frames/expandedworld/H21_yp_d60_h10_pm05.png,frames/expandedworld/H21_yp_d60_h10_pm05.depth.npy
expandedworld/H21_yp_d60_h10_pm15,H21_yp_d60_h10_pm15,expandedworld,H21,L2,square,0.5694,0.4257,0,,yp,6.0,1.0,-15.0,6.4431,6.0828,6.0,1810,119,16,581,254,699,269,1936,0,126,0.0651,0.0,0.0,580,253,700,270,956,1,1,48,frames/expandedworld/H21_yp_d60_h10_pm15.png,frames/expandedworld/H21_yp_d60_h10_pm15.depth.npy
expandedworld/H21_yp_d60_h10_pp05,H21_yp_d60_h10_pp05,expandedworld,H21,L2,square,0.5694,0.4257,0,,yp,6.0,1.0,5.0,6.4431,6.0828,6.0,1856,122,16,579,584,700,599,1982,0,126,0.0636,0.0,0.0,578,582,702,601,982,1,1,46,frames/expandedworld/H21_yp_d60_h10_pp05.png,frames/expandedworld/H21_yp_d60_h10_pp05.depth.npy
expandedworld/H21_yp_d60_h15_pm05,H21_yp_d60_h15_pm05,expandedworld,H21,L2,square,0.5694,0.4257,0,,yp,6.0,1.5,-5.0,6.5394,6.1847,6.0,2585,118,23,581,485,698,507,2702,0,117,0.0433,0.0,0.3342,580,483,700,509,975,1,1,54,frames/expandedworld/H21_yp_d60_h15_pm05.png,frames/expandedworld/H21_yp_d60_h15_pm05.depth.npy
expandedworld/H21_yp_d60_h15_pm15,H21_yp_d60_h15_pm15,expandedworld,H21,L2,square,0.5694,0.4257,0,,yp,6.0,1.5,-15.0,6.5394,6.1847,6.0,2447,116,22,582,322,697,343,2673,0,226,0.0845,0.0,0.3057,581,320,699,345,1004,1,1,55,frames/expandedworld/H21_yp_d60_h15_pm15.png,frames/expandedworld/H21_yp_d60_h15_pm15.depth.npy
expandedworld/H21_yp_d60_h15_pp05,H21_yp_d60_h15_pp05,expandedworld,H21,L2,square,0.5694,0.4257,0,,yp,6.0,1.5,5.0,6.5394,6.1847,6.0,2926,123,25,579,656,701,680,3052,0,126,0.0413,0.0,0.3086,577,654,703,682,1031,1,1,52,frames/expandedworld/H21_yp_d60_h15_pp05.png,frames/expandedworld/H21_yp_d60_h15_pp05.depth.npy
expandedworld/H21_yp_d60_h20_pm05,H21_yp_d60_h20_pm05,expandedworld,H21,L2,square,0.5694,0.4257,0,,yp,6.0,2.0,-5.0,6.6718,6.3245,6.0,3351,117,30,582,552,698,581,3574,0,223,0.0624,0.0,0.4852,580,550,700,583,1059,1,1,57,frames/expandedworld/H21_yp_d60_h20_pm05.png,frames/expandedworld/H21_yp_d60_h20_pm05.depth.npy
expandedworld/H21_yp_d60_h20_pm15,H21_yp_d60_h20_pm15,expandedworld,H21,L2,square,0.5694,0.4257,0,,yp,6.0,2.0,-15.0,6.6718,6.3245,6.0,3273,114,30,583,386,696,415,3386,0,113,0.0334,0.0,0.4852,582,385,698,416,1050,1,1,58,frames/expandedworld/H21_yp_d60_h20_pm15.png,frames/expandedworld/H21_yp_d60_h20_pm15.depth.npy
expandedworld/H21_yp_d80_h03_pm05,H21_yp_d80_h03_pm05,expandedworld,H21,L2,square,0.5694,0.4257,0,,yp,8.0,0.3,-5.0,8.3704,8.0056,8.0,174,88,2,596,312,683,313,264,0,90,0.3409,0.0,0.0,594,310,686,314,662,1,1,31,frames/expandedworld/H21_yp_d80_h03_pm05.png,frames/expandedworld/H21_yp_d80_h03_pm05.depth.npy
expandedworld/H21_yp_d80_h03_pm15,H21_yp_d80_h03_pm15,expandedworld,H21,L2,square,0.5694,0.4257,0,,yp,8.0,0.3,-15.0,8.3704,8.0056,8.0,178,90,2,595,146,684,147,356,0,178,0.5,0.0,0.0,593,144,687,148,699,1,1,31,frames/expandedworld/H21_yp_d80_h03_pm15.png,frames/expandedworld/H21_yp_d80_h03_pm15.depth.npy
expandedworld/H21_yp_d80_h03_pp05,H21_yp_d80_h03_pp05,expandedworld,H21,L2,square,0.5694,0.4257,0,,yp,8.0,0.3,5.0,8.3704,8.0056,8.0,174,88,2,596,475,683,476,264,0,90,0.3409,0.0,0.0,594,473,686,477,680,1,1,31,frames/expandedworld/H21_yp_d80_h03_pp05.png,frames/expandedworld/H21_yp_d80_h03_pp05.depth.npy
expandedworld/H21_yp_d80_h06_pm05,H21_yp_d80_h06_pm05,expandedworld,H21,L2,square,0.5694,0.4257,0,,yp,8.0,0.6,-5.0,8.3865,8.0225,8.0,345,88,4,596,344,683,347,434,0,89,0.2051,0.0,0.0,594,342,686,349,684,1,1,39,frames/expandedworld/H21_yp_d80_h06_pm05.png,frames/expandedworld/H21_yp_d80_h06_pm05.depth.npy
expandedworld/H21_yp_d80_h06_pm15,H21_yp_d80_h06_pm15,expandedworld,H21,L2,square,0.5694,0.4257,0,,yp,8.0,0.6,-15.0,8.3865,8.0225,8.0,439,90,5,595,179,684,183,532,0,93,0.1748,0.0,0.0,593,177,687,184,691,1,1,41,frames/expandedworld/H21_yp_d80_h06_pm15.png,frames/expandedworld/H21_yp_d80_h06_pm15.depth.npy
expandedworld/H21_yp_d80_h06_pp05,H21_yp_d80_h06_pp05,expandedworld,H21,L2,square,0.5694,0.4257,0,,yp,8.0,0.6,5.0,8.3865,8.0225,8.0,435,90,5,595,507,684,511,524,0,89,0.1698,0.0,0.0,594,506,686,513,699,1,1,39,frames/expandedworld/H21_yp_d80_h06_pp05.png,frames/expandedworld/H21_yp_d80_h06_pp05.depth.npy
expandedworld/H21_yp_d80_h10_pm05,H21_yp_d80_h10_pm05,expandedworld,H21,L2,square,0.5694,0.4257,0,,yp,8.0,1.0,-5.0,8.4246,8.0623,8.0,777,90,9,595,386,684,394,868,0,91,0.1048,0.0,0.0,594,384,686,395,699,1,1,49,frames/expandedworld/H21_yp_d80_h10_pm05.png,frames/expandedworld/H21_yp_d80_h10_pm05.depth.npy
expandedworld/H21_yp_d80_h10_pm15,H21_yp_d80_h10_pm15,expandedworld,H21,L2,square,0.5694,0.4257,0,,yp,8.0,1.0,-15.0,8.4246,8.0623,8.0,780,90,9,595,222,684,230,870,0,90,0.1034,0.0,0.0,594,221,686,232,713,1,1,49,frames/expandedworld/H21_yp_d80_h10_pm15.png,frames/expandedworld/H21_yp_d80_h10_pm15.depth.npy
expandedworld/H21_yp_d80_h10_pp05,H21_yp_d80_h10_pp05,expandedworld,H21,L2,square,0.5694,0.4257,0,,yp,8.0,1.0,5.0,8.4246,8.0623,8.0,791,91,9,595,551,685,559,882,0,91,0.1032,0.0,0.0,593,550,687,561,719,1,1,49,frames/expandedworld/H21_yp_d80_h10_pp05.png,frames/expandedworld/H21_yp_d80_h10_pp05.depth.npy
expandedworld/H21_yp_d80_h15_pm05,H21_yp_d80_h15_pm05,expandedworld,H21,L2,square,0.5694,0.4257,0,,yp,8.0,1.5,-5.0,8.4984,8.1394,8.0,1200,89,14,596,438,684,451,1290,0,90,0.0698,0.0,0.1375,595,437,685,452,742,1,1,54,frames/expandedworld/H21_yp_d80_h15_pm05.png,frames/expandedworld/H21_yp_d80_h15_pm05.depth.npy
expandedworld/H21_yp_d80_h15_pm15,H21_yp_d80_h15_pm15,expandedworld,H21,L2,square,0.5694,0.4257,0,,yp,8.0,1.5,-15.0,8.4984,8.1394,8.0,1200,89,14,596,275,684,288,1286,0,86,0.0669,0.0,0.1367,595,274,685,289,746,1,1,56,frames/expandedworld/H21_yp_d80_h15_pm15.png,frames/expandedworld/H21_yp_d80_h15_pm15.depth.npy
expandedworld/H21_yp_d80_h15_pp05,H21_yp_d80_h15_pp05,expandedworld,H21,L2,square,0.5694,0.4257,0,,yp,8.0,1.5,5.0,8.4984,8.1394,8.0,1237,92,14,594,606,685,619,1330,0,93,0.0699,0.0,0.0695,593,605,687,621,746,1,1,51,frames/expandedworld/H21_yp_d80_h15_pp05.png,frames/expandedworld/H21_yp_d80_h15_pp05.depth.npy
expandedworld/H21_yp_d80_h20_pm05,H21_yp_d80_h20_pm05,expandedworld,H21,L2,square,0.5694,0.4257,0,,yp,8.0,2.0,-5.0,8.6008,8.2462,8.0,1536,88,18,596,490,683,507,1624,0,88,0.0542,0.0,0.3242,595,489,685,509,782,1,1,59,frames/expandedworld/H21_yp_d80_h20_pm05.png,frames/expandedworld/H21_yp_d80_h20_pm05.depth.npy
expandedworld/H21_yp_d80_h20_pm15,H21_yp_d80_h20_pm15,expandedworld,H21,L2,square,0.5694,0.4257,0,,yp,8.0,2.0,-15.0,8.6008,8.2462,8.0,1437,88,17,596,327,683,343,1524,0,87,0.0571,0.0,0.3424,595,325,685,345,753,1,1,61,frames/expandedworld/H21_yp_d80_h20_pm15.png,frames/expandedworld/H21_yp_d80_h20_pm15.depth.npy
expandedworld/H21_yp_d80_h20_pp05,H21_yp_d80_h20_pp05,expandedworld,H21,L2,square,0.5694,0.4257,0,,yp,8.0,2.0,5.0,8.6008,8.2462,8.0,1692,92,19,594,662,685,680,1782,0,90,0.0505,0.0,0.3073,593,660,687,682,827,1,1,57,frames/expandedworld/H21_yp_d80_h20_pp05.png,frames/expandedworld/H21_yp_d80_h20_pp05.depth.npy
expandedworld/H259_yp_d05_h03_pm15,H259_yp_d05_h03_pm15,expandedworld,H259,T1,square,0.009,0.0535,0,,yp,0.5,0.3,-15.0,0.6265,0.5831,0.5,8652,148,62,566,561,713,622,10390,0,1738,0.1673,0.0,0.0,565,550,715,627,1558,1,1,24,frames/expandedworld/H259_yp_d05_h03_pm15.png,frames/expandedworld/H259_yp_d05_h03_pm15.depth.npy
expandedworld/H259_yp_d07_h03_pm05,H259_yp_d07_h03_pm05,expandedworld,H259,T1,square,0.009,0.0535,0,,yp,0.7,0.3,-5.0,0.8078,0.7616,0.7,3849,116,35,582,629,697,663,5113,0,1264,0.2472,0.0,0.0,582,619,698,667,1127,1,1,24,frames/expandedworld/H259_yp_d07_h03_pm05.png,frames/expandedworld/H259_yp_d07_h03_pm05.depth.npy
expandedworld/H259_yp_d07_h03_pm15,H259_yp_d07_h03_pm15,expandedworld,H259,T1,square,0.009,0.0535,0,,yp,0.7,0.3,-15.0,0.8078,0.7616,0.7,3388,110,32,585,460,694,491,4509,0,1121,0.2486,0.0,0.0,584,450,696,495,1067,1,1,24,frames/expandedworld/H259_yp_d07_h03_pm15.png,frames/expandedworld/H259_yp_d07_h03_pm15.depth.npy
expandedworld/H259_yp_d10_h03_pm05,H259_yp_d10_h03_pm05,expandedworld,H259,T1,square,0.009,0.0535,0,,yp,1.0,0.3,-5.0,1.092,1.044,1.0,1271,82,16,599,536,680,551,1958,0,687,0.3509,0.0,0.0,599,528,681,553,740,1,1,25,frames/expandedworld/H259_yp_d10_h03_pm05.png,frames/expandedworld/H259_yp_d10_h03_pm05.depth.npy
expandedworld/H259_yp_d10_h03_pm15,H259_yp_d10_h03_pm15,expandedworld,H259,T1,square,0.009,0.0535,0,,yp,1.0,0.3,-15.0,1.092,1.044,1.0,1246,80,16,600,371,679,386,1848,0,602,0.3258,0.0,0.0,599,364,681,388,733,1,1,24,frames/expandedworld/H259_yp_d10_h03_pm15.png,frames/expandedworld/H259_yp_d10_h03_pm15.depth.npy
expandedworld/H259_yp_d10_h03_pp05,H259_yp_d10_h03_pp05,expandedworld,H259,T1,square,0.009,0.0535,0,,yp,1.0,0.3,5.0,1.092,1.044,1.0,657,84,8,598,712,681,719,1293,0,636,0.4919,0.0,0.0,596,703,684,731,346,1,1,25,frames/expandedworld/H259_yp_d10_h03_pp05.png,frames/expandedworld/H259_yp_d10_h03_pp05.depth.npy
expandedworld/H259_yp_d10_h06_pm15,H259_yp_d10_h06_pm15,expandedworld,H259,T1,square,0.009,0.0535,0,,yp,1.0,0.6,-15.0,1.2093,1.1662,1.0,2451,74,34,603,591,676,624,2941,0,490,0.1666,0.0,0.0,602,585,678,627,783,1,1,31,frames/expandedworld/H259_yp_d10_h06_pm15.png,frames/expandedworld/H259_yp_d10_h06_pm15.depth.npy
expandedworld/H259_yp_d15_h03_pm05,H259_yp_d15_h03_pm05,expandedworld,H259,T1,square,0.009,0.0535,0,,yp,1.5,0.3,-5.0,1.5788,1.5297,1.5,325,55,6,613,457,667,462,587,0,262,0.4463,0.0,0.0,612,451,668,463,495,1,1,25,frames/expandedworld/H259_yp_d15_h03_pm05.png,frames/expandedworld/H259_yp_d15_h03_pm05.depth.npy
expandedworld/H259_yp_d15_h03_pm15,H259_yp_d15_h03_pm15,expandedworld,H259,T1,square,0.009,0.0535,0,,yp,1.5,0.3,-15.0,1.5788,1.5297,1.5,270,54,5,613,294,666,298,586,0,316,0.5392,0.0,0.0,612,288,668,300,474,1,1,24,frames/expandedworld/H259_yp_d15_h03_pm15.png,frames/expandedworld/H259_yp_d15_h03_pm15.depth.npy
expandedworld/H259_yp_d15_h03_pp05,H259_yp_d15_h03_pp05,expandedworld,H259,T1,square,0.009,0.0535,0,,yp,1.5,0.3,5.0,1.5788,1.5297,1.5,336,56,6,612,626,667,631,661,0,325,0.4917,0.0,0.0,611,620,669,633,514,1,1,25,frames/expandedworld/H259_yp_d15_h03_pp05.png,frames/expandedworld/H259_yp_d15_h03_pp05.depth.npy
expandedworld/H259_yp_d15_h06_pm05,H259_yp_d15_h06_pm05,expandedworld,H259,T1,square,0.009,0.0535,0,,yp,1.5,0.6,-5.0,1.6621,1.6155,1.5,846,54,16,613,624,666,639,1158,0,312,0.2694,0.0,0.0,612,619,668,642,533,1,1,27,frames/expandedworld/H259_yp_d15_h06_pm05.png,frames/expandedworld/H259_yp_d15_h06_pm05.depth.npy
expandedworld/H259_yp_d15_h06_pm15,H259_yp_d15_h06_pm15,expandedworld,H259,T1,square,0.009,0.0535,0,,yp,1.5,0.6,-15.0,1.6621,1.6155,1.5,765,52,15,614,455,665,469,1017,0,252,0.2478,0.0,0.0,613,450,667,472,528,1,1,31,frames/expandedworld/H259_yp_d15_h06_pm15.png,frames/expandedworld/H259_yp_d15_h06_pm15.depth.npy
expandedworld/H259_yp_d15_h10_pm15,H259_yp_d15_h10_pm15,expandedworld,H259,T1,square,0.009,0.0535,0,,yp,1.5,1.0,-15.0,1.8446,1.8028,1.5,1196,48,25,616,649,663,673,1430,0,234,0.1636,0.0,0.0,615,644,665,675,585,1,1,38,frames/expandedworld/H259_yp_d15_h10_pm15.png,frames/expandedworld/H259_yp_d15_h10_pm15.depth.npy
expandedworld/H259_yp_d20_h03_pm05,H259_yp_d20_h03_pm05,expandedworld,H259,T1,square,0.009,0.0535,0,,yp,2.0,0.3,-5.0,2.0718,2.0224,2.0,82,42,2,619,415,660,416,242,0,160,0.6612,0.0,0.0,619,410,661,418,361,1,1,23,frames/expandedworld/H259_yp_d20_h03_pm05.png,frames/expandedworld/H259_yp_d20_h03_pm05.depth.npy
expandedworld/H259_yp_d20_h03_pm15,H259_yp_d20_h03_pm15,expandedworld,H259,T1,square,0.009,0.0535,0,,yp,2.0,0.3,-15.0,2.0718,2.0224,2.0,84,42,2,619,252,660,253,244,0,160,0.6557,0.0,0.0,619,247,661,255,359,1,1,24,frames/expandedworld/H259_yp_d20_h03_pm15.png,frames/expandedworld/H259_yp_d20_h03_pm15.depth.npy
expandedworld/H259_yp_d20_h03_pp05,H259_yp_d20_h03_pp05,expandedworld,H259,T1,square,0.009,0.0535,0,,yp,2.0,0.3,5.0,2.0718,2.0224,2.0,84,42,2,619,582,660,583,290,0,206,0.7103,0.0,0.0,618,577,662,585,362,1,1,23,frames/expandedworld/H259_yp_d20_h03_pp05.png,frames/expandedworld/H259_yp_d20_h03_pp05.depth.npy
expandedworld/H259_yp_d20_h06_pm05,H259_yp_d20_h06_pm05,expandedworld,H259,T1,square,0.009,0.0535,0,,yp,2.0,0.6,-5.0,2.136,2.0881,2.0,320,40,8,620,544,659,551,520,0,200,0.3846,0.0,0.0,619,540,661,553,400,1,1,28,frames/expandedworld/H259_yp_d20_h06_pm05.png,frames/expandedworld/H259_yp_d20_h06_pm05.depth.npy
expandedworld/H259_yp_d20_h06_pm15,H259_yp_d20_h06_pm15,expandedworld,H259,T1,square,0.009,0.0535,0,,yp,2.0,0.6,-15.0,2.136,2.0881,2.0,318,40,8,620,379,659,386,510,0,192,0.3765,0.0,0.0,619,375,661,388,390,1,1,28,frames/expandedworld/H259_yp_d20_h06_pm15.png,frames/expandedworld/H259_yp_d20_h06_pm15.depth.npy
expandedworld/H259_yp_d20_h06_pp05,H259_yp_d20_h06_pp05,expandedworld,H259,T1,square,0.009,0.0535,0,,yp,2.0,0.6,5.0,2.136,2.0881,2.0,0,0,0,-1,-1,-1,-1,168,0,168,1.0,0.0,,618,716,662,731,165,1,1,27,frames/expandedworld/H259_yp_d20_h06_pp05.png,frames/expandedworld/H259_yp_d20_h06_pp05.depth.npy
expandedworld/H259_yp_d20_h10_pm05,H259_yp_d20_h10_pm05,expandedworld,H259,T1,square,0.009,0.0535,0,,yp,2.0,1.0,-5.0,2.2809,2.2361,2.0,355,40,9,620,711,659,719,507,0,152,0.2998,0.0,0.0,619,707,661,729,207,1,1,37,frames/expandedworld/H259_yp_d20_h10_pm05.png,frames/expandedworld/H259_yp_d20_h10_pm05.depth.npy
expandedworld/H259_yp_d20_h10_pm15,H259_yp_d20_h10_pm15,expandedworld,H259,T1,square,0.009,0.0535,0,,yp,2.0,1.0,-15.0,2.2809,2.2361,2.0,568,38,15,621,535,658,549,714,0,146,0.2045,0.0,0.0,620,531,660,551,410,1,1,38,frames/expandedworld/H259_yp_d20_h10_pm15.png,frames/expandedworld/H259_yp_d20_h10_pm15.depth.npy
expandedworld/H259_yp_d20_h15_pm15,H259_yp_d20_h15_pm15,expandedworld,H259,T1,square,0.009,0.0535,0,,yp,2.0,1.5,-15.0,2.5402,2.5,2.0,317,36,9,622,711,657,719,385,0,68,0.1766,0.0,0.0,621,708,659,734,179,1,1,43,frames/expandedworld/H259_yp_d20_h15_pm15.png,frames/expandedworld/H259_yp_d20_h15_pm15.depth.npy
expandedworld/H259_yp_d30_h03_pm05,H259_yp_d30_h03_pm05,expandedworld,H259,T1,square,0.009,0.0535,0,,yp,3.0,0.3,-5.0,3.0647,3.015,3.0,0,0,0,-1,-1,-1,-1,84,0,84,1.0,0.0,,626,368,654,372,240,1,1,22,frames/expandedworld/H259_yp_d30_h03_pm05.png,frames/expandedworld/H259_yp_d30_h03_pm05.depth.npy
expandedworld/H259_yp_d30_h03_pm15,H259_yp_d30_h03_pm15,expandedworld,H259,T1,square,0.009,0.0535,0,,yp,3.0,0.3,-15.0,3.0647,3.015,3.0,0,0,0,-1,-1,-1,-1,84,0,84,1.0,0.0,,625,204,655,208,246,1,1,23,frames/expandedworld/H259_yp_d30_h03_pm15.png,frames/expandedworld/H259_yp_d30_h03_pm15.depth.npy
expandedworld/H259_yp_d30_h03_pp05,H259_yp_d30_h03_pp05,expandedworld,H259,T1,square,0.009,0.0535,0,,yp,3.0,0.3,5.0,3.0647,3.015,3.0,0,0,0,-1,-1,-1,-1,84,0,84,1.0,0.0,,625,533,655,537,246,1,1,22,frames/expandedworld/H259_yp_d30_h03_pp05.png,frames/expandedworld/H259_yp_d30_h03_pp05.depth.npy
expandedworld/H259_yp_d30_h06_pm05,H259_yp_d30_h06_pm05,expandedworld,H259,T1,square,0.009,0.0535,0,,yp,3.0,0.6,-5.0,3.1085,3.0594,3.0,84,28,3,626,460,653,462,164,0,80,0.4878,0.0,0.0,626,457,654,463,257,1,1,28,frames/expandedworld/H259_yp_d30_h06_pm05.png,frames/expandedworld/H259_yp_d30_h06_pm05.depth.npy
expandedworld/H259_yp_d30_h06_pm15,H259_yp_d30_h06_pm15,expandedworld,H259,T1,square,0.009,0.0535,0,,yp,3.0,0.6,-15.0,3.1085,3.0594,3.0,84,28,3,626,297,653,299,162,0,78,0.4815,0.0,0.0,626,294,654,300,259,1,1,28,frames/expandedworld/H259_yp_d30_h06_pm15.png,frames/expandedworld/H259_yp_d30_h06_pm15.depth.npy
expandedworld/H259_yp_d30_h06_pp05,H259_yp_d30_h06_pp05,expandedworld,H259,T1,square,0.009,0.0535,0,,yp,3.0,0.6,5.0,3.1085,3.0594,3.0,84,28,3,626,629,653,631,168,0,84,0.5,0.0,0.0,625,626,655,633,267,1,1,28,frames/expandedworld/H259_yp_d30_h06_pp05.png,frames/expandedworld/H259_yp_d30_h06_pp05.depth.npy
expandedworld/H259_yp_d30_h10_pm05,H259_yp_d30_h10_pm05,expandedworld,H259,T1,square,0.009,0.0535,0,,yp,3.0,1.0,-5.0,3.2097,3.1623,3.0,186,28,7,626,575,653,581,238,0,52,0.2185,0.0,0.0,626,572,654,583,286,1,1,38,frames/expandedworld/H259_yp_d30_h10_pm05.png,frames/expandedworld/H259_yp_d30_h10_pm05.depth.npy
expandedworld/H259_yp_d30_h10_pm15,H259_yp_d30_h10_pm15,expandedworld,H259,T1,square,0.009,0.0535,0,,yp,3.0,1.0,-15.0,3.2097,3.1623,3.0,182,26,7,627,409,652,415,234,0,52,0.2222,0.0,0.0,626,406,654,416,274,1,1,38,frames/expandedworld/H259_yp_d30_h10_pm15.png,frames/expandedworld/H259_yp_d30_h10_pm15.depth.npy
expandedworld/H259_yp_d30_h15_pm05,H259_yp_d30_h15_pm05,expandedworld,H259,T1,square,0.009,0.0535,0,,yp,3.0,1.5,-5.0,3.3989,3.3541,3.0,104,26,4,627,716,652,719,156,0,52,0.3333,0.0,0.0,626,714,654,729,131,1,1,43,frames/expandedworld/H259_yp_d30_h15_pm05.png,frames/expandedworld/H259_yp_d30_h15_pm05.depth.npy
expandedworld/H259_yp_d30_h15_pm15,H259_yp_d30_h15_pm15,expandedworld,H259,T1,square,0.009,0.0535,0,,yp,3.0,1.5,-15.0,3.3989,3.3541,3.0,256,26,10,627,540,652,549,330,0,74,0.2242,0.0,0.0,627,537,653,551,290,1,1,44,frames/expandedworld/H259_yp_d30_h15_pm15.png,frames/expandedworld/H259_yp_d30_h15_pm15.depth.npy
expandedworld/H259_yp_d30_h20_pm15,H259_yp_d30_h20_pm15,expandedworld,H259,T1,square,0.009,0.0535,0,,yp,3.0,2.0,-15.0,3.6472,3.6055,3.0,312,24,13,628,661,651,673,384,0,72,0.1875,0.0,0.0,627,659,653,676,309,1,1,49,frames/expandedworld/H259_yp_d30_h20_pm15.png,frames/expandedworld/H259_yp_d30_h20_pm15.depth.npy
expandedworld/H259_yp_d40_h03_pm05,H259_yp_d40_h03_pm05,expandedworld,H259,T1,square,0.009,0.0535,0,,yp,4.0,0.3,-5.0,4.0611,4.0112,4.0,0,0,0,-1,-1,-1,-1,20,0,20,1.0,0.0,,629,346,651,349,176,1,1,22,frames/expandedworld/H259_yp_d40_h03_pm05.png,frames/expandedworld/H259_yp_d40_h03_pm05.depth.npy
expandedworld/H259_yp_d40_h03_pm15,H259_yp_d40_h03_pm15,expandedworld,H259,T1,square,0.009,0.0535,0,,yp,4.0,0.3,-15.0,4.0611,4.0112,4.0,0,0,0,-1,-1,-1,-1,42,0,42,1.0,0.0,,629,182,651,184,193,1,1,21,frames/expandedworld/H259_yp_d40_h03_pm15.png,frames/expandedworld/H259_yp_d40_h03_pm15.depth.npy
expandedworld/H259_yp_d40_h03_pp05,H259_yp_d40_h03_pp05,expandedworld,H259,T1,square,0.009,0.0535,0,,yp,4.0,0.3,5.0,4.0611,4.0112,4.0,0,0,0,-1,-1,-1,-1,20,0,20,1.0,0.0,,629,510,651,513,186,1,1,22,frames/expandedworld/H259_yp_d40_h03_pp05.png,frames/expandedworld/H259_yp_d40_h03_pp05.depth.npy
expandedworld/H259_yp_d40_h06_pm05,H259_yp_d40_h06_pm05,expandedworld,H259,T1,square,0.009,0.0535,0,,yp,4.0,0.6,-5.0,4.0942,4.0447,4.0,20,20,1,630,416,649,416,60,0,40,0.6667,0.0,0.0,629,414,651,418,190,1,1,27,frames/expandedworld/H259_yp_d40_h06_pm05.png,frames/expandedworld/H259_yp_d40_h06_pm05.depth.npy
expandedworld/H259_yp_d40_h06_pm15,H259_yp_d40_h06_pm15,expandedworld,H259,T1,square,0.009,0.0535,0,,yp,4.0,0.6,-15.0,4.0942,4.0447,4.0,20,20,1,630,253,649,253,60,0,40,0.6667,0.0,0.0,629,251,651,255,190,1,1,27,frames/expandedworld/H259_yp_d40_h06_pm15.png,frames/expandedworld/H259_yp_d40_h06_pm15.depth.npy
expandedworld/H259_yp_d40_h06_pp05,H259_yp_d40_h06_pp05,expandedworld,H259,T1,square,0.009,0.0535,0,,yp,4.0,0.6,5.0,4.0942,4.0447,4.0,22,22,1,629,583,650,583,64,0,42,0.6562,0.0,0.0,629,580,651,585,200,1,1,27,frames/expandedworld/H259_yp_d40_h06_pp05.png,frames/expandedworld/H259_yp_d40_h06_pp05.depth.npy
expandedworld/H259_yp_d40_h10_pm05,H259_yp_d40_h10_pm05,expandedworld,H259,T1,square,0.009,0.0535,0,,yp,4.0,1.0,-5.0,4.1716,4.1231,4.0,60,20,3,630,505,649,507,100,0,40,0.4,0.0,0.0,629,502,651,509,204,1,1,37,frames/expandedworld/H259_yp_d40_h10_pm05.png,frames/expandedworld/H259_yp_d40_h10_pm05.depth.npy
expandedworld/H259_yp_d40_h10_pm15,H259_yp_d40_h10_pm15,expandedworld,H259,T1,square,0.009,0.0535,0,,yp,4.0,1.0,-15.0,4.1716,4.1231,4.0,60,20,3,630,341,649,343,100,0,40,0.4,0.0,0.0,629,338,651,345,204,1,1,36,frames/expandedworld/H259_yp_d40_h10_pm15.png,frames/expandedworld/H259_yp_d40_h10_pm15.depth.npy
expandedworld/H259_yp_d40_h10_pp05,H259_yp_d40_h10_pp05,expandedworld,H259,T1,square,0.009,0.0535,0,,yp,4.0,1.0,5.0,4.1716,4.1231,4.0,66,22,3,629,678,650,680,130,0,64,0.4923,0.0,0.0,629,675,651,682,213,1,1,37,frames/expandedworld/H259_yp_d40_h10_pp05.png,frames/expandedworld/H259_yp_d40_h10_pp05.depth.npy
expandedworld/H259_yp_d40_h15_pm05,H259_yp_d40_h15_pm05,expandedworld,H259,T1,square,0.009,0.0535,0,,yp,4.0,1.5,-5.0,4.3188,4.272,4.0,120,20,6,630,613,649,618,160,0,40,0.25,0.0,0.0,629,611,651,620,225,1,1,44,frames/expandedworld/H259_yp_d40_h15_pm05.png,frames/expandedworld/H259_yp_d40_h15_pm05.depth.npy
expandedworld/H259_yp_d40_h15_pm15,H259_yp_d40_h15_pm15,expandedworld,H259,T1,square,0.009,0.0535,0,,yp,4.0,1.5,-15.0,4.3188,4.272,4.0,100,20,5,630,445,649,449,160,0,60,0.375,0.0,0.0,630,443,650,451,225,1,1,44,frames/expandedworld/H259_yp_d40_h15_pm15.png,frames/expandedworld/H259_yp_d40_h15_pm15.depth.npy
expandedworld/H259_yp_d40_h20_pm05,H259_yp_d40_h20_pm05,expandedworld,H259,T1,square,0.009,0.0535,0,,yp,4.0,2.0,-5.0,4.5169,4.4721,4.0,20,20,1,630,719,649,719,40,0,20,0.5,0.0,0.0,629,717,651,729,85,1,1,49,frames/expandedworld/H259_yp_d40_h20_pm05.png,frames/expandedworld/H259_yp_d40_h20_pm05.depth.npy
expandedworld/H259_yp_d40_h20_pm15,H259_yp_d40_h20_pm15,expandedworld,H259,T1,square,0.009,0.0535,0,,yp,4.0,2.0,-15.0,4.5169,4.4721,4.0,131,20,7,630,543,649,549,187,0,56,0.2995,0.0,0.0,630,541,650,551,234,1,1,49,frames/expandedworld/H259_yp_d40_h20_pm15.png,frames/expandedworld/H259_yp_d40_h20_pm15.depth.npy
expandedworld/H259_yp_d60_h03_pm05,H259_yp_d60_h03_pm05,expandedworld,H259,T1,square,0.009,0.0535,0,,yp,6.0,0.3,-5.0,6.0574,6.0075,6.0,0,0,0,-1,-1,-1,-1,14,0,14,1.0,0.0,,633,324,647,326,134,1,1,20,frames/expandedworld/H259_yp_d60_h03_pm05.png,frames/expandedworld/H259_yp_d60_h03_pm05.depth.npy
expandedworld/H259_yp_d60_h03_pm15,H259_yp_d60_h03_pm15,expandedworld,H259,T1,square,0.009,0.0535,0,,yp,6.0,0.3,-15.0,6.0574,6.0075,6.0,0,0,0,-1,-1,-1,-1,14,0,14,1.0,0.0,,632,158,648,160,134,1,1,23,frames/expandedworld/H259_yp_d60_h03_pm15.png,frames/expandedworld/H259_yp_d60_h03_pm15.depth.npy
expandedworld/H259_yp_d60_h03_pp05,H259_yp_d60_h03_pp05,expandedworld,H259,T1,square,0.009,0.0535,0,,yp,6.0,0.3,5.0,6.0574,6.0075,6.0,0,0,0,-1,-1,-1,-1,14,0,14,1.0,0.0,,632,487,648,489,134,1,1,20,frames/expandedworld/H259_yp_d60_h03_pp05.png,frames/expandedworld/H259_yp_d60_h03_pp05.depth.npy
expandedworld/H259_yp_d60_h06_pm05,H259_yp_d60_h06_pm05,expandedworld,H259,T1,square,0.009,0.0535,0,,yp,6.0,0.6,-5.0,6.0797,6.0299,6.0,0,0,0,-1,-1,-1,-1,28,0,28,1.0,0.0,,633,370,647,372,141,1,1,29,frames/expandedworld/H259_yp_d60_h06_pm05.png,frames/expandedworld/H259_yp_d60_h06_pm05.depth.npy
expandedworld/H259_yp_d60_h06_pm15,H259_yp_d60_h06_pm15,expandedworld,H259,T1,square,0.009,0.0535,0,,yp,6.0,0.6,-15.0,6.0797,6.0299,6.0,0,0,0,-1,-1,-1,-1,28,0,28,1.0,0.0,,632,206,648,208,141,1,1,31,frames/expandedworld/H259_yp_d60_h06_pm15.png,frames/expandedworld/H259_yp_d60_h06_pm15.depth.npy
expandedworld/H259_yp_d60_h06_pp05,H259_yp_d60_h06_pp05,expandedworld,H259,T1,square,0.009,0.0535,0,,yp,6.0,0.6,5.0,6.0797,6.0299,6.0,0,0,0,-1,-1,-1,-1,14,0,14,1.0,0.0,,632,534,648,537,134,1,1,29,frames/expandedworld/H259_yp_d60_h06_pp05.png,frames/expandedworld/H259_yp_d60_h06_pp05.depth.npy
expandedworld/H259_yp_d60_h10_pm05,H259_yp_d60_h10_pm05,expandedworld,H259,T1,square,0.009,0.0535,0,,yp,6.0,1.0,-5.0,6.1321,6.0828,6.0,14,14,1,633,432,646,432,42,0,28,0.6667,0.0,0.0,633,430,647,433,148,1,1,32,frames/expandedworld/H259_yp_d60_h10_pm05.png,frames/expandedworld/H259_yp_d60_h10_pm05.depth.npy
expandedworld/H259_yp_d60_h10_pm15,H259_yp_d60_h10_pm15,expandedworld,H259,T1,square,0.009,0.0535,0,,yp,6.0,1.0,-15.0,6.1321,6.0828,6.0,14,14,1,633,269,646,269,42,0,28,0.6667,0.0,0.0,633,267,647,270,148,1,1,33,frames/expandedworld/H259_yp_d60_h10_pm15.png,frames/expandedworld/H259_yp_d60_h10_pm15.depth.npy
expandedworld/H259_yp_d60_h10_pp05,H259_yp_d60_h10_pp05,expandedworld,H259,T1,square,0.009,0.0535,0,,yp,6.0,1.0,5.0,6.1321,6.0828,6.0,14,14,1,633,599,646,599,28,0,14,0.5,0.0,0.0,632,597,648,601,141,1,1,31,frames/expandedworld/H259_yp_d60_h10_pp05.png,frames/expandedworld/H259_yp_d60_h10_pp05.depth.npy
expandedworld/H259_yp_d60_h15_pm05,H259_yp_d60_h15_pm05,expandedworld,H259,T1,square,0.009,0.0535,0,,yp,6.0,1.5,-5.0,6.2332,6.1847,6.0,28,14,2,633,506,646,507,56,0,28,0.5,0.0,0.0,633,504,647,509,155,1,1,43,frames/expandedworld/H259_yp_d60_h15_pm05.png,frames/expandedworld/H259_yp_d60_h15_pm05.depth.npy
expandedworld/H259_yp_d60_h15_pm15,H259_yp_d60_h15_pm15,expandedworld,H259,T1,square,0.009,0.0535,0,,yp,6.0,1.5,-15.0,6.2332,6.1847,6.0,28,14,2,633,342,646,343,42,0,14,0.3333,0.0,0.0,633,340,647,345,148,1,1,44,frames/expandedworld/H259_yp_d60_h15_pm15.png,frames/expandedworld/H259_yp_d60_h15_pm15.depth.npy
expandedworld/H259_yp_d60_h15_pp05,H259_yp_d60_h15_pp05,expandedworld,H259,T1,square,0.009,0.0535,0,,yp,6.0,1.5,5.0,6.2332,6.1847,6.0,28,14,2,633,679,646,680,56,0,28,0.5,0.0,0.0,632,677,648,682,155,1,1,42,frames/expandedworld/H259_yp_d60_h15_pp05.png,frames/expandedworld/H259_yp_d60_h15_pp05.depth.npy
expandedworld/H259_yp_d60_h20_pm05,H259_yp_d60_h20_pm05,expandedworld,H259,T1,square,0.009,0.0535,0,,yp,6.0,2.0,-5.0,6.372,6.3245,6.0,42,14,3,633,579,646,581,56,0,14,0.25,0.0,0.0,633,577,647,583,155,1,1,47,frames/expandedworld/H259_yp_d60_h20_pm05.png,frames/expandedworld/H259_yp_d60_h20_pm05.depth.npy
expandedworld/H259_yp_d60_h20_pm15,H259_yp_d60_h20_pm15,expandedworld,H259,T1,square,0.009,0.0535,0,,yp,6.0,2.0,-15.0,6.372,6.3245,6.0,42,14,3,633,413,646,415,70,0,28,0.4,0.0,0.0,633,411,647,416,162,1,1,47,frames/expandedworld/H259_yp_d60_h20_pm15.png,frames/expandedworld/H259_yp_d60_h20_pm15.depth.npy
expandedworld/H259_yp_d80_h03_pm05,H259_yp_d80_h03_pm05,expandedworld,H259,T1,square,0.009,0.0535,0,,yp,8.0,0.3,-5.0,8.0556,8.0056,8.0,0,0,0,-1,-1,-1,-1,10,0,10,1.0,0.0,,634,313,646,314,106,1,1,19,frames/expandedworld/H259_yp_d80_h03_pm05.png,frames/expandedworld/H259_yp_d80_h03_pm05.depth.npy
expandedworld/H259_yp_d80_h03_pm15,H259_yp_d80_h03_pm15,expandedworld,H259,T1,square,0.009,0.0535,0,,yp,8.0,0.3,-15.0,8.0556,8.0056,8.0,0,0,0,-1,-1,-1,-1,10,0,10,1.0,0.0,,634,147,646,148,106,1,1,21,frames/expandedworld/H259_yp_d80_h03_pm15.png,frames/expandedworld/H259_yp_d80_h03_pm15.depth.npy
expandedworld/H259_yp_d80_h03_pp05,H259_yp_d80_h03_pp05,expandedworld,H259,T1,square,0.009,0.0535,0,,yp,8.0,0.3,5.0,8.0556,8.0056,8.0,0,0,0,-1,-1,-1,-1,10,0,10,1.0,0.0,,634,476,646,477,106,1,1,20,frames/expandedworld/H259_yp_d80_h03_pp05.png,frames/expandedworld/H259_yp_d80_h03_pp05.depth.npy
expandedworld/H259_yp_d80_h06_pm05,H259_yp_d80_h06_pm05,expandedworld,H259,T1,square,0.009,0.0535,0,,yp,8.0,0.6,-5.0,8.0723,8.0225,8.0,0,0,0,-1,-1,-1,-1,0,0,0,,,,634,347,646,349,99,1,1,30,frames/expandedworld/H259_yp_d80_h06_pm05.png,frames/expandedworld/H259_yp_d80_h06_pm05.depth.npy
expandedworld/H259_yp_d80_h06_pm15,H259_yp_d80_h06_pm15,expandedworld,H259,T1,square,0.009,0.0535,0,,yp,8.0,0.6,-15.0,8.0723,8.0225,8.0,0,0,0,-1,-1,-1,-1,10,0,10,1.0,0.0,,634,182,646,184,106,1,1,31,frames/expandedworld/H259_yp_d80_h06_pm15.png,frames/expandedworld/H259_yp_d80_h06_pm15.depth.npy
expandedworld/H259_yp_d80_h06_pp05,H259_yp_d80_h06_pp05,expandedworld,H259,T1,square,0.009,0.0535,0,,yp,8.0,0.6,5.0,8.0723,8.0225,8.0,0,0,0,-1,-1,-1,-1,10,0,10,1.0,0.0,,634,511,646,513,106,1,1,29,frames/expandedworld/H259_yp_d80_h06_pp05.png,frames/expandedworld/H259_yp_d80_h06_pp05.depth.npy
expandedworld/H259_yp_d80_h10_pm05,H259_yp_d80_h10_pm05,expandedworld,H259,T1,square,0.009,0.0535,0,,yp,8.0,1.0,-5.0,8.1119,8.0623,8.0,0,0,0,-1,-1,-1,-1,20,0,20,1.0,0.0,,634,393,646,395,113,1,1,37,frames/expandedworld/H259_yp_d80_h10_pm05.png,frames/expandedworld/H259_yp_d80_h10_pm05.depth.npy
expandedworld/H259_yp_d80_h10_pm15,H259_yp_d80_h10_pm15,expandedworld,H259,T1,square,0.009,0.0535,0,,yp,8.0,1.0,-15.0,8.1119,8.0623,8.0,0,0,0,-1,-1,-1,-1,10,0,10,1.0,0.0,,634,229,646,232,106,1,1,37,frames/expandedworld/H259_yp_d80_h10_pm15.png,frames/expandedworld/H259_yp_d80_h10_pm15.depth.npy
expandedworld/H259_yp_d80_h10_pp05,H259_yp_d80_h10_pp05,expandedworld,H259,T1,square,0.009,0.0535,0,,yp,8.0,1.0,5.0,8.1119,8.0623,8.0,0,0,0,-1,-1,-1,-1,10,0,10,1.0,0.0,,634,558,646,561,106,1,1,36,frames/expandedworld/H259_yp_d80_h10_pp05.png,frames/expandedworld/H259_yp_d80_h10_pp05.depth.npy
expandedworld/H259_yp_d80_h15_pm05,H259_yp_d80_h15_pm05,expandedworld,H259,T1,square,0.009,0.0535,0,,yp,8.0,1.5,-5.0,8.1886,8.1394,8.0,10,10,1,635,451,644,451,20,0,10,0.5,0.0,0.0,634,449,646,452,113,1,1,44,frames/expandedworld/H259_yp_d80_h15_pm05.png,frames/expandedworld/H259_yp_d80_h15_pm05.depth.npy
expandedworld/H259_yp_d80_h15_pm15,H259_yp_d80_h15_pm15,expandedworld,H259,T1,square,0.009,0.0535,0,,yp,8.0,1.5,-15.0,8.1886,8.1394,8.0,10,10,1,635,288,644,288,20,0,10,0.5,0.0,0.0,634,286,646,289,113,1,1,44,frames/expandedworld/H259_yp_d80_h15_pm15.png,frames/expandedworld/H259_yp_d80_h15_pm15.depth.npy
expandedworld/H259_yp_d80_h15_pp05,H259_yp_d80_h15_pp05,expandedworld,H259,T1,square,0.009,0.0535,0,,yp,8.0,1.5,5.0,8.1886,8.1394,8.0,10,10,1,635,619,644,619,20,0,10,0.5,0.0,0.0,634,618,646,621,113,1,1,43,frames/expandedworld/H259_yp_d80_h15_pp05.png,frames/expandedworld/H259_yp_d80_h15_pp05.depth.npy
expandedworld/H259_yp_d80_h20_pm05,H259_yp_d80_h20_pm05,expandedworld,H259,T1,square,0.009,0.0535,0,,yp,8.0,2.0,-5.0,8.2947,8.2462,8.0,20,10,2,635,506,644,507,30,0,10,0.3333,0.0,0.0,634,505,646,509,120,1,1,53,frames/expandedworld/H259_yp_d80_h20_pm05.png,frames/expandedworld/H259_yp_d80_h20_pm05.depth.npy
expandedworld/H259_yp_d80_h20_pm15,H259_yp_d80_h20_pm15,expandedworld,H259,T1,square,0.009,0.0535,0,,yp,8.0,2.0,-15.0,8.2947,8.2462,8.0,10,10,1,635,343,644,343,20,0,10,0.5,0.0,0.0,634,341,646,345,113,1,1,52,frames/expandedworld/H259_yp_d80_h20_pm15.png,frames/expandedworld/H259_yp_d80_h20_pm15.depth.npy
expandedworld/H259_yp_d80_h20_pp05,H259_yp_d80_h20_pp05,expandedworld,H259,T1,square,0.009,0.0535,0,,yp,8.0,2.0,5.0,8.2947,8.2462,8.0,20,10,2,635,679,644,680,30,0,10,0.3333,0.0,0.0,634,678,646,682,120,1,1,50,frames/expandedworld/H259_yp_d80_h20_pp05.png,frames/expandedworld/H259_yp_d80_h20_pp05.depth.npy
expandedworld/H30_occ261_e12_h15_pm05,H30_occ261_e12_h15_pm05,expandedworld,H30,M1,circle,0.3397,0.3288,1,aws_robomaker_warehouse_ClutteringC_01_029,occ,5.528,1.5,-5.0,6.7346,6.4127,6.2348,0,0,0,-1,-1,-1,-1,1501,1501,0,1.0,1.0,,593,478,686,500,696,1,0,31,frames/expandedworld/H30_occ261_e12_h15_pm05.png,frames/expandedworld/H30_occ261_e12_h15_pm05.depth.npy
expandedworld/H30_occ314_e12_h03_pm15,H30_occ314_e12_h03_pm15,expandedworld,H30,M1,circle,0.3397,0.3288,1,aws_robomaker_warehouse_ShelfE_01_001,occ,5.581,0.3,-15.0,7.5458,7.2199,7.2136,123,76,3,602,149,677,151,227,0,104,0.4581,0.0,0.0,598,148,682,152,624,1,1,19,frames/expandedworld/H30_occ314_e12_h03_pm15.png,frames/expandedworld/H30_occ314_e12_h03_pm15.depth.npy
expandedworld/H30_occ314_e12_h06_pm05,H30_occ314_e12_h06_pm05,expandedworld,H30,M1,circle,0.3397,0.3288,1,aws_robomaker_warehouse_ShelfE_01_001,occ,5.581,0.6,-5.0,7.5637,7.2385,7.2136,204,79,5,600,351,678,355,403,131,68,0.4938,0.3251,0.0,599,349,681,357,592,1,1,23,frames/expandedworld/H30_occ314_e12_h06_pm05.png,frames/expandedworld/H30_occ314_e12_h06_pm05.depth.npy
expandedworld/H30_occ314_e12_h15_pm15,H30_occ314_e12_h15_pm15,expandedworld,H30,M1,circle,0.3397,0.3288,1,aws_robomaker_warehouse_ShelfE_01_001,occ,5.581,1.5,-15.0,7.6876,7.3679,7.2136,0,0,0,-1,-1,-1,-1,978,978,0,1.0,1.0,,599,291,680,308,612,1,0,31,frames/expandedworld/H30_occ314_e12_h15_pm15.png,frames/expandedworld/H30_occ314_e12_h15_pm15.depth.npy
expandedworld/H30_occ474_e06_h03_pm15,H30_occ474_e06_h03_pm15,expandedworld,H30,M1,circle,0.3397,0.3288,1,aws_robomaker_warehouse_ClutteringC_01_027,occ,5.725,0.3,-15.0,6.7678,6.4415,6.4345,0,0,0,-1,-1,-1,-1,301,301,0,1.0,1.0,,593,152,687,157,688,1,0,15,frames/expandedworld/H30_occ474_e06_h03_pm15.png,frames/expandedworld/H30_occ474_e06_h03_pm15.depth.npy
expandedworld/H30_occ474_e06_h06_pm05,H30_occ474_e06_h06_pm05,expandedworld,H30,M1,circle,0.3397,0.3288,1,aws_robomaker_warehouse_ClutteringC_01_027,occ,5.725,0.6,-5.0,6.7878,6.4624,6.4345,0,0,0,-1,-1,-1,-1,560,560,0,1.0,1.0,,594,357,685,366,666,1,0,18,frames/expandedworld/H30_occ474_e06_h06_pm05.png,frames/expandedworld/H30_occ474_e06_h06_pm05.depth.npy
expandedworld/H30_occ474_e06_h15_pm15,H30_occ474_e06_h15_pm15,expandedworld,H30,M1,circle,0.3397,0.3288,1,aws_robomaker_warehouse_ClutteringC_01_027,occ,5.725,1.5,-15.0,6.9256,6.607,6.4345,0,0,0,-1,-1,-1,-1,1342,1342,0,1.0,1.0,,595,310,684,330,680,1,0,21,frames/expandedworld/H30_occ474_e06_h15_pm15.png,frames/expandedworld/H30_occ474_e06_h15_pm15.depth.npy
expandedworld/H30_occ656_e06_h03_pm15,H30_occ656_e06_h03_pm15,expandedworld,H30,M1,circle,0.3397,0.3288,1,aws_robomaker_warehouse_ClutteringC_01_028,occ,6.763,0.3,-15.0,7.6639,7.3343,7.3282,0,0,0,-1,-1,-1,-1,207,207,0,1.0,1.0,,598,147,681,151,614,1,0,17,frames/expandedworld/H30_occ656_e06_h03_pm15.png,frames/expandedworld/H30_occ656_e06_h03_pm15.depth.npy
expandedworld/H30_occ656_e06_h06_pm05,H30_occ656_e06_h06_pm05,expandedworld,H30,M1,circle,0.3397,0.3288,1,aws_robomaker_warehouse_ClutteringC_01_028,occ,6.763,0.6,-5.0,7.6815,7.3527,7.3282,0,0,0,-1,-1,-1,-1,386,386,0,1.0,1.0,,599,348,680,355,589,1,0,23,frames/expandedworld/H30_occ656_e06_h06_pm05.png,frames/expandedworld/H30_occ656_e06_h06_pm05.depth.npy
expandedworld/H30_occ656_e06_h15_pm15,H30_occ656_e06_h15_pm15,expandedworld,H30,M1,circle,0.3397,0.3288,1,aws_robomaker_warehouse_ClutteringC_01_028,occ,6.763,1.5,-15.0,7.8035,7.4801,7.3282,0,0,0,-1,-1,-1,-1,944,944,0,1.0,1.0,,600,288,680,305,602,1,0,29,frames/expandedworld/H30_occ656_e06_h15_pm15.png,frames/expandedworld/H30_occ656_e06_h15_pm15.depth.npy
expandedworld/H30_occ754_e06_h03_pm05,H30_occ754_e06_h03_pm05,expandedworld,H30,M1,circle,0.3397,0.3288,1,aws_robomaker_warehouse_ClutteringA_01_016,occ,6.886,0.3,-5.0,7.8931,7.5625,7.5566,0,0,0,-1,-1,-1,-1,180,180,0,1.0,1.0,,600,312,679,316,568,1,0,20,frames/expandedworld/H30_occ754_e06_h03_pm05.png,frames/expandedworld/H30_occ754_e06_h03_pm05.depth.npy
expandedworld/H30_occ754_e06_h10_pm15,H30_occ754_e06_h10_pm15,expandedworld,H30,M1,circle,0.3397,0.3288,1,aws_robomaker_warehouse_ClutteringA_01_016,occ,6.886,1.0,-15.0,7.9505,7.6224,7.5566,0,0,0,-1,-1,-1,-1,611,611,0,1.0,1.0,,600,228,679,239,588,1,0,33,frames/expandedworld/H30_occ754_e06_h10_pm15.png,frames/expandedworld/H30_occ754_e06_h10_pm15.depth.npy
expandedworld/H30_occ754_e06_h15_pm05,H30_occ754_e06_h15_pm05,expandedworld,H30,M1,circle,0.3397,0.3288,1,aws_robomaker_warehouse_ClutteringA_01_016,occ,6.886,1.5,-5.0,8.0287,7.704,7.5566,783,76,14,602,448,677,461,875,0,92,0.1051,0.0,0.0102,601,447,678,462,573,1,1,37,frames/expandedworld/H30_occ754_e06_h15_pm05.png,frames/expandedworld/H30_occ754_e06_h15_pm05.depth.npy
expandedworld/H30_occ754_e12_h06_pm15,H30_occ754_e12_h06_pm15,expandedworld,H30,M1,circle,0.3397,0.3288,1,aws_robomaker_warehouse_ClutteringA_01_016,occ,7.486,0.6,-15.0,8.5086,8.1786,8.1566,0,0,0,-1,-1,-1,-1,302,302,0,1.0,1.0,,602,177,677,183,543,1,0,27,frames/expandedworld/H30_occ754_e12_h06_pm15.png,frames/expandedworld/H30_occ754_e12_h06_pm15.depth.npy
expandedworld/H30_occ754_e12_h10_pm05,H30_occ754_e12_h10_pm05,expandedworld,H30,M1,circle,0.3397,0.3288,1,aws_robomaker_warehouse_ClutteringA_01_016,occ,7.486,1.0,-5.0,8.5461,8.2176,8.1566,0,0,0,-1,-1,-1,-1,472,472,0,1.0,1.0,,603,383,676,393,531,1,0,31,frames/expandedworld/H30_occ754_e12_h10_pm05.png,frames/expandedworld/H30_occ754_e12_h10_pm05.depth.npy
expandedworld/H30_yp_d03_h03_pm05,H30_yp_d03_h03_pm05,expandedworld,H30,M1,circle,0.3397,0.3288,0,,yp,0.3,0.3,-5.0,0.6978,0.4222,0.2971,96788,934,147,173,573,1106,719,106976,0,10188,0.0952,0.0,0.1384,89,564,1184,1150,2366,1,1,24,frames/expandedworld/H30_yp_d03_h03_pm05.png,frames/expandedworld/H30_yp_d03_h03_pm05.depth.npy
expandedworld/H30_yp_d03_h03_pm15,H30_yp_d03_h03_pm15,expandedworld,H30,M1,circle,0.3397,0.3288,0,,yp,0.3,0.3,-15.0,0.6978,0.4222,0.2971,257139,1001,313,139,407,1139,719,268816,0,11677,0.0434,0.0,0.5509,128,399,1145,904,3486,1,1,23,frames/expandedworld/H30_yp_d03_h03_pm15.png,frames/expandedworld/H30_yp_d03_h03_pm15.depth.npy
expandedworld/H30_yp_d03_h06_pm15,H30_yp_d03_h06_pm15,expandedworld,H30,M1,circle,0.3397,0.3288,0,,yp,0.3,0.6,-15.0,0.87,0.6695,0.2971,22534,492,67,394,653,885,719,26642,0,4108,0.1542,0.0,0.0,194,646,1080,1419,817,1,1,29,frames/expandedworld/H30_yp_d03_h06_pm15.png,frames/expandedworld/H30_yp_d03_h06_pm15.depth.npy
expandedworld/H30_yp_d05_h03_pm05,H30_yp_d05_h03_pm05,expandedworld,H30,M1,circle,0.3397,0.3288,0,,yp,0.5,0.3,-5.0,0.8825,0.5806,0.4971,125633,776,196,252,524,1027,719,132923,0,7290,0.0548,0.0,0.4173,249,516,1026,817,2590,1,1,23,frames/expandedworld/H30_yp_d05_h03_pm05.png,frames/expandedworld/H30_yp_d05_h03_pm05.depth.npy
expandedworld/H30_yp_d05_h03_pm15,H30_yp_d05_h03_pm15,expandedworld,H30,M1,circle,0.3397,0.3288,0,,yp,0.5,0.3,-15.0,0.8825,0.5806,0.4971,152580,744,267,268,359,1011,625,160310,0,7730,0.0482,0.0,0.5602,263,352,1012,629,6358,1,1,23,frames/expandedworld/H30_yp_d05_h03_pm15.png,frames/expandedworld/H30_yp_d05_h03_pm15.depth.npy
expandedworld/H30_yp_d05_h03_pp05,H30_yp_d05_h03_pp05,expandedworld,H30,M1,circle,0.3397,0.3288,0,,yp,0.5,0.3,5.0,0.8825,0.5806,0.4971,5790,394,22,443,698,836,719,9625,0,3835,0.3984,0.0,0.0,217,690,1058,1040,1125,1,1,24,frames/expandedworld/H30_yp_d05_h03_pp05.png,frames/expandedworld/H30_yp_d05_h03_pp05.depth.npy
expandedworld/H30_yp_d05_h06_pm15,H30_yp_d05_h06_pm15,expandedworld,H30,M1,circle,0.3397,0.3288,0,,yp,0.5,0.6,-15.0,1.0241,0.7792,0.4971,68799,634,149,323,571,956,719,73594,0,4795,0.0652,0.0,0.35,297,564,979,1021,1492,1,1,30,frames/expandedworld/H30_yp_d05_h06_pm15.png,frames/expandedworld/H30_yp_d05_h06_pm15.depth.npy
expandedworld/H30_yp_d07_h03_pm05,H30_yp_d07_h03_pm05,expandedworld,H30,M1,circle,0.3397,0.3288,0,,yp,0.7,0.3,-5.0,1.0728,0.7589,0.6971,83234,610,178,335,488,944,665,88327,0,5093,0.0577,0.0,0.4369,330,482,947,668,5031,1,1,23,frames/expandedworld/H30_yp_d07_h03_pm05.png,frames/expandedworld/H30_yp_d07_h03_pm05.depth.npy
expandedworld/H30_yp_d07_h03_pm15,H30_yp_d07_h03_pm15,expandedworld,H30,M1,circle,0.3397,0.3288,0,,yp,0.7,0.3,-15.0,1.0728,0.7589,0.6971,77367,595,169,342,325,936,493,82230,0,4863,0.0591,0.0,0.4283,337,318,939,496,4865,1,1,23,frames/expandedworld/H30_yp_d07_h03_pm15.png,frames/expandedworld/H30_yp_d07_h03_pm15.depth.npy
expandedworld/H30_yp_d07_h03_pp05,H30_yp_d07_h03_pp05,expandedworld,H30,M1,circle,0.3397,0.3288,0,,yp,0.7,0.3,5.0,1.0728,0.7589,0.6971,25132,582,60,349,660,930,719,29756,0,4624,0.1554,0.0,0.0,312,652,964,862,1496,1,1,23,frames/expandedworld/H30_yp_d07_h03_pp05.png,frames/expandedworld/H30_yp_d07_h03_pp05.depth.npy
expandedworld/H30_yp_d07_h06_pm05,H30_yp_d07_h06_pm05,expandedworld,H30,M1,circle,0.3397,0.3288,0,,yp,0.7,0.6,-5.0,1.192,0.9197,0.6971,8880,358,36,461,684,818,719,11321,0,2441,0.2156,0.0,0.0,338,677,938,1030,900,1,1,30,frames/expandedworld/H30_yp_d07_h06_pm05.png,frames/expandedworld/H30_yp_d07_h06_pm05.depth.npy
expandedworld/H30_yp_d07_h06_pm15,H30_yp_d07_h06_pm15,expandedworld,H30,M1,circle,0.3397,0.3288,0,,yp,0.7,0.6,-15.0,1.192,0.9197,0.6971,96487,552,210,364,510,915,719,100370,0,3883,0.0387,0.0,0.5954,359,504,918,809,2093,1,1,30,frames/expandedworld/H30_yp_d07_h06_pm15.png,frames/expandedworld/H30_yp_d07_h06_pm15.depth.npy
expandedworld/H30_yp_d10_h03_pm05,H30_yp_d10_h03_pm05,expandedworld,H30,M1,circle,0.3397,0.3288,0,,yp,1.0,0.3,-5.0,1.3634,1.0412,0.9971,36264,465,102,408,451,872,552,39178,0,2914,0.0744,0.0,0.2459,403,445,874,554,3687,1,1,22,frames/expandedworld/H30_yp_d10_h03_pm05.png,frames/expandedworld/H30_yp_d10_h03_pm05.depth.npy
expandedworld/H30_yp_d10_h03_pm15,H30_yp_d10_h03_pm15,expandedworld,H30,M1,circle,0.3397,0.3288,0,,yp,1.0,0.3,-15.0,1.3634,1.0412,0.9971,35070,460,100,410,288,869,387,37952,0,2882,0.0759,0.0,0.2415,406,282,872,389,3396,1,1,23,frames/expandedworld/H30_yp_d10_h03_pm15.png,frames/expandedworld/H30_yp_d10_h03_pm15.depth.npy
expandedworld/H30_yp_d10_h03_pp05,H30_yp_d10_h03_pp05,expandedworld,H30,M1,circle,0.3397,0.3288,0,,yp,1.0,0.3,5.0,1.3634,1.0412,0.9971,39436,486,100,397,620,882,719,42673,0,3237,0.0759,0.0,0.217,393,614,884,732,2346,1,1,22,frames/expandedworld/H30_yp_d10_h03_pp05.png,frames/expandedworld/H30_yp_d10_h03_pp05.depth.npy
expandedworld/H30_yp_d10_h06_pm05,H30_yp_d10_h06_pm05,expandedworld,H30,M1,circle,0.3397,0.3288,0,,yp,1.0,0.6,-5.0,1.4591,1.1637,0.9971,38744,458,107,411,613,868,719,41365,0,2621,0.0634,0.0,0.3012,408,607,869,815,1364,1,1,31,frames/expandedworld/H30_yp_d10_h06_pm05.png,frames/expandedworld/H30_yp_d10_h06_pm05.depth.npy
expandedworld/H30_yp_d10_h06_pm15,H30_yp_d10_h06_pm15,expandedworld,H30,M1,circle,0.3397,0.3288,0,,yp,1.0,0.6,-15.0,1.4591,1.1637,0.9971,61039,436,182,422,444,857,625,63740,0,2701,0.0424,0.0,0.5872,419,439,858,628,3888,1,1,30,frames/expandedworld/H30_yp_d10_h06_pm15.png,frames/expandedworld/H30_yp_d10_h06_pm15.depth.npy
expandedworld/H30_yp_d10_h10_pm15,H30_yp_d10_h10_pm15,expandedworld,H30,M1,circle,0.3397,0.3288,0,,yp,1.0,1.0,-15.0,1.664,1.4122,0.9971,23905,378,87,451,633,828,719,25717,0,1812,0.0705,0.0,0.2813,435,628,843,900,1041,1,1,34,frames/expandedworld/H30_yp_d10_h10_pm15.png,frames/expandedworld/H30_yp_d10_h10_pm15.depth.npy
expandedworld/H30_yp_d15_h03_pm05,H30_yp_d15_h03_pm05,expandedworld,H30,M1,circle,0.3397,0.3288,0,,yp,1.5,0.3,-5.0,1.8544,1.5269,1.4971,13084,334,51,473,412,806,462,14688,0,1604,0.1092,0.0,0.0138,470,407,808,464,2472,1,1,20,frames/expandedworld/H30_yp_d15_h03_pm05.png,frames/expandedworld/H30_yp_d15_h03_pm05.depth.npy
expandedworld/H30_yp_d15_h03_pm15,H30_yp_d15_h03_pm15,expandedworld,H30,M1,circle,0.3397,0.3288,0,,yp,1.5,0.3,-15.0,1.8544,1.5269,1.4971,13121,334,52,473,248,806,299,14715,0,1594,0.1083,0.0,0.0138,470,244,808,301,2463,1,1,23,frames/expandedworld/H30_yp_d15_h03_pm15.png,frames/expandedworld/H30_yp_d15_h03_pm15.depth.npy
expandedworld/H30_yp_d15_h03_pp05,H30_yp_d15_h03_pp05,expandedworld,H30,M1,circle,0.3397,0.3288,0,,yp,1.5,0.3,5.0,1.8544,1.5269,1.4971,14330,344,54,468,578,811,631,16039,0,1709,0.1066,0.0,0.0154,465,573,813,633,2497,1,1,20,frames/expandedworld/H30_yp_d15_h03_pp05.png,frames/expandedworld/H30_yp_d15_h03_pp05.depth.npy
expandedworld/H30_yp_d15_h06_pm05,H30_yp_d15_h06_pm05,expandedworld,H30,M1,circle,0.3397,0.3288,0,,yp,1.5,0.6,-5.0,1.9258,1.6129,1.4971,26502,330,104,475,537,804,640,28138,0,1636,0.0581,0.0,0.4219,472,533,806,642,2489,1,1,30,frames/expandedworld/H30_yp_d15_h06_pm05.png,frames/expandedworld/H30_yp_d15_h06_pm05.depth.npy
expandedworld/H30_yp_d15_h06_pm15,H30_yp_d15_h06_pm15,expandedworld,H30,M1,circle,0.3397,0.3288,0,,yp,1.5,0.6,-15.0,1.9258,1.6129,1.4971,24425,322,98,479,373,800,470,25915,0,1490,0.0575,0.0,0.4164,477,368,801,472,2478,1,1,31,frames/expandedworld/H30_yp_d15_h06_pm15.png,frames/expandedworld/H30_yp_d15_h06_pm15.depth.npy
expandedworld/H30_yp_d15_h06_pp05,H30_yp_d15_h06_pp05,expandedworld,H30,M1,circle,0.3397,0.3288,0,,yp,1.5,0.6,5.0,1.9258,1.6129,1.4971,716,154,7,563,713,716,719,1558,0,842,0.5404,0.0,0.0,462,708,816,832,556,1,1,31,frames/expandedworld/H30_yp_d15_h06_pp05.png,frames/expandedworld/H30_yp_d15_h06_pp05.depth.npy
expandedworld/H30_yp_d15_h10_pm05,H30_yp_d15_h10_pm05,expandedworld,H30,M1,circle,0.3397,0.3288,0,,yp,1.5,1.0,-5.0,2.0854,1.8004,1.4971,2777,204,20,538,700,741,719,3658,0,881,0.2408,0.0,0.0,476,696,802,871,536,1,1,34,frames/expandedworld/H30_yp_d15_h10_pm05.png,frames/expandedworld/H30_yp_d15_h10_pm05.depth.npy
expandedworld/H30_yp_d15_h10_pm15,H30_yp_d15_h10_pm15,expandedworld,H30,M1,circle,0.3397,0.3288,0,,yp,1.5,1.0,-15.0,2.0854,1.8004,1.4971,35372,306,150,487,525,792,674,36768,0,1396,0.038,0.0,0.6357,486,522,793,676,2607,1,1,34,frames/expandedworld/H30_yp_d15_h10_pm15.png,frames/expandedworld/H30_yp_d15_h10_pm15.depth.npy
expandedworld/H30_yp_d15_h15_pm15,H30_yp_d15_h15_pm15,expandedworld,H30,M1,circle,0.3397,0.3288,0,,yp,1.5,1.5,-15.0,2.3662,2.1193,1.4971,2601,176,22,552,698,727,719,3194,0,593,0.1857,0.0,0.0,495,695,783,899,516,1,1,48,frames/expandedworld/H30_yp_d15_h15_pm15.png,frames/expandedworld/H30_yp_d15_h15_pm15.depth.npy
expandedworld/H30_yp_d20_h03_pm05,H30_yp_d20_h03_pm05,expandedworld,H30,M1,circle,0.3397,0.3288,0,,yp,2.0,0.3,-5.0,2.3492,2.0195,1.9971,6062,260,30,510,387,769,416,7067,0,1005,0.1422,0.0,0.0,507,383,771,418,1957,1,1,21,frames/expandedworld/H30_yp_d20_h03_pm05.png,frames/expandedworld/H30_yp_d20_h03_pm05.depth.npy
expandedworld/H30_yp_d20_h03_pm15,H30_yp_d20_h03_pm15,expandedworld,H30,M1,circle,0.3397,0.3288,0,,yp,2.0,0.3,-15.0,2.3492,2.0195,1.9971,6218,262,31,509,223,770,253,7236,0,1018,0.1407,0.0,0.0,506,219,772,255,1908,1,1,22,frames/expandedworld/H30_yp_d20_h03_pm15.png,frames/expandedworld/H30_yp_d20_h03_pm15.depth.npy
expandedworld/H30_yp_d20_h03_pp05,H30_yp_d20_h03_pp05,expandedworld,H30,M1,circle,0.3397,0.3288,0,,yp,2.0,0.3,5.0,2.3492,2.0195,1.9971,6519,266,32,507,552,772,583,7566,0,1047,0.1384,0.0,0.0,504,548,774,585,1891,1,1,21,frames/expandedworld/H30_yp_d20_h03_pp05.png,frames/expandedworld/H30_yp_d20_h03_pp05.depth.npy
expandedworld/H30_yp_d20_h06_pm05,H30_yp_d20_h06_pm05,expandedworld,H30,M1,circle,0.3397,0.3288,0,,yp,2.0,0.6,-5.0,2.406,2.0853,1.9971,12619,260,63,510,490,769,552,13629,0,1010,0.0741,0.0,0.2584,509,486,770,554,1946,1,1,29,frames/expandedworld/H30_yp_d20_h06_pm05.png,frames/expandedworld/H30_yp_d20_h06_pm05.depth.npy
expandedworld/H30_yp_d20_h06_pm15,H30_yp_d20_h06_pm15,expandedworld,H30,M1,circle,0.3397,0.3288,0,,yp,2.0,0.6,-15.0,2.406,2.0853,1.9971,12072,256,62,512,326,767,387,13014,0,942,0.0724,0.0,0.2542,511,322,768,388,1971,1,1,29,frames/expandedworld/H30_yp_d20_h06_pm15.png,frames/expandedworld/H30_yp_d20_h06_pm15.depth.npy
expandedworld/H30_yp_d20_h06_pp05,H30_yp_d20_h06_pp05,expandedworld,H30,M1,circle,0.3397,0.3288,0,,yp,2.0,0.6,5.0,2.406,2.0853,1.9971,13193,272,59,504,661,775,719,14250,0,1057,0.0742,0.0,0.1862,503,657,776,731,1167,1,1,29,frames/expandedworld/H30_yp_d20_h06_pp05.png,frames/expandedworld/H30_yp_d20_h06_pp05.depth.npy
expandedworld/H30_yp_d20_h10_pm05,H30_yp_d20_h10_pm05,expandedworld,H30,M1,circle,0.3397,0.3288,0,,yp,2.0,1.0,-5.0,2.5355,2.2335,1.9971,20041,256,97,512,623,767,719,21004,0,963,0.0458,0.0,0.5202,511,620,768,729,1450,1,1,34,frames/expandedworld/H30_yp_d20_h10_pm05.png,frames/expandedworld/H30_yp_d20_h10_pm05.depth.npy
expandedworld/H30_yp_d20_h10_pm15,H30_yp_d20_h10_pm15,expandedworld,H30,M1,circle,0.3397,0.3288,0,,yp,2.0,1.0,-15.0,2.5355,2.2335,1.9971,18181,246,97,517,454,762,550,19042,0,861,0.0452,0.0,0.5294,516,451,762,552,2053,1,1,35,frames/expandedworld/H30_yp_d20_h10_pm15.png,frames/expandedworld/H30_yp_d20_h10_pm15.depth.npy
expandedworld/H30_yp_d20_h15_pm15,H30_yp_d20_h15_pm15,expandedworld,H30,M1,circle,0.3397,0.3288,0,,yp,2.0,1.5,-15.0,2.7711,2.4977,1.9971,22528,233,118,524,602,756,719,23296,0,768,0.033,0.0,0.6626,522,599,756,735,1315,1,1,47,frames/expandedworld/H30_yp_d20_h15_pm15.png,frames/expandedworld/H30_yp_d20_h15_pm15.depth.npy
expandedworld/H30_yp_d30_h03_pm05,H30_yp_d30_h03_pm05,expandedworld,H30,M1,circle,0.3397,0.3288,0,,yp,3.0,0.3,-5.0,3.3435,3.0121,2.9971,1905,180,15,550,357,729,371,2400,0,495,0.2063,0.0,0.0,547,354,732,372,1331,1,1,19,frames/expandedworld/H30_yp_d30_h03_pm05.png,frames/expandedworld/H30_yp_d30_h03_pm05.depth.npy
expandedworld/H30_yp_d30_h03_pm15,H30_yp_d30_h03_pm15,expandedworld,H30,M1,circle,0.3397,0.3288,0,,yp,3.0,0.3,-15.0,3.3435,3.0121,2.9971,1999,182,15,550,193,731,207,2487,0,488,0.1962,0.0,0.0,546,190,733,208,1331,1,1,21,frames/expandedworld/H30_yp_d30_h03_pm15.png,frames/expandedworld/H30_yp_d30_h03_pm15.depth.npy
expandedworld/H30_yp_d30_h03_pp05,H30_yp_d30_h03_pp05,expandedworld,H30,M1,circle,0.3397,0.3288,0,,yp,3.0,0.3,5.0,3.3435,3.0121,2.9971,2002,182,14,549,522,730,535,2530,0,528,0.2087,0.0,0.0,546,518,733,537,1333,1,1,20,frames/expandedworld/H30_yp_d30_h03_pp05.png,frames/expandedworld/H30_yp_d30_h03_pp05.depth.npy
expandedworld/H30_yp_d30_h06_pm05,H30_yp_d30_h06_pm05,expandedworld,H30,M1,circle,0.3397,0.3288,0,,yp,3.0,0.6,-5.0,3.3836,3.0566,2.9971,4202,182,30,549,433,730,462,4697,0,495,0.1054,0.0,0.0186,548,430,731,464,1323,1,1,29,frames/expandedworld/H30_yp_d30_h06_pm05.png,frames/expandedworld/H30_yp_d30_h06_pm05.depth.npy
expandedworld/H30_yp_d30_h06_pm15,H30_yp_d30_h06_pm15,expandedworld,H30,M1,circle,0.3397,0.3288,0,,yp,3.0,0.6,-15.0,3.3836,3.0566,2.9971,4193,182,30,549,270,730,299,4695,0,502,0.1069,0.0,0.0184,548,267,731,301,1316,1,1,31,frames/expandedworld/H30_yp_d30_h06_pm15.png,frames/expandedworld/H30_yp_d30_h06_pm15.depth.npy
expandedworld/H30_yp_d30_h06_pp05,H30_yp_d30_h06_pp05,expandedworld,H30,M1,circle,0.3397,0.3288,0,,yp,3.0,0.6,5.0,3.3836,3.0566,2.9971,4621,188,32,546,600,733,631,5134,0,513,0.0999,0.0,0.0123,545,597,734,633,1465,1,1,29,frames/expandedworld/H30_yp_d30_h06_pp05.png,frames/expandedworld/H30_yp_d30_h06_pp05.depth.npy
expandedworld/H30_yp_d30_h10_pm05,H30_yp_d30_h10_pm05,expandedworld,H30,M1,circle,0.3397,0.3288,0,,yp,3.0,1.0,-5.0,3.4769,3.1595,2.9971,7085,180,51,550,531,729,581,7602,0,517,0.068,0.0,0.3291,549,529,730,583,1328,1,1,36,frames/expandedworld/H30_yp_d30_h10_pm05.png,frames/expandedworld/H30_yp_d30_h10_pm05.depth.npy
expandedworld/H30_yp_d30_h10_pm15,H30_yp_d30_h10_pm15,expandedworld,H30,M1,circle,0.3397,0.3288,0,,yp,3.0,1.0,-15.0,3.4769,3.1595,2.9971,6638,176,49,552,367,727,415,7086,0,448,0.0632,0.0,0.3233,550,364,728,417,1364,1,1,35,frames/expandedworld/H30_yp_d30_h10_pm15.png,frames/expandedworld/H30_yp_d30_h10_pm15.depth.npy
expandedworld/H30_yp_d30_h10_pp05,H30_yp_d30_h10_pp05,expandedworld,H30,M1,circle,0.3397,0.3288,0,,yp,3.0,1.0,5.0,3.4769,3.1595,2.9971,1455,156,13,562,707,717,719,1907,0,452,0.237,0.0,0.0,544,704,735,764,467,1,1,36,frames/expandedworld/H30_yp_d30_h10_pp05.png,frames/expandedworld/H30_yp_d30_h10_pp05.depth.npy
expandedworld/H30_yp_d30_h15_pm05,H30_yp_d30_h15_pm05,expandedworld,H30,M1,circle,0.3397,0.3288,0,,yp,3.0,1.5,-5.0,3.6522,3.3515,2.9971,9887,178,68,551,652,728,719,10375,0,488,0.047,0.0,0.5142,550,650,729,729,984,1,1,46,frames/expandedworld/H30_yp_d30_h15_pm05.png,frames/expandedworld/H30_yp_d30_h15_pm05.depth.npy
expandedworld/H30_yp_d30_h15_pm15,H30_yp_d30_h15_pm15,expandedworld,H30,M1,circle,0.3397,0.3288,0,,yp,3.0,1.5,-15.0,3.6522,3.3515,2.9971,9124,170,70,555,481,724,550,9564,0,440,0.046,0.0,0.5355,554,479,725,551,1418,1,1,48,frames/expandedworld/H30_yp_d30_h15_pm15.png,frames/expandedworld/H30_yp_d30_h15_pm15.depth.npy
expandedworld/H30_yp_d30_h20_pm15,H30_yp_d30_h20_pm15,expandedworld,H30,M1,circle,0.3397,0.3288,0,,yp,3.0,2.0,-15.0,3.8844,3.6031,2.9971,11031,164,87,558,588,721,674,11414,0,383,0.0336,0.0,0.6484,557,586,722,676,1380,1,1,53,frames/expandedworld/H30_yp_d30_h20_pm15.png,frames/expandedworld/H30_yp_d30_h20_pm15.depth.npy
expandedworld/H30_yp_d40_h03_pm05,H30_yp_d40_h03_pm05,expandedworld,H30,M1,circle,0.3397,0.3288,0,,yp,4.0,0.3,-5.0,4.3404,4.0083,3.9971,775,137,7,572,341,708,347,1062,0,287,0.2702,0.0,0.0,568,338,711,349,1028,1,1,18,frames/expandedworld/H30_yp_d40_h03_pm05.png,frames/expandedworld/H30_yp_d40_h03_pm05.depth.npy
expandedworld/H30_yp_d40_h03_pm15,H30_yp_d40_h03_pm15,expandedworld,H30,M1,circle,0.3397,0.3288,0,,yp,4.0,0.3,-15.0,4.3404,4.0083,3.9971,852,138,8,571,176,708,183,1161,0,309,0.2661,0.0,0.0,567,173,712,184,1047,1,1,21,frames/expandedworld/H30_yp_d40_h03_pm15.png,frames/expandedworld/H30_yp_d40_h03_pm15.depth.npy
expandedworld/H30_yp_d40_h03_pp05,H30_yp_d40_h03_pp05,expandedworld,H30,M1,circle,0.3397,0.3288,0,,yp,4.0,0.3,5.0,4.3404,4.0083,3.9971,834,138,8,571,504,708,511,1127,0,293,0.26,0.0,0.0,567,502,712,513,1064,1,1,18,frames/expandedworld/H30_yp_d40_h03_pp05.png,frames/expandedworld/H30_yp_d40_h03_pp05.depth.npy
expandedworld/H30_yp_d40_h06_pm05,H30_yp_d40_h06_pm05,expandedworld,H30,M1,circle,0.3397,0.3288,0,,yp,4.0,0.6,-5.0,4.3714,4.0419,3.9971,1850,139,17,571,400,709,416,2162,0,312,0.1443,0.0,0.0,569,398,711,418,1025,1,1,29,frames/expandedworld/H30_yp_d40_h06_pm05.png,frames/expandedworld/H30_yp_d40_h06_pm05.depth.npy
expandedworld/H30_yp_d40_h06_pm15,H30_yp_d40_h06_pm15,expandedworld,H30,M1,circle,0.3397,0.3288,0,,yp,4.0,0.6,-15.0,4.3714,4.0419,3.9971,1867,140,17,570,237,709,253,2169,0,302,0.1392,0.0,0.0,568,234,711,255,1066,1,1,31,frames/expandedworld/H30_yp_d40_h06_pm15.png,frames/expandedworld/H30_yp_d40_h06_pm15.depth.npy
expandedworld/H30_yp_d40_h06_pp05,H30_yp_d40_h06_pp05,expandedworld,H30,M1,circle,0.3397,0.3288,0,,yp,4.0,0.6,5.0,4.3714,4.0419,3.9971,1988,142,18,569,566,710,583,2289,0,301,0.1315,0.0,0.0,567,563,712,585,1110,1,1,30,frames/expandedworld/H30_yp_d40_h06_pp05.png,frames/expandedworld/H30_yp_d40_h06_pp05.depth.npy
expandedworld/H30_yp_d40_h10_pm05,H30_yp_d40_h10_pm05,expandedworld,H30,M1,circle,0.3397,0.3288,0,,yp,4.0,1.0,-5.0,4.444,4.1203,3.9971,3207,139,30,571,478,709,507,3493,0,286,0.0819,0.0,0.1481,569,476,710,509,1080,1,1,36,frames/expandedworld/H30_yp_d40_h10_pm05.png,frames/expandedworld/H30_yp_d40_h10_pm05.depth.npy
expandedworld/H30_yp_d40_h10_pm15,H30_yp_d40_h10_pm15,expandedworld,H30,M1,circle,0.3397,0.3288,0,,yp,4.0,1.0,-15.0,4.444,4.1203,3.9971,3103,137,29,572,315,708,343,3391,0,288,0.0849,0.0,0.1405,570,313,709,345,1033,1,1,37,frames/expandedworld/H30_yp_d40_h10_pm15.png,frames/expandedworld/H30_yp_d40_h10_pm15.depth.npy
expandedworld/H30_yp_d40_h10_pp05,H30_yp_d40_h10_pp05,expandedworld,H30,M1,circle,0.3397,0.3288,0,,yp,4.0,1.0,5.0,4.444,4.1203,3.9971,3609,144,32,568,649,711,680,3924,0,315,0.0803,0.0,0.1452,566,646,713,682,1148,1,1,36,frames/expandedworld/H30_yp_d40_h10_pp05.png,frames/expandedworld/H30_yp_d40_h10_pp05.depth.npy
expandedworld/H30_yp_d40_h15_pm05,H30_yp_d40_h15_pm05,expandedworld,H30,M1,circle,0.3397,0.3288,0,,yp,4.0,1.5,-5.0,4.5824,4.2693,3.9971,4792,138,45,571,574,708,618,5092,0,300,0.0589,0.0,0.3996,570,572,709,620,1112,1,1,42,frames/expandedworld/H30_yp_d40_h15_pm05.png,frames/expandedworld/H30_yp_d40_h15_pm05.depth.npy
expandedworld/H30_yp_d40_h15_pm15,H30_yp_d40_h15_pm15,expandedworld,H30,M1,circle,0.3397,0.3288,0,,yp,4.0,1.5,-15.0,4.5824,4.2693,3.9971,4397,134,43,573,408,706,450,4660,0,263,0.0564,0.0,0.393,572,406,707,451,1070,1,1,45,frames/expandedworld/H30_yp_d40_h15_pm15.png,frames/expandedworld/H30_yp_d40_h15_pm15.depth.npy
expandedworld/H30_yp_d40_h20_pm05,H30_yp_d40_h20_pm05,expandedworld,H30,M1,circle,0.3397,0.3288,0,,yp,4.0,2.0,-5.0,4.7696,4.4695,3.9971,5799,136,51,572,669,707,719,6079,0,280,0.0461,0.0,0.5056,571,666,709,729,673,1,1,53,frames/expandedworld/H30_yp_d40_h20_pm05.png,frames/expandedworld/H30_yp_d40_h20_pm05.depth.npy
expandedworld/H30_yp_d40_h20_pm15,H30_yp_d40_h20_pm15,expandedworld,H30,M1,circle,0.3397,0.3288,0,,yp,4.0,2.0,-15.0,4.7696,4.4695,3.9971,5457,130,55,575,496,704,550,5708,0,251,0.044,0.0,0.5419,574,494,706,551,1107,1,1,54,frames/expandedworld/H30_yp_d40_h20_pm15.png,frames/expandedworld/H30_yp_d40_h20_pm15.depth.npy
expandedworld/H30_yp_d60_h03_pm05,H30_yp_d60_h03_pm05,expandedworld,H30,M1,circle,0.3397,0.3288,0,,yp,6.0,0.3,-5.0,6.3371,6.0046,5.9971,220,90,3,595,322,684,324,340,0,120,0.3529,0.0,0.0,591,320,689,326,709,1,1,21,frames/expandedworld/H30_yp_d60_h03_pm05.png,frames/expandedworld/H30_yp_d60_h03_pm05.depth.npy
expandedworld/H30_yp_d60_h03_pm15,H30_yp_d60_h03_pm15,expandedworld,H30,M1,circle,0.3397,0.3288,0,,yp,6.0,0.3,-15.0,6.3371,6.0046,5.9971,240,86,4,597,156,682,159,387,0,147,0.3798,0.0,0.0,590,154,690,160,701,1,1,19,frames/expandedworld/H30_yp_d60_h03_pm15.png,frames/expandedworld/H30_yp_d60_h03_pm15.depth.npy
expandedworld/H30_yp_d60_h03_pp05,H30_yp_d60_h03_pp05,expandedworld,H30,M1,circle,0.3397,0.3288,0,,yp,6.0,0.3,5.0,6.3371,6.0046,5.9971,226,84,4,598,485,681,488,361,0,135,0.374,0.0,0.0,590,483,689,489,716,1,1,20,frames/expandedworld/H30_yp_d60_h03_pp05.png,frames/expandedworld/H30_yp_d60_h03_pp05.depth.npy
expandedworld/H30_yp_d60_h06_pm05,H30_yp_d60_h06_pm05,expandedworld,H30,M1,circle,0.3397,0.3288,0,,yp,6.0,0.6,-5.0,6.3584,6.027,5.9971,544,94,8,593,364,686,371,684,0,140,0.2047,0.0,0.0,591,362,689,372,693,1,1,31,frames/expandedworld/H30_yp_d60_h06_pm05.png,frames/expandedworld/H30_yp_d60_h06_pm05.depth.npy
expandedworld/H30_yp_d60_h06_pm15,H30_yp_d60_h06_pm15,expandedworld,H30,M1,circle,0.3397,0.3288,0,,yp,6.0,0.6,-15.0,6.3584,6.027,5.9971,578,96,8,592,200,687,207,731,0,153,0.2093,0.0,0.0,590,198,689,208,724,1,1,34,frames/expandedworld/H30_yp_d60_h06_pm15.png,frames/expandedworld/H30_yp_d60_h06_pm15.depth.npy
expandedworld/H30_yp_d60_h06_pp05,H30_yp_d60_h06_pp05,expandedworld,H30,M1,circle,0.3397,0.3288,0,,yp,6.0,0.6,5.0,6.3584,6.027,5.9971,589,95,8,593,528,687,535,728,0,139,0.1909,0.0,0.0,590,526,689,537,708,1,1,31,frames/expandedworld/H30_yp_d60_h06_pp05.png,frames/expandedworld/H30_yp_d60_h06_pp05.depth.npy
expandedworld/H30_yp_d60_h10_pm05,H30_yp_d60_h10_pm05,expandedworld,H30,M1,circle,0.3397,0.3288,0,,yp,6.0,1.0,-5.0,6.4085,6.0799,5.9971,990,94,14,593,419,686,432,1113,0,123,0.1105,0.0,0.0,591,417,688,433,719,1,1,39,frames/expandedworld/H30_yp_d60_h10_pm05.png,frames/expandedworld/H30_yp_d60_h10_pm05.depth.npy
expandedworld/H30_yp_d60_h10_pm15,H30_yp_d60_h10_pm15,expandedworld,H30,M1,circle,0.3397,0.3288,0,,yp,6.0,1.0,-15.0,6.4085,6.0799,5.9971,1016,96,14,592,256,687,269,1149,0,133,0.1158,0.0,0.0,591,254,688,270,717,1,1,38,frames/expandedworld/H30_yp_d60_h10_pm15.png,frames/expandedworld/H30_yp_d60_h10_pm15.depth.npy
expandedworld/H30_yp_d60_h10_pp05,H30_yp_d60_h10_pp05,expandedworld,H30,M1,circle,0.3397,0.3288,0,,yp,6.0,1.0,5.0,6.4085,6.0799,5.9971,1076,98,14,591,586,688,599,1232,0,156,0.1266,0.0,0.0,590,584,690,601,747,1,1,36,frames/expandedworld/H30_yp_d60_h10_pp05.png,frames/expandedworld/H30_yp_d60_h10_pp05.depth.npy
expandedworld/H30_yp_d60_h15_pm05,H30_yp_d60_h15_pm05,expandedworld,H30,M1,circle,0.3397,0.3288,0,,yp,6.0,1.5,-5.0,6.5053,6.1818,5.9971,1526,94,21,593,487,686,507,1665,0,139,0.0835,0.0,0.1442,591,485,688,509,759,1,1,47,frames/expandedworld/H30_yp_d60_h15_pm05.png,frames/expandedworld/H30_yp_d60_h15_pm05.depth.npy
expandedworld/H30_yp_d60_h15_pm15,H30_yp_d60_h15_pm15,expandedworld,H30,M1,circle,0.3397,0.3288,0,,yp,6.0,1.5,-15.0,6.5053,6.1818,5.9971,1478,94,20,593,324,686,343,1602,0,124,0.0774,0.0,0.1468,592,322,688,345,737,1,1,48,frames/expandedworld/H30_yp_d60_h15_pm15.png,frames/expandedworld/H30_yp_d60_h15_pm15.depth.npy
expandedworld/H30_yp_d60_h15_pp05,H30_yp_d60_h15_pp05,expandedworld,H30,M1,circle,0.3397,0.3288,0,,yp,6.0,1.5,5.0,6.5053,6.1818,5.9971,1722,98,22,591,659,688,680,1897,0,175,0.0923,0.0,0.1492,589,657,690,682,753,1,1,44,frames/expandedworld/H30_yp_d60_h15_pp05.png,frames/expandedworld/H30_yp_d60_h15_pp05.depth.npy
expandedworld/H30_yp_d60_h20_pm05,H30_yp_d60_h20_pm05,expandedworld,H30,M1,circle,0.3397,0.3288,0,,yp,6.0,2.0,-5.0,6.6384,6.3218,5.9971,2032,94,28,593,554,686,581,2184,0,152,0.0696,0.0,0.3312,592,553,688,583,756,1,1,51,frames/expandedworld/H30_yp_d60_h20_pm05.png,frames/expandedworld/H30_yp_d60_h20_pm05.depth.npy
expandedworld/H30_yp_d60_h20_pm15,H30_yp_d60_h20_pm15,expandedworld,H30,M1,circle,0.3397,0.3288,0,,yp,6.0,2.0,-15.0,6.6384,6.3218,5.9971,1908,92,27,594,389,685,415,2034,0,126,0.0619,0.0,0.3318,593,387,687,417,745,1,1,54,frames/expandedworld/H30_yp_d60_h20_pm15.png,frames/expandedworld/H30_yp_d60_h20_pm15.depth.npy
expandedworld/H30_yp_d80_h03_pm05,H30_yp_d80_h03_pm05,expandedworld,H30,M1,circle,0.3397,0.3288,0,,yp,8.0,0.3,-5.0,8.3354,8.0027,7.9971,83,56,2,612,312,667,313,159,0,76,0.478,0.0,0.0,602,310,677,314,548,1,1,23,frames/expandedworld/H30_yp_d80_h03_pm05.png,frames/expandedworld/H30_yp_d80_h03_pm05.depth.npy
expandedworld/H30_yp_d80_h03_pm15,H30_yp_d80_h03_pm15,expandedworld,H30,M1,circle,0.3397,0.3288,0,,yp,8.0,0.3,-15.0,8.3354,8.0027,7.9971,80,62,2,609,146,670,147,159,0,79,0.4969,0.0,0.0,601,144,678,148,572,1,1,23,frames/expandedworld/H30_yp_d80_h03_pm15.png,frames/expandedworld/H30_yp_d80_h03_pm15.depth.npy
expandedworld/H30_yp_d80_h03_pp05,H30_yp_d80_h03_pp05,expandedworld,H30,M1,circle,0.3397,0.3288,0,,yp,8.0,0.3,5.0,8.3354,8.0027,7.9971,92,48,2,616,475,663,476,170,0,78,0.4588,0.0,0.0,602,474,677,477,553,1,1,23,frames/expandedworld/H30_yp_d80_h03_pp05.png,frames/expandedworld/H30_yp_d80_h03_pp05.depth.npy
expandedworld/H30_yp_d80_h06_pm05,H30_yp_d80_h06_pm05,expandedworld,H30,M1,circle,0.3397,0.3288,0,,yp,8.0,0.6,-5.0,8.3516,8.0196,7.9971,220,70,4,605,344,674,347,301,0,81,0.2691,0.0,0.0,602,343,677,349,561,1,1,30,frames/expandedworld/H30_yp_d80_h06_pm05.png,frames/expandedworld/H30_yp_d80_h06_pm05.depth.npy
expandedworld/H30_yp_d80_h06_pm15,H30_yp_d80_h06_pm15,expandedworld,H30,M1,circle,0.3397,0.3288,0,,yp,8.0,0.6,-15.0,8.3516,8.0196,7.9971,234,72,5,604,179,675,183,334,0,100,0.2994,0.0,0.0,602,178,678,184,544,1,1,30,frames/expandedworld/H30_yp_d80_h06_pm15.png,frames/expandedworld/H30_yp_d80_h06_pm15.depth.npy
expandedworld/H30_yp_d80_h06_pp05,H30_yp_d80_h06_pp05,expandedworld,H30,M1,circle,0.3397,0.3288,0,,yp,8.0,0.6,5.0,8.3516,8.0196,7.9971,232,70,4,605,508,674,511,313,0,81,0.2588,0.0,0.0,602,506,678,513,539,1,1,29,frames/expandedworld/H30_yp_d80_h06_pp05.png,frames/expandedworld/H30_yp_d80_h06_pp05.depth.npy
expandedworld/H30_yp_d80_h10_pm05,H30_yp_d80_h10_pm05,expandedworld,H30,M1,circle,0.3397,0.3288,0,,yp,8.0,1.0,-5.0,8.3898,8.0594,7.9971,415,72,8,604,387,675,394,495,0,80,0.1616,0.0,0.0,603,385,677,395,546,1,1,38,frames/expandedworld/H30_yp_d80_h10_pm05.png,frames/expandedworld/H30_yp_d80_h10_pm05.depth.npy
expandedworld/H30_yp_d80_h10_pm15,H30_yp_d80_h10_pm15,expandedworld,H30,M1,circle,0.3397,0.3288,0,,yp,8.0,1.0,-15.0,8.3898,8.0594,7.9971,436,72,8,604,223,675,230,522,0,86,0.1648,0.0,0.0,602,222,677,232,569,1,1,42,frames/expandedworld/H30_yp_d80_h10_pm15.png,frames/expandedworld/H30_yp_d80_h10_pm15.depth.npy
expandedworld/H30_yp_d80_h10_pp05,H30_yp_d80_h10_pp05,expandedworld,H30,M1,circle,0.3397,0.3288,0,,yp,8.0,1.0,5.0,8.3898,8.0594,7.9971,451,72,8,604,552,675,559,535,0,84,0.157,0.0,0.0,602,550,678,561,568,1,1,39,frames/expandedworld/H30_yp_d80_h10_pp05.png,frames/expandedworld/H30_yp_d80_h10_pp05.depth.npy
expandedworld/H30_yp_d80_h15_pm05,H30_yp_d80_h15_pm05,expandedworld,H30,M1,circle,0.3397,0.3288,0,,yp,8.0,1.5,-5.0,8.464,8.1366,7.9971,651,72,12,604,440,675,451,733,0,82,0.1119,0.0,0.0,603,438,677,452,583,1,1,44,frames/expandedworld/H30_yp_d80_h15_pm05.png,frames/expandedworld/H30_yp_d80_h15_pm05.depth.npy
expandedworld/H30_yp_d80_h15_pm15,H30_yp_d80_h15_pm15,expandedworld,H30,M1,circle,0.3397,0.3288,0,,yp,8.0,1.5,-15.0,8.464,8.1366,7.9971,663,72,12,604,277,675,288,744,0,81,0.1089,0.0,0.0,603,275,677,289,537,1,1,44,frames/expandedworld/H30_yp_d80_h15_pm15.png,frames/expandedworld/H30_yp_d80_h15_pm15.depth.npy
expandedworld/H30_yp_d80_h15_pp05,H30_yp_d80_h15_pp05,expandedworld,H30,M1,circle,0.3397,0.3288,0,,yp,8.0,1.5,5.0,8.464,8.1366,7.9971,716,74,12,603,608,676,619,795,0,79,0.0994,0.0,0.0,602,606,678,621,588,1,1,43,frames/expandedworld/H30_yp_d80_h15_pp05.png,frames/expandedworld/H30_yp_d80_h15_pp05.depth.npy
expandedworld/H30_yp_d80_h20_pm05,H30_yp_d80_h20_pm05,expandedworld,H30,M1,circle,0.3397,0.3288,0,,yp,8.0,2.0,-5.0,8.5667,8.2434,7.9971,897,72,16,604,492,675,507,977,0,80,0.0819,0.0,0.1494,603,491,677,509,570,1,1,52,frames/expandedworld/H30_yp_d80_h20_pm05.png,frames/expandedworld/H30_yp_d80_h20_pm05.depth.npy
expandedworld/H30_yp_d80_h20_pm15,H30_yp_d80_h20_pm15,expandedworld,H30,M1,circle,0.3397,0.3288,0,,yp,8.0,2.0,-15.0,8.5667,8.2434,7.9971,857,71,15,605,329,675,343,933,0,76,0.0815,0.0,0.147,603,327,676,345,544,1,1,54,frames/expandedworld/H30_yp_d80_h20_pm15.png,frames/expandedworld/H30_yp_d80_h20_pm15.depth.npy
expandedworld/H30_yp_d80_h20_pp05,H30_yp_d80_h20_pp05,expandedworld,H30,M1,circle,0.3397,0.3288,0,,yp,8.0,2.0,5.0,8.5667,8.2434,7.9971,1012,76,17,602,664,677,680,1095,0,83,0.0758,0.0,0.1433,601,662,678,682,586,1,1,51,frames/expandedworld/H30_yp_d80_h20_pp05.png,frames/expandedworld/H30_yp_d80_h20_pp05.depth.npy
expandedworld/H42_occ404_e06_h03_pm15,H42_occ404_e06_h03_pm15,expandedworld,H42,M2,square,0.245,0.2793,1,aws_robomaker_warehouse_ShelfE_01_001,occ,7.149,0.3,-15.0,9.1127,8.8061,8.801,45,45,1,616,143,660,143,108,7,56,0.5833,0.0648,0.0,607,142,674,145,457,1,1,16,frames/expandedworld/H42_occ404_e06_h03_pm15.png,frames/expandedworld/H42_occ404_e06_h03_pm15.depth.npy
expandedworld/H42_occ404_e06_h06_pm05,H42_occ404_e06_h06_pm05,expandedworld,H42,M2,square,0.245,0.2793,1,aws_robomaker_warehouse_ShelfE_01_001,occ,7.149,0.6,-5.0,9.1275,8.8214,8.801,110,48,3,616,339,663,341,167,3,54,0.3413,0.018,0.0,608,337,673,343,469,1,1,18,frames/expandedworld/H42_occ404_e06_h06_pm05.png,frames/expandedworld/H42_occ404_e06_h06_pm05.depth.npy
expandedworld/H42_occ404_e06_h15_pm15,H42_occ404_e06_h15_pm15,expandedworld,H42,M2,square,0.245,0.2793,1,aws_robomaker_warehouse_ShelfE_01_001,occ,7.149,1.5,-15.0,9.2304,8.9279,8.801,0,0,0,-1,-1,-1,-1,416,416,0,1.0,1.0,,608,262,673,274,482,1,0,23,frames/expandedworld/H42_occ404_e06_h15_pm15.png,frames/expandedworld/H42_occ404_e06_h15_pm15.depth.npy
expandedworld/H42_occ404_e12_h03_pm05,H42_occ404_e12_h03_pm05,expandedworld,H42,M2,square,0.245,0.2793,1,aws_robomaker_warehouse_ShelfE_01_001,occ,7.749,0.3,-5.0,9.7124,9.4057,9.4009,2,2,1,653,307,654,307,51,2,47,0.9608,0.0392,0.0,610,306,671,309,436,1,1,16,frames/expandedworld/H42_occ404_e12_h03_pm05.png,frames/expandedworld/H42_occ404_e12_h03_pm05.depth.npy
expandedworld/H42_occ404_e12_h10_pm15,H42_occ404_e12_h10_pm15,expandedworld,H42,M2,square,0.245,0.2793,1,aws_robomaker_warehouse_ShelfE_01_001,occ,7.749,1.0,-15.0,9.7591,9.4539,9.4009,0,0,0,-1,-1,-1,-1,232,232,0,1.0,1.0,,610,207,671,214,461,1,0,21,frames/expandedworld/H42_occ404_e12_h10_pm15.png,frames/expandedworld/H42_occ404_e12_h10_pm15.depth.npy
expandedworld/H42_occ404_e12_h15_pm05,H42_occ404_e12_h15_pm05,expandedworld,H42,M2,square,0.245,0.2793,1,aws_robomaker_warehouse_ShelfE_01_001,occ,7.749,1.5,-5.0,9.823,9.5198,9.4009,0,0,0,-1,-1,-1,-1,338,338,0,1.0,1.0,,610,417,671,427,460,1,0,22,frames/expandedworld/H42_occ404_e12_h15_pm05.png,frames/expandedworld/H42_occ404_e12_h15_pm05.depth.npy
expandedworld/H42_occ520_e06_h03_pm05,H42_occ520_e06_h03_pm05,expandedworld,H42,M2,square,0.245,0.2793,1,aws_robomaker_warehouse_ShelfE_01_003_clone_0,occ,6.729,0.3,-5.0,8.6926,8.368,8.3626,44,44,1,619,311,662,311,102,0,58,0.5686,0.0,0.0,605,309,676,313,508,1,1,34,frames/expandedworld/H42_occ520_e06_h03_pm05.png,frames/expandedworld/H42_occ520_e06_h03_pm05.depth.npy
expandedworld/H42_occ520_e06_h10_pm15,H42_occ520_e06_h10_pm15,expandedworld,H42,M2,square,0.245,0.2793,1,aws_robomaker_warehouse_ShelfE_01_003_clone_0,occ,6.729,1.0,-15.0,8.7448,8.4221,8.3626,0,0,0,-1,-1,-1,-1,333,333,0,1.0,1.0,,605,218,676,227,524,1,0,54,frames/expandedworld/H42_occ520_e06_h10_pm15.png,frames/expandedworld/H42_occ520_e06_h10_pm15.depth.npy
expandedworld/H42_occ520_e06_h15_pm05,H42_occ520_e06_h15_pm05,expandedworld,H42,M2,square,0.245,0.2793,1,aws_robomaker_warehouse_ShelfE_01_003_clone_0,occ,6.729,1.5,-5.0,8.816,8.496,8.3626,0,0,0,-1,-1,-1,-1,469,469,0,1.0,1.0,,605,432,676,445,520,1,0,61,frames/expandedworld/H42_occ520_e06_h15_pm05.png,frames/expandedworld/H42_occ520_e06_h15_pm05.depth.npy
expandedworld/H42_occ520_e12_h06_pm15,H42_occ520_e12_h06_pm15,expandedworld,H42,M2,square,0.245,0.2793,1,aws_robomaker_warehouse_ShelfE_01_003_clone_0,occ,7.329,0.6,-15.0,9.3068,8.9826,8.9625,94,41,3,616,173,656,175,168,25,49,0.4405,0.1488,0.0,606,171,674,177,489,1,1,43,frames/expandedworld/H42_occ520_e12_h06_pm15.png,frames/expandedworld/H42_occ520_e12_h06_pm15.depth.npy
expandedworld/H42_occ520_e12_h10_pm05,H42_occ520_e12_h10_pm05,expandedworld,H42,M2,square,0.245,0.2793,1,aws_robomaker_warehouse_ShelfE_01_003_clone_0,occ,7.329,1.0,-5.0,9.3411,9.0181,8.9625,0,0,0,-1,-1,-1,-1,261,261,0,1.0,1.0,,607,375,674,383,495,1,0,49,frames/expandedworld/H42_occ520_e12_h10_pm05.png,frames/expandedworld/H42_occ520_e12_h10_pm05.depth.npy
expandedworld/H42_occ520_e20_h03_pm15,H42_occ520_e20_h03_pm15,expandedworld,H42,M2,square,0.245,0.2793,1,aws_robomaker_warehouse_ShelfE_01_003_clone_0,occ,8.129,0.3,-15.0,10.0919,9.767,9.7624,35,35,1,622,140,656,140,78,0,43,0.5513,0.0,0.0,609,139,672,141,454,1,1,31,frames/expandedworld/H42_occ520_e20_h03_pm15.png,frames/expandedworld/H42_occ520_e20_h03_pm15.depth.npy
expandedworld/H42_occ520_e20_h06_pm05,H42_occ520_e20_h06_pm05,expandedworld,H42,M2,square,0.245,0.2793,1,aws_robomaker_warehouse_ShelfE_01_003_clone_0,occ,8.129,0.6,-5.0,10.1053,9.7808,9.7624,47,27,3,618,333,644,335,126,41,38,0.627,0.3254,0.0,610,332,671,336,473,1,1,43,frames/expandedworld/H42_occ520_e20_h06_pm05.png,frames/expandedworld/H42_occ520_e20_h06_pm05.depth.npy
expandedworld/H42_occ520_e20_h15_pm15,H42_occ520_e20_h15_pm15,expandedworld,H42,M2,square,0.245,0.2793,1,aws_robomaker_warehouse_ShelfE_01_003_clone_0,occ,8.129,1.5,-15.0,10.1983,9.877,9.7624,0,0,0,-1,-1,-1,-1,307,307,0,1.0,1.0,,610,248,671,258,469,1,0,60,frames/expandedworld/H42_occ520_e20_h15_pm15.png,frames/expandedworld/H42_occ520_e20_h15_pm15.depth.npy
expandedworld/H42_occ696_e06_h03_pm05,H42_occ696_e06_h03_pm05,expandedworld,H42,M2,square,0.245,0.2793,1,aws_robomaker_warehouse_ShelfE_01_002,occ,7.062,0.3,-5.0,9.026,8.7277,8.7226,23,23,1,636,310,658,310,78,9,46,0.7051,0.1154,0.0,607,308,671,311,472,1,1,14,frames/expandedworld/H42_occ696_e06_h03_pm05.png,frames/expandedworld/H42_occ696_e06_h03_pm05.depth.npy
expandedworld/H42_occ696_e06_h10_pm15,H42_occ696_e06_h10_pm15,expandedworld,H42,M2,square,0.245,0.2793,1,aws_robomaker_warehouse_ShelfE_01_002,occ,7.062,1.0,-15.0,9.0762,8.7797,8.7226,0,0,0,-1,-1,-1,-1,288,288,0,1.0,1.0,,607,214,671,222,484,1,0,20,frames/expandedworld/H42_occ696_e06_h10_pm15.png,frames/expandedworld/H42_occ696_e06_h10_pm15.depth.npy
expandedworld/H42_occ696_e06_h15_pm05,H42_occ696_e06_h15_pm05,expandedworld,H42,M2,square,0.245,0.2793,1,aws_robomaker_warehouse_ShelfE_01_002,occ,7.062,1.5,-5.0,9.1448,8.8506,8.7226,0,0,0,-1,-1,-1,-1,419,419,0,1.0,1.0,,608,427,671,438,515,1,0,22,frames/expandedworld/H42_occ696_e06_h15_pm05.png,frames/expandedworld/H42_occ696_e06_h15_pm05.depth.npy
expandedworld/H42_occ696_e12_h06_pm15,H42_occ696_e12_h06_pm15,expandedworld,H42,M2,square,0.245,0.2793,1,aws_robomaker_warehouse_ShelfE_01_002,occ,7.662,0.6,-15.0,9.6397,9.3418,9.3225,78,36,3,621,171,656,173,153,35,40,0.4902,0.2288,0.0,609,169,670,174,447,1,1,20,frames/expandedworld/H42_occ696_e12_h06_pm15.png,frames/expandedworld/H42_occ696_e12_h06_pm15.depth.npy
expandedworld/H42_occ696_e12_h10_pm05,H42_occ696_e12_h10_pm05,expandedworld,H42,M2,square,0.245,0.2793,1,aws_robomaker_warehouse_ShelfE_01_002,occ,7.662,1.0,-5.0,9.6728,9.3759,9.3225,0,0,0,-1,-1,-1,-1,238,238,0,1.0,1.0,,610,372,669,379,457,1,0,22,frames/expandedworld/H42_occ696_e12_h10_pm05.png,frames/expandedworld/H42_occ696_e12_h10_pm05.depth.npy
expandedworld/H42_occ934_e06_h06_pm15,H42_occ934_e06_h06_pm15,expandedworld,H42,M2,square,0.245,0.2793,1,aws_robomaker_warehouse_ShelfD_01_002,occ,6.854,0.6,-15.0,8.8331,8.586,8.565,109,54,3,613,176,666,178,215,54,52,0.493,0.2512,0.0,613,175,669,180,434,1,1,16,frames/expandedworld/H42_occ934_e06_h06_pm15.png,frames/expandedworld/H42_occ934_e06_h06_pm15.depth.npy
expandedworld/H42_occ934_e06_h10_pm05,H42_occ934_e06_h10_pm05,expandedworld,H42,M2,square,0.245,0.2793,1,aws_robomaker_warehouse_ShelfD_01_002,occ,6.854,1.0,-5.0,8.8692,8.6232,8.565,0,0,0,-1,-1,-1,-1,314,314,0,1.0,1.0,,613,381,668,388,442,1,0,18,frames/expandedworld/H42_occ934_e06_h10_pm05.png,frames/expandedworld/H42_occ934_e06_h10_pm05.depth.npy
expandedworld/H42_occ934_e12_h03_pm15,H42_occ934_e12_h03_pm15,expandedworld,H42,M2,square,0.245,0.2793,1,aws_robomaker_warehouse_ShelfD_01_002,occ,7.454,0.3,-15.0,9.4174,9.1697,9.1648,49,49,1,615,142,663,142,101,0,52,0.5149,0.0,0.0,614,141,667,143,402,1,1,12,frames/expandedworld/H42_occ934_e12_h03_pm15.png,frames/expandedworld/H42_occ934_e12_h03_pm15.depth.npy
expandedworld/H42_occ934_e12_h06_pm05,H42_occ934_e12_h06_pm05,expandedworld,H42,M2,square,0.245,0.2793,1,aws_robomaker_warehouse_ShelfD_01_002,occ,7.454,0.6,-5.0,9.4317,9.1844,9.1648,112,50,3,615,337,664,339,167,35,20,0.3293,0.2096,0.0,615,336,666,340,410,1,1,18,frames/expandedworld/H42_occ934_e12_h06_pm05.png,frames/expandedworld/H42_occ934_e12_h06_pm05.depth.npy
expandedworld/H42_occ934_e12_h15_pm15,H42_occ934_e12_h15_pm15,expandedworld,H42,M2,square,0.245,0.2793,1,aws_robomaker_warehouse_ShelfD_01_002,occ,7.454,1.5,-15.0,9.5314,9.2867,9.1648,0,0,0,-1,-1,-1,-1,396,396,0,1.0,1.0,,615,259,666,268,434,1,0,21,frames/expandedworld/H42_occ934_e12_h15_pm15.png,frames/expandedworld/H42_occ934_e12_h15_pm15.depth.npy
expandedworld/H42_yp_d03_h03_pm05,H42_yp_d03_h03_pm05,expandedworld,H42,M2,square,0.245,0.2793,0,,yp,0.3,0.3,-5.0,0.6265,0.4242,0.3,56356,703,89,287,631,989,719,64255,0,7899,0.1229,0.0,0.0,-62,619,1342,1142,2497,1,1,19,frames/expandedworld/H42_yp_d03_h03_pm05.png,frames/expandedworld/H42_yp_d03_h03_pm05.depth.npy
expandedworld/H42_yp_d03_h03_pm15,H42_yp_d03_h03_pm15,expandedworld,H42,M2,square,0.245,0.2793,0,,yp,0.3,0.3,-15.0,0.6265,0.4242,0.3,191732,942,258,167,462,1108,719,201605,0,9873,0.049,0.0,0.4589,19,450,1261,898,3519,1,1,20,frames/expandedworld/H42_yp_d03_h03_pm15.png,frames/expandedworld/H42_yp_d03_h03_pm15.depth.npy
expandedworld/H42_yp_d05_h03_pm05,H42_yp_d05_h03_pm05,expandedworld,H42,M2,square,0.245,0.2793,0,,yp,0.5,0.3,-5.0,0.8078,0.5831,0.5,91350,703,158,287,562,989,719,97278,0,5928,0.0609,0.0,0.3003,204,552,1076,814,2646,1,1,19,frames/expandedworld/H42_yp_d05_h03_pm05.png,frames/expandedworld/H42_yp_d05_h03_pm05.depth.npy
expandedworld/H42_yp_d05_h03_pm15,H42_yp_d05_h03_pm15,expandedworld,H42,M2,square,0.245,0.2793,0,,yp,0.5,0.3,-15.0,0.8078,0.5831,0.5,141229,795,228,241,397,1035,624,148893,0,7664,0.0515,0.0,0.4797,233,387,1047,627,6616,1,1,19,frames/expandedworld/H42_yp_d05_h03_pm15.png,frames/expandedworld/H42_yp_d05_h03_pm15.depth.npy
expandedworld/H42_yp_d05_h06_pm15,H42_yp_d05_h06_pm15,expandedworld,H42,M2,square,0.245,0.2793,0,,yp,0.5,0.6,-15.0,0.9605,0.781,0.5,37863,478,85,400,635,877,719,41711,0,3848,0.0923,0.0,0.0319,282,626,998,1017,1820,1,1,26,frames/expandedworld/H42_yp_d05_h06_pm15.png,frames/expandedworld/H42_yp_d05_h06_pm15.depth.npy
expandedworld/H42_yp_d07_h03_pm05,H42_yp_d07_h03_pm05,expandedworld,H42,M2,square,0.245,0.2793,0,,yp,0.7,0.3,-5.0,0.9962,0.7616,0.7,74145,615,149,331,516,945,664,79309,0,5164,0.0651,0.0,0.3566,324,508,956,667,4956,1,1,19,frames/expandedworld/H42_yp_d07_h03_pm05.png,frames/expandedworld/H42_yp_d07_h03_pm05.depth.npy
expandedworld/H42_yp_d07_h03_pm15,H42_yp_d07_h03_pm15,expandedworld,H42,M2,square,0.245,0.2793,0,,yp,0.7,0.3,-15.0,0.9962,0.7616,0.7,68039,591,141,343,352,933,492,73014,0,4975,0.0681,0.0,0.3512,337,344,943,495,4805,1,1,19,frames/expandedworld/H42_yp_d07_h03_pm15.png,frames/expandedworld/H42_yp_d07_h03_pm15.depth.npy
expandedworld/H42_yp_d07_h03_pp05,H42_yp_d07_h03_pp05,expandedworld,H42,M2,square,0.245,0.2793,0,,yp,0.7,0.3,5.0,0.9962,0.7616,0.7,12610,444,30,417,690,860,719,16439,0,3829,0.2329,0.0,0.0,300,681,980,860,1509,1,1,19,frames/expandedworld/H42_yp_d07_h03_pp05.png,frames/expandedworld/H42_yp_d07_h03_pp05.depth.npy
expandedworld/H42_yp_d07_h06_pm15,H42_yp_d07_h06_pm15,expandedworld,H42,M2,square,0.245,0.2793,0,,yp,0.7,0.6,-15.0,1.1236,0.9219,0.7,67267,478,162,400,558,877,719,69992,0,2725,0.0389,0.0,0.4998,365,550,915,807,2254,1,1,26,frames/expandedworld/H42_yp_d07_h06_pm15.png,frames/expandedworld/H42_yp_d07_h06_pm15.depth.npy
expandedworld/H42_yp_d10_h03_pm05,H42_yp_d10_h03_pm05,expandedworld,H42,M2,square,0.245,0.2793,0,,yp,1.0,0.3,-5.0,1.2855,1.044,1.0,30710,436,83,421,469,856,551,33605,0,2895,0.0861,0.0,0.1415,416,462,864,553,3406,1,1,21,frames/expandedworld/H42_yp_d10_h03_pm05.png,frames/expandedworld/H42_yp_d10_h03_pm05.depth.npy
expandedworld/H42_yp_d10_h03_pm15,H42_yp_d10_h03_pm15,expandedworld,H42,M2,square,0.245,0.2793,0,,yp,1.0,0.3,-15.0,1.2855,1.044,1.0,29566,427,81,426,306,852,386,32422,0,2856,0.0881,0.0,0.1442,421,299,859,388,3349,1,1,19,frames/expandedworld/H42_yp_d10_h03_pm15.png,frames/expandedworld/H42_yp_d10_h03_pm15.depth.npy
expandedworld/H42_yp_d10_h03_pp05,H42_yp_d10_h03_pp05,expandedworld,H42,M2,square,0.245,0.2793,0,,yp,1.0,0.3,5.0,1.2855,1.044,1.0,30751,444,81,417,639,860,719,33584,0,2833,0.0844,0.0,0.0627,404,632,876,731,1609,1,1,20,frames/expandedworld/H42_yp_d10_h03_pp05.png,frames/expandedworld/H42_yp_d10_h03_pp05.depth.npy
expandedworld/H42_yp_d10_h06_pm05,H42_yp_d10_h06_pm05,expandedworld,H42,M2,square,0.245,0.2793,0,,yp,1.0,0.6,-5.0,1.3865,1.1662,1.0,23655,357,72,461,648,817,719,25836,0,2181,0.0844,0.0,0.0759,422,641,858,814,1538,1,1,28,frames/expandedworld/H42_yp_d10_h06_pm05.png,frames/expandedworld/H42_yp_d10_h06_pm05.depth.npy
expandedworld/H42_yp_d10_h06_pm15,H42_yp_d10_h06_pm15,expandedworld,H42,M2,square,0.245,0.2793,0,,yp,1.0,0.6,-15.0,1.3865,1.1662,1.0,51631,405,149,437,477,841,625,53558,0,1927,0.036,0.0,0.5321,436,471,844,627,3506,1,1,26,frames/expandedworld/H42_yp_d10_h06_pm15.png,frames/expandedworld/H42_yp_d10_h06_pm15.depth.npy
expandedworld/H42_yp_d10_h10_pm15,H42_yp_d10_h10_pm15,expandedworld,H42,M2,square,0.245,0.2793,0,,yp,1.0,1.0,-15.0,1.6008,1.4142,1.0,11152,288,40,496,680,783,719,12503,0,1351,0.1081,0.0,0.0,453,674,827,898,1163,1,1,36,frames/expandedworld/H42_yp_d10_h10_pm15.png,frames/expandedworld/H42_yp_d10_h10_pm15.depth.npy
expandedworld/H42_yp_d15_h03_pm05,H42_yp_d15_h03_pm05,expandedworld,H42,M2,square,0.245,0.2793,0,,yp,1.5,0.3,-5.0,1.7755,1.5297,1.5,10724,293,41,493,422,785,462,12088,0,1364,0.1128,0.0,0.0,489,417,791,463,2289,1,1,22,frames/expandedworld/H42_yp_d15_h03_pm05.png,frames/expandedworld/H42_yp_d15_h03_pm05.depth.npy
expandedworld/H42_yp_d15_h03_pm15,H42_yp_d15_h03_pm15,expandedworld,H42,M2,square,0.245,0.2793,0,,yp,1.5,0.3,-15.0,1.7755,1.5297,1.5,10718,293,41,493,259,785,299,12085,0,1367,0.1131,0.0,0.0,490,254,790,300,2288,1,1,21,frames/expandedworld/H42_yp_d15_h03_pm15.png,frames/expandedworld/H42_yp_d15_h03_pm15.depth.npy
expandedworld/H42_yp_d15_h03_pp05,H42_yp_d15_h03_pp05,expandedworld,H42,M2,square,0.245,0.2793,0,,yp,1.5,0.3,5.0,1.7755,1.5297,1.5,11594,303,43,488,589,790,631,13008,0,1414,0.1087,0.0,0.0,484,584,796,633,2355,1,1,22,frames/expandedworld/H42_yp_d15_h03_pp05.png,frames/expandedworld/H42_yp_d15_h03_pp05.depth.npy
expandedworld/H42_yp_d15_h06_pm05,H42_yp_d15_h06_pm05,expandedworld,H42,M2,square,0.245,0.2793,0,,yp,1.5,0.6,-5.0,1.85,1.6155,1.5,21586,293,83,493,558,785,640,22801,0,1215,0.0533,0.0,0.3611,492,552,788,642,2582,1,1,28,frames/expandedworld/H42_yp_d15_h06_pm05.png,frames/expandedworld/H42_yp_d15_h06_pm05.depth.npy
expandedworld/H42_yp_d15_h06_pm15,H42_yp_d15_h06_pm15,expandedworld,H42,M2,square,0.245,0.2793,0,,yp,1.5,0.6,-15.0,1.85,1.6155,1.5,19925,283,79,498,392,780,470,20887,0,962,0.0461,0.0,0.3553,497,387,783,472,2345,1,1,29,frames/expandedworld/H42_yp_d15_h06_pm15.png,frames/expandedworld/H42_yp_d15_h06_pm15.depth.npy
expandedworld/H42_yp_d15_h10_pm15,H42_yp_d15_h10_pm15,expandedworld,H42,M2,square,0.245,0.2793,0,,yp,1.5,1.0,-15.0,2.0156,1.8028,1.5,28631,266,120,507,555,772,674,29492,0,861,0.0292,0.0,0.5959,506,550,774,675,2623,1,1,39,frames/expandedworld/H42_yp_d15_h10_pm15.png,frames/expandedworld/H42_yp_d15_h10_pm15.depth.npy
expandedworld/H42_yp_d20_h03_pm05,H42_yp_d20_h03_pm05,expandedworld,H42,M2,square,0.245,0.2793,0,,yp,2.0,0.3,-5.0,2.2699,2.0224,2.0,4659,221,23,529,394,749,416,5490,0,831,0.1514,0.0,0.0,526,389,754,418,1716,1,1,21,frames/expandedworld/H42_yp_d20_h03_pm05.png,frames/expandedworld/H42_yp_d20_h03_pm05.depth.npy
expandedworld/H42_yp_d20_h03_pm15,H42_yp_d20_h03_pm15,expandedworld,H42,M2,square,0.245,0.2793,0,,yp,2.0,0.3,-15.0,2.2699,2.0224,2.0,4881,221,24,529,230,749,253,5538,0,657,0.1186,0.0,0.0,526,226,754,255,1736,1,1,22,frames/expandedworld/H42_yp_d20_h03_pm15.png,frames/expandedworld/H42_yp_d20_h03_pm15.depth.npy
expandedworld/H42_yp_d20_h03_pp05,H42_yp_d20_h03_pp05,expandedworld,H42,M2,square,0.245,0.2793,0,,yp,2.0,0.3,5.0,2.2699,2.0224,2.0,5186,227,25,526,559,752,583,6042,0,856,0.1417,0.0,0.0,523,555,757,585,1768,1,1,21,frames/expandedworld/H42_yp_d20_h03_pp05.png,frames/expandedworld/H42_yp_d20_h03_pp05.depth.npy
expandedworld/H42_yp_d20_h06_pm05,H42_yp_d20_h06_pm05,expandedworld,H42,M2,square,0.245,0.2793,0,,yp,2.0,0.6,-5.0,2.3286,2.0881,2.0,10107,222,50,529,503,750,552,10873,0,766,0.0704,0.0,0.1641,528,499,752,553,1878,1,1,29,frames/expandedworld/H42_yp_d20_h06_pm05.png,frames/expandedworld/H42_yp_d20_h06_pm05.depth.npy
expandedworld/H42_yp_d20_h06_pm15,H42_yp_d20_h06_pm15,expandedworld,H42,M2,square,0.245,0.2793,0,,yp,2.0,0.6,-15.0,2.3286,2.0881,2.0,9523,217,48,531,339,747,386,10317,0,794,0.077,0.0,0.1515,530,335,750,388,1776,1,1,29,frames/expandedworld/H42_yp_d20_h06_pm15.png,frames/expandedworld/H42_yp_d20_h06_pm15.depth.npy
expandedworld/H42_yp_d20_h06_pp05,H42_yp_d20_h06_pp05,expandedworld,H42,M2,square,0.245,0.2793,0,,yp,2.0,0.6,5.0,2.3286,2.0881,2.0,9146,225,44,527,676,751,719,10126,0,980,0.0968,0.0,0.0,522,671,758,731,966,1,1,29,frames/expandedworld/H42_yp_d20_h06_pp05.png,frames/expandedworld/H42_yp_d20_h06_pp05.depth.npy
expandedworld/H42_yp_d20_h10_pm05,H42_yp_d20_h10_pm05,expandedworld,H42,M2,square,0.245,0.2793,0,,yp,2.0,1.0,-5.0,2.4622,2.2361,2.0,14778,215,75,532,645,746,719,15502,0,724,0.0467,0.0,0.4417,530,641,750,729,1176,1,1,36,frames/expandedworld/H42_yp_d20_h10_pm05.png,frames/expandedworld/H42_yp_d20_h10_pm05.depth.npy
expandedworld/H42_yp_d20_h10_pm15,H42_yp_d20_h10_pm15,expandedworld,H42,M2,square,0.245,0.2793,0,,yp,2.0,1.0,-15.0,2.4622,2.2361,2.0,14260,208,75,536,475,743,549,15165,0,905,0.0597,0.0,0.4899,535,471,745,551,1894,1,1,37,frames/expandedworld/H42_yp_d20_h10_pm15.png,frames/expandedworld/H42_yp_d20_h10_pm15.depth.npy
expandedworld/H42_yp_d20_h15_pm15,H42_yp_d20_h15_pm15,expandedworld,H42,M2,square,0.245,0.2793,0,,yp,2.0,1.5,-15.0,2.7042,2.5,2.0,16034,192,90,544,630,735,719,16688,0,654,0.0392,0.0,0.6095,541,626,739,734,1064,1,1,41,frames/expandedworld/H42_yp_d20_h15_pm15.png,frames/expandedworld/H42_yp_d20_h15_pm15.depth.npy
expandedworld/H42_yp_d30_h03_pm05,H42_yp_d30_h03_pm05,expandedworld,H42,M2,square,0.245,0.2793,0,,yp,3.0,0.3,-5.0,3.2638,3.015,3.0,1394,147,10,566,361,712,370,1971,0,577,0.2927,0.0,0.0,564,358,716,372,1144,1,1,23,frames/expandedworld/H42_yp_d30_h03_pm05.png,frames/expandedworld/H42_yp_d30_h03_pm05.depth.npy
expandedworld/H42_yp_d30_h03_pm15,H42_yp_d30_h03_pm15,expandedworld,H42,M2,square,0.245,0.2793,0,,yp,3.0,0.3,-15.0,3.2638,3.015,3.0,1566,150,11,565,197,714,207,2000,0,434,0.217,0.0,0.0,563,194,717,208,1157,1,1,23,frames/expandedworld/H42_yp_d30_h03_pm15.png,frames/expandedworld/H42_yp_d30_h03_pm15.depth.npy
expandedworld/H42_yp_d30_h03_pp05,H42_yp_d30_h03_pp05,expandedworld,H42,M2,square,0.245,0.2793,0,,yp,3.0,0.3,5.0,3.2638,3.015,3.0,1563,150,11,565,525,714,535,1996,0,433,0.2169,0.0,0.0,562,522,718,537,1161,1,1,23,frames/expandedworld/H42_yp_d30_h03_pp05.png,frames/expandedworld/H42_yp_d30_h03_pp05.depth.npy
expandedworld/H42_yp_d30_h06_pm05,H42_yp_d30_h06_pm05,expandedworld,H42,M2,square,0.245,0.2793,0,,yp,3.0,0.6,-5.0,3.3049,3.0594,3.0,3224,149,23,565,440,713,462,3628,0,404,0.1114,0.0,0.0,564,437,716,463,1181,1,1,28,frames/expandedworld/H42_yp_d30_h06_pm05.png,frames/expandedworld/H42_yp_d30_h06_pm05.depth.npy
expandedworld/H42_yp_d30_h06_pm15,H42_yp_d30_h06_pm15,expandedworld,H42,M2,square,0.245,0.2793,0,,yp,3.0,0.6,-15.0,3.3049,3.0594,3.0,3217,149,23,565,277,713,299,3620,0,403,0.1113,0.0,0.0,565,274,715,300,1221,1,1,29,frames/expandedworld/H42_yp_d30_h06_pm15.png,frames/expandedworld/H42_yp_d30_h06_pm15.depth.npy
expandedworld/H42_yp_d30_h06_pp05,H42_yp_d30_h06_pp05,expandedworld,H42,M2,square,0.245,0.2793,0,,yp,3.0,0.6,5.0,3.3049,3.0594,3.0,3470,154,24,563,608,716,631,3888,0,418,0.1075,0.0,0.0,562,604,718,633,1240,1,1,28,frames/expandedworld/H42_yp_d30_h06_pp05.png,frames/expandedworld/H42_yp_d30_h06_pp05.depth.npy
expandedworld/H42_yp_d30_h10_pm05,H42_yp_d30_h10_pm05,expandedworld,H42,M2,square,0.245,0.2793,0,,yp,3.0,1.0,-5.0,3.4004,3.1623,3.0,5403,148,39,566,543,713,581,5792,0,389,0.0672,0.0,0.2428,565,540,715,583,1307,1,1,38,frames/expandedworld/H42_yp_d30_h10_pm05.png,frames/expandedworld/H42_yp_d30_h10_pm05.depth.npy
expandedworld/H42_yp_d30_h10_pm15,H42_yp_d30_h10_pm15,expandedworld,H42,M2,square,0.245,0.2793,0,,yp,3.0,1.0,-15.0,3.4004,3.1623,3.0,5149,144,38,568,378,711,415,5531,0,382,0.0691,0.0,0.2488,567,375,713,416,1279,1,1,38,frames/expandedworld/H42_yp_d30_h10_pm15.png,frames/expandedworld/H42_yp_d30_h10_pm15.depth.npy
expandedworld/H42_yp_d30_h10_pp05,H42_yp_d30_h10_pp05,expandedworld,H42,M2,square,0.245,0.2793,0,,yp,3.0,1.0,5.0,3.4004,3.1623,3.0,136,136,1,572,719,707,719,540,0,404,0.7481,0.0,0.0,561,716,719,764,443,1,1,38,frames/expandedworld/H42_yp_d30_h10_pp05.png,frames/expandedworld/H42_yp_d30_h10_pp05.depth.npy
expandedworld/H42_yp_d30_h15_pm05,H42_yp_d30_h15_pm05,expandedworld,H42,M2,square,0.245,0.2793,0,,yp,3.0,1.5,-5.0,3.5794,3.3541,3.0,6905,144,51,568,669,711,719,7283,0,378,0.0519,0.0,0.4359,566,666,714,729,746,1,1,44,frames/expandedworld/H42_yp_d30_h15_pm05.png,frames/expandedworld/H42_yp_d30_h15_pm05.depth.npy
expandedworld/H42_yp_d30_h15_pm15,H42_yp_d30_h15_pm15,expandedworld,H42,M2,square,0.245,0.2793,0,,yp,3.0,1.5,-15.0,3.5794,3.3541,3.0,6906,138,53,571,497,708,549,7410,0,504,0.068,0.0,0.4916,570,494,710,551,1334,1,1,43,frames/expandedworld/H42_yp_d30_h15_pm15.png,frames/expandedworld/H42_yp_d30_h15_pm15.depth.npy
expandedworld/H42_yp_d30_h20_pm15,H42_yp_d30_h20_pm15,expandedworld,H42,M2,square,0.245,0.2793,0,,yp,3.0,2.0,-15.0,3.8161,3.6055,3.0,8537,134,68,573,607,706,674,8773,0,236,0.0269,0.0,0.6173,573,605,707,676,1444,1,1,48,frames/expandedworld/H42_yp_d30_h20_pm15.png,frames/expandedworld/H42_yp_d30_h20_pm15.depth.npy
expandedworld/H42_yp_d40_h03_pm05,H42_yp_d40_h03_pm05,expandedworld,H42,M2,square,0.245,0.2793,0,,yp,4.0,0.3,-5.0,4.2606,4.0112,4.0,534,110,5,585,343,694,347,750,0,216,0.288,0.0,0.0,583,340,697,349,854,1,1,25,frames/expandedworld/H42_yp_d40_h03_pm05.png,frames/expandedworld/H42_yp_d40_h03_pm05.depth.npy
expandedworld/H42_yp_d40_h03_pm15,H42_yp_d40_h03_pm15,expandedworld,H42,M2,square,0.245,0.2793,0,,yp,4.0,0.3,-15.0,4.2606,4.0112,4.0,654,113,6,583,178,695,183,878,0,224,0.2551,0.0,0.0,582,175,698,184,871,1,1,25,frames/expandedworld/H42_yp_d40_h03_pm15.png,frames/expandedworld/H42_yp_d40_h03_pm15.depth.npy
expandedworld/H42_yp_d40_h03_pp05,H42_yp_d40_h03_pp05,expandedworld,H42,M2,square,0.245,0.2793,0,,yp,4.0,0.3,5.0,4.2606,4.0112,4.0,542,112,5,584,507,695,511,866,0,324,0.3741,0.0,0.0,582,504,698,513,871,1,1,24,frames/expandedworld/H42_yp_d40_h03_pp05.png,frames/expandedworld/H42_yp_d40_h03_pp05.depth.npy
expandedworld/H42_yp_d40_h06_pm05,H42_yp_d40_h06_pm05,expandedworld,H42,M2,square,0.245,0.2793,0,,yp,4.0,0.6,-5.0,4.2921,4.0447,4.0,1389,112,13,584,404,695,416,1596,0,207,0.1297,0.0,0.0,583,402,697,418,900,1,1,28,frames/expandedworld/H42_yp_d40_h06_pm05.png,frames/expandedworld/H42_yp_d40_h06_pm05.depth.npy
expandedworld/H42_yp_d40_h06_pm15,H42_yp_d40_h06_pm15,expandedworld,H42,M2,square,0.245,0.2793,0,,yp,4.0,0.6,-15.0,4.2921,4.0447,4.0,1399,112,13,584,241,695,253,1608,0,209,0.13,0.0,0.0,583,238,697,255,910,1,1,29,frames/expandedworld/H42_yp_d40_h06_pm15.png,frames/expandedworld/H42_yp_d40_h06_pm15.depth.npy
expandedworld/H42_yp_d40_h06_pp05,H42_yp_d40_h06_pp05,expandedworld,H42,M2,square,0.245,0.2793,0,,yp,4.0,0.6,5.0,4.2921,4.0447,4.0,1537,115,14,582,570,696,583,1752,0,215,0.1227,0.0,0.0,581,568,699,585,903,1,1,28,frames/expandedworld/H42_yp_d40_h06_pp05.png,frames/expandedworld/H42_yp_d40_h06_pp05.depth.npy
expandedworld/H42_yp_d40_h10_pm05,H42_yp_d40_h10_pm05,expandedworld,H42,M2,square,0.245,0.2793,0,,yp,4.0,1.0,-5.0,4.3661,4.1231,4.0,2445,112,23,584,485,695,507,2646,0,201,0.076,0.0,0.0,583,483,697,509,960,1,1,35,frames/expandedworld/H42_yp_d40_h10_pm05.png,frames/expandedworld/H42_yp_d40_h10_pm05.depth.npy
expandedworld/H42_yp_d40_h10_pm15,H42_yp_d40_h10_pm15,expandedworld,H42,M2,square,0.245,0.2793,0,,yp,4.0,1.0,-15.0,4.3661,4.1231,4.0,2315,110,22,585,322,694,343,2516,0,201,0.0799,0.0,0.0,584,319,696,345,945,1,1,37,frames/expandedworld/H42_yp_d40_h10_pm15.png,frames/expandedworld/H42_yp_d40_h10_pm15.depth.npy
expandedworld/H42_yp_d40_h10_pp05,H42_yp_d40_h10_pp05,expandedworld,H42,M2,square,0.245,0.2793,0,,yp,4.0,1.0,5.0,4.3661,4.1231,4.0,2768,116,25,582,656,697,680,2976,0,208,0.0699,0.0,0.0,581,654,699,682,1026,1,1,34,frames/expandedworld/H42_yp_d40_h10_pp05.png,frames/expandedworld/H42_yp_d40_h10_pp05.depth.npy
expandedworld/H42_yp_d40_h15_pm05,H42_yp_d40_h15_pm05,expandedworld,H42,M2,square,0.245,0.2793,0,,yp,4.0,1.5,-5.0,4.5069,4.272,4.0,3580,110,34,585,585,694,618,3878,0,298,0.0768,0.0,0.3413,584,582,696,620,984,1,1,42,frames/expandedworld/H42_yp_d40_h15_pm05.png,frames/expandedworld/H42_yp_d40_h15_pm05.depth.npy
expandedworld/H42_yp_d40_h15_pm15,H42_yp_d40_h15_pm15,expandedworld,H42,M2,square,0.245,0.2793,0,,yp,4.0,1.5,-15.0,4.5069,4.272,4.0,3266,106,32,587,418,692,449,3566,0,300,0.0841,0.0,0.3322,586,415,694,451,1002,1,1,43,frames/expandedworld/H42_yp_d40_h15_pm15.png,frames/expandedworld/H42_yp_d40_h15_pm15.depth.npy
expandedworld/H42_yp_d40_h20_pm05,H42_yp_d40_h20_pm05,expandedworld,H42,M2,square,0.245,0.2793,0,,yp,4.0,2.0,-5.0,4.6971,4.4721,4.0,3918,108,38,586,682,693,719,4114,0,196,0.0476,0.0,0.4119,585,679,695,729,581,1,1,45,frames/expandedworld/H42_yp_d40_h20_pm05.png,frames/expandedworld/H42_yp_d40_h20_pm05.depth.npy
expandedworld/H42_yp_d40_h20_pm15,H42_yp_d40_h20_pm15,expandedworld,H42,M2,square,0.245,0.2793,0,,yp,4.0,2.0,-15.0,4.6971,4.4721,4.0,4066,104,41,588,509,691,549,4358,0,292,0.067,0.0,0.5002,587,506,693,551,1027,1,1,45,frames/expandedworld/H42_yp_d40_h20_pm15.png,frames/expandedworld/H42_yp_d40_h20_pm15.depth.npy
expandedworld/H42_yp_d60_h03_pm05,H42_yp_d60_h03_pm05,expandedworld,H42,M2,square,0.245,0.2793,0,,yp,6.0,0.3,-5.0,6.2572,6.0075,6.0,146,74,2,603,323,676,324,220,0,74,0.3364,0.0,0.0,601,321,679,326,566,1,1,25,frames/expandedworld/H42_yp_d60_h03_pm05.png,frames/expandedworld/H42_yp_d60_h03_pm05.depth.npy
expandedworld/H42_yp_d60_h03_pm15,H42_yp_d60_h03_pm15,expandedworld,H42,M2,square,0.245,0.2793,0,,yp,6.0,0.3,-15.0,6.2572,6.0075,6.0,150,76,2,602,158,677,159,300,0,150,0.5,0.0,0.0,601,155,679,160,589,1,1,25,frames/expandedworld/H42_yp_d60_h03_pm15.png,frames/expandedworld/H42_yp_d60_h03_pm15.depth.npy
expandedworld/H42_yp_d60_h03_pp05,H42_yp_d60_h03_pp05,expandedworld,H42,M2,square,0.245,0.2793,0,,yp,6.0,0.3,5.0,6.2572,6.0075,6.0,221,75,3,602,486,676,488,296,0,75,0.2534,0.0,0.0,601,484,679,489,571,1,1,25,frames/expandedworld/H42_yp_d60_h03_pp05.png,frames/expandedworld/H42_yp_d60_h03_pp05.depth.npy
expandedworld/H42_yp_d60_h06_pm05,H42_yp_d60_h06_pm05,expandedworld,H42,M2,square,0.245,0.2793,0,,yp,6.0,0.6,-5.0,6.2787,6.0299,6.0,440,76,6,602,366,677,371,582,0,142,0.244,0.0,0.0,602,364,678,372,603,1,1,30,frames/expandedworld/H42_yp_d60_h06_pm05.png,frames/expandedworld/H42_yp_d60_h06_pm05.depth.npy
expandedworld/H42_yp_d60_h06_pm15,H42_yp_d60_h06_pm15,expandedworld,H42,M2,square,0.245,0.2793,0,,yp,6.0,0.6,-15.0,6.2787,6.0299,6.0,445,76,6,602,202,677,207,590,0,145,0.2458,0.0,0.0,601,200,679,208,595,1,1,30,frames/expandedworld/H42_yp_d60_h06_pm15.png,frames/expandedworld/H42_yp_d60_h06_pm15.depth.npy
expandedworld/H42_yp_d60_h06_pp05,H42_yp_d60_h06_pp05,expandedworld,H42,M2,square,0.245,0.2793,0,,yp,6.0,0.6,5.0,6.2787,6.0299,6.0,445,76,6,602,530,677,535,518,0,73,0.1409,0.0,0.0,601,528,679,537,614,1,1,30,frames/expandedworld/H42_yp_d60_h06_pp05.png,frames/expandedworld/H42_yp_d60_h06_pp05.depth.npy
expandedworld/H42_yp_d60_h10_pm05,H42_yp_d60_h10_pm05,expandedworld,H42,M2,square,0.245,0.2793,0,,yp,6.0,1.0,-5.0,6.3295,6.0828,6.0,800,76,11,602,422,677,432,870,0,70,0.0805,0.0,0.0,602,420,678,433,635,1,1,37,frames/expandedworld/H42_yp_d60_h10_pm05.png,frames/expandedworld/H42_yp_d60_h10_pm05.depth.npy
expandedworld/H42_yp_d60_h10_pm15,H42_yp_d60_h10_pm15,expandedworld,H42,M2,square,0.245,0.2793,0,,yp,6.0,1.0,-15.0,6.3295,6.0828,6.0,800,76,11,602,259,677,269,871,0,71,0.0815,0.0,0.0,602,257,678,270,634,1,1,39,frames/expandedworld/H42_yp_d60_h10_pm15.png,frames/expandedworld/H42_yp_d60_h10_pm15.depth.npy
expandedworld/H42_yp_d60_h10_pp05,H42_yp_d60_h10_pp05,expandedworld,H42,M2,square,0.245,0.2793,0,,yp,6.0,1.0,5.0,6.3295,6.0828,6.0,822,78,11,601,589,678,599,894,0,72,0.0805,0.0,0.0,601,587,679,601,649,1,1,37,frames/expandedworld/H42_yp_d60_h10_pp05.png,frames/expandedworld/H42_yp_d60_h10_pp05.depth.npy
expandedworld/H42_yp_d60_h15_pm05,H42_yp_d60_h15_pm05,expandedworld,H42,M2,square,0.245,0.2793,0,,yp,6.0,1.5,-5.0,6.4275,6.1847,6.0,1152,74,16,603,492,676,507,1222,0,70,0.0573,0.0,0.0,602,490,678,509,654,1,1,43,frames/expandedworld/H42_yp_d60_h15_pm05.png,frames/expandedworld/H42_yp_d60_h15_pm05.depth.npy
expandedworld/H42_yp_d60_h15_pm15,H42_yp_d60_h15_pm15,expandedworld,H42,M2,square,0.245,0.2793,0,,yp,6.0,1.5,-15.0,6.4275,6.1847,6.0,1071,74,15,603,329,676,343,1207,0,136,0.1127,0.0,0.0,603,327,677,345,651,1,1,45,frames/expandedworld/H42_yp_d60_h15_pm15.png,frames/expandedworld/H42_yp_d60_h15_pm15.depth.npy
expandedworld/H42_yp_d60_h15_pp05,H42_yp_d60_h15_pp05,expandedworld,H42,M2,square,0.245,0.2793,0,,yp,6.0,1.5,5.0,6.4275,6.1847,6.0,1278,78,17,601,664,678,680,1422,0,144,0.1013,0.0,0.0,600,662,680,682,688,1,1,41,frames/expandedworld/H42_yp_d60_h15_pp05.png,frames/expandedworld/H42_yp_d60_h15_pp05.depth.npy
expandedworld/H42_yp_d60_h20_pm05,H42_yp_d60_h20_pm05,expandedworld,H42,M2,square,0.245,0.2793,0,,yp,6.0,2.0,-5.0,6.5622,6.3245,6.0,1504,74,21,603,561,676,581,1572,0,68,0.0433,0.0,0.2327,602,559,678,583,669,1,1,44,frames/expandedworld/H42_yp_d60_h20_pm05.png,frames/expandedworld/H42_yp_d60_h20_pm05.depth.npy
expandedworld/H42_yp_d60_h20_pm15,H42_yp_d60_h20_pm15,expandedworld,H42,M2,square,0.245,0.2793,0,,yp,6.0,2.0,-15.0,6.5622,6.3245,6.0,1399,72,20,604,396,675,415,1535,0,136,0.0886,0.0,0.2924,603,394,677,416,678,1,1,46,frames/expandedworld/H42_yp_d60_h20_pm15.png,frames/expandedworld/H42_yp_d60_h20_pm15.depth.npy
expandedworld/H42_yp_d80_h03_pm05,H42_yp_d80_h03_pm05,expandedworld,H42,M2,square,0.245,0.2793,0,,yp,8.0,0.3,-5.0,8.2555,8.0056,8.0,56,56,1,612,313,667,313,112,0,56,0.5,0.0,0.0,611,311,669,314,439,1,1,20,frames/expandedworld/H42_yp_d80_h03_pm05.png,frames/expandedworld/H42_yp_d80_h03_pm05.depth.npy
expandedworld/H42_yp_d80_h03_pm15,H42_yp_d80_h03_pm15,expandedworld,H42,M2,square,0.245,0.2793,0,,yp,8.0,0.3,-15.0,8.2555,8.0056,8.0,57,57,1,611,147,667,147,170,0,113,0.6647,0.0,0.0,610,145,670,148,454,1,1,21,frames/expandedworld/H42_yp_d80_h03_pm15.png,frames/expandedworld/H42_yp_d80_h03_pm15.depth.npy
expandedworld/H42_yp_d80_h03_pp05,H42_yp_d80_h03_pp05,expandedworld,H42,M2,square,0.245,0.2793,0,,yp,8.0,0.3,5.0,8.2555,8.0056,8.0,56,56,1,612,476,667,476,114,0,58,0.5088,0.0,0.0,611,474,669,477,437,1,1,21,frames/expandedworld/H42_yp_d80_h03_pp05.png,frames/expandedworld/H42_yp_d80_h03_pp05.depth.npy
expandedworld/H42_yp_d80_h06_pm05,H42_yp_d80_h06_pm05,expandedworld,H42,M2,square,0.245,0.2793,0,,yp,8.0,0.6,-5.0,8.2718,8.0225,8.0,165,56,3,612,345,667,347,220,0,55,0.25,0.0,0.0,611,344,669,349,445,1,1,29,frames/expandedworld/H42_yp_d80_h06_pm05.png,frames/expandedworld/H42_yp_d80_h06_pm05.depth.npy
expandedworld/H42_yp_d80_h06_pm15,H42_yp_d80_h06_pm15,expandedworld,H42,M2,square,0.245,0.2793,0,,yp,8.0,0.6,-15.0,8.2718,8.0225,8.0,170,58,3,611,181,668,183,226,0,56,0.2478,0.0,0.0,611,179,669,184,451,1,1,29,frames/expandedworld/H42_yp_d80_h06_pm15.png,frames/expandedworld/H42_yp_d80_h06_pm15.depth.npy
expandedworld/H42_yp_d80_h06_pp05,H42_yp_d80_h06_pp05,expandedworld,H42,M2,square,0.245,0.2793,0,,yp,8.0,0.6,5.0,8.2718,8.0225,8.0,167,56,3,612,509,667,511,222,0,55,0.2477,0.0,0.0,611,508,669,513,455,1,1,28,frames/expandedworld/H42_yp_d80_h06_pp05.png,frames/expandedworld/H42_yp_d80_h06_pp05.depth.npy
expandedworld/H42_yp_d80_h10_pm05,H42_yp_d80_h10_pm05,expandedworld,H42,M2,square,0.245,0.2793,0,,yp,8.0,1.0,-5.0,8.3104,8.0623,8.0,332,56,6,612,389,667,394,386,0,54,0.1399,0.0,0.0,611,387,669,395,462,1,1,31,frames/expandedworld/H42_yp_d80_h10_pm05.png,frames/expandedworld/H42_yp_d80_h10_pm05.depth.npy
expandedworld/H42_yp_d80_h10_pm15,H42_yp_d80_h10_pm15,expandedworld,H42,M2,square,0.245,0.2793,0,,yp,8.0,1.0,-15.0,8.3104,8.0623,8.0,332,56,6,612,225,667,230,386,0,54,0.1399,0.0,0.0,611,224,669,232,480,1,1,32,frames/expandedworld/H42_yp_d80_h10_pm15.png,frames/expandedworld/H42_yp_d80_h10_pm15.depth.npy
expandedworld/H42_yp_d80_h10_pp05,H42_yp_d80_h10_pp05,expandedworld,H42,M2,square,0.245,0.2793,0,,yp,8.0,1.0,5.0,8.3104,8.0623,8.0,340,58,6,611,554,668,559,394,0,54,0.1371,0.0,0.0,611,553,669,561,472,1,1,31,frames/expandedworld/H42_yp_d80_h10_pp05.png,frames/expandedworld/H42_yp_d80_h10_pp05.depth.npy
expandedworld/H42_yp_d80_h15_pm05,H42_yp_d80_h15_pm05,expandedworld,H42,M2,square,0.245,0.2793,0,,yp,8.0,1.5,-5.0,8.3853,8.1394,8.0,494,56,9,612,443,667,451,548,0,54,0.0985,0.0,0.0,611,441,669,452,485,1,1,41,frames/expandedworld/H42_yp_d80_h15_pm05.png,frames/expandedworld/H42_yp_d80_h15_pm05.depth.npy
expandedworld/H42_yp_d80_h15_pm15,H42_yp_d80_h15_pm15,expandedworld,H42,M2,square,0.245,0.2793,0,,yp,8.0,1.5,-15.0,8.3853,8.1394,8.0,494,56,9,612,280,667,288,548,0,54,0.0985,0.0,0.0,611,278,669,289,485,1,1,43,frames/expandedworld/H42_yp_d80_h15_pm15.png,frames/expandedworld/H42_yp_d80_h15_pm15.depth.npy
expandedworld/H42_yp_d80_h15_pp05,H42_yp_d80_h15_pp05,expandedworld,H42,M2,square,0.245,0.2793,0,,yp,8.0,1.5,5.0,8.3853,8.1394,8.0,510,58,9,611,611,668,619,566,0,56,0.0989,0.0,0.0,610,609,670,621,491,1,1,41,frames/expandedworld/H42_yp_d80_h15_pp05.png,frames/expandedworld/H42_yp_d80_h15_pp05.depth.npy
expandedworld/H42_yp_d80_h20_pm05,H42_yp_d80_h20_pm05,expandedworld,H42,M2,square,0.245,0.2793,0,,yp,8.0,2.0,-5.0,8.489,8.2462,8.0,656,56,12,612,496,667,507,708,0,52,0.0734,0.0,0.0,611,494,669,509,492,1,1,45,frames/expandedworld/H42_yp_d80_h20_pm05.png,frames/expandedworld/H42_yp_d80_h20_pm05.depth.npy
expandedworld/H42_yp_d80_h20_pm15,H42_yp_d80_h20_pm15,expandedworld,H42,M2,square,0.245,0.2793,0,,yp,8.0,2.0,-15.0,8.489,8.2462,8.0,646,56,12,612,332,667,343,698,0,52,0.0745,0.0,0.0,612,331,668,345,502,1,1,47,frames/expandedworld/H42_yp_d80_h20_pm15.png,frames/expandedworld/H42_yp_d80_h20_pm15.depth.npy
expandedworld/H42_yp_d80_h20_pp05,H42_yp_d80_h20_pp05,expandedworld,H42,M2,square,0.245,0.2793,0,,yp,8.0,2.0,5.0,8.489,8.2462,8.0,740,58,13,611,668,668,680,796,0,56,0.0704,0.0,0.0,610,666,670,682,527,1,1,44,frames/expandedworld/H42_yp_d80_h20_pp05.png,frames/expandedworld/H42_yp_d80_h20_pp05.depth.npy
expandedworld/H60_occ190_e20_h03_pm05,H60_occ190_e20_h03_pm05,expandedworld,H60,S1,circle,0.1323,0.2052,1,aws_robomaker_warehouse_ShelfE_01_002,occ,8.15,0.3,-5.0,9.461,9.2532,9.2484,0,0,0,-1,-1,-1,-1,38,11,27,1.0,0.2895,,619,307,661,309,310,1,1,29,frames/expandedworld/H60_occ190_e20_h03_pm05.png,frames/expandedworld/H60_occ190_e20_h03_pm05.depth.npy
expandedworld/H60_occ190_e20_h10_pm15,H60_occ190_e20_h10_pm15,expandedworld,H60,S1,circle,0.1323,0.2052,1,aws_robomaker_warehouse_ShelfE_01_002,occ,8.15,1.0,-15.0,9.509,9.3023,9.2484,0,0,0,-1,-1,-1,-1,137,137,0,1.0,1.0,,619,211,661,216,318,1,1,47,frames/expandedworld/H60_occ190_e20_h10_pm15.png,frames/expandedworld/H60_occ190_e20_h10_pm15.depth.npy
expandedworld/H60_occ190_e20_h15_pm05,H60_occ190_e20_h15_pm05,expandedworld,H60,S1,circle,0.1323,0.2052,1,aws_robomaker_warehouse_ShelfE_01_002,occ,8.15,1.5,-5.0,9.5745,9.3692,9.2484,0,0,0,-1,-1,-1,-1,201,201,0,1.0,1.0,,620,422,660,429,327,1,0,49,frames/expandedworld/H60_occ190_e20_h15_pm05.png,frames/expandedworld/H60_occ190_e20_h15_pm05.depth.npy
expandedworld/H60_occ404_e12_h06_pm15,H60_occ404_e12_h06_pm15,expandedworld,H60,S1,circle,0.1323,0.2052,1,aws_robomaker_warehouse_ShelfE_01_001,occ,4.828,0.6,-15.0,6.8134,6.61,6.5827,53,45,3,622,196,666,198,228,142,33,0.7675,0.6228,0.0,611,194,669,200,435,1,1,32,frames/expandedworld/H60_occ404_e12_h06_pm15.png,frames/expandedworld/H60_occ404_e12_h06_pm15.depth.npy
expandedworld/H60_occ404_e12_h10_pm05,H60_occ404_e12_h10_pm05,expandedworld,H60,S1,circle,0.1323,0.2052,1,aws_robomaker_warehouse_ShelfE_01_001,occ,4.828,1.0,-5.0,6.8602,6.6583,6.5827,0,0,0,-1,-1,-1,-1,362,362,0,1.0,1.0,,611,411,668,420,424,1,0,40,frames/expandedworld/H60_occ404_e12_h10_pm05.png,frames/expandedworld/H60_occ404_e12_h10_pm05.depth.npy
expandedworld/H60_occ404_e20_h03_pm15,H60_occ404_e20_h03_pm15,expandedworld,H60,S1,circle,0.1323,0.2052,1,aws_robomaker_warehouse_ShelfE_01_001,occ,5.628,0.3,-15.0,7.5928,7.3889,7.3828,21,21,1,630,150,650,150,73,5,47,0.7123,0.0685,0.0,613,148,666,151,385,1,1,23,frames/expandedworld/H60_occ404_e20_h03_pm15.png,frames/expandedworld/H60_occ404_e20_h03_pm15.depth.npy
expandedworld/H60_occ404_e20_h06_pm05,H60_occ404_e20_h06_pm05,expandedworld,H60,S1,circle,0.1323,0.2052,1,aws_robomaker_warehouse_ShelfE_01_001,occ,5.628,0.6,-5.0,7.6106,7.4071,7.3828,40,39,2,623,352,661,353,158,89,29,0.7468,0.5633,0.0,614,350,665,355,381,1,1,31,frames/expandedworld/H60_occ404_e20_h06_pm05.png,frames/expandedworld/H60_occ404_e20_h06_pm05.depth.npy
expandedworld/H60_occ404_e20_h15_pm15,H60_occ404_e20_h15_pm15,expandedworld,H60,S1,circle,0.1323,0.2052,1,aws_robomaker_warehouse_ShelfE_01_001,occ,5.628,1.5,-15.0,7.7338,7.5336,7.3828,0,0,0,-1,-1,-1,-1,380,380,0,1.0,1.0,,614,293,665,303,377,1,0,46,frames/expandedworld/H60_occ404_e20_h15_pm15.png,frames/expandedworld/H60_occ404_e20_h15_pm15.depth.npy
expandedworld/H60_occ472_e20_h03_pm05,H60_occ472_e20_h03_pm05,expandedworld,H60,S1,circle,0.1323,0.2052,1,aws_robomaker_warehouse_ShelfE_01_002,occ,6.561,0.3,-5.0,7.8732,7.6658,7.6599,13,13,1,632,314,644,314,76,15,48,0.8289,0.1974,0.0,615,313,665,316,367,1,1,27,frames/expandedworld/H60_occ472_e20_h03_pm05.png,frames/expandedworld/H60_occ472_e20_h03_pm05.depth.npy
expandedworld/H60_occ472_e20_h10_pm15,H60_occ472_e20_h10_pm15,expandedworld,H60,S1,circle,0.1323,0.2052,1,aws_robomaker_warehouse_ShelfE_01_002,occ,6.561,1.0,-15.0,7.9308,7.7249,7.6599,0,0,0,-1,-1,-1,-1,237,237,0,1.0,1.0,,615,230,665,237,377,1,0,47,frames/expandedworld/H60_occ472_e20_h10_pm15.png,frames/expandedworld/H60_occ472_e20_h10_pm15.depth.npy
expandedworld/H60_occ472_e20_h15_pm05,H60_occ472_e20_h15_pm05,expandedworld,H60,S1,circle,0.1323,0.2052,1,aws_robomaker_warehouse_ShelfE_01_002,occ,6.561,1.5,-5.0,8.0092,7.8054,7.6599,0,0,0,-1,-1,-1,-1,343,343,0,1.0,1.0,,615,450,664,460,378,1,0,50,frames/expandedworld/H60_occ472_e20_h15_pm05.png,frames/expandedworld/H60_occ472_e20_h15_pm05.depth.npy
expandedworld/H60_occ696_e06_h03_pm05,H60_occ696_e06_h03_pm05,expandedworld,H60,S1,circle,0.1323,0.2052,1,aws_robomaker_warehouse_ShelfE_01_002,occ,3.365,0.3,-5.0,5.3322,5.1267,5.1179,106,54,2,613,331,666,332,232,0,126,0.5431,0.0,0.0,603,329,676,334,522,1,1,21,frames/expandedworld/H60_occ696_e06_h03_pm05.png,frames/expandedworld/H60_occ696_e06_h03_pm05.depth.npy
expandedworld/H60_occ696_e06_h10_pm15,H60_occ696_e06_h10_pm15,expandedworld,H60,S1,circle,0.1323,0.2052,1,aws_robomaker_warehouse_ShelfE_01_002,occ,3.365,1.0,-15.0,5.4169,5.2147,5.1179,0,0,0,-1,-1,-1,-1,730,730,0,1.0,1.0,,604,282,675,296,537,1,0,34,frames/expandedworld/H60_occ696_e06_h10_pm15.png,frames/expandedworld/H60_occ696_e06_h10_pm15.depth.npy
expandedworld/H60_occ696_e06_h15_pm05,H60_occ696_e06_h15_pm05,expandedworld,H60,S1,circle,0.1323,0.2052,1,aws_robomaker_warehouse_ShelfE_01_002,occ,3.365,1.5,-5.0,5.531,5.3332,5.1179,0,0,0,-1,-1,-1,-1,1072,1072,0,1.0,1.0,,604,527,675,547,564,1,0,39,frames/expandedworld/H60_occ696_e06_h15_pm05.png,frames/expandedworld/H60_occ696_e06_h15_pm05.depth.npy
expandedworld/H60_occ696_e12_h06_pm15,H60_occ696_e12_h06_pm15,expandedworld,H60,S1,circle,0.1323,0.2052,1,aws_robomaker_warehouse_ShelfE_01_002,occ,3.965,0.6,-15.0,5.9541,5.7493,5.7179,150,62,5,609,207,670,211,333,123,60,0.5495,0.3694,0.0,607,205,672,213,487,1,1,30,frames/expandedworld/H60_occ696_e12_h06_pm15.png,frames/expandedworld/H60_occ696_e12_h06_pm15.depth.npy
expandedworld/H60_occ696_e12_h10_pm05,H60_occ696_e12_h10_pm05,expandedworld,H60,S1,circle,0.1323,0.2052,1,aws_robomaker_warehouse_ShelfE_01_002,occ,3.965,1.0,-5.0,6.0076,5.8047,5.7179,0,0,0,-1,-1,-1,-1,533,533,0,1.0,1.0,,607,429,672,441,468,1,0,34,frames/expandedworld/H60_occ696_e12_h10_pm05.png,frames/expandedworld/H60_occ696_e12_h10_pm05.depth.npy
expandedworld/H60_occ696_e20_h03_pm15,H60_occ696_e20_h03_pm15,expandedworld,H60,S1,circle,0.1323,0.2052,1,aws_robomaker_warehouse_ShelfE_01_002,occ,4.765,0.3,-15.0,6.7305,6.5248,6.5179,40,40,1,620,155,659,155,135,0,95,0.7037,0.0,0.0,610,153,669,156,445,1,1,23,frames/expandedworld/H60_occ696_e20_h03_pm15.png,frames/expandedworld/H60_occ696_e20_h03_pm15.depth.npy
expandedworld/H60_occ696_e20_h06_pm05,H60_occ696_e20_h06_pm05,expandedworld,H60,S1,circle,0.1323,0.2052,1,aws_robomaker_warehouse_ShelfE_01_002,occ,4.765,0.6,-5.0,6.7505,6.5455,6.5179,115,43,4,624,360,666,363,227,45,67,0.4934,0.1982,0.0,611,359,668,365,432,1,1,31,frames/expandedworld/H60_occ696_e20_h06_pm05.png,frames/expandedworld/H60_occ696_e20_h06_pm05.depth.npy
expandedworld/H60_occ696_e20_h15_pm15,H60_occ696_e20_h15_pm15,expandedworld,H60,S1,circle,0.1323,0.2052,1,aws_robomaker_warehouse_ShelfE_01_002,occ,4.765,1.5,-15.0,6.8891,6.6883,6.5179,0,0,0,-1,-1,-1,-1,525,525,0,1.0,1.0,,612,314,668,327,438,1,0,40,frames/expandedworld/H60_occ696_e20_h15_pm15.png,frames/expandedworld/H60_occ696_e20_h15_pm15.depth.npy
expandedworld/H60_occ934_e06_h03_pm05,H60_occ934_e06_h03_pm05,expandedworld,H60,S1,circle,0.1323,0.2052,1,aws_robomaker_warehouse_ShelfE_01_002,occ,3.281,0.3,-5.0,5.2481,5.043,5.0341,97,50,2,611,332,660,333,243,27,119,0.6008,0.1111,0.0,603,329,676,335,533,1,1,21,frames/expandedworld/H60_occ934_e06_h03_pm05.png,frames/expandedworld/H60_occ934_e06_h03_pm05.depth.npy
expandedworld/H60_occ934_e06_h10_pm15,H60_occ934_e06_h10_pm15,expandedworld,H60,S1,circle,0.1323,0.2052,1,aws_robomaker_warehouse_ShelfE_01_002,occ,3.281,1.0,-15.0,5.3341,5.1324,5.0341,0,0,0,-1,-1,-1,-1,770,770,0,1.0,1.0,,603,285,676,299,556,1,0,35,frames/expandedworld/H60_occ934_e06_h10_pm15.png,frames/expandedworld/H60_occ934_e06_h10_pm15.depth.npy
expandedworld/H60_occ934_e06_h15_pm05,H60_occ934_e06_h15_pm05,expandedworld,H60,S1,circle,0.1323,0.2052,1,aws_robomaker_warehouse_ShelfE_01_002,occ,3.281,1.5,-5.0,5.45,5.2528,5.0341,0,0,0,-1,-1,-1,-1,1126,1126,0,1.0,1.0,,603,530,676,552,572,1,0,36,frames/expandedworld/H60_occ934_e06_h15_pm05.png,frames/expandedworld/H60_occ934_e06_h15_pm05.depth.npy
expandedworld/H60_occ934_e12_h06_pm15,H60_occ934_e12_h06_pm15,expandedworld,H60,S1,circle,0.1323,0.2052,1,aws_robomaker_warehouse_ShelfE_01_002,occ,3.881,0.6,-15.0,5.8703,5.666,5.6341,135,62,5,609,209,670,213,364,162,67,0.6291,0.4451,0.0,606,206,673,214,490,1,1,31,frames/expandedworld/H60_occ934_e12_h06_pm15.png,frames/expandedworld/H60_occ934_e12_h06_pm15.depth.npy
expandedworld/H60_occ934_e12_h10_pm05,H60_occ934_e12_h10_pm05,expandedworld,H60,S1,circle,0.1323,0.2052,1,aws_robomaker_warehouse_ShelfE_01_002,occ,3.881,1.0,-5.0,5.9246,5.7222,5.6341,0,0,0,-1,-1,-1,-1,551,551,0,1.0,1.0,,607,431,672,443,501,1,0,35,frames/expandedworld/H60_occ934_e12_h10_pm05.png,frames/expandedworld/H60_occ934_e12_h10_pm05.depth.npy
expandedworld/H60_occ934_e20_h03_pm15,H60_occ934_e20_h03_pm15,expandedworld,H60,S1,circle,0.1323,0.2052,1,aws_robomaker_warehouse_ShelfE_01_002,occ,4.681,0.3,-15.0,6.6463,6.4411,6.4341,36,36,1,620,155,655,155,110,18,56,0.6727,0.1636,0.0,610,153,669,157,443,1,1,20,frames/expandedworld/H60_occ934_e20_h03_pm15.png,frames/expandedworld/H60_occ934_e20_h03_pm15.depth.npy
expandedworld/H60_occ934_e20_h06_pm05,H60_occ934_e20_h06_pm05,expandedworld,H60,S1,circle,0.1323,0.2052,1,aws_robomaker_warehouse_ShelfE_01_002,occ,4.681,0.6,-5.0,6.6666,6.462,6.4341,88,40,3,627,362,666,364,232,84,60,0.6207,0.3621,0.0,610,360,669,366,431,1,1,27,frames/expandedworld/H60_occ934_e20_h06_pm05.png,frames/expandedworld/H60_occ934_e20_h06_pm05.depth.npy
expandedworld/H60_occ934_e20_h15_pm15,H60_occ934_e20_h15_pm15,expandedworld,H60,S1,circle,0.1323,0.2052,1,aws_robomaker_warehouse_ShelfE_01_002,occ,4.681,1.5,-15.0,6.8069,6.6066,6.4341,0,0,0,-1,-1,-1,-1,545,545,0,1.0,1.0,,611,317,668,330,443,1,0,37,frames/expandedworld/H60_occ934_e20_h15_pm15.png,frames/expandedworld/H60_occ934_e20_h15_pm15.depth.npy
expandedworld/H60_occ965_e12_h10_pm15,H60_occ965_e12_h10_pm15,expandedworld,H60,S1,circle,0.1323,0.2052,1,aws_robomaker_warehouse_PalletJackB_01_001,occ,7.699,1.0,-15.0,8.0316,7.8281,7.7639,175,46,5,617,230,662,234,228,0,53,0.2325,0.0,0.0,616,228,665,235,384,1,1,43,frames/expandedworld/H60_occ965_e12_h10_pm15.png,frames/expandedworld/H60_occ965_e12_h10_pm15.depth.npy
expandedworld/H60_occ965_e12_h15_pm05,H60_occ965_e12_h15_pm05,expandedworld,H60,S1,circle,0.1323,0.2052,1,aws_robomaker_warehouse_WallB_01AB,occ,7.699,1.5,-5.0,8.109,7.9075,7.7639,279,46,8,617,449,662,456,333,0,54,0.1622,0.0,0.0,616,448,664,457,367,1,1,46,frames/expandedworld/H60_occ965_e12_h15_pm05.png,frames/expandedworld/H60_occ965_e12_h15_pm05.depth.npy
expandedworld/H60_occ965_e20_h06_pm15,H60_occ965_e20_h06_pm15,expandedworld,H60,S1,circle,0.1323,0.2052,1,aws_robomaker_warehouse_PalletJackB_01_001,occ,8.499,0.6,-15.0,8.7897,8.585,8.564,64,35,2,623,177,657,178,109,0,45,0.4128,0.0,0.0,618,176,663,180,351,1,1,38,frames/expandedworld/H60_occ965_e20_h06_pm15.png,frames/expandedworld/H60_occ965_e20_h06_pm15.depth.npy
expandedworld/H60_occ965_e20_h10_pm05,H60_occ965_e20_h10_pm05,expandedworld,H60,S1,circle,0.1323,0.2052,1,aws_robomaker_warehouse_PalletJackB_01_001,occ,8.499,1.0,-5.0,8.8261,8.6222,8.564,127,39,4,620,383,658,386,172,0,45,0.2616,0.0,0.0,618,382,662,387,333,1,1,44,frames/expandedworld/H60_occ965_e20_h10_pm05.png,frames/expandedworld/H60_occ965_e20_h10_pm05.depth.npy
expandedworld/H60_ym_d03_h03_pm05,H60_ym_d03_h03_pm05,expandedworld,H60,S1,circle,0.1323,0.2052,0,,ym,0.3,0.3,-5.0,0.5874,0.4223,0.2973,14565,454,47,412,673,865,719,20965,0,6400,0.3053,0.0,0.0,253,662,1033,1149,680,1,1,28,frames/expandedworld/H60_ym_d03_h03_pm05.png,frames/expandedworld/H60_ym_d03_h03_pm05.depth.npy
expandedworld/H60_ym_d03_h03_pm15,H60_ym_d03_h03_pm15,expandedworld,H60,S1,circle,0.1323,0.2052,0,,ym,0.3,0.3,-15.0,0.5874,0.4223,0.2973,124967,717,220,281,500,997,719,134749,0,9782,0.0726,0.0,0.0,282,490,1003,904,1742,1,1,28,frames/expandedworld/H60_ym_d03_h03_pm15.png,frames/expandedworld/H60_ym_d03_h03_pm15.depth.npy
expandedworld/H60_ym_d05_h03_pm05,H60_ym_d05_h03_pm05,expandedworld,H60,S1,circle,0.1323,0.2052,0,,ym,0.5,0.3,-5.0,0.7662,0.5808,0.4973,57137,545,131,367,589,911,719,63145,0,6008,0.0951,0.0,0.0,367,580,916,817,1350,1,1,27,frames/expandedworld/H60_ym_d05_h03_pm05.png,frames/expandedworld/H60_ym_d05_h03_pm05.depth.npy
expandedworld/H60_ym_d05_h03_pm15,H60_ym_d05_h03_pm15,expandedworld,H60,S1,circle,0.1323,0.2052,0,,ym,0.5,0.3,-15.0,0.7662,0.5808,0.4973,81394,519,205,380,422,898,626,87596,0,6202,0.0708,0.0,0.0,380,413,904,629,3830,1,1,28,frames/expandedworld/H60_ym_d05_h03_pm15.png,frames/expandedworld/H60_ym_d05_h03_pm15.depth.npy
expandedworld/H60_ym_d05_h06_pm15,H60_ym_d05_h06_pm15,expandedworld,H60,S1,circle,0.1323,0.2052,0,,ym,0.5,0.6,-15.0,0.9257,0.7793,0.4973,8850,303,43,488,677,790,719,11556,0,2706,0.2342,0.0,0.0,406,671,878,1021,390,1,1,30,frames/expandedworld/H60_ym_d05_h06_pm15.png,frames/expandedworld/H60_ym_d05_h06_pm15.depth.npy
expandedworld/H60_ym_d07_h03_pm05,H60_ym_d07_h03_pm05,expandedworld,H60,S1,circle,0.1323,0.2052,0,,ym,0.7,0.3,-5.0,0.9534,0.7591,0.6973,42304,419,133,430,534,848,666,46419,0,4115,0.0886,0.0,0.0,430,526,853,668,3097,1,1,26,frames/expandedworld/H60_ym_d07_h03_pm05.png,frames/expandedworld/H60_ym_d07_h03_pm05.depth.npy
expandedworld/H60_ym_d07_h03_pm15,H60_ym_d07_h03_pm15,expandedworld,H60,S1,circle,0.1323,0.2052,0,,ym,0.7,0.3,-15.0,0.9534,0.7591,0.6973,38839,407,125,437,370,843,494,42640,0,3801,0.0891,0.0,0.0,436,362,847,496,2912,1,1,28,frames/expandedworld/H60_ym_d07_h03_pm15.png,frames/expandedworld/H60_ym_d07_h03_pm15.depth.npy
expandedworld/H60_ym_d07_h03_pp05,H60_ym_d07_h03_pp05,expandedworld,H60,S1,circle,0.1323,0.2052,0,,ym,0.7,0.3,5.0,0.9534,0.7591,0.6973,1435,210,10,535,710,744,719,3769,0,2334,0.6193,0.0,0.0,416,701,867,861,520,1,1,26,frames/expandedworld/H60_ym_d07_h03_pp05.png,frames/expandedworld/H60_ym_d07_h03_pp05.depth.npy
expandedworld/H60_ym_d07_h06_pm15,H60_ym_d07_h06_pm15,expandedworld,H60,S1,circle,0.1323,0.2052,0,,ym,0.7,0.6,-15.0,1.0858,0.9199,0.6973,40174,376,132,451,588,826,719,43145,0,2971,0.0689,0.0,0.0,452,582,831,809,1094,1,1,30,frames/expandedworld/H60_ym_d07_h06_pm15.png,frames/expandedworld/H60_ym_d07_h06_pm15.depth.npy
expandedworld/H60_ym_d10_h03_pm05,H60_ym_d10_h03_pm05,expandedworld,H60,S1,circle,0.1323,0.2052,0,,ym,1.0,0.3,-5.0,1.2418,1.0414,0.9973,17158,313,72,483,481,795,552,19476,0,2318,0.119,0.0,0.0,483,474,799,554,2199,1,1,26,frames/expandedworld/H60_ym_d10_h03_pm05.png,frames/expandedworld/H60_ym_d10_h03_pm05.depth.npy
expandedworld/H60_ym_d10_h03_pm15,H60_ym_d10_h03_pm15,expandedworld,H60,S1,circle,0.1323,0.2052,0,,ym,1.0,0.3,-15.0,1.2418,1.0414,0.9973,16440,308,70,486,318,793,387,18673,0,2233,0.1196,0.0,0.0,485,311,797,389,2163,1,1,26,frames/expandedworld/H60_ym_d10_h03_pm15.png,frames/expandedworld/H60_ym_d10_h03_pm15.depth.npy
expandedworld/H60_ym_d10_h03_pp05,H60_ym_d10_h03_pp05,expandedworld,H60,S1,circle,0.1323,0.2052,0,,ym,1.0,0.3,5.0,1.2418,1.0414,0.9973,18167,327,68,476,652,802,719,20668,0,2501,0.121,0.0,0.0,476,645,806,732,1381,1,1,26,frames/expandedworld/H60_ym_d10_h03_pp05.png,frames/expandedworld/H60_ym_d10_h03_pp05.depth.npy
expandedworld/H60_ym_d10_h06_pm05,H60_ym_d10_h06_pm05,expandedworld,H60,S1,circle,0.1323,0.2052,0,,ym,1.0,0.6,-5.0,1.3461,1.1639,0.9973,10648,291,50,494,670,784,719,12572,0,1924,0.153,0.0,0.0,487,664,796,815,668,1,1,29,frames/expandedworld/H60_ym_d10_h06_pm05.png,frames/expandedworld/H60_ym_d10_h06_pm05.depth.npy
expandedworld/H60_ym_d10_h06_pm15,H60_ym_d10_h06_pm15,expandedworld,H60,S1,circle,0.1323,0.2052,0,,ym,1.0,0.6,-15.0,1.3461,1.1639,0.9973,28959,291,130,494,497,784,626,31039,0,2080,0.067,0.0,0.0,495,492,787,628,2266,1,1,30,frames/expandedworld/H60_ym_d10_h06_pm15.png,frames/expandedworld/H60_ym_d10_h06_pm15.depth.npy
expandedworld/H60_ym_d10_h10_pm15,H60_ym_d10_h10_pm15,expandedworld,H60,S1,circle,0.1323,0.2052,0,,ym,1.0,1.0,-15.0,1.5659,1.4123,0.9973,772,114,10,583,710,696,719,1463,0,691,0.4723,0.0,0.0,506,706,776,900,231,1,1,38,frames/expandedworld/H60_ym_d10_h10_pm15.png,frames/expandedworld/H60_ym_d10_h10_pm15.depth.npy
expandedworld/H60_ym_d15_h03_pm05,H60_ym_d15_h03_pm05,expandedworld,H60,S1,circle,0.1323,0.2052,0,,ym,1.5,0.3,-5.0,1.7312,1.5271,1.4973,5699,220,34,530,429,749,462,6854,0,1155,0.1685,0.0,0.0,529,424,752,464,1542,1,1,26,frames/expandedworld/H60_ym_d15_h03_pm05.png,frames/expandedworld/H60_ym_d15_h03_pm05.depth.npy
expandedworld/H60_ym_d15_h03_pm15,H60_ym_d15_h03_pm15,expandedworld,H60,S1,circle,0.1323,0.2052,0,,ym,1.5,0.3,-15.0,1.7312,1.5271,1.4973,5686,219,34,530,266,748,299,6848,0,1162,0.1697,0.0,0.0,529,261,752,301,1538,1,1,26,frames/expandedworld/H60_ym_d15_h03_pm15.png,frames/expandedworld/H60_ym_d15_h03_pm15.depth.npy
expandedworld/H60_ym_d15_h03_pp05,H60_ym_d15_h03_pp05,expandedworld,H60,S1,circle,0.1323,0.2052,0,,ym,1.5,0.3,5.0,1.7312,1.5271,1.4973,6262,226,37,527,596,752,632,7544,0,1282,0.1699,0.0,0.0,526,591,756,633,1603,1,1,25,frames/expandedworld/H60_ym_d15_h03_pp05.png,frames/expandedworld/H60_ym_d15_h03_pp05.depth.npy
expandedworld/H60_ym_d15_h06_pm05,H60_ym_d15_h06_pm05,expandedworld,H60,S1,circle,0.1323,0.2052,0,,ym,1.5,0.6,-5.0,1.8075,1.613,1.4973,11911,219,71,530,570,748,640,13077,0,1166,0.0892,0.0,0.0,531,565,750,642,1581,1,1,30,frames/expandedworld/H60_ym_d15_h06_pm05.png,frames/expandedworld/H60_ym_d15_h06_pm05.depth.npy
expandedworld/H60_ym_d15_h06_pm15,H60_ym_d15_h06_pm15,expandedworld,H60,S1,circle,0.1323,0.2052,0,,ym,1.5,0.6,-15.0,1.8075,1.613,1.4973,10871,212,67,534,404,745,470,11963,0,1092,0.0913,0.0,0.0,534,400,747,472,1596,1,1,28,frames/expandedworld/H60_ym_d15_h06_pm15.png,frames/expandedworld/H60_ym_d15_h06_pm15.depth.npy
expandedworld/H60_ym_d15_h10_pm15,H60_ym_d15_h10_pm15,expandedworld,H60,S1,circle,0.1323,0.2052,0,,ym,1.5,1.0,-15.0,1.9766,1.8005,1.4973,15859,201,102,539,573,739,674,16863,0,1004,0.0595,0.0,0.0,540,569,741,676,1589,1,1,37,frames/expandedworld/H60_ym_d15_h10_pm15.png,frames/expandedworld/H60_ym_d15_h10_pm15.depth.npy
expandedworld/H60_ym_d20_h03_pm05,H60_ym_d20_h03_pm05,expandedworld,H60,S1,circle,0.1323,0.2052,0,,ym,2.0,0.3,-5.0,2.2253,2.0197,1.9973,2472,168,19,556,398,723,416,3177,0,705,0.2219,0.0,0.0,554,394,727,418,1241,1,1,26,frames/expandedworld/H60_ym_d20_h03_pm05.png,frames/expandedworld/H60_ym_d20_h03_pm05.depth.npy
expandedworld/H60_ym_d20_h03_pm15,H60_ym_d20_h03_pm15,expandedworld,H60,S1,circle,0.1323,0.2052,0,,ym,2.0,0.3,-15.0,2.2253,2.0197,1.9973,2515,169,19,556,235,724,253,3264,0,749,0.2295,0.0,0.0,554,230,728,255,1256,1,1,28,frames/expandedworld/H60_ym_d20_h03_pm15.png,frames/expandedworld/H60_ym_d20_h03_pm15.depth.npy
expandedworld/H60_ym_d20_h03_pp05,H60_ym_d20_h03_pp05,expandedworld,H60,S1,circle,0.1323,0.2052,0,,ym,2.0,0.3,5.0,2.2253,2.0197,1.9973,2662,172,20,554,564,725,583,3405,0,743,0.2182,0.0,0.0,552,559,729,585,1244,1,1,26,frames/expandedworld/H60_ym_d20_h03_pp05.png,frames/expandedworld/H60_ym_d20_h03_pp05.depth.npy
expandedworld/H60_ym_d20_h06_pm05,H60_ym_d20_h06_pm05,expandedworld,H60,S1,circle,0.1323,0.2052,0,,ym,2.0,0.6,-5.0,2.2852,2.0855,1.9973,5439,170,42,555,511,724,552,6180,0,741,0.1199,0.0,0.0,555,507,726,554,1222,1,1,32,frames/expandedworld/H60_ym_d20_h06_pm05.png,frames/expandedworld/H60_ym_d20_h06_pm05.depth.npy
expandedworld/H60_ym_d20_h06_pm15,H60_ym_d20_h06_pm15,expandedworld,H60,S1,circle,0.1323,0.2052,0,,ym,2.0,0.6,-15.0,2.2852,2.0855,1.9973,5160,167,41,556,347,722,387,5837,0,677,0.116,0.0,0.0,556,343,725,388,1214,1,1,32,frames/expandedworld/H60_ym_d20_h06_pm15.png,frames/expandedworld/H60_ym_d20_h06_pm15.depth.npy
expandedworld/H60_ym_d20_h06_pp05,H60_ym_d20_h06_pp05,expandedworld,H60,S1,circle,0.1323,0.2052,0,,ym,2.0,0.6,5.0,2.2852,2.0855,1.9973,5216,178,36,551,684,728,719,5936,0,720,0.1213,0.0,0.0,551,680,730,731,750,1,1,32,frames/expandedworld/H60_ym_d20_h06_pp05.png,frames/expandedworld/H60_ym_d20_h06_pp05.depth.npy
expandedworld/H60_ym_d20_h10_pm05,H60_ym_d20_h10_pm05,expandedworld,H60,S1,circle,0.1323,0.2052,0,,ym,2.0,1.0,-5.0,2.4212,2.2336,1.9973,8496,168,62,556,658,723,719,9156,0,660,0.0721,0.0,0.0,556,654,725,729,770,1,1,37,frames/expandedworld/H60_ym_d20_h10_pm05.png,frames/expandedworld/H60_ym_d20_h10_pm05.depth.npy
expandedworld/H60_ym_d20_h10_pm15,H60_ym_d20_h10_pm15,expandedworld,H60,S1,circle,0.1323,0.2052,0,,ym,2.0,1.0,-15.0,2.4212,2.2336,1.9973,7866,160,65,560,486,719,550,8467,0,601,0.071,0.0,0.0,560,483,721,552,1315,1,1,37,frames/expandedworld/H60_ym_d20_h10_pm15.png,frames/expandedworld/H60_ym_d20_h10_pm15.depth.npy
expandedworld/H60_ym_d20_h15_pm15,H60_ym_d20_h15_pm15,expandedworld,H60,S1,circle,0.1323,0.2052,0,,ym,2.0,1.5,-15.0,2.6668,2.4978,1.9973,9302,152,74,564,646,715,719,9850,0,548,0.0556,0.0,0.0,564,643,717,735,680,1,1,51,frames/expandedworld/H60_ym_d20_h15_pm15.png,frames/expandedworld/H60_ym_d20_h15_pm15.depth.npy
expandedworld/H60_ym_d30_h03_pm05,H60_ym_d30_h03_pm05,expandedworld,H60,S1,circle,0.1323,0.2052,0,,ym,3.0,0.3,-5.0,3.219,3.0123,2.9973,713,114,9,583,363,696,371,1024,0,311,0.3037,0.0,0.0,581,360,700,372,874,1,1,23,frames/expandedworld/H60_ym_d30_h03_pm05.png,frames/expandedworld/H60_ym_d30_h03_pm05.depth.npy
expandedworld/H60_ym_d30_h03_pm15,H60_ym_d30_h03_pm15,expandedworld,H60,S1,circle,0.1323,0.2052,0,,ym,3.0,0.3,-15.0,3.219,3.0123,2.9973,741,116,9,582,199,697,207,1080,0,339,0.3139,0.0,0.0,580,196,701,208,892,1,1,23,frames/expandedworld/H60_ym_d30_h03_pm15.png,frames/expandedworld/H60_ym_d30_h03_pm15.depth.npy
expandedworld/H60_ym_d30_h03_pp05,H60_ym_d30_h03_pp05,expandedworld,H60,S1,circle,0.1323,0.2052,0,,ym,3.0,0.3,5.0,3.219,3.0123,2.9973,744,114,9,583,527,696,535,1084,0,340,0.3137,0.0,0.0,580,524,701,537,877,1,1,24,frames/expandedworld/H60_ym_d30_h03_pp05.png,frames/expandedworld/H60_ym_d30_h03_pp05.depth.npy
expandedworld/H60_ym_d30_h06_pm05,H60_ym_d30_h06_pm05,expandedworld,H60,S1,circle,0.1323,0.2052,0,,ym,3.0,0.6,-5.0,3.2607,3.0568,2.9973,1699,116,19,581,444,696,462,2033,0,334,0.1643,0.0,0.0,581,441,700,464,847,1,1,34,frames/expandedworld/H60_ym_d30_h06_pm05.png,frames/expandedworld/H60_ym_d30_h06_pm05.depth.npy
expandedworld/H60_ym_d30_h06_pm15,H60_ym_d30_h06_pm15,expandedworld,H60,S1,circle,0.1323,0.2052,0,,ym,3.0,0.6,-15.0,3.2607,3.0568,2.9973,1689,115,19,582,281,696,299,2029,0,340,0.1676,0.0,0.0,581,278,700,301,839,1,1,32,frames/expandedworld/H60_ym_d30_h06_pm15.png,frames/expandedworld/H60_ym_d30_h06_pm15.depth.npy
expandedworld/H60_ym_d30_h06_pp05,H60_ym_d30_h06_pp05,expandedworld,H60,S1,circle,0.1323,0.2052,0,,ym,3.0,0.6,5.0,3.2607,3.0568,2.9973,1866,121,21,579,612,699,632,2254,0,388,0.1721,0.0,0.0,579,609,702,633,870,1,1,34,frames/expandedworld/H60_ym_d30_h06_pp05.png,frames/expandedworld/H60_ym_d30_h06_pp05.depth.npy
expandedworld/H60_ym_d30_h10_pm05,H60_ym_d30_h10_pm05,expandedworld,H60,S1,circle,0.1323,0.2052,0,,ym,3.0,1.0,-5.0,3.3574,3.1597,2.9973,2935,116,33,582,549,697,581,3282,0,347,0.1057,0.0,0.0,582,547,699,583,886,1,1,37,frames/expandedworld/H60_ym_d30_h10_pm05.png,frames/expandedworld/H60_ym_d30_h10_pm05.depth.npy
expandedworld/H60_ym_d30_h10_pm15,H60_ym_d30_h10_pm15,expandedworld,H60,S1,circle,0.1323,0.2052,0,,ym,3.0,1.0,-15.0,3.3574,3.1597,2.9973,2735,114,32,583,384,696,415,3039,0,304,0.1,0.0,0.0,583,382,698,417,868,1,1,38,frames/expandedworld/H60_ym_d30_h10_pm15.png,frames/expandedworld/H60_ym_d30_h10_pm15.depth.npy
expandedworld/H60_ym_d30_h15_pm05,H60_ym_d30_h15_pm05,expandedworld,H60,S1,circle,0.1323,0.2052,0,,ym,3.0,1.5,-5.0,3.5386,3.3517,2.9973,3924,114,42,583,678,696,719,4260,0,336,0.0789,0.0,0.0,582,676,698,729,546,1,1,50,frames/expandedworld/H60_ym_d30_h15_pm05.png,frames/expandedworld/H60_ym_d30_h15_pm05.depth.npy
expandedworld/H60_ym_d30_h15_pm15,H60_ym_d30_h15_pm15,expandedworld,H60,S1,circle,0.1323,0.2052,0,,ym,3.0,1.5,-15.0,3.5386,3.3517,2.9973,3793,110,45,585,506,694,550,4098,0,305,0.0744,0.0,0.0,585,503,696,551,877,1,1,51,frames/expandedworld/H60_ym_d30_h15_pm15.png,frames/expandedworld/H60_ym_d30_h15_pm15.depth.npy
expandedworld/H60_ym_d30_h20_pm15,H60_ym_d30_h20_pm15,expandedworld,H60,S1,circle,0.1323,0.2052,0,,ym,3.0,2.0,-15.0,3.7778,3.6033,2.9973,4605,106,57,587,618,692,674,4863,0,258,0.0531,0.0,0.0,587,616,694,676,892,1,1,56,frames/expandedworld/H60_ym_d30_h20_pm15.png,frames/expandedworld/H60_ym_d30_h20_pm15.depth.npy
expandedworld/H60_ym_d40_h03_pm05,H60_ym_d40_h03_pm05,expandedworld,H60,S1,circle,0.1323,0.2052,0,,ym,4.0,0.3,-5.0,4.2157,4.0085,3.9973,262,82,4,599,344,680,347,455,0,193,0.4242,0.0,0.0,594,342,686,349,660,1,1,26,frames/expandedworld/H60_ym_d40_h03_pm05.png,frames/expandedworld/H60_ym_d40_h03_pm05.depth.npy
expandedworld/H60_ym_d40_h03_pm15,H60_ym_d40_h03_pm15,expandedworld,H60,S1,circle,0.1323,0.2052,0,,ym,4.0,0.3,-15.0,4.2157,4.0085,3.9973,294,86,5,597,179,682,183,495,0,201,0.4061,0.0,0.0,594,177,687,184,658,1,1,26,frames/expandedworld/H60_ym_d40_h03_pm15.png,frames/expandedworld/H60_ym_d40_h03_pm15.depth.npy
expandedworld/H60_ym_d40_h03_pp05,H60_ym_d40_h03_pp05,expandedworld,H60,S1,circle,0.1323,0.2052,0,,ym,4.0,0.3,5.0,4.2157,4.0085,3.9973,270,80,4,600,508,679,511,463,0,193,0.4168,0.0,0.0,594,505,687,513,679,1,1,26,frames/expandedworld/H60_ym_d40_h03_pp05.png,frames/expandedworld/H60_ym_d40_h03_pp05.depth.npy
expandedworld/H60_ym_d40_h06_pm05,H60_ym_d40_h06_pm05,expandedworld,H60,S1,circle,0.1323,0.2052,0,,ym,4.0,0.6,-5.0,4.2476,4.0421,3.9973,706,88,10,596,407,683,416,916,0,210,0.2293,0.0,0.0,595,404,686,418,671,1,1,36,frames/expandedworld/H60_ym_d40_h06_pm05.png,frames/expandedworld/H60_ym_d40_h06_pm05.depth.npy
expandedworld/H60_ym_d40_h06_pm15,H60_ym_d40_h06_pm15,expandedworld,H60,S1,circle,0.1323,0.2052,0,,ym,4.0,0.6,-15.0,4.2476,4.0421,3.9973,707,88,10,596,244,683,253,900,0,193,0.2144,0.0,0.0,595,241,686,255,693,1,1,35,frames/expandedworld/H60_ym_d40_h06_pm15.png,frames/expandedworld/H60_ym_d40_h06_pm15.depth.npy
expandedworld/H60_ym_d40_h06_pp05,H60_ym_d40_h06_pp05,expandedworld,H60,S1,circle,0.1323,0.2052,0,,ym,4.0,0.6,5.0,4.2476,4.0421,3.9973,767,91,11,594,573,684,583,966,0,199,0.206,0.0,0.0,594,570,687,585,670,1,1,35,frames/expandedworld/H60_ym_d40_h06_pp05.png,frames/expandedworld/H60_ym_d40_h06_pp05.depth.npy
expandedworld/H60_ym_d40_h10_pm05,H60_ym_d40_h10_pm05,expandedworld,H60,S1,circle,0.1323,0.2052,0,,ym,4.0,1.0,-5.0,4.3223,4.1205,3.9973,1280,88,19,596,489,683,507,1474,0,194,0.1316,0.0,0.0,595,487,685,509,676,1,1,38,frames/expandedworld/H60_ym_d40_h10_pm05.png,frames/expandedworld/H60_ym_d40_h10_pm05.depth.npy
expandedworld/H60_ym_d40_h10_pm15,H60_ym_d40_h10_pm15,expandedworld,H60,S1,circle,0.1323,0.2052,0,,ym,4.0,1.0,-15.0,4.3223,4.1205,3.9973,1237,88,18,596,326,683,343,1423,0,186,0.1307,0.0,0.0,596,323,685,345,675,1,1,39,frames/expandedworld/H60_ym_d40_h10_pm15.png,frames/expandedworld/H60_ym_d40_h10_pm15.depth.npy
expandedworld/H60_ym_d40_h10_pp05,H60_ym_d40_h10_pp05,expandedworld,H60,S1,circle,0.1323,0.2052,0,,ym,4.0,1.0,5.0,4.3223,4.1205,3.9973,1443,92,20,594,661,685,680,1656,0,213,0.1286,0.0,0.0,593,658,687,682,715,1,1,38,frames/expandedworld/H60_ym_d40_h10_pp05.png,frames/expandedworld/H60_ym_d40_h10_pp05.depth.npy
expandedworld/H60_ym_d40_h15_pm05,H60_ym_d40_h15_pm05,expandedworld,H60,S1,circle,0.1323,0.2052,0,,ym,4.0,1.5,-5.0,4.4645,4.2695,3.9973,1942,88,29,596,590,683,618,2144,0,202,0.0942,0.0,0.0,596,588,685,620,701,1,1,47,frames/expandedworld/H60_ym_d40_h15_pm05.png,frames/expandedworld/H60_ym_d40_h15_pm05.depth.npy
expandedworld/H60_ym_d40_h15_pm15,H60_ym_d40_h15_pm15,expandedworld,H60,S1,circle,0.1323,0.2052,0,,ym,4.0,1.5,-15.0,4.4645,4.2695,3.9973,1775,86,28,597,423,682,450,1954,0,179,0.0916,0.0,0.0,597,421,684,451,672,1,1,49,frames/expandedworld/H60_ym_d40_h15_pm15.png,frames/expandedworld/H60_ym_d40_h15_pm15.depth.npy
expandedworld/H60_ym_d40_h20_pm05,H60_ym_d40_h20_pm05,expandedworld,H60,S1,circle,0.1323,0.2052,0,,ym,4.0,2.0,-5.0,4.6564,4.4697,3.9973,2192,88,30,596,690,683,719,2384,0,192,0.0805,0.0,0.0,596,688,685,729,370,1,1,58,frames/expandedworld/H60_ym_d40_h20_pm05.png,frames/expandedworld/H60_ym_d40_h20_pm05.depth.npy
expandedworld/H60_ym_d40_h20_pm15,H60_ym_d40_h20_pm15,expandedworld,H60,S1,circle,0.1323,0.2052,0,,ym,4.0,2.0,-15.0,4.6564,4.4697,3.9973,2228,83,35,598,516,680,550,2409,0,181,0.0751,0.0,0.0,598,514,682,551,673,1,1,58,frames/expandedworld/H60_ym_d40_h20_pm15.png,frames/expandedworld/H60_ym_d40_h20_pm15.depth.npy
expandedworld/H60_ym_d60_h03_pm05,H60_ym_d60_h03_pm05,expandedworld,H60,S1,circle,0.1323,0.2052,0,,ym,6.0,0.3,-5.0,6.2122,6.0048,5.9973,54,54,1,613,324,666,324,150,0,96,0.64,0.0,0.0,609,322,671,326,462,1,1,26,frames/expandedworld/H60_ym_d60_h03_pm05.png,frames/expandedworld/H60_ym_d60_h03_pm05.depth.npy
expandedworld/H60_ym_d60_h03_pm15,H60_ym_d60_h03_pm15,expandedworld,H60,S1,circle,0.1323,0.2052,0,,ym,6.0,0.3,-15.0,6.2122,6.0048,5.9973,73,40,2,620,158,659,159,151,0,78,0.5166,0.0,0.0,608,156,672,160,481,1,1,26,frames/expandedworld/H60_ym_d60_h03_pm15.png,frames/expandedworld/H60_ym_d60_h03_pm15.depth.npy
expandedworld/H60_ym_d60_h03_pp05,H60_ym_d60_h03_pp05,expandedworld,H60,S1,circle,0.1323,0.2052,0,,ym,6.0,0.3,5.0,6.2122,6.0048,5.9973,64,44,2,618,487,661,488,139,0,75,0.5396,0.0,0.0,609,485,672,489,465,1,1,26,frames/expandedworld/H60_ym_d60_h03_pp05.png,frames/expandedworld/H60_ym_d60_h03_pp05.depth.npy
expandedworld/H60_ym_d60_h06_pm05,H60_ym_d60_h06_pm05,expandedworld,H60,S1,circle,0.1323,0.2052,0,,ym,6.0,0.6,-5.0,6.2339,6.0272,5.9973,195,57,5,611,367,667,371,277,0,82,0.296,0.0,0.0,609,365,671,372,467,1,1,37,frames/expandedworld/H60_ym_d60_h06_pm05.png,frames/expandedworld/H60_ym_d60_h06_pm05.depth.npy
expandedworld/H60_ym_d60_h06_pm15,H60_ym_d60_h06_pm15,expandedworld,H60,S1,circle,0.1323,0.2052,0,,ym,6.0,0.6,-15.0,6.2339,6.0272,5.9973,211,60,5,610,203,669,207,294,0,83,0.2823,0.0,0.0,609,201,672,208,463,1,1,36,frames/expandedworld/H60_ym_d60_h06_pm15.png,frames/expandedworld/H60_ym_d60_h06_pm15.depth.npy
expandedworld/H60_ym_d60_h06_pp05,H60_ym_d60_h06_pp05,expandedworld,H60,S1,circle,0.1323,0.2052,0,,ym,6.0,0.6,5.0,6.2339,6.0272,5.9973,196,58,4,611,532,668,535,306,0,110,0.3595,0.0,0.0,609,530,672,537,472,1,1,37,frames/expandedworld/H60_ym_d60_h06_pp05.png,frames/expandedworld/H60_ym_d60_h06_pp05.depth.npy
expandedworld/H60_ym_d60_h10_pm05,H60_ym_d60_h10_pm05,expandedworld,H60,S1,circle,0.1323,0.2052,0,,ym,6.0,1.0,-5.0,6.2851,6.0801,5.9973,372,60,9,610,424,669,432,464,0,92,0.1983,0.0,0.0,609,423,671,433,481,1,1,39,frames/expandedworld/H60_ym_d60_h10_pm05.png,frames/expandedworld/H60_ym_d60_h10_pm05.depth.npy
expandedworld/H60_ym_d60_h10_pm15,H60_ym_d60_h10_pm15,expandedworld,H60,S1,circle,0.1323,0.2052,0,,ym,6.0,1.0,-15.0,6.2851,6.0801,5.9973,385,60,9,610,261,669,269,481,0,96,0.1996,0.0,0.0,609,260,671,270,468,1,1,40,frames/expandedworld/H60_ym_d60_h10_pm15.png,frames/expandedworld/H60_ym_d60_h10_pm15.depth.npy
expandedworld/H60_ym_d60_h10_pp05,H60_ym_d60_h10_pp05,expandedworld,H60,S1,circle,0.1323,0.2052,0,,ym,6.0,1.0,5.0,6.2851,6.0801,5.9973,411,62,9,609,591,670,599,505,0,94,0.1861,0.0,0.0,608,589,672,601,495,1,1,39,frames/expandedworld/H60_ym_d60_h10_pp05.png,frames/expandedworld/H60_ym_d60_h10_pp05.depth.npy
expandedworld/H60_ym_d60_h15_pm05,H60_ym_d60_h15_pm05,expandedworld,H60,S1,circle,0.1323,0.2052,0,,ym,6.0,1.5,-5.0,6.3837,6.182,5.9973,596,60,13,610,495,669,507,684,0,88,0.1287,0.0,0.0,609,493,671,509,465,1,1,45,frames/expandedworld/H60_ym_d60_h15_pm05.png,frames/expandedworld/H60_ym_d60_h15_pm05.depth.npy
expandedworld/H60_ym_d60_h15_pm15,H60_ym_d60_h15_pm15,expandedworld,H60,S1,circle,0.1323,0.2052,0,,ym,6.0,1.5,-15.0,6.3837,6.182,5.9973,567,59,12,610,332,668,343,662,0,95,0.1435,0.0,0.0,610,330,671,345,460,1,1,45,frames/expandedworld/H60_ym_d60_h15_pm15.png,frames/expandedworld/H60_ym_d60_h15_pm15.depth.npy
expandedworld/H60_ym_d60_h15_pp05,H60_ym_d60_h15_pp05,expandedworld,H60,S1,circle,0.1323,0.2052,0,,ym,6.0,1.5,5.0,6.3837,6.182,5.9973,679,62,14,609,667,670,680,777,0,98,0.1261,0.0,0.0,608,665,672,682,482,1,1,43,frames/expandedworld/H60_ym_d60_h15_pp05.png,frames/expandedworld/H60_ym_d60_h15_pp05.depth.npy
expandedworld/H60_ym_d60_h20_pm05,H60_ym_d60_h20_pm05,expandedworld,H60,S1,circle,0.1323,0.2052,0,,ym,6.0,2.0,-5.0,6.5194,6.322,5.9973,805,60,17,610,565,669,581,902,0,97,0.1075,0.0,0.0,610,563,671,583,479,1,1,51,frames/expandedworld/H60_ym_d60_h20_pm05.png,frames/expandedworld/H60_ym_d60_h20_pm05.depth.npy
expandedworld/H60_ym_d60_h20_pm15,H60_ym_d60_h20_pm15,expandedworld,H60,S1,circle,0.1323,0.2052,0,,ym,6.0,2.0,-15.0,6.5194,6.322,5.9973,757,58,17,611,399,668,415,844,0,87,0.1031,0.0,0.0,610,397,670,417,481,1,1,54,frames/expandedworld/H60_ym_d60_h20_pm15.png,frames/expandedworld/H60_ym_d60_h20_pm15.depth.npy
expandedworld/H60_ym_d80_h03_pm05,H60_ym_d80_h03_pm05,expandedworld,H60,S1,circle,0.1323,0.2052,0,,ym,8.0,0.3,-5.0,8.2105,8.0029,7.9973,22,22,1,629,313,650,313,66,0,44,0.6667,0.0,0.0,616,311,664,314,347,1,1,28,frames/expandedworld/H60_ym_d80_h03_pm05.png,frames/expandedworld/H60_ym_d80_h03_pm05.depth.npy
expandedworld/H60_ym_d80_h03_pm15,H60_ym_d80_h03_pm15,expandedworld,H60,S1,circle,0.1323,0.2052,0,,ym,8.0,0.3,-15.0,8.2105,8.0029,7.9973,14,14,1,633,147,646,147,65,0,51,0.7846,0.0,0.0,616,145,665,148,366,1,1,27,frames/expandedworld/H60_ym_d80_h03_pm15.png,frames/expandedworld/H60_ym_d80_h03_pm15.depth.npy
expandedworld/H60_ym_d80_h03_pp05,H60_ym_d80_h03_pp05,expandedworld,H60,S1,circle,0.1323,0.2052,0,,ym,8.0,0.3,5.0,8.2105,8.0029,7.9973,34,34,1,623,476,656,476,76,0,42,0.5526,0.0,0.0,616,475,664,477,365,1,1,28,frames/expandedworld/H60_ym_d80_h03_pp05.png,frames/expandedworld/H60_ym_d80_h03_pp05.depth.npy
expandedworld/H60_ym_d80_h06_pm05,H60_ym_d80_h06_pm05,expandedworld,H60,S1,circle,0.1323,0.2052,0,,ym,8.0,0.6,-5.0,8.2269,8.0198,7.9973,70,42,2,619,346,660,347,120,0,50,0.4167,0.0,0.0,616,345,664,349,352,1,1,38,frames/expandedworld/H60_ym_d80_h06_pm05.png,frames/expandedworld/H60_ym_d80_h06_pm05.depth.npy
expandedworld/H60_ym_d80_h06_pm15,H60_ym_d80_h06_pm15,expandedworld,H60,S1,circle,0.1323,0.2052,0,,ym,8.0,0.6,-15.0,8.2269,8.0198,7.9973,72,42,3,619,181,660,183,138,0,66,0.4783,0.0,0.0,616,180,664,184,366,1,1,40,frames/expandedworld/H60_ym_d80_h06_pm15.png,frames/expandedworld/H60_ym_d80_h06_pm15.depth.npy
expandedworld/H60_ym_d80_h06_pp05,H60_ym_d80_h06_pp05,expandedworld,H60,S1,circle,0.1323,0.2052,0,,ym,8.0,0.6,5.0,8.2269,8.0198,7.9973,74,40,2,620,510,659,511,124,0,50,0.4032,0.0,0.0,616,508,664,513,358,1,1,40,frames/expandedworld/H60_ym_d80_h06_pp05.png,frames/expandedworld/H60_ym_d80_h06_pp05.depth.npy
expandedworld/H60_ym_d80_h10_pm05,H60_ym_d80_h10_pm05,expandedworld,H60,S1,circle,0.1323,0.2052,0,,ym,8.0,1.0,-5.0,8.2657,8.0596,7.9973,153,44,5,618,390,661,394,201,0,48,0.2388,0.0,0.0,617,388,664,395,359,1,1,44,frames/expandedworld/H60_ym_d80_h10_pm05.png,frames/expandedworld/H60_ym_d80_h10_pm05.depth.npy
expandedworld/H60_ym_d80_h10_pm15,H60_ym_d80_h10_pm15,expandedworld,H60,S1,circle,0.1323,0.2052,0,,ym,8.0,1.0,-15.0,8.2657,8.0596,7.9973,150,44,4,618,227,661,230,200,0,50,0.25,0.0,0.0,616,225,664,232,364,1,1,44,frames/expandedworld/H60_ym_d80_h10_pm15.png,frames/expandedworld/H60_ym_d80_h10_pm15.depth.npy
expandedworld/H60_ym_d80_h10_pp05,H60_ym_d80_h10_pp05,expandedworld,H60,S1,circle,0.1323,0.2052,0,,ym,8.0,1.0,5.0,8.2657,8.0596,7.9973,165,46,5,617,555,662,559,221,0,56,0.2534,0.0,0.0,616,554,664,561,370,1,1,42,frames/expandedworld/H60_ym_d80_h10_pp05.png,frames/expandedworld/H60_ym_d80_h10_pp05.depth.npy
expandedworld/H60_ym_d80_h15_pm05,H60_ym_d80_h15_pm05,expandedworld,H60,S1,circle,0.1323,0.2052,0,,ym,8.0,1.5,-5.0,8.341,8.1368,7.9973,248,44,8,618,444,661,451,297,0,49,0.165,0.0,0.0,617,443,664,452,376,1,1,45,frames/expandedworld/H60_ym_d80_h15_pm05.png,frames/expandedworld/H60_ym_d80_h15_pm05.depth.npy
expandedworld/H60_ym_d80_h15_pm15,H60_ym_d80_h15_pm15,expandedworld,H60,S1,circle,0.1323,0.2052,0,,ym,8.0,1.5,-15.0,8.341,8.1368,7.9973,247,44,8,618,281,661,288,306,0,59,0.1928,0.0,0.0,617,280,664,289,363,1,1,49,frames/expandedworld/H60_ym_d80_h15_pm15.png,frames/expandedworld/H60_ym_d80_h15_pm15.depth.npy
expandedworld/H60_ym_d80_h15_pp05,H60_ym_d80_h15_pp05,expandedworld,H60,S1,circle,0.1323,0.2052,0,,ym,8.0,1.5,5.0,8.341,8.1368,7.9973,264,47,7,616,613,662,619,318,0,54,0.1698,0.0,0.0,616,611,664,621,377,1,1,46,frames/expandedworld/H60_ym_d80_h15_pp05.png,frames/expandedworld/H60_ym_d80_h15_pp05.depth.npy
expandedworld/H60_ym_d80_h20_pm05,H60_ym_d80_h20_pm05,expandedworld,H60,S1,circle,0.1323,0.2052,0,,ym,8.0,2.0,-5.0,8.4452,8.2436,7.9973,346,45,10,617,498,661,507,401,0,55,0.1372,0.0,0.0,617,497,664,509,357,1,1,51,frames/expandedworld/H60_ym_d80_h20_pm05.png,frames/expandedworld/H60_ym_d80_h20_pm05.depth.npy
expandedworld/H60_ym_d80_h20_pm15,H60_ym_d80_h20_pm15,expandedworld,H60,S1,circle,0.1323,0.2052,0,,ym,8.0,2.0,-15.0,8.4452,8.2436,7.9973,328,45,9,617,335,661,343,379,0,51,0.1346,0.0,0.0,617,333,663,345,374,1,1,56,frames/expandedworld/H60_ym_d80_h20_pm15.png,frames/expandedworld/H60_ym_d80_h20_pm15.depth.npy
expandedworld/H60_ym_d80_h20_pp05,H60_ym_d80_h20_pp05,expandedworld,H60,S1,circle,0.1323,0.2052,0,,ym,8.0,2.0,5.0,8.4452,8.2436,7.9973,382,47,10,616,671,662,680,446,0,64,0.1435,0.0,0.0,616,669,665,682,394,1,1,52,frames/expandedworld/H60_ym_d80_h20_pp05.png,frames/expandedworld/H60_ym_d80_h20_pp05.depth.npy
expandedworld/H98_occ314_e06_h03_pm15,H98_occ314_e06_h03_pm15,expandedworld,H98,S2,square,0.0625,0.141,1,aws_robomaker_warehouse_ShelfE_01_001,occ,7.262,0.3,-15.0,9.2257,9.1007,9.0958,0,0,0,-1,-1,-1,-1,26,0,26,1.0,0.0,,626,142,654,144,218,1,1,15,frames/expandedworld/H98_occ314_e06_h03_pm15.png,frames/expandedworld/H98_occ314_e06_h03_pm15.depth.npy
expandedworld/H98_occ314_e06_h06_pm05,H98_occ314_e06_h06_pm05,expandedworld,H98,S2,square,0.0625,0.141,1,aws_robomaker_warehouse_ShelfE_01_001,occ,7.262,0.6,-5.0,9.2403,9.1156,9.0958,11,11,1,627,339,637,339,50,27,12,0.78,0.54,0.0,627,338,653,341,221,1,1,17,frames/expandedworld/H98_occ314_e06_h06_pm05.png,frames/expandedworld/H98_occ314_e06_h06_pm05.depth.npy
expandedworld/H98_occ314_e06_h15_pm15,H98_occ314_e06_h15_pm15,expandedworld,H98,S2,square,0.0625,0.141,1,aws_robomaker_warehouse_ShelfE_01_001,occ,7.262,1.5,-15.0,9.342,9.2187,9.0958,0,0,0,-1,-1,-1,-1,100,100,0,1.0,1.0,,627,264,653,269,235,1,0,21,frames/expandedworld/H98_occ314_e06_h15_pm15.png,frames/expandedworld/H98_occ314_e06_h15_pm15.depth.npy
expandedworld/H98_occ314_e12_h03_pm05,H98_occ314_e12_h03_pm05,expandedworld,H98,S2,square,0.0625,0.141,1,aws_robomaker_warehouse_ShelfE_01_001,occ,7.862,0.3,-5.0,9.8254,9.7004,9.6958,0,0,0,-1,-1,-1,-1,0,0,0,,,,628,306,653,308,197,1,1,14,frames/expandedworld/H98_occ314_e12_h03_pm05.png,frames/expandedworld/H98_occ314_e12_h03_pm05.depth.npy
expandedworld/H98_yp_d03_h03_pm15,H98_yp_d03_h03_pm15,expandedworld,H98,S2,square,0.0625,0.141,0,,yp,0.3,0.3,-15.0,0.5202,0.4242,0.3,52006,477,121,400,599,876,719,58900,0,6894,0.117,0.0,0.0,323,585,957,898,2104,1,1,24,frames/expandedworld/H98_yp_d03_h03_pm15.png,frames/expandedworld/H98_yp_d03_h03_pm15.depth.npy
expandedworld/H98_yp_d05_h03_pm05,H98_yp_d05_h03_pm05,expandedworld,H98,S2,square,0.0625,0.141,0,,yp,0.5,0.3,-5.0,0.6933,0.5831,0.5,22069,356,67,461,653,816,719,26365,0,4296,0.1629,0.0,0.0,417,641,863,814,1537,1,1,25,frames/expandedworld/H98_yp_d05_h03_pm05.png,frames/expandedworld/H98_yp_d05_h03_pm05.depth.npy
expandedworld/H98_yp_d05_h03_pm15,H98_yp_d05_h03_pm15,expandedworld,H98,S2,square,0.0625,0.141,0,,yp,0.5,0.3,-15.0,0.6933,0.5831,0.5,50000,403,144,437,482,839,625,54651,0,4651,0.0851,0.0,0.1438,432,471,848,627,3709,1,1,24,frames/expandedworld/H98_yp_d05_h03_pm15.png,frames/expandedworld/H98_yp_d05_h03_pm15.depth.npy
expandedworld/H98_yp_d07_h03_pm05,H98_yp_d07_h03_pm05,expandedworld,H98,S2,square,0.0625,0.141,0,,yp,0.7,0.3,-5.0,0.8778,0.7616,0.7,24888,312,90,483,576,794,665,27778,0,2890,0.104,0.0,0.0,479,566,801,667,2768,1,1,24,frames/expandedworld/H98_yp_d07_h03_pm05.png,frames/expandedworld/H98_yp_d07_h03_pm05.depth.npy
expandedworld/H98_yp_d07_h03_pm15,H98_yp_d07_h03_pm15,expandedworld,H98,S2,square,0.0625,0.141,0,,yp,0.7,0.3,-15.0,0.8778,0.7616,0.7,22459,300,84,489,410,788,493,25231,0,2772,0.1099,0.0,0.0,485,401,795,495,2585,1,1,24,frames/expandedworld/H98_yp_d07_h03_pm15.png,frames/expandedworld/H98_yp_d07_h03_pm15.depth.npy
expandedworld/H98_yp_d07_h06_pm15,H98_yp_d07_h06_pm15,expandedworld,H98,S2,square,0.0625,0.141,0,,yp,0.7,0.6,-15.0,1.0201,0.9219,0.7,14490,242,63,518,657,759,719,16190,0,1700,0.105,0.0,0.0,500,649,780,807,1091,1,1,29,frames/expandedworld/H98_yp_d07_h06_pm15.png,frames/expandedworld/H98_yp_d07_h06_pm15.depth.npy
expandedworld/H98_yp_d10_h03_pm05,H98_yp_d10_h03_pm05,expandedworld,H98,S2,square,0.0625,0.141,0,,yp,1.0,0.3,-5.0,1.1643,1.044,1.0,9521,221,47,529,506,749,552,11095,0,1574,0.1419,0.0,0.0,526,499,754,553,1900,1,1,24,frames/expandedworld/H98_yp_d10_h03_pm05.png,frames/expandedworld/H98_yp_d10_h03_pm05.depth.npy
expandedworld/H98_yp_d10_h03_pm15,H98_yp_d10_h03_pm15,expandedworld,H98,S2,square,0.0625,0.141,0,,yp,1.0,0.3,-15.0,1.1643,1.044,1.0,8984,217,45,531,343,747,387,10525,0,1541,0.1464,0.0,0.0,528,335,752,388,1866,1,1,25,frames/expandedworld/H98_yp_d10_h03_pm15.png,frames/expandedworld/H98_yp_d10_h03_pm15.depth.npy
expandedworld/H98_yp_d10_h03_pp05,H98_yp_d10_h03_pp05,expandedworld,H98,S2,square,0.0625,0.141,0,,yp,1.0,0.3,5.0,1.1643,1.044,1.0,8539,224,41,527,679,750,719,10333,0,1794,0.1736,0.0,0.0,520,671,760,731,903,1,1,25,frames/expandedworld/H98_yp_d10_h03_pp05.png,frames/expandedworld/H98_yp_d10_h03_pp05.depth.npy
expandedworld/H98_yp_d10_h06_pm05,H98_yp_d10_h06_pm05,expandedworld,H98,S2,square,0.0625,0.141,0,,yp,1.0,0.6,-5.0,1.275,1.1662,1.0,362,181,2,549,718,729,719,1632,0,1270,0.7782,0.0,0.0,528,710,752,814,622,1,1,27,frames/expandedworld/H98_yp_d10_h06_pm05.png,frames/expandedworld/H98_yp_d10_h06_pm05.depth.npy
expandedworld/H98_yp_d10_h06_pm15,H98_yp_d10_h06_pm15,expandedworld,H98,S2,square,0.0625,0.141,0,,yp,1.0,0.6,-15.0,1.275,1.1662,1.0,16002,205,85,537,541,741,625,17218,0,1216,0.0706,0.0,0.1597,536,534,744,627,1998,1,1,29,frames/expandedworld/H98_yp_d10_h06_pm15.png,frames/expandedworld/H98_yp_d10_h06_pm15.depth.npy
expandedworld/H98_yp_d15_h03_pm05,H98_yp_d15_h03_pm05,expandedworld,H98,S2,square,0.0625,0.141,0,,yp,1.5,0.3,-5.0,1.6525,1.5297,1.5,2951,149,21,565,442,713,462,3700,0,749,0.2024,0.0,0.0,563,436,717,463,1241,1,1,25,frames/expandedworld/H98_yp_d15_h03_pm05.png,frames/expandedworld/H98_yp_d15_h03_pm05.depth.npy
expandedworld/H98_yp_d15_h03_pm15,H98_yp_d15_h03_pm15,expandedworld,H98,S2,square,0.0625,0.141,0,,yp,1.5,0.3,-15.0,1.6525,1.5297,1.5,2943,147,21,566,279,712,299,3692,0,749,0.2029,0.0,0.0,563,274,717,300,1215,1,1,25,frames/expandedworld/H98_yp_d15_h03_pm15.png,frames/expandedworld/H98_yp_d15_h03_pm15.depth.npy
expandedworld/H98_yp_d15_h03_pp05,H98_yp_d15_h03_pp05,expandedworld,H98,S2,square,0.0625,0.141,0,,yp,1.5,0.3,5.0,1.6525,1.5297,1.5,3190,153,22,563,610,715,631,3967,0,777,0.1959,0.0,0.0,560,604,720,633,1261,1,1,24,frames/expandedworld/H98_yp_d15_h03_pp05.png,frames/expandedworld/H98_yp_d15_h03_pp05.depth.npy
expandedworld/H98_yp_d15_h06_pm05,H98_yp_d15_h06_pm05,expandedworld,H98,S2,square,0.0625,0.141,0,,yp,1.5,0.6,-5.0,1.7322,1.6155,1.5,6277,149,45,565,596,713,640,7003,0,726,0.1037,0.0,0.0,564,590,716,642,1378,1,1,28,frames/expandedworld/H98_yp_d15_h06_pm05.png,frames/expandedworld/H98_yp_d15_h06_pm05.depth.npy
expandedworld/H98_yp_d15_h06_pm15,H98_yp_d15_h06_pm15,expandedworld,H98,S2,square,0.0625,0.141,0,,yp,1.5,0.6,-15.0,1.7322,1.6155,1.5,5670,143,42,568,429,710,470,6372,0,702,0.1102,0.0,0.0,567,423,713,472,1346,1,1,28,frames/expandedworld/H98_yp_d15_h06_pm15.png,frames/expandedworld/H98_yp_d15_h06_pm15.depth.npy
expandedworld/H98_yp_d15_h10_pm15,H98_yp_d15_h10_pm15,expandedworld,H98,S2,square,0.0625,0.141,0,,yp,1.5,1.0,-15.0,1.908,1.8028,1.5,8422,135,66,572,609,706,674,8951,0,529,0.0591,0.0,0.2562,571,605,709,675,1420,1,1,38,frames/expandedworld/H98_yp_d15_h10_pm15.png,frames/expandedworld/H98_yp_d15_h10_pm15.depth.npy
expandedworld/H98_yp_d20_h03_pm05,H98_yp_d20_h03_pm05,expandedworld,H98,S2,square,0.0625,0.141,0,,yp,2.0,0.3,-5.0,2.1461,2.0224,2.0,1181,111,11,584,406,694,416,1630,0,449,0.2755,0.0,0.0,582,402,698,418,910,1,1,26,frames/expandedworld/H98_yp_d20_h03_pm05.png,frames/expandedworld/H98_yp_d20_h03_pm05.depth.npy
expandedworld/H98_yp_d20_h03_pm15,H98_yp_d20_h03_pm15,expandedworld,H98,S2,square,0.0625,0.141,0,,yp,2.0,0.3,-15.0,2.1461,2.0224,2.0,1188,112,11,584,243,695,253,1644,0,456,0.2774,0.0,0.0,582,238,698,255,918,1,1,26,frames/expandedworld/H98_yp_d20_h03_pm15.png,frames/expandedworld/H98_yp_d20_h03_pm15.depth.npy
expandedworld/H98_yp_d20_h03_pp05,H98_yp_d20_h03_pp05,expandedworld,H98,S2,square,0.0625,0.141,0,,yp,2.0,0.3,5.0,2.1461,2.0224,2.0,1324,115,12,582,572,696,583,1788,0,464,0.2595,0.0,0.0,580,568,700,585,937,1,1,26,frames/expandedworld/H98_yp_d20_h03_pp05.png,frames/expandedworld/H98_yp_d20_h03_pp05.depth.npy
expandedworld/H98_yp_d20_h06_pm05,H98_yp_d20_h06_pm05,expandedworld,H98,S2,square,0.0625,0.141,0,,yp,2.0,0.6,-5.0,2.2081,2.0881,2.0,2790,113,26,583,527,695,552,3231,0,441,0.1365,0.0,0.0,583,523,697,553,1018,1,1,29,frames/expandedworld/H98_yp_d20_h06_pm05.png,frames/expandedworld/H98_yp_d20_h06_pm05.depth.npy
expandedworld/H98_yp_d20_h06_pm15,H98_yp_d20_h06_pm15,expandedworld,H98,S2,square,0.0625,0.141,0,,yp,2.0,0.6,-15.0,2.2081,2.0881,2.0,2635,110,25,585,363,694,387,3074,0,439,0.1428,0.0,0.0,584,358,696,388,984,1,1,29,frames/expandedworld/H98_yp_d20_h06_pm15.png,frames/expandedworld/H98_yp_d20_h06_pm15.depth.npy
expandedworld/H98_yp_d20_h06_pp05,H98_yp_d20_h06_pp05,expandedworld,H98,S2,square,0.0625,0.141,0,,yp,2.0,0.6,5.0,2.2081,2.0881,2.0,1990,114,18,583,702,696,719,2443,0,453,0.1854,0.0,0.0,580,697,700,731,478,1,1,29,frames/expandedworld/H98_yp_d20_h06_pp05.png,frames/expandedworld/H98_yp_d20_h06_pp05.depth.npy
expandedworld/H98_yp_d20_h10_pm05,H98_yp_d20_h10_pm05,expandedworld,H98,S2,square,0.0625,0.141,0,,yp,2.0,1.0,-5.0,2.3485,2.2361,2.0,3776,109,36,585,684,693,719,4200,0,424,0.101,0.0,0.0,584,679,696,729,581,1,1,37,frames/expandedworld/H98_yp_d20_h10_pm05.png,frames/expandedworld/H98_yp_d20_h10_pm05.depth.npy
expandedworld/H98_yp_d20_h10_pm15,H98_yp_d20_h10_pm15,expandedworld,H98,S2,square,0.0625,0.141,0,,yp,2.0,1.0,-15.0,2.3485,2.2361,2.0,4135,106,41,587,510,692,550,4448,0,313,0.0704,0.0,0.023,586,506,694,551,1039,1,1,39,frames/expandedworld/H98_yp_d20_h10_pm15.png,frames/expandedworld/H98_yp_d20_h10_pm15.depth.npy
expandedworld/H98_yp_d20_h15_pm15,H98_yp_d20_h15_pm15,expandedworld,H98,S2,square,0.0625,0.141,0,,yp,2.0,1.5,-15.0,2.6011,2.5,2.0,3962,98,42,591,678,688,719,4254,0,292,0.0686,0.0,0.1373,589,675,691,734,558,1,1,44,frames/expandedworld/H98_yp_d20_h15_pm15.png,frames/expandedworld/H98_yp_d20_h15_pm15.depth.npy
expandedworld/H98_yp_d40_h03_pm05,H98_yp_d40_h03_pm05,expandedworld,H98,S2,square,0.0625,0.141,0,,yp,4.0,0.3,-5.0,4.1359,4.0112,4.0,56,56,1,612,347,667,347,224,0,168,0.75,0.0,0.0,610,344,670,349,453,1,1,22,frames/expandedworld/H98_yp_d40_h03_pm05.png,frames/expandedworld/H98_yp_d40_h03_pm05.depth.npy
expandedworld/H98_yp_d40_h03_pm15,H98_yp_d40_h03_pm15,expandedworld,H98,S2,square,0.0625,0.141,0,,yp,4.0,0.3,-15.0,4.1359,4.0112,4.0,113,57,2,611,182,667,183,230,0,117,0.5087,0.0,0.0,610,179,670,184,469,1,1,25,frames/expandedworld/H98_yp_d40_h03_pm15.png,frames/expandedworld/H98_yp_d40_h03_pm15.depth.npy
expandedworld/H98_yp_d40_h03_pp05,H98_yp_d40_h03_pp05,expandedworld,H98,S2,square,0.0625,0.141,0,,yp,4.0,0.3,5.0,4.1359,4.0112,4.0,112,56,2,612,510,667,511,228,0,116,0.5088,0.0,0.0,610,508,670,513,459,1,1,22,frames/expandedworld/H98_yp_d40_h03_pp05.png,frames/expandedworld/H98_yp_d40_h03_pp05.depth.npy
expandedworld/H98_yp_d40_h06_pm05,H98_yp_d40_h06_pm05,expandedworld,H98,S2,square,0.0625,0.141,0,,yp,4.0,0.6,-5.0,4.1684,4.0447,4.0,279,56,5,612,412,667,416,446,0,167,0.3744,0.0,0.0,611,409,669,418,483,1,1,29,frames/expandedworld/H98_yp_d40_h06_pm05.png,frames/expandedworld/H98_yp_d40_h06_pm05.depth.npy
expandedworld/H98_yp_d40_h06_pm15,H98_yp_d40_h06_pm15,expandedworld,H98,S2,square,0.0625,0.141,0,,yp,4.0,0.6,-15.0,4.1684,4.0447,4.0,335,57,6,611,248,667,253,450,0,115,0.2556,0.0,0.0,611,246,669,255,479,1,1,31,frames/expandedworld/H98_yp_d40_h06_pm15.png,frames/expandedworld/H98_yp_d40_h06_pm15.depth.npy
expandedworld/H98_yp_d40_h06_pp05,H98_yp_d40_h06_pp05,expandedworld,H98,S2,square,0.0625,0.141,0,,yp,4.0,0.6,5.0,4.1684,4.0447,4.0,344,58,6,611,578,668,583,458,0,114,0.2489,0.0,0.0,610,575,670,585,501,1,1,28,frames/expandedworld/H98_yp_d40_h06_pp05.png,frames/expandedworld/H98_yp_d40_h06_pp05.depth.npy
expandedworld/H98_yp_d40_h10_pm05,H98_yp_d40_h10_pm05,expandedworld,H98,S2,square,0.0625,0.141,0,,yp,4.0,1.0,-5.0,4.2445,4.1231,4.0,610,57,11,611,497,667,507,722,0,112,0.1551,0.0,0.0,611,494,669,509,518,1,1,31,frames/expandedworld/H98_yp_d40_h10_pm05.png,frames/expandedworld/H98_yp_d40_h10_pm05.depth.npy
expandedworld/H98_yp_d40_h10_pm15,H98_yp_d40_h10_pm15,expandedworld,H98,S2,square,0.0625,0.141,0,,yp,4.0,1.0,-15.0,4.2445,4.1231,4.0,603,56,11,612,333,667,343,714,0,111,0.1555,0.0,0.0,611,331,669,345,506,1,1,33,frames/expandedworld/H98_yp_d40_h10_pm15.png,frames/expandedworld/H98_yp_d40_h10_pm15.depth.npy
expandedworld/H98_yp_d40_h10_pp05,H98_yp_d40_h10_pp05,expandedworld,H98,S2,square,0.0625,0.141,0,,yp,4.0,1.0,5.0,4.2445,4.1231,4.0,694,59,12,610,669,668,680,812,0,118,0.1453,0.0,0.0,610,666,670,682,533,1,1,31,frames/expandedworld/H98_yp_d40_h10_pp05.png,frames/expandedworld/H98_yp_d40_h10_pp05.depth.npy
expandedworld/H98_yp_d40_h15_pm05,H98_yp_d40_h15_pm05,expandedworld,H98,S2,square,0.0625,0.141,0,,yp,4.0,1.5,-5.0,4.3893,4.272,4.0,933,56,17,612,602,667,618,1044,0,111,0.1063,0.0,0.0,611,599,669,620,548,1,1,42,frames/expandedworld/H98_yp_d40_h15_pm05.png,frames/expandedworld/H98_yp_d40_h15_pm05.depth.npy
expandedworld/H98_yp_d40_h15_pm15,H98_yp_d40_h15_pm15,expandedworld,H98,S2,square,0.0625,0.141,0,,yp,4.0,1.5,-15.0,4.3893,4.272,4.0,903,54,17,613,434,666,450,1010,0,107,0.1059,0.0,0.0,612,432,668,451,530,1,1,45,frames/expandedworld/H98_yp_d40_h15_pm15.png,frames/expandedworld/H98_yp_d40_h15_pm15.depth.npy
expandedworld/H98_yp_d40_h20_pm05,H98_yp_d40_h20_pm05,expandedworld,H98,S2,square,0.0625,0.141,0,,yp,4.0,2.0,-5.0,4.5843,4.4721,4.0,808,54,15,613,705,666,719,916,0,108,0.1179,0.0,0.0,612,702,668,729,274,1,1,47,frames/expandedworld/H98_yp_d40_h20_pm05.png,frames/expandedworld/H98_yp_d40_h20_pm05.depth.npy
expandedworld/H98_yp_d40_h20_pm15,H98_yp_d40_h20_pm15,expandedworld,H98,S2,square,0.0625,0.141,0,,yp,4.0,2.0,-15.0,4.5843,4.4721,4.0,1135,53,22,613,529,665,550,1190,0,55,0.0462,0.0,0.0441,613,527,667,551,560,1,1,46,frames/expandedworld/H98_yp_d40_h20_pm15.png,frames/expandedworld/H98_yp_d40_h20_pm15.depth.npy
expandedworld/H98_yp_d60_h03_pm05,H98_yp_d60_h03_pm05,expandedworld,H98,S2,square,0.0625,0.141,0,,yp,6.0,0.3,-5.0,6.1323,6.0075,6.0,0,0,0,-1,-1,-1,-1,76,0,76,1.0,0.0,,620,323,660,326,309,1,1,19,frames/expandedworld/H98_yp_d60_h03_pm05.png,frames/expandedworld/H98_yp_d60_h03_pm05.depth.npy
expandedworld/H98_yp_d60_h03_pm15,H98_yp_d60_h03_pm15,expandedworld,H98,S2,square,0.0625,0.141,0,,yp,6.0,0.3,-15.0,6.1323,6.0075,6.0,38,38,1,621,159,658,159,78,0,40,0.5128,0.0,0.0,620,157,660,160,319,1,1,20,frames/expandedworld/H98_yp_d60_h03_pm15.png,frames/expandedworld/H98_yp_d60_h03_pm15.depth.npy
expandedworld/H98_yp_d60_h03_pp05,H98_yp_d60_h03_pp05,expandedworld,H98,S2,square,0.0625,0.141,0,,yp,6.0,0.3,5.0,6.1323,6.0075,6.0,38,38,1,621,488,658,488,78,0,40,0.5128,0.0,0.0,620,486,660,489,319,1,1,19,frames/expandedworld/H98_yp_d60_h03_pp05.png,frames/expandedworld/H98_yp_d60_h03_pp05.depth.npy
expandedworld/H98_yp_d60_h06_pm05,H98_yp_d60_h06_pm05,expandedworld,H98,S2,square,0.0625,0.141,0,,yp,6.0,0.6,-5.0,6.1543,6.0299,6.0,114,38,3,621,369,658,371,152,0,38,0.25,0.0,0.0,620,367,660,372,323,1,1,31,frames/expandedworld/H98_yp_d60_h06_pm05.png,frames/expandedworld/H98_yp_d60_h06_pm05.depth.npy
expandedworld/H98_yp_d60_h06_pm15,H98_yp_d60_h06_pm15,expandedworld,H98,S2,square,0.0625,0.141,0,,yp,6.0,0.6,-15.0,6.1543,6.0299,6.0,114,38,3,621,205,658,207,154,0,40,0.2597,0.0,0.0,620,203,660,208,335,1,1,30,frames/expandedworld/H98_yp_d60_h06_pm15.png,frames/expandedworld/H98_yp_d60_h06_pm15.depth.npy
expandedworld/H98_yp_d60_h06_pp05,H98_yp_d60_h06_pp05,expandedworld,H98,S2,square,0.0625,0.141,0,,yp,6.0,0.6,5.0,6.1543,6.0299,6.0,76,38,2,621,534,658,535,154,0,78,0.5065,0.0,0.0,620,532,660,537,335,1,1,29,frames/expandedworld/H98_yp_d60_h06_pp05.png,frames/expandedworld/H98_yp_d60_h06_pp05.depth.npy
expandedworld/H98_yp_d60_h10_pm05,H98_yp_d60_h10_pm05,expandedworld,H98,S2,square,0.0625,0.141,0,,yp,6.0,1.0,-5.0,6.2061,6.0828,6.0,189,38,5,621,428,658,432,228,0,39,0.1711,0.0,0.0,620,426,660,433,323,1,1,36,frames/expandedworld/H98_yp_d60_h10_pm05.png,frames/expandedworld/H98_yp_d60_h10_pm05.depth.npy
expandedworld/H98_yp_d60_h10_pm15,H98_yp_d60_h10_pm15,expandedworld,H98,S2,square,0.0625,0.141,0,,yp,6.0,1.0,-15.0,6.2061,6.0828,6.0,189,38,5,621,265,658,269,228,0,39,0.1711,0.0,0.0,620,263,660,270,323,1,1,35,frames/expandedworld/H98_yp_d60_h10_pm15.png,frames/expandedworld/H98_yp_d60_h10_pm15.depth.npy
expandedworld/H98_yp_d60_h10_pp05,H98_yp_d60_h10_pp05,expandedworld,H98,S2,square,0.0625,0.141,0,,yp,6.0,1.0,5.0,6.2061,6.0828,6.0,192,39,5,620,595,658,599,232,0,40,0.1724,0.0,0.0,620,593,660,601,345,1,1,32,frames/expandedworld/H98_yp_d60_h10_pp05.png,frames/expandedworld/H98_yp_d60_h10_pp05.depth.npy
expandedworld/H98_yp_d60_h15_pm05,H98_yp_d60_h15_pm05,expandedworld,H98,S2,square,0.0625,0.141,0,,yp,6.0,1.5,-5.0,6.306,6.1847,6.0,264,38,7,621,501,658,507,338,0,74,0.2189,0.0,0.0,620,499,660,509,346,1,1,42,frames/expandedworld/H98_yp_d60_h15_pm05.png,frames/expandedworld/H98_yp_d60_h15_pm05.depth.npy
expandedworld/H98_yp_d60_h15_pm15,H98_yp_d60_h15_pm15,expandedworld,H98,S2,square,0.0625,0.141,0,,yp,6.0,1.5,-15.0,6.306,6.1847,6.0,258,38,7,621,337,658,343,296,0,38,0.1284,0.0,0.0,621,335,659,345,343,1,1,44,frames/expandedworld/H98_yp_d60_h15_pm15.png,frames/expandedworld/H98_yp_d60_h15_pm15.depth.npy
expandedworld/H98_yp_d60_h15_pp05,H98_yp_d60_h15_pp05,expandedworld,H98,S2,square,0.0625,0.141,0,,yp,6.0,1.5,5.0,6.306,6.1847,6.0,312,40,8,620,673,659,680,390,0,78,0.2,0.0,0.0,620,671,660,682,371,1,1,37,frames/expandedworld/H98_yp_d60_h15_pp05.png,frames/expandedworld/H98_yp_d60_h15_pp05.depth.npy
expandedworld/H98_yp_d60_h20_pm05,H98_yp_d60_h20_pm05,expandedworld,H98,S2,square,0.0625,0.141,0,,yp,6.0,2.0,-5.0,6.4433,6.3245,6.0,370,38,10,621,572,658,581,408,0,38,0.0931,0.0,0.0,621,570,659,583,364,1,1,49,frames/expandedworld/H98_yp_d60_h20_pm05.png,frames/expandedworld/H98_yp_d60_h20_pm05.depth.npy
expandedworld/H98_yp_d60_h20_pm15,H98_yp_d60_h20_pm15,expandedworld,H98,S2,square,0.0625,0.141,0,,yp,6.0,2.0,-15.0,6.4433,6.3245,6.0,360,36,10,622,406,657,415,396,0,36,0.0909,0.0,0.0,621,404,659,416,358,1,1,51,frames/expandedworld/H98_yp_d60_h20_pm15.png,frames/expandedworld/H98_yp_d60_h20_pm15.depth.npy
expandedworld/H98_yp_d80_h03_pm05,H98_yp_d80_h03_pm05,expandedworld,H98,S2,square,0.0625,0.141,0,,yp,8.0,0.3,-5.0,8.1305,8.0056,8.0,0,0,0,-1,-1,-1,-1,30,0,30,1.0,0.0,,625,312,655,314,240,1,1,16,frames/expandedworld/H98_yp_d80_h03_pm05.png,frames/expandedworld/H98_yp_d80_h03_pm05.depth.npy
expandedworld/H98_yp_d80_h03_pm15,H98_yp_d80_h03_pm15,expandedworld,H98,S2,square,0.0625,0.141,0,,yp,8.0,0.3,-15.0,8.1305,8.0056,8.0,0,0,0,-1,-1,-1,-1,58,0,58,1.0,0.0,,625,146,655,148,249,1,1,17,frames/expandedworld/H98_yp_d80_h03_pm15.png,frames/expandedworld/H98_yp_d80_h03_pm15.depth.npy
expandedworld/H98_yp_d80_h03_pp05,H98_yp_d80_h03_pp05,expandedworld,H98,S2,square,0.0625,0.141,0,,yp,8.0,0.3,5.0,8.1305,8.0056,8.0,0,0,0,-1,-1,-1,-1,30,0,30,1.0,0.0,,625,475,655,477,240,1,1,16,frames/expandedworld/H98_yp_d80_h03_pp05.png,frames/expandedworld/H98_yp_d80_h03_pp05.depth.npy
expandedworld/H98_yp_d80_h06_pm05,H98_yp_d80_h06_pm05,expandedworld,H98,S2,square,0.0625,0.141,0,,yp,8.0,0.6,-5.0,8.1471,8.0225,8.0,28,28,1,626,347,653,347,56,0,28,0.5,0.0,0.0,625,346,655,349,251,1,1,30,frames/expandedworld/H98_yp_d80_h06_pm05.png,frames/expandedworld/H98_yp_d80_h06_pm05.depth.npy
expandedworld/H98_yp_d80_h06_pm15,H98_yp_d80_h06_pm15,expandedworld,H98,S2,square,0.0625,0.141,0,,yp,8.0,0.6,-15.0,8.1471,8.0225,8.0,29,29,1,625,183,653,183,58,0,29,0.5,0.0,0.0,625,181,655,184,249,1,1,30,frames/expandedworld/H98_yp_d80_h06_pm15.png,frames/expandedworld/H98_yp_d80_h06_pm15.depth.npy
expandedworld/H98_yp_d80_h06_pp05,H98_yp_d80_h06_pp05,expandedworld,H98,S2,square,0.0625,0.141,0,,yp,8.0,0.6,5.0,8.1471,8.0225,8.0,28,28,1,626,511,653,511,58,0,30,0.5172,0.0,0.0,625,510,655,513,249,1,1,29,frames/expandedworld/H98_yp_d80_h06_pp05.png,frames/expandedworld/H98_yp_d80_h06_pp05.depth.npy
expandedworld/H98_yp_d80_h10_pm05,H98_yp_d80_h10_pm05,expandedworld,H98,S2,square,0.0625,0.141,0,,yp,8.0,1.0,-5.0,8.1863,8.0623,8.0,84,28,3,626,392,653,394,112,0,28,0.25,0.0,0.0,625,391,655,395,253,1,1,35,frames/expandedworld/H98_yp_d80_h10_pm05.png,frames/expandedworld/H98_yp_d80_h10_pm05.depth.npy
expandedworld/H98_yp_d80_h10_pm15,H98_yp_d80_h10_pm15,expandedworld,H98,S2,square,0.0625,0.141,0,,yp,8.0,1.0,-15.0,8.1863,8.0623,8.0,56,28,2,626,229,653,230,84,0,28,0.3333,0.0,0.0,625,227,655,232,260,1,1,34,frames/expandedworld/H98_yp_d80_h10_pm15.png,frames/expandedworld/H98_yp_d80_h10_pm15.depth.npy
expandedworld/H98_yp_d80_h10_pp05,H98_yp_d80_h10_pp05,expandedworld,H98,S2,square,0.0625,0.141,0,,yp,8.0,1.0,5.0,8.1863,8.0623,8.0,59,30,2,625,558,654,559,116,0,57,0.4914,0.0,0.0,625,556,655,561,263,1,1,33,frames/expandedworld/H98_yp_d80_h10_pp05.png,frames/expandedworld/H98_yp_d80_h10_pp05.depth.npy
expandedworld/H98_yp_d80_h15_pm05,H98_yp_d80_h15_pm05,expandedworld,H98,S2,square,0.0625,0.141,0,,yp,8.0,1.5,-5.0,8.2623,8.1394,8.0,112,28,4,626,448,653,451,168,0,56,0.3333,0.0,0.0,625,446,655,452,267,1,1,41,frames/expandedworld/H98_yp_d80_h15_pm05.png,frames/expandedworld/H98_yp_d80_h15_pm05.depth.npy
expandedworld/H98_yp_d80_h15_pm15,H98_yp_d80_h15_pm15,expandedworld,H98,S2,square,0.0625,0.141,0,,yp,8.0,1.5,-15.0,8.2623,8.1394,8.0,112,28,4,626,285,653,288,140,0,28,0.2,0.0,0.0,625,283,655,289,260,1,1,40,frames/expandedworld/H98_yp_d80_h15_pm15.png,frames/expandedworld/H98_yp_d80_h15_pm15.depth.npy
expandedworld/H98_yp_d80_h15_pp05,H98_yp_d80_h15_pp05,expandedworld,H98,S2,square,0.0625,0.141,0,,yp,8.0,1.5,5.0,8.2623,8.1394,8.0,118,30,4,625,616,654,619,148,0,30,0.2027,0.0,0.0,625,614,655,621,268,1,1,39,frames/expandedworld/H98_yp_d80_h15_pp05.png,frames/expandedworld/H98_yp_d80_h15_pp05.depth.npy
expandedworld/H98_yp_d80_h20_pm05,H98_yp_d80_h20_pm05,expandedworld,H98,S2,square,0.0625,0.141,0,,yp,8.0,2.0,-5.0,8.3675,8.2462,8.0,168,28,6,626,502,653,507,196,0,28,0.1429,0.0,0.0,625,501,655,509,274,1,1,45,frames/expandedworld/H98_yp_d80_h20_pm05.png,frames/expandedworld/H98_yp_d80_h20_pm05.depth.npy
expandedworld/H98_yp_d80_h20_pm15,H98_yp_d80_h20_pm15,expandedworld,H98,S2,square,0.0625,0.141,0,,yp,8.0,2.0,-15.0,8.3675,8.2462,8.0,140,28,5,626,339,653,343,168,0,28,0.1667,0.0,0.0,625,337,655,345,267,1,1,47,frames/expandedworld/H98_yp_d80_h20_pm15.png,frames/expandedworld/H98_yp_d80_h20_pm15.depth.npy
expandedworld/H98_yp_d80_h20_pp05,H98_yp_d80_h20_pp05,expandedworld,H98,S2,square,0.0625,0.141,0,,yp,8.0,2.0,5.0,8.3675,8.2462,8.0,179,30,6,625,675,654,680,210,0,31,0.1476,0.0,0.0,625,673,655,682,274,1,1,42,frames/expandedworld/H98_yp_d80_h20_pp05.png,frames/expandedworld/H98_yp_d80_h20_pp05.depth.npy
