scene,arm,frame_id,cond,round,d,h_rel,pitch,yaw,finite_frac,inf_frac,p05,p25,p50,p75,p95,max_finite,min_finite,sat_frac,mean_norm,std_norm,frac_band1,frac_band2,frac_band3a,frac_band3b,vgrad_mean,vgrad_p99,hgrad_mean
scene05,on,on/scene05/L0__s20260819__0000.png,L0,260819_main_on,2.8577,0.4583,-13.6144,1.6463,0.9935990547839506,0.006400945216049383,0.857421875,1.138671875,6.25390625,10.6875,25.4375,26.28125,0.79736328125,0.28811873070987654,0.5761164426803589,0.39269551634788513,0.38164641203703703,0.0,0.1988917824074074,0.22946807484567902,0.07112083584070206,0.7800445556640625,0.006666563916951418
scene05,on,on/scene05/L0__s20260819__0001.png,L0,260819_main_on,9.829,1.8292,-15.173,12.161,0.9815195794753087,0.018480420524691357,3.357421875,4.3359375,6.28515625,16.578125,31.78125,143.75,3.146484375,0.3418137538580247,0.6845819354057312,0.258942574262619,0.0,0.34165171682098766,0.2825728202160494,0.041831597222222225,0.09049788862466812,1.890625,0.05272820219397545
scene05,on,on/scene05/L0__s20260819__0002.png,L0,260819_main_on,10.1547,1.6412,-10.3814,-5.3811,0.9111689814814815,0.08883101851851852,3.408203125,4.55078125,6.72265625,19.53125,33.625,137.25,3.19921875,0.4394994212962963,0.7354074120521545,0.26201769709587097,0.0,0.2781954089506173,0.2405589313271605,0.04699363425925926,0.07166851311922073,1.28125,0.04056252911686897
scene05,on,on/scene05/L0__s20260819__0003.png,L0,260819_main_on,5.261,1.0966,-16.5946,2.3699,0.9829301697530864,0.01706983024691358,1.8935546875,2.431640625,3.759765625,12.0703125,17.953125,28.59375,1.7685546875,0.3829224537037037,0.6037451028823853,0.3622247278690338,0.0959201388888889,0.42846257716049385,0.0014067322530864198,0.20260320216049382,0.06181151792407036,0.2421875,0.004315337631851435
scene05,on,on/scene05/L0__s20260819__0004.png,L0,260819_main_on,2.7145,0.777,-12.9429,6.4312,0.9825757137345679,0.017424286265432097,2.34765625,5.1015625,7.62109375,11.671875,25.390625,27.09375,1.3955078125,0.39068528163580246,0.7357729077339172,0.2707342207431793,0.015396412037037037,0.21855034722222222,0.27412229938271604,0.2472849151234568,0.06105094775557518,0.80859375,0.007876181975007057
scene05,on,on/scene05/L0__s20260819__0005.png,L0,260819_main_on,1.4988,0.8292,-7.0259,1.6918,0.9707016782407407,0.02929832175925926,4.5546875,5.9609375,9.6875,13.8203125,25.125,25.5625,4.07421875,0.49473042052469135,0.8271243572235107,0.21469464898109436,0.0,0.15985243055555556,0.18771122685185185,0.30407648533950615,0.04319515824317932,0.2734375,0.010340998880565166
scene05,on,on/scene05/L0__s20260819__0006.png,L0,260819_main_on,4.3849,1.788,-7.598,-3.6478,0.9162852044753086,0.08371479552469135,6.609375,8.7265625,12.3828125,27.0625,28.265625,131.75,4.67578125,0.7088445216049383,0.9341654777526855,0.11896853893995285,0.0,0.004013792438271605,0.17938368055555556,0.2588377700617284,0.02984260767698288,0.1796875,0.004418971948325634
scene05,on,on/scene05/L0__s20260819__0007.png,L0,260819_main_on,3.4946,1.3272,-11.0887,-6.1282,0.9610228587962963,0.03897714120370371,5.0546875,6.79296875,10.609375,14.046875,26.953125,133.125,2.517578125,0.5538315007716049,0.8549534678459167,0.19112728536128998,0.0,0.04194203317901234,0.30625723379629627,0.25535831404320986,0.04252194985747337,0.2109375,0.0054248021915555
scene05,on,on/scene05/L0__s20260820__0000.png::boost_e,L0,260820_boost_e_on,7.0354,1.4098,-10.3105,7.3985,0.9313464506172839,0.06865354938271605,2.994140625,4.01953125,11.25,17.28125,30.53125,137.0,2.81640625,0.5709698109567901,0.7469168305397034,0.2998340427875519,0.0,0.35105420524691355,0.07510609567901234,0.060268614969135804,0.05416356772184372,0.1796875,0.017163105309009552
scene05,on,on/scene05/L0__s20260820__0001.png::boost_e,L0,260820_boost_e_on,9.8857,1.8889,-5.7189,0.3564,0.8547294560185185,0.14527054398148148,4.6484375,6.078125,8.015625,20.203125,33.71875,132.875,4.23828125,0.5337557870370371,0.819815456867218,0.20771658420562744,0.0,0.0852367862654321,0.3413527199074074,0.041182002314814815,0.10841543972492218,3.78515625,0.05832171067595482
scene05,on,on/scene05/L0__s20260820__0002.png::boost_e,L0,260820_boost_e_on,7.7708,1.8283,-5.4996,-9.2457,0.9053496334876543,0.09465036651234568,4.078125,5.04296875,12.3359375,19.4375,31.9375,142.875,3.671875,0.6075761959876543,0.8080416321754456,0.24941447377204895,0.0,0.22072771990740742,0.15920669367283952,0.06397858796296296,0.12196075171232224,4.2281646728515625,0.07238306105136871
scene05,on,on/scene05/L0__s20260820__0003.png::boost_e,L0,260820_boost_e_on,6.3099,1.864,-7.8027,0.1237,0.9042640817901234,0.09573591820987655,4.296875,9.40625,13.3671875,29.171875,30.0625,128.5,3.775390625,0.7300800540123457,0.9010346531867981,0.2012847661972046,0.0,0.13945794753086418,0.03255497685185185,0.17786024305555556,0.04454940930008888,1.24609375,0.005314630921930075
scene05,on,on/scene05/L0__s20260820__0004.png::boost_e,L0,260820_boost_e_on,6.1605,1.5229,-6.9904,-7.3983,0.8984587191358024,0.10154128086419753,3.470703125,4.953125,13.390625,27.6875,30.109375,140.75,2.849609375,0.6696166087962963,0.8449541330337524,0.25573378801345825,0.0,0.22637201003086418,0.02912326388888889,0.13745273919753087,0.0508434996008873,0.265625,0.011169889941811562
scene05,on,on/scene05/L0__s20260820__0005.png::boost_e,L0,260820_boost_e_on,6.2772,1.7325,-9.9958,-4.8864,0.921586612654321,0.07841338734567901,3.671875,4.93359375,12.6328125,17.609375,29.921875,134.625,3.33984375,0.6443735532407407,0.8408032059669495,0.25244587659835815,0.0,0.2362379436728395,0.03315489969135803,0.16128809799382715,0.04893974959850311,0.2109375,0.004458803217858076
scene05,on,on/scene05/L0__s20260820__0006.png::boost_e,L0,260820_boost_e_on,9.7574,1.6425,-12.8982,-6.3539,0.9596137152777777,0.04038628472222222,3.18359375,4.1953125,6.390625,17.4375,32.71875,139.0,2.91015625,0.3903096064814815,0.6980279684066772,0.2716704308986664,0.0,0.3371706211419753,0.23988618827160493,0.03913773148148148,0.07177291065454483,1.557891845703125,0.04864010587334633
scene05,on,on/scene05/L0__s20260820__0007.png::boost_e,L0,260820_boost_e_on,7.4493,1.5405,-11.43,-6.2709,0.9303568672839506,0.06964313271604938,3.146484375,4.1640625,11.0859375,17.234375,30.890625,137.5,2.84765625,0.5567173032407408,0.7482096552848816,0.2908880412578583,0.0,0.32859230324074074,0.11319974922839506,0.049389949845679015,0.052290547639131546,0.16796875,0.0031252421904355288
scene05,on,on/scene05/L0__s20260821__0000.png::boost_e2,L0,260820_boost_e2_on,7.9689,0.7313,-9.2269,3.34,0.9343918788580247,0.06560812114197531,1.59375,2.177734375,4.01171875,16.390625,31.15625,133.125,1.47265625,0.39089265046296295,0.5737748742103577,0.3583144545555115,0.18819396219135803,0.3525380979938272,0.06691550925925926,0.002184124228395062,0.07133925706148148,0.503204345703125,0.02340974472463131
scene05,on,on/scene05/L0__s20260821__0001.png::boost_e2,L0,260820_boost_e2_on,7.0431,0.3694,-11.2173,-11.6748,0.9508039158950617,0.049196084104938274,0.740234375,0.99560546875,1.75,6.203125,29.078125,107.375,0.6943359375,0.27618586033950615,0.4085325300693512,0.3835490942001343,0.5144748263888889,0.1794087577160494,0.025734471450617285,0.0049797453703703705,0.08722178637981415,3.0078125,0.024530136957764626
scene05,on,on/scene05/L0__s20260821__0002.png::boost_e2,L0,260820_boost_e2_on,5.9617,0.3643,-15.7704,1.4372,0.9999898726851851,1.0127314814814815e-05,0.6484375,0.841796875,1.3408203125,3.291015625,15.8359375,29.0,0.61279296875,0.20082658179012347,0.31483662128448486,0.3525688350200653,0.6406751543209876,0.15846064814814814,3.7615740740740744e-05,0.0022381365740740742,0.07001479715108871,0.234375,0.000589720846619457
scene05,on,on/scene05/L0__s20260821__0003.png::boost_e2,L0,260820_boost_e2_on,8.7159,0.486,-13.9288,9.5381,0.9779923804012346,0.022007619598765432,0.8857421875,1.1708984375,1.9580078125,4.85546875,29.65625,136.75,0.830078125,0.2014597800925926,0.3781854808330536,0.34118661284446716,0.49657359182098765,0.24484278549382715,0.05517361111111111,0.0024324845679012347,0.07300686836242676,0.7044219970703125,0.017630502581596375
scene05,on,on/scene05/L0__s20260821__0004.png::boost_e2,L0,260820_boost_e2_on,4.5329,0.3786,-5.7278,-7.1228,0.9281139081790123,0.07188609182098765,0.9111328125,1.3330078125,3.0546875,15.546875,28.296875,99.375,0.80126953125,0.5211930941358025,0.5988972187042236,0.4242240786552429,0.36951099537037035,0.1045191936728395,0.0,0.07189814814814814,0.06826604902744293,0.17072296142578125,0.003771335119381547
scene05,on,on/scene05/L0__s20260821__0005.png::boost_e2,L0,260820_boost_e2_on,5.4495,0.3125,-4.1908,-7.725,0.9009346064814815,0.09906539351851852,0.80810546875,1.1904296875,2.923828125,17.390625,29.4375,81.0,0.7412109375,0.5000679976851852,0.579885721206665,0.4252985417842865,0.37916184413580245,0.11891493055555556,0.000662133487654321,0.01968653549382716,0.06898065656423569,0.28515625,0.00116618478205055
scene05,on,on/scene05/L0__s20260821__0006.png::boost_e2,L0,260820_boost_e2_on,5.8797,0.5826,-4.6329,-0.5322,0.8959317129629629,0.10406828703703704,1.486328125,2.154296875,12.0859375,18.03125,29.5625,50.40625,1.314453125,0.5655054012345679,0.6690365076065063,0.38197848200798035,0.1935204475308642,0.2401977237654321,0.0005478395061728395,0.012408371913580248,0.06421560049057007,0.17578125,0.002531132660806179
scene05,on,on/scene05/L0__s20260821__0007.png::boost_e2,L0,260820_boost_e2_on,5.4524,0.7239,-3.79,-2.1479,0.8783415316358024,0.12165846836419753,1.8984375,2.7890625,12.203125,19.328125,29.3125,127.125,1.740234375,0.6407822145061728,0.7455524802207947,0.351785272359848,0.07114293981481482,0.27274836033950617,0.0,0.05799093364197531,0.06137172877788544,0.296875,0.001802758895792067
scene05,off,off/scene05/L0__s20260819__0000.png,L0,260819_main_off,2.8577,0.4583,-13.6144,1.6463,0.9777382330246913,0.02226176697530864,0.85302734375,1.126953125,1.8876953125,5.72265625,25.78125,96.25,0.7939453125,0.2152295524691358,0.3884650468826294,0.3571892976760864,0.5092848186728395,0.2065986689814815,0.05167824074074074,0.028694058641975308,0.068577840924263,0.78125,0.0008702953346073627
scene05,off,off/scene05/L0__s20260819__0001.png,L0,260819_main_off,9.829,1.8292,-15.173,12.161,0.9815195794753087,0.018480420524691357,3.357421875,4.3359375,6.28515625,12.453125,31.953125,143.75,3.146484375,0.31081018518518516,0.6819327473640442,0.2563132643699646,0.0,0.3418315972222222,0.2823804012345679,0.10521219135802469,0.09049351513385773,1.7734375,0.05239478126168251
scene05,off,off/scene05/L0__s20260819__0002.png,L0,260819_main_off,10.1547,1.6412,-10.3814,-5.3811,0.9111689814814815,0.08883101851851852,3.408203125,4.55078125,6.72265625,20.765625,33.71875,137.25,3.19921875,0.4248731674382716,0.7346210479736328,0.2613702118396759,0.0,0.2784215856481482,0.2405714699074074,0.08863377700617284,0.07166778296232224,0.9921875,0.04036615788936615
scene05,off,off/scene05/L0__s20260819__0003.png,L0,260819_main_off,5.261,1.0966,-16.5946,2.3699,0.9786332947530865,0.02136670524691358,1.8955078125,2.431640625,3.75390625,8.234375,27.8125,126.3125,1.7705078125,0.22981095679012345,0.5194010734558105,0.3137057423591614,0.09476514274691358,0.5065354938271605,0.1266965663580247,0.07034818672839506,0.061132267117500305,0.375,0.0010234459768980742
scene05,off,off/scene05/L0__s20260819__0004.png,L0,260819_main_off,2.7145,0.777,-12.9429,6.4312,0.9706669560185185,0.029333043981481483,1.5126953125,1.9970703125,3.330078125,10.0,25.78125,131.5,1.4013671875,0.2720452353395062,0.5078499913215637,0.343392938375473,0.24341917438271604,0.3633786651234568,0.09089072145061729,0.0504663387345679,0.06389451771974564,0.5,0.0011288353707641363
scene05,off,off/scene05/L0__s20260819__0005.png,L0,260819_main_off,1.4988,0.8292,-7.0259,1.6918,0.9633704668209877,0.036629533179012345,1.92578125,2.771484375,6.15234375,24.453125,25.21875,125.8125,1.72265625,0.44230565200617283,0.6513598561286926,0.3431650996208191,0.07149643132716049,0.364624324845679,0.0912012924382716,0.0624561149691358,0.06112874299287796,0.5,0.0018165000947192311
scene05,off,off/scene05/L0__s20260819__0006.png,L0,260819_main_off,4.3849,1.788,-7.598,-3.6478,0.9162852044753086,0.08371479552469135,4.03125,5.625,11.109375,27.171875,28.3125,131.75,3.67578125,0.5680922067901235,0.8228305578231812,0.23155328631401062,0.0,0.17081645447530863,0.1958670910493827,0.10875434027777778,0.04623379558324814,0.2578125,0.0009149087709374726
scene05,off,off/scene05/L0__s20260819__0007.png,L0,260819_main_off,3.4946,1.3272,-11.0887,-6.1282,0.9609302662037037,0.039069733796296295,2.732421875,3.677734375,6.47265625,16.53125,27.125,133.125,2.521484375,0.40824604552469135,0.6861441731452942,0.298888236284256,0.0,0.38720293209876544,0.15345100308641976,0.08520881558641975,0.05529250577092171,0.3203125,0.0009149087709374726
scene05,off,off/scene05/L0__s20260820__0000.png::boost_e,L0,260820_boost_e_off,7.0354,1.4098,-10.3105,7.3985,0.9313464506172839,0.06865354938271605,2.994140625,4.01953125,6.80859375,19.078125,30.6875,137.0,2.81640625,0.43441454475308644,0.7140259146690369,0.286300390958786,0.0,0.3517746913580247,0.16029996141975308,0.08915943287037037,0.05415725335478783,0.296875,0.014882068149745464
scene05,off,off/scene05/L0__s20260820__0001.png::boost_e,L0,260820_boost_e_off,9.8857,1.8889,-5.7189,0.3564,0.8547294560185185,0.14527054398148148,4.64453125,6.078125,8.0078125,21.84375,33.78125,132.875,4.23828125,0.5093696952160494,0.8181988596916199,0.20671291649341583,0.0,0.08568287037037037,0.341358024691358,0.1004296875,0.10841082781553268,3.78515625,0.058021098375320435
scene05,off,off/scene05/L0__s20260820__0002.png::boost_e,L0,260820_boost_e_off,7.7708,1.8283,-5.4996,-9.2457,0.9053496334876543,0.09465036651234568,4.078125,5.04296875,8.578125,23.9375,31.984375,142.875,3.671875,0.5046021412037037,0.7874669432640076,0.2431604117155075,0.0,0.22072771990740742,0.2124975887345679,0.10134114583333333,0.12192480266094208,4.2281646728515625,0.07074464857578278
scene05,off,off/scene05/L0__s20260820__0003.png::boost_e,L0,260820_boost_e_off,6.3099,1.864,-7.8027,0.1237,0.9042640817901234,0.09573591820987655,4.2890625,5.90625,11.1484375,29.328125,30.109375,128.5,3.775390625,0.5772120949074074,0.8358060717582703,0.21951116621494293,0.0,0.13886284722222222,0.2129957561728395,0.11826630015432099,0.04432531073689461,0.2421875,0.00226796162314713
scene05,off,off/scene05/L0__s20260820__0004.png::boost_e,L0,260820_boost_e_off,6.1605,1.5229,-6.9904,-7.3983,0.8984587191358024,0.10154128086419753,3.470703125,4.83984375,9.703125,28.0,30.203125,140.75,2.849609375,0.5440779320987654,0.7899929881095886,0.25969555974006653,0.0,0.2389723186728395,0.16209587191358024,0.09150993441358024,0.050619035959243774,0.3046875,0.006912845652550459
scene05,off,off/scene05/L0__s20260820__0005.png::boost_e,L0,260820_boost_e_off,6.2772,1.7325,-9.9958,-4.8864,0.921586612654321,0.07841338734567901,3.671875,4.9375,8.6875,21.796875,29.984375,134.625,3.33984375,0.49960551697530864,0.7799809575080872,0.2524918019771576,0.0,0.23667148919753087,0.19783854166666667,0.10985146604938271,0.048637062311172485,0.2578125,0.0014037196524441242
scene05,off,off/scene05/L0__s20260820__0006.png::boost_e,L0,260820_boost_e_off,9.7574,1.6425,-12.8982,-6.3539,0.9596137152777777,0.04038628472222222,3.18359375,4.1953125,6.390625,16.015625,32.84375,139.0,2.91015625,0.3632595486111111,0.6959723830223083,0.2698017656803131,0.0,0.3374464699074074,0.23990306712962964,0.0974561149691358,0.07177339494228363,0.7782440185546875,0.04832496866583824
scene05,off,off/scene05/L0__s20260820__0007.png::boost_e,L0,260820_boost_e_off,7.4493,1.5405,-11.43,-6.2709,0.9303568672839506,0.06964313271604938,3.146484375,4.1640625,6.984375,18.578125,31.015625,137.5,2.84765625,0.4314144483024691,0.7226488590240479,0.27873262763023376,0.0,0.32869550540123454,0.1799614197530864,0.09992332175925926,0.052290547639131546,0.28125,0.001997133018448949
scene05,off,off/scene05/L0__s20260821__0000.png::boost_e2,L0,260820_boost_e2_off,7.9689,0.7313,-9.2269,3.34,0.9243084490740741,0.07569155092592593,1.5927734375,2.166015625,3.94140625,16.203125,31.28125,133.125,1.47265625,0.34512635030864197,0.5653781294822693,0.35095033049583435,0.18819396219135803,0.3525380979938272,0.08819733796296296,0.042821662808641976,0.07133779674768448,0.5546875,0.022655855864286423
scene05,off,off/scene05/L0__s20260821__0001.png::boost_e2,L0,260820_boost_e2_off,7.0431,0.3694,-11.2173,-11.6748,0.9437852044753087,0.05621479552469136,0.73974609375,0.9921875,1.7265625,5.58203125,29.53125,126.5625,0.6943359375,0.2430685763888889,0.3999694883823395,0.37381818890571594,0.5153313078703704,0.17857253086419753,0.047351466049382715,0.02370804398148148,0.08721571415662766,1.125,0.02390258200466633
scene05,off,off/scene05/L0__s20260821__0002.png::boost_e2,L0,260820_boost_e2_off,5.9617,0.3643,-15.7704,1.4372,0.9813985339506173,0.018601466049382717,0.64501953125,0.83251953125,1.3115234375,3.04296875,22.8125,125.75,0.6103515625,0.13473813657407407,0.2923170328140259,0.31979236006736755,0.6406751543209876,0.16802083333333334,0.04242910879629629,0.023571566358024692,0.07002577185630798,0.9375,0.0001429053081665188
scene05,off,off/scene05/L0__s20260821__0003.png::boost_e2,L0,260820_boost_e2_off,8.7159,0.486,-13.9288,9.5381,0.9711848958333333,0.028815104166666668,0.8857421875,1.16796875,1.939453125,4.796875,30.46875,136.75,0.830078125,0.18209828317901233,0.3752368688583374,0.336668461561203,0.49657359182098765,0.24484230324074074,0.06137683256172839,0.024898244598765433,0.07300539314746857,0.796875,0.01745452918112278
scene05,off,off/scene05/L0__s20260821__0004.png::boost_e2,L0,260820_boost_e2_off,4.5329,0.3786,-5.7278,-7.1228,0.9157532793209876,0.08424672067901234,0.91015625,1.3232421875,2.9375,22.296875,28.5,127.875,0.80126953125,0.4099450231481481,0.5452706813812256,0.4036327302455902,0.3697825038580247,0.1651972415123457,0.04131896219135803,0.022942226080246913,0.06825924664735794,0.9156646728515625,0.0022796900011599064
scene05,off,off/scene05/L0__s20260821__0005.png::boost_e2,L0,260820_boost_e2_off,5.4495,0.3125,-4.1908,-7.725,0.8887678433641976,0.11123215663580246,0.80712890625,1.181640625,2.80859375,27.296875,29.609375,125.375,0.7412109375,0.4395799575617284,0.5568881034851074,0.4138786792755127,0.37916184413580245,0.1359350887345679,0.03400077160493827,0.018878761574074074,0.06898065656423569,1.03515625,0.0005159300635568798
scene05,off,off/scene05/L0__s20260821__0006.png::boost_e2,L0,260820_boost_e2_off,5.8797,0.5826,-4.6329,-0.5322,0.8789139660493828,0.12108603395061729,1.484375,2.1328125,4.76953125,29.0625,29.640625,128.0,1.314453125,0.46710792824074077,0.6357899904251099,0.3691211938858032,0.1935204475308642,0.254125675154321,0.06395013503086419,0.03550829475308642,0.06421560049057007,0.6640625,0.00223724078387022
scene05,off,off/scene05/L0__s20260821__0007.png::boost_e2,L0,260820_boost_e2_off,5.4524,0.7239,-3.79,-2.1479,0.8634215856481482,0.13657841435185186,1.8955078125,2.76171875,6.39453125,28.671875,29.375,130.625,1.740234375,0.509155574845679,0.691264271736145,0.3430347442626953,0.07114293981481482,0.31475453317901236,0.07872781635802469,0.04371479552469136,0.06136978790163994,0.5625,0.0005136298132129014
scene07,on,on/scene07/L0__s20260819__0000.png,L0,260819_main_on,4.6128,1.593,-11.6469,5.5321,1.0,0.0,8.0859375,22.328125,42.59375,46.96875,64.0625,68.25,7.30859375,0.9390369405864197,0.9869993329048157,0.05183183401823044,0.0,0.0,0.046183449074074075,0.018644868827160495,0.025050649419426918,0.4898834228515625,0.024114025756716728
scene07,on,on/scene07/L0__s20260819__0001.png,L0,260819_main_on,11.6559,1.7877,-12.4971,7.4345,1.0,0.0,3.525390625,4.58984375,6.9375,40.375,53.46875,76.0,3.259765625,0.3958154899691358,0.7184348702430725,0.26159676909446716,0.0,0.3298712384259259,0.21139322916666667,0.10544222608024692,0.07803372293710709,0.58203125,0.07517912238836288
scene07,on,on/scene07/L0__s20260819__0002.png,L0,260819_main_on,7.0947,0.949,-7.922,-1.0116,0.9881635802469135,0.01183641975308642,9.84375,26.203125,47.34375,50.25,66.75,85.9375,5.2734375,0.9462553047839506,0.9972087144851685,0.016333824023604393,0.0,0.0,0.0006168016975308642,0.07602478780864197,0.009531565941870213,0.2734375,0.011348767206072807
scene07,on,on/scene07/L0__s20260819__0003.png,L0,260819_main_on,2.4361,1.0374,-9.8928,4.8712,1.0,0.0,2.19921875,2.9921875,17.21875,42.65625,44.96875,64.5625,2.044921875,0.572406925154321,0.7421311736106873,0.33744657039642334,0.0,0.32821132330246916,0.047486014660493826,0.07677372685185185,0.0754992738366127,1.7822494506835938,0.03740290552377701
scene07,on,on/scene07/L0__s20260819__0004.png,L0,260819_main_on,3.8019,1.5336,-12.8155,-12.0811,0.998212287808642,0.0017877121913580246,14.21875,24.203125,41.15625,46.9375,62.8125,89.25,9.0859375,0.9875636574074074,0.999319851398468,0.006394753232598305,0.0,0.0,0.0,0.02488618827160494,0.002718584844842553,0.0625,0.0028397643472999334
scene07,on,on/scene07/L0__s20260819__0005.png,L0,260819_main_on,4.5788,1.0156,-9.3221,15.6943,1.0,0.0,8.140625,19.8125,42.3125,49.5625,73.625,103.5,3.201171875,0.9182773919753087,0.9775267243385315,0.09340150654315948,0.0,0.01564187885802469,0.01478636188271605,0.06512635030864197,0.029591180384159088,0.65234375,0.05322149023413658
scene07,on,on/scene07/L0__s20260819__0006.png,L0,260819_main_on,1.5559,0.8607,-3.7993,3.5452,0.9881862461419753,0.011813753858024691,4.59765625,16.046875,41.625,44.09375,62.53125,84.8125,3.19140625,0.8370505401234568,0.93379145860672,0.16651733219623566,0.0,0.06275848765432099,0.07210551697530865,0.06304591049382716,0.030112802982330322,0.83203125,0.02244928479194641
scene07,on,on/scene07/L0__s20260819__0007.png,L0,260819_main_on,3.9995,0.9491,-9.7299,-3.7756,1.0,0.0,13.8984375,25.859375,43.9375,46.5,61.125,81.0,8.5859375,0.9900217013888889,0.9990522265434265,0.00996421743184328,0.0,0.0,0.0,0.022038966049382717,0.003079087007790804,0.0,0.0034058771561831236
scene07,on,on/scene07/L0__s20260820__0000.png::boost_e,L0,260820_boost_e_on,9.3533,1.3401,-10.2409,14.1283,1.0,0.0,2.693359375,3.216796875,4.86328125,45.90625,53.125,78.5625,2.275390625,0.33838541666666666,0.6149705052375793,0.30813342332839966,0.0,0.5087229938271605,0.11715277777777777,0.049352816358024694,0.06995691359043121,0.359375,0.0696832537651062
scene07,on,on/scene07/L0__s20260820__0001.png::boost_e,L0,260820_boost_e_on,8.4933,1.5397,-8.7737,-1.6736,1.0,0.0,1.607421875,2.76171875,4.43359375,48.375,61.875,83.6875,1.11328125,0.3429542824074074,0.5789155960083008,0.3380092680454254,0.10800298996913581,0.4272265625,0.09364679783950618,0.03809461805555556,0.06495285779237747,0.9633407592773438,0.11462331563234329
scene07,on,on/scene07/L0__s20260820__0002.png::boost_e,L0,260820_boost_e_on,6.034,1.6232,-11.7844,-0.5026,1.0,0.0,12.5546875,24.84375,44.78125,48.3125,61.25,79.6875,8.4609375,0.9724430941358024,0.9973427653312683,0.01638721488416195,0.0,0.0,0.0,0.0417896412037037,0.008313656784594059,0.265625,0.007777632679790258
scene07,on,on/scene07/L0__s20260820__0003.png::boost_e,L0,260820_boost_e_on,9.743,1.7646,-10.8121,7.6338,1.0,0.0,2.91796875,3.986328125,6.23046875,47.21875,52.34375,74.6875,2.49609375,0.39176601080246914,0.6771105527877808,0.28990328311920166,0.0,0.4166579861111111,0.15441550925925926,0.06100501543209876,0.07708533853292465,0.3828125,0.09511891007423401
scene07,on,on/scene07/L0__s20260820__0004.png::boost_e,L0,260820_boost_e_on,11.7361,1.5957,-11.296,14.3304,1.0,0.0,3.2109375,4.1796875,6.03125,36.125,57.25,85.4375,2.865234375,0.3624392361111111,0.6778053045272827,0.27488312125205994,0.0,0.3813956404320988,0.2100559413580247,0.07894145447530865,0.0862838551402092,1.300079345703125,0.07580709457397461
scene07,on,on/scene07/L0__s20260820__0005.png::boost_e,L0,260820_boost_e_on,6.7166,1.5377,-13.5151,3.1873,1.0,0.0,9.7734375,20.328125,38.78125,48.125,58.65625,67.5,4.9375,0.9309963348765432,0.9927355647087097,0.0509248748421669,0.0,0.0012172067901234569,0.009732831790123457,0.10652970679012345,0.013942980207502842,0.2890625,0.03178487718105316
scene07,on,on/scene07/L0__s20260820__0006.png::boost_e,L0,260820_boost_e_on,6.6363,1.4119,-7.4676,-1.6241,0.98625,0.01375,13.8828125,31.015625,47.53125,50.125,66.375,85.875,8.7109375,0.9685942322530864,0.9974896907806396,0.01456918753683567,0.0,0.0,0.0,0.03501639660493827,0.006287167780101299,0.21875,0.006461868528276682
scene07,on,on/scene07/L0__s20260820__0007.png::boost_e,L0,260820_boost_e_on,11.793,1.4061,-8.8831,-5.8973,1.0,0.0,3.072265625,4.38671875,6.48828125,51.84375,67.9375,91.5,2.755859375,0.41724054783950615,0.703092634677887,0.28190773725509644,0.0,0.3806240354938272,0.15763985339506173,0.07443431712962963,0.08412083983421326,1.925079345703125,0.08462954312562943
scene07,on,on/scene07/L0__s20260821__0000.png::boost_e2,L0,260820_boost_e2_on,4.6498,0.7002,-9.0864,4.975,1.0,0.0,7.4765625,20.828125,43.59375,47.21875,65.0,77.5,2.85546875,0.9089023919753086,0.9747511148452759,0.08795753866434097,0.0,0.006314621913580247,0.07955488040123457,0.015252218364197531,0.04428219050168991,2.198516845703125,0.057157400995492935
scene07,on,on/scene07/L0__s20260821__0001.png::boost_e2,L0,260820_boost_e2_on,6.526,0.6421,-8.6491,14.3681,0.9998775077160493,0.00012249228395061728,5.21484375,20.46875,43.96875,51.21875,76.0625,103.6875,1.4931640625,0.9123900462962963,0.9595931172370911,0.16659995913505554,0.012347125771604938,0.03285590277777778,0.01027440200617284,0.06953462577160494,0.04097432643175125,0.21875,0.03227892518043518
scene07,on,on/scene07/L0__s20260821__0002.png::boost_e2,L0,260820_boost_e2_on,8.5736,0.4211,-11.7553,7.174,1.0,0.0,0.83935546875,1.138671875,1.767578125,3.44921875,49.34375,52.75,0.7490234375,0.16739149305555556,0.33889564871788025,0.33061492443084717,0.5386371527777778,0.24502266589506172,0.030519868827160495,0.03287181712962963,0.05660209059715271,0.75,0.044491689652204514
scene07,on,on/scene07/L0__s20260821__0003.png::boost_e2,L0,260820_boost_e2_on,7.1387,0.6078,-11.0113,-0.6132,1.0,0.0,1.44140625,5.26953125,42.375,49.1875,63.90625,80.8125,1.380859375,0.7141710069444445,0.7882164120674133,0.3632619082927704,0.24254436728395062,5.690586419753086e-05,0.009618537808641974,0.039874131944444446,0.07284288108348846,0.5390625,0.0263653714209795
scene07,on,on/scene07/L0__s20260821__0004.png::boost_e2,L0,260820_boost_e2_on,6.5636,0.8019,-13.3275,-0.1348,1.0,0.0,2.39453125,14.65625,35.1875,47.6875,62.46875,65.0625,1.669921875,0.8341136188271605,0.9209733009338379,0.22191539406776428,0.014972511574074074,0.08483506944444444,0.00015432098765432098,0.10452208719135803,0.07764986902475357,1.112579345703125,0.04338398203253746
scene07,on,on/scene07/L0__s20260821__0005.png::boost_e2,L0,260820_boost_e2_on,8.8712,0.5674,-5.0214,-1.8091,0.9921450617283951,0.007854938271604939,1.4453125,1.861328125,2.990234375,45.875,66.875,88.6875,1.2646484375,0.27481143904320987,0.467129111289978,0.35101863741874695,0.33284481095679014,0.34447675540123457,0.030998746141975307,0.020621141975308642,0.04948514699935913,0.6121292114257812,0.08416067808866501
scene07,on,on/scene07/L0__s20260821__0006.png::boost_e2,L0,260820_boost_e2_on,6.0804,0.4284,-12.1066,0.0159,1.0,0.0,1.775390625,14.53125,36.46875,47.75,60.875,64.875,1.369140625,0.8263122106481482,0.9136368632316589,0.23792842030525208,0.07226755401234568,0.020230999228395063,0.00011284722222222222,0.11079861111111111,0.08264041692018509,1.36578369140625,0.020933879539370537
scene07,on,on/scene07/L0__s20260821__0007.png::boost_e2,L0,260820_boost_e2_on,4.4163,0.696,-12.7675,1.6425,1.0,0.0,7.546875,16.671875,36.5,46.0625,58.03125,64.125,6.69921875,0.8994743441358025,0.979721188545227,0.06769797205924988,0.0,0.0,0.06368682484567902,0.08099103009259259,0.03289570286870003,0.640625,0.033978141844272614
scene07,off,off/scene07/L0__s20260819__0000.png,L0,260819_main_off,4.6128,1.593,-11.6469,5.5321,1.0,0.0,3.193359375,4.34375,7.890625,40.0,46.75,66.9375,2.92578125,0.43558256172839505,0.72645503282547,0.2771412432193756,0.0,0.32296537422839505,0.18113570601851853,0.10057291666666666,0.05207556113600731,0.2734375,0.0011222371831536293
scene07,off,off/scene07/L0__s20260819__0001.png,L0,260819_main_off,11.6559,1.7877,-12.4971,7.4345,1.0,0.0,3.503814697265625,4.7099609375,8.26171875,33.6171875,53.59375,76.0,3.29296875,0.4425925925925926,0.746471107006073,0.26224014163017273,0.0,0.28350935570987656,0.20537953317901234,0.1140895061728395,0.049848414957523346,0.25,1.0472357644175645e-05
scene07,off,off/scene07/L0__s20260819__0002.png,L0,260819_main_off,7.0947,0.949,-7.922,-1.0116,1.0,0.0,2.173828125,3.125,6.88671875,47.46875,62.625,66.1875,2.005859375,0.43537422839506174,0.6640011668205261,0.3294351398944855,0.0,0.4215702160493827,0.10732494212962963,0.05958478009259259,0.059396132826805115,0.4375,0.0003564839134924114
scene07,off,off/scene07/L0__s20260819__0003.png,L0,260819_main_off,2.4361,1.0374,-9.8928,4.8712,1.0,0.0,2.20703125,3.07421875,6.0390625,41.0625,44.8125,64.5625,2.04296875,0.3973828125,0.6444551944732666,0.3259345293045044,0.0,0.446069637345679,0.11743730709876543,0.06520592206790124,0.0591018907725811,0.40625,0.0005022494588047266
scene07,off,off/scene07/L0__s20260819__0004.png,L0,260819_main_off,3.8019,1.5336,-12.8155,-12.0811,1.0,0.0,2.916015625,3.923828125,6.9140625,29.03125,47.0625,68.0,2.72265625,0.39882233796296296,0.6924904584884644,0.28967729210853577,0.0,0.37419560185185186,0.17028356481481483,0.09454282407407408,0.05400882661342621,0.2890625,0.0003518833254929632
scene07,off,off/scene07/L0__s20260819__0005.png,L0,260819_main_off,4.5788,1.0156,-9.3221,15.6943,1.0,0.0,2.171875,3.060546875,6.26953125,42.5625,62.28125,79.5,2.00390625,0.41107494212962964,0.6498596668243408,0.3285908102989197,0.0,0.43930362654320987,0.1122487461419753,0.062319155092592594,0.059370748698711395,0.421875,0.0005682313349097967
scene07,off,off/scene07/L0__s20260819__0006.png,L0,260819_main_off,1.5559,0.8607,-3.7993,3.5452,0.9881862461419753,0.011813753858024691,2.380859375,3.708984375,12.2734375,43.78125,62.53125,84.8125,2.150390625,0.5302681327160493,0.7299578785896301,0.316229909658432,0.0,0.33837336033950616,0.09853877314814814,0.0547169174382716,0.05813358724117279,0.46875,0.0006561265327036381
scene07,off,off/scene07/L0__s20260819__0007.png,L0,260819_main_off,3.9995,0.9491,-9.7299,-3.7756,1.0,0.0,2.078125,2.88671875,5.6171875,42.84375,46.09375,62.0625,1.9267578125,0.38416329089506174,0.6273835897445679,0.3318358361721039,0.021883198302469136,0.44544560185185184,0.11140817901234568,0.061870177469135805,0.05999947339296341,0.421875,0.0004521576629485935
scene07,off,off/scene07/L0__s20260820__0000.png::boost_e,L0,260820_boost_e_off,9.3533,1.3401,-10.2409,14.1283,1.0,0.0,2.814453125,3.90234375,7.5390625,46.15625,66.1875,82.1875,2.56640625,0.4340229552469136,0.7038354873657227,0.29586148262023926,0.0,0.36368971836419756,0.1517510609567901,0.08425925925925926,0.05479948967695236,0.3203125,0.0012235103640705347
scene07,off,off/scene07/L0__s20260820__0001.png::boost_e,L0,260820_boost_e_off,8.4933,1.5397,-8.7737,-1.6736,1.0,0.0,3.318359375,4.73046875,10.09375,48.71875,64.8125,83.6875,3.087890625,0.5021498842592592,0.7634842991828918,0.2700743079185486,0.0,0.27525270061728396,0.1669926697530864,0.0927174961419753,0.05135631561279297,0.296875,2.4031942302826792e-05
scene07,off,off/scene07/L0__s20260820__0002.png::boost_e,L0,260820_boost_e_off,6.034,1.6232,-11.7844,-0.5026,1.0,0.0,3.349609375,4.5078125,7.94921875,33.46875,47.5625,60.875,2.9609375,0.4328192515432099,0.7337610125541687,0.2697514295578003,0.0,0.30648582175925926,0.19556954089506173,0.10858940972222222,0.050910670310258865,0.2578125,0.0030032058712095022
scene07,off,off/scene07/L0__s20260820__0003.png::boost_e,L0,260820_boost_e_off,9.743,1.7646,-10.8121,7.6338,1.0,0.0,3.666015625,5.03125,9.40625,47.3125,53.25,74.6875,3.3125,0.4830603780864198,0.7718780636787415,0.2542016804218292,0.0,0.24653886959876542,0.20285059799382715,0.11263310185185185,0.048764053732156754,0.25,0.0015803574351593852
scene07,off,off/scene07/L0__s20260820__0004.png::boost_e,L0,260820_boost_e_off,11.7361,1.5957,-11.296,14.3304,1.0,0.0,3.212890625,4.3984375,8.1484375,47.0,57.53125,85.4375,2.93359375,0.4457499035493827,0.7322935461997986,0.2762302756309509,0.0,0.3153231095679012,0.1792380401234568,0.09952208719135802,0.05195409804582596,0.28125,0.0012611019192263484
scene07,off,off/scene07/L0__s20260820__0005.png::boost_e,L0,260820_boost_e_off,6.7166,1.5377,-13.5151,3.1873,1.0,0.0,2.95703125,3.916015625,6.578125,20.578125,48.0,59.21875,2.76953125,0.37441984953703705,0.6831998229026794,0.28626319766044617,0.0,0.3837157600308642,0.18144386574074073,0.1007470100308642,0.05365955829620361,0.2734375,0.00036290049320086837
scene07,off,off/scene07/L0__s20260820__0006.png::boost_e,L0,260820_boost_e_off,6.6363,1.4119,-7.4676,-1.6241,1.0,0.0,3.408203125,4.90234375,10.8671875,47.375,62.6875,82.125,3.14453125,0.5178534915123457,0.77469402551651,0.265095591545105,0.0,0.2586839313271605,0.1676446759259259,0.09308207947530864,0.05076679587364197,0.296875,0.0003064829215873033
scene07,off,off/scene07/L0__s20260820__0007.png::boost_e,L0,260820_boost_e_off,11.793,1.4061,-8.8831,-5.8973,1.0,0.0,3.072265625,4.35546875,9.109375,51.53125,68.5,91.5,2.833984375,0.4795915316358025,0.74056476354599,0.2828584611415863,0.0,0.31169077932098765,0.15657841435185185,0.08694010416666667,0.053067244589328766,0.3125,0.00044413693831302226
scene07,off,off/scene07/L0__s20260821__0000.png::boost_e2,L0,260820_boost_e2_off,4.6498,0.7002,-9.0864,4.975,1.0,0.0,1.556640625,2.1875,4.43359375,43.3125,47.3125,67.125,1.4345703125,0.3645756172839506,0.5727832317352295,0.35874220728874207,0.20371286651234569,0.32376060956790126,0.08098331404320988,0.04496141975308642,0.06369201093912125,0.5546875,0.0006531300605274737
scene07,off,off/scene07/L0__s20260821__0001.png::boost_e2,L0,260820_boost_e2_off,6.526,0.6421,-8.6491,14.3681,1.0,0.0,1.4111328125,2.009765625,4.26953125,44.78125,65.4375,80.125,1.2919921875,0.372725212191358,0.5652405023574829,0.3682296574115753,0.2477391975308642,0.2846339699074074,0.07119116512345679,0.03953028549382716,0.06472832709550858,0.609375,0.0009272274328395724
scene07,off,off/scene07/L0__s20260821__0002.png::boost_e2,L0,260820_boost_e2_off,8.5736,0.4211,-11.7553,7.174,1.0,0.0,0.8427734375,1.1435546875,2.06640625,10.7109375,49.9375,59.125,0.7490234375,0.25428288966049384,0.4166885316371918,0.3736134171485901,0.48955632716049385,0.19210792824074074,0.04805121527777778,0.026682098765432097,0.06867001950740814,0.823516845703125,0.003500007325783372
scene07,off,off/scene07/L0__s20260821__0003.png::boost_e2,L0,260820_boost_e2_off,7.1387,0.6078,-11.0113,-0.6132,1.0,0.0,1.234375,1.6953125,3.181640625,25.859375,48.53125,65.1875,1.1337890625,0.3056814236111111,0.50140380859375,0.36669906973838806,0.3313884066358025,0.27218074845679013,0.06808304398148148,0.037801890432098764,0.06592494994401932,0.6328125,0.0011372193694114685
scene07,off,off/scene07/L0__s20260821__0004.png::boost_e2,L0,260820_boost_e2_off,6.5636,0.8019,-13.3275,-0.1348,1.0,0.0,1.4814453125,1.98828125,3.478515625,13.875,47.4375,63.71875,1.30859375,0.2824527391975309,0.5111761689186096,0.3478437662124634,0.2531635802469136,0.34826581790123456,0.087109375,0.04836757330246914,0.0641317367553711,0.5234375,0.00387232075445354
scene07,off,off/scene07/L0__s20260821__0005.png::boost_e2,L0,260820_boost_e2_off,8.8712,0.5674,-5.0214,-1.8091,0.9750043402777778,0.024995659722222223,1.447265625,2.1796875,5.9140625,50.3125,67.5,88.6875,1.2841796875,0.4543967013888889,0.6236631274223328,0.37185198068618774,0.20911699459876543,0.25235050154320987,0.06311583719135802,0.03504774305555555,0.06454476714134216,0.671875,0.0018639283953234553
scene07,off,off/scene07/L0__s20260821__0006.png::boost_e2,L0,260820_boost_e2_off,6.0804,0.4284,-12.1066,0.0159,1.0,0.0,0.841796875,1.1396484375,2.04296875,9.8515625,47.21875,60.21875,0.78125,0.2490306712962963,0.41253337264060974,0.37169721722602844,0.49320360725308643,0.19330970293209876,0.04835985725308642,0.026843171296296296,0.06867919862270355,0.80859375,0.000733882247004658
scene07,off,off/scene07/L0__s20260821__0007.png::boost_e2,L0,260820_boost_e2_off,4.4163,0.696,-12.7675,1.6425,1.0,0.0,1.306640625,1.765625,3.1484375,14.53125,45.625,57.65625,1.197265625,0.28139274691358024,0.4922231137752533,0.35672104358673096,0.31645881558641975,0.30159288194444445,0.07543547453703704,0.0418822337962963,0.06539024412631989,0.581329345703125,0.0015056587290018797
scene14,on,on/scene14/L0__s20260819__0000.png,L0,260819_main_on,4.7439,0.8483,-9.8586,1.429,0.8633844521604939,0.13661554783950616,1.7919921875,2.361328125,3.919921875,37.53125,46.84375,72.1875,1.6767578125,0.49986207561728396,0.6411085724830627,0.3679240345954895,0.1174609375,0.375366512345679,0.0,0.015314911265432099,0.061898332089185715,0.140625,0.0007347297505475581
scene14,on,on/scene14/L0__s20260819__0001.png,L0,260819_main_on,7.036,1.2795,-8.9998,1.6524,0.8071657986111112,0.19283420138888888,2.783203125,3.625,5.81640625,39.25,49.25,75.3125,2.5,0.5241145833333334,0.727048933506012,0.3023413419723511,0.0,0.34897617669753084,0.1169704861111111,0.015013020833333333,0.05481412634253502,0.19140625,0.0033734310418367386
scene14,on,on/scene14/L0__s20260819__0002.png,L0,260819_main_on,1.3141,1.4432,-13.2604,4.4652,0.9406843171296296,0.05931568287037037,5.671875,7.38671875,27.421875,37.5625,43.40625,67.625,4.66796875,0.7218639081790124,0.9037830829620361,0.16206876933574677,0.0,0.0008487654320987654,0.2615504436728395,0.055169753086419755,0.0349540151655674,0.2832489013671875,0.0038627865724265575
scene14,on,on/scene14/L0__s20260819__0003.png,L0,260819_main_on,4.594,0.9536,-3.2277,7.0829,0.6509061535493827,0.3490938464506173,2.52734375,3.30859375,27.703125,44.4375,47.34375,72.8125,2.353515625,0.6910739776234568,0.8017234802246094,0.3046454191207886,0.0,0.285024112654321,0.018746624228395063,0.01021604938271605,0.05661001801490784,0.1953125,0.004133978392928839
scene14,on,on/scene14/L0__s20260819__0004.png,L0,260819_main_on,8.4208,1.0624,-9.4161,-17.2604,0.7883608217592593,0.21163917824074074,2.287109375,2.939453125,4.56640625,34.625,49.90625,74.8125,2.16015625,0.41911410108024694,0.6616214513778687,0.3211820721626282,0.0,0.4250274884259259,0.1208449074074074,0.040889756944444446,0.058475203812122345,0.359375,0.002314633224159479
scene14,on,on/scene14/L0__s20260819__0005.png,L0,260819_main_on,4.4487,1.7105,-11.6875,3.1562,0.8807923418209876,0.11920765817901234,3.447265625,4.46875,28.3125,39.09375,46.65625,71.4375,3.251953125,0.6675993441358025,0.8403416275978088,0.2627207934856415,0.0,0.25039592978395064,0.006385030864197531,0.11889805169753087,0.050119396299123764,0.1875,0.002872210694476962
scene14,on,on/scene14/L0__s20260819__0006.png,L0,260819_main_on,6.5633,0.9635,-10.0252,-0.1653,0.8489583333333334,0.15104166666666666,2.017578125,2.640625,4.296875,36.71875,48.59375,74.5,1.8681640625,0.4503062307098765,0.636898934841156,0.34346646070480347,0.03563078703703704,0.43616512345679015,0.072563175154321,0.008917341820987655,0.060270242393016815,0.21484375,0.0021392363123595715
scene14,on,on/scene14/L0__s20260819__0007.png,L0,260819_main_on,4.9665,0.7236,-8.8174,0.2988,0.8254340277777777,0.17456597222222223,1.560546875,2.056640625,3.408203125,35.5625,47.09375,72.1875,1.4580078125,0.48294029706790126,0.6174401640892029,0.3777622878551483,0.19157407407407406,0.32101417824074074,0.0014626736111111112,0.0076668595679012345,0.06353376805782318,0.16796875,0.001002138014882803
scene14,on,on/scene14/L0__s20260820__0000.png::boost_h,L0,260820_boost_h_on,8.9228,0.5085,-8.1284,3.311,0.852803337191358,0.14719666280864196,1.1845703125,1.5791015625,2.708984375,8.6171875,50.625,76.25,1.099609375,0.3476523919753086,0.5318076014518738,0.37714970111846924,0.32070023148148147,0.24226128472222222,0.060626929012345676,0.032276234567901234,0.06630455702543259,0.640625,0.0019816062413156033
scene14,on,on/scene14/L0__s20260820__0001.png::boost_h,L0,260820_boost_h_on,11.2053,0.8037,-10.3828,-4.0507,0.8605140817901235,0.13948591820987655,1.67578125,2.19140625,3.556640625,9.4609375,52.53125,79.0,1.55859375,0.346430362654321,0.5736371278762817,0.34890568256378174,0.16163917824074073,0.36799864969135804,0.09204716435185185,0.06393180941358025,0.06283193081617355,0.4921875,0.0010699359700083733
scene14,on,on/scene14/L0__s20260820__0002.png::boost_h,L0,260820_boost_h_on,11.657,0.2829,-7.0039,2.401,0.7738994984567901,0.22610050154320988,0.64501953125,0.8515625,1.41796875,4.23828125,53.125,78.8125,0.60498046875,0.3635021219135802,0.4788558781147003,0.41577982902526855,0.47152006172839506,0.1236988811728395,0.03095823688271605,0.03365644290123457,0.0701511949300766,1.08984375,0.000615992583334446
scene14,on,on/scene14/L0__s20260820__0003.png::boost_h,L0,260820_boost_h_on,10.095,0.9842,-7.2352,-9.0359,0.7577425733024692,0.24225742669753086,2.3046875,2.998046875,4.8046875,37.1875,52.28125,78.5625,2.12890625,0.4591816165123457,0.6879247426986694,0.3204597234725952,0.0,0.39110773533950616,0.11334490740740741,0.05497299382716049,0.058206647634506226,0.4140625,0.0011244164779782295
scene14,on,on/scene14/L0__s20260820__0004.png::boost_h,L0,260820_boost_h_on,6.7379,0.6465,-16.0704,-3.7589,0.9847304205246914,0.015269579475308642,1.15625,1.4833984375,2.29296875,5.078125,47.125,48.875,1.0869140625,0.20499903549382717,0.3978963792324066,0.3310695290565491,0.42580922067901233,0.30944926697530867,0.05501832561728395,0.0048017939814814815,0.06641681492328644,0.30078125,0.0020362986251711845
scene14,on,on/scene14/L0__s20260820__0005.png::boost_h,L0,260820_boost_h_on,8.1602,0.7122,-12.4022,9.6925,0.9220249807098766,0.07797501929012346,1.3779296875,1.8076171875,2.958984375,8.1484375,49.28125,73.25,1.28515625,0.28529224537037035,0.5019015073776245,0.3525833189487457,0.2874488811728395,0.3211824845679012,0.0787866512345679,0.02980516975308642,0.06535529345273972,0.44140625,0.003198851365596056
scene14,on,on/scene14/L0__s20260820__0006.png::boost_h,L0,260820_boost_h_on,8.239,0.2771,-16.5186,9.6527,0.9897762345679012,0.010223765432098766,0.47998046875,0.6181640625,0.96533203125,2.203125,45.71875,50.125,0.449951171875,0.09968219521604939,0.23710837960243225,0.2980068624019623,0.7226234567901234,0.1275458140432099,0.036258680555555554,0.014807098765432099,0.07002609223127365,0.8984375,0.0030966929625719786
scene14,on,on/scene14/L0__s20260820__0007.png::boost_h,L0,260820_boost_h_on,10.4613,0.3301,-6.1172,5.4847,0.7807069830246913,0.21929301697530865,0.8154296875,1.0869140625,1.84765625,6.44140625,52.25,77.875,0.7421875,0.38471161265432097,0.517159640789032,0.4072437286376953,0.41053530092592594,0.15211033950617284,0.03829523533950617,0.03561631944444445,0.06912020593881607,0.96484375,0.0023792379070073366
scene14,on,on/scene14/L0__s20260820__0000.png::boost_e,L0,260820_boost_e_on,8.9228,1.4412,-8.1284,3.311,0.805249324845679,0.19475067515432098,3.34375,4.37109375,7.109375,40.5625,51.21875,76.875,3.115234375,0.5101244212962963,0.76726895570755,0.26607704162597656,0.0,0.26665991512345677,0.17172791280864197,0.0589891975308642,0.05091898888349533,0.25,0.0016618360532447696
scene14,on,on/scene14/L0__s20260820__0001.png::boost_e,L0,260820_boost_e_on,11.2053,1.7168,-10.3828,-4.0507,0.812691936728395,0.18730806327160493,3.56640625,4.58203125,7.10546875,40.375,53.28125,79.5,3.330078125,0.4870018325617284,0.7710989713668823,0.25647836923599243,0.0,0.25084056712962965,0.19662037037037036,0.1166184413580247,0.04916955903172493,0.2578125,0.0006922652246430516
scene14,on,on/scene14/L0__s20260820__0002.png::boost_e,L0,260820_boost_e_on,11.657,1.2307,-7.0039,2.401,0.722701099537037,0.27729890046296296,2.794921875,3.607421875,5.66796875,12.21875,53.75,80.1875,2.630859375,0.5017134452160494,0.7400262951850891,0.29303178191185,0.0,0.31884982638888887,0.13459394290123458,0.08735146604938272,0.05471671000123024,0.359375,0.00045049298205412924
scene14,on,on/scene14/L0__s20260820__0003.png::boost_e,L0,260820_boost_e_on,10.095,1.8852,-7.2352,-9.0359,0.7061993634259259,0.29380063657407407,4.39453125,5.59765625,8.5078125,43.875,52.75,78.9375,4.078125,0.5983405671296296,0.8488455414772034,0.2099531888961792,0.0,0.11450954861111111,0.21707658179012346,0.09561487268518519,0.04316539689898491,0.234375,0.0008330669952556491
scene14,on,on/scene14/L0__s20260820__0004.png::boost_e,L0,260820_boost_e_on,6.7379,1.5701,-16.0704,-3.7589,0.9629846643518518,0.03701533564814815,2.802734375,3.57421875,5.4453125,36.46875,47.875,60.96875,2.630859375,0.40611930941358027,0.6577245593070984,0.30104440450668335,0.0,0.4404591049382716,0.1431245177469136,0.021060474537037036,0.054686952382326126,0.14453125,0.0023691137321293354
scene14,on,on/scene14/L0__s20260820__0005.png::boost_e,L0,260820_boost_e_on,8.1602,1.6314,-12.4022,9.6925,0.8654103973765432,0.1345896026234568,3.14453125,4.04296875,6.28515625,40.0,50.15625,73.5,2.9453125,0.44828173225308643,0.721056342124939,0.2793706953525543,0.0,0.3322120949074074,0.18253761574074073,0.04439766589506173,0.05260143429040909,0.2265625,0.0028939421754330397
scene14,on,on/scene14/L0__s20260820__0006.png::boost_e,L0,260820_boost_e_on,8.239,1.2253,-16.5186,9.6527,0.9543798225308642,0.045620177469135804,2.115234375,2.693359375,4.09765625,8.3671875,48.59375,63.15625,1.986328125,0.268686824845679,0.554482102394104,0.310308575630188,0.0011111111111111111,0.5586617476851852,0.1392505787037037,0.0357103587962963,0.060147445648908615,0.28125,0.0034319672267884016
scene14,on,on/scene14/L0__s20260820__0007.png::boost_e,L0,260820_boost_e_on,10.4613,1.2748,-6.1172,5.4847,0.7320437885802469,0.26795621141975307,3.13671875,4.08984375,6.59765625,41.5,52.90625,78.1875,2.8671875,0.5310300925925926,0.7718849182128906,0.2740776836872101,0.0,0.2704181134259259,0.14791232638888888,0.08092399691358025,0.05225830152630806,0.328125,0.0014863484539091587
scene14,off,off/scene14/L0__s20260819__0000.png,L0,260819_main_off,4.7439,0.8483,-9.8586,1.429,0.8696749614197531,0.1303250385802469,1.79296875,2.369140625,3.958984375,13.421875,46.0625,72.1875,1.6767578125,0.37167824074074074,0.5975553393363953,0.34524521231651306,0.1174609375,0.38479648919753084,0.0962427662037037,0.046256269290123456,0.061897847801446915,0.4765625,0.0006626944523304701
scene14,off,off/scene14/L0__s20260819__0001.png,L0,260819_main_off,7.036,1.2795,-8.9998,1.6524,0.8060551697530864,0.19394483024691359,2.783203125,3.623046875,5.8046875,21.65625,48.59375,75.3125,2.5,0.4597728587962963,0.7159045338630676,0.29586878418922424,0.0,0.34897617669753084,0.14564573688271604,0.07058497299382716,0.05478740483522415,0.3359375,0.0024535583797842264
scene14,off,off/scene14/L0__s20260819__0002.png,L0,260819_main_off,1.3141,1.4432,-13.2604,4.4652,0.9463035300925926,0.05369646990740741,2.78125,3.626953125,5.85546875,29.625,42.4375,67.625,2.55859375,0.37440200617283953,0.6693379878997803,0.29466143250465393,0.0,0.40717881944444445,0.16832417052469137,0.07959056712962963,0.054853662848472595,0.296875,0.0019319986458867788
scene14,off,off/scene14/L0__s20260819__0003.png,L0,260819_main_off,4.594,0.9536,-3.2277,7.0829,0.6457696759259259,0.35423032407407407,2.525390625,3.30078125,5.359375,32.53125,47.0,72.8125,2.353515625,0.5693340084876544,0.7580125331878662,0.3030794560909271,0.0,0.3042356288580247,0.09891589506172839,0.04418595679012346,0.05661001801490784,0.4375,0.0015213369624689221
scene14,off,off/scene14/L0__s20260819__0004.png,L0,260819_main_off,8.4208,1.0624,-9.4161,-17.2604,0.7708805941358025,0.22911940586419752,2.28515625,2.916015625,4.453125,9.4375,48.625,74.8125,2.16015625,0.4128245563271605,0.6608977317810059,0.3206339478492737,0.0,0.4250274884259259,0.12209635416666667,0.05828269675925926,0.05829883739352226,0.390625,0.000242438109125942
scene14,off,off/scene14/L0__s20260819__0005.png,L0,260819_main_off,4.4487,1.7105,-11.6875,3.1562,0.8829682677469136,0.11703173225308643,3.44921875,4.47265625,7.12109375,33.53125,45.875,71.4375,3.251953125,0.45849874614197533,0.7495415210723877,0.2640850245952606,0.0,0.2829808063271605,0.1986694637345679,0.09466049382716049,0.05007263645529747,0.25,0.0007566732238046825
scene14,off,off/scene14/L0__s20260819__0006.png,L0,260819_main_off,6.5633,0.9635,-10.0252,-0.1653,0.8504398148148148,0.14956018518518518,2.01953125,2.642578125,4.30859375,12.7421875,47.84375,74.5,1.8681640625,0.38555796682098764,0.6238760948181152,0.33400386571884155,0.03563078703703704,0.43616512345679015,0.10905381944444445,0.05216869212962963,0.06026829779148102,0.4296875,0.0013223924906924367
scene14,off,off/scene14/L0__s20260819__0007.png,L0,260819_main_off,4.9665,0.7236,-8.8174,0.2988,0.8327276234567901,0.16727237654320987,1.5615234375,2.064453125,3.447265625,10.96875,46.375,72.1875,1.4580078125,0.3829161844135803,0.5855243802070618,0.35938164591789246,0.19157407407407406,0.32100887345679013,0.08016251929012345,0.037783082561728396,0.06353231519460678,0.5546875,0.0006414772942662239
scene14,off,off/scene14/L0__s20260820__0000.png::boost_h,L0,260820_boost_h_off,8.9228,0.5085,-8.1284,3.311,0.833656925154321,0.166343074845679,1.1826171875,1.564453125,2.625,8.1328125,50.34375,76.25,1.099609375,0.3570047260802469,0.5334143042564392,0.3788035213947296,0.32070023148148147,0.2422608024691358,0.06059365354938272,0.030367959104938273,0.06622876226902008,0.6953125,0.000792842241935432
scene14,off,off/scene14/L0__s20260820__0001.png::boost_h,L0,260820_boost_h_off,11.2053,0.8037,-10.3828,-4.0507,0.8488165509259259,0.15118344907407408,1.673828125,2.1796875,3.498046875,8.859375,52.09375,79.0,1.55859375,0.3476639660493827,0.5736688375473022,0.3488938808441162,0.16163917824074073,0.36799864969135804,0.0920433063271605,0.049554398148148146,0.0627087652683258,0.4921875,0.0008755011949688196
scene14,off,off/scene14/L0__s20260820__0002.png::boost_h,L0,260820_boost_h_off,11.657,0.2829,-7.0039,2.401,0.7635368441358025,0.23646315586419753,0.64453125,0.8466796875,1.3935546875,3.923828125,53.0,78.8125,0.60498046875,0.3635228587962963,0.47890231013298035,0.41576725244522095,0.47152006172839506,0.1236988811728395,0.030953414351851852,0.01681712962962963,0.07003969699144363,1.08984375,0.0003715568454936147
scene14,off,off/scene14/L0__s20260820__0003.png::boost_h,L0,260820_boost_h_off,10.095,0.9842,-7.2352,-9.0359,0.7468812692901234,0.25311873070987656,2.302734375,2.98046875,4.72265625,11.4609375,51.53125,78.5625,2.12890625,0.4578298611111111,0.687893271446228,0.32042938470840454,0.0,0.39110773533950616,0.11332127700617284,0.05998215663580247,0.05820178985595703,0.4140625,0.0010796213755384088
scene14,off,off/scene14/L0__s20260820__0004.png::boost_h,L0,260820_boost_h_off,6.7379,0.6465,-16.0704,-3.7589,0.9800395447530864,0.019960455246913582,1.1552734375,1.48046875,2.28125,4.9921875,45.59375,48.0625,1.0869140625,0.1638937114197531,0.38980329036712646,0.319075345993042,0.42580922067901233,0.30944926697530867,0.0772776813271605,0.03720775462962963,0.06639155000448227,0.5703125,0.0007718672277405858
scene14,off,off/scene14/L0__s20260820__0005.png::boost_h,L0,260820_boost_h_off,8.1602,0.7122,-12.4022,9.6925,0.8995085841049383,0.10049141589506173,1.3759765625,1.7900390625,2.869140625,7.22265625,48.4375,73.25,1.28515625,0.2859307484567901,0.5026125907897949,0.35337746143341064,0.2874488811728395,0.3211824845679012,0.08033709490740741,0.038798707561728395,0.06483446061611176,0.5546875,0.0007911775610409677
scene14,off,off/scene14/L0__s20260820__0006.png::boost_h,L0,260820_boost_h_off,8.239,0.2771,-16.5186,9.6527,0.9717404513888889,0.028259548611111112,0.4794921875,0.61376953125,0.94580078125,2.05859375,38.71875,49.875,0.449951171875,0.1084350887345679,0.23875199258327484,0.30165809392929077,0.7226234567901234,0.1275458140432099,0.03188512731481481,0.01476466049382716,0.07120950520038605,1.0836334228515625,0.0008133556693792343
scene14,off,off/scene14/L0__s20260820__0007.png::boost_h,L0,260820_boost_h_off,10.4613,0.3301,-6.1172,5.4847,0.7674980709876543,0.23250192901234568,0.81494140625,1.0791015625,1.81640625,5.71875,52.03125,77.875,0.7421875,0.3863088348765432,0.5172577500343323,0.4072251319885254,0.4098321759259259,0.15281346450617284,0.03829523533950617,0.020168306327160494,0.06883403658866882,0.96875,0.00181179353967309
scene14,off,off/scene14/L0__s20260820__0000.png::boost_e,L0,260820_boost_e_off,8.9228,1.4412,-8.1284,3.311,0.7857421875,0.2142578125,3.33984375,4.33203125,6.8984375,37.5,50.6875,76.875,3.115234375,0.5062220293209877,0.7681044340133667,0.26647642254829407,0.0,0.26665075231481483,0.17173707561728396,0.08636622299382717,0.050824735313653946,0.2890625,0.0006177480681799352
scene14,off,off/scene14/L0__s20260820__0001.png::boost_e,L0,260820_boost_e_off,11.2053,1.7168,-10.3828,-4.0507,0.8005015432098765,0.19949845679012346,3.564453125,4.55859375,6.98828125,18.984375,52.5,79.5,3.330078125,0.4870630787037037,0.7711012363433838,0.25647762417793274,0.0,0.25084056712962965,0.19661747685185185,0.10665702160493827,0.04916822165250778,0.2578125,0.0006716231582686305
scene14,off,off/scene14/L0__s20260820__0002.png::boost_e,L0,260820_boost_e_off,11.657,1.2307,-7.0039,2.401,0.7134418402777778,0.2865581597222222,2.79296875,3.591796875,5.5859375,13.0625,53.34375,80.1875,2.630859375,0.5017173032407407,0.7400447726249695,0.2930075526237488,0.0,0.31884982638888887,0.13459394290123458,0.07364535108024692,0.054671525955200195,0.359375,0.00029915833147242665
scene14,off,off/scene14/L0__s20260820__0003.png::boost_e,L0,260820_boost_e_off,10.095,1.8852,-7.2352,-9.0359,0.6958304398148148,0.3041695601851852,4.39453125,5.5703125,8.375,36.84375,52.1875,78.9375,4.078125,0.5961255787037038,0.8488094210624695,0.20992828905582428,0.0,0.11450954861111111,0.21707658179012346,0.11564380787037037,0.04316539689898491,0.234375,0.0008008629665710032
scene14,off,off/scene14/L0__s20260820__0004.png::boost_e,L0,260820_boost_e_off,6.7379,1.5701,-16.0704,-3.7589,0.9564814814814815,0.04351851851851852,2.80078125,3.56640625,5.40625,11.890625,46.65625,60.96875,2.630859375,0.3144164737654321,0.6410456895828247,0.28759557008743286,0.0,0.4404591049382716,0.1877170138888889,0.09051311728395062,0.054638367146253586,0.265625,0.0009069788502529263
scene14,off,off/scene14/L0__s20260820__0005.png::boost_e,L0,260820_boost_e_off,8.1602,1.6314,-12.4022,9.6925,0.8446330054012345,0.15536699459876543,3.140625,4.0078125,6.12109375,15.3125,49.15625,73.5,2.9453125,0.4254668209876543,0.7193387150764465,0.2779947519302368,0.0,0.3322120949074074,0.1840186149691358,0.08969425154320988,0.052196234464645386,0.2734375,0.0006834878004156053
scene14,off,off/scene14/L0__s20260820__0006.png::boost_e,L0,260820_boost_e_off,8.239,1.2253,-16.5186,9.6527,0.933110050154321,0.06688994984567902,2.111328125,2.673828125,4.00390625,7.97265625,46.4375,63.15625,1.986328125,0.2562041859567901,0.5539897084236145,0.30958834290504456,0.0011111111111111111,0.5586617476851852,0.1408179012345679,0.06645688657407407,0.05954013019800186,0.34375,0.0006913572433404624
scene14,off,off/scene14/L0__s20260820__0007.png::boost_e,L0,260820_boost_e_off,10.4613,1.2748,-6.1172,5.4847,0.7196296296296296,0.2803703703703704,3.134765625,4.06640625,6.46484375,22.9375,52.5,78.1875,2.8671875,0.5324165702160494,0.7719040513038635,0.27409183979034424,0.0,0.2704181134259259,0.14791232638888888,0.07821180555555556,0.052254900336265564,0.328125,0.0013713340740650892
scene15,on,on/scene15/L0__s20260819__0000.png,L0,260819_main_on,9.9031,0.4233,-6.6317,-4.2143,0.9971098572530864,0.00289014274691358,1.0087890625,1.4765625,1.955078125,3.15234375,9.734375,40.96875,0.80078125,0.036691261574074076,0.2922826111316681,0.24463608860969543,0.5154648919753086,0.3485450424382716,0.04770929783950617,0.05775366512345679,0.03410881385207176,0.4375,0.03743970766663551
scene15,on,on/scene15/L0__s20260819__0001.png,L0,260819_main_on,1.858,0.4837,-7.5218,-9.2458,0.9978804976851852,0.002119502314814815,1.12109375,1.470703125,1.7802734375,2.5625,14.5546875,32.09375,1.0244140625,0.06368923611111112,0.2764306366443634,0.2417743057012558,0.6651827739197531,0.2036111111111111,0.04828462577160494,0.02210744598765432,0.026408150792121887,0.2890625,0.04927549883723259
scene15,on,on/scene15/L0__s20260819__0002.png,L0,260819_main_on,4.6673,0.5252,-8.4908,3.1991,0.9978771219135802,0.002122878086419753,1.11328125,1.431640625,1.8818359375,2.978515625,7.4140625,35.40625,1.00390625,0.04148244598765432,0.26531606912612915,0.20286159217357635,0.5432339891975309,0.37840470679012345,0.028704185956790123,0.00978587962962963,0.02356458082795143,0.1875,0.03651435673236847
scene15,on,on/scene15/L0__s20260819__0003.png,L0,260819_main_on,1.3693,0.9901,-13.9162,-3.4361,1.0,0.0,1.33203125,1.4541015625,1.8037109375,3.5,12.96875,27.15625,1.255859375,0.0548389274691358,0.3034858703613281,0.24834512174129486,0.5494304591049383,0.2796161265432099,0.08473765432098765,0.0345751350308642,0.020936334505677223,0.328125,0.06682238727807999
scene15,on,on/scene15/L0__s20260819__0004.png,L0,260819_main_on,5.5065,0.7528,-11.0394,5.5473,0.9993021797839506,0.0006978202160493827,1.4267578125,1.7099609375,2.166015625,3.30078125,7.7421875,35.6875,1.291015625,0.040275848765432096,0.29477760195732117,0.19950929284095764,0.42650270061728396,0.4324131944444444,0.09314043209876544,0.011909722222222223,0.024851784110069275,0.171875,0.03684002906084061
scene15,on,on/scene15/L0__s20260819__0005.png,L0,260819_main_on,3.0224,0.9833,-12.9205,6.4099,0.9999633487654321,3.6651234567901234e-05,1.5224609375,1.8408203125,2.314453125,3.01953125,10.6484375,29.890625,1.380859375,0.055574845679012344,0.30457812547683716,0.21469135582447052,0.3537987075617284,0.5316526813271605,0.04243489583333333,0.02995707947530864,0.021285874769091606,0.203125,0.04852239787578583
scene15,on,on/scene15/L0__s20260819__0006.png,L0,260819_main_on,2.2421,0.9553,-9.1914,-18.2162,0.9991960841049383,0.0008039158950617284,1.1044921875,1.5224609375,2.3046875,3.62109375,15.0078125,30.4375,1.0234375,0.07291136188271605,0.32789406180381775,0.26463496685028076,0.3807783564814815,0.43818431712962963,0.06720244984567901,0.0450294174382716,0.024681493639945984,0.2734375,0.06639090180397034
scene15,on,on/scene15/L0__s20260819__0007.png,L0,260819_main_on,5.1525,0.8177,-15.2404,1.5985,1.0,0.0,1.400390625,1.6474609375,2.048828125,2.99609375,6.23828125,30.71875,1.2958984375,0.031078317901234567,0.27228909730911255,0.18193218111991882,0.47715711805555555,0.4344579475308642,0.04934654706790124,0.01214940200617284,0.021018261089920998,0.13671875,0.03104012832045555
scene15,on,on/scene15/L0__s20260820__0000.png::boost_h,L0,260820_boost_h_on,10.9914,0.3614,-13.637,-17.7914,1.0,0.0,0.6748046875,0.89794921875,1.1875,1.93359375,6.71484375,34.0,0.6220703125,0.02443190586419753,0.19473391771316528,0.2005499303340912,0.7599961419753086,0.16461757330246912,0.03613570601851852,0.024037422839506172,0.027168449014425278,0.4140625,0.01803816668689251
scene15,on,on/scene15/L0__s20260820__0001.png::boost_h,L0,260820_boost_h_on,9.9013,0.8097,-6.8068,-11.8299,0.9950761959876543,0.004923804012345679,1.1494140625,1.697265625,2.380859375,3.697265625,9.6953125,40.125,1.0615234375,0.04146170910493827,0.33307817578315735,0.2527926564216614,0.37503520447530864,0.45527729552469137,0.06249807098765432,0.07265721450617284,0.03950778394937515,0.4921875,0.049575839191675186
scene15,on,on/scene15/L0__s20260820__0002.png::boost_h,L0,260820_boost_h_on,6.6026,0.6748,-8.6096,-4.0107,0.9972492283950617,0.0027507716049382717,1.3134765625,1.6259765625,2.1328125,3.328125,7.35546875,37.125,1.1796875,0.039831211419753085,0.2990928292274475,0.21215960383415222,0.44341917438271605,0.40556471836419755,0.1019212962962963,0.014521604938271605,0.025338882580399513,0.24609375,0.03755529597401619
scene15,on,on/scene15/L0__s20260820__0003.png::boost_h,L0,260820_boost_h_on,7.5147,0.4263,-11.0902,-4.9586,0.999975887345679,2.4112654320987653e-05,0.8603515625,1.1826171875,1.71484375,2.673828125,7.29296875,36.46875,0.7841796875,0.027297935956790125,0.2433544248342514,0.203269824385643,0.607293113425926,0.2914776234567901,0.06614824459876543,0.01168065200617284,0.02685823291540146,0.3219146728515625,0.027225330471992493
scene15,on,on/scene15/L0__s20260820__0004.png::boost_h,L0,260820_boost_h_on,9.9583,0.7018,-12.6937,-3.4861,1.0,0.0,1.0185546875,1.4404296875,1.9951171875,3.197265625,8.8984375,35.25,0.9208984375,0.02547067901234568,0.279651939868927,0.2152211219072342,0.5013609182098765,0.38026957947530865,0.06072289737654321,0.036298225308641976,0.02481640875339508,0.3046875,0.028285883367061615
scene15,on,on/scene15/L0__s20260820__0005.png::boost_h,L0,260820_boost_h_on,9.8366,0.329,-5.4058,-7.3396,0.992671199845679,0.007328800154320987,0.79541015625,0.96826171875,1.41796875,3.0078125,9.578125,40.3125,0.73193359375,0.03787856867283951,0.2610355615615845,0.2580159604549408,0.6270823688271605,0.23830922067901233,0.04607687114197531,0.057388117283950615,0.0324435718357563,0.49609375,0.03644757345318794
scene15,on,on/scene15/L0__s20260820__0006.png::boost_h,L0,260820_boost_h_on,6.9519,0.4238,-5.1828,6.8137,0.9952536651234568,0.00474633487654321,1.119140625,1.51953125,2.130859375,3.474609375,8.421875,38.21875,0.9873046875,0.04612268518518518,0.30587297677993774,0.23073340952396393,0.4488155864197531,0.38360243055555554,0.11055362654320988,0.01622636959876543,0.029549336060881615,0.33984375,0.0373275987803936
scene15,on,on/scene15/L0__s20260820__0007.png::boost_h,L0,260820_boost_h_on,8.3783,0.7953,-9.4753,-12.4083,0.9996272183641975,0.00037278163580246914,1.583984375,1.828125,2.326171875,3.591796875,8.34375,34.84375,1.314453125,0.03851128472222222,0.32689961791038513,0.22297047078609467,0.35575038580246915,0.4839520640432099,0.08048273533950617,0.04638310185185185,0.034291524440050125,0.34259796142578125,0.04391764849424362
scene15,on,on/scene15/L0__s20260820__0000.png::boost_e,L0,260820_boost_e_on,10.9914,0.3911,-13.637,-17.7914,1.0,0.0,0.72998046875,0.95166015625,1.236328125,2.021484375,6.86328125,34.03125,0.67333984375,0.02513695987654321,0.20147384703159332,0.20159444212913513,0.7466010802469136,0.17524257330246915,0.037822145061728395,0.02476514274691358,0.026835883036255836,0.4140625,0.01853073202073574
scene15,on,on/scene15/L0__s20260820__0001.png::boost_e,L0,260820_boost_e_on,9.9013,0.959,-6.8068,-11.8299,0.9948760609567902,0.005123939043209877,1.15234375,1.7216796875,2.53515625,3.978515625,9.75,40.1875,1.0615234375,0.044621431327160496,0.3500935137271881,0.25799649953842163,0.3063474151234568,0.5030806327160494,0.07555893132716049,0.07741078317901234,0.04770950973033905,0.5789260864257812,0.05777033790946007
scene15,on,on/scene15/L0__s20260820__0002.png::boost_e,L0,260820_boost_e_on,6.6026,0.7881,-8.6096,-4.0107,0.9968938078703704,0.0031061921296296298,1.314453125,1.7763671875,2.265625,3.623046875,7.8125,37.15625,1.1796875,0.04227430555555556,0.31535735726356506,0.21487373113632202,0.3837813464506173,0.44928771219135805,0.11500096450617284,0.015070891203703704,0.025627903640270233,0.234375,0.040492672473192215
scene15,on,on/scene15/L0__s20260820__0003.png::boost_e,L0,260820_boost_e_on,7.5147,0.4734,-11.0902,-4.9586,0.9998784722222223,0.00012152777777777777,0.955078125,1.3134765625,1.787109375,2.771484375,7.3125,37.71875,0.87060546875,0.028149112654320987,0.25309816002845764,0.20310886204242706,0.5817934992283951,0.312818287037037,0.06922501929012345,0.011925154320987655,0.026537949219346046,0.3180084228515625,0.02826775424182415
scene15,on,on/scene15/L0__s20260820__0004.png::boost_e,L0,260820_boost_e_on,9.9583,0.8223,-12.6937,-3.4861,1.0,0.0,1.0185546875,1.5986328125,2.224609375,3.421875,9.484375,35.3125,0.9208984375,0.02745900848765432,0.2978551983833313,0.22111427783966064,0.4320770640432099,0.4366015625,0.06627555941358025,0.04204619984567901,0.026083389297127724,0.3125,0.03122979775071144
scene15,on,on/scene15/L0__s20260820__0005.png::boost_e,L0,260820_boost_e_on,9.8366,0.3501,-5.4058,-7.3396,0.9925819830246914,0.007418016975308642,0.8193359375,0.99951171875,1.4638671875,3.052734375,9.578125,40.15625,0.76171875,0.038152488425925925,0.26524481177330017,0.2580556571483612,0.6173321759259259,0.24622974537037037,0.04681664737654321,0.05824893904320988,0.032141994684934616,0.4765625,0.03637874498963356
scene15,on,on/scene15/L0__s20260820__0006.png::boost_e,L0,260820_boost_e_on,6.9519,0.4701,-5.1828,6.8137,0.9949440586419753,0.005055941358024691,1.2412109375,1.6005859375,2.201171875,3.58203125,8.578125,38.21875,1.0947265625,0.047098283179012344,0.31528550386428833,0.2300948202610016,0.4201591435185185,0.4047043788580247,0.11679783950617284,0.016587577160493826,0.029122181236743927,0.3203125,0.03846161067485809
scene15,on,on/scene15/L0__s20260820__0007.png::boost_e,L0,260820_boost_e_on,8.3783,0.9407,-9.4753,-12.4083,0.999579475308642,0.0004205246913580247,1.599609375,1.9658203125,2.49609375,3.8125,8.4140625,34.875,1.314453125,0.040731577932098764,0.34433674812316895,0.226542666554451,0.2711911651234568,0.5517443094135802,0.08988184799382716,0.05169849537037037,0.039673157036304474,0.43830108642578125,0.049673691391944885
scene15,off,off/scene15/L0__s20260819__0000.png,L0,260819_main_off,9.9031,0.4233,-6.6317,-4.2143,0.9971098572530864,0.00289014274691358,1.0087890625,1.4765625,1.955078125,3.15234375,9.734375,40.96875,0.80078125,0.03662856867283951,0.29228222370147705,0.24463491141796112,0.5154648919753086,0.3485450424382716,0.04770929783950617,0.05861593364197531,0.03410881385207176,0.4375,0.03743970766663551
scene15,off,off/scene15/L0__s20260819__0001.png,L0,260819_main_off,1.858,0.4837,-7.5218,-9.2458,0.9978804976851852,0.002119502314814815,1.12109375,1.470703125,1.7802734375,2.306640625,8.890625,32.09375,1.0244140625,0.0510913387345679,0.2477182298898697,0.20433935523033142,0.6742452739197531,0.2400655864197531,0.03267650462962963,0.0030420524691358026,0.02413436397910118,0.3046875,0.03367949649691582
scene15,off,off/scene15/L0__s20260819__0002.png,L0,260819_main_off,4.6673,0.5252,-8.4908,3.1991,0.9978771219135802,0.002122878086419753,1.11328125,1.431640625,1.8818359375,2.978515625,6.76171875,35.40625,1.00390625,0.034314718364197534,0.26226088404655457,0.19494782388210297,0.5432339891975309,0.38006221064814816,0.03419994212962963,0.00941261574074074,0.02344360388815403,0.3046875,0.03433296084403992
scene15,off,off/scene15/L0__s20260819__0003.png,L0,260819_main_off,1.3693,0.9901,-13.9162,-3.4361,1.0,0.0,1.33203125,1.4541015625,1.7607421875,2.583984375,6.890625,26.875,1.255859375,0.04278935185185185,0.24993449449539185,0.194648876786232,0.6042119984567901,0.3146952160493827,0.034519675925925926,0.006102430555555555,0.019700266420841217,0.23828125,0.035454653203487396
scene15,off,off/scene15/L0__s20260819__0004.png,L0,260819_main_off,5.5065,0.7528,-11.0394,5.5473,0.9993021797839506,0.0006978202160493827,1.4267578125,1.7099609375,2.166015625,3.30078125,6.95703125,35.6875,1.291015625,0.03199315200617284,0.29210129380226135,0.19228629767894745,0.42650270061728396,0.4324131944444444,0.10022038966049383,0.012485050154320988,0.024624405428767204,0.2890625,0.03479882702231407
scene15,off,off/scene15/L0__s20260819__0005.png,L0,260819_main_off,3.0224,0.9833,-12.9205,6.4099,0.9999633487654321,3.6651234567901234e-05,1.5224609375,1.8408203125,2.314453125,3.01953125,7.0234375,29.890625,1.380859375,0.036124614197530866,0.2859533727169037,0.17890432476997375,0.3537987075617284,0.5622347608024691,0.04326967592592593,0.006662808641975309,0.01985090970993042,0.26171875,0.035846125334501266
scene15,off,off/scene15/L0__s20260819__0006.png,L0,260819_main_off,2.2421,0.9553,-9.1914,-18.2162,0.9991960841049383,0.0008039158950617284,1.1044921875,1.5224609375,2.29296875,2.970703125,14.109375,30.4375,1.0234375,0.05929591049382716,0.2861420214176178,0.21776829659938812,0.3807783564814815,0.5096055169753086,0.04603153935185185,0.006744309413580247,0.020815690979361534,0.26171875,0.04053870961070061
scene15,off,off/scene15/L0__s20260819__0007.png,L0,260819_main_off,5.1525,0.8177,-15.2404,1.5985,1.0,0.0,1.400390625,1.6474609375,2.048828125,2.99609375,5.77734375,30.328125,1.2958984375,0.02066358024691358,0.2685515880584717,0.17059053480625153,0.47715711805555555,0.4344579475308642,0.058814621913580244,0.011156925154320988,0.020792583003640175,0.2421875,0.028280753642320633
scene15,off,off/scene15/L0__s20260820__0000.png::boost_h,L0,260820_boost_h_off,10.9914,0.3614,-13.637,-17.7914,1.0,0.0,0.6748046875,0.89794921875,1.1875,1.93359375,6.71484375,33.84375,0.6220703125,0.02443190586419753,0.19473391771316528,0.2005499303340912,0.7599961419753086,0.16461757330246912,0.03613570601851852,0.02464940200617284,0.027168449014425278,0.4140625,0.01803816668689251
scene15,off,off/scene15/L0__s20260820__0001.png::boost_h,L0,260820_boost_h_off,9.9013,0.8097,-6.8068,-11.8299,0.9950761959876543,0.004923804012345679,1.1494140625,1.697265625,2.380859375,3.697265625,9.6953125,40.125,1.0615234375,0.041171875,0.33307376503944397,0.25278133153915405,0.37503520447530864,0.45527729552469137,0.06249807098765432,0.07435088734567902,0.03950778394937515,0.4921875,0.049575839191675186
scene15,off,off/scene15/L0__s20260820__0002.png::boost_h,L0,260820_boost_h_off,6.6026,0.6748,-8.6096,-4.0107,0.9972492283950617,0.0027507716049382717,1.3134765625,1.6259765625,2.1328125,3.328125,7.203125,37.125,1.1796875,0.03520640432098766,0.29810142517089844,0.20946432650089264,0.44341917438271605,0.40556471836419755,0.10477189429012346,0.016374903549382716,0.025289081037044525,0.30859375,0.036835670471191406
scene15,off,off/scene15/L0__s20260820__0003.png::boost_h,L0,260820_boost_h_off,7.5147,0.4263,-11.0902,-4.9586,0.999975887345679,2.4112654320987653e-05,0.8603515625,1.1826171875,1.71484375,2.673828125,7.29296875,36.46875,0.7841796875,0.025341917438271605,0.24305006861686707,0.20227520167827606,0.607293113425926,0.2914776234567901,0.06682195216049383,0.013491512345679012,0.026846570894122124,0.3671875,0.02694106288254261
scene15,off,off/scene15/L0__s20260820__0004.png::boost_h,L0,260820_boost_h_off,9.9583,0.7018,-12.6937,-3.4861,1.0,0.0,1.0185546875,1.4404296875,1.9951171875,3.197265625,8.8984375,34.96875,0.9208984375,0.025278742283950616,0.2796502411365509,0.21521559357643127,0.5013609182098765,0.38026957947530865,0.06072289737654321,0.0380420524691358,0.02481640875339508,0.3046875,0.028285883367061615
scene15,off,off/scene15/L0__s20260820__0005.png::boost_h,L0,260820_boost_h_off,9.8366,0.329,-5.4058,-7.3396,0.992671199845679,0.007328800154320987,0.79541015625,0.96826171875,1.41796875,3.0078125,9.578125,40.3125,0.73193359375,0.037742573302469135,0.26103341579437256,0.25800979137420654,0.6270823688271605,0.23830922067901233,0.04607687114197531,0.05811680169753086,0.0324435718357563,0.49609375,0.03644757345318794
scene15,off,off/scene15/L0__s20260820__0006.png::boost_h,L0,260820_boost_h_off,6.9519,0.4238,-5.1828,6.8137,0.9952536651234568,0.00474633487654321,1.119140625,1.51953125,2.130859375,3.474609375,8.1796875,38.21875,0.9873046875,0.04323447145061728,0.30531397461891174,0.2293262630701065,0.4488155864197531,0.38360243055555554,0.11211709104938272,0.018019868827160494,0.029532816261053085,0.41796875,0.03691136837005615
scene15,off,off/scene15/L0__s20260820__0007.png::boost_h,L0,260820_boost_h_off,8.3783,0.7953,-9.4753,-12.4083,0.9996272183641975,0.00037278163580246914,1.583984375,1.828125,2.326171875,3.591796875,8.3359375,34.84375,1.314453125,0.0362157600308642,0.32667550444602966,0.22235451638698578,0.35575038580246915,0.4839520640432099,0.08048273533950617,0.04984423225308642,0.03427840769290924,0.37890625,0.043683260679244995
scene15,off,off/scene15/L0__s20260820__0000.png::boost_e,L0,260820_boost_e_off,10.9914,0.3911,-13.637,-17.7914,1.0,0.0,0.72998046875,0.95166015625,1.236328125,2.021484375,6.86328125,33.875,0.67333984375,0.02513695987654321,0.20147384703159332,0.20159444212913513,0.7466010802469136,0.17524257330246915,0.037822145061728395,0.025427276234567902,0.026835883036255836,0.4140625,0.01853073202073574
scene15,off,off/scene15/L0__s20260820__0001.png::boost_e,L0,260820_boost_e_off,9.9013,0.959,-6.8068,-11.8299,0.9948760609567902,0.005123939043209877,1.15234375,1.7216796875,2.53515625,3.978515625,9.75,40.1875,1.0615234375,0.04425925925925926,0.350087970495224,0.2579827606678009,0.3063474151234568,0.5030806327160494,0.07555893132716049,0.07943190586419753,0.04770950973033905,0.5789260864257812,0.05777033790946007
scene15,off,off/scene15/L0__s20260820__0002.png::boost_e,L0,260820_boost_e_off,6.6026,0.7881,-8.6096,-4.0107,0.9968938078703704,0.0031061921296296298,1.314453125,1.7763671875,2.265625,3.623046875,7.41015625,37.15625,1.1796875,0.036921778549382715,0.3142147958278656,0.2118874043226242,0.3837813464506173,0.44928771219135805,0.11828269675925926,0.0173022762345679,0.025547737255692482,0.32421875,0.0395231619477272
scene15,off,off/scene15/L0__s20260820__0003.png::boost_e,L0,260820_boost_e_off,7.5147,0.4734,-11.0902,-4.9586,0.9998784722222223,0.00012152777777777777,0.955078125,1.3134765625,1.787109375,2.771484375,7.3125,37.71875,0.87060546875,0.02599151234567901,0.2527634799480438,0.20202942192554474,0.5817934992283951,0.312818287037037,0.06996045524691358,0.013935667438271605,0.026530176401138306,0.3515625,0.02799728885293007
scene15,off,off/scene15/L0__s20260820__0004.png::boost_e,L0,260820_boost_e_off,9.9583,0.8223,-12.6937,-3.4861,1.0,0.0,1.0185546875,1.5986328125,2.224609375,3.421875,9.484375,35.0,0.9208984375,0.027272858796296297,0.29785382747650146,0.221110001206398,0.4320770640432099,0.4366015625,0.06627555941358025,0.044052372685185186,0.026083389297127724,0.3125,0.03122979775071144
scene15,off,off/scene15/L0__s20260820__0005.png::boost_e,L0,260820_boost_e_off,9.8366,0.3501,-5.4058,-7.3396,0.9925819830246914,0.007418016975308642,0.8193359375,0.99951171875,1.4638671875,3.052734375,9.578125,40.15625,0.76171875,0.038009259259259257,0.2652425467967987,0.2580493986606598,0.6173321759259259,0.24622974537037037,0.04681664737654321,0.0590282600308642,0.032141994684934616,0.4765625,0.03637874498963356
scene15,off,off/scene15/L0__s20260820__0006.png::boost_e,L0,260820_boost_e_off,6.9519,0.4701,-5.1828,6.8137,0.9949440586419753,0.005055941358024691,1.2412109375,1.6005859375,2.201171875,3.58203125,8.3125,38.21875,1.0947265625,0.0439038387345679,0.3146679699420929,0.22856038808822632,0.4201591435185185,0.4047043788580247,0.11852430555555556,0.018576871141975308,0.02910371869802475,0.3984375,0.03789961338043213
scene15,off,off/scene15/L0__s20260820__0007.png::boost_e,L0,260820_boost_e_off,8.3783,0.9407,-9.4753,-12.4083,0.999579475308642,0.0004205246913580247,1.599609375,1.9658203125,2.49609375,3.8125,8.40625,34.875,1.314453125,0.03806327160493827,0.3440802991390228,0.225867360830307,0.2711911651234568,0.5517443094135802,0.08988184799382716,0.055796682098765434,0.03966052457690239,0.44123077392578125,0.04946109652519226
scene18,on,on/scene18/L0__s20260819__0000.png,L0,260819_main_on,1.493,0.4894,-12.8838,-6.5844,0.8279764660493827,0.17202353395061729,0.92431640625,1.1689453125,10.875,22.71875,120.4609375,1000.0,0.83740234375,0.6186670524691358,0.6741005182266235,0.4262804090976715,0.36823157793209876,0.0,0.0,0.08504533179012345,0.06800953298807144,0.15625,0.005379931535571814
scene18,on,on/scene18/L0__s20260819__0001.png,L0,260819_main_on,1.9928,1.2508,-14.5053,-0.143,0.8692925347222222,0.13070746527777777,2.544921875,8.6875,12.9609375,27.5,135.875,1000.0,2.05078125,0.6963604359567901,0.8862693905830383,0.23310615122318268,0.0,0.11801359953703704,0.0437012924382716,0.2373707561728395,0.058252621442079544,0.71875,0.003327788319438696
scene18,on,on/scene18/L0__s20260819__0002.png,L0,260819_main_on,10.4512,0.8196,-17.1516,-15.9889,0.947440200617284,0.05255979938271605,1.3916015625,1.7587890625,2.626953125,5.1875,118.0,1000.0,1.3125,0.17401234567901236,0.42753198742866516,0.3147454857826233,0.3230492862654321,0.37839940200617284,0.09465036651234568,0.039327256944444444,0.06468624621629715,0.484375,0.0006222578231245279
scene18,on,on/scene18/L0__s20260819__0003.png,L0,260819_main_on,1.3672,0.7192,-9.4719,6.5541,0.7509384645061729,0.24906153549382717,6.12109375,9.0,13.4296875,29.234375,143.375,1000.0,1.4033203125,0.7555328896604938,0.9378361701965332,0.15982195734977722,0.023797260802469137,0.00929783950617284,0.08327594521604938,0.2135836226851852,0.04444795846939087,0.7578125,0.003826829604804516
scene18,on,on/scene18/L0__s20260819__0004.png,L0,260819_main_on,1.673,1.6723,-2.8356,-7.7696,0.5685932677469135,0.4314067322530864,11.90625,15.03125,23.34375,51.15625,212.375,1000.0,11.2734375,1.0,1.0,0.0,0.0,0.0,0.0,0.03236496913580247,0.0,0.0,0.0
scene18,on,on/scene18/L0__s20260819__0005.png,L0,260819_main_on,1.2517,0.3998,-4.7331,9.0788,0.6211694637345679,0.3788305362654321,1.03125,9.140625,14.390625,32.375,154.75,999.0,0.95263671875,0.8247337962962963,0.8632747530937195,0.319087952375412,0.1530497685185185,0.0,0.0,0.0944897762345679,0.06722436100244522,0.15625,0.0019157604547217488
scene18,on,on/scene18/L0__s20260819__0006.png,L0,260819_main_on,5.9593,0.2506,-12.0517,-2.6405,0.7977266589506172,0.20227334104938272,0.476318359375,0.60205078125,0.89990234375,1.77734375,112.3125,1000.0,0.435302734375,0.2568190586419753,0.3512762784957886,0.39230790734291077,0.6210749421296297,0.10907021604938272,0.013035783179012345,0.0,0.07121685147285461,0.5859375,0.004180203657597303
scene18,on,on/scene18/L0__s20260819__0007.png,L0,260819_main_on,11.2418,0.4622,-11.7108,4.6011,0.7927015817901235,0.20729841820987654,0.89501953125,1.1318359375,1.689453125,3.333984375,122.375,1000.0,0.83056640625,0.26969473379629627,0.437015175819397,0.375263512134552,0.45858940972222223,0.20376398533950618,0.05096739969135802,0.024880883487654323,0.0682213306427002,0.7890625,0.0015196118038147688
scene18,on,on/scene18/L0__s20260820__0000.png::boost_e,L0,260820_boost_e_on,9.9477,1.5498,-7.1653,2.4167,0.6819560185185185,0.3180439814814815,3.58984375,4.53515625,6.75390625,38.15625,177.5,1000.0,3.41015625,0.5461255787037037,0.7988050580024719,0.2505291998386383,0.0,0.21868103780864198,0.17653211805555555,0.06179253472222222,0.04890173301100731,0.28125,7.542518869740888e-05
scene18,on,on/scene18/L0__s20260820__0001.png::boost_e,L0,260820_boost_e_on,10.0506,1.4597,-10.1204,15.1866,0.7492780671296296,0.25072193287037037,2.9609375,3.740234375,5.578125,30.109375,156.375,1000.0,2.802734375,0.4599623842592593,0.726520299911499,0.286106675863266,0.0,0.33036072530864197,0.15974826388888888,0.06424913194444444,0.05342823266983032,0.3125,0.0003885063051711768
scene18,on,on/scene18/L0__s20260820__0002.png::boost_e,L0,260820_boost_e_on,7.1883,1.8823,-9.0792,9.5062,0.7191550925925926,0.2808449074074074,3.9140625,4.94140625,7.6015625,37.0625,171.5,1000.0,3.708984375,0.6325178433641976,0.8234742283821106,0.24086463451385498,0.0,0.18579957561728394,0.18018470293209876,0.001497878086419753,0.046603649854660034,0.16796875,0.0014887697761878371
scene18,on,on/scene18/L0__s20260820__0003.png::boost_e,L0,260820_boost_e_on,8.964,1.7505,-8.8448,-3.6128,0.7344974922839507,0.2655025077160494,3.912109375,4.9375,7.35546875,38.78125,178.25,1000.0,3.642578125,0.5577613811728395,0.8077154159545898,0.23789559304714203,0.0,0.1902690972222222,0.20706163194444444,0.044907889660493826,0.046617861837148666,0.21875,0.001003167126327753
scene18,on,on/scene18/L0__s20260820__0004.png::boost_e,L0,260820_boost_e_on,10.047,1.6591,-16.4348,4.8995,0.925946662808642,0.07405333719135802,2.865234375,3.62109375,5.40234375,27.5625,141.0,1000.0,2.70703125,0.3217274305555556,0.651379406452179,0.28529995679855347,0.0,0.42488377700617286,0.19079185956790123,0.06837770061728395,0.054151300340890884,0.265625,0.00042173941619694233
scene18,on,on/scene18/L0__s20260820__0005.png::boost_e,L0,260820_boost_e_on,6.3047,1.8077,-10.8924,-2.0965,0.7849638310185185,0.21503616898148148,3.716796875,4.6953125,16.890625,36.25,167.875,1000.0,3.3984375,0.633239776234568,0.8071693778038025,0.2586797773838043,0.0,0.23230565200617284,0.13445457175925926,0.0,0.04801347106695175,0.109375,0.0025258962996304035
scene18,on,on/scene18/L0__s20260820__0006.png::boost_e,L0,260820_boost_e_on,6.4479,1.3639,-9.0932,1.6737,0.7353139467592592,0.26468605324074074,2.962890625,3.74609375,5.58203125,34.375,162.875,1000.0,2.6484375,0.5720751350308642,0.7516417503356934,0.2953864336013794,0.0,0.32380015432098763,0.10412471064814814,0.0,0.053362276405096054,0.1484375,0.004277564585208893
scene18,on,on/scene18/L0__s20260820__0007.png::boost_e,L0,260820_boost_e_on,11.0403,1.5586,-10.4272,-1.9559,0.7702309992283951,0.22976900077160495,3.234375,4.0859375,6.08984375,33.125,162.125,1000.0,2.98828125,0.46154272762345677,0.7434192895889282,0.2726728320121765,0.0,0.2992288773148148,0.1794651813271605,0.08544560185185185,0.05146302282810211,0.28125,0.001336708664894104
scene18,on,on/scene18/L0__s20260821__0000.png::boost_e2,L0,260820_boost_e2_on,6.9167,0.5245,-8.1314,-6.8834,0.7071262538580247,0.2928737461419753,1.1650390625,1.47265625,2.197265625,4.32421875,140.0,1000.0,1.0927734375,0.3976982060185185,0.5448282361030579,0.3853693902492523,0.31807822145061726,0.2368648726851852,0.04735869984567901,0.0,0.06628166139125824,0.4140625,0.001907633850350976
scene18,on,on/scene18/L0__s20260821__0001.png::boost_e2,L0,260820_boost_e2_on,4.691,0.7713,-11.4302,-0.5328,0.7832296489197531,0.21677035108024692,1.5009765625,1.896484375,2.830078125,25.296875,131.75,1000.0,1.421875,0.4469748263888889,0.5827784538269043,0.3807162940502167,0.22631076388888888,0.3266001157407407,0.00011429398148148148,0.0,0.06388929486274719,0.140625,0.0010371569078415632
scene18,on,on/scene18/L0__s20260821__0002.png::boost_e2,L0,260820_boost_e2_on,5.8493,0.469,-8.9683,14.9838,0.7280777391975308,0.2719222608024691,1.0087890625,1.2744140625,1.90234375,3.74609375,134.375,1000.0,0.91357421875,0.3809254436728395,0.5117769241333008,0.3947485387325287,0.3820505401234568,0.21098572530864199,0.026038290895061728,0.0,0.06740368902683258,0.39453125,0.0039255148731172085
scene18,on,on/scene18/L0__s20260821__0003.png::boost_e2,L0,260820_boost_e2_on,8.2439,0.8605,-11.9451,-8.9088,0.8069540895061729,0.19304591049382716,1.6845703125,2.12890625,3.177734375,6.26171875,135.0,1000.0,1.5986328125,0.341000675154321,0.5576375126838684,0.34549346566200256,0.16193287037037038,0.39075810185185184,0.09775270061728394,0.008555652006172839,0.0625736340880394,0.390625,0.0009610052802599967
scene18,on,on/scene18/L0__s20260821__0004.png::boost_e2,L0,260820_boost_e2_on,6.2891,0.6534,-5.9762,12.1226,0.646860050154321,0.35313994984567904,1.5439453125,1.951171875,2.91015625,5.71875,152.0,1000.0,1.435546875,0.49429349922839505,0.6374407410621643,0.36982592940330505,0.17352719907407407,0.28744984567901233,0.04472945601851852,0.0,0.06355396658182144,0.33203125,0.0022192015312612057
scene18,on,on/scene18/L0__s20260821__0005.png::boost_e2,L0,260820_boost_e2_on,7.2478,0.3339,-9.7583,2.6568,0.7554533179012346,0.24454668209876543,0.7109375,0.89892578125,1.341796875,2.64453125,129.0,1000.0,0.650390625,0.3077512538580247,0.43129730224609375,0.39577481150627136,0.5038565779320988,0.1542992862654321,0.034092881944444445,0.0,0.06953617185354233,0.63671875,0.00369017431512475
scene18,on,on/scene18/L0__s20260821__0006.png::boost_e2,L0,260820_boost_e2_on,7.5669,0.7525,-14.0417,8.7955,0.8684254436728395,0.1315745563271605,1.3974609375,1.7666015625,2.63671875,5.203125,126.75,1000.0,1.328125,0.27575761959876544,0.4804135859012604,0.34562021493911743,0.293521412037037,0.34859567901234567,0.08123167438271604,0.0008936149691358025,0.06463583558797836,0.3671875,0.0012959996238350868
scene18,on,on/scene18/L0__s20260821__0007.png::boost_e2,L0,260820_boost_e2_on,6.7865,0.3814,-10.8723,-9.5014,0.7681785300925926,0.2318214699074074,0.75244140625,0.951171875,1.419921875,2.802734375,122.0625,1000.0,0.7119140625,0.306397087191358,0.4320579171180725,0.39268895983695984,0.4969237075617284,0.1659423225308642,0.030736882716049383,0.0,0.06924355030059814,0.546875,0.0011512329801917076
scene18,off,off/scene18/L0__s20260819__0000.png,L0,260819_main_off,1.493,0.4894,-12.8838,-6.5844,0.8318055555555556,0.16819444444444445,0.9248046875,1.169921875,1.7529296875,3.490234375,31.75,999.5,0.83740234375,0.23961275077160493,0.4176669418811798,0.3632255792617798,0.46740065586419755,0.2197246334876543,0.054958043981481484,0.030516010802469136,0.06800953298807144,0.7421875,0.003148260060697794
scene18,off,off/scene18/L0__s20260819__0001.png,L0,260819_main_off,1.9928,1.2508,-14.5053,-0.143,0.8731380208333334,0.12686197916666667,2.255859375,2.85546875,4.2734375,8.4921875,64.0625,1000.0,2.05078125,0.31177662037037035,0.6008912324905396,0.3133169114589691,0.0,0.5003187692901234,0.1409620949074074,0.07827015817901234,0.05848546698689461,0.34375,0.0026436953339725733
scene18,off,off/scene18/L0__s20260819__0002.png,L0,260819_main_off,10.4512,0.8196,-17.1516,-15.9889,0.9513792438271605,0.04862075617283951,1.3916015625,1.76171875,2.638671875,5.25,28.171875,1000.0,1.3125,0.17238618827160493,0.42749419808387756,0.31467825174331665,0.3230492862654321,0.37839940200617284,0.09465036651234568,0.05254967206790123,0.06468624621629715,0.484375,0.0005515542579814792
scene18,off,off/scene18/L0__s20260819__0003.png,L0,260819_main_off,1.3672,0.7192,-9.4719,6.5541,0.754940200617284,0.24505979938271605,1.5615234375,1.9775390625,2.9609375,5.88671875,56.9375,999.5,1.4033203125,0.35523775077160497,0.5695556402206421,0.35567739605903625,0.19501302083333333,0.33729021990740743,0.08436583719135803,0.04684220679012346,0.06343495845794678,0.53125,0.0031315074302256107
scene18,off,off/scene18/L0__s20260819__0004.png,L0,260819_main_off,1.673,1.6723,-2.8356,-7.7696,0.5725376157407407,0.42746238425925925,4.70703125,5.953125,8.890625,18.171875,114.9375,1000.0,4.453125,0.6816314621913581,0.888911783695221,0.18398424983024597,0.0,0.0604296875,0.19347800925925926,0.10743200231481481,0.040832214057445526,0.2578125,0.0001395910803694278
scene18,off,off/scene18/L0__s20260819__0005.png,L0,260819_main_off,1.2517,0.3998,-4.7331,9.0788,0.6251070601851851,0.3748929398148148,1.0322265625,1.306640625,1.955078125,3.888671875,53.03125,999.0,0.95263671875,0.43463059413580246,0.57733553647995,0.39588916301727295,0.3194540895061728,0.18441792052469136,0.046137635030864196,0.025611496913580247,0.06722436100244522,0.8515625,0.001418898580595851
scene18,off,off/scene18/L0__s20260819__0006.png,L0,260819_main_off,5.9593,0.2506,-12.0517,-2.6405,0.8014409722222222,0.19855902777777779,0.4765625,0.60302734375,0.90380859375,1.8017578125,8.7578125,1000.0,0.435302734375,0.2334886188271605,0.34596964716911316,0.3853361904621124,0.6210749421296297,0.10907021604938272,0.02728153935185185,0.015147569444444444,0.07121612131595612,1.1953125,0.002622061874717474
scene18,off,off/scene18/L0__s20260819__0007.png,L0,260819_main_off,11.2418,0.4622,-11.7108,4.6011,0.7964626736111111,0.20353732638888888,0.8955078125,1.1337890625,1.6982421875,3.380859375,16.328125,1000.0,0.83056640625,0.26969473379629627,0.437015175819397,0.375263512134552,0.45858940972222223,0.20376398533950618,0.05096739969135802,0.028298128858024692,0.0682213306427002,0.7890625,0.0015196118038147688
scene18,off,off/scene18/L0__s20260820__0000.png::boost_e,L0,260820_boost_e_off,9.9477,1.5498,-7.1653,2.4167,0.6858410493827161,0.31415895061728394,3.591796875,4.54296875,6.7890625,13.4453125,92.0,1000.0,3.41015625,0.5460021219135802,0.7988067865371704,0.2505306005477905,0.0,0.21868103780864198,0.17653211805555555,0.09801890432098766,0.04890173301100731,0.28125,5.799143764306791e-05
scene18,off,off/scene18/L0__s20260820__0001.png::boost_e,L0,260820_boost_e_off,10.0506,1.4597,-10.1204,15.1866,0.7530087770061729,0.24699122299382717,2.962890625,3.748046875,5.60546875,11.1171875,78.5,999.5,2.802734375,0.4567221257716049,0.7264487743377686,0.2860398292541504,0.0,0.33036072530864197,0.15974826388888888,0.08868537808641976,0.05342823266983032,0.3125,0.00021659015328623354
scene18,off,off/scene18/L0__s20260820__0002.png::boost_e,L0,260820_boost_e_off,7.1883,1.8823,-9.0792,9.5062,0.7228298611111111,0.27717013888888886,3.9140625,4.953125,7.40234375,14.6484375,94.375,999.5,3.708984375,0.5438020833333334,0.8109772801399231,0.23612497746944427,0.0,0.18579957561728394,0.20284722222222223,0.1126316550925926,0.046603165566921234,0.25,0.00014782368089072406
scene18,off,off/scene18/L0__s20260820__0003.png::boost_e,L0,260820_boost_e_off,8.964,1.7505,-8.8448,-3.6128,0.7385392554012346,0.26146074459876545,3.912109375,4.94921875,7.3984375,14.640625,96.125,1000.0,3.642578125,0.5336805555555556,0.8066652417182922,0.23717395961284637,0.0,0.1902690972222222,0.20706163194444444,0.11502314814814815,0.046617861837148666,0.2421875,0.0008346408721990883
scene18,off,off/scene18/L0__s20260820__0004.png::boost_e,L0,260820_boost_e_off,10.047,1.6591,-16.4348,4.8995,0.9298697916666666,0.07013020833333333,2.865234375,3.626953125,5.42578125,10.765625,73.25,1000.0,2.70703125,0.32078896604938273,0.6513741612434387,0.2852936387062073,0.0,0.42488377700617286,0.19079234182098764,0.10593653549382716,0.054151300340890884,0.265625,0.000370164547348395
scene18,off,off/scene18/L0__s20260820__0005.png::boost_e,L0,260820_boost_e_off,6.3047,1.8077,-10.8924,-2.0965,0.788930362654321,0.21106963734567902,3.71875,4.703125,7.03125,13.9296875,91.0,1000.0,3.3984375,0.487406925154321,0.7786771059036255,0.24915684759616852,0.0,0.23230565200617284,0.21026572145061728,0.11675009645061728,0.04801250249147415,0.2421875,0.0017112316563725471
scene18,off,off/scene18/L0__s20260820__0006.png::boost_e,L0,260820_boost_e_off,6.4479,1.3639,-9.0932,1.6737,0.7392414158950618,0.2607585841049383,2.962890625,3.751953125,5.61328125,11.125,80.3125,999.5,2.6484375,0.46686583719135805,0.7316423654556274,0.28579309582710266,0.0,0.32380015432098763,0.15704089506172839,0.0871947337962963,0.053360577672719955,0.3125,0.0028625251725316048
scene18,off,off/scene18/L0__s20260820__0007.png::boost_e,L0,260820_boost_e_off,11.0403,1.5586,-10.4272,-1.9559,0.7741584683641975,0.22584153163580248,3.236328125,4.09375,6.12109375,12.1328125,83.5,1000.0,2.98828125,0.46154272762345677,0.7434192895889282,0.2726728320121765,0.0,0.29922935956790125,0.17946469907407409,0.09964795524691358,0.05146302282810211,0.28125,0.001336708664894104
scene18,off,off/scene18/L0__s20260821__0000.png::boost_e2,L0,260820_boost_e2_off,6.9167,0.5245,-8.1314,-6.8834,0.7109799382716049,0.28902006172839506,1.1650390625,1.4755859375,2.208984375,4.39453125,49.09375,1000.0,1.0927734375,0.3660894097222222,0.5397680401802063,0.380661278963089,0.31807822145061726,0.2368648726851852,0.059244791666666664,0.0328882137345679,0.06628166139125824,0.703125,0.0007434465805999935
scene18,off,off/scene18/L0__s20260821__0001.png::boost_e2,L0,260820_boost_e2_off,4.691,0.7713,-11.4302,-0.5328,0.7869671103395062,0.21303288966049383,1.5009765625,1.8994140625,2.84375,5.65625,53.0625,1000.0,1.421875,0.32343171296296297,0.542571485042572,0.35423901677131653,0.22631076388888888,0.3376866319444444,0.08447675540123457,0.04688030478395062,0.06388929486274719,0.5234375,0.00019307274487800896
scene18,off,off/scene18/L0__s20260821__0002.png::boost_e2,L0,260820_boost_e2_off,5.8493,0.469,-8.9683,14.9838,0.7319164737654321,0.2680835262345679,1.0087890625,1.2763671875,1.912109375,3.8046875,18.375,1000.0,0.91357421875,0.33661747685185184,0.5014649629592896,0.385611891746521,0.3820505401234568,0.21098572530864199,0.05277247299382716,0.02930121527777778,0.06740174442529678,0.765625,0.0027521266601979733
scene18,off,off/scene18/L0__s20260821__0003.png::boost_e2,L0,260820_boost_e2_off,8.2439,0.8605,-11.9451,-8.9088,0.8108473186728395,0.18915268132716048,1.685546875,2.1328125,3.193359375,6.34765625,56.28125,1000.0,1.5986328125,0.31702498070987656,0.5555300712585449,0.34314069151878357,0.16193287037037038,0.39075810185185184,0.09772135416666666,0.0542674575617284,0.0625731498003006,0.4765625,0.00015953698311932385
scene18,off,off/scene18/L0__s20260821__0004.png::boost_e2,L0,260820_boost_e2_off,6.2891,0.6534,-5.9762,12.1226,0.650613425925926,0.3493865740740741,1.544921875,1.955078125,2.92578125,5.81640625,59.0625,999.5,1.435546875,0.44318479938271604,0.6269589066505432,0.36305058002471924,0.17352719907407407,0.28744984567901233,0.07189621913580246,0.039920910493827164,0.06355348229408264,0.609375,0.0010893975850194693
scene18,off,off/scene18/L0__s20260821__0005.png::boost_e2,L0,260820_boost_e2_off,7.2478,0.3339,-9.7583,2.6568,0.7593976658950617,0.24060233410493828,0.71142578125,0.900390625,1.3486328125,2.685546875,12.9765625,1000.0,0.650390625,0.2903954475308642,0.4289306104183197,0.3928647041320801,0.5038565779320988,0.1542992862654321,0.03859567901234568,0.02142891589506173,0.06953568011522293,0.9609375,0.0023681148886680603
scene18,off,off/scene18/L0__s20260821__0006.png::boost_e2,L0,260820_boost_e2_off,7.5669,0.7525,-14.0417,8.7955,0.8722222222222222,0.12777777777777777,1.3984375,1.76953125,2.6494140625,5.26953125,48.5625,923.0,1.328125,0.24166666666666667,0.47611358761787415,0.34010007977485657,0.293521412037037,0.34859567901234567,0.0872680362654321,0.04839265046296296,0.06463535130023956,0.5078125,3.411083162063733e-05
scene18,off,off/scene18/L0__s20260821__0007.png::boost_e2,L0,260820_boost_e2_off,6.7865,0.3814,-10.8723,-9.5014,0.7718909143518519,0.22810908564814814,0.75244140625,0.95263671875,1.4267578125,2.841796875,13.75,1000.0,0.7119140625,0.2818098958333333,0.4276917576789856,0.3875873386859894,0.4969237075617284,0.1659423225308642,0.04150511188271605,0.023042052469135803,0.06924282014369965,0.90625,0.0003190134302712977
sceneC2,on,on/sceneC2/L2__s20260819__0000.png,L2,260819_main_on,2.4832,0.9149,-3.8125,-12.3059,0.7639756944444445,0.23602430555555556,2.330078125,11.5,19.453125,27.59375,36.6875,42.53125,2.01953125,0.8621064814814815,0.9180042147636414,0.2293451875448227,0.0,0.10442177854938271,0.007074170524691358,0.09618007330246914,0.09820781648159027,6.037910461425781,0.08820436894893646
sceneC2,on,on/sceneC2/L2__s20260819__0001.png,L2,260819_main_on,6.8638,1.0175,-13.4518,-13.0389,0.9981221064814815,0.0018778935185185185,1.8857421875,2.50390625,4.0625,28.96875,37.875,46.375,1.68359375,0.33104118441358027,0.5545195937156677,0.33352354168891907,0.09450279706790124,0.47551359953703703,0.09835599922839507,0.0005864197530864197,0.07565817981958389,1.33953857421875,0.03251776099205017
sceneC2,on,on/sceneC2/L2__s20260819__0002.png,L2,260819_main_on,8.321,1.4307,-11.6494,-2.9872,0.9598442322530865,0.04015576774691358,2.8828125,3.837890625,6.3359375,30.21875,40.53125,42.21875,2.6015625,0.42409143518518516,0.6890223622322083,0.2916586101055145,0.0,0.37570264274691356,0.1812553047839506,0.019359567901234567,0.06053624674677849,0.6720733642578125,0.024721605703234673
sceneC2,on,on/sceneC2/L2__s20260819__0003.png,L2,260819_main_on,1.2525,1.7048,-13.0594,-4.2489,0.9940914351851852,0.005908564814814814,7.6171875,10.2265625,16.171875,25.90625,33.65625,35.5,1.9248046875,0.766532600308642,0.9570401906967163,0.10953038930892944,0.0003481867283950617,0.01589988425925926,0.06414882330246914,0.25891493055555553,0.03583182767033577,0.140625,0.026207590475678444
sceneC2,on,on/sceneC2/L2__s20260819__0004.png,L2,260819_main_on,2.2154,0.4392,-13.5389,11.6475,1.0,0.0,0.87451171875,1.1123046875,1.841796875,21.21875,28.328125,39.75,0.7802734375,0.34655140817901237,0.44210585951805115,0.4098161458969116,0.5493605324074075,0.10281346450617283,0.00035011574074074074,0.027631172839506172,0.14633847773075104,7.666465759277344,0.3435942232608795
sceneC2,on,on/sceneC2/L2__s20260819__0005.png,L2,260819_main_on,4.5522,0.3101,-13.9053,-4.7076,1.0,0.0,0.5498046875,0.70263671875,1.2431640625,2.724609375,30.09375,38.0625,0.437255859375,0.15992332175925925,0.273184597492218,0.32917460799217224,0.6940600887345679,0.1429026813271605,0.0031139081790123456,0.0,0.12016934901475906,5.73046875,0.18467803299427032
sceneC2,on,on/sceneC2/L2__s20260819__0006.png,L2,260819_main_on,4.3157,1.5937,-11.6055,-2.8331,0.9638300540123457,0.03616994598765432,2.966796875,3.8125,16.578125,28.9375,36.78125,38.125,2.681640625,0.6403877314814815,0.7705551981925964,0.3090915083885193,0.0,0.3471875,0.011614101080246913,0.008191068672839506,0.10452012717723846,5.46875,0.2204369604587555
sceneC2,on,on/sceneC2/L2__s20260819__0007.png,L2,260819_main_on,1.5671,0.5378,-12.5459,-0.5423,1.0,0.0,1.046875,1.3701171875,12.390625,22.671875,33.53125,34.09375,0.9169921875,0.5717722800925926,0.6698828339576721,0.41552549600601196,0.34703993055555554,0.03304639274691358,0.004728491512345679,0.10662181712962963,0.17039567232131958,7.241611480712891,0.226339191198349
sceneC2,off,off/sceneC2/L2__s20260819__0000.png,L2,260819_main_off,2.4832,0.9149,-3.8125,-12.3059,0.7685185185185185,0.23148148148148148,2.142578125,3.28125,6.3046875,26.3125,36.59375,42.5,1.8173828125,0.534501350308642,0.7335888147354126,0.31737220287323,0.010909529320987654,0.31812114197530866,0.10028404706790124,0.06297550154320988,0.0723501667380333,0.515625,0.014675707556307316
sceneC2,off,off/sceneC2/L2__s20260819__0001.png,L2,260819_main_off,6.8638,1.0175,-13.4518,-13.0389,0.9978361304012345,0.002163869598765432,1.8994140625,2.52734375,4.20703125,15.3515625,37.84375,46.375,1.693359375,0.3074778163580247,0.5618953704833984,0.331672728061676,0.08860869984567901,0.46642409336419755,0.10123697916666667,0.06143518518518518,0.08106941729784012,0.8203125,0.026923947036266327
sceneC2,off,off/sceneC2/L2__s20260819__0002.png,L2,260819_main_off,8.321,1.4307,-11.6494,-2.9872,0.9591999421296297,0.040800057870370374,2.90234375,3.869140625,6.5,20.984375,40.5625,42.21875,2.6484375,0.4094458912037037,0.6941280961036682,0.29035452008247375,0.0,0.369609375,0.1740041473765432,0.08396604938271605,0.06712938100099564,0.68359375,0.021089693531394005
sceneC2,off,off/sceneC2/L2__s20260819__0003.png,L2,260819_main_off,1.2525,1.7048,-13.0594,-4.2489,0.9983521412037037,0.0016478587962962964,3.25390625,4.35546875,7.54296875,24.65625,33.625,35.4375,3.0546875,0.40867766203703704,0.7207646369934082,0.27306729555130005,0.0,0.32515576774691357,0.1931862461419753,0.11995900848765433,0.05284472554922104,0.265625,0.005086539313197136
sceneC2,off,off/sceneC2/L2__s20260819__0004.png,L2,260819_main_off,2.2154,0.4392,-13.5389,11.6475,1.0,0.0,0.73095703125,0.94970703125,1.5595703125,6.29296875,28.515625,39.78125,0.5634765625,0.19955005787037036,0.3634656071662903,0.3640553951263428,0.5804422260802469,0.14173225308641976,0.05078076774691358,0.059065875771604937,0.1216249093413353,1.0658302307128906,0.04572644457221031
sceneC2,off,off/sceneC2/L2__s20260819__0005.png,L2,260819_main_off,4.5522,0.3101,-13.9053,-4.7076,1.0,0.0,0.56982421875,0.73193359375,1.28515625,3.1796875,29.953125,38.125,0.4736328125,0.1881105324074074,0.3050251305103302,0.35378411412239075,0.6727126736111111,0.12303771219135802,0.007282986111111111,0.018796296296296297,0.12472846359014511,2.71875,0.059074148535728455
sceneC2,off,off/sceneC2/L2__s20260819__0006.png,L2,260819_main_off,4.3157,1.5937,-11.6055,-2.8331,0.9631351273148148,0.036864872685185186,3.134765625,4.15234375,7.5,23.71875,36.78125,38.125,2.7734375,0.43686680169753084,0.7246089577674866,0.28087836503982544,0.0,0.32060715663580247,0.18130738811728395,0.10609905478395061,0.07082732021808624,0.41015625,0.020199846476316452
sceneC2,off,off/sceneC2/L2__s20260819__0007.png,L2,260819_main_off,1.5671,0.5378,-12.5459,-0.5423,1.0,0.0,0.82177734375,1.2216796875,2.46875,9.453125,26.75,34.0625,0.7001953125,0.244296875,0.4319678843021393,0.3693723678588867,0.44440489969135805,0.21977237654320989,0.06167390046296296,0.04814187885802469,0.09681255370378494,0.75,0.02748912200331688
sceneN3,on,on/sceneN3/L0__s20260819__0000.png,L0,260819_main_on,9.1828,0.5309,-16.2467,-6.5053,1.0,0.0,0.93994140625,1.212890625,1.8974609375,4.3515625,22.640625,50.15625,0.85693359375,0.13362220293209875,0.3399727940559387,0.3097405433654785,0.5229258294753086,0.2586964699074074,0.0635329861111111,0.03394386574074074,0.06867662072181702,0.6640625,0.005662533920258284
sceneN3,on,on/sceneN3/L0__s20260819__0001.png,L0,260819_main_on,5.2884,0.8011,-12.6534,1.5439,1.0,0.0,1.5703125,2.103515625,3.654296875,12.375,45.4375,46.59375,1.47265625,0.2786453510802469,0.5188239812850952,0.3414578437805176,0.2194458912037037,0.37138069058641976,0.10015625,0.051569251543209876,0.06391677260398865,0.4765625,0.012288948521018028
sceneN3,on,on/sceneN3/L0__s20260819__0002.png,L0,260819_main_on,1.7608,1.2231,-13.1516,1.5693,1.0,0.0,2.3046875,3.087890625,5.37109375,14.40625,42.09375,43.1875,2.158203125,0.3102420910493827,0.6183279156684875,0.3129594624042511,0.0,0.4746170910493827,0.13902536651234568,0.11379436728395062,0.06308934092521667,0.3671875,0.006692442111670971
sceneN3,on,on/sceneN3/L0__s20260819__0003.png,L0,260819_main_on,8.3724,0.5696,-9.3231,5.7221,1.0,0.0,1.2294921875,1.73046875,3.5,16.734375,48.75,50.6875,1.0830078125,0.3262012924382716,0.5148568153381348,0.36943164467811584,0.31623215663580245,0.279970100308642,0.05602912808641975,0.03271122685185185,0.06647606194019318,0.671875,0.010742338374257088
sceneN3,on,on/sceneN3/L0__s20260819__0004.png,L0,260819_main_on,8.0992,0.257,-7.3546,-7.2186,1.0,0.0,0.58642578125,0.85546875,2.001953125,18.34375,48.5625,50.65625,0.5224609375,0.34685860339506175,0.45939183235168457,0.41776344180107117,0.49968653549382713,0.11152536651234568,0.028076292438271606,0.019981674382716048,0.0704846903681755,1.18359375,0.006280993111431599
sceneN3,on,on/sceneN3/L0__s20260819__0005.png,L0,260819_main_on,2.2677,1.2607,-12.2129,-14.4798,1.0,0.0,2.443359375,3.2734375,5.58984375,13.65625,41.25,45.0625,2.203125,0.35619309413580247,0.6347881555557251,0.31187641620635986,0.0,0.46185233410493826,0.1349165702160494,0.11461998456790123,0.06131087616086006,0.3515625,0.0327490009367466
sceneN3,on,on/sceneN3/L0__s20260819__0006.png,L0,260819_main_on,4.7311,1.3889,-7.7849,2.4667,1.0,0.0,3.24609375,4.6640625,9.6640625,21.890625,45.90625,46.9375,2.90625,0.49287808641975306,0.7543413043022156,0.27392005920410156,0.0,0.2811414930555556,0.1738966049382716,0.08889949845679013,0.0518171489238739,0.3046875,0.02465059794485569
sceneN3,on,on/sceneN3/L0__s20260819__0007.png,L0,260819_main_on,1.3919,0.7527,-12.6477,6.8749,1.0,0.0,1.4521484375,1.953125,3.43359375,10.734375,41.21875,43.53125,1.34765625,0.26023099922839504,0.5064072012901306,0.3463521897792816,0.26339554398148146,0.339828800154321,0.08500289351851852,0.07241657021604939,0.06696716696023941,0.5390625,0.0060851057060062885
sceneN3,off,off/sceneN3/L0__s20260819__0000.png,L0,260819_main_off,9.1828,0.5309,-16.2467,-6.5053,1.0,0.0,0.93994140625,1.212890625,1.8974609375,4.3515625,22.640625,50.15625,0.85693359375,0.13365740740740742,0.3399779200553894,0.3097505271434784,0.5229258294753086,0.2586964699074074,0.0635329861111111,0.03391541280864198,0.06867662072181702,0.671875,0.0056620496325194836
sceneN3,off,off/sceneN3/L0__s20260819__0001.png,L0,260819_main_off,5.2884,0.8011,-12.6534,1.5439,1.0,0.0,1.5703125,2.103515625,3.654296875,12.375,45.4375,46.59375,1.47265625,0.278647762345679,0.5188599824905396,0.3414784371852875,0.2194458912037037,0.37138069058641976,0.10008632330246914,0.05163917824074074,0.06391677260398865,0.4765625,0.012279990129172802
sceneN3,off,off/sceneN3/L0__s20260819__0002.png,L0,260819_main_off,1.7608,1.2231,-13.1516,1.5693,1.0,0.0,2.306640625,3.08984375,5.375,14.40625,42.09375,43.1875,2.16015625,0.3102420910493827,0.6184518337249756,0.3128710985183716,0.0,0.47446855709876545,0.13911554783950617,0.1138527199074074,0.0630759745836258,0.3671875,0.006690989248454571
sceneN3,off,off/sceneN3/L0__s20260819__0003.png,L0,260819_main_off,8.3724,0.5696,-9.3231,5.7221,1.0,0.0,1.2294921875,1.73046875,3.5,16.734375,48.75,50.6875,1.0830078125,0.3262379436728395,0.5148645639419556,0.36943966150283813,0.31623215663580245,0.279970100308642,0.05602912808641975,0.03268663194444445,0.06647606194019318,0.671875,0.010745244100689888
sceneN3,off,off/sceneN3/L0__s20260819__0004.png,L0,260819_main_off,8.0992,0.257,-7.3546,-7.2186,1.0,0.0,0.58642578125,0.85546875,2.001953125,18.34375,48.5625,50.65625,0.5224609375,0.3468957368827161,0.45940035581588745,0.4177723228931427,0.49968653549382713,0.11152536651234568,0.028054591049382717,0.01997878086419753,0.0704846903681755,1.19140625,0.006283414550125599
sceneN3,off,off/sceneN3/L0__s20260819__0005.png,L0,260819_main_off,2.2677,1.2607,-12.2129,-14.4798,1.0,0.0,2.4453125,3.275390625,5.59375,13.65625,41.25,45.0625,2.20703125,0.35619309413580247,0.6348905563354492,0.3118116557598114,0.0,0.4616994598765432,0.13500723379629628,0.11468219521604939,0.06130838766694069,0.3515625,0.032777752727270126
sceneN3,off,off/sceneN3/L0__s20260819__0006.png,L0,260819_main_off,4.7311,1.3889,-7.7849,2.4667,1.0,0.0,3.24609375,4.6640625,9.6640625,21.890625,45.90625,46.9375,2.90625,0.49292148919753087,0.7543851733207703,0.27390772104263306,0.0,0.2809765625,0.1739964313271605,0.08896460262345679,0.0518171489238739,0.3046875,0.02465834654867649
sceneN3,off,off/sceneN3/L0__s20260819__0007.png,L0,260819_main_off,1.3919,0.7527,-12.6477,6.8749,1.0,0.0,1.453125,1.9560546875,3.4375,10.734375,41.21875,43.53125,1.34765625,0.26023099922839504,0.506573498249054,0.34626516699790955,0.26271894290123454,0.3403539737654321,0.08515432098765433,0.07241657021604939,0.06696716696023941,0.5390625,0.006097121629863977
