model,seed,run,stratum,frame_id,scene_id,tier,cell,cell_idx,sector,band,score,cam_pitch,cam_yaw,cam_hfov,cam_d,cell_int_px
rgb,42,rgb_s42,OFF,off/scene05/L0__s20260819__0002.png,scene05,off,B3b,16,B,3b,0.919152,-10.3814,-5.3811,61.849,10.1547,0
rgb,42,rgb_s42,OFF,off/scene05/L0__s20260819__0002.png,scene05,off,C3b,17,C,3b,0.921195,-10.3814,-5.3811,61.849,10.1547,0
rgb,42,rgb_s42,OFF,off/scene05/L0__s20260819__0006.png,scene05,off,B3b,16,B,3b,0.835849,-7.598,-3.6478,63.1397,4.3849,0
rgb,42,rgb_s42,OFF,off/scene05/L0__s20260819__0006.png,scene05,off,C3b,17,C,3b,0.709982,-7.598,-3.6478,63.1397,4.3849,0
rgb,42,rgb_s42,OFF,off/scene05/L5__s20260819__0001.png,scene05,off,B3b,16,B,3b,0.836188,-15.173,12.161,60.0807,9.829,0
rgb,42,rgb_s42,OFF,off/scene05/L5__s20260819__0001.png,scene05,off,C3b,17,C,3b,0.81212,-15.173,12.161,60.0807,9.829,0
rgb,42,rgb_s42,OFF,off/scene05/L5__s20260819__0002.png,scene05,off,B3b,16,B,3b,0.898268,-10.3814,-5.3811,61.849,10.1547,0
rgb,42,rgb_s42,OFF,off/scene05/L5__s20260819__0002.png,scene05,off,C3b,17,C,3b,0.894764,-10.3814,-5.3811,61.849,10.1547,0
rgb,42,rgb_s42,OFF,off/scene05/L5__s20260819__0005.png,scene05,off,B3b,16,B,3b,0.612688,-7.0259,1.6918,62.8815,1.4988,0
rgb,42,rgb_s42,OFF,off/scene05/L5__s20260819__0006.png,scene05,off,A3b,15,A,3b,0.566586,-7.598,-3.6478,63.1397,4.3849,0
rgb,42,rgb_s42,OFF,off/scene05/L5__s20260819__0006.png,scene05,off,B3b,16,B,3b,0.944949,-7.598,-3.6478,63.1397,4.3849,0
rgb,42,rgb_s42,OFF,off/scene05/L5__s20260819__0006.png,scene05,off,C3b,17,C,3b,0.884655,-7.598,-3.6478,63.1397,4.3849,0
rgb,42,rgb_s42,OFF,off/scene05/L7__s20260819__0002.png,scene05,off,B3b,16,B,3b,0.707504,-10.3814,-5.3811,61.849,10.1547,0
rgb,42,rgb_s42,OFF,off/scene05/L7__s20260819__0002.png,scene05,off,C3b,17,C,3b,0.825004,-10.3814,-5.3811,61.849,10.1547,0
rgb,42,rgb_s42,OFF,off/scene05/L7__s20260819__0006.png,scene05,off,B3b,16,B,3b,0.548042,-7.598,-3.6478,63.1397,4.3849,0
rgb,42,rgb_s42,OFF,off/scene14/L0__s20260819__0002.png,scene14,off,A3b,15,A,3b,0.501856,-13.2604,4.4652,60.6011,1.3141,0
rgb,42,rgb_s42,OFF,off/scene14/L0__s20260819__0002.png,scene14,off,B3b,16,B,3b,0.657939,-13.2604,4.4652,60.6011,1.3141,0
rgb,42,rgb_s42,OFF,off/scene14/L0__s20260819__0002.png,scene14,off,C3b,17,C,3b,0.674496,-13.2604,4.4652,60.6011,1.3141,0
rgb,42,rgb_s42,OFF,off/scene14/L0__s20260819__0003.png,scene14,off,A3a,10,A,3a,0.79974,-3.2277,7.0829,62.9059,4.594,0
rgb,42,rgb_s42,OFF,off/scene14/L0__s20260819__0003.png,scene14,off,B3a,11,B,3a,0.658846,-3.2277,7.0829,62.9059,4.594,0
rgb,42,rgb_s42,OFF,off/scene14/L0__s20260819__0003.png,scene14,off,C3a,12,C,3a,0.917941,-3.2277,7.0829,62.9059,4.594,0
rgb,42,rgb_s42,OFF,off/scene14/L0__s20260819__0003.png,scene14,off,D3a,13,D,3a,0.858881,-3.2277,7.0829,62.9059,4.594,0
rgb,42,rgb_s42,OFF,off/scene14/L0__s20260819__0003.png,scene14,off,E3a,14,E,3a,0.522812,-3.2277,7.0829,62.9059,4.594,0
rgb,42,rgb_s42,OFF,off/scene14/L0__s20260819__0003.png,scene14,off,A3b,15,A,3b,0.574539,-3.2277,7.0829,62.9059,4.594,0
rgb,42,rgb_s42,OFF,off/scene14/L0__s20260819__0005.png,scene14,off,A3a,10,A,3a,0.570111,-11.6875,3.1562,60.5808,4.4487,0
rgb,42,rgb_s42,OFF,off/scene14/L0__s20260819__0005.png,scene14,off,B3a,11,B,3a,0.631395,-11.6875,3.1562,60.5808,4.4487,0
rgb,42,rgb_s42,OFF,off/scene14/L0__s20260819__0005.png,scene14,off,C3a,12,C,3a,0.822448,-11.6875,3.1562,60.5808,4.4487,0
rgb,42,rgb_s42,OFF,off/scene14/L0__s20260819__0005.png,scene14,off,D3a,13,D,3a,0.575845,-11.6875,3.1562,60.5808,4.4487,0
rgb,42,rgb_s42,OFF,off/scene14/L0__s20260819__0005.png,scene14,off,A3b,15,A,3b,0.642421,-11.6875,3.1562,60.5808,4.4487,0
rgb,42,rgb_s42,OFF,off/scene14/L0__s20260819__0005.png,scene14,off,B3b,16,B,3b,0.773383,-11.6875,3.1562,60.5808,4.4487,0
rgb,42,rgb_s42,OFF,off/scene14/L0__s20260819__0005.png,scene14,off,C3b,17,C,3b,0.826139,-11.6875,3.1562,60.5808,4.4487,0
rgb,42,rgb_s42,OFF,off/scene14/L0__s20260819__0005.png,scene14,off,D3b,18,D,3b,0.681442,-11.6875,3.1562,60.5808,4.4487,0
rgb,42,rgb_s42,OFF,off/scene14/L0__s20260819__0007.png,scene14,off,B3b,16,B,3b,0.538619,-8.8174,0.2988,62.6318,4.9665,0
rgb,42,rgb_s42,OFF,off/scene14/L0__s20260819__0007.png,scene14,off,C3b,17,C,3b,0.618876,-8.8174,0.2988,62.6318,4.9665,0
rgb,42,rgb_s42,OFF,off/scene14/L5__s20260819__0003.png,scene14,off,A3a,10,A,3a,0.872929,-3.2277,7.0829,62.9059,4.594,0
rgb,42,rgb_s42,OFF,off/scene14/L5__s20260819__0003.png,scene14,off,B3a,11,B,3a,0.835237,-3.2277,7.0829,62.9059,4.594,0
rgb,42,rgb_s42,OFF,off/scene14/L5__s20260819__0003.png,scene14,off,C3a,12,C,3a,0.958528,-3.2277,7.0829,62.9059,4.594,0
rgb,42,rgb_s42,OFF,off/scene14/L5__s20260819__0003.png,scene14,off,D3a,13,D,3a,0.948304,-3.2277,7.0829,62.9059,4.594,0
rgb,42,rgb_s42,OFF,off/scene14/L5__s20260819__0003.png,scene14,off,E3a,14,E,3a,0.722616,-3.2277,7.0829,62.9059,4.594,0
rgb,42,rgb_s42,OFF,off/scene14/L5__s20260819__0003.png,scene14,off,A3b,15,A,3b,0.59939,-3.2277,7.0829,62.9059,4.594,0
rgb,42,rgb_s42,OFF,off/scene14/L5__s20260819__0005.png,scene14,off,A3a,10,A,3a,0.6932,-11.6875,3.1562,60.5808,4.4487,0
rgb,42,rgb_s42,OFF,off/scene14/L5__s20260819__0005.png,scene14,off,B3a,11,B,3a,0.788585,-11.6875,3.1562,60.5808,4.4487,0
rgb,42,rgb_s42,OFF,off/scene14/L5__s20260819__0005.png,scene14,off,C3a,12,C,3a,0.911786,-11.6875,3.1562,60.5808,4.4487,0
rgb,42,rgb_s42,OFF,off/scene14/L5__s20260819__0005.png,scene14,off,D3a,13,D,3a,0.827881,-11.6875,3.1562,60.5808,4.4487,0
rgb,42,rgb_s42,OFF,off/scene14/L5__s20260819__0005.png,scene14,off,E3a,14,E,3a,0.552786,-11.6875,3.1562,60.5808,4.4487,0
rgb,42,rgb_s42,OFF,off/scene14/L5__s20260819__0005.png,scene14,off,A3b,15,A,3b,0.64964,-11.6875,3.1562,60.5808,4.4487,0
rgb,42,rgb_s42,OFF,off/scene14/L5__s20260819__0005.png,scene14,off,B3b,16,B,3b,0.69335,-11.6875,3.1562,60.5808,4.4487,0
rgb,42,rgb_s42,OFF,off/scene14/L5__s20260819__0005.png,scene14,off,C3b,17,C,3b,0.805001,-11.6875,3.1562,60.5808,4.4487,0
rgb,42,rgb_s42,OFF,off/scene14/L5__s20260819__0005.png,scene14,off,D3b,18,D,3b,0.700009,-11.6875,3.1562,60.5808,4.4487,0
rgb,42,rgb_s42,OFF,off/scene14/L5__s20260819__0006.png,scene14,off,A3a,10,A,3a,0.556471,-10.0252,-0.1653,61.7917,6.5633,0
rgb,42,rgb_s42,OFF,off/scene14/L5__s20260819__0006.png,scene14,off,C3a,12,C,3a,0.638573,-10.0252,-0.1653,61.7917,6.5633,0
rgb,42,rgb_s42,OFF,off/scene14/L5__s20260819__0007.png,scene14,off,C3a,12,C,3a,0.576592,-8.8174,0.2988,62.6318,4.9665,0
rgb,42,rgb_s42,OFF,off/scene14/L5__s20260819__0007.png,scene14,off,B3b,16,B,3b,0.516124,-8.8174,0.2988,62.6318,4.9665,0
rgb,42,rgb_s42,OFF,off/scene14/L5__s20260819__0007.png,scene14,off,C3b,17,C,3b,0.61033,-8.8174,0.2988,62.6318,4.9665,0
rgb,42,rgb_s42,OFF,off/scene14/L7__s20260819__0002.png,scene14,off,A3b,15,A,3b,0.504838,-13.2604,4.4652,60.6011,1.3141,0
rgb,42,rgb_s42,OFF,off/scene14/L7__s20260819__0002.png,scene14,off,B3b,16,B,3b,0.55638,-13.2604,4.4652,60.6011,1.3141,0
rgb,42,rgb_s42,OFF,off/scene14/L7__s20260819__0002.png,scene14,off,C3b,17,C,3b,0.532022,-13.2604,4.4652,60.6011,1.3141,0
rgb,42,rgb_s42,OFF,off/scene14/L7__s20260819__0003.png,scene14,off,A3a,10,A,3a,0.739389,-3.2277,7.0829,62.9059,4.594,0
rgb,42,rgb_s42,OFF,off/scene14/L7__s20260819__0003.png,scene14,off,B3a,11,B,3a,0.539555,-3.2277,7.0829,62.9059,4.594,0
rgb,42,rgb_s42,OFF,off/scene14/L7__s20260819__0003.png,scene14,off,C3a,12,C,3a,0.885727,-3.2277,7.0829,62.9059,4.594,0
rgb,42,rgb_s42,OFF,off/scene14/L7__s20260819__0003.png,scene14,off,D3a,13,D,3a,0.831653,-3.2277,7.0829,62.9059,4.594,0
rgb,42,rgb_s42,OFF,off/scene14/L7__s20260819__0005.png,scene14,off,A3a,10,A,3a,0.634195,-11.6875,3.1562,60.5808,4.4487,0
rgb,42,rgb_s42,OFF,off/scene14/L7__s20260819__0005.png,scene14,off,B3a,11,B,3a,0.55612,-11.6875,3.1562,60.5808,4.4487,0
rgb,42,rgb_s42,OFF,off/scene14/L7__s20260819__0005.png,scene14,off,C3a,12,C,3a,0.78011,-11.6875,3.1562,60.5808,4.4487,0
rgb,42,rgb_s42,OFF,off/scene14/L7__s20260819__0005.png,scene14,off,D3a,13,D,3a,0.544948,-11.6875,3.1562,60.5808,4.4487,0
rgb,42,rgb_s42,OFF,off/scene14/L7__s20260819__0005.png,scene14,off,A3b,15,A,3b,0.675931,-11.6875,3.1562,60.5808,4.4487,0
rgb,42,rgb_s42,OFF,off/scene14/L7__s20260819__0005.png,scene14,off,B3b,16,B,3b,0.690377,-11.6875,3.1562,60.5808,4.4487,0
rgb,42,rgb_s42,OFF,off/scene14/L7__s20260819__0005.png,scene14,off,C3b,17,C,3b,0.703464,-11.6875,3.1562,60.5808,4.4487,0
rgb,42,rgb_s42,OFF,off/scene14/L7__s20260819__0005.png,scene14,off,D3b,18,D,3b,0.585688,-11.6875,3.1562,60.5808,4.4487,0
rgb,42,rgb_s42,OFF,off/scene14/L7__s20260819__0007.png,scene14,off,C3b,17,C,3b,0.534036,-8.8174,0.2988,62.6318,4.9665,0
rgb,42,rgb_s42,OFF,off/scene15/L0__s20260819__0000.png,scene15,off,B3b,16,B,3b,0.577258,-6.6317,-4.2143,61.8616,9.9031,0
rgb,42,rgb_s42,OFF,off/scene15/L0__s20260819__0000.png,scene15,off,C3b,17,C,3b,0.626736,-6.6317,-4.2143,61.8616,9.9031,0
rgb,42,rgb_s42,OFF,off/scene15/L0__s20260819__0001.png,scene15,off,C3b,17,C,3b,0.513938,-7.5218,-9.2458,61.8359,1.858,0
rgb,42,rgb_s42,OFF,off/scene15/L0__s20260819__0002.png,scene15,off,C3b,17,C,3b,0.637202,-8.4908,3.1991,65.8023,4.6673,0
rgb,42,rgb_s42,OFF,off/scene15/L0__s20260819__0002.png,scene15,off,D3b,18,D,3b,0.728821,-8.4908,3.1991,65.8023,4.6673,0
rgb,42,rgb_s42,OFF,off/scene15/L0__s20260819__0003.png,scene15,off,B3b,16,B,3b,0.912806,-13.9162,-3.4361,63.7846,1.3693,0
rgb,42,rgb_s42,OFF,off/scene15/L0__s20260819__0003.png,scene15,off,C3b,17,C,3b,0.889658,-13.9162,-3.4361,63.7846,1.3693,0
rgb,42,rgb_s42,OFF,off/scene15/L0__s20260819__0005.png,scene15,off,B3a,11,B,3a,0.652087,-12.9205,6.4099,63.9932,3.0224,0
rgb,42,rgb_s42,OFF,off/scene15/L0__s20260819__0005.png,scene15,off,C3a,12,C,3a,0.723046,-12.9205,6.4099,63.9932,3.0224,0
rgb,42,rgb_s42,OFF,off/scene15/L0__s20260819__0005.png,scene15,off,B3b,16,B,3b,0.799305,-12.9205,6.4099,63.9932,3.0224,0
rgb,42,rgb_s42,OFF,off/scene15/L0__s20260819__0005.png,scene15,off,C3b,17,C,3b,0.880325,-12.9205,6.4099,63.9932,3.0224,0
rgb,42,rgb_s42,OFF,off/scene15/L0__s20260819__0005.png,scene15,off,D3b,18,D,3b,0.555948,-12.9205,6.4099,63.9932,3.0224,0
rgb,42,rgb_s42,OFF,off/scene15/L0__s20260819__0006.png,scene15,off,B3a,11,B,3a,0.752254,-9.1914,-18.2162,60.3765,2.2421,0
rgb,42,rgb_s42,OFF,off/scene15/L0__s20260819__0006.png,scene15,off,B3b,16,B,3b,0.880352,-9.1914,-18.2162,60.3765,2.2421,0
rgb,42,rgb_s42,OFF,off/scene15/L0__s20260819__0006.png,scene15,off,C3b,17,C,3b,0.797423,-9.1914,-18.2162,60.3765,2.2421,0
rgb,42,rgb_s42,OFF,off/scene15/L4__s20260819__0000.png,scene15,off,B3b,16,B,3b,0.600344,-6.6317,-4.2143,61.8616,9.9031,0
rgb,42,rgb_s42,OFF,off/scene15/L4__s20260819__0000.png,scene15,off,C3b,17,C,3b,0.504799,-6.6317,-4.2143,61.8616,9.9031,0
rgb,42,rgb_s42,OFF,off/scene15/L4__s20260819__0001.png,scene15,off,B3b,16,B,3b,0.896532,-7.5218,-9.2458,61.8359,1.858,0
rgb,42,rgb_s42,OFF,off/scene15/L4__s20260819__0001.png,scene15,off,C3b,17,C,3b,0.816657,-7.5218,-9.2458,61.8359,1.858,0
rgb,42,rgb_s42,OFF,off/scene15/L4__s20260819__0002.png,scene15,off,B3b,16,B,3b,0.750829,-8.4908,3.1991,65.8023,4.6673,0
rgb,42,rgb_s42,OFF,off/scene15/L4__s20260819__0002.png,scene15,off,C3b,17,C,3b,0.840487,-8.4908,3.1991,65.8023,4.6673,0
rgb,42,rgb_s42,OFF,off/scene15/L4__s20260819__0002.png,scene15,off,D3b,18,D,3b,0.772775,-8.4908,3.1991,65.8023,4.6673,0
rgb,42,rgb_s42,OFF,off/scene15/L4__s20260819__0003.png,scene15,off,B3a,11,B,3a,0.85404,-13.9162,-3.4361,63.7846,1.3693,0
rgb,42,rgb_s42,OFF,off/scene15/L4__s20260819__0003.png,scene15,off,C3a,12,C,3a,0.592838,-13.9162,-3.4361,63.7846,1.3693,0
rgb,42,rgb_s42,OFF,off/scene15/L4__s20260819__0003.png,scene15,off,B3b,16,B,3b,0.975307,-13.9162,-3.4361,63.7846,1.3693,0
rgb,42,rgb_s42,OFF,off/scene15/L4__s20260819__0003.png,scene15,off,C3b,17,C,3b,0.952546,-13.9162,-3.4361,63.7846,1.3693,0
rgb,42,rgb_s42,OFF,off/scene15/L4__s20260819__0004.png,scene15,off,B3b,16,B,3b,0.554072,-11.0394,5.5473,63.0915,5.5065,0
rgb,42,rgb_s42,OFF,off/scene15/L4__s20260819__0004.png,scene15,off,C3b,17,C,3b,0.633221,-11.0394,5.5473,63.0915,5.5065,0
rgb,42,rgb_s42,OFF,off/scene15/L4__s20260819__0005.png,scene15,off,B3a,11,B,3a,0.747036,-12.9205,6.4099,63.9932,3.0224,0
rgb,42,rgb_s42,OFF,off/scene15/L4__s20260819__0005.png,scene15,off,C3a,12,C,3a,0.879465,-12.9205,6.4099,63.9932,3.0224,0
rgb,42,rgb_s42,OFF,off/scene15/L4__s20260819__0005.png,scene15,off,B3b,16,B,3b,0.876959,-12.9205,6.4099,63.9932,3.0224,0
rgb,42,rgb_s42,OFF,off/scene15/L4__s20260819__0005.png,scene15,off,C3b,17,C,3b,0.95338,-12.9205,6.4099,63.9932,3.0224,0
rgb,42,rgb_s42,OFF,off/scene15/L4__s20260819__0005.png,scene15,off,D3b,18,D,3b,0.847887,-12.9205,6.4099,63.9932,3.0224,0
rgb,42,rgb_s42,OFF,off/scene15/L4__s20260819__0006.png,scene15,off,B3a,11,B,3a,0.715164,-9.1914,-18.2162,60.3765,2.2421,0
rgb,42,rgb_s42,OFF,off/scene15/L4__s20260819__0006.png,scene15,off,B3b,16,B,3b,0.892078,-9.1914,-18.2162,60.3765,2.2421,0
rgb,42,rgb_s42,OFF,off/scene15/L4__s20260819__0006.png,scene15,off,C3b,17,C,3b,0.801917,-9.1914,-18.2162,60.3765,2.2421,0
rgb,42,rgb_s42,OFF,off/scene15/L4__s20260819__0007.png,scene15,off,B3b,16,B,3b,0.657791,-15.2404,1.5985,63.4015,5.1525,0
rgb,42,rgb_s42,OFF,off/scene15/L4__s20260819__0007.png,scene15,off,C3b,17,C,3b,0.652465,-15.2404,1.5985,63.4015,5.1525,0
rgb,42,rgb_s42,OFF,off/scene15/L7__s20260819__0000.png,scene15,off,B3b,16,B,3b,0.539823,-6.6317,-4.2143,61.8616,9.9031,0
rgb,42,rgb_s42,OFF,off/scene15/L7__s20260819__0001.png,scene15,off,B3b,16,B,3b,0.911356,-7.5218,-9.2458,61.8359,1.858,0
rgb,42,rgb_s42,OFF,off/scene15/L7__s20260819__0001.png,scene15,off,C3b,17,C,3b,0.838805,-7.5218,-9.2458,61.8359,1.858,0
rgb,42,rgb_s42,OFF,off/scene15/L7__s20260819__0002.png,scene15,off,B3b,16,B,3b,0.677095,-8.4908,3.1991,65.8023,4.6673,0
rgb,42,rgb_s42,OFF,off/scene15/L7__s20260819__0002.png,scene15,off,C3b,17,C,3b,0.745317,-8.4908,3.1991,65.8023,4.6673,0
rgb,42,rgb_s42,OFF,off/scene15/L7__s20260819__0002.png,scene15,off,D3b,18,D,3b,0.597395,-8.4908,3.1991,65.8023,4.6673,0
rgb,42,rgb_s42,OFF,off/scene15/L7__s20260819__0003.png,scene15,off,B3b,16,B,3b,0.961112,-13.9162,-3.4361,63.7846,1.3693,0
rgb,42,rgb_s42,OFF,off/scene15/L7__s20260819__0003.png,scene15,off,C3b,17,C,3b,0.925977,-13.9162,-3.4361,63.7846,1.3693,0
rgb,42,rgb_s42,OFF,off/scene15/L7__s20260819__0004.png,scene15,off,B3b,16,B,3b,0.655343,-11.0394,5.5473,63.0915,5.5065,0
rgb,42,rgb_s42,OFF,off/scene15/L7__s20260819__0004.png,scene15,off,C3b,17,C,3b,0.700404,-11.0394,5.5473,63.0915,5.5065,0
rgb,42,rgb_s42,OFF,off/scene15/L7__s20260819__0005.png,scene15,off,B3a,11,B,3a,0.695384,-12.9205,6.4099,63.9932,3.0224,0
rgb,42,rgb_s42,OFF,off/scene15/L7__s20260819__0005.png,scene15,off,C3a,12,C,3a,0.685931,-12.9205,6.4099,63.9932,3.0224,0
rgb,42,rgb_s42,OFF,off/scene15/L7__s20260819__0005.png,scene15,off,B3b,16,B,3b,0.828631,-12.9205,6.4099,63.9932,3.0224,0
rgb,42,rgb_s42,OFF,off/scene15/L7__s20260819__0005.png,scene15,off,C3b,17,C,3b,0.889382,-12.9205,6.4099,63.9932,3.0224,0
rgb,42,rgb_s42,OFF,off/scene15/L7__s20260819__0005.png,scene15,off,D3b,18,D,3b,0.576212,-12.9205,6.4099,63.9932,3.0224,0
rgb,42,rgb_s42,OFF,off/scene15/L7__s20260819__0006.png,scene15,off,B3b,16,B,3b,0.798982,-9.1914,-18.2162,60.3765,2.2421,0
rgb,42,rgb_s42,OFF,off/scene15/L7__s20260819__0006.png,scene15,off,C3b,17,C,3b,0.579812,-9.1914,-18.2162,60.3765,2.2421,0
rgb,42,rgb_s42,OFF,off/scene15/L7__s20260819__0007.png,scene15,off,B3b,16,B,3b,0.668851,-15.2404,1.5985,63.4015,5.1525,0
rgb,42,rgb_s42,OFF,off/scene15/L7__s20260819__0007.png,scene15,off,C3b,17,C,3b,0.685224,-15.2404,1.5985,63.4015,5.1525,0
rgb,42,rgb_s42,OFF,off/scene15/L7__s20260819__0007.png,scene15,off,D3b,18,D,3b,0.505568,-15.2404,1.5985,63.4015,5.1525,0
rgb,42,rgb_s42,OFF,off/scene18/L5__s20260819__0002.png,scene18,off,A3a,10,A,3a,0.925677,-17.1516,-15.9889,62.3123,10.4512,0
rgb,42,rgb_s42,OFF,off/scene18/L5__s20260819__0002.png,scene18,off,B3a,11,B,3a,0.880887,-17.1516,-15.9889,62.3123,10.4512,0
rgb,42,rgb_s42,OFF,off/scene18/L5__s20260819__0002.png,scene18,off,C3a,12,C,3a,0.967749,-17.1516,-15.9889,62.3123,10.4512,0
rgb,42,rgb_s42,OFF,off/sceneC2/L2__s20260819__0004.png,sceneC2,off,C3a,12,C,3a,0.695114,-13.5389,11.6475,61.7574,2.2154,0
rgb,42,rgb_s42,OFF,off/sceneC2/L3__s20260819__0002.png,sceneC2,off,C3a,12,C,3a,0.654173,-11.6494,-2.9872,60.6739,8.321,0
rgb,42,rgb_s42,OFF,off/sceneC2/L3__s20260819__0004.png,sceneC2,off,C3a,12,C,3a,0.686258,-13.5389,11.6475,61.7574,2.2154,0
rgb,42,rgb_s42,OFF,off/sceneC2/L7__s20260819__0002.png,sceneC2,off,C3a,12,C,3a,0.694073,-11.6494,-2.9872,60.6739,8.321,0
rgb,42,rgb_s42,OFF,off/sceneC2/L7__s20260819__0002.png,sceneC2,off,D3a,13,D,3a,0.526986,-11.6494,-2.9872,60.6739,8.321,0
rgb,42,rgb_s42,OFF,off/sceneC2/L7__s20260819__0004.png,sceneC2,off,C3a,12,C,3a,0.646755,-13.5389,11.6475,61.7574,2.2154,0
rgb,42,rgb_s42,OFF,off/sceneN3/L0__s20260819__0000.png,sceneN3,off,C3a,12,C,3a,0.653497,-16.2467,-6.5053,60.6518,9.1828,0
rgb,42,rgb_s42,OFF,off/sceneN3/L0__s20260819__0000.png,sceneN3,off,B3b,16,B,3b,0.650344,-16.2467,-6.5053,60.6518,9.1828,0
rgb,42,rgb_s42,OFF,off/sceneN3/L0__s20260819__0000.png,sceneN3,off,C3b,17,C,3b,0.886002,-16.2467,-6.5053,60.6518,9.1828,0
rgb,42,rgb_s42,OFF,off/sceneN3/L0__s20260819__0000.png,sceneN3,off,D3b,18,D,3b,0.778048,-16.2467,-6.5053,60.6518,9.1828,0
rgb,42,rgb_s42,OFF,off/sceneN3/L0__s20260819__0001.png,sceneN3,off,C3a,12,C,3a,0.61074,-12.6534,1.5439,61.04,5.2884,0
rgb,42,rgb_s42,OFF,off/sceneN3/L0__s20260819__0001.png,sceneN3,off,B3b,16,B,3b,0.902514,-12.6534,1.5439,61.04,5.2884,0
rgb,42,rgb_s42,OFF,off/sceneN3/L0__s20260819__0001.png,sceneN3,off,C3b,17,C,3b,0.943116,-12.6534,1.5439,61.04,5.2884,0
rgb,42,rgb_s42,OFF,off/sceneN3/L0__s20260819__0001.png,sceneN3,off,D3b,18,D,3b,0.582677,-12.6534,1.5439,61.04,5.2884,0
rgb,42,rgb_s42,OFF,off/sceneN3/L0__s20260819__0002.png,sceneN3,off,B2,6,B,2,0.680348,-13.1516,1.5693,63.1068,1.7608,0
rgb,42,rgb_s42,OFF,off/sceneN3/L0__s20260819__0002.png,sceneN3,off,C2,7,C,2,0.782618,-13.1516,1.5693,63.1068,1.7608,0
rgb,42,rgb_s42,OFF,off/sceneN3/L0__s20260819__0002.png,sceneN3,off,D2,8,D,2,0.749586,-13.1516,1.5693,63.1068,1.7608,0
rgb,42,rgb_s42,OFF,off/sceneN3/L0__s20260819__0002.png,sceneN3,off,B3a,11,B,3a,0.574964,-13.1516,1.5693,63.1068,1.7608,0
rgb,42,rgb_s42,OFF,off/sceneN3/L0__s20260819__0002.png,sceneN3,off,C3a,12,C,3a,0.624388,-13.1516,1.5693,63.1068,1.7608,0
rgb,42,rgb_s42,OFF,off/sceneN3/L0__s20260819__0002.png,sceneN3,off,D3a,13,D,3a,0.503188,-13.1516,1.5693,63.1068,1.7608,0
rgb,42,rgb_s42,OFF,off/sceneN3/L0__s20260819__0002.png,sceneN3,off,B3b,16,B,3b,0.810283,-13.1516,1.5693,63.1068,1.7608,0
rgb,42,rgb_s42,OFF,off/sceneN3/L0__s20260819__0002.png,sceneN3,off,C3b,17,C,3b,0.89974,-13.1516,1.5693,63.1068,1.7608,0
rgb,42,rgb_s42,OFF,off/sceneN3/L0__s20260819__0002.png,sceneN3,off,D3b,18,D,3b,0.652726,-13.1516,1.5693,63.1068,1.7608,0
rgb,42,rgb_s42,OFF,off/sceneN3/L0__s20260819__0003.png,sceneN3,off,C3a,12,C,3a,0.64574,-9.3231,5.7221,62.1685,8.3724,0
rgb,42,rgb_s42,OFF,off/sceneN3/L0__s20260819__0003.png,sceneN3,off,B3b,16,B,3b,0.908856,-9.3231,5.7221,62.1685,8.3724,0
rgb,42,rgb_s42,OFF,off/sceneN3/L0__s20260819__0003.png,sceneN3,off,C3b,17,C,3b,0.941126,-9.3231,5.7221,62.1685,8.3724,0
rgb,42,rgb_s42,OFF,off/sceneN3/L0__s20260819__0004.png,sceneN3,off,B3a,11,B,3a,0.898164,-7.3546,-7.2186,63.4074,8.0992,0
rgb,42,rgb_s42,OFF,off/sceneN3/L0__s20260819__0004.png,sceneN3,off,C3a,12,C,3a,0.949997,-7.3546,-7.2186,63.4074,8.0992,0
rgb,42,rgb_s42,OFF,off/sceneN3/L0__s20260819__0004.png,sceneN3,off,B3b,16,B,3b,0.932046,-7.3546,-7.2186,63.4074,8.0992,0
rgb,42,rgb_s42,OFF,off/sceneN3/L0__s20260819__0004.png,sceneN3,off,C3b,17,C,3b,0.972244,-7.3546,-7.2186,63.4074,8.0992,0
rgb,42,rgb_s42,OFF,off/sceneN3/L0__s20260819__0004.png,sceneN3,off,D3b,18,D,3b,0.564265,-7.3546,-7.2186,63.4074,8.0992,0
rgb,42,rgb_s42,OFF,off/sceneN3/L0__s20260819__0005.png,sceneN3,off,A2,5,A,2,0.806394,-12.2129,-14.4798,63.1796,2.2677,0
rgb,42,rgb_s42,OFF,off/sceneN3/L0__s20260819__0005.png,sceneN3,off,B2,6,B,2,0.879794,-12.2129,-14.4798,63.1796,2.2677,0
rgb,42,rgb_s42,OFF,off/sceneN3/L0__s20260819__0005.png,sceneN3,off,C2,7,C,2,0.933428,-12.2129,-14.4798,63.1796,2.2677,0
rgb,42,rgb_s42,OFF,off/sceneN3/L0__s20260819__0005.png,sceneN3,off,D2,8,D,2,0.898131,-12.2129,-14.4798,63.1796,2.2677,0
rgb,42,rgb_s42,OFF,off/sceneN3/L0__s20260819__0005.png,sceneN3,off,E2,9,E,2,0.561298,-12.2129,-14.4798,63.1796,2.2677,0
rgb,42,rgb_s42,OFF,off/sceneN3/L0__s20260819__0005.png,sceneN3,off,B3a,11,B,3a,0.942398,-12.2129,-14.4798,63.1796,2.2677,0
rgb,42,rgb_s42,OFF,off/sceneN3/L0__s20260819__0005.png,sceneN3,off,C3a,12,C,3a,0.909652,-12.2129,-14.4798,63.1796,2.2677,0
rgb,42,rgb_s42,OFF,off/sceneN3/L0__s20260819__0005.png,sceneN3,off,D3a,13,D,3a,0.602574,-12.2129,-14.4798,63.1796,2.2677,0
rgb,42,rgb_s42,OFF,off/sceneN3/L0__s20260819__0005.png,sceneN3,off,A3b,15,A,3b,0.641435,-12.2129,-14.4798,63.1796,2.2677,0
rgb,42,rgb_s42,OFF,off/sceneN3/L0__s20260819__0005.png,sceneN3,off,B3b,16,B,3b,0.944257,-12.2129,-14.4798,63.1796,2.2677,0
rgb,42,rgb_s42,OFF,off/sceneN3/L0__s20260819__0005.png,sceneN3,off,C3b,17,C,3b,0.957395,-12.2129,-14.4798,63.1796,2.2677,0
rgb,42,rgb_s42,OFF,off/sceneN3/L0__s20260819__0005.png,sceneN3,off,D3b,18,D,3b,0.61368,-12.2129,-14.4798,63.1796,2.2677,0
rgb,42,rgb_s42,OFF,off/sceneN3/L0__s20260819__0006.png,sceneN3,off,B3a,11,B,3a,0.637095,-7.7849,2.4667,60.503,4.7311,0
rgb,42,rgb_s42,OFF,off/sceneN3/L0__s20260819__0006.png,sceneN3,off,C3a,12,C,3a,0.623628,-7.7849,2.4667,60.503,4.7311,0
rgb,42,rgb_s42,OFF,off/sceneN3/L0__s20260819__0006.png,sceneN3,off,B3b,16,B,3b,0.82861,-7.7849,2.4667,60.503,4.7311,0
rgb,42,rgb_s42,OFF,off/sceneN3/L0__s20260819__0006.png,sceneN3,off,C3b,17,C,3b,0.915362,-7.7849,2.4667,60.503,4.7311,0
rgb,42,rgb_s42,OFF,off/sceneN3/L0__s20260819__0006.png,sceneN3,off,D3b,18,D,3b,0.632839,-7.7849,2.4667,60.503,4.7311,0
rgb,42,rgb_s42,OFF,off/sceneN3/L0__s20260819__0007.png,sceneN3,off,C2,7,C,2,0.503003,-12.6477,6.8749,62.3125,1.3919,0
rgb,42,rgb_s42,OFF,off/sceneN3/L0__s20260819__0007.png,sceneN3,off,B3b,16,B,3b,0.831531,-12.6477,6.8749,62.3125,1.3919,0
rgb,42,rgb_s42,OFF,off/sceneN3/L0__s20260819__0007.png,sceneN3,off,C3b,17,C,3b,0.928723,-12.6477,6.8749,62.3125,1.3919,0
rgb,42,rgb_s42,OFF,off/sceneN3/L0__s20260819__0007.png,sceneN3,off,D3b,18,D,3b,0.72188,-12.6477,6.8749,62.3125,1.3919,0
rgb,42,rgb_s42,OFF,off/sceneN3/L5__s20260819__0000.png,sceneN3,off,B3b,16,B,3b,0.670334,-16.2467,-6.5053,60.6518,9.1828,0
rgb,42,rgb_s42,OFF,off/sceneN3/L5__s20260819__0000.png,sceneN3,off,C3b,17,C,3b,0.824351,-16.2467,-6.5053,60.6518,9.1828,0
rgb,42,rgb_s42,OFF,off/sceneN3/L5__s20260819__0000.png,sceneN3,off,D3b,18,D,3b,0.622429,-16.2467,-6.5053,60.6518,9.1828,0
rgb,42,rgb_s42,OFF,off/sceneN3/L5__s20260819__0001.png,sceneN3,off,B2,6,B,2,0.570374,-12.6534,1.5439,61.04,5.2884,0
rgb,42,rgb_s42,OFF,off/sceneN3/L5__s20260819__0001.png,sceneN3,off,B3a,11,B,3a,0.962749,-12.6534,1.5439,61.04,5.2884,0
rgb,42,rgb_s42,OFF,off/sceneN3/L5__s20260819__0001.png,sceneN3,off,C3a,12,C,3a,0.987679,-12.6534,1.5439,61.04,5.2884,0
rgb,42,rgb_s42,OFF,off/sceneN3/L5__s20260819__0001.png,sceneN3,off,D3a,13,D,3a,0.76646,-12.6534,1.5439,61.04,5.2884,0
rgb,42,rgb_s42,OFF,off/sceneN3/L5__s20260819__0001.png,sceneN3,off,B3b,16,B,3b,0.947859,-12.6534,1.5439,61.04,5.2884,0
rgb,42,rgb_s42,OFF,off/sceneN3/L5__s20260819__0001.png,sceneN3,off,C3b,17,C,3b,0.981994,-12.6534,1.5439,61.04,5.2884,0
rgb,42,rgb_s42,OFF,off/sceneN3/L5__s20260819__0001.png,sceneN3,off,D3b,18,D,3b,0.61575,-12.6534,1.5439,61.04,5.2884,0
rgb,42,rgb_s42,OFF,off/sceneN3/L5__s20260819__0002.png,sceneN3,off,C2,7,C,2,0.564748,-13.1516,1.5693,63.1068,1.7608,0
rgb,42,rgb_s42,OFF,off/sceneN3/L5__s20260819__0002.png,sceneN3,off,B3a,11,B,3a,0.566402,-13.1516,1.5693,63.1068,1.7608,0
rgb,42,rgb_s42,OFF,off/sceneN3/L5__s20260819__0002.png,sceneN3,off,C3a,12,C,3a,0.590741,-13.1516,1.5693,63.1068,1.7608,0
rgb,42,rgb_s42,OFF,off/sceneN3/L5__s20260819__0002.png,sceneN3,off,B3b,16,B,3b,0.925851,-13.1516,1.5693,63.1068,1.7608,0
rgb,42,rgb_s42,OFF,off/sceneN3/L5__s20260819__0002.png,sceneN3,off,C3b,17,C,3b,0.964256,-13.1516,1.5693,63.1068,1.7608,0
rgb,42,rgb_s42,OFF,off/sceneN3/L5__s20260819__0002.png,sceneN3,off,D3b,18,D,3b,0.759824,-13.1516,1.5693,63.1068,1.7608,0
rgb,42,rgb_s42,OFF,off/sceneN3/L5__s20260819__0003.png,sceneN3,off,B3a,11,B,3a,0.542153,-9.3231,5.7221,62.1685,8.3724,0
rgb,42,rgb_s42,OFF,off/sceneN3/L5__s20260819__0003.png,sceneN3,off,C3a,12,C,3a,0.583522,-9.3231,5.7221,62.1685,8.3724,0
rgb,42,rgb_s42,OFF,off/sceneN3/L5__s20260819__0003.png,sceneN3,off,B3b,16,B,3b,0.945419,-9.3231,5.7221,62.1685,8.3724,0
rgb,42,rgb_s42,OFF,off/sceneN3/L5__s20260819__0003.png,sceneN3,off,C3b,17,C,3b,0.963962,-9.3231,5.7221,62.1685,8.3724,0
rgb,42,rgb_s42,OFF,off/sceneN3/L5__s20260819__0003.png,sceneN3,off,D3b,18,D,3b,0.63806,-9.3231,5.7221,62.1685,8.3724,0
rgb,42,rgb_s42,OFF,off/sceneN3/L5__s20260819__0004.png,sceneN3,off,B3a,11,B,3a,0.936051,-7.3546,-7.2186,63.4074,8.0992,0
rgb,42,rgb_s42,OFF,off/sceneN3/L5__s20260819__0004.png,sceneN3,off,C3a,12,C,3a,0.946178,-7.3546,-7.2186,63.4074,8.0992,0
rgb,42,rgb_s42,OFF,off/sceneN3/L5__s20260819__0004.png,sceneN3,off,B3b,16,B,3b,0.921837,-7.3546,-7.2186,63.4074,8.0992,0
rgb,42,rgb_s42,OFF,off/sceneN3/L5__s20260819__0004.png,sceneN3,off,C3b,17,C,3b,0.956957,-7.3546,-7.2186,63.4074,8.0992,0
rgb,42,rgb_s42,OFF,off/sceneN3/L5__s20260819__0005.png,sceneN3,off,B3a,11,B,3a,0.557606,-12.2129,-14.4798,63.1796,2.2677,0
rgb,42,rgb_s42,OFF,off/sceneN3/L5__s20260819__0005.png,sceneN3,off,C3a,12,C,3a,0.555045,-12.2129,-14.4798,63.1796,2.2677,0
rgb,42,rgb_s42,OFF,off/sceneN3/L5__s20260819__0005.png,sceneN3,off,B3b,16,B,3b,0.863557,-12.2129,-14.4798,63.1796,2.2677,0
rgb,42,rgb_s42,OFF,off/sceneN3/L5__s20260819__0005.png,sceneN3,off,C3b,17,C,3b,0.897466,-12.2129,-14.4798,63.1796,2.2677,0
rgb,42,rgb_s42,OFF,off/sceneN3/L5__s20260819__0006.png,sceneN3,off,B3a,11,B,3a,0.942371,-7.7849,2.4667,60.503,4.7311,0
rgb,42,rgb_s42,OFF,off/sceneN3/L5__s20260819__0006.png,sceneN3,off,C3a,12,C,3a,0.963218,-7.7849,2.4667,60.503,4.7311,0
rgb,42,rgb_s42,OFF,off/sceneN3/L5__s20260819__0006.png,sceneN3,off,D3a,13,D,3a,0.812984,-7.7849,2.4667,60.503,4.7311,0
rgb,42,rgb_s42,OFF,off/sceneN3/L5__s20260819__0006.png,sceneN3,off,B3b,16,B,3b,0.825765,-7.7849,2.4667,60.503,4.7311,0
rgb,42,rgb_s42,OFF,off/sceneN3/L5__s20260819__0006.png,sceneN3,off,C3b,17,C,3b,0.96645,-7.7849,2.4667,60.503,4.7311,0
rgb,42,rgb_s42,OFF,off/sceneN3/L5__s20260819__0006.png,sceneN3,off,D3b,18,D,3b,0.646257,-7.7849,2.4667,60.503,4.7311,0
rgb,42,rgb_s42,OFF,off/sceneN3/L5__s20260819__0007.png,sceneN3,off,C3a,12,C,3a,0.553184,-12.6477,6.8749,62.3125,1.3919,0
rgb,42,rgb_s42,OFF,off/sceneN3/L5__s20260819__0007.png,sceneN3,off,B3b,16,B,3b,0.814068,-12.6477,6.8749,62.3125,1.3919,0
rgb,42,rgb_s42,OFF,off/sceneN3/L5__s20260819__0007.png,sceneN3,off,C3b,17,C,3b,0.906688,-12.6477,6.8749,62.3125,1.3919,0
rgb,42,rgb_s42,OFF,off/sceneN3/L5__s20260819__0007.png,sceneN3,off,D3b,18,D,3b,0.605508,-12.6477,6.8749,62.3125,1.3919,0
rgb,42,rgb_s42,OFF,off/sceneN3/L7__s20260819__0000.png,sceneN3,off,C3a,12,C,3a,0.685675,-16.2467,-6.5053,60.6518,9.1828,0
rgb,42,rgb_s42,OFF,off/sceneN3/L7__s20260819__0000.png,sceneN3,off,C3b,17,C,3b,0.67631,-16.2467,-6.5053,60.6518,9.1828,0
rgb,42,rgb_s42,OFF,off/sceneN3/L7__s20260819__0001.png,sceneN3,off,C2,7,C,2,0.536537,-12.6534,1.5439,61.04,5.2884,0
rgb,42,rgb_s42,OFF,off/sceneN3/L7__s20260819__0001.png,sceneN3,off,B3a,11,B,3a,0.737878,-12.6534,1.5439,61.04,5.2884,0
rgb,42,rgb_s42,OFF,off/sceneN3/L7__s20260819__0001.png,sceneN3,off,C3a,12,C,3a,0.845828,-12.6534,1.5439,61.04,5.2884,0
rgb,42,rgb_s42,OFF,off/sceneN3/L7__s20260819__0001.png,sceneN3,off,B3b,16,B,3b,0.93218,-12.6534,1.5439,61.04,5.2884,0
rgb,42,rgb_s42,OFF,off/sceneN3/L7__s20260819__0001.png,sceneN3,off,C3b,17,C,3b,0.956275,-12.6534,1.5439,61.04,5.2884,0
rgb,42,rgb_s42,OFF,off/sceneN3/L7__s20260819__0001.png,sceneN3,off,D3b,18,D,3b,0.729348,-12.6534,1.5439,61.04,5.2884,0
rgb,42,rgb_s42,OFF,off/sceneN3/L7__s20260819__0002.png,sceneN3,off,C2,7,C,2,0.551801,-13.1516,1.5693,63.1068,1.7608,0
rgb,42,rgb_s42,OFF,off/sceneN3/L7__s20260819__0002.png,sceneN3,off,B3b,16,B,3b,0.815266,-13.1516,1.5693,63.1068,1.7608,0
rgb,42,rgb_s42,OFF,off/sceneN3/L7__s20260819__0002.png,sceneN3,off,C3b,17,C,3b,0.900668,-13.1516,1.5693,63.1068,1.7608,0
rgb,42,rgb_s42,OFF,off/sceneN3/L7__s20260819__0002.png,sceneN3,off,D3b,18,D,3b,0.685242,-13.1516,1.5693,63.1068,1.7608,0
rgb,42,rgb_s42,OFF,off/sceneN3/L7__s20260819__0003.png,sceneN3,off,C3a,12,C,3a,0.660566,-9.3231,5.7221,62.1685,8.3724,0
rgb,42,rgb_s42,OFF,off/sceneN3/L7__s20260819__0003.png,sceneN3,off,B3b,16,B,3b,0.837409,-9.3231,5.7221,62.1685,8.3724,0
rgb,42,rgb_s42,OFF,off/sceneN3/L7__s20260819__0003.png,sceneN3,off,C3b,17,C,3b,0.87028,-9.3231,5.7221,62.1685,8.3724,0
rgb,42,rgb_s42,OFF,off/sceneN3/L7__s20260819__0004.png,sceneN3,off,C2,7,C,2,0.515704,-7.3546,-7.2186,63.4074,8.0992,0
rgb,42,rgb_s42,OFF,off/sceneN3/L7__s20260819__0004.png,sceneN3,off,B3a,11,B,3a,0.912851,-7.3546,-7.2186,63.4074,8.0992,0
rgb,42,rgb_s42,OFF,off/sceneN3/L7__s20260819__0004.png,sceneN3,off,C3a,12,C,3a,0.955112,-7.3546,-7.2186,63.4074,8.0992,0
rgb,42,rgb_s42,OFF,off/sceneN3/L7__s20260819__0004.png,sceneN3,off,B3b,16,B,3b,0.845481,-7.3546,-7.2186,63.4074,8.0992,0
rgb,42,rgb_s42,OFF,off/sceneN3/L7__s20260819__0004.png,sceneN3,off,C3b,17,C,3b,0.917679,-7.3546,-7.2186,63.4074,8.0992,0
rgb,42,rgb_s42,OFF,off/sceneN3/L7__s20260819__0005.png,sceneN3,off,C2,7,C,2,0.542077,-12.2129,-14.4798,63.1796,2.2677,0
rgb,42,rgb_s42,OFF,off/sceneN3/L7__s20260819__0005.png,sceneN3,off,B3b,16,B,3b,0.818632,-12.2129,-14.4798,63.1796,2.2677,0
rgb,42,rgb_s42,OFF,off/sceneN3/L7__s20260819__0005.png,sceneN3,off,C3b,17,C,3b,0.881166,-12.2129,-14.4798,63.1796,2.2677,0
rgb,42,rgb_s42,OFF,off/sceneN3/L7__s20260819__0006.png,sceneN3,off,B2,6,B,2,0.511791,-7.7849,2.4667,60.503,4.7311,0
rgb,42,rgb_s42,OFF,off/sceneN3/L7__s20260819__0006.png,sceneN3,off,C2,7,C,2,0.568976,-7.7849,2.4667,60.503,4.7311,0
rgb,42,rgb_s42,OFF,off/sceneN3/L7__s20260819__0006.png,sceneN3,off,D2,8,D,2,0.514802,-7.7849,2.4667,60.503,4.7311,0
rgb,42,rgb_s42,OFF,off/sceneN3/L7__s20260819__0006.png,sceneN3,off,B3a,11,B,3a,0.781898,-7.7849,2.4667,60.503,4.7311,0
rgb,42,rgb_s42,OFF,off/sceneN3/L7__s20260819__0006.png,sceneN3,off,C3a,12,C,3a,0.798523,-7.7849,2.4667,60.503,4.7311,0
rgb,42,rgb_s42,OFF,off/sceneN3/L7__s20260819__0006.png,sceneN3,off,D3a,13,D,3a,0.664663,-7.7849,2.4667,60.503,4.7311,0
rgb,42,rgb_s42,OFF,off/sceneN3/L7__s20260819__0006.png,sceneN3,off,B3b,16,B,3b,0.839957,-7.7849,2.4667,60.503,4.7311,0
rgb,42,rgb_s42,OFF,off/sceneN3/L7__s20260819__0006.png,sceneN3,off,C3b,17,C,3b,0.918314,-7.7849,2.4667,60.503,4.7311,0
rgb,42,rgb_s42,OFF,off/sceneN3/L7__s20260819__0006.png,sceneN3,off,D3b,18,D,3b,0.794168,-7.7849,2.4667,60.503,4.7311,0
rgb,42,rgb_s42,OFF,off/sceneN3/L7__s20260819__0007.png,sceneN3,off,B3b,16,B,3b,0.744439,-12.6477,6.8749,62.3125,1.3919,0
rgb,42,rgb_s42,OFF,off/sceneN3/L7__s20260819__0007.png,sceneN3,off,C3b,17,C,3b,0.874915,-12.6477,6.8749,62.3125,1.3919,0
rgb,42,rgb_s42,OFF,off/sceneN3/L7__s20260819__0007.png,sceneN3,off,D3b,18,D,3b,0.621406,-12.6477,6.8749,62.3125,1.3919,0
rgb,42,rgb_s42,OFF,off/scene15/L0__s20260820__0000.png::boost_h,scene15,off,B3b,16,B,3b,0.620794,-13.637,-17.7914,62.7559,10.9914,0
rgb,42,rgb_s42,OFF,off/scene15/L0__s20260820__0000.png::boost_h,scene15,off,C3b,17,C,3b,0.542698,-13.637,-17.7914,62.7559,10.9914,0
rgb,42,rgb_s42,OFF,off/scene15/L0__s20260820__0003.png::boost_h,scene15,off,B3b,16,B,3b,0.781598,-11.0902,-4.9586,63.1815,7.5147,0
rgb,42,rgb_s42,OFF,off/scene15/L0__s20260820__0003.png::boost_h,scene15,off,C3b,17,C,3b,0.673283,-11.0902,-4.9586,63.1815,7.5147,0
rgb,42,rgb_s42,OFF,off/scene15/L0__s20260820__0006.png::boost_h,scene15,off,B3a,11,B,3a,0.706349,-5.1828,6.8137,59.5209,6.9519,0
rgb,42,rgb_s42,OFF,off/scene15/L0__s20260820__0006.png::boost_h,scene15,off,C3a,12,C,3a,0.725044,-5.1828,6.8137,59.5209,6.9519,0
rgb,42,rgb_s42,OFF,off/scene15/L0__s20260820__0006.png::boost_h,scene15,off,B3b,16,B,3b,0.879484,-5.1828,6.8137,59.5209,6.9519,0
rgb,42,rgb_s42,OFF,off/scene15/L0__s20260820__0006.png::boost_h,scene15,off,C3b,17,C,3b,0.895409,-5.1828,6.8137,59.5209,6.9519,0
rgb,42,rgb_s42,OFF,off/scene15/L0__s20260820__0006.png::boost_h,scene15,off,D3b,18,D,3b,0.591826,-5.1828,6.8137,59.5209,6.9519,0
rgb,42,rgb_s42,OFF,off/scene15/L0__s20260820__0007.png::boost_h,scene15,off,B3b,16,B,3b,0.660976,-9.4753,-12.4083,62.4936,8.3783,0
rgb,42,rgb_s42,OFF,off/scene15/L0__s20260820__0007.png::boost_h,scene15,off,C3b,17,C,3b,0.619385,-9.4753,-12.4083,62.4936,8.3783,0
rgb,42,rgb_s42,OFF,off/scene15/L4__s20260820__0000.png::boost_h,scene15,off,B3b,16,B,3b,0.760309,-13.637,-17.7914,62.7559,10.9914,0
rgb,42,rgb_s42,OFF,off/scene15/L4__s20260820__0000.png::boost_h,scene15,off,C3b,17,C,3b,0.505647,-13.637,-17.7914,62.7559,10.9914,0
rgb,42,rgb_s42,OFF,off/scene15/L4__s20260820__0001.png::boost_h,scene15,off,B3b,16,B,3b,0.652075,-6.8068,-11.8299,63.9125,9.9013,0
rgb,42,rgb_s42,OFF,off/scene15/L4__s20260820__0001.png::boost_h,scene15,off,C3b,17,C,3b,0.586571,-6.8068,-11.8299,63.9125,9.9013,0
rgb,42,rgb_s42,OFF,off/scene15/L4__s20260820__0002.png::boost_h,scene15,off,B3b,16,B,3b,0.787172,-8.6096,-4.0107,63.6728,6.6026,0
rgb,42,rgb_s42,OFF,off/scene15/L4__s20260820__0002.png::boost_h,scene15,off,C3b,17,C,3b,0.66467,-8.6096,-4.0107,63.6728,6.6026,0
rgb,42,rgb_s42,OFF,off/scene15/L4__s20260820__0003.png::boost_h,scene15,off,B3b,16,B,3b,0.746644,-11.0902,-4.9586,63.1815,7.5147,0
rgb,42,rgb_s42,OFF,off/scene15/L4__s20260820__0003.png::boost_h,scene15,off,C3b,17,C,3b,0.674752,-11.0902,-4.9586,63.1815,7.5147,0
rgb,42,rgb_s42,OFF,off/scene15/L4__s20260820__0003.png::boost_h,scene15,off,D3b,18,D,3b,0.511159,-11.0902,-4.9586,63.1815,7.5147,0
rgb,42,rgb_s42,OFF,off/scene15/L4__s20260820__0004.png::boost_h,scene15,off,B3b,16,B,3b,0.542632,-12.6937,-3.4861,58.1207,9.9583,0
rgb,42,rgb_s42,OFF,off/scene15/L4__s20260820__0005.png::boost_h,scene15,off,B3b,16,B,3b,0.755859,-5.4058,-7.3396,62.3314,9.8366,0
rgb,42,rgb_s42,OFF,off/scene15/L4__s20260820__0005.png::boost_h,scene15,off,C3b,17,C,3b,0.605566,-5.4058,-7.3396,62.3314,9.8366,0
rgb,42,rgb_s42,OFF,off/scene15/L4__s20260820__0006.png::boost_h,scene15,off,B3b,16,B,3b,0.785251,-5.1828,6.8137,59.5209,6.9519,0
rgb,42,rgb_s42,OFF,off/scene15/L4__s20260820__0006.png::boost_h,scene15,off,C3b,17,C,3b,0.814412,-5.1828,6.8137,59.5209,6.9519,0
rgb,42,rgb_s42,OFF,off/scene15/L4__s20260820__0006.png::boost_h,scene15,off,D3b,18,D,3b,0.584115,-5.1828,6.8137,59.5209,6.9519,0
rgb,42,rgb_s42,OFF,off/scene15/L4__s20260820__0007.png::boost_h,scene15,off,B3b,16,B,3b,0.661691,-9.4753,-12.4083,62.4936,8.3783,0
rgb,42,rgb_s42,OFF,off/scene15/L4__s20260820__0007.png::boost_h,scene15,off,C3b,17,C,3b,0.592129,-9.4753,-12.4083,62.4936,8.3783,0
rgb,42,rgb_s42,OFF,off/scene15/L7__s20260820__0000.png::boost_h,scene15,off,B3b,16,B,3b,0.64023,-13.637,-17.7914,62.7559,10.9914,0
rgb,42,rgb_s42,OFF,off/scene15/L7__s20260820__0001.png::boost_h,scene15,off,B3b,16,B,3b,0.671821,-6.8068,-11.8299,63.9125,9.9013,0
rgb,42,rgb_s42,OFF,off/scene15/L7__s20260820__0002.png::boost_h,scene15,off,B3b,16,B,3b,0.695263,-8.6096,-4.0107,63.6728,6.6026,0
rgb,42,rgb_s42,OFF,off/scene15/L7__s20260820__0002.png::boost_h,scene15,off,C3b,17,C,3b,0.553284,-8.6096,-4.0107,63.6728,6.6026,0
rgb,42,rgb_s42,OFF,off/scene15/L7__s20260820__0003.png::boost_h,scene15,off,B3b,16,B,3b,0.639361,-11.0902,-4.9586,63.1815,7.5147,0
rgb,42,rgb_s42,OFF,off/scene15/L7__s20260820__0004.png::boost_h,scene15,off,B3b,16,B,3b,0.606272,-12.6937,-3.4861,58.1207,9.9583,0
rgb,42,rgb_s42,OFF,off/scene15/L7__s20260820__0005.png::boost_h,scene15,off,B3b,16,B,3b,0.712704,-5.4058,-7.3396,62.3314,9.8366,0
rgb,42,rgb_s42,OFF,off/scene15/L7__s20260820__0006.png::boost_h,scene15,off,B3b,16,B,3b,0.802405,-5.1828,6.8137,59.5209,6.9519,0
rgb,42,rgb_s42,OFF,off/scene15/L7__s20260820__0006.png::boost_h,scene15,off,C3b,17,C,3b,0.774185,-5.1828,6.8137,59.5209,6.9519,0
rgb,42,rgb_s42,OFF,off/scene15/L7__s20260820__0006.png::boost_h,scene15,off,D3b,18,D,3b,0.51868,-5.1828,6.8137,59.5209,6.9519,0
rgb,42,rgb_s42,OFF,off/scene15/L7__s20260820__0007.png::boost_h,scene15,off,B3b,16,B,3b,0.614758,-9.4753,-12.4083,62.4936,8.3783,0
rgb,42,rgb_s42,OFF,off/scene05/L0__s20260820__0001.png::boost_e,scene05,off,B3b,16,B,3b,0.679116,-5.7189,0.3564,61.8831,9.8857,0
rgb,42,rgb_s42,OFF,off/scene05/L0__s20260820__0003.png::boost_e,scene05,off,B3b,16,B,3b,0.596014,-7.8027,0.1237,61.0834,6.3099,0
rgb,42,rgb_s42,OFF,off/scene05/L5__s20260820__0001.png::boost_e,scene05,off,B3b,16,B,3b,0.934098,-5.7189,0.3564,61.8831,9.8857,0
rgb,42,rgb_s42,OFF,off/scene05/L5__s20260820__0001.png::boost_e,scene05,off,C3b,17,C,3b,0.961165,-5.7189,0.3564,61.8831,9.8857,0
rgb,42,rgb_s42,OFF,off/scene05/L5__s20260820__0003.png::boost_e,scene05,off,B3b,16,B,3b,0.870588,-7.8027,0.1237,61.0834,6.3099,0
rgb,42,rgb_s42,OFF,off/scene05/L5__s20260820__0003.png::boost_e,scene05,off,C3b,17,C,3b,0.811172,-7.8027,0.1237,61.0834,6.3099,0
rgb,42,rgb_s42,OFF,off/scene05/L5__s20260820__0004.png::boost_e,scene05,off,B3b,16,B,3b,0.60168,-6.9904,-7.3983,63.483,6.1605,0
rgb,42,rgb_s42,OFF,off/scene05/L5__s20260820__0005.png::boost_e,scene05,off,B3b,16,B,3b,0.587671,-9.9958,-4.8864,61.371,6.2772,0
rgb,42,rgb_s42,OFF,off/scene05/L5__s20260820__0006.png::boost_e,scene05,off,B3b,16,B,3b,0.626673,-12.8982,-6.3539,61.1324,9.7574,0
rgb,42,rgb_s42,OFF,off/scene05/L5__s20260820__0006.png::boost_e,scene05,off,C3b,17,C,3b,0.514286,-12.8982,-6.3539,61.1324,9.7574,0
rgb,42,rgb_s42,OFF,off/scene05/L7__s20260820__0001.png::boost_e,scene05,off,B3b,16,B,3b,0.614166,-5.7189,0.3564,61.8831,9.8857,0
rgb,42,rgb_s42,OFF,off/scene05/L7__s20260820__0001.png::boost_e,scene05,off,C3b,17,C,3b,0.554939,-5.7189,0.3564,61.8831,9.8857,0
rgb,42,rgb_s42,OFF,off/scene14/L5__s20260820__0005.png::boost_e,scene14,off,C3a,12,C,3a,0.845976,-12.4022,9.6925,62.3957,8.1602,0
rgb,42,rgb_s42,OFF,off/scene14/L5__s20260820__0005.png::boost_e,scene14,off,D3a,13,D,3a,0.792611,-12.4022,9.6925,62.3957,8.1602,0
rgb,42,rgb_s42,OFF,off/scene15/L0__s20260820__0000.png::boost_e,scene15,off,B3b,16,B,3b,0.5817,-13.637,-17.7914,62.7559,10.9914,0
rgb,42,rgb_s42,OFF,off/scene15/L0__s20260820__0001.png::boost_e,scene15,off,B3b,16,B,3b,0.516575,-6.8068,-11.8299,63.9125,9.9013,0
rgb,42,rgb_s42,OFF,off/scene15/L0__s20260820__0001.png::boost_e,scene15,off,C3b,17,C,3b,0.551299,-6.8068,-11.8299,63.9125,9.9013,0
rgb,42,rgb_s42,OFF,off/scene15/L0__s20260820__0002.png::boost_e,scene15,off,C3b,17,C,3b,0.515214,-8.6096,-4.0107,63.6728,6.6026,0
rgb,42,rgb_s42,OFF,off/scene15/L0__s20260820__0003.png::boost_e,scene15,off,B3b,16,B,3b,0.802724,-11.0902,-4.9586,63.1815,7.5147,0
rgb,42,rgb_s42,OFF,off/scene15/L0__s20260820__0003.png::boost_e,scene15,off,C3b,17,C,3b,0.664907,-11.0902,-4.9586,63.1815,7.5147,0
rgb,42,rgb_s42,OFF,off/scene15/L0__s20260820__0006.png::boost_e,scene15,off,B3a,11,B,3a,0.701915,-5.1828,6.8137,59.5209,6.9519,0
rgb,42,rgb_s42,OFF,off/scene15/L0__s20260820__0006.png::boost_e,scene15,off,C3a,12,C,3a,0.716998,-5.1828,6.8137,59.5209,6.9519,0
rgb,42,rgb_s42,OFF,off/scene15/L0__s20260820__0006.png::boost_e,scene15,off,B3b,16,B,3b,0.858476,-5.1828,6.8137,59.5209,6.9519,0
rgb,42,rgb_s42,OFF,off/scene15/L0__s20260820__0006.png::boost_e,scene15,off,C3b,17,C,3b,0.873118,-5.1828,6.8137,59.5209,6.9519,0
rgb,42,rgb_s42,OFF,off/scene15/L0__s20260820__0007.png::boost_e,scene15,off,B3b,16,B,3b,0.728707,-9.4753,-12.4083,62.4936,8.3783,0
rgb,42,rgb_s42,OFF,off/scene15/L0__s20260820__0007.png::boost_e,scene15,off,C3b,17,C,3b,0.744485,-9.4753,-12.4083,62.4936,8.3783,0
rgb,42,rgb_s42,OFF,off/scene15/L4__s20260820__0000.png::boost_e,scene15,off,B3b,16,B,3b,0.744123,-13.637,-17.7914,62.7559,10.9914,0
rgb,42,rgb_s42,OFF,off/scene15/L4__s20260820__0001.png::boost_e,scene15,off,B3b,16,B,3b,0.711248,-6.8068,-11.8299,63.9125,9.9013,0
rgb,42,rgb_s42,OFF,off/scene15/L4__s20260820__0001.png::boost_e,scene15,off,C3b,17,C,3b,0.716073,-6.8068,-11.8299,63.9125,9.9013,0
rgb,42,rgb_s42,OFF,off/scene15/L4__s20260820__0002.png::boost_e,scene15,off,B3b,16,B,3b,0.680671,-8.6096,-4.0107,63.6728,6.6026,0
rgb,42,rgb_s42,OFF,off/scene15/L4__s20260820__0002.png::boost_e,scene15,off,C3b,17,C,3b,0.63637,-8.6096,-4.0107,63.6728,6.6026,0
rgb,42,rgb_s42,OFF,off/scene15/L4__s20260820__0003.png::boost_e,scene15,off,B3b,16,B,3b,0.741107,-11.0902,-4.9586,63.1815,7.5147,0
rgb,42,rgb_s42,OFF,off/scene15/L4__s20260820__0003.png::boost_e,scene15,off,C3b,17,C,3b,0.657777,-11.0902,-4.9586,63.1815,7.5147,0
rgb,42,rgb_s42,OFF,off/scene15/L4__s20260820__0004.png::boost_e,scene15,off,B3b,16,B,3b,0.580251,-12.6937,-3.4861,58.1207,9.9583,0
rgb,42,rgb_s42,OFF,off/scene15/L4__s20260820__0005.png::boost_e,scene15,off,B3b,16,B,3b,0.797722,-5.4058,-7.3396,62.3314,9.8366,0
rgb,42,rgb_s42,OFF,off/scene15/L4__s20260820__0005.png::boost_e,scene15,off,C3b,17,C,3b,0.614841,-5.4058,-7.3396,62.3314,9.8366,0
rgb,42,rgb_s42,OFF,off/scene15/L4__s20260820__0006.png::boost_e,scene15,off,B3b,16,B,3b,0.742236,-5.1828,6.8137,59.5209,6.9519,0
rgb,42,rgb_s42,OFF,off/scene15/L4__s20260820__0006.png::boost_e,scene15,off,C3b,17,C,3b,0.772805,-5.1828,6.8137,59.5209,6.9519,0
rgb,42,rgb_s42,OFF,off/scene15/L4__s20260820__0006.png::boost_e,scene15,off,D3b,18,D,3b,0.51506,-5.1828,6.8137,59.5209,6.9519,0
rgb,42,rgb_s42,OFF,off/scene15/L4__s20260820__0007.png::boost_e,scene15,off,B3b,16,B,3b,0.795149,-9.4753,-12.4083,62.4936,8.3783,0
rgb,42,rgb_s42,OFF,off/scene15/L4__s20260820__0007.png::boost_e,scene15,off,C3b,17,C,3b,0.799848,-9.4753,-12.4083,62.4936,8.3783,0
rgb,42,rgb_s42,OFF,off/scene15/L4__s20260820__0007.png::boost_e,scene15,off,D3b,18,D,3b,0.503988,-9.4753,-12.4083,62.4936,8.3783,0
rgb,42,rgb_s42,OFF,off/scene15/L7__s20260820__0000.png::boost_e,scene15,off,B3b,16,B,3b,0.625501,-13.637,-17.7914,62.7559,10.9914,0
rgb,42,rgb_s42,OFF,off/scene15/L7__s20260820__0001.png::boost_e,scene15,off,B3b,16,B,3b,0.71931,-6.8068,-11.8299,63.9125,9.9013,0
rgb,42,rgb_s42,OFF,off/scene15/L7__s20260820__0001.png::boost_e,scene15,off,C3b,17,C,3b,0.626514,-6.8068,-11.8299,63.9125,9.9013,0
rgb,42,rgb_s42,OFF,off/scene15/L7__s20260820__0002.png::boost_e,scene15,off,B3b,16,B,3b,0.632319,-8.6096,-4.0107,63.6728,6.6026,0
rgb,42,rgb_s42,OFF,off/scene15/L7__s20260820__0002.png::boost_e,scene15,off,C3b,17,C,3b,0.545556,-8.6096,-4.0107,63.6728,6.6026,0
rgb,42,rgb_s42,OFF,off/scene15/L7__s20260820__0003.png::boost_e,scene15,off,B3b,16,B,3b,0.714643,-11.0902,-4.9586,63.1815,7.5147,0
rgb,42,rgb_s42,OFF,off/scene15/L7__s20260820__0003.png::boost_e,scene15,off,C3b,17,C,3b,0.54416,-11.0902,-4.9586,63.1815,7.5147,0
rgb,42,rgb_s42,OFF,off/scene15/L7__s20260820__0004.png::boost_e,scene15,off,B3b,16,B,3b,0.680467,-12.6937,-3.4861,58.1207,9.9583,0
rgb,42,rgb_s42,OFF,off/scene15/L7__s20260820__0004.png::boost_e,scene15,off,C3b,17,C,3b,0.503922,-12.6937,-3.4861,58.1207,9.9583,0
rgb,42,rgb_s42,OFF,off/scene15/L7__s20260820__0005.png::boost_e,scene15,off,B3b,16,B,3b,0.756336,-5.4058,-7.3396,62.3314,9.8366,0
rgb,42,rgb_s42,OFF,off/scene15/L7__s20260820__0006.png::boost_e,scene15,off,B3b,16,B,3b,0.80407,-5.1828,6.8137,59.5209,6.9519,0
rgb,42,rgb_s42,OFF,off/scene15/L7__s20260820__0006.png::boost_e,scene15,off,C3b,17,C,3b,0.748323,-5.1828,6.8137,59.5209,6.9519,0
rgb,42,rgb_s42,OFF,off/scene15/L7__s20260820__0007.png::boost_e,scene15,off,B3b,16,B,3b,0.779897,-9.4753,-12.4083,62.4936,8.3783,0
rgb,42,rgb_s42,OFF,off/scene15/L7__s20260820__0007.png::boost_e,scene15,off,C3b,17,C,3b,0.720388,-9.4753,-12.4083,62.4936,8.3783,0
rgb,42,rgb_s42,OFF,off/scene18/L0__s20260820__0002.png::boost_e,scene18,off,A3a,10,A,3a,0.597293,-9.0792,9.5062,64.1649,7.1883,0
rgb,42,rgb_s42,OFF,off/scene18/L0__s20260820__0002.png::boost_e,scene18,off,B3a,11,B,3a,0.681721,-9.0792,9.5062,64.1649,7.1883,0
rgb,42,rgb_s42,OFF,off/scene18/L0__s20260820__0002.png::boost_e,scene18,off,C3a,12,C,3a,0.815274,-9.0792,9.5062,64.1649,7.1883,0
rgb,42,rgb_s42,OFF,off/scene18/L0__s20260820__0002.png::boost_e,scene18,off,D3a,13,D,3a,0.897683,-9.0792,9.5062,64.1649,7.1883,0
rgb,42,rgb_s42,OFF,off/scene18/L0__s20260820__0003.png::boost_e,scene18,off,B3b,16,B,3b,0.656415,-8.8448,-3.6128,59.415,8.964,0
rgb,42,rgb_s42,OFF,off/scene18/L0__s20260820__0003.png::boost_e,scene18,off,C3b,17,C,3b,0.567384,-8.8448,-3.6128,59.415,8.964,0
rgb,42,rgb_s42,OFF,off/scene18/L0__s20260820__0006.png::boost_e,scene18,off,A3a,10,A,3a,0.592326,-9.0932,1.6737,60.8772,6.4479,0
rgb,42,rgb_s42,OFF,off/scene18/L0__s20260820__0006.png::boost_e,scene18,off,B3a,11,B,3a,0.64609,-9.0932,1.6737,60.8772,6.4479,0
rgb,42,rgb_s42,OFF,off/scene18/L0__s20260820__0006.png::boost_e,scene18,off,C3a,12,C,3a,0.67219,-9.0932,1.6737,60.8772,6.4479,0
rgb,42,rgb_s42,OFF,off/scene18/L0__s20260820__0006.png::boost_e,scene18,off,D3a,13,D,3a,0.50231,-9.0932,1.6737,60.8772,6.4479,0
rgb,42,rgb_s42,OFF,off/scene18/L0__s20260820__0006.png::boost_e,scene18,off,A3b,15,A,3b,0.513103,-9.0932,1.6737,60.8772,6.4479,0
rgb,42,rgb_s42,OFF,off/scene18/L0__s20260820__0006.png::boost_e,scene18,off,B3b,16,B,3b,0.785907,-9.0932,1.6737,60.8772,6.4479,0
rgb,42,rgb_s42,OFF,off/scene18/L0__s20260820__0006.png::boost_e,scene18,off,C3b,17,C,3b,0.625698,-9.0932,1.6737,60.8772,6.4479,0
rgb,42,rgb_s42,OFF,off/scene18/L5__s20260820__0001.png::boost_e,scene18,off,B3a,11,B,3a,0.520217,-10.1204,15.1866,63.5385,10.0506,0
rgb,42,rgb_s42,OFF,off/scene18/L5__s20260820__0001.png::boost_e,scene18,off,C3a,12,C,3a,0.764689,-10.1204,15.1866,63.5385,10.0506,0
rgb,42,rgb_s42,OFF,off/scene18/L5__s20260820__0001.png::boost_e,scene18,off,D3a,13,D,3a,0.926071,-10.1204,15.1866,63.5385,10.0506,0
rgb,42,rgb_s42,OFF,off/scene18/L5__s20260820__0002.png::boost_e,scene18,off,C3a,12,C,3a,0.600961,-9.0792,9.5062,64.1649,7.1883,0
rgb,42,rgb_s42,OFF,off/scene18/L5__s20260820__0002.png::boost_e,scene18,off,D3a,13,D,3a,0.763923,-9.0792,9.5062,64.1649,7.1883,0
rgb,42,rgb_s42,OFF,off/scene18/L5__s20260820__0003.png::boost_e,scene18,off,B3b,16,B,3b,0.596715,-8.8448,-3.6128,59.415,8.964,0
rgb,42,rgb_s42,OFF,off/scene18/L5__s20260820__0003.png::boost_e,scene18,off,C3b,17,C,3b,0.551338,-8.8448,-3.6128,59.415,8.964,0
rgb,42,rgb_s42,OFF,off/scene18/L5__s20260820__0004.png::boost_e,scene18,off,B3a,11,B,3a,0.500069,-16.4348,4.8995,62.3306,10.047,0
rgb,42,rgb_s42,OFF,off/scene18/L5__s20260820__0004.png::boost_e,scene18,off,C3a,12,C,3a,0.720481,-16.4348,4.8995,62.3306,10.047,0
rgb,42,rgb_s42,OFF,off/scene18/L5__s20260820__0004.png::boost_e,scene18,off,D3a,13,D,3a,0.830933,-16.4348,4.8995,62.3306,10.047,0
rgb,42,rgb_s42,OFF,off/scene18/L5__s20260820__0005.png::boost_e,scene18,off,C3a,12,C,3a,0.652223,-10.8924,-2.0965,60.6044,6.3047,0
rgb,42,rgb_s42,OFF,off/scene18/L5__s20260820__0005.png::boost_e,scene18,off,D3a,13,D,3a,0.707639,-10.8924,-2.0965,60.6044,6.3047,0
rgb,42,rgb_s42,OFF,off/scene18/L5__s20260820__0006.png::boost_e,scene18,off,A3a,10,A,3a,0.751126,-9.0932,1.6737,60.8772,6.4479,0
rgb,42,rgb_s42,OFF,off/scene18/L5__s20260820__0006.png::boost_e,scene18,off,B3a,11,B,3a,0.764501,-9.0932,1.6737,60.8772,6.4479,0
rgb,42,rgb_s42,OFF,off/scene18/L5__s20260820__0006.png::boost_e,scene18,off,C3a,12,C,3a,0.747507,-9.0932,1.6737,60.8772,6.4479,0
rgb,42,rgb_s42,OFF,off/scene18/L5__s20260820__0006.png::boost_e,scene18,off,D3a,13,D,3a,0.657313,-9.0932,1.6737,60.8772,6.4479,0
rgb,42,rgb_s42,OFF,off/scene18/L5__s20260820__0006.png::boost_e,scene18,off,A3b,15,A,3b,0.634327,-9.0932,1.6737,60.8772,6.4479,0
rgb,42,rgb_s42,OFF,off/scene18/L5__s20260820__0006.png::boost_e,scene18,off,B3b,16,B,3b,0.826252,-9.0932,1.6737,60.8772,6.4479,0
rgb,42,rgb_s42,OFF,off/scene18/L5__s20260820__0006.png::boost_e,scene18,off,C3b,17,C,3b,0.70673,-9.0932,1.6737,60.8772,6.4479,0
rgb,42,rgb_s42,OFF,off/scene18/L5__s20260820__0006.png::boost_e,scene18,off,D3b,18,D,3b,0.613335,-9.0932,1.6737,60.8772,6.4479,0
rgb,42,rgb_s42,OFF,off/scene18/L7__s20260820__0002.png::boost_e,scene18,off,C3a,12,C,3a,0.624596,-9.0792,9.5062,64.1649,7.1883,0
rgb,42,rgb_s42,OFF,off/scene18/L7__s20260820__0002.png::boost_e,scene18,off,D3a,13,D,3a,0.754618,-9.0792,9.5062,64.1649,7.1883,0
rgb,42,rgb_s42,OFF,off/scene18/L7__s20260820__0003.png::boost_e,scene18,off,B3b,16,B,3b,0.605781,-8.8448,-3.6128,59.415,8.964,0
rgb,42,rgb_s42,OFF,off/scene18/L7__s20260820__0003.png::boost_e,scene18,off,C3b,17,C,3b,0.518317,-8.8448,-3.6128,59.415,8.964,0
rgb,42,rgb_s42,OFF,off/scene18/L7__s20260820__0006.png::boost_e,scene18,off,B3a,11,B,3a,0.512198,-9.0932,1.6737,60.8772,6.4479,0
rgb,42,rgb_s42,OFF,off/scene18/L7__s20260820__0006.png::boost_e,scene18,off,B3b,16,B,3b,0.747339,-9.0932,1.6737,60.8772,6.4479,0
rgb,42,rgb_s42,OFF,off/scene18/L7__s20260820__0006.png::boost_e,scene18,off,C3b,17,C,3b,0.575568,-9.0932,1.6737,60.8772,6.4479,0
rgb,42,rgb_s42,OFF,off/scene05/L5__s20260821__0000.png::boost_e2,scene05,off,B3b,16,B,3b,0.73438,-9.2269,3.34,61.3567,7.9689,0
rgb,42,rgb_s42,OFF,off/scene05/L5__s20260821__0000.png::boost_e2,scene05,off,C3b,17,C,3b,0.559781,-9.2269,3.34,61.3567,7.9689,0
rgb,42,rgb_s42,OFF,off/scene18/L0__s20260821__0000.png::boost_e2,scene18,off,A3b,15,A,3b,0.598876,-8.1314,-6.8834,61.6424,6.9167,0
rgb,42,rgb_s42,OFF,off/scene18/L0__s20260821__0000.png::boost_e2,scene18,off,B3b,16,B,3b,0.685724,-8.1314,-6.8834,61.6424,6.9167,0
rgb,42,rgb_s42,OFF,off/scene18/L0__s20260821__0001.png::boost_e2,scene18,off,B3b,16,B,3b,0.567986,-11.4302,-0.5328,63.721,4.691,0
rgb,42,rgb_s42,OFF,off/scene18/L0__s20260821__0002.png::boost_e2,scene18,off,C3a,12,C,3a,0.501128,-8.9683,14.9838,61.9861,5.8493,0
rgb,42,rgb_s42,OFF,off/scene18/L0__s20260821__0002.png::boost_e2,scene18,off,D3a,13,D,3a,0.564834,-8.9683,14.9838,61.9861,5.8493,0
rgb,42,rgb_s42,OFF,off/scene18/L0__s20260821__0003.png::boost_e2,scene18,off,A3b,15,A,3b,0.565624,-11.9451,-8.9088,61.9543,8.2439,0
rgb,42,rgb_s42,OFF,off/scene18/L0__s20260821__0003.png::boost_e2,scene18,off,B3b,16,B,3b,0.708802,-11.9451,-8.9088,61.9543,8.2439,0
rgb,42,rgb_s42,OFF,off/scene18/L0__s20260821__0004.png::boost_e2,scene18,off,B3a,11,B,3a,0.528571,-5.9762,12.1226,62.7369,6.2891,0
rgb,42,rgb_s42,OFF,off/scene18/L0__s20260821__0004.png::boost_e2,scene18,off,C3a,12,C,3a,0.605032,-5.9762,12.1226,62.7369,6.2891,0
rgb,42,rgb_s42,OFF,off/scene18/L0__s20260821__0004.png::boost_e2,scene18,off,D3a,13,D,3a,0.599274,-5.9762,12.1226,62.7369,6.2891,0
rgb,42,rgb_s42,OFF,off/scene18/L0__s20260821__0007.png::boost_e2,scene18,off,B3b,16,B,3b,0.681855,-10.8723,-9.5014,63.9457,6.7865,0
rgb,42,rgb_s42,OFF,off/scene18/L5__s20260821__0000.png::boost_e2,scene18,off,B3b,16,B,3b,0.621851,-8.1314,-6.8834,61.6424,6.9167,0
rgb,42,rgb_s42,OFF,off/scene18/L5__s20260821__0002.png::boost_e2,scene18,off,C3a,12,C,3a,0.533511,-8.9683,14.9838,61.9861,5.8493,0
rgb,42,rgb_s42,OFF,off/scene18/L5__s20260821__0002.png::boost_e2,scene18,off,D3a,13,D,3a,0.607211,-8.9683,14.9838,61.9861,5.8493,0
rgb,42,rgb_s42,OFF,off/scene18/L5__s20260821__0003.png::boost_e2,scene18,off,A3b,15,A,3b,0.576571,-11.9451,-8.9088,61.9543,8.2439,0
rgb,42,rgb_s42,OFF,off/scene18/L5__s20260821__0003.png::boost_e2,scene18,off,B3b,16,B,3b,0.747048,-11.9451,-8.9088,61.9543,8.2439,0
rgb,42,rgb_s42,OFF,off/scene18/L5__s20260821__0004.png::boost_e2,scene18,off,B3a,11,B,3a,0.884343,-5.9762,12.1226,62.7369,6.2891,0
rgb,42,rgb_s42,OFF,off/scene18/L5__s20260821__0004.png::boost_e2,scene18,off,C3a,12,C,3a,0.951301,-5.9762,12.1226,62.7369,6.2891,0
rgb,42,rgb_s42,OFF,off/scene18/L5__s20260821__0004.png::boost_e2,scene18,off,D3a,13,D,3a,0.885284,-5.9762,12.1226,62.7369,6.2891,0
rgb,42,rgb_s42,OFF,off/scene18/L5__s20260821__0004.png::boost_e2,scene18,off,B3b,16,B,3b,0.567027,-5.9762,12.1226,62.7369,6.2891,0
rgb,42,rgb_s42,OFF,off/scene18/L5__s20260821__0004.png::boost_e2,scene18,off,C3b,17,C,3b,0.64663,-5.9762,12.1226,62.7369,6.2891,0
rgb,42,rgb_s42,OFF,off/scene18/L5__s20260821__0006.png::boost_e2,scene18,off,B3a,11,B,3a,0.833239,-14.0417,8.7955,61.3845,7.5669,0
rgb,42,rgb_s42,OFF,off/scene18/L5__s20260821__0006.png::boost_e2,scene18,off,C3a,12,C,3a,0.876404,-14.0417,8.7955,61.3845,7.5669,0
rgb,42,rgb_s42,OFF,off/scene18/L5__s20260821__0006.png::boost_e2,scene18,off,D3a,13,D,3a,0.870772,-14.0417,8.7955,61.3845,7.5669,0
rgb,42,rgb_s42,OFF,off/scene18/L5__s20260821__0007.png::boost_e2,scene18,off,B3b,16,B,3b,0.720447,-10.8723,-9.5014,63.9457,6.7865,0
rgb,42,rgb_s42,OFF,off/scene18/L5__s20260821__0007.png::boost_e2,scene18,off,C3b,17,C,3b,0.506265,-10.8723,-9.5014,63.9457,6.7865,0
rgb,42,rgb_s42,OFF,off/scene18/L7__s20260821__0000.png::boost_e2,scene18,off,A3b,15,A,3b,0.509064,-8.1314,-6.8834,61.6424,6.9167,0
rgb,42,rgb_s42,OFF,off/scene18/L7__s20260821__0000.png::boost_e2,scene18,off,B3b,16,B,3b,0.62798,-8.1314,-6.8834,61.6424,6.9167,0
rgb,42,rgb_s42,OFF,off/scene18/L7__s20260821__0002.png::boost_e2,scene18,off,C3a,12,C,3a,0.53377,-8.9683,14.9838,61.9861,5.8493,0
rgb,42,rgb_s42,OFF,off/scene18/L7__s20260821__0002.png::boost_e2,scene18,off,D3a,13,D,3a,0.638621,-8.9683,14.9838,61.9861,5.8493,0
rgb,42,rgb_s42,OFF,off/scene18/L7__s20260821__0003.png::boost_e2,scene18,off,A3b,15,A,3b,0.500031,-11.9451,-8.9088,61.9543,8.2439,0
rgb,42,rgb_s42,OFF,off/scene18/L7__s20260821__0003.png::boost_e2,scene18,off,B3b,16,B,3b,0.637164,-11.9451,-8.9088,61.9543,8.2439,0
rgb,42,rgb_s42,OFF,off/scene18/L7__s20260821__0004.png::boost_e2,scene18,off,B3a,11,B,3a,0.530055,-5.9762,12.1226,62.7369,6.2891,0
rgb,42,rgb_s42,OFF,off/scene18/L7__s20260821__0004.png::boost_e2,scene18,off,C3a,12,C,3a,0.636467,-5.9762,12.1226,62.7369,6.2891,0
rgb,42,rgb_s42,OFF,off/scene18/L7__s20260821__0004.png::boost_e2,scene18,off,D3a,13,D,3a,0.659171,-5.9762,12.1226,62.7369,6.2891,0
rgb,42,rgb_s42,OFF,off/scene18/L7__s20260821__0007.png::boost_e2,scene18,off,B3b,16,B,3b,0.580577,-10.8723,-9.5014,63.9457,6.7865,0
rgb,42,rgb_s42,ON_NEG,on/scene05/L0__s20260819__0001.png,scene05,V,C3a,12,C,3a,0.578606,-15.173,12.161,60.0807,9.829,0
rgb,42,rgb_s42,ON_NEG,on/scene05/L5__s20260819__0001.png,scene05,V,B3a,11,B,3a,0.813841,-15.173,12.161,60.0807,9.829,0
rgb,42,rgb_s42,ON_NEG,on/scene05/L5__s20260819__0001.png,scene05,V,C3a,12,C,3a,0.918369,-15.173,12.161,60.0807,9.829,0
rgb,42,rgb_s42,ON_NEG,on/scene05/L5__s20260819__0001.png,scene05,V,D3a,13,D,3a,0.749468,-15.173,12.161,60.0807,9.829,0
rgb,42,rgb_s42,ON_NEG,on/scene05/L7__s20260819__0001.png,scene05,V,B3a,11,B,3a,0.542642,-15.173,12.161,60.0807,9.829,0
rgb,42,rgb_s42,ON_NEG,on/scene05/L7__s20260819__0001.png,scene05,V,C3a,12,C,3a,0.830729,-15.173,12.161,60.0807,9.829,0
rgb,42,rgb_s42,ON_NEG,on/scene05/L7__s20260819__0001.png,scene05,V,D3a,13,D,3a,0.639084,-15.173,12.161,60.0807,9.829,0
rgb,42,rgb_s42,ON_NEG,on/scene07/L0__s20260819__0001.png,scene07,none_in_fov,B2,6,B,2,0.508101,-12.4971,7.4345,61.4783,11.6559,0
rgb,42,rgb_s42,ON_NEG,on/scene07/L0__s20260819__0001.png,scene07,none_in_fov,B3a,11,B,3a,0.971841,-12.4971,7.4345,61.4783,11.6559,0
rgb,42,rgb_s42,ON_NEG,on/scene07/L0__s20260819__0001.png,scene07,none_in_fov,C3a,12,C,3a,0.985733,-12.4971,7.4345,61.4783,11.6559,0
rgb,42,rgb_s42,ON_NEG,on/scene07/L0__s20260819__0001.png,scene07,none_in_fov,D3a,13,D,3a,0.631682,-12.4971,7.4345,61.4783,11.6559,0
rgb,42,rgb_s42,ON_NEG,on/scene07/L0__s20260819__0001.png,scene07,none_in_fov,A3b,15,A,3b,0.603196,-12.4971,7.4345,61.4783,11.6559,0
rgb,42,rgb_s42,ON_NEG,on/scene07/L0__s20260819__0001.png,scene07,none_in_fov,B3b,16,B,3b,0.992715,-12.4971,7.4345,61.4783,11.6559,0
rgb,42,rgb_s42,ON_NEG,on/scene07/L0__s20260819__0001.png,scene07,none_in_fov,C3b,17,C,3b,0.998847,-12.4971,7.4345,61.4783,11.6559,0
rgb,42,rgb_s42,ON_NEG,on/scene07/L0__s20260819__0001.png,scene07,none_in_fov,D3b,18,D,3b,0.946911,-12.4971,7.4345,61.4783,11.6559,0
rgb,42,rgb_s42,ON_NEG,on/scene07/L0__s20260819__0002.png,scene07,V,C3a,12,C,3a,0.797169,-7.922,-1.0116,61.5513,7.0947,0
rgb,42,rgb_s42,ON_NEG,on/scene07/L0__s20260819__0003.png,scene07,V,A2,5,A,2,0.568499,-9.8928,4.8712,61.7741,2.4361,0
rgb,42,rgb_s42,ON_NEG,on/scene07/L0__s20260819__0003.png,scene07,V,E2,9,E,2,0.541604,-9.8928,4.8712,61.7741,2.4361,0
rgb,42,rgb_s42,ON_NEG,on/scene07/L0__s20260819__0003.png,scene07,V,E3a,14,E,3a,0.512655,-9.8928,4.8712,61.7741,2.4361,0
rgb,42,rgb_s42,ON_NEG,on/scene07/L0__s20260819__0003.png,scene07,V,D3b,18,D,3b,0.990663,-9.8928,4.8712,61.7741,2.4361,0
rgb,42,rgb_s42,ON_NEG,on/scene07/L0__s20260819__0003.png,scene07,V,E3b,19,E,3b,0.91203,-9.8928,4.8712,61.7741,2.4361,0
rgb,42,rgb_s42,ON_NEG,on/scene07/L0__s20260819__0004.png,scene07,V,A2,5,A,2,0.511557,-12.8155,-12.0811,63.2809,3.8019,0
rgb,42,rgb_s42,ON_NEG,on/scene07/L0__s20260819__0004.png,scene07,V,C3a,12,C,3a,0.821833,-12.8155,-12.0811,63.2809,3.8019,0
rgb,42,rgb_s42,ON_NEG,on/scene07/L0__s20260819__0004.png,scene07,V,C3b,17,C,3b,0.879958,-12.8155,-12.0811,63.2809,3.8019,0
rgb,42,rgb_s42,ON_NEG,on/scene07/L0__s20260819__0006.png,scene07,V,D2,8,D,2,0.774141,-3.7993,3.5452,60.5677,1.5559,0
rgb,42,rgb_s42,ON_NEG,on/scene07/L0__s20260819__0006.png,scene07,V,D3a,13,D,3a,0.919078,-3.7993,3.5452,60.5677,1.5559,0
rgb,42,rgb_s42,ON_NEG,on/scene07/L0__s20260819__0006.png,scene07,V,D3b,18,D,3b,0.924856,-3.7993,3.5452,60.5677,1.5559,0
rgb,42,rgb_s42,ON_NEG,on/scene07/L0__s20260819__0006.png,scene07,V,E3b,19,E,3b,0.644406,-3.7993,3.5452,60.5677,1.5559,0
rgb,42,rgb_s42,ON_NEG,on/scene07/L0__s20260819__0007.png,scene07,V,D3a,13,D,3a,0.596961,-9.7299,-3.7756,59.9335,3.9995,0
rgb,42,rgb_s42,ON_NEG,on/scene07/L5__s20260819__0001.png,scene07,none_in_fov,B3a,11,B,3a,0.81419,-12.4971,7.4345,61.4783,11.6559,0
rgb,42,rgb_s42,ON_NEG,on/scene07/L5__s20260819__0001.png,scene07,none_in_fov,C3a,12,C,3a,0.918931,-12.4971,7.4345,61.4783,11.6559,0
rgb,42,rgb_s42,ON_NEG,on/scene07/L5__s20260819__0001.png,scene07,none_in_fov,B3b,16,B,3b,0.869211,-12.4971,7.4345,61.4783,11.6559,0
rgb,42,rgb_s42,ON_NEG,on/scene07/L5__s20260819__0001.png,scene07,none_in_fov,C3b,17,C,3b,0.979852,-12.4971,7.4345,61.4783,11.6559,0
rgb,42,rgb_s42,ON_NEG,on/scene07/L5__s20260819__0003.png,scene07,V,A2,5,A,2,0.672891,-9.8928,4.8712,61.7741,2.4361,0
rgb,42,rgb_s42,ON_NEG,on/scene07/L5__s20260819__0003.png,scene07,V,E2,9,E,2,0.540108,-9.8928,4.8712,61.7741,2.4361,0
rgb,42,rgb_s42,ON_NEG,on/scene07/L5__s20260819__0003.png,scene07,V,D3b,18,D,3b,0.973953,-9.8928,4.8712,61.7741,2.4361,0
rgb,42,rgb_s42,ON_NEG,on/scene07/L5__s20260819__0003.png,scene07,V,E3b,19,E,3b,0.763128,-9.8928,4.8712,61.7741,2.4361,0
rgb,42,rgb_s42,ON_NEG,on/scene07/L5__s20260819__0004.png,scene07,V,A2,5,A,2,0.521118,-12.8155,-12.0811,63.2809,3.8019,0
rgb,42,rgb_s42,ON_NEG,on/scene07/L5__s20260819__0004.png,scene07,V,C3a,12,C,3a,0.840752,-12.8155,-12.0811,63.2809,3.8019,0
rgb,42,rgb_s42,ON_NEG,on/scene07/L5__s20260819__0004.png,scene07,V,C3b,17,C,3b,0.827315,-12.8155,-12.0811,63.2809,3.8019,0
rgb,42,rgb_s42,ON_NEG,on/scene07/L5__s20260819__0005.png,scene07,V,A2,5,A,2,0.677291,-9.3221,15.6943,62.9084,4.5788,0
rgb,42,rgb_s42,ON_NEG,on/scene07/L5__s20260819__0005.png,scene07,V,B2,6,B,2,0.714347,-9.3221,15.6943,62.9084,4.5788,0
rgb,42,rgb_s42,ON_NEG,on/scene07/L5__s20260819__0005.png,scene07,V,C2,7,C,2,0.579402,-9.3221,15.6943,62.9084,4.5788,0
rgb,42,rgb_s42,ON_NEG,on/scene07/L5__s20260819__0005.png,scene07,V,D2,8,D,2,0.671185,-9.3221,15.6943,62.9084,4.5788,0
rgb,42,rgb_s42,ON_NEG,on/scene07/L5__s20260819__0006.png,scene07,V,D2,8,D,2,0.611858,-3.7993,3.5452,60.5677,1.5559,0
rgb,42,rgb_s42,ON_NEG,on/scene07/L5__s20260819__0006.png,scene07,V,D3a,13,D,3a,0.871081,-3.7993,3.5452,60.5677,1.5559,0
rgb,42,rgb_s42,ON_NEG,on/scene07/L5__s20260819__0006.png,scene07,V,D3b,18,D,3b,0.904084,-3.7993,3.5452,60.5677,1.5559,0
rgb,42,rgb_s42,ON_NEG,on/scene07/L5__s20260819__0006.png,scene07,V,E3b,19,E,3b,0.511626,-3.7993,3.5452,60.5677,1.5559,0
rgb,42,rgb_s42,ON_NEG,on/scene07/L5__s20260819__0007.png,scene07,V,C3b,17,C,3b,0.610028,-9.7299,-3.7756,59.9335,3.9995,0
rgb,42,rgb_s42,ON_NEG,on/scene07/L7__s20260819__0001.png,scene07,none_in_fov,B3a,11,B,3a,0.799255,-12.4971,7.4345,61.4783,11.6559,0
rgb,42,rgb_s42,ON_NEG,on/scene07/L7__s20260819__0001.png,scene07,none_in_fov,C3a,12,C,3a,0.904293,-12.4971,7.4345,61.4783,11.6559,0
rgb,42,rgb_s42,ON_NEG,on/scene07/L7__s20260819__0001.png,scene07,none_in_fov,B3b,16,B,3b,0.849576,-12.4971,7.4345,61.4783,11.6559,0
rgb,42,rgb_s42,ON_NEG,on/scene07/L7__s20260819__0001.png,scene07,none_in_fov,C3b,17,C,3b,0.970626,-12.4971,7.4345,61.4783,11.6559,0
rgb,42,rgb_s42,ON_NEG,on/scene07/L7__s20260819__0003.png,scene07,V,D3b,18,D,3b,0.93038,-9.8928,4.8712,61.7741,2.4361,0
rgb,42,rgb_s42,ON_NEG,on/scene07/L7__s20260819__0003.png,scene07,V,E3b,19,E,3b,0.641473,-9.8928,4.8712,61.7741,2.4361,0
rgb,42,rgb_s42,ON_NEG,on/scene07/L7__s20260819__0006.png,scene07,V,D3a,13,D,3a,0.560093,-3.7993,3.5452,60.5677,1.5559,0
rgb,42,rgb_s42,ON_NEG,on/scene07/L7__s20260819__0006.png,scene07,V,D3b,18,D,3b,0.797667,-3.7993,3.5452,60.5677,1.5559,0
rgb,42,rgb_s42,ON_NEG,on/scene14/L5__s20260819__0004.png,scene14,H,A3a,10,A,3a,0.604586,-9.4161,-17.2604,60.9456,8.4208,0
rgb,42,rgb_s42,ON_NEG,on/scene14/L5__s20260819__0004.png,scene14,H,B3a,11,B,3a,0.777462,-9.4161,-17.2604,60.9456,8.4208,0
rgb,42,rgb_s42,ON_NEG,on/scene14/L5__s20260819__0004.png,scene14,H,C3a,12,C,3a,0.922088,-9.4161,-17.2604,60.9456,8.4208,0
rgb,42,rgb_s42,ON_NEG,on/scene15/L0__s20260819__0000.png,scene15,H,B3b,16,B,3b,0.623865,-6.6317,-4.2143,61.8616,9.9031,0
rgb,42,rgb_s42,ON_NEG,on/scene15/L0__s20260819__0001.png,scene15,V,D3b,18,D,3b,0.65973,-7.5218,-9.2458,61.8359,1.858,0
rgb,42,rgb_s42,ON_NEG,on/scene15/L0__s20260819__0002.png,scene15,V,B3b,16,B,3b,0.516539,-8.4908,3.1991,65.8023,4.6673,0
rgb,42,rgb_s42,ON_NEG,on/scene15/L0__s20260819__0003.png,scene15,V,B3b,16,B,3b,0.913148,-13.9162,-3.4361,63.7846,1.3693,0
rgb,42,rgb_s42,ON_NEG,on/scene15/L0__s20260819__0003.png,scene15,V,D3b,18,D,3b,0.689342,-13.9162,-3.4361,63.7846,1.3693,0
rgb,42,rgb_s42,ON_NEG,on/scene15/L0__s20260819__0005.png,scene15,V,B3a,11,B,3a,0.681978,-12.9205,6.4099,63.9932,3.0224,0
rgb,42,rgb_s42,ON_NEG,on/scene15/L0__s20260819__0005.png,scene15,V,B3b,16,B,3b,0.748423,-12.9205,6.4099,63.9932,3.0224,0
rgb,42,rgb_s42,ON_NEG,on/scene15/L0__s20260819__0006.png,scene15,V,C3a,12,C,3a,0.843489,-9.1914,-18.2162,60.3765,2.2421,0
rgb,42,rgb_s42,ON_NEG,on/scene15/L0__s20260819__0006.png,scene15,V,C3b,17,C,3b,0.963162,-9.1914,-18.2162,60.3765,2.2421,0
rgb,42,rgb_s42,ON_NEG,on/scene15/L4__s20260819__0000.png,scene15,H,B3b,16,B,3b,0.592459,-6.6317,-4.2143,61.8616,9.9031,0
rgb,42,rgb_s42,ON_NEG,on/scene15/L4__s20260819__0001.png,scene15,V,D3b,18,D,3b,0.648095,-7.5218,-9.2458,61.8359,1.858,0
rgb,42,rgb_s42,ON_NEG,on/scene15/L4__s20260819__0002.png,scene15,V,B3b,16,B,3b,0.728515,-8.4908,3.1991,65.8023,4.6673,0
rgb,42,rgb_s42,ON_NEG,on/scene15/L4__s20260819__0003.png,scene15,V,A2,5,A,2,0.562826,-13.9162,-3.4361,63.7846,1.3693,0
rgb,42,rgb_s42,ON_NEG,on/scene15/L4__s20260819__0003.png,scene15,V,A3a,10,A,3a,0.508602,-13.9162,-3.4361,63.7846,1.3693,0
rgb,42,rgb_s42,ON_NEG,on/scene15/L4__s20260819__0003.png,scene15,V,A3b,15,A,3b,0.507657,-13.9162,-3.4361,63.7846,1.3693,0
rgb,42,rgb_s42,ON_NEG,on/scene15/L4__s20260819__0003.png,scene15,V,B3b,16,B,3b,0.974162,-13.9162,-3.4361,63.7846,1.3693,0
rgb,42,rgb_s42,ON_NEG,on/scene15/L4__s20260819__0004.png,scene15,V,B3b,16,B,3b,0.558059,-11.0394,5.5473,63.0915,5.5065,0
rgb,42,rgb_s42,ON_NEG,on/scene15/L4__s20260819__0005.png,scene15,V,B3a,11,B,3a,0.734096,-12.9205,6.4099,63.9932,3.0224,0
rgb,42,rgb_s42,ON_NEG,on/scene15/L4__s20260819__0005.png,scene15,V,B3b,16,B,3b,0.878797,-12.9205,6.4099,63.9932,3.0224,0
rgb,42,rgb_s42,ON_NEG,on/scene15/L4__s20260819__0006.png,scene15,V,C3a,12,C,3a,0.888426,-9.1914,-18.2162,60.3765,2.2421,0
rgb,42,rgb_s42,ON_NEG,on/scene15/L4__s20260819__0006.png,scene15,V,C3b,17,C,3b,0.98272,-9.1914,-18.2162,60.3765,2.2421,0
rgb,42,rgb_s42,ON_NEG,on/scene15/L4__s20260819__0007.png,scene15,V,B3b,16,B,3b,0.588293,-15.2404,1.5985,63.4015,5.1525,0
rgb,42,rgb_s42,ON_NEG,on/scene15/L7__s20260819__0000.png,scene15,H,B3b,16,B,3b,0.533638,-6.6317,-4.2143,61.8616,9.9031,0
rgb,42,rgb_s42,ON_NEG,on/scene15/L7__s20260819__0001.png,scene15,V,D3b,18,D,3b,0.675923,-7.5218,-9.2458,61.8359,1.858,0
rgb,42,rgb_s42,ON_NEG,on/scene15/L7__s20260819__0002.png,scene15,V,B3b,16,B,3b,0.704432,-8.4908,3.1991,65.8023,4.6673,0
rgb,42,rgb_s42,ON_NEG,on/scene15/L7__s20260819__0003.png,scene15,V,B3b,16,B,3b,0.967769,-13.9162,-3.4361,63.7846,1.3693,0
rgb,42,rgb_s42,ON_NEG,on/scene15/L7__s20260819__0003.png,scene15,V,D3b,18,D,3b,0.541862,-13.9162,-3.4361,63.7846,1.3693,0
rgb,42,rgb_s42,ON_NEG,on/scene15/L7__s20260819__0004.png,scene15,V,B3b,16,B,3b,0.649489,-11.0394,5.5473,63.0915,5.5065,0
rgb,42,rgb_s42,ON_NEG,on/scene15/L7__s20260819__0005.png,scene15,V,B3a,11,B,3a,0.822768,-12.9205,6.4099,63.9932,3.0224,0
rgb,42,rgb_s42,ON_NEG,on/scene15/L7__s20260819__0005.png,scene15,V,B3b,16,B,3b,0.869906,-12.9205,6.4099,63.9932,3.0224,0
rgb,42,rgb_s42,ON_NEG,on/scene15/L7__s20260819__0006.png,scene15,V,C3a,12,C,3a,0.618071,-9.1914,-18.2162,60.3765,2.2421,0
rgb,42,rgb_s42,ON_NEG,on/scene15/L7__s20260819__0006.png,scene15,V,C3b,17,C,3b,0.962253,-9.1914,-18.2162,60.3765,2.2421,0
rgb,42,rgb_s42,ON_NEG,on/scene15/L7__s20260819__0007.png,scene15,V,B3b,16,B,3b,0.5711,-15.2404,1.5985,63.4015,5.1525,0
rgb,42,rgb_s42,ON_NEG,on/scene18/L0__s20260819__0002.png,scene18,E,A3a,10,A,3a,0.731503,-17.1516,-15.9889,62.3123,10.4512,0
rgb,42,rgb_s42,ON_NEG,on/scene18/L5__s20260819__0002.png,scene18,E,A3a,10,A,3a,0.898441,-17.1516,-15.9889,62.3123,10.4512,0
rgb,42,rgb_s42,ON_NEG,on/scene18/L5__s20260819__0002.png,scene18,E,B3a,11,B,3a,0.756343,-17.1516,-15.9889,62.3123,10.4512,0
rgb,42,rgb_s42,ON_NEG,on/scene18/L5__s20260819__0002.png,scene18,E,C3a,12,C,3a,0.914843,-17.1516,-15.9889,62.3123,10.4512,0
rgb,42,rgb_s42,ON_NEG,on/scene18/L7__s20260819__0002.png,scene18,E,A3a,10,A,3a,0.801077,-17.1516,-15.9889,62.3123,10.4512,0
rgb,42,rgb_s42,ON_NEG,on/scene18/L7__s20260819__0002.png,scene18,E,B3a,11,B,3a,0.57831,-17.1516,-15.9889,62.3123,10.4512,0
rgb,42,rgb_s42,ON_NEG,on/sceneC2/L2__s20260819__0002.png,sceneC2,V,C3a,12,C,3a,0.708076,-11.6494,-2.9872,60.6739,8.321,0
rgb,42,rgb_s42,ON_NEG,on/sceneC2/L3__s20260819__0002.png,sceneC2,V,C3a,12,C,3a,0.724563,-11.6494,-2.9872,60.6739,8.321,0
rgb,42,rgb_s42,ON_NEG,on/sceneC2/L7__s20260819__0002.png,sceneC2,V,C3a,12,C,3a,0.724108,-11.6494,-2.9872,60.6739,8.321,0
rgb,42,rgb_s42,ON_NEG,on/sceneN3/L0__s20260819__0000.png,sceneN3,none_in_fov,C3a,12,C,3a,0.640987,-16.2467,-6.5053,60.6518,9.1828,0
rgb,42,rgb_s42,ON_NEG,on/sceneN3/L0__s20260819__0000.png,sceneN3,none_in_fov,B3b,16,B,3b,0.685143,-16.2467,-6.5053,60.6518,9.1828,0
rgb,42,rgb_s42,ON_NEG,on/sceneN3/L0__s20260819__0000.png,sceneN3,none_in_fov,C3b,17,C,3b,0.894162,-16.2467,-6.5053,60.6518,9.1828,0
rgb,42,rgb_s42,ON_NEG,on/sceneN3/L0__s20260819__0000.png,sceneN3,none_in_fov,D3b,18,D,3b,0.797375,-16.2467,-6.5053,60.6518,9.1828,0
rgb,42,rgb_s42,ON_NEG,on/sceneN3/L0__s20260819__0001.png,sceneN3,none_in_fov,B2,6,B,2,0.554088,-12.6534,1.5439,61.04,5.2884,0
rgb,42,rgb_s42,ON_NEG,on/sceneN3/L0__s20260819__0001.png,sceneN3,none_in_fov,C2,7,C,2,0.533505,-12.6534,1.5439,61.04,5.2884,0
rgb,42,rgb_s42,ON_NEG,on/sceneN3/L0__s20260819__0001.png,sceneN3,none_in_fov,D2,8,D,2,0.5154,-12.6534,1.5439,61.04,5.2884,0
rgb,42,rgb_s42,ON_NEG,on/sceneN3/L0__s20260819__0001.png,sceneN3,none_in_fov,B3a,11,B,3a,0.773459,-12.6534,1.5439,61.04,5.2884,0
rgb,42,rgb_s42,ON_NEG,on/sceneN3/L0__s20260819__0001.png,sceneN3,none_in_fov,C3a,12,C,3a,0.886156,-12.6534,1.5439,61.04,5.2884,0
rgb,42,rgb_s42,ON_NEG,on/sceneN3/L0__s20260819__0001.png,sceneN3,none_in_fov,B3b,16,B,3b,0.949011,-12.6534,1.5439,61.04,5.2884,0
rgb,42,rgb_s42,ON_NEG,on/sceneN3/L0__s20260819__0001.png,sceneN3,none_in_fov,C3b,17,C,3b,0.978113,-12.6534,1.5439,61.04,5.2884,0
rgb,42,rgb_s42,ON_NEG,on/sceneN3/L0__s20260819__0001.png,sceneN3,none_in_fov,D3b,18,D,3b,0.767194,-12.6534,1.5439,61.04,5.2884,0
rgb,42,rgb_s42,ON_NEG,on/sceneN3/L0__s20260819__0002.png,sceneN3,none_in_fov,B3a,11,B,3a,0.741858,-13.1516,1.5693,63.1068,1.7608,0
rgb,42,rgb_s42,ON_NEG,on/sceneN3/L0__s20260819__0002.png,sceneN3,none_in_fov,C3a,12,C,3a,0.778273,-13.1516,1.5693,63.1068,1.7608,0
rgb,42,rgb_s42,ON_NEG,on/sceneN3/L0__s20260819__0002.png,sceneN3,none_in_fov,D3a,13,D,3a,0.754644,-13.1516,1.5693,63.1068,1.7608,0
rgb,42,rgb_s42,ON_NEG,on/sceneN3/L0__s20260819__0002.png,sceneN3,none_in_fov,B3b,16,B,3b,0.859786,-13.1516,1.5693,63.1068,1.7608,0
rgb,42,rgb_s42,ON_NEG,on/sceneN3/L0__s20260819__0002.png,sceneN3,none_in_fov,C3b,17,C,3b,0.948483,-13.1516,1.5693,63.1068,1.7608,0
rgb,42,rgb_s42,ON_NEG,on/sceneN3/L0__s20260819__0002.png,sceneN3,none_in_fov,D3b,18,D,3b,0.823861,-13.1516,1.5693,63.1068,1.7608,0
rgb,42,rgb_s42,ON_NEG,on/sceneN3/L0__s20260819__0003.png,sceneN3,none_in_fov,B3a,11,B,3a,0.590017,-9.3231,5.7221,62.1685,8.3724,0
rgb,42,rgb_s42,ON_NEG,on/sceneN3/L0__s20260819__0003.png,sceneN3,none_in_fov,C3a,12,C,3a,0.766223,-9.3231,5.7221,62.1685,8.3724,0
rgb,42,rgb_s42,ON_NEG,on/sceneN3/L0__s20260819__0003.png,sceneN3,none_in_fov,B3b,16,B,3b,0.93522,-9.3231,5.7221,62.1685,8.3724,0
rgb,42,rgb_s42,ON_NEG,on/sceneN3/L0__s20260819__0003.png,sceneN3,none_in_fov,C3b,17,C,3b,0.95921,-9.3231,5.7221,62.1685,8.3724,0
rgb,42,rgb_s42,ON_NEG,on/sceneN3/L0__s20260819__0003.png,sceneN3,none_in_fov,D3b,18,D,3b,0.532352,-9.3231,5.7221,62.1685,8.3724,0
rgb,42,rgb_s42,ON_NEG,on/sceneN3/L0__s20260819__0004.png,sceneN3,none_in_fov,B3a,11,B,3a,0.897031,-7.3546,-7.2186,63.4074,8.0992,0
rgb,42,rgb_s42,ON_NEG,on/sceneN3/L0__s20260819__0004.png,sceneN3,none_in_fov,C3a,12,C,3a,0.9513,-7.3546,-7.2186,63.4074,8.0992,0
rgb,42,rgb_s42,ON_NEG,on/sceneN3/L0__s20260819__0004.png,sceneN3,none_in_fov,B3b,16,B,3b,0.930386,-7.3546,-7.2186,63.4074,8.0992,0
rgb,42,rgb_s42,ON_NEG,on/sceneN3/L0__s20260819__0004.png,sceneN3,none_in_fov,C3b,17,C,3b,0.972973,-7.3546,-7.2186,63.4074,8.0992,0
rgb,42,rgb_s42,ON_NEG,on/sceneN3/L0__s20260819__0004.png,sceneN3,none_in_fov,D3b,18,D,3b,0.596796,-7.3546,-7.2186,63.4074,8.0992,0
rgb,42,rgb_s42,ON_NEG,on/sceneN3/L0__s20260819__0005.png,sceneN3,none_in_fov,A2,5,A,2,0.862004,-12.2129,-14.4798,63.1796,2.2677,0
rgb,42,rgb_s42,ON_NEG,on/sceneN3/L0__s20260819__0005.png,sceneN3,none_in_fov,B2,6,B,2,0.895163,-12.2129,-14.4798,63.1796,2.2677,0
rgb,42,rgb_s42,ON_NEG,on/sceneN3/L0__s20260819__0005.png,sceneN3,none_in_fov,C2,7,C,2,0.892917,-12.2129,-14.4798,63.1796,2.2677,0
rgb,42,rgb_s42,ON_NEG,on/sceneN3/L0__s20260819__0005.png,sceneN3,none_in_fov,D2,8,D,2,0.892082,-12.2129,-14.4798,63.1796,2.2677,0
rgb,42,rgb_s42,ON_NEG,on/sceneN3/L0__s20260819__0005.png,sceneN3,none_in_fov,E2,9,E,2,0.525702,-12.2129,-14.4798,63.1796,2.2677,0
rgb,42,rgb_s42,ON_NEG,on/sceneN3/L0__s20260819__0005.png,sceneN3,none_in_fov,A3a,10,A,3a,0.628437,-12.2129,-14.4798,63.1796,2.2677,0
rgb,42,rgb_s42,ON_NEG,on/sceneN3/L0__s20260819__0005.png,sceneN3,none_in_fov,B3a,11,B,3a,0.991378,-12.2129,-14.4798,63.1796,2.2677,0
rgb,42,rgb_s42,ON_NEG,on/sceneN3/L0__s20260819__0005.png,sceneN3,none_in_fov,C3a,12,C,3a,0.980994,-12.2129,-14.4798,63.1796,2.2677,0
rgb,42,rgb_s42,ON_NEG,on/sceneN3/L0__s20260819__0005.png,sceneN3,none_in_fov,D3a,13,D,3a,0.715125,-12.2129,-14.4798,63.1796,2.2677,0
rgb,42,rgb_s42,ON_NEG,on/sceneN3/L0__s20260819__0005.png,sceneN3,none_in_fov,A3b,15,A,3b,0.787124,-12.2129,-14.4798,63.1796,2.2677,0
rgb,42,rgb_s42,ON_NEG,on/sceneN3/L0__s20260819__0005.png,sceneN3,none_in_fov,B3b,16,B,3b,0.983126,-12.2129,-14.4798,63.1796,2.2677,0
rgb,42,rgb_s42,ON_NEG,on/sceneN3/L0__s20260819__0005.png,sceneN3,none_in_fov,C3b,17,C,3b,0.990757,-12.2129,-14.4798,63.1796,2.2677,0
rgb,42,rgb_s42,ON_NEG,on/sceneN3/L0__s20260819__0005.png,sceneN3,none_in_fov,D3b,18,D,3b,0.783325,-12.2129,-14.4798,63.1796,2.2677,0
rgb,42,rgb_s42,ON_NEG,on/sceneN3/L0__s20260819__0006.png,sceneN3,none_in_fov,A2,5,A,2,0.667899,-7.7849,2.4667,60.503,4.7311,0
rgb,42,rgb_s42,ON_NEG,on/sceneN3/L0__s20260819__0006.png,sceneN3,none_in_fov,B2,6,B,2,0.677652,-7.7849,2.4667,60.503,4.7311,0
rgb,42,rgb_s42,ON_NEG,on/sceneN3/L0__s20260819__0006.png,sceneN3,none_in_fov,C2,7,C,2,0.665578,-7.7849,2.4667,60.503,4.7311,0
rgb,42,rgb_s42,ON_NEG,on/sceneN3/L0__s20260819__0006.png,sceneN3,none_in_fov,D2,8,D,2,0.683138,-7.7849,2.4667,60.503,4.7311,0
rgb,42,rgb_s42,ON_NEG,on/sceneN3/L0__s20260819__0006.png,sceneN3,none_in_fov,E2,9,E,2,0.567989,-7.7849,2.4667,60.503,4.7311,0
rgb,42,rgb_s42,ON_NEG,on/sceneN3/L0__s20260819__0006.png,sceneN3,none_in_fov,B3a,11,B,3a,0.869406,-7.7849,2.4667,60.503,4.7311,0
rgb,42,rgb_s42,ON_NEG,on/sceneN3/L0__s20260819__0006.png,sceneN3,none_in_fov,C3a,12,C,3a,0.881346,-7.7849,2.4667,60.503,4.7311,0
rgb,42,rgb_s42,ON_NEG,on/sceneN3/L0__s20260819__0006.png,sceneN3,none_in_fov,D3a,13,D,3a,0.600057,-7.7849,2.4667,60.503,4.7311,0
rgb,42,rgb_s42,ON_NEG,on/sceneN3/L0__s20260819__0006.png,sceneN3,none_in_fov,B3b,16,B,3b,0.855991,-7.7849,2.4667,60.503,4.7311,0
rgb,42,rgb_s42,ON_NEG,on/sceneN3/L0__s20260819__0006.png,sceneN3,none_in_fov,C3b,17,C,3b,0.934576,-7.7849,2.4667,60.503,4.7311,0
rgb,42,rgb_s42,ON_NEG,on/sceneN3/L0__s20260819__0006.png,sceneN3,none_in_fov,D3b,18,D,3b,0.680987,-7.7849,2.4667,60.503,4.7311,0
rgb,42,rgb_s42,ON_NEG,on/sceneN3/L0__s20260819__0007.png,sceneN3,none_in_fov,B2,6,B,2,0.529594,-12.6477,6.8749,62.3125,1.3919,0
rgb,42,rgb_s42,ON_NEG,on/sceneN3/L0__s20260819__0007.png,sceneN3,none_in_fov,D2,8,D,2,0.555359,-12.6477,6.8749,62.3125,1.3919,0
rgb,42,rgb_s42,ON_NEG,on/sceneN3/L0__s20260819__0007.png,sceneN3,none_in_fov,C3a,12,C,3a,0.654749,-12.6477,6.8749,62.3125,1.3919,0
rgb,42,rgb_s42,ON_NEG,on/sceneN3/L0__s20260819__0007.png,sceneN3,none_in_fov,B3b,16,B,3b,0.887969,-12.6477,6.8749,62.3125,1.3919,0
rgb,42,rgb_s42,ON_NEG,on/sceneN3/L0__s20260819__0007.png,sceneN3,none_in_fov,C3b,17,C,3b,0.965456,-12.6477,6.8749,62.3125,1.3919,0
rgb,42,rgb_s42,ON_NEG,on/sceneN3/L0__s20260819__0007.png,sceneN3,none_in_fov,D3b,18,D,3b,0.901859,-12.6477,6.8749,62.3125,1.3919,0
rgb,42,rgb_s42,ON_NEG,on/sceneN3/L5__s20260819__0000.png,sceneN3,none_in_fov,B3b,16,B,3b,0.68329,-16.2467,-6.5053,60.6518,9.1828,0
rgb,42,rgb_s42,ON_NEG,on/sceneN3/L5__s20260819__0000.png,sceneN3,none_in_fov,C3b,17,C,3b,0.833183,-16.2467,-6.5053,60.6518,9.1828,0
rgb,42,rgb_s42,ON_NEG,on/sceneN3/L5__s20260819__0000.png,sceneN3,none_in_fov,D3b,18,D,3b,0.651192,-16.2467,-6.5053,60.6518,9.1828,0
rgb,42,rgb_s42,ON_NEG,on/sceneN3/L5__s20260819__0001.png,sceneN3,none_in_fov,A2,5,A,2,0.589177,-12.6534,1.5439,61.04,5.2884,0
rgb,42,rgb_s42,ON_NEG,on/sceneN3/L5__s20260819__0001.png,sceneN3,none_in_fov,B2,6,B,2,0.708827,-12.6534,1.5439,61.04,5.2884,0
rgb,42,rgb_s42,ON_NEG,on/sceneN3/L5__s20260819__0001.png,sceneN3,none_in_fov,C2,7,C,2,0.541942,-12.6534,1.5439,61.04,5.2884,0
rgb,42,rgb_s42,ON_NEG,on/sceneN3/L5__s20260819__0001.png,sceneN3,none_in_fov,D2,8,D,2,0.530487,-12.6534,1.5439,61.04,5.2884,0
rgb,42,rgb_s42,ON_NEG,on/sceneN3/L5__s20260819__0001.png,sceneN3,none_in_fov,B3a,11,B,3a,0.986684,-12.6534,1.5439,61.04,5.2884,0
rgb,42,rgb_s42,ON_NEG,on/sceneN3/L5__s20260819__0001.png,sceneN3,none_in_fov,C3a,12,C,3a,0.99639,-12.6534,1.5439,61.04,5.2884,0
rgb,42,rgb_s42,ON_NEG,on/sceneN3/L5__s20260819__0001.png,sceneN3,none_in_fov,D3a,13,D,3a,0.839501,-12.6534,1.5439,61.04,5.2884,0
rgb,42,rgb_s42,ON_NEG,on/sceneN3/L5__s20260819__0001.png,sceneN3,none_in_fov,B3b,16,B,3b,0.971052,-12.6534,1.5439,61.04,5.2884,0
rgb,42,rgb_s42,ON_NEG,on/sceneN3/L5__s20260819__0001.png,sceneN3,none_in_fov,C3b,17,C,3b,0.994027,-12.6534,1.5439,61.04,5.2884,0
rgb,42,rgb_s42,ON_NEG,on/sceneN3/L5__s20260819__0001.png,sceneN3,none_in_fov,D3b,18,D,3b,0.780996,-12.6534,1.5439,61.04,5.2884,0
rgb,42,rgb_s42,ON_NEG,on/sceneN3/L5__s20260819__0002.png,sceneN3,none_in_fov,B3a,11,B,3a,0.825523,-13.1516,1.5693,63.1068,1.7608,0
rgb,42,rgb_s42,ON_NEG,on/sceneN3/L5__s20260819__0002.png,sceneN3,none_in_fov,C3a,12,C,3a,0.831367,-13.1516,1.5693,63.1068,1.7608,0
rgb,42,rgb_s42,ON_NEG,on/sceneN3/L5__s20260819__0002.png,sceneN3,none_in_fov,D3a,13,D,3a,0.556323,-13.1516,1.5693,63.1068,1.7608,0
rgb,42,rgb_s42,ON_NEG,on/sceneN3/L5__s20260819__0002.png,sceneN3,none_in_fov,B3b,16,B,3b,0.905175,-13.1516,1.5693,63.1068,1.7608,0
rgb,42,rgb_s42,ON_NEG,on/sceneN3/L5__s20260819__0002.png,sceneN3,none_in_fov,C3b,17,C,3b,0.973057,-13.1516,1.5693,63.1068,1.7608,0
rgb,42,rgb_s42,ON_NEG,on/sceneN3/L5__s20260819__0002.png,sceneN3,none_in_fov,D3b,18,D,3b,0.707066,-13.1516,1.5693,63.1068,1.7608,0
rgb,42,rgb_s42,ON_NEG,on/sceneN3/L5__s20260819__0003.png,sceneN3,none_in_fov,B3a,11,B,3a,0.652795,-9.3231,5.7221,62.1685,8.3724,0
rgb,42,rgb_s42,ON_NEG,on/sceneN3/L5__s20260819__0003.png,sceneN3,none_in_fov,C3a,12,C,3a,0.71601,-9.3231,5.7221,62.1685,8.3724,0
rgb,42,rgb_s42,ON_NEG,on/sceneN3/L5__s20260819__0003.png,sceneN3,none_in_fov,A3b,15,A,3b,0.502944,-9.3231,5.7221,62.1685,8.3724,0
rgb,42,rgb_s42,ON_NEG,on/sceneN3/L5__s20260819__0003.png,sceneN3,none_in_fov,B3b,16,B,3b,0.960239,-9.3231,5.7221,62.1685,8.3724,0
rgb,42,rgb_s42,ON_NEG,on/sceneN3/L5__s20260819__0003.png,sceneN3,none_in_fov,C3b,17,C,3b,0.974696,-9.3231,5.7221,62.1685,8.3724,0
rgb,42,rgb_s42,ON_NEG,on/sceneN3/L5__s20260819__0003.png,sceneN3,none_in_fov,D3b,18,D,3b,0.735421,-9.3231,5.7221,62.1685,8.3724,0
rgb,42,rgb_s42,ON_NEG,on/sceneN3/L5__s20260819__0004.png,sceneN3,none_in_fov,B2,6,B,2,0.522675,-7.3546,-7.2186,63.4074,8.0992,0
rgb,42,rgb_s42,ON_NEG,on/sceneN3/L5__s20260819__0004.png,sceneN3,none_in_fov,C2,7,C,2,0.505735,-7.3546,-7.2186,63.4074,8.0992,0
rgb,42,rgb_s42,ON_NEG,on/sceneN3/L5__s20260819__0004.png,sceneN3,none_in_fov,B3a,11,B,3a,0.938691,-7.3546,-7.2186,63.4074,8.0992,0
rgb,42,rgb_s42,ON_NEG,on/sceneN3/L5__s20260819__0004.png,sceneN3,none_in_fov,C3a,12,C,3a,0.950469,-7.3546,-7.2186,63.4074,8.0992,0
rgb,42,rgb_s42,ON_NEG,on/sceneN3/L5__s20260819__0004.png,sceneN3,none_in_fov,B3b,16,B,3b,0.93076,-7.3546,-7.2186,63.4074,8.0992,0
rgb,42,rgb_s42,ON_NEG,on/sceneN3/L5__s20260819__0004.png,sceneN3,none_in_fov,C3b,17,C,3b,0.963009,-7.3546,-7.2186,63.4074,8.0992,0
rgb,42,rgb_s42,ON_NEG,on/sceneN3/L5__s20260819__0005.png,sceneN3,none_in_fov,B3a,11,B,3a,0.949355,-12.2129,-14.4798,63.1796,2.2677,0
rgb,42,rgb_s42,ON_NEG,on/sceneN3/L5__s20260819__0005.png,sceneN3,none_in_fov,C3a,12,C,3a,0.91257,-12.2129,-14.4798,63.1796,2.2677,0
rgb,42,rgb_s42,ON_NEG,on/sceneN3/L5__s20260819__0005.png,sceneN3,none_in_fov,B3b,16,B,3b,0.952589,-12.2129,-14.4798,63.1796,2.2677,0
rgb,42,rgb_s42,ON_NEG,on/sceneN3/L5__s20260819__0005.png,sceneN3,none_in_fov,C3b,17,C,3b,0.976189,-12.2129,-14.4798,63.1796,2.2677,0
rgb,42,rgb_s42,ON_NEG,on/sceneN3/L5__s20260819__0006.png,sceneN3,none_in_fov,A2,5,A,2,0.863014,-7.7849,2.4667,60.503,4.7311,0
rgb,42,rgb_s42,ON_NEG,on/sceneN3/L5__s20260819__0006.png,sceneN3,none_in_fov,B2,6,B,2,0.899881,-7.7849,2.4667,60.503,4.7311,0
rgb,42,rgb_s42,ON_NEG,on/sceneN3/L5__s20260819__0006.png,sceneN3,none_in_fov,C2,7,C,2,0.828523,-7.7849,2.4667,60.503,4.7311,0
rgb,42,rgb_s42,ON_NEG,on/sceneN3/L5__s20260819__0006.png,sceneN3,none_in_fov,D2,8,D,2,0.845937,-7.7849,2.4667,60.503,4.7311,0
rgb,42,rgb_s42,ON_NEG,on/sceneN3/L5__s20260819__0006.png,sceneN3,none_in_fov,E2,9,E,2,0.649839,-7.7849,2.4667,60.503,4.7311,0
rgb,42,rgb_s42,ON_NEG,on/sceneN3/L5__s20260819__0006.png,sceneN3,none_in_fov,B3a,11,B,3a,0.988493,-7.7849,2.4667,60.503,4.7311,0
rgb,42,rgb_s42,ON_NEG,on/sceneN3/L5__s20260819__0006.png,sceneN3,none_in_fov,C3a,12,C,3a,0.992379,-7.7849,2.4667,60.503,4.7311,0
rgb,42,rgb_s42,ON_NEG,on/sceneN3/L5__s20260819__0006.png,sceneN3,none_in_fov,D3a,13,D,3a,0.918117,-7.7849,2.4667,60.503,4.7311,0
rgb,42,rgb_s42,ON_NEG,on/sceneN3/L5__s20260819__0006.png,sceneN3,none_in_fov,B3b,16,B,3b,0.913204,-7.7849,2.4667,60.503,4.7311,0
rgb,42,rgb_s42,ON_NEG,on/sceneN3/L5__s20260819__0006.png,sceneN3,none_in_fov,C3b,17,C,3b,0.988976,-7.7849,2.4667,60.503,4.7311,0
rgb,42,rgb_s42,ON_NEG,on/sceneN3/L5__s20260819__0006.png,sceneN3,none_in_fov,D3b,18,D,3b,0.818938,-7.7849,2.4667,60.503,4.7311,0
rgb,42,rgb_s42,ON_NEG,on/sceneN3/L5__s20260819__0007.png,sceneN3,none_in_fov,C3a,12,C,3a,0.65769,-12.6477,6.8749,62.3125,1.3919,0
rgb,42,rgb_s42,ON_NEG,on/sceneN3/L5__s20260819__0007.png,sceneN3,none_in_fov,D3a,13,D,3a,0.510667,-12.6477,6.8749,62.3125,1.3919,0
rgb,42,rgb_s42,ON_NEG,on/sceneN3/L5__s20260819__0007.png,sceneN3,none_in_fov,B3b,16,B,3b,0.696322,-12.6477,6.8749,62.3125,1.3919,0
rgb,42,rgb_s42,ON_NEG,on/sceneN3/L5__s20260819__0007.png,sceneN3,none_in_fov,C3b,17,C,3b,0.916593,-12.6477,6.8749,62.3125,1.3919,0
rgb,42,rgb_s42,ON_NEG,on/sceneN3/L5__s20260819__0007.png,sceneN3,none_in_fov,D3b,18,D,3b,0.742062,-12.6477,6.8749,62.3125,1.3919,0
rgb,42,rgb_s42,ON_NEG,on/sceneN3/L7__s20260819__0000.png,sceneN3,none_in_fov,C3a,12,C,3a,0.746473,-16.2467,-6.5053,60.6518,9.1828,0
rgb,42,rgb_s42,ON_NEG,on/sceneN3/L7__s20260819__0000.png,sceneN3,none_in_fov,C3b,17,C,3b,0.713087,-16.2467,-6.5053,60.6518,9.1828,0
rgb,42,rgb_s42,ON_NEG,on/sceneN3/L7__s20260819__0000.png,sceneN3,none_in_fov,D3b,18,D,3b,0.538037,-16.2467,-6.5053,60.6518,9.1828,0
rgb,42,rgb_s42,ON_NEG,on/sceneN3/L7__s20260819__0001.png,sceneN3,none_in_fov,A2,5,A,2,0.581483,-12.6534,1.5439,61.04,5.2884,0
rgb,42,rgb_s42,ON_NEG,on/sceneN3/L7__s20260819__0001.png,sceneN3,none_in_fov,B2,6,B,2,0.754607,-12.6534,1.5439,61.04,5.2884,0
rgb,42,rgb_s42,ON_NEG,on/sceneN3/L7__s20260819__0001.png,sceneN3,none_in_fov,C2,7,C,2,0.742232,-12.6534,1.5439,61.04,5.2884,0
rgb,42,rgb_s42,ON_NEG,on/sceneN3/L7__s20260819__0001.png,sceneN3,none_in_fov,D2,8,D,2,0.726743,-12.6534,1.5439,61.04,5.2884,0
rgb,42,rgb_s42,ON_NEG,on/sceneN3/L7__s20260819__0001.png,sceneN3,none_in_fov,B3a,11,B,3a,0.937971,-12.6534,1.5439,61.04,5.2884,0
rgb,42,rgb_s42,ON_NEG,on/sceneN3/L7__s20260819__0001.png,sceneN3,none_in_fov,C3a,12,C,3a,0.973325,-12.6534,1.5439,61.04,5.2884,0
rgb,42,rgb_s42,ON_NEG,on/sceneN3/L7__s20260819__0001.png,sceneN3,none_in_fov,D3a,13,D,3a,0.71678,-12.6534,1.5439,61.04,5.2884,0
rgb,42,rgb_s42,ON_NEG,on/sceneN3/L7__s20260819__0001.png,sceneN3,none_in_fov,B3b,16,B,3b,0.969008,-12.6534,1.5439,61.04,5.2884,0
rgb,42,rgb_s42,ON_NEG,on/sceneN3/L7__s20260819__0001.png,sceneN3,none_in_fov,C3b,17,C,3b,0.986876,-12.6534,1.5439,61.04,5.2884,0
rgb,42,rgb_s42,ON_NEG,on/sceneN3/L7__s20260819__0001.png,sceneN3,none_in_fov,D3b,18,D,3b,0.872343,-12.6534,1.5439,61.04,5.2884,0
rgb,42,rgb_s42,ON_NEG,on/sceneN3/L7__s20260819__0002.png,sceneN3,none_in_fov,B3a,11,B,3a,0.631698,-13.1516,1.5693,63.1068,1.7608,0
rgb,42,rgb_s42,ON_NEG,on/sceneN3/L7__s20260819__0002.png,sceneN3,none_in_fov,C3a,12,C,3a,0.710191,-13.1516,1.5693,63.1068,1.7608,0
rgb,42,rgb_s42,ON_NEG,on/sceneN3/L7__s20260819__0002.png,sceneN3,none_in_fov,D3a,13,D,3a,0.660411,-13.1516,1.5693,63.1068,1.7608,0
rgb,42,rgb_s42,ON_NEG,on/sceneN3/L7__s20260819__0002.png,sceneN3,none_in_fov,B3b,16,B,3b,0.846848,-13.1516,1.5693,63.1068,1.7608,0
rgb,42,rgb_s42,ON_NEG,on/sceneN3/L7__s20260819__0002.png,sceneN3,none_in_fov,C3b,17,C,3b,0.941838,-13.1516,1.5693,63.1068,1.7608,0
rgb,42,rgb_s42,ON_NEG,on/sceneN3/L7__s20260819__0002.png,sceneN3,none_in_fov,D3b,18,D,3b,0.81637,-13.1516,1.5693,63.1068,1.7608,0
rgb,42,rgb_s42,ON_NEG,on/sceneN3/L7__s20260819__0003.png,sceneN3,none_in_fov,B3a,11,B,3a,0.740287,-9.3231,5.7221,62.1685,8.3724,0
rgb,42,rgb_s42,ON_NEG,on/sceneN3/L7__s20260819__0003.png,sceneN3,none_in_fov,C3a,12,C,3a,0.876395,-9.3231,5.7221,62.1685,8.3724,0
rgb,42,rgb_s42,ON_NEG,on/sceneN3/L7__s20260819__0003.png,sceneN3,none_in_fov,B3b,16,B,3b,0.890678,-9.3231,5.7221,62.1685,8.3724,0
rgb,42,rgb_s42,ON_NEG,on/sceneN3/L7__s20260819__0003.png,sceneN3,none_in_fov,C3b,17,C,3b,0.921741,-9.3231,5.7221,62.1685,8.3724,0
rgb,42,rgb_s42,ON_NEG,on/sceneN3/L7__s20260819__0003.png,sceneN3,none_in_fov,D3b,18,D,3b,0.5388,-9.3231,5.7221,62.1685,8.3724,0
rgb,42,rgb_s42,ON_NEG,on/sceneN3/L7__s20260819__0004.png,sceneN3,none_in_fov,B2,6,B,2,0.510231,-7.3546,-7.2186,63.4074,8.0992,0
rgb,42,rgb_s42,ON_NEG,on/sceneN3/L7__s20260819__0004.png,sceneN3,none_in_fov,C2,7,C,2,0.541156,-7.3546,-7.2186,63.4074,8.0992,0
rgb,42,rgb_s42,ON_NEG,on/sceneN3/L7__s20260819__0004.png,sceneN3,none_in_fov,B3a,11,B,3a,0.917933,-7.3546,-7.2186,63.4074,8.0992,0
rgb,42,rgb_s42,ON_NEG,on/sceneN3/L7__s20260819__0004.png,sceneN3,none_in_fov,C3a,12,C,3a,0.959533,-7.3546,-7.2186,63.4074,8.0992,0
rgb,42,rgb_s42,ON_NEG,on/sceneN3/L7__s20260819__0004.png,sceneN3,none_in_fov,B3b,16,B,3b,0.865361,-7.3546,-7.2186,63.4074,8.0992,0
rgb,42,rgb_s42,ON_NEG,on/sceneN3/L7__s20260819__0004.png,sceneN3,none_in_fov,C3b,17,C,3b,0.932415,-7.3546,-7.2186,63.4074,8.0992,0
rgb,42,rgb_s42,ON_NEG,on/sceneN3/L7__s20260819__0005.png,sceneN3,none_in_fov,A2,5,A,2,0.744102,-12.2129,-14.4798,63.1796,2.2677,0
rgb,42,rgb_s42,ON_NEG,on/sceneN3/L7__s20260819__0005.png,sceneN3,none_in_fov,B2,6,B,2,0.72624,-12.2129,-14.4798,63.1796,2.2677,0
rgb,42,rgb_s42,ON_NEG,on/sceneN3/L7__s20260819__0005.png,sceneN3,none_in_fov,C2,7,C,2,0.692571,-12.2129,-14.4798,63.1796,2.2677,0
rgb,42,rgb_s42,ON_NEG,on/sceneN3/L7__s20260819__0005.png,sceneN3,none_in_fov,D2,8,D,2,0.716674,-12.2129,-14.4798,63.1796,2.2677,0
rgb,42,rgb_s42,ON_NEG,on/sceneN3/L7__s20260819__0005.png,sceneN3,none_in_fov,B3a,11,B,3a,0.944919,-12.2129,-14.4798,63.1796,2.2677,0
rgb,42,rgb_s42,ON_NEG,on/sceneN3/L7__s20260819__0005.png,sceneN3,none_in_fov,C3a,12,C,3a,0.926074,-12.2129,-14.4798,63.1796,2.2677,0
rgb,42,rgb_s42,ON_NEG,on/sceneN3/L7__s20260819__0005.png,sceneN3,none_in_fov,B3b,16,B,3b,0.94913,-12.2129,-14.4798,63.1796,2.2677,0
rgb,42,rgb_s42,ON_NEG,on/sceneN3/L7__s20260819__0005.png,sceneN3,none_in_fov,C3b,17,C,3b,0.978152,-12.2129,-14.4798,63.1796,2.2677,0
rgb,42,rgb_s42,ON_NEG,on/sceneN3/L7__s20260819__0005.png,sceneN3,none_in_fov,D3b,18,D,3b,0.71317,-12.2129,-14.4798,63.1796,2.2677,0
rgb,42,rgb_s42,ON_NEG,on/sceneN3/L7__s20260819__0006.png,sceneN3,none_in_fov,A2,5,A,2,0.871538,-7.7849,2.4667,60.503,4.7311,0
rgb,42,rgb_s42,ON_NEG,on/sceneN3/L7__s20260819__0006.png,sceneN3,none_in_fov,B2,6,B,2,0.939824,-7.7849,2.4667,60.503,4.7311,0
rgb,42,rgb_s42,ON_NEG,on/sceneN3/L7__s20260819__0006.png,sceneN3,none_in_fov,C2,7,C,2,0.937058,-7.7849,2.4667,60.503,4.7311,0
rgb,42,rgb_s42,ON_NEG,on/sceneN3/L7__s20260819__0006.png,sceneN3,none_in_fov,D2,8,D,2,0.93935,-7.7849,2.4667,60.503,4.7311,0
rgb,42,rgb_s42,ON_NEG,on/sceneN3/L7__s20260819__0006.png,sceneN3,none_in_fov,E2,9,E,2,0.851067,-7.7849,2.4667,60.503,4.7311,0
rgb,42,rgb_s42,ON_NEG,on/sceneN3/L7__s20260819__0006.png,sceneN3,none_in_fov,A3a,10,A,3a,0.500227,-7.7849,2.4667,60.503,4.7311,0
rgb,42,rgb_s42,ON_NEG,on/sceneN3/L7__s20260819__0006.png,sceneN3,none_in_fov,B3a,11,B,3a,0.970614,-7.7849,2.4667,60.503,4.7311,0
rgb,42,rgb_s42,ON_NEG,on/sceneN3/L7__s20260819__0006.png,sceneN3,none_in_fov,C3a,12,C,3a,0.980218,-7.7849,2.4667,60.503,4.7311,0
rgb,42,rgb_s42,ON_NEG,on/sceneN3/L7__s20260819__0006.png,sceneN3,none_in_fov,D3a,13,D,3a,0.929087,-7.7849,2.4667,60.503,4.7311,0
rgb,42,rgb_s42,ON_NEG,on/sceneN3/L7__s20260819__0006.png,sceneN3,none_in_fov,E3a,14,E,3a,0.625626,-7.7849,2.4667,60.503,4.7311,0
rgb,42,rgb_s42,ON_NEG,on/sceneN3/L7__s20260819__0006.png,sceneN3,none_in_fov,B3b,16,B,3b,0.879948,-7.7849,2.4667,60.503,4.7311,0
rgb,42,rgb_s42,ON_NEG,on/sceneN3/L7__s20260819__0006.png,sceneN3,none_in_fov,C3b,17,C,3b,0.960896,-7.7849,2.4667,60.503,4.7311,0
rgb,42,rgb_s42,ON_NEG,on/sceneN3/L7__s20260819__0006.png,sceneN3,none_in_fov,D3b,18,D,3b,0.877042,-7.7849,2.4667,60.503,4.7311,0
rgb,42,rgb_s42,ON_NEG,on/sceneN3/L7__s20260819__0007.png,sceneN3,none_in_fov,B3b,16,B,3b,0.781028,-12.6477,6.8749,62.3125,1.3919,0
rgb,42,rgb_s42,ON_NEG,on/sceneN3/L7__s20260819__0007.png,sceneN3,none_in_fov,C3b,17,C,3b,0.914975,-12.6477,6.8749,62.3125,1.3919,0
rgb,42,rgb_s42,ON_NEG,on/sceneN3/L7__s20260819__0007.png,sceneN3,none_in_fov,D3b,18,D,3b,0.82881,-12.6477,6.8749,62.3125,1.3919,0
rgb,42,rgb_s42,ON_NEG,on/scene14/L0__s20260820__0002.png::boost_h,scene14,none_in_fov,C3a,12,C,3a,0.72149,-7.0039,2.401,63.1403,11.657,0
rgb,42,rgb_s42,ON_NEG,on/scene14/L0__s20260820__0007.png::boost_h,scene14,H,C3a,12,C,3a,0.772107,-6.1172,5.4847,60.0935,10.4613,0
rgb,42,rgb_s42,ON_NEG,on/scene14/L0__s20260820__0007.png::boost_h,scene14,H,D3a,13,D,3a,0.645634,-6.1172,5.4847,60.0935,10.4613,0
rgb,42,rgb_s42,ON_NEG,on/scene14/L5__s20260820__0002.png::boost_h,scene14,none_in_fov,C3a,12,C,3a,0.647845,-7.0039,2.401,63.1403,11.657,0
rgb,42,rgb_s42,ON_NEG,on/scene14/L5__s20260820__0007.png::boost_h,scene14,H,C3a,12,C,3a,0.747006,-6.1172,5.4847,60.0935,10.4613,0
rgb,42,rgb_s42,ON_NEG,on/scene14/L5__s20260820__0007.png::boost_h,scene14,H,D3a,13,D,3a,0.567596,-6.1172,5.4847,60.0935,10.4613,0
rgb,42,rgb_s42,ON_NEG,on/scene14/L7__s20260820__0002.png::boost_h,scene14,none_in_fov,C3a,12,C,3a,0.714725,-7.0039,2.401,63.1403,11.657,0
rgb,42,rgb_s42,ON_NEG,on/scene14/L7__s20260820__0002.png::boost_h,scene14,none_in_fov,C3b,17,C,3b,0.535371,-7.0039,2.401,63.1403,11.657,0
rgb,42,rgb_s42,ON_NEG,on/scene14/L7__s20260820__0002.png::boost_h,scene14,none_in_fov,D3b,18,D,3b,0.518597,-7.0039,2.401,63.1403,11.657,0
rgb,42,rgb_s42,ON_NEG,on/scene14/L7__s20260820__0007.png::boost_h,scene14,H,B3a,11,B,3a,0.545583,-6.1172,5.4847,60.0935,10.4613,0
rgb,42,rgb_s42,ON_NEG,on/scene14/L7__s20260820__0007.png::boost_h,scene14,H,C3a,12,C,3a,0.835426,-6.1172,5.4847,60.0935,10.4613,0
rgb,42,rgb_s42,ON_NEG,on/scene14/L7__s20260820__0007.png::boost_h,scene14,H,D3a,13,D,3a,0.698194,-6.1172,5.4847,60.0935,10.4613,0
rgb,42,rgb_s42,ON_NEG,on/scene15/L0__s20260820__0000.png::boost_h,scene15,H,C3b,17,C,3b,0.582665,-13.637,-17.7914,62.7559,10.9914,0
rgb,42,rgb_s42,ON_NEG,on/scene15/L0__s20260820__0001.png::boost_h,scene15,H,C3b,17,C,3b,0.510158,-6.8068,-11.8299,63.9125,9.9013,0
rgb,42,rgb_s42,ON_NEG,on/scene15/L0__s20260820__0006.png::boost_h,scene15,H,B3a,11,B,3a,0.761382,-5.1828,6.8137,59.5209,6.9519,0
rgb,42,rgb_s42,ON_NEG,on/scene15/L0__s20260820__0006.png::boost_h,scene15,H,B3b,16,B,3b,0.907436,-5.1828,6.8137,59.5209,6.9519,0
rgb,42,rgb_s42,ON_NEG,on/scene15/L0__s20260820__0007.png::boost_h,scene15,H_weak,C3b,17,C,3b,0.687083,-9.4753,-12.4083,62.4936,8.3783,0
rgb,42,rgb_s42,ON_NEG,on/scene15/L4__s20260820__0000.png::boost_h,scene15,H,C3b,17,C,3b,0.534736,-13.637,-17.7914,62.7559,10.9914,0
rgb,42,rgb_s42,ON_NEG,on/scene15/L4__s20260820__0001.png::boost_h,scene15,H,C3b,17,C,3b,0.558587,-6.8068,-11.8299,63.9125,9.9013,0
rgb,42,rgb_s42,ON_NEG,on/scene15/L4__s20260820__0005.png::boost_h,scene15,H,C3b,17,C,3b,0.596615,-5.4058,-7.3396,62.3314,9.8366,0
rgb,42,rgb_s42,ON_NEG,on/scene15/L4__s20260820__0006.png::boost_h,scene15,H,B3b,16,B,3b,0.739639,-5.1828,6.8137,59.5209,6.9519,0
rgb,42,rgb_s42,ON_NEG,on/scene15/L4__s20260820__0007.png::boost_h,scene15,H_weak,C3b,17,C,3b,0.585176,-9.4753,-12.4083,62.4936,8.3783,0
rgb,42,rgb_s42,ON_NEG,on/scene15/L7__s20260820__0006.png::boost_h,scene15,H,B3b,16,B,3b,0.794941,-5.1828,6.8137,59.5209,6.9519,0
rgb,42,rgb_s42,ON_NEG,on/scene15/L7__s20260820__0007.png::boost_h,scene15,H_weak,C3b,17,C,3b,0.545079,-9.4753,-12.4083,62.4936,8.3783,0
rgb,42,rgb_s42,ON_NEG,on/scene05/L0__s20260820__0001.png::boost_e,scene05,V,B3a,11,B,3a,0.614948,-5.7189,0.3564,61.8831,9.8857,0
rgb,42,rgb_s42,ON_NEG,on/scene05/L0__s20260820__0001.png::boost_e,scene05,V,C3a,12,C,3a,0.557012,-5.7189,0.3564,61.8831,9.8857,0
rgb,42,rgb_s42,ON_NEG,on/scene05/L0__s20260820__0003.png::boost_e,scene05,V,A2,5,A,2,0.777946,-7.8027,0.1237,61.0834,6.3099,0
rgb,42,rgb_s42,ON_NEG,on/scene05/L0__s20260820__0003.png::boost_e,scene05,V,E2,9,E,2,0.776814,-7.8027,0.1237,61.0834,6.3099,0
rgb,42,rgb_s42,ON_NEG,on/scene05/L0__s20260820__0004.png::boost_e,scene05,V,D2,8,D,2,0.63115,-6.9904,-7.3983,63.483,6.1605,0
rgb,42,rgb_s42,ON_NEG,on/scene05/L0__s20260820__0005.png::boost_e,scene05,V,D2,8,D,2,0.703273,-9.9958,-4.8864,61.371,6.2772,0
rgb,42,rgb_s42,ON_NEG,on/scene05/L5__s20260820__0001.png::boost_e,scene05,V,B3a,11,B,3a,0.920789,-5.7189,0.3564,61.8831,9.8857,0
rgb,42,rgb_s42,ON_NEG,on/scene05/L5__s20260820__0001.png::boost_e,scene05,V,C3a,12,C,3a,0.906648,-5.7189,0.3564,61.8831,9.8857,0
rgb,42,rgb_s42,ON_NEG,on/scene05/L5__s20260820__0002.png::boost_e,scene05,V,A2,5,A,2,0.555912,-5.4996,-9.2457,63.6695,7.7708,0
rgb,42,rgb_s42,ON_NEG,on/scene05/L5__s20260820__0002.png::boost_e,scene05,V,B2,6,B,2,0.513875,-5.4996,-9.2457,63.6695,7.7708,0
rgb,42,rgb_s42,ON_NEG,on/scene05/L5__s20260820__0003.png::boost_e,scene05,V,A2,5,A,2,0.719526,-7.8027,0.1237,61.0834,6.3099,0
rgb,42,rgb_s42,ON_NEG,on/scene05/L5__s20260820__0003.png::boost_e,scene05,V,E2,9,E,2,0.637247,-7.8027,0.1237,61.0834,6.3099,0
rgb,42,rgb_s42,ON_NEG,on/scene05/L5__s20260820__0004.png::boost_e,scene05,V,D2,8,D,2,0.545,-6.9904,-7.3983,63.483,6.1605,0
rgb,42,rgb_s42,ON_NEG,on/scene05/L5__s20260820__0005.png::boost_e,scene05,V,A2,5,A,2,0.553162,-9.9958,-4.8864,61.371,6.2772,0
rgb,42,rgb_s42,ON_NEG,on/scene05/L5__s20260820__0005.png::boost_e,scene05,V,D2,8,D,2,0.609866,-9.9958,-4.8864,61.371,6.2772,0
rgb,42,rgb_s42,ON_NEG,on/scene05/L5__s20260820__0006.png::boost_e,scene05,V,B3a,11,B,3a,0.875739,-12.8982,-6.3539,61.1324,9.7574,0
rgb,42,rgb_s42,ON_NEG,on/scene05/L5__s20260820__0006.png::boost_e,scene05,V,C3a,12,C,3a,0.867068,-12.8982,-6.3539,61.1324,9.7574,0
rgb,42,rgb_s42,ON_NEG,on/scene05/L7__s20260820__0001.png::boost_e,scene05,V,B3a,11,B,3a,0.94995,-5.7189,0.3564,61.8831,9.8857,0
rgb,42,rgb_s42,ON_NEG,on/scene05/L7__s20260820__0001.png::boost_e,scene05,V,C3a,12,C,3a,0.924292,-5.7189,0.3564,61.8831,9.8857,0
rgb,42,rgb_s42,ON_NEG,on/scene05/L7__s20260820__0003.png::boost_e,scene05,V,A2,5,A,2,0.75985,-7.8027,0.1237,61.0834,6.3099,0
rgb,42,rgb_s42,ON_NEG,on/scene05/L7__s20260820__0003.png::boost_e,scene05,V,E2,9,E,2,0.756665,-7.8027,0.1237,61.0834,6.3099,0
rgb,42,rgb_s42,ON_NEG,on/scene05/L7__s20260820__0004.png::boost_e,scene05,V,D2,8,D,2,0.572605,-6.9904,-7.3983,63.483,6.1605,0
rgb,42,rgb_s42,ON_NEG,on/scene05/L7__s20260820__0005.png::boost_e,scene05,V,D2,8,D,2,0.646509,-9.9958,-4.8864,61.371,6.2772,0
rgb,42,rgb_s42,ON_NEG,on/scene05/L7__s20260820__0006.png::boost_e,scene05,V,B3a,11,B,3a,0.84124,-12.8982,-6.3539,61.1324,9.7574,0
rgb,42,rgb_s42,ON_NEG,on/scene05/L7__s20260820__0006.png::boost_e,scene05,V,C3a,12,C,3a,0.809208,-12.8982,-6.3539,61.1324,9.7574,0
rgb,42,rgb_s42,ON_NEG,on/scene07/L0__s20260820__0000.png::boost_e,scene07,V,B2,6,B,2,0.675216,-10.2409,14.1283,61.8254,9.3533,0
rgb,42,rgb_s42,ON_NEG,on/scene07/L0__s20260820__0000.png::boost_e,scene07,V,D2,8,D,2,0.592959,-10.2409,14.1283,61.8254,9.3533,0
rgb,42,rgb_s42,ON_NEG,on/scene07/L0__s20260820__0000.png::boost_e,scene07,V,B3a,11,B,3a,0.967601,-10.2409,14.1283,61.8254,9.3533,0
rgb,42,rgb_s42,ON_NEG,on/scene07/L0__s20260820__0000.png::boost_e,scene07,V,C3a,12,C,3a,0.996967,-10.2409,14.1283,61.8254,9.3533,0
rgb,42,rgb_s42,ON_NEG,on/scene07/L0__s20260820__0000.png::boost_e,scene07,V,D3a,13,D,3a,0.842358,-10.2409,14.1283,61.8254,9.3533,0
rgb,42,rgb_s42,ON_NEG,on/scene07/L0__s20260820__0000.png::boost_e,scene07,V,B3b,16,B,3b,0.904353,-10.2409,14.1283,61.8254,9.3533,0
rgb,42,rgb_s42,ON_NEG,on/scene07/L0__s20260820__0000.png::boost_e,scene07,V,C3b,17,C,3b,0.996077,-10.2409,14.1283,61.8254,9.3533,0
rgb,42,rgb_s42,ON_NEG,on/scene07/L0__s20260820__0001.png::boost_e,scene07,V,A2,5,A,2,0.535527,-8.7737,-1.6736,63.801,8.4933,0
rgb,42,rgb_s42,ON_NEG,on/scene07/L0__s20260820__0001.png::boost_e,scene07,V,B2,6,B,2,0.696655,-8.7737,-1.6736,63.801,8.4933,0
rgb,42,rgb_s42,ON_NEG,on/scene07/L0__s20260820__0001.png::boost_e,scene07,V,C2,7,C,2,0.570511,-8.7737,-1.6736,63.801,8.4933,0
rgb,42,rgb_s42,ON_NEG,on/scene07/L0__s20260820__0001.png::boost_e,scene07,V,D2,8,D,2,0.631964,-8.7737,-1.6736,63.801,8.4933,0
rgb,42,rgb_s42,ON_NEG,on/scene07/L0__s20260820__0001.png::boost_e,scene07,V,B3a,11,B,3a,0.798607,-8.7737,-1.6736,63.801,8.4933,0
rgb,42,rgb_s42,ON_NEG,on/scene07/L0__s20260820__0001.png::boost_e,scene07,V,C3a,12,C,3a,0.947047,-8.7737,-1.6736,63.801,8.4933,0
rgb,42,rgb_s42,ON_NEG,on/scene07/L0__s20260820__0001.png::boost_e,scene07,V,D3a,13,D,3a,0.610814,-8.7737,-1.6736,63.801,8.4933,0
rgb,42,rgb_s42,ON_NEG,on/scene07/L0__s20260820__0001.png::boost_e,scene07,V,D3b,18,D,3b,0.714202,-8.7737,-1.6736,63.801,8.4933,0
rgb,42,rgb_s42,ON_NEG,on/scene07/L0__s20260820__0002.png::boost_e,scene07,V,C3a,12,C,3a,0.501976,-11.7844,-0.5026,59.071,6.034,0
rgb,42,rgb_s42,ON_NEG,on/scene07/L0__s20260820__0003.png::boost_e,scene07,V,B2,6,B,2,0.559417,-10.8121,7.6338,61.1751,9.743,0
rgb,42,rgb_s42,ON_NEG,on/scene07/L0__s20260820__0003.png::boost_e,scene07,V,D2,8,D,2,0.546524,-10.8121,7.6338,61.1751,9.743,0
rgb,42,rgb_s42,ON_NEG,on/scene07/L0__s20260820__0003.png::boost_e,scene07,V,B3a,11,B,3a,0.921436,-10.8121,7.6338,61.1751,9.743,0
rgb,42,rgb_s42,ON_NEG,on/scene07/L0__s20260820__0003.png::boost_e,scene07,V,C3a,12,C,3a,0.986083,-10.8121,7.6338,61.1751,9.743,0
rgb,42,rgb_s42,ON_NEG,on/scene07/L0__s20260820__0003.png::boost_e,scene07,V,D3a,13,D,3a,0.855593,-10.8121,7.6338,61.1751,9.743,0
rgb,42,rgb_s42,ON_NEG,on/scene07/L0__s20260820__0003.png::boost_e,scene07,V,B3b,16,B,3b,0.96815,-10.8121,7.6338,61.1751,9.743,0
rgb,42,rgb_s42,ON_NEG,on/scene07/L0__s20260820__0003.png::boost_e,scene07,V,E3b,19,E,3b,0.675454,-10.8121,7.6338,61.1751,9.743,0
rgb,42,rgb_s42,ON_NEG,on/scene07/L0__s20260820__0004.png::boost_e,scene07,none_in_fov,B3a,11,B,3a,0.772816,-11.296,14.3304,62.4153,11.7361,0
rgb,42,rgb_s42,ON_NEG,on/scene07/L0__s20260820__0004.png::boost_e,scene07,none_in_fov,C3a,12,C,3a,0.951403,-11.296,14.3304,62.4153,11.7361,0
rgb,42,rgb_s42,ON_NEG,on/scene07/L0__s20260820__0004.png::boost_e,scene07,none_in_fov,D3a,13,D,3a,0.681641,-11.296,14.3304,62.4153,11.7361,0
rgb,42,rgb_s42,ON_NEG,on/scene07/L0__s20260820__0004.png::boost_e,scene07,none_in_fov,B3b,16,B,3b,0.733209,-11.296,14.3304,62.4153,11.7361,0
rgb,42,rgb_s42,ON_NEG,on/scene07/L0__s20260820__0004.png::boost_e,scene07,none_in_fov,C3b,17,C,3b,0.982205,-11.296,14.3304,62.4153,11.7361,0
rgb,42,rgb_s42,ON_NEG,on/scene07/L0__s20260820__0004.png::boost_e,scene07,none_in_fov,D3b,18,D,3b,0.816906,-11.296,14.3304,62.4153,11.7361,0
rgb,42,rgb_s42,ON_NEG,on/scene07/L0__s20260820__0006.png::boost_e,scene07,V,D2,8,D,2,0.617706,-7.4676,-1.6241,59.074,6.6363,0
rgb,42,rgb_s42,ON_NEG,on/scene07/L0__s20260820__0006.png::boost_e,scene07,V,C3a,12,C,3a,0.619578,-7.4676,-1.6241,59.074,6.6363,0
rgb,42,rgb_s42,ON_NEG,on/scene07/L0__s20260820__0006.png::boost_e,scene07,V,D3a,13,D,3a,0.565669,-7.4676,-1.6241,59.074,6.6363,0
rgb,42,rgb_s42,ON_NEG,on/scene07/L0__s20260820__0007.png::boost_e,scene07,none_in_fov,B3b,16,B,3b,0.877175,-8.8831,-5.8973,62.4612,11.793,0
rgb,42,rgb_s42,ON_NEG,on/scene07/L0__s20260820__0007.png::boost_e,scene07,none_in_fov,C3b,17,C,3b,0.939413,-8.8831,-5.8973,62.4612,11.793,0
rgb,42,rgb_s42,ON_NEG,on/scene07/L5__s20260820__0000.png::boost_e,scene07,V,B2,6,B,2,0.527261,-10.2409,14.1283,61.8254,9.3533,0
rgb,42,rgb_s42,ON_NEG,on/scene07/L5__s20260820__0000.png::boost_e,scene07,V,B3a,11,B,3a,0.954992,-10.2409,14.1283,61.8254,9.3533,0
rgb,42,rgb_s42,ON_NEG,on/scene07/L5__s20260820__0000.png::boost_e,scene07,V,C3a,12,C,3a,0.991105,-10.2409,14.1283,61.8254,9.3533,0
rgb,42,rgb_s42,ON_NEG,on/scene07/L5__s20260820__0000.png::boost_e,scene07,V,D3a,13,D,3a,0.591,-10.2409,14.1283,61.8254,9.3533,0
rgb,42,rgb_s42,ON_NEG,on/scene07/L5__s20260820__0000.png::boost_e,scene07,V,B3b,16,B,3b,0.923399,-10.2409,14.1283,61.8254,9.3533,0
rgb,42,rgb_s42,ON_NEG,on/scene07/L5__s20260820__0000.png::boost_e,scene07,V,C3b,17,C,3b,0.996275,-10.2409,14.1283,61.8254,9.3533,0
rgb,42,rgb_s42,ON_NEG,on/scene07/L5__s20260820__0001.png::boost_e,scene07,V,B2,6,B,2,0.562641,-8.7737,-1.6736,63.801,8.4933,0
rgb,42,rgb_s42,ON_NEG,on/scene07/L5__s20260820__0001.png::boost_e,scene07,V,B3a,11,B,3a,0.720055,-8.7737,-1.6736,63.801,8.4933,0
rgb,42,rgb_s42,ON_NEG,on/scene07/L5__s20260820__0001.png::boost_e,scene07,V,C3a,12,C,3a,0.945059,-8.7737,-1.6736,63.801,8.4933,0
rgb,42,rgb_s42,ON_NEG,on/scene07/L5__s20260820__0001.png::boost_e,scene07,V,D3a,13,D,3a,0.546456,-8.7737,-1.6736,63.801,8.4933,0
rgb,42,rgb_s42,ON_NEG,on/scene07/L5__s20260820__0003.png::boost_e,scene07,V,A2,5,A,2,0.544621,-10.8121,7.6338,61.1751,9.743,0
rgb,42,rgb_s42,ON_NEG,on/scene07/L5__s20260820__0003.png::boost_e,scene07,V,B2,6,B,2,0.776688,-10.8121,7.6338,61.1751,9.743,0
rgb,42,rgb_s42,ON_NEG,on/scene07/L5__s20260820__0003.png::boost_e,scene07,V,C2,7,C,2,0.711649,-10.8121,7.6338,61.1751,9.743,0
rgb,42,rgb_s42,ON_NEG,on/scene07/L5__s20260820__0003.png::boost_e,scene07,V,D2,8,D,2,0.701567,-10.8121,7.6338,61.1751,9.743,0
rgb,42,rgb_s42,ON_NEG,on/scene07/L5__s20260820__0003.png::boost_e,scene07,V,B3a,11,B,3a,0.979141,-10.8121,7.6338,61.1751,9.743,0
rgb,42,rgb_s42,ON_NEG,on/scene07/L5__s20260820__0003.png::boost_e,scene07,V,C3a,12,C,3a,0.99186,-10.8121,7.6338,61.1751,9.743,0
rgb,42,rgb_s42,ON_NEG,on/scene07/L5__s20260820__0003.png::boost_e,scene07,V,D3a,13,D,3a,0.725088,-10.8121,7.6338,61.1751,9.743,0
rgb,42,rgb_s42,ON_NEG,on/scene07/L5__s20260820__0003.png::boost_e,scene07,V,B3b,16,B,3b,0.982514,-10.8121,7.6338,61.1751,9.743,0
rgb,42,rgb_s42,ON_NEG,on/scene07/L5__s20260820__0004.png::boost_e,scene07,none_in_fov,C3a,12,C,3a,0.707112,-11.296,14.3304,62.4153,11.7361,0
rgb,42,rgb_s42,ON_NEG,on/scene07/L5__s20260820__0004.png::boost_e,scene07,none_in_fov,C3b,17,C,3b,0.910394,-11.296,14.3304,62.4153,11.7361,0
rgb,42,rgb_s42,ON_NEG,on/scene07/L5__s20260820__0005.png::boost_e,scene07,V,A2,5,A,2,0.542311,-13.5151,3.1873,60.3528,6.7166,0
rgb,42,rgb_s42,ON_NEG,on/scene07/L5__s20260820__0005.png::boost_e,scene07,V,B3a,11,B,3a,0.63292,-13.5151,3.1873,60.3528,6.7166,0
rgb,42,rgb_s42,ON_NEG,on/scene07/L5__s20260820__0005.png::boost_e,scene07,V,C3a,12,C,3a,0.874618,-13.5151,3.1873,60.3528,6.7166,0
rgb,42,rgb_s42,ON_NEG,on/scene07/L5__s20260820__0007.png::boost_e,scene07,none_in_fov,B3a,11,B,3a,0.806044,-8.8831,-5.8973,62.4612,11.793,0
rgb,42,rgb_s42,ON_NEG,on/scene07/L5__s20260820__0007.png::boost_e,scene07,none_in_fov,C3a,12,C,3a,0.88266,-8.8831,-5.8973,62.4612,11.793,0
rgb,42,rgb_s42,ON_NEG,on/scene07/L5__s20260820__0007.png::boost_e,scene07,none_in_fov,B3b,16,B,3b,0.851471,-8.8831,-5.8973,62.4612,11.793,0
rgb,42,rgb_s42,ON_NEG,on/scene07/L5__s20260820__0007.png::boost_e,scene07,none_in_fov,C3b,17,C,3b,0.934227,-8.8831,-5.8973,62.4612,11.793,0
rgb,42,rgb_s42,ON_NEG,on/scene07/L7__s20260820__0000.png::boost_e,scene07,V,B2,6,B,2,0.518304,-10.2409,14.1283,61.8254,9.3533,0
rgb,42,rgb_s42,ON_NEG,on/scene07/L7__s20260820__0000.png::boost_e,scene07,V,B3a,11,B,3a,0.502256,-10.2409,14.1283,61.8254,9.3533,0
rgb,42,rgb_s42,ON_NEG,on/scene07/L7__s20260820__0000.png::boost_e,scene07,V,C3a,12,C,3a,0.925514,-10.2409,14.1283,61.8254,9.3533,0
rgb,42,rgb_s42,ON_NEG,on/scene07/L7__s20260820__0000.png::boost_e,scene07,V,C3b,17,C,3b,0.768147,-10.2409,14.1283,61.8254,9.3533,0
rgb,42,rgb_s42,ON_NEG,on/scene07/L7__s20260820__0001.png::boost_e,scene07,V,B2,6,B,2,0.719079,-8.7737,-1.6736,63.801,8.4933,0
rgb,42,rgb_s42,ON_NEG,on/scene07/L7__s20260820__0001.png::boost_e,scene07,V,C2,7,C,2,0.713408,-8.7737,-1.6736,63.801,8.4933,0
rgb,42,rgb_s42,ON_NEG,on/scene07/L7__s20260820__0001.png::boost_e,scene07,V,D2,8,D,2,0.733605,-8.7737,-1.6736,63.801,8.4933,0
rgb,42,rgb_s42,ON_NEG,on/scene07/L7__s20260820__0001.png::boost_e,scene07,V,C3a,12,C,3a,0.90485,-8.7737,-1.6736,63.801,8.4933,0
rgb,42,rgb_s42,ON_NEG,on/scene07/L7__s20260820__0003.png::boost_e,scene07,V,D2,8,D,2,0.565075,-10.8121,7.6338,61.1751,9.743,0
rgb,42,rgb_s42,ON_NEG,on/scene07/L7__s20260820__0003.png::boost_e,scene07,V,C3a,12,C,3a,0.805868,-10.8121,7.6338,61.1751,9.743,0
rgb,42,rgb_s42,ON_NEG,on/scene07/L7__s20260820__0004.png::boost_e,scene07,none_in_fov,C3a,12,C,3a,0.730239,-11.296,14.3304,62.4153,11.7361,0
rgb,42,rgb_s42,ON_NEG,on/scene07/L7__s20260820__0004.png::boost_e,scene07,none_in_fov,C3b,17,C,3b,0.802434,-11.296,14.3304,62.4153,11.7361,0
rgb,42,rgb_s42,ON_NEG,on/scene07/L7__s20260820__0007.png::boost_e,scene07,none_in_fov,C3b,17,C,3b,0.654554,-8.8831,-5.8973,62.4612,11.793,0
rgb,42,rgb_s42,ON_NEG,on/scene14/L0__s20260820__0003.png::boost_e,scene14,H,C3a,12,C,3a,0.551165,-7.2352,-9.0359,60.577,10.095,0
rgb,42,rgb_s42,ON_NEG,on/scene14/L5__s20260820__0005.png::boost_e,scene14,H,C3a,12,C,3a,0.535846,-12.4022,9.6925,62.3957,8.1602,0
rgb,42,rgb_s42,ON_NEG,on/scene15/L0__s20260820__0000.png::boost_e,scene15,H,C3b,17,C,3b,0.541676,-13.637,-17.7914,62.7559,10.9914,0
rgb,42,rgb_s42,ON_NEG,on/scene15/L0__s20260820__0001.png::boost_e,scene15,H_weak,C3b,17,C,3b,0.639437,-6.8068,-11.8299,63.9125,9.9013,0
rgb,42,rgb_s42,ON_NEG,on/scene15/L0__s20260820__0006.png::boost_e,scene15,H,B3a,11,B,3a,0.692011,-5.1828,6.8137,59.5209,6.9519,0
rgb,42,rgb_s42,ON_NEG,on/scene15/L0__s20260820__0006.png::boost_e,scene15,H,B3b,16,B,3b,0.845249,-5.1828,6.8137,59.5209,6.9519,0
rgb,42,rgb_s42,ON_NEG,on/scene15/L0__s20260820__0007.png::boost_e,scene15,V,C3b,17,C,3b,0.775493,-9.4753,-12.4083,62.4936,8.3783,0
rgb,42,rgb_s42,ON_NEG,on/scene15/L4__s20260820__0000.png::boost_e,scene15,H,C3b,17,C,3b,0.502643,-13.637,-17.7914,62.7559,10.9914,0
rgb,42,rgb_s42,ON_NEG,on/scene15/L4__s20260820__0001.png::boost_e,scene15,H_weak,C3b,17,C,3b,0.704264,-6.8068,-11.8299,63.9125,9.9013,0
rgb,42,rgb_s42,ON_NEG,on/scene15/L4__s20260820__0005.png::boost_e,scene15,H,C3b,17,C,3b,0.640082,-5.4058,-7.3396,62.3314,9.8366,0
rgb,42,rgb_s42,ON_NEG,on/scene15/L4__s20260820__0006.png::boost_e,scene15,H,B3b,16,B,3b,0.684466,-5.1828,6.8137,59.5209,6.9519,0
rgb,42,rgb_s42,ON_NEG,on/scene15/L4__s20260820__0007.png::boost_e,scene15,V,C3b,17,C,3b,0.786613,-9.4753,-12.4083,62.4936,8.3783,0
rgb,42,rgb_s42,ON_NEG,on/scene15/L7__s20260820__0001.png::boost_e,scene15,H_weak,C3b,17,C,3b,0.60452,-6.8068,-11.8299,63.9125,9.9013,0
rgb,42,rgb_s42,ON_NEG,on/scene15/L7__s20260820__0006.png::boost_e,scene15,H,B3b,16,B,3b,0.747552,-5.1828,6.8137,59.5209,6.9519,0
rgb,42,rgb_s42,ON_NEG,on/scene15/L7__s20260820__0007.png::boost_e,scene15,V,C3b,17,C,3b,0.73031,-9.4753,-12.4083,62.4936,8.3783,0
rgb,42,rgb_s42,ON_NEG,on/scene18/L0__s20260820__0001.png::boost_e,scene18,E,D3a,13,D,3a,0.577259,-10.1204,15.1866,63.5385,10.0506,0
rgb,42,rgb_s42,ON_NEG,on/scene18/L0__s20260820__0002.png::boost_e,scene18,V,A3a,10,A,3a,0.839838,-9.0792,9.5062,64.1649,7.1883,0
rgb,42,rgb_s42,ON_NEG,on/scene18/L5__s20260820__0001.png::boost_e,scene18,E,C3a,12,C,3a,0.615978,-10.1204,15.1866,63.5385,10.0506,0
rgb,42,rgb_s42,ON_NEG,on/scene18/L5__s20260820__0001.png::boost_e,scene18,E,D3a,13,D,3a,0.850156,-10.1204,15.1866,63.5385,10.0506,0
rgb,42,rgb_s42,ON_NEG,on/scene18/L5__s20260820__0002.png::boost_e,scene18,V,A3a,10,A,3a,0.923486,-9.0792,9.5062,64.1649,7.1883,0
rgb,42,rgb_s42,ON_NEG,on/scene18/L5__s20260820__0004.png::boost_e,scene18,E,D3a,13,D,3a,0.599491,-16.4348,4.8995,62.3306,10.047,0
rgb,42,rgb_s42,ON_NEG,on/scene18/L7__s20260820__0001.png::boost_e,scene18,E,D3a,13,D,3a,0.588577,-10.1204,15.1866,63.5385,10.0506,0
rgb,42,rgb_s42,ON_NEG,on/scene18/L7__s20260820__0002.png::boost_e,scene18,V,A3a,10,A,3a,0.801757,-9.0792,9.5062,64.1649,7.1883,0
rgb,42,rgb_s42,ON_NEG,on/scene07/L0__s20260821__0000.png::boost_e2,scene07,V,A2,5,A,2,0.526573,-9.0864,4.975,60.5839,4.6498,0
rgb,42,rgb_s42,ON_NEG,on/scene07/L0__s20260821__0000.png::boost_e2,scene07,V,B2,6,B,2,0.515258,-9.0864,4.975,60.5839,4.6498,0
rgb,42,rgb_s42,ON_NEG,on/scene07/L0__s20260821__0000.png::boost_e2,scene07,V,D2,8,D,2,0.617157,-9.0864,4.975,60.5839,4.6498,0
rgb,42,rgb_s42,ON_NEG,on/scene07/L0__s20260821__0002.png::boost_e2,scene07,H_weak,A2,5,A,2,0.56669,-11.7553,7.174,61.7523,8.5736,0
rgb,42,rgb_s42,ON_NEG,on/scene07/L0__s20260821__0002.png::boost_e2,scene07,H_weak,B2,6,B,2,0.650894,-11.7553,7.174,61.7523,8.5736,0
rgb,42,rgb_s42,ON_NEG,on/scene07/L0__s20260821__0002.png::boost_e2,scene07,H_weak,D2,8,D,2,0.56118,-11.7553,7.174,61.7523,8.5736,0
rgb,42,rgb_s42,ON_NEG,on/scene07/L0__s20260821__0002.png::boost_e2,scene07,H_weak,B3a,11,B,3a,0.90891,-11.7553,7.174,61.7523,8.5736,0
rgb,42,rgb_s42,ON_NEG,on/scene07/L0__s20260821__0002.png::boost_e2,scene07,H_weak,C3a,12,C,3a,0.972824,-11.7553,7.174,61.7523,8.5736,0
rgb,42,rgb_s42,ON_NEG,on/scene07/L0__s20260821__0002.png::boost_e2,scene07,H_weak,D3a,13,D,3a,0.740989,-11.7553,7.174,61.7523,8.5736,0
rgb,42,rgb_s42,ON_NEG,on/scene07/L0__s20260821__0003.png::boost_e2,scene07,V,B3a,11,B,3a,0.92491,-11.0113,-0.6132,62.5016,7.1387,0
rgb,42,rgb_s42,ON_NEG,on/scene07/L0__s20260821__0003.png::boost_e2,scene07,V,C3a,12,C,3a,0.991809,-11.0113,-0.6132,62.5016,7.1387,0
rgb,42,rgb_s42,ON_NEG,on/scene07/L0__s20260821__0003.png::boost_e2,scene07,V,D3a,13,D,3a,0.912478,-11.0113,-0.6132,62.5016,7.1387,0
rgb,42,rgb_s42,ON_NEG,on/scene07/L0__s20260821__0003.png::boost_e2,scene07,V,D3b,18,D,3b,0.70335,-11.0113,-0.6132,62.5016,7.1387,0
rgb,42,rgb_s42,ON_NEG,on/scene07/L0__s20260821__0004.png::boost_e2,scene07,V,C3a,12,C,3a,0.805879,-13.3275,-0.1348,64.6075,6.5636,0
rgb,42,rgb_s42,ON_NEG,on/scene07/L0__s20260821__0004.png::boost_e2,scene07,V,D3a,13,D,3a,0.565148,-13.3275,-0.1348,64.6075,6.5636,0
rgb,42,rgb_s42,ON_NEG,on/scene07/L0__s20260821__0005.png::boost_e2,scene07,V,A2,5,A,2,0.589688,-5.0214,-1.8091,62.1167,8.8712,0
rgb,42,rgb_s42,ON_NEG,on/scene07/L0__s20260821__0005.png::boost_e2,scene07,V,B2,6,B,2,0.773152,-5.0214,-1.8091,62.1167,8.8712,0
rgb,42,rgb_s42,ON_NEG,on/scene07/L0__s20260821__0005.png::boost_e2,scene07,V,C2,7,C,2,0.729866,-5.0214,-1.8091,62.1167,8.8712,0
rgb,42,rgb_s42,ON_NEG,on/scene07/L0__s20260821__0005.png::boost_e2,scene07,V,D2,8,D,2,0.745694,-5.0214,-1.8091,62.1167,8.8712,0
rgb,42,rgb_s42,ON_NEG,on/scene07/L0__s20260821__0005.png::boost_e2,scene07,V,B3a,11,B,3a,0.931604,-5.0214,-1.8091,62.1167,8.8712,0
rgb,42,rgb_s42,ON_NEG,on/scene07/L0__s20260821__0005.png::boost_e2,scene07,V,C3a,12,C,3a,0.974553,-5.0214,-1.8091,62.1167,8.8712,0
rgb,42,rgb_s42,ON_NEG,on/scene07/L0__s20260821__0005.png::boost_e2,scene07,V,D3a,13,D,3a,0.636367,-5.0214,-1.8091,62.1167,8.8712,0
rgb,42,rgb_s42,ON_NEG,on/scene07/L0__s20260821__0005.png::boost_e2,scene07,V,D3b,18,D,3b,0.688565,-5.0214,-1.8091,62.1167,8.8712,0
rgb,42,rgb_s42,ON_NEG,on/scene07/L0__s20260821__0006.png::boost_e2,scene07,V,C3a,12,C,3a,0.507007,-12.1066,0.0159,62.3073,6.0804,0
rgb,42,rgb_s42,ON_NEG,on/scene07/L0__s20260821__0007.png::boost_e2,scene07,V,D3b,18,D,3b,0.700722,-12.7675,1.6425,64.5249,4.4163,0
rgb,42,rgb_s42,ON_NEG,on/scene07/L5__s20260821__0002.png::boost_e2,scene07,H_weak,B3a,11,B,3a,0.576405,-11.7553,7.174,61.7523,8.5736,0
rgb,42,rgb_s42,ON_NEG,on/scene07/L5__s20260821__0002.png::boost_e2,scene07,H_weak,C3a,12,C,3a,0.835301,-11.7553,7.174,61.7523,8.5736,0
rgb,42,rgb_s42,ON_NEG,on/scene07/L5__s20260821__0003.png::boost_e2,scene07,V,C3a,12,C,3a,0.615778,-11.0113,-0.6132,62.5016,7.1387,0
rgb,42,rgb_s42,ON_NEG,on/scene07/L5__s20260821__0005.png::boost_e2,scene07,V,B3a,11,B,3a,0.728885,-5.0214,-1.8091,62.1167,8.8712,0
rgb,42,rgb_s42,ON_NEG,on/scene07/L5__s20260821__0005.png::boost_e2,scene07,V,C3a,12,C,3a,0.945292,-5.0214,-1.8091,62.1167,8.8712,0
rgb,42,rgb_s42,ON_NEG,on/scene07/L5__s20260821__0005.png::boost_e2,scene07,V,D3a,13,D,3a,0.609017,-5.0214,-1.8091,62.1167,8.8712,0
rgb,42,rgb_s42,ON_NEG,on/scene07/L5__s20260821__0005.png::boost_e2,scene07,V,D3b,18,D,3b,0.792675,-5.0214,-1.8091,62.1167,8.8712,0
rgb,42,rgb_s42,ON_NEG,on/scene07/L7__s20260821__0002.png::boost_e2,scene07,H_weak,C3a,12,C,3a,0.815743,-11.7553,7.174,61.7523,8.5736,0
rgb,42,rgb_s42,ON_NEG,on/scene07/L7__s20260821__0003.png::boost_e2,scene07,V,C3a,12,C,3a,0.926463,-11.0113,-0.6132,62.5016,7.1387,0
rgb,42,rgb_s42,ON_NEG,on/scene07/L7__s20260821__0003.png::boost_e2,scene07,V,D3a,13,D,3a,0.681465,-11.0113,-0.6132,62.5016,7.1387,0
rgb,42,rgb_s42,ON_NEG,on/scene07/L7__s20260821__0005.png::boost_e2,scene07,V,B3a,11,B,3a,0.527835,-5.0214,-1.8091,62.1167,8.8712,0
rgb,42,rgb_s42,ON_NEG,on/scene07/L7__s20260821__0005.png::boost_e2,scene07,V,C3a,12,C,3a,0.881878,-5.0214,-1.8091,62.1167,8.8712,0
rgb,42,rgb_s42,ON_NEG,on/scene18/L0__s20260821__0002.png::boost_e2,scene18,E,B2,6,B,2,0.559773,-8.9683,14.9838,61.9861,5.8493,0
rgb,42,rgb_s42,ON_NEG,on/scene18/L0__s20260821__0002.png::boost_e2,scene18,E,C2,7,C,2,0.599147,-8.9683,14.9838,61.9861,5.8493,0
rgb,42,rgb_s42,ON_NEG,on/scene18/L0__s20260821__0002.png::boost_e2,scene18,E,D2,8,D,2,0.706953,-8.9683,14.9838,61.9861,5.8493,0
rgb,42,rgb_s42,ON_NEG,on/scene18/L0__s20260821__0002.png::boost_e2,scene18,E,E2,9,E,2,0.53957,-8.9683,14.9838,61.9861,5.8493,0
rgb,42,rgb_s42,ON_NEG,on/scene18/L0__s20260821__0003.png::boost_e2,scene18,E,A3a,10,A,3a,0.568376,-11.9451,-8.9088,61.9543,8.2439,0
rgb,42,rgb_s42,ON_NEG,on/scene18/L0__s20260821__0003.png::boost_e2,scene18,E,B3a,11,B,3a,0.578348,-11.9451,-8.9088,61.9543,8.2439,0
rgb,42,rgb_s42,ON_NEG,on/scene18/L0__s20260821__0007.png::boost_e2,scene18,E,D2,8,D,2,0.515779,-10.8723,-9.5014,63.9457,6.7865,0
rgb,42,rgb_s42,ON_NEG,on/scene18/L7__s20260821__0002.png::boost_e2,scene18,E,B2,6,B,2,0.501162,-8.9683,14.9838,61.9861,5.8493,0
rgb,42,rgb_s42,ON_NEG,on/scene18/L7__s20260821__0002.png::boost_e2,scene18,E,C2,7,C,2,0.548248,-8.9683,14.9838,61.9861,5.8493,0
rgb,42,rgb_s42,ON_NEG,on/scene18/L7__s20260821__0002.png::boost_e2,scene18,E,D2,8,D,2,0.638591,-8.9683,14.9838,61.9861,5.8493,0
rgb,42,rgb_s42,ON_NEG,on/scene18/L7__s20260821__0002.png::boost_e2,scene18,E,E2,9,E,2,0.500249,-8.9683,14.9838,61.9861,5.8493,0
rgb,42,rgb_s42,ON_NEG,on/scene18/L7__s20260821__0003.png::boost_e2,scene18,E,A3a,10,A,3a,0.644174,-11.9451,-8.9088,61.9543,8.2439,0
rgb,42,rgb_s42,ON_NEG,on/scene18/L7__s20260821__0003.png::boost_e2,scene18,E,B3a,11,B,3a,0.711941,-11.9451,-8.9088,61.9543,8.2439,0
rgb,42,rgb_s42,ON_NEG,on/scene18/L7__s20260821__0003.png::boost_e2,scene18,E,C3a,12,C,3a,0.537626,-11.9451,-8.9088,61.9543,8.2439,0
rgb,42,rgb_s42,ON_NEG,on/scene18/L7__s20260821__0003.png::boost_e2,scene18,E,D3a,13,D,3a,0.531013,-11.9451,-8.9088,61.9543,8.2439,0
rgb,43,rgb_s43,OFF,off/scene05/L0__s20260819__0000.png,scene05,off,C3b,17,C,3b,0.53557,-13.6144,1.6463,62.6648,2.8577,0
rgb,43,rgb_s43,OFF,off/scene05/L0__s20260819__0001.png,scene05,off,B3b,16,B,3b,0.731639,-15.173,12.161,60.0807,9.829,0
rgb,43,rgb_s43,OFF,off/scene05/L0__s20260819__0001.png,scene05,off,C3b,17,C,3b,0.923471,-15.173,12.161,60.0807,9.829,0
rgb,43,rgb_s43,OFF,off/scene05/L0__s20260819__0001.png,scene05,off,D3b,18,D,3b,0.657208,-15.173,12.161,60.0807,9.829,0
rgb,43,rgb_s43,OFF,off/scene05/L0__s20260819__0002.png,scene05,off,B3b,16,B,3b,0.995706,-10.3814,-5.3811,61.849,10.1547,0
rgb,43,rgb_s43,OFF,off/scene05/L0__s20260819__0002.png,scene05,off,C3b,17,C,3b,0.67767,-10.3814,-5.3811,61.849,10.1547,0
rgb,43,rgb_s43,OFF,off/scene05/L0__s20260819__0002.png,scene05,off,D3b,18,D,3b,0.57852,-10.3814,-5.3811,61.849,10.1547,0
rgb,43,rgb_s43,OFF,off/scene05/L0__s20260819__0004.png,scene05,off,A3b,15,A,3b,0.612252,-12.9429,6.4312,60.6761,2.7145,0
rgb,43,rgb_s43,OFF,off/scene05/L0__s20260819__0004.png,scene05,off,B3b,16,B,3b,0.896253,-12.9429,6.4312,60.6761,2.7145,0
rgb,43,rgb_s43,OFF,off/scene05/L0__s20260819__0004.png,scene05,off,C3b,17,C,3b,0.88655,-12.9429,6.4312,60.6761,2.7145,0
rgb,43,rgb_s43,OFF,off/scene05/L0__s20260819__0004.png,scene05,off,D3b,18,D,3b,0.615766,-12.9429,6.4312,60.6761,2.7145,0
rgb,43,rgb_s43,OFF,off/scene05/L0__s20260819__0005.png,scene05,off,B3b,16,B,3b,0.854471,-7.0259,1.6918,62.8815,1.4988,0
rgb,43,rgb_s43,OFF,off/scene05/L0__s20260819__0005.png,scene05,off,C3b,17,C,3b,0.682962,-7.0259,1.6918,62.8815,1.4988,0
rgb,43,rgb_s43,OFF,off/scene05/L0__s20260819__0006.png,scene05,off,A3b,15,A,3b,0.991427,-7.598,-3.6478,63.1397,4.3849,0
rgb,43,rgb_s43,OFF,off/scene05/L0__s20260819__0006.png,scene05,off,B3b,16,B,3b,0.999743,-7.598,-3.6478,63.1397,4.3849,0
rgb,43,rgb_s43,OFF,off/scene05/L0__s20260819__0006.png,scene05,off,C3b,17,C,3b,0.987072,-7.598,-3.6478,63.1397,4.3849,0
rgb,43,rgb_s43,OFF,off/scene05/L0__s20260819__0006.png,scene05,off,D3b,18,D,3b,0.824379,-7.598,-3.6478,63.1397,4.3849,0
rgb,43,rgb_s43,OFF,off/scene05/L0__s20260819__0007.png,scene05,off,B3b,16,B,3b,0.957183,-11.0887,-6.1282,60.9132,3.4946,0
rgb,43,rgb_s43,OFF,off/scene05/L0__s20260819__0007.png,scene05,off,C3b,17,C,3b,0.838187,-11.0887,-6.1282,60.9132,3.4946,0
rgb,43,rgb_s43,OFF,off/scene05/L5__s20260819__0001.png,scene05,off,A3b,15,A,3b,0.870511,-15.173,12.161,60.0807,9.829,0
rgb,43,rgb_s43,OFF,off/scene05/L5__s20260819__0001.png,scene05,off,B3b,16,B,3b,0.994106,-15.173,12.161,60.0807,9.829,0
rgb,43,rgb_s43,OFF,off/scene05/L5__s20260819__0001.png,scene05,off,C3b,17,C,3b,0.992906,-15.173,12.161,60.0807,9.829,0
rgb,43,rgb_s43,OFF,off/scene05/L5__s20260819__0001.png,scene05,off,D3b,18,D,3b,0.654573,-15.173,12.161,60.0807,9.829,0
rgb,43,rgb_s43,OFF,off/scene05/L5__s20260819__0002.png,scene05,off,A3b,15,A,3b,0.506934,-10.3814,-5.3811,61.849,10.1547,0
rgb,43,rgb_s43,OFF,off/scene05/L5__s20260819__0002.png,scene05,off,B3b,16,B,3b,0.997751,-10.3814,-5.3811,61.849,10.1547,0
rgb,43,rgb_s43,OFF,off/scene05/L5__s20260819__0002.png,scene05,off,C3b,17,C,3b,0.90939,-10.3814,-5.3811,61.849,10.1547,0
rgb,43,rgb_s43,OFF,off/scene05/L5__s20260819__0002.png,scene05,off,D3b,18,D,3b,0.746552,-10.3814,-5.3811,61.849,10.1547,0
rgb,43,rgb_s43,OFF,off/scene05/L5__s20260819__0005.png,scene05,off,B3b,16,B,3b,0.979216,-7.0259,1.6918,62.8815,1.4988,0
rgb,43,rgb_s43,OFF,off/scene05/L5__s20260819__0005.png,scene05,off,C3b,17,C,3b,0.974075,-7.0259,1.6918,62.8815,1.4988,0
rgb,43,rgb_s43,OFF,off/scene05/L5__s20260819__0005.png,scene05,off,D3b,18,D,3b,0.936583,-7.0259,1.6918,62.8815,1.4988,0
rgb,43,rgb_s43,OFF,off/scene05/L5__s20260819__0006.png,scene05,off,A3b,15,A,3b,0.968569,-7.598,-3.6478,63.1397,4.3849,0
rgb,43,rgb_s43,OFF,off/scene05/L5__s20260819__0006.png,scene05,off,B3b,16,B,3b,0.998805,-7.598,-3.6478,63.1397,4.3849,0
rgb,43,rgb_s43,OFF,off/scene05/L5__s20260819__0006.png,scene05,off,C3b,17,C,3b,0.976517,-7.598,-3.6478,63.1397,4.3849,0
rgb,43,rgb_s43,OFF,off/scene05/L5__s20260819__0006.png,scene05,off,D3b,18,D,3b,0.62325,-7.598,-3.6478,63.1397,4.3849,0
rgb,43,rgb_s43,OFF,off/scene05/L5__s20260819__0007.png,scene05,off,A3b,15,A,3b,0.614278,-11.0887,-6.1282,60.9132,3.4946,0
rgb,43,rgb_s43,OFF,off/scene05/L5__s20260819__0007.png,scene05,off,B3b,16,B,3b,0.987848,-11.0887,-6.1282,60.9132,3.4946,0
rgb,43,rgb_s43,OFF,off/scene05/L5__s20260819__0007.png,scene05,off,C3b,17,C,3b,0.968612,-11.0887,-6.1282,60.9132,3.4946,0
rgb,43,rgb_s43,OFF,off/scene05/L7__s20260819__0001.png,scene05,off,B3b,16,B,3b,0.827615,-15.173,12.161,60.0807,9.829,0
rgb,43,rgb_s43,OFF,off/scene05/L7__s20260819__0001.png,scene05,off,C3b,17,C,3b,0.931059,-15.173,12.161,60.0807,9.829,0
rgb,43,rgb_s43,OFF,off/scene05/L7__s20260819__0001.png,scene05,off,D3b,18,D,3b,0.567628,-15.173,12.161,60.0807,9.829,0
rgb,43,rgb_s43,OFF,off/scene05/L7__s20260819__0002.png,scene05,off,B3b,16,B,3b,0.971388,-10.3814,-5.3811,61.849,10.1547,0
rgb,43,rgb_s43,OFF,off/scene05/L7__s20260819__0002.png,scene05,off,C3b,17,C,3b,0.591692,-10.3814,-5.3811,61.849,10.1547,0
rgb,43,rgb_s43,OFF,off/scene05/L7__s20260819__0003.png,scene05,off,B3b,16,B,3b,0.533172,-16.5946,2.3699,62.213,5.261,0
rgb,43,rgb_s43,OFF,off/scene05/L7__s20260819__0004.png,scene05,off,A3b,15,A,3b,0.843137,-12.9429,6.4312,60.6761,2.7145,0
rgb,43,rgb_s43,OFF,off/scene05/L7__s20260819__0004.png,scene05,off,B3b,16,B,3b,0.970536,-12.9429,6.4312,60.6761,2.7145,0
rgb,43,rgb_s43,OFF,off/scene05/L7__s20260819__0004.png,scene05,off,C3b,17,C,3b,0.944438,-12.9429,6.4312,60.6761,2.7145,0
rgb,43,rgb_s43,OFF,off/scene05/L7__s20260819__0004.png,scene05,off,D3b,18,D,3b,0.678321,-12.9429,6.4312,60.6761,2.7145,0
rgb,43,rgb_s43,OFF,off/scene05/L7__s20260819__0005.png,scene05,off,B3b,16,B,3b,0.959855,-7.0259,1.6918,62.8815,1.4988,0
rgb,43,rgb_s43,OFF,off/scene05/L7__s20260819__0005.png,scene05,off,C3b,17,C,3b,0.841408,-7.0259,1.6918,62.8815,1.4988,0
rgb,43,rgb_s43,OFF,off/scene05/L7__s20260819__0006.png,scene05,off,A3b,15,A,3b,0.970015,-7.598,-3.6478,63.1397,4.3849,0
rgb,43,rgb_s43,OFF,off/scene05/L7__s20260819__0006.png,scene05,off,B3b,16,B,3b,0.998953,-7.598,-3.6478,63.1397,4.3849,0
rgb,43,rgb_s43,OFF,off/scene05/L7__s20260819__0006.png,scene05,off,C3b,17,C,3b,0.971508,-7.598,-3.6478,63.1397,4.3849,0
rgb,43,rgb_s43,OFF,off/scene05/L7__s20260819__0007.png,scene05,off,B3b,16,B,3b,0.941857,-11.0887,-6.1282,60.9132,3.4946,0
rgb,43,rgb_s43,OFF,off/scene05/L7__s20260819__0007.png,scene05,off,C3b,17,C,3b,0.791925,-11.0887,-6.1282,60.9132,3.4946,0
rgb,43,rgb_s43,OFF,off/scene07/L0__s20260819__0006.png,scene07,off,B3b,16,B,3b,0.730321,-3.7993,3.5452,60.5677,1.5559,0
rgb,43,rgb_s43,OFF,off/scene07/L0__s20260819__0006.png,scene07,off,C3b,17,C,3b,0.606022,-3.7993,3.5452,60.5677,1.5559,0
rgb,43,rgb_s43,OFF,off/scene07/L0__s20260819__0007.png,scene07,off,B3b,16,B,3b,0.570474,-9.7299,-3.7756,59.9335,3.9995,0
rgb,43,rgb_s43,OFF,off/scene07/L7__s20260819__0001.png,scene07,off,A3b,15,A,3b,0.549726,-12.4971,7.4345,61.4783,11.6559,0
rgb,43,rgb_s43,OFF,off/scene07/L7__s20260819__0001.png,scene07,off,B3b,16,B,3b,0.762498,-12.4971,7.4345,61.4783,11.6559,0
rgb,43,rgb_s43,OFF,off/scene07/L7__s20260819__0001.png,scene07,off,C3b,17,C,3b,0.5936,-12.4971,7.4345,61.4783,11.6559,0
rgb,43,rgb_s43,OFF,off/scene07/L7__s20260819__0001.png,scene07,off,D3b,18,D,3b,0.5678,-12.4971,7.4345,61.4783,11.6559,0
rgb,43,rgb_s43,OFF,off/scene14/L0__s20260819__0000.png,scene14,off,A3b,15,A,3b,0.768069,-9.8586,1.429,61.6578,4.7439,0
rgb,43,rgb_s43,OFF,off/scene14/L0__s20260819__0000.png,scene14,off,B3b,16,B,3b,0.915001,-9.8586,1.429,61.6578,4.7439,0
rgb,43,rgb_s43,OFF,off/scene14/L0__s20260819__0000.png,scene14,off,C3b,17,C,3b,0.91964,-9.8586,1.429,61.6578,4.7439,0
rgb,43,rgb_s43,OFF,off/scene14/L0__s20260819__0000.png,scene14,off,D3b,18,D,3b,0.679704,-9.8586,1.429,61.6578,4.7439,0
rgb,43,rgb_s43,OFF,off/scene14/L0__s20260819__0003.png,scene14,off,A3a,10,A,3a,0.658424,-3.2277,7.0829,62.9059,4.594,0
rgb,43,rgb_s43,OFF,off/scene14/L0__s20260819__0003.png,scene14,off,B3a,11,B,3a,0.609251,-3.2277,7.0829,62.9059,4.594,0
rgb,43,rgb_s43,OFF,off/scene14/L0__s20260819__0003.png,scene14,off,D3a,13,D,3a,0.806552,-3.2277,7.0829,62.9059,4.594,0
rgb,43,rgb_s43,OFF,off/scene14/L0__s20260819__0003.png,scene14,off,A3b,15,A,3b,0.732658,-3.2277,7.0829,62.9059,4.594,0
rgb,43,rgb_s43,OFF,off/scene14/L0__s20260819__0003.png,scene14,off,B3b,16,B,3b,0.814326,-3.2277,7.0829,62.9059,4.594,0
rgb,43,rgb_s43,OFF,off/scene14/L0__s20260819__0003.png,scene14,off,C3b,17,C,3b,0.720624,-3.2277,7.0829,62.9059,4.594,0
rgb,43,rgb_s43,OFF,off/scene14/L0__s20260819__0003.png,scene14,off,D3b,18,D,3b,0.86426,-3.2277,7.0829,62.9059,4.594,0
rgb,43,rgb_s43,OFF,off/scene14/L0__s20260819__0003.png,scene14,off,E3b,19,E,3b,0.556786,-3.2277,7.0829,62.9059,4.594,0
rgb,43,rgb_s43,OFF,off/scene14/L0__s20260819__0004.png,scene14,off,A3b,15,A,3b,0.53416,-9.4161,-17.2604,60.9456,8.4208,0
rgb,43,rgb_s43,OFF,off/scene14/L0__s20260819__0004.png,scene14,off,B3b,16,B,3b,0.579687,-9.4161,-17.2604,60.9456,8.4208,0
rgb,43,rgb_s43,OFF,off/scene14/L0__s20260819__0005.png,scene14,off,B3a,11,B,3a,0.669704,-11.6875,3.1562,60.5808,4.4487,0
rgb,43,rgb_s43,OFF,off/scene14/L0__s20260819__0005.png,scene14,off,D3a,13,D,3a,0.927708,-11.6875,3.1562,60.5808,4.4487,0
rgb,43,rgb_s43,OFF,off/scene14/L0__s20260819__0005.png,scene14,off,A3b,15,A,3b,0.740925,-11.6875,3.1562,60.5808,4.4487,0
rgb,43,rgb_s43,OFF,off/scene14/L0__s20260819__0005.png,scene14,off,B3b,16,B,3b,0.926458,-11.6875,3.1562,60.5808,4.4487,0
rgb,43,rgb_s43,OFF,off/scene14/L0__s20260819__0005.png,scene14,off,C3b,17,C,3b,0.915312,-11.6875,3.1562,60.5808,4.4487,0
rgb,43,rgb_s43,OFF,off/scene14/L0__s20260819__0005.png,scene14,off,D3b,18,D,3b,0.914894,-11.6875,3.1562,60.5808,4.4487,0
rgb,43,rgb_s43,OFF,off/scene14/L0__s20260819__0006.png,scene14,off,B3b,16,B,3b,0.60871,-10.0252,-0.1653,61.7917,6.5633,0
rgb,43,rgb_s43,OFF,off/scene14/L0__s20260819__0007.png,scene14,off,A3b,15,A,3b,0.58951,-8.8174,0.2988,62.6318,4.9665,0
rgb,43,rgb_s43,OFF,off/scene14/L0__s20260819__0007.png,scene14,off,B3b,16,B,3b,0.883277,-8.8174,0.2988,62.6318,4.9665,0
rgb,43,rgb_s43,OFF,off/scene14/L0__s20260819__0007.png,scene14,off,C3b,17,C,3b,0.847591,-8.8174,0.2988,62.6318,4.9665,0
rgb,43,rgb_s43,OFF,off/scene14/L0__s20260819__0007.png,scene14,off,D3b,18,D,3b,0.789685,-8.8174,0.2988,62.6318,4.9665,0
rgb,43,rgb_s43,OFF,off/scene14/L5__s20260819__0000.png,scene14,off,B3b,16,B,3b,0.565157,-9.8586,1.429,61.6578,4.7439,0
rgb,43,rgb_s43,OFF,off/scene14/L5__s20260819__0000.png,scene14,off,C3b,17,C,3b,0.698236,-9.8586,1.429,61.6578,4.7439,0
rgb,43,rgb_s43,OFF,off/scene14/L5__s20260819__0003.png,scene14,off,A3a,10,A,3a,0.665893,-3.2277,7.0829,62.9059,4.594,0
rgb,43,rgb_s43,OFF,off/scene14/L5__s20260819__0003.png,scene14,off,B3a,11,B,3a,0.87205,-3.2277,7.0829,62.9059,4.594,0
rgb,43,rgb_s43,OFF,off/scene14/L5__s20260819__0003.png,scene14,off,D3a,13,D,3a,0.971284,-3.2277,7.0829,62.9059,4.594,0
rgb,43,rgb_s43,OFF,off/scene14/L5__s20260819__0003.png,scene14,off,E3a,14,E,3a,0.755836,-3.2277,7.0829,62.9059,4.594,0
rgb,43,rgb_s43,OFF,off/scene14/L5__s20260819__0003.png,scene14,off,A3b,15,A,3b,0.735386,-3.2277,7.0829,62.9059,4.594,0
rgb,43,rgb_s43,OFF,off/scene14/L5__s20260819__0003.png,scene14,off,B3b,16,B,3b,0.826562,-3.2277,7.0829,62.9059,4.594,0
rgb,43,rgb_s43,OFF,off/scene14/L5__s20260819__0003.png,scene14,off,C3b,17,C,3b,0.86653,-3.2277,7.0829,62.9059,4.594,0
rgb,43,rgb_s43,OFF,off/scene14/L5__s20260819__0003.png,scene14,off,D3b,18,D,3b,0.96676,-3.2277,7.0829,62.9059,4.594,0
rgb,43,rgb_s43,OFF,off/scene14/L5__s20260819__0003.png,scene14,off,E3b,19,E,3b,0.82554,-3.2277,7.0829,62.9059,4.594,0
rgb,43,rgb_s43,OFF,off/scene14/L5__s20260819__0004.png,scene14,off,B3b,16,B,3b,0.732301,-9.4161,-17.2604,60.9456,8.4208,0
rgb,43,rgb_s43,OFF,off/scene14/L5__s20260819__0005.png,scene14,off,A3a,10,A,3a,0.571306,-11.6875,3.1562,60.5808,4.4487,0
rgb,43,rgb_s43,OFF,off/scene14/L5__s20260819__0005.png,scene14,off,B3a,11,B,3a,0.894075,-11.6875,3.1562,60.5808,4.4487,0
rgb,43,rgb_s43,OFF,off/scene14/L5__s20260819__0005.png,scene14,off,C3a,12,C,3a,0.755589,-11.6875,3.1562,60.5808,4.4487,0
rgb,43,rgb_s43,OFF,off/scene14/L5__s20260819__0005.png,scene14,off,D3a,13,D,3a,0.969024,-11.6875,3.1562,60.5808,4.4487,0
rgb,43,rgb_s43,OFF,off/scene14/L5__s20260819__0005.png,scene14,off,A3b,15,A,3b,0.893079,-11.6875,3.1562,60.5808,4.4487,0
rgb,43,rgb_s43,OFF,off/scene14/L5__s20260819__0005.png,scene14,off,B3b,16,B,3b,0.970411,-11.6875,3.1562,60.5808,4.4487,0
rgb,43,rgb_s43,OFF,off/scene14/L5__s20260819__0005.png,scene14,off,C3b,17,C,3b,0.975814,-11.6875,3.1562,60.5808,4.4487,0
rgb,43,rgb_s43,OFF,off/scene14/L5__s20260819__0005.png,scene14,off,D3b,18,D,3b,0.946851,-11.6875,3.1562,60.5808,4.4487,0
rgb,43,rgb_s43,OFF,off/scene14/L5__s20260819__0005.png,scene14,off,E3b,19,E,3b,0.614155,-11.6875,3.1562,60.5808,4.4487,0
rgb,43,rgb_s43,OFF,off/scene14/L5__s20260819__0006.png,scene14,off,B3b,16,B,3b,0.649369,-10.0252,-0.1653,61.7917,6.5633,0
rgb,43,rgb_s43,OFF,off/scene14/L5__s20260819__0007.png,scene14,off,A3b,15,A,3b,0.585459,-8.8174,0.2988,62.6318,4.9665,0
rgb,43,rgb_s43,OFF,off/scene14/L5__s20260819__0007.png,scene14,off,B3b,16,B,3b,0.930729,-8.8174,0.2988,62.6318,4.9665,0
rgb,43,rgb_s43,OFF,off/scene14/L5__s20260819__0007.png,scene14,off,C3b,17,C,3b,0.873865,-8.8174,0.2988,62.6318,4.9665,0
rgb,43,rgb_s43,OFF,off/scene14/L5__s20260819__0007.png,scene14,off,D3b,18,D,3b,0.908766,-8.8174,0.2988,62.6318,4.9665,0
rgb,43,rgb_s43,OFF,off/scene14/L7__s20260819__0000.png,scene14,off,B3a,11,B,3a,0.54955,-9.8586,1.429,61.6578,4.7439,0
rgb,43,rgb_s43,OFF,off/scene14/L7__s20260819__0000.png,scene14,off,A3b,15,A,3b,0.649477,-9.8586,1.429,61.6578,4.7439,0
rgb,43,rgb_s43,OFF,off/scene14/L7__s20260819__0000.png,scene14,off,B3b,16,B,3b,0.875668,-9.8586,1.429,61.6578,4.7439,0
rgb,43,rgb_s43,OFF,off/scene14/L7__s20260819__0000.png,scene14,off,C3b,17,C,3b,0.870984,-9.8586,1.429,61.6578,4.7439,0
rgb,43,rgb_s43,OFF,off/scene14/L7__s20260819__0000.png,scene14,off,D3b,18,D,3b,0.813526,-9.8586,1.429,61.6578,4.7439,0
rgb,43,rgb_s43,OFF,off/scene14/L7__s20260819__0003.png,scene14,off,D3a,13,D,3a,0.560533,-3.2277,7.0829,62.9059,4.594,0
rgb,43,rgb_s43,OFF,off/scene14/L7__s20260819__0003.png,scene14,off,D3b,18,D,3b,0.708131,-3.2277,7.0829,62.9059,4.594,0
rgb,43,rgb_s43,OFF,off/scene14/L7__s20260819__0005.png,scene14,off,B3a,11,B,3a,0.709329,-11.6875,3.1562,60.5808,4.4487,0
rgb,43,rgb_s43,OFF,off/scene14/L7__s20260819__0005.png,scene14,off,D3a,13,D,3a,0.908645,-11.6875,3.1562,60.5808,4.4487,0
rgb,43,rgb_s43,OFF,off/scene14/L7__s20260819__0005.png,scene14,off,A3b,15,A,3b,0.558853,-11.6875,3.1562,60.5808,4.4487,0
rgb,43,rgb_s43,OFF,off/scene14/L7__s20260819__0005.png,scene14,off,B3b,16,B,3b,0.769214,-11.6875,3.1562,60.5808,4.4487,0
rgb,43,rgb_s43,OFF,off/scene14/L7__s20260819__0005.png,scene14,off,C3b,17,C,3b,0.906959,-11.6875,3.1562,60.5808,4.4487,0
rgb,43,rgb_s43,OFF,off/scene14/L7__s20260819__0005.png,scene14,off,D3b,18,D,3b,0.943445,-11.6875,3.1562,60.5808,4.4487,0
rgb,43,rgb_s43,OFF,off/scene14/L7__s20260819__0005.png,scene14,off,E3b,19,E,3b,0.604884,-11.6875,3.1562,60.5808,4.4487,0
rgb,43,rgb_s43,OFF,off/scene14/L7__s20260819__0007.png,scene14,off,A3b,15,A,3b,0.600659,-8.8174,0.2988,62.6318,4.9665,0
rgb,43,rgb_s43,OFF,off/scene14/L7__s20260819__0007.png,scene14,off,B3b,16,B,3b,0.867379,-8.8174,0.2988,62.6318,4.9665,0
rgb,43,rgb_s43,OFF,off/scene14/L7__s20260819__0007.png,scene14,off,C3b,17,C,3b,0.647621,-8.8174,0.2988,62.6318,4.9665,0
rgb,43,rgb_s43,OFF,off/scene14/L7__s20260819__0007.png,scene14,off,D3b,18,D,3b,0.799313,-8.8174,0.2988,62.6318,4.9665,0
rgb,43,rgb_s43,OFF,off/scene15/L0__s20260819__0001.png,scene15,off,B3b,16,B,3b,0.877398,-7.5218,-9.2458,61.8359,1.858,0
rgb,43,rgb_s43,OFF,off/scene15/L0__s20260819__0001.png,scene15,off,C3b,17,C,3b,0.917907,-7.5218,-9.2458,61.8359,1.858,0
rgb,43,rgb_s43,OFF,off/scene15/L0__s20260819__0001.png,scene15,off,D3b,18,D,3b,0.820364,-7.5218,-9.2458,61.8359,1.858,0
rgb,43,rgb_s43,OFF,off/scene15/L0__s20260819__0002.png,scene15,off,B3b,16,B,3b,0.584503,-8.4908,3.1991,65.8023,4.6673,0
rgb,43,rgb_s43,OFF,off/scene15/L0__s20260819__0002.png,scene15,off,C3b,17,C,3b,0.639334,-8.4908,3.1991,65.8023,4.6673,0
rgb,43,rgb_s43,OFF,off/scene15/L0__s20260819__0003.png,scene15,off,A2,5,A,2,0.745222,-13.9162,-3.4361,63.7846,1.3693,0
rgb,43,rgb_s43,OFF,off/scene15/L0__s20260819__0003.png,scene15,off,B3a,11,B,3a,0.596859,-13.9162,-3.4361,63.7846,1.3693,0
rgb,43,rgb_s43,OFF,off/scene15/L0__s20260819__0003.png,scene15,off,B3b,16,B,3b,0.903291,-13.9162,-3.4361,63.7846,1.3693,0
rgb,43,rgb_s43,OFF,off/scene15/L0__s20260819__0003.png,scene15,off,C3b,17,C,3b,0.920588,-13.9162,-3.4361,63.7846,1.3693,0
rgb,43,rgb_s43,OFF,off/scene15/L0__s20260819__0004.png,scene15,off,B3b,16,B,3b,0.683072,-11.0394,5.5473,63.0915,5.5065,0
rgb,43,rgb_s43,OFF,off/scene15/L0__s20260819__0004.png,scene15,off,C3b,17,C,3b,0.588173,-11.0394,5.5473,63.0915,5.5065,0
rgb,43,rgb_s43,OFF,off/scene15/L0__s20260819__0004.png,scene15,off,D3b,18,D,3b,0.549231,-11.0394,5.5473,63.0915,5.5065,0
rgb,43,rgb_s43,OFF,off/scene15/L0__s20260819__0005.png,scene15,off,A2,5,A,2,0.575401,-12.9205,6.4099,63.9932,3.0224,0
rgb,43,rgb_s43,OFF,off/scene15/L0__s20260819__0005.png,scene15,off,B3a,11,B,3a,0.696971,-12.9205,6.4099,63.9932,3.0224,0
rgb,43,rgb_s43,OFF,off/scene15/L0__s20260819__0005.png,scene15,off,C3a,12,C,3a,0.620464,-12.9205,6.4099,63.9932,3.0224,0
rgb,43,rgb_s43,OFF,off/scene15/L0__s20260819__0005.png,scene15,off,D3a,13,D,3a,0.618086,-12.9205,6.4099,63.9932,3.0224,0
rgb,43,rgb_s43,OFF,off/scene15/L0__s20260819__0005.png,scene15,off,B3b,16,B,3b,0.951182,-12.9205,6.4099,63.9932,3.0224,0
rgb,43,rgb_s43,OFF,off/scene15/L0__s20260819__0005.png,scene15,off,C3b,17,C,3b,0.963982,-12.9205,6.4099,63.9932,3.0224,0
rgb,43,rgb_s43,OFF,off/scene15/L0__s20260819__0005.png,scene15,off,D3b,18,D,3b,0.797449,-12.9205,6.4099,63.9932,3.0224,0
rgb,43,rgb_s43,OFF,off/scene15/L0__s20260819__0006.png,scene15,off,A2,5,A,2,0.530689,-9.1914,-18.2162,60.3765,2.2421,0
rgb,43,rgb_s43,OFF,off/scene15/L0__s20260819__0006.png,scene15,off,B3b,16,B,3b,0.874778,-9.1914,-18.2162,60.3765,2.2421,0
rgb,43,rgb_s43,OFF,off/scene15/L0__s20260819__0006.png,scene15,off,C3b,17,C,3b,0.785113,-9.1914,-18.2162,60.3765,2.2421,0
rgb,43,rgb_s43,OFF,off/scene15/L0__s20260819__0007.png,scene15,off,B3b,16,B,3b,0.590895,-15.2404,1.5985,63.4015,5.1525,0
rgb,43,rgb_s43,OFF,off/scene15/L0__s20260819__0007.png,scene15,off,C3b,17,C,3b,0.555596,-15.2404,1.5985,63.4015,5.1525,0
rgb,43,rgb_s43,OFF,off/scene15/L0__s20260819__0007.png,scene15,off,D3b,18,D,3b,0.518813,-15.2404,1.5985,63.4015,5.1525,0
rgb,43,rgb_s43,OFF,off/scene15/L4__s20260819__0000.png,scene15,off,B3b,16,B,3b,0.564093,-6.6317,-4.2143,61.8616,9.9031,0
rgb,43,rgb_s43,OFF,off/scene15/L4__s20260819__0001.png,scene15,off,B3b,16,B,3b,0.896641,-7.5218,-9.2458,61.8359,1.858,0
rgb,43,rgb_s43,OFF,off/scene15/L4__s20260819__0001.png,scene15,off,C3b,17,C,3b,0.545837,-7.5218,-9.2458,61.8359,1.858,0
rgb,43,rgb_s43,OFF,off/scene15/L4__s20260819__0001.png,scene15,off,D3b,18,D,3b,0.630744,-7.5218,-9.2458,61.8359,1.858,0
rgb,43,rgb_s43,OFF,off/scene15/L4__s20260819__0002.png,scene15,off,B3b,16,B,3b,0.727724,-8.4908,3.1991,65.8023,4.6673,0
rgb,43,rgb_s43,OFF,off/scene15/L4__s20260819__0002.png,scene15,off,C3b,17,C,3b,0.736042,-8.4908,3.1991,65.8023,4.6673,0
rgb,43,rgb_s43,OFF,off/scene15/L4__s20260819__0002.png,scene15,off,D3b,18,D,3b,0.534991,-8.4908,3.1991,65.8023,4.6673,0
rgb,43,rgb_s43,OFF,off/scene15/L4__s20260819__0003.png,scene15,off,B3b,16,B,3b,0.83887,-13.9162,-3.4361,63.7846,1.3693,0
rgb,43,rgb_s43,OFF,off/scene15/L4__s20260819__0003.png,scene15,off,C3b,17,C,3b,0.91534,-13.9162,-3.4361,63.7846,1.3693,0
rgb,43,rgb_s43,OFF,off/scene15/L4__s20260819__0004.png,scene15,off,B3b,16,B,3b,0.682996,-11.0394,5.5473,63.0915,5.5065,0
rgb,43,rgb_s43,OFF,off/scene15/L4__s20260819__0004.png,scene15,off,C3b,17,C,3b,0.584091,-11.0394,5.5473,63.0915,5.5065,0
rgb,43,rgb_s43,OFF,off/scene15/L4__s20260819__0004.png,scene15,off,D3b,18,D,3b,0.565445,-11.0394,5.5473,63.0915,5.5065,0
rgb,43,rgb_s43,OFF,off/scene15/L4__s20260819__0005.png,scene15,off,D3a,13,D,3a,0.57396,-12.9205,6.4099,63.9932,3.0224,0
rgb,43,rgb_s43,OFF,off/scene15/L4__s20260819__0005.png,scene15,off,B3b,16,B,3b,0.642425,-12.9205,6.4099,63.9932,3.0224,0
rgb,43,rgb_s43,OFF,off/scene15/L4__s20260819__0005.png,scene15,off,C3b,17,C,3b,0.841863,-12.9205,6.4099,63.9932,3.0224,0
rgb,43,rgb_s43,OFF,off/scene15/L4__s20260819__0005.png,scene15,off,D3b,18,D,3b,0.74451,-12.9205,6.4099,63.9932,3.0224,0
rgb,43,rgb_s43,OFF,off/scene15/L4__s20260819__0006.png,scene15,off,B3b,16,B,3b,0.744967,-9.1914,-18.2162,60.3765,2.2421,0
rgb,43,rgb_s43,OFF,off/scene15/L4__s20260819__0006.png,scene15,off,C3b,17,C,3b,0.634059,-9.1914,-18.2162,60.3765,2.2421,0
rgb,43,rgb_s43,OFF,off/scene15/L4__s20260819__0007.png,scene15,off,B3b,16,B,3b,0.563362,-15.2404,1.5985,63.4015,5.1525,0
rgb,43,rgb_s43,OFF,off/scene15/L4__s20260819__0007.png,scene15,off,D3b,18,D,3b,0.521823,-15.2404,1.5985,63.4015,5.1525,0
rgb,43,rgb_s43,OFF,off/scene15/L7__s20260819__0000.png,scene15,off,B3b,16,B,3b,0.540162,-6.6317,-4.2143,61.8616,9.9031,0
rgb,43,rgb_s43,OFF,off/scene15/L7__s20260819__0001.png,scene15,off,B3b,16,B,3b,0.909894,-7.5218,-9.2458,61.8359,1.858,0
rgb,43,rgb_s43,OFF,off/scene15/L7__s20260819__0001.png,scene15,off,C3b,17,C,3b,0.78184,-7.5218,-9.2458,61.8359,1.858,0
rgb,43,rgb_s43,OFF,off/scene15/L7__s20260819__0001.png,scene15,off,D3b,18,D,3b,0.755974,-7.5218,-9.2458,61.8359,1.858,0
rgb,43,rgb_s43,OFF,off/scene15/L7__s20260819__0002.png,scene15,off,B3b,16,B,3b,0.701265,-8.4908,3.1991,65.8023,4.6673,0
rgb,43,rgb_s43,OFF,off/scene15/L7__s20260819__0002.png,scene15,off,C3b,17,C,3b,0.659962,-8.4908,3.1991,65.8023,4.6673,0
rgb,43,rgb_s43,OFF,off/scene15/L7__s20260819__0003.png,scene15,off,B3b,16,B,3b,0.728724,-13.9162,-3.4361,63.7846,1.3693,0
rgb,43,rgb_s43,OFF,off/scene15/L7__s20260819__0003.png,scene15,off,C3b,17,C,3b,0.847493,-13.9162,-3.4361,63.7846,1.3693,0
rgb,43,rgb_s43,OFF,off/scene15/L7__s20260819__0004.png,scene15,off,B3b,16,B,3b,0.763368,-11.0394,5.5473,63.0915,5.5065,0
rgb,43,rgb_s43,OFF,off/scene15/L7__s20260819__0004.png,scene15,off,C3b,17,C,3b,0.642018,-11.0394,5.5473,63.0915,5.5065,0
rgb,43,rgb_s43,OFF,off/scene15/L7__s20260819__0005.png,scene15,off,A2,5,A,2,0.655327,-12.9205,6.4099,63.9932,3.0224,0
rgb,43,rgb_s43,OFF,off/scene15/L7__s20260819__0005.png,scene15,off,B3a,11,B,3a,0.710443,-12.9205,6.4099,63.9932,3.0224,0
rgb,43,rgb_s43,OFF,off/scene15/L7__s20260819__0005.png,scene15,off,C3a,12,C,3a,0.612361,-12.9205,6.4099,63.9932,3.0224,0
rgb,43,rgb_s43,OFF,off/scene15/L7__s20260819__0005.png,scene15,off,D3a,13,D,3a,0.591682,-12.9205,6.4099,63.9932,3.0224,0
rgb,43,rgb_s43,OFF,off/scene15/L7__s20260819__0005.png,scene15,off,B3b,16,B,3b,0.895382,-12.9205,6.4099,63.9932,3.0224,0
rgb,43,rgb_s43,OFF,off/scene15/L7__s20260819__0005.png,scene15,off,C3b,17,C,3b,0.927025,-12.9205,6.4099,63.9932,3.0224,0
rgb,43,rgb_s43,OFF,off/scene15/L7__s20260819__0005.png,scene15,off,D3b,18,D,3b,0.56642,-12.9205,6.4099,63.9932,3.0224,0
rgb,43,rgb_s43,OFF,off/scene15/L7__s20260819__0006.png,scene15,off,B3b,16,B,3b,0.816556,-9.1914,-18.2162,60.3765,2.2421,0
rgb,43,rgb_s43,OFF,off/scene15/L7__s20260819__0006.png,scene15,off,C3b,17,C,3b,0.679751,-9.1914,-18.2162,60.3765,2.2421,0
rgb,43,rgb_s43,OFF,off/scene15/L7__s20260819__0007.png,scene15,off,B3b,16,B,3b,0.701953,-15.2404,1.5985,63.4015,5.1525,0
rgb,43,rgb_s43,OFF,off/scene15/L7__s20260819__0007.png,scene15,off,C3b,17,C,3b,0.543594,-15.2404,1.5985,63.4015,5.1525,0
rgb,43,rgb_s43,OFF,off/scene18/L0__s20260819__0002.png,scene18,off,A3b,15,A,3b,0.777946,-17.1516,-15.9889,62.3123,10.4512,0
rgb,43,rgb_s43,OFF,off/scene18/L0__s20260819__0002.png,scene18,off,B3b,16,B,3b,0.526859,-17.1516,-15.9889,62.3123,10.4512,0
rgb,43,rgb_s43,OFF,off/scene18/L5__s20260819__0002.png,scene18,off,A3b,15,A,3b,0.544058,-17.1516,-15.9889,62.3123,10.4512,0
rgb,43,rgb_s43,OFF,off/scene18/L7__s20260819__0002.png,scene18,off,A3b,15,A,3b,0.805488,-17.1516,-15.9889,62.3123,10.4512,0
rgb,43,rgb_s43,OFF,off/scene18/L7__s20260819__0002.png,scene18,off,B3b,16,B,3b,0.583773,-17.1516,-15.9889,62.3123,10.4512,0
rgb,43,rgb_s43,OFF,off/sceneN3/L0__s20260819__0000.png,sceneN3,off,C3b,17,C,3b,0.593285,-16.2467,-6.5053,60.6518,9.1828,0
rgb,43,rgb_s43,OFF,off/sceneN3/L0__s20260819__0002.png,sceneN3,off,B3b,16,B,3b,0.548638,-13.1516,1.5693,63.1068,1.7608,0
rgb,43,rgb_s43,OFF,off/sceneN3/L0__s20260819__0002.png,sceneN3,off,C3b,17,C,3b,0.964741,-13.1516,1.5693,63.1068,1.7608,0
rgb,43,rgb_s43,OFF,off/sceneN3/L0__s20260819__0002.png,sceneN3,off,D3b,18,D,3b,0.603426,-13.1516,1.5693,63.1068,1.7608,0
rgb,43,rgb_s43,OFF,off/sceneN3/L0__s20260819__0003.png,sceneN3,off,B3b,16,B,3b,0.871573,-9.3231,5.7221,62.1685,8.3724,0
rgb,43,rgb_s43,OFF,off/sceneN3/L0__s20260819__0003.png,sceneN3,off,C3b,17,C,3b,0.776818,-9.3231,5.7221,62.1685,8.3724,0
rgb,43,rgb_s43,OFF,off/sceneN3/L0__s20260819__0004.png,sceneN3,off,B3b,16,B,3b,0.507375,-7.3546,-7.2186,63.4074,8.0992,0
rgb,43,rgb_s43,OFF,off/sceneN3/L0__s20260819__0005.png,sceneN3,off,B3b,16,B,3b,0.94737,-12.2129,-14.4798,63.1796,2.2677,0
rgb,43,rgb_s43,OFF,off/sceneN3/L0__s20260819__0005.png,sceneN3,off,C3b,17,C,3b,0.948382,-12.2129,-14.4798,63.1796,2.2677,0
rgb,43,rgb_s43,OFF,off/sceneN3/L0__s20260819__0005.png,sceneN3,off,D3b,18,D,3b,0.538141,-12.2129,-14.4798,63.1796,2.2677,0
rgb,43,rgb_s43,OFF,off/sceneN3/L0__s20260819__0006.png,sceneN3,off,B3b,16,B,3b,0.554792,-7.7849,2.4667,60.503,4.7311,0
rgb,43,rgb_s43,OFF,off/sceneN3/L0__s20260819__0006.png,sceneN3,off,C3b,17,C,3b,0.778986,-7.7849,2.4667,60.503,4.7311,0
rgb,43,rgb_s43,OFF,off/sceneN3/L5__s20260819__0000.png,sceneN3,off,C3b,17,C,3b,0.579165,-16.2467,-6.5053,60.6518,9.1828,0
rgb,43,rgb_s43,OFF,off/sceneN3/L5__s20260819__0002.png,sceneN3,off,C3b,17,C,3b,0.981527,-13.1516,1.5693,63.1068,1.7608,0
rgb,43,rgb_s43,OFF,off/sceneN3/L5__s20260819__0002.png,sceneN3,off,D3b,18,D,3b,0.51485,-13.1516,1.5693,63.1068,1.7608,0
rgb,43,rgb_s43,OFF,off/sceneN3/L5__s20260819__0003.png,sceneN3,off,C3b,17,C,3b,0.532623,-9.3231,5.7221,62.1685,8.3724,0
rgb,43,rgb_s43,OFF,off/sceneN3/L5__s20260819__0004.png,sceneN3,off,C3b,17,C,3b,0.704116,-7.3546,-7.2186,63.4074,8.0992,0
rgb,43,rgb_s43,OFF,off/sceneN3/L5__s20260819__0005.png,sceneN3,off,B3b,16,B,3b,0.668154,-12.2129,-14.4798,63.1796,2.2677,0
rgb,43,rgb_s43,OFF,off/sceneN3/L5__s20260819__0005.png,sceneN3,off,C3b,17,C,3b,0.928878,-12.2129,-14.4798,63.1796,2.2677,0
rgb,43,rgb_s43,OFF,off/sceneN3/L5__s20260819__0006.png,sceneN3,off,B3b,16,B,3b,0.801162,-7.7849,2.4667,60.503,4.7311,0
rgb,43,rgb_s43,OFF,off/sceneN3/L5__s20260819__0006.png,sceneN3,off,C3b,17,C,3b,0.912744,-7.7849,2.4667,60.503,4.7311,0
rgb,43,rgb_s43,OFF,off/sceneN3/L7__s20260819__0002.png,sceneN3,off,C3b,17,C,3b,0.945556,-13.1516,1.5693,63.1068,1.7608,0
rgb,43,rgb_s43,OFF,off/sceneN3/L7__s20260819__0003.png,sceneN3,off,C3b,17,C,3b,0.553847,-9.3231,5.7221,62.1685,8.3724,0
rgb,43,rgb_s43,OFF,off/sceneN3/L7__s20260819__0004.png,sceneN3,off,B3b,16,B,3b,0.706931,-7.3546,-7.2186,63.4074,8.0992,0
rgb,43,rgb_s43,OFF,off/sceneN3/L7__s20260819__0004.png,sceneN3,off,C3b,17,C,3b,0.74469,-7.3546,-7.2186,63.4074,8.0992,0
rgb,43,rgb_s43,OFF,off/sceneN3/L7__s20260819__0005.png,sceneN3,off,B3b,16,B,3b,0.863841,-12.2129,-14.4798,63.1796,2.2677,0
rgb,43,rgb_s43,OFF,off/sceneN3/L7__s20260819__0005.png,sceneN3,off,C3b,17,C,3b,0.935378,-12.2129,-14.4798,63.1796,2.2677,0
rgb,43,rgb_s43,OFF,off/sceneN3/L7__s20260819__0006.png,sceneN3,off,B3b,16,B,3b,0.714308,-7.7849,2.4667,60.503,4.7311,0
rgb,43,rgb_s43,OFF,off/sceneN3/L7__s20260819__0006.png,sceneN3,off,C3b,17,C,3b,0.873458,-7.7849,2.4667,60.503,4.7311,0
rgb,43,rgb_s43,OFF,off/scene14/L0__s20260820__0000.png::boost_h,scene14,off,B3b,16,B,3b,0.71899,-8.1284,3.311,58.9789,8.9228,0
rgb,43,rgb_s43,OFF,off/scene14/L0__s20260820__0000.png::boost_h,scene14,off,C3b,17,C,3b,0.62234,-8.1284,3.311,58.9789,8.9228,0
rgb,43,rgb_s43,OFF,off/scene14/L0__s20260820__0000.png::boost_h,scene14,off,D3b,18,D,3b,0.541528,-8.1284,3.311,58.9789,8.9228,0
rgb,43,rgb_s43,OFF,off/scene14/L0__s20260820__0001.png::boost_h,scene14,off,A3b,15,A,3b,0.564431,-10.3828,-4.0507,61.2701,11.2053,0
rgb,43,rgb_s43,OFF,off/scene14/L0__s20260820__0001.png::boost_h,scene14,off,B3b,16,B,3b,0.879815,-10.3828,-4.0507,61.2701,11.2053,0
rgb,43,rgb_s43,OFF,off/scene14/L0__s20260820__0001.png::boost_h,scene14,off,C3b,17,C,3b,0.625168,-10.3828,-4.0507,61.2701,11.2053,0
rgb,43,rgb_s43,OFF,off/scene14/L0__s20260820__0004.png::boost_h,scene14,off,B3b,16,B,3b,0.547336,-16.0704,-3.7589,60.2149,6.7379,0
rgb,43,rgb_s43,OFF,off/scene14/L0__s20260820__0004.png::boost_h,scene14,off,C3b,17,C,3b,0.543617,-16.0704,-3.7589,60.2149,6.7379,0
rgb,43,rgb_s43,OFF,off/scene14/L0__s20260820__0007.png::boost_h,scene14,off,B3b,16,B,3b,0.64303,-6.1172,5.4847,60.0935,10.4613,0
rgb,43,rgb_s43,OFF,off/scene14/L5__s20260820__0000.png::boost_h,scene14,off,C3b,17,C,3b,0.503197,-8.1284,3.311,58.9789,8.9228,0
rgb,43,rgb_s43,OFF,off/scene14/L5__s20260820__0000.png::boost_h,scene14,off,D3b,18,D,3b,0.716854,-8.1284,3.311,58.9789,8.9228,0
rgb,43,rgb_s43,OFF,off/scene14/L5__s20260820__0001.png::boost_h,scene14,off,B3b,16,B,3b,0.609675,-10.3828,-4.0507,61.2701,11.2053,0
rgb,43,rgb_s43,OFF,off/scene14/L7__s20260820__0001.png::boost_h,scene14,off,B3b,16,B,3b,0.699877,-10.3828,-4.0507,61.2701,11.2053,0
rgb,43,rgb_s43,OFF,off/scene14/L7__s20260820__0004.png::boost_h,scene14,off,B3b,16,B,3b,0.596473,-16.0704,-3.7589,60.2149,6.7379,0
rgb,43,rgb_s43,OFF,off/scene14/L7__s20260820__0007.png::boost_h,scene14,off,A3b,15,A,3b,0.573723,-6.1172,5.4847,60.0935,10.4613,0
rgb,43,rgb_s43,OFF,off/scene14/L7__s20260820__0007.png::boost_h,scene14,off,B3b,16,B,3b,0.678391,-6.1172,5.4847,60.0935,10.4613,0
rgb,43,rgb_s43,OFF,off/scene14/L7__s20260820__0007.png::boost_h,scene14,off,C3b,17,C,3b,0.551844,-6.1172,5.4847,60.0935,10.4613,0
rgb,43,rgb_s43,OFF,off/scene15/L0__s20260820__0001.png::boost_h,scene15,off,B3b,16,B,3b,0.519258,-6.8068,-11.8299,63.9125,9.9013,0
rgb,43,rgb_s43,OFF,off/scene15/L0__s20260820__0002.png::boost_h,scene15,off,B3b,16,B,3b,0.567982,-8.6096,-4.0107,63.6728,6.6026,0
rgb,43,rgb_s43,OFF,off/scene15/L0__s20260820__0006.png::boost_h,scene15,off,B3b,16,B,3b,0.695879,-5.1828,6.8137,59.5209,6.9519,0
rgb,43,rgb_s43,OFF,off/scene15/L0__s20260820__0006.png::boost_h,scene15,off,C3b,17,C,3b,0.614007,-5.1828,6.8137,59.5209,6.9519,0
rgb,43,rgb_s43,OFF,off/scene15/L7__s20260820__0005.png::boost_h,scene15,off,B3b,16,B,3b,0.699854,-5.4058,-7.3396,62.3314,9.8366,0
rgb,43,rgb_s43,OFF,off/scene15/L7__s20260820__0005.png::boost_h,scene15,off,C3b,17,C,3b,0.595506,-5.4058,-7.3396,62.3314,9.8366,0
rgb,43,rgb_s43,OFF,off/scene05/L0__s20260820__0000.png::boost_e,scene05,off,B3b,16,B,3b,0.509856,-10.3105,7.3985,60.3309,7.0354,0
rgb,43,rgb_s43,OFF,off/scene05/L0__s20260820__0000.png::boost_e,scene05,off,C3b,17,C,3b,0.636102,-10.3105,7.3985,60.3309,7.0354,0
rgb,43,rgb_s43,OFF,off/scene05/L0__s20260820__0001.png::boost_e,scene05,off,A3b,15,A,3b,0.993522,-5.7189,0.3564,61.8831,9.8857,0
rgb,43,rgb_s43,OFF,off/scene05/L0__s20260820__0001.png::boost_e,scene05,off,B3b,16,B,3b,0.999933,-5.7189,0.3564,61.8831,9.8857,0
rgb,43,rgb_s43,OFF,off/scene05/L0__s20260820__0001.png::boost_e,scene05,off,C3b,17,C,3b,0.988731,-5.7189,0.3564,61.8831,9.8857,0
rgb,43,rgb_s43,OFF,off/scene05/L0__s20260820__0001.png::boost_e,scene05,off,D3b,18,D,3b,0.800192,-5.7189,0.3564,61.8831,9.8857,0
rgb,43,rgb_s43,OFF,off/scene05/L0__s20260820__0002.png::boost_e,scene05,off,B3b,16,B,3b,0.857835,-5.4996,-9.2457,63.6695,7.7708,0
rgb,43,rgb_s43,OFF,off/scene05/L0__s20260820__0003.png::boost_e,scene05,off,A3b,15,A,3b,0.916798,-7.8027,0.1237,61.0834,6.3099,0
rgb,43,rgb_s43,OFF,off/scene05/L0__s20260820__0003.png::boost_e,scene05,off,B3b,16,B,3b,0.994018,-7.8027,0.1237,61.0834,6.3099,0
rgb,43,rgb_s43,OFF,off/scene05/L0__s20260820__0003.png::boost_e,scene05,off,C3b,17,C,3b,0.857212,-7.8027,0.1237,61.0834,6.3099,0
rgb,43,rgb_s43,OFF,off/scene05/L0__s20260820__0003.png::boost_e,scene05,off,D3b,18,D,3b,0.785008,-7.8027,0.1237,61.0834,6.3099,0
rgb,43,rgb_s43,OFF,off/scene05/L0__s20260820__0004.png::boost_e,scene05,off,B3b,16,B,3b,0.590371,-6.9904,-7.3983,63.483,6.1605,0
rgb,43,rgb_s43,OFF,off/scene05/L0__s20260820__0005.png::boost_e,scene05,off,A3b,15,A,3b,0.765038,-9.9958,-4.8864,61.371,6.2772,0
rgb,43,rgb_s43,OFF,off/scene05/L0__s20260820__0005.png::boost_e,scene05,off,B3b,16,B,3b,0.938968,-9.9958,-4.8864,61.371,6.2772,0
rgb,43,rgb_s43,OFF,off/scene05/L0__s20260820__0006.png::boost_e,scene05,off,B3b,16,B,3b,0.82658,-12.8982,-6.3539,61.1324,9.7574,0
rgb,43,rgb_s43,OFF,off/scene05/L0__s20260820__0006.png::boost_e,scene05,off,C3b,17,C,3b,0.584065,-12.8982,-6.3539,61.1324,9.7574,0
rgb,43,rgb_s43,OFF,off/scene05/L0__s20260820__0007.png::boost_e,scene05,off,A3b,15,A,3b,0.888736,-11.43,-6.2709,60.486,7.4493,0
rgb,43,rgb_s43,OFF,off/scene05/L0__s20260820__0007.png::boost_e,scene05,off,B3b,16,B,3b,0.993144,-11.43,-6.2709,60.486,7.4493,0
rgb,43,rgb_s43,OFF,off/scene05/L0__s20260820__0007.png::boost_e,scene05,off,C3b,17,C,3b,0.676872,-11.43,-6.2709,60.486,7.4493,0
rgb,43,rgb_s43,OFF,off/scene05/L5__s20260820__0001.png::boost_e,scene05,off,A3b,15,A,3b,0.93357,-5.7189,0.3564,61.8831,9.8857,0
rgb,43,rgb_s43,OFF,off/scene05/L5__s20260820__0001.png::boost_e,scene05,off,B3b,16,B,3b,0.998653,-5.7189,0.3564,61.8831,9.8857,0
rgb,43,rgb_s43,OFF,off/scene05/L5__s20260820__0001.png::boost_e,scene05,off,C3b,17,C,3b,0.940814,-5.7189,0.3564,61.8831,9.8857,0
rgb,43,rgb_s43,OFF,off/scene05/L5__s20260820__0002.png::boost_e,scene05,off,B3b,16,B,3b,0.868312,-5.4996,-9.2457,63.6695,7.7708,0
rgb,43,rgb_s43,OFF,off/scene05/L5__s20260820__0003.png::boost_e,scene05,off,A3b,15,A,3b,0.926816,-7.8027,0.1237,61.0834,6.3099,0
rgb,43,rgb_s43,OFF,off/scene05/L5__s20260820__0003.png::boost_e,scene05,off,B3b,16,B,3b,0.996375,-7.8027,0.1237,61.0834,6.3099,0
rgb,43,rgb_s43,OFF,off/scene05/L5__s20260820__0003.png::boost_e,scene05,off,C3b,17,C,3b,0.935277,-7.8027,0.1237,61.0834,6.3099,0
rgb,43,rgb_s43,OFF,off/scene05/L5__s20260820__0003.png::boost_e,scene05,off,D3b,18,D,3b,0.918227,-7.8027,0.1237,61.0834,6.3099,0
rgb,43,rgb_s43,OFF,off/scene05/L5__s20260820__0004.png::boost_e,scene05,off,A3b,15,A,3b,0.96397,-6.9904,-7.3983,63.483,6.1605,0
rgb,43,rgb_s43,OFF,off/scene05/L5__s20260820__0004.png::boost_e,scene05,off,B3b,16,B,3b,0.991769,-6.9904,-7.3983,63.483,6.1605,0
rgb,43,rgb_s43,OFF,off/scene05/L5__s20260820__0004.png::boost_e,scene05,off,C3b,17,C,3b,0.948641,-6.9904,-7.3983,63.483,6.1605,0
rgb,43,rgb_s43,OFF,off/scene05/L5__s20260820__0005.png::boost_e,scene05,off,A3b,15,A,3b,0.783142,-9.9958,-4.8864,61.371,6.2772,0
rgb,43,rgb_s43,OFF,off/scene05/L5__s20260820__0005.png::boost_e,scene05,off,B3b,16,B,3b,0.932123,-9.9958,-4.8864,61.371,6.2772,0
rgb,43,rgb_s43,OFF,off/scene05/L5__s20260820__0006.png::boost_e,scene05,off,B3b,16,B,3b,0.528091,-12.8982,-6.3539,61.1324,9.7574,0
rgb,43,rgb_s43,OFF,off/scene05/L5__s20260820__0006.png::boost_e,scene05,off,C3b,17,C,3b,0.594121,-12.8982,-6.3539,61.1324,9.7574,0
rgb,43,rgb_s43,OFF,off/scene05/L5__s20260820__0007.png::boost_e,scene05,off,A3b,15,A,3b,0.580399,-11.43,-6.2709,60.486,7.4493,0
rgb,43,rgb_s43,OFF,off/scene05/L5__s20260820__0007.png::boost_e,scene05,off,B3b,16,B,3b,0.964997,-11.43,-6.2709,60.486,7.4493,0
rgb,43,rgb_s43,OFF,off/scene05/L5__s20260820__0007.png::boost_e,scene05,off,C3b,17,C,3b,0.582041,-11.43,-6.2709,60.486,7.4493,0
rgb,43,rgb_s43,OFF,off/scene05/L7__s20260820__0001.png::boost_e,scene05,off,A3b,15,A,3b,0.986964,-5.7189,0.3564,61.8831,9.8857,0
rgb,43,rgb_s43,OFF,off/scene05/L7__s20260820__0001.png::boost_e,scene05,off,B3b,16,B,3b,0.999741,-5.7189,0.3564,61.8831,9.8857,0
rgb,43,rgb_s43,OFF,off/scene05/L7__s20260820__0001.png::boost_e,scene05,off,C3b,17,C,3b,0.937772,-5.7189,0.3564,61.8831,9.8857,0
rgb,43,rgb_s43,OFF,off/scene05/L7__s20260820__0002.png::boost_e,scene05,off,B3b,16,B,3b,0.842838,-5.4996,-9.2457,63.6695,7.7708,0
rgb,43,rgb_s43,OFF,off/scene05/L7__s20260820__0003.png::boost_e,scene05,off,B3b,16,B,3b,0.904982,-7.8027,0.1237,61.0834,6.3099,0
rgb,43,rgb_s43,OFF,off/scene05/L7__s20260820__0004.png::boost_e,scene05,off,A3b,15,A,3b,0.605189,-6.9904,-7.3983,63.483,6.1605,0
rgb,43,rgb_s43,OFF,off/scene05/L7__s20260820__0004.png::boost_e,scene05,off,B3b,16,B,3b,0.783411,-6.9904,-7.3983,63.483,6.1605,0
rgb,43,rgb_s43,OFF,off/scene05/L7__s20260820__0005.png::boost_e,scene05,off,A3b,15,A,3b,0.927397,-9.9958,-4.8864,61.371,6.2772,0
rgb,43,rgb_s43,OFF,off/scene05/L7__s20260820__0005.png::boost_e,scene05,off,B3b,16,B,3b,0.980096,-9.9958,-4.8864,61.371,6.2772,0
rgb,43,rgb_s43,OFF,off/scene05/L7__s20260820__0005.png::boost_e,scene05,off,C3b,17,C,3b,0.562527,-9.9958,-4.8864,61.371,6.2772,0
rgb,43,rgb_s43,OFF,off/scene05/L7__s20260820__0007.png::boost_e,scene05,off,A3b,15,A,3b,0.7434,-11.43,-6.2709,60.486,7.4493,0
rgb,43,rgb_s43,OFF,off/scene05/L7__s20260820__0007.png::boost_e,scene05,off,B3b,16,B,3b,0.980852,-11.43,-6.2709,60.486,7.4493,0
rgb,43,rgb_s43,OFF,off/scene05/L7__s20260820__0007.png::boost_e,scene05,off,C3b,17,C,3b,0.573175,-11.43,-6.2709,60.486,7.4493,0
rgb,43,rgb_s43,OFF,off/scene07/L0__s20260820__0000.png::boost_e,scene07,off,D3b,18,D,3b,0.547519,-10.2409,14.1283,61.8254,9.3533,0
rgb,43,rgb_s43,OFF,off/scene07/L0__s20260820__0003.png::boost_e,scene07,off,C3b,17,C,3b,0.610017,-10.8121,7.6338,61.1751,9.743,0
rgb,43,rgb_s43,OFF,off/scene07/L0__s20260820__0003.png::boost_e,scene07,off,D3b,18,D,3b,0.544592,-10.8121,7.6338,61.1751,9.743,0
rgb,43,rgb_s43,OFF,off/scene07/L0__s20260820__0006.png::boost_e,scene07,off,A3b,15,A,3b,0.52175,-7.4676,-1.6241,59.074,6.6363,0
rgb,43,rgb_s43,OFF,off/scene07/L0__s20260820__0006.png::boost_e,scene07,off,B3b,16,B,3b,0.817617,-7.4676,-1.6241,59.074,6.6363,0
rgb,43,rgb_s43,OFF,off/scene07/L0__s20260820__0006.png::boost_e,scene07,off,C3b,17,C,3b,0.61529,-7.4676,-1.6241,59.074,6.6363,0
rgb,43,rgb_s43,OFF,off/scene14/L0__s20260820__0000.png::boost_e,scene14,off,B3b,16,B,3b,0.532611,-8.1284,3.311,58.9789,8.9228,0
rgb,43,rgb_s43,OFF,off/scene14/L0__s20260820__0001.png::boost_e,scene14,off,B3b,16,B,3b,0.698762,-10.3828,-4.0507,61.2701,11.2053,0
rgb,43,rgb_s43,OFF,off/scene14/L0__s20260820__0001.png::boost_e,scene14,off,C3b,17,C,3b,0.701622,-10.3828,-4.0507,61.2701,11.2053,0
rgb,43,rgb_s43,OFF,off/scene14/L0__s20260820__0002.png::boost_e,scene14,off,B3b,16,B,3b,0.841867,-7.0039,2.401,63.1403,11.657,0
rgb,43,rgb_s43,OFF,off/scene14/L0__s20260820__0003.png::boost_e,scene14,off,A3b,15,A,3b,0.861399,-7.2352,-9.0359,60.577,10.095,0
rgb,43,rgb_s43,OFF,off/scene14/L0__s20260820__0003.png::boost_e,scene14,off,B3b,16,B,3b,0.941998,-7.2352,-9.0359,60.577,10.095,0
rgb,43,rgb_s43,OFF,off/scene14/L0__s20260820__0004.png::boost_e,scene14,off,B3b,16,B,3b,0.532997,-16.0704,-3.7589,60.2149,6.7379,0
rgb,43,rgb_s43,OFF,off/scene14/L0__s20260820__0005.png::boost_e,scene14,off,D3b,18,D,3b,0.517433,-12.4022,9.6925,62.3957,8.1602,0
rgb,43,rgb_s43,OFF,off/scene14/L0__s20260820__0006.png::boost_e,scene14,off,D3b,18,D,3b,0.51958,-16.5186,9.6527,62.4123,8.239,0
rgb,43,rgb_s43,OFF,off/scene14/L0__s20260820__0007.png::boost_e,scene14,off,A3b,15,A,3b,0.510203,-6.1172,5.4847,60.0935,10.4613,0
rgb,43,rgb_s43,OFF,off/scene14/L0__s20260820__0007.png::boost_e,scene14,off,B3b,16,B,3b,0.656726,-6.1172,5.4847,60.0935,10.4613,0
rgb,43,rgb_s43,OFF,off/scene14/L5__s20260820__0001.png::boost_e,scene14,off,A3b,15,A,3b,0.748455,-10.3828,-4.0507,61.2701,11.2053,0
rgb,43,rgb_s43,OFF,off/scene14/L5__s20260820__0001.png::boost_e,scene14,off,B3b,16,B,3b,0.927067,-10.3828,-4.0507,61.2701,11.2053,0
rgb,43,rgb_s43,OFF,off/scene14/L5__s20260820__0001.png::boost_e,scene14,off,C3b,17,C,3b,0.54472,-10.3828,-4.0507,61.2701,11.2053,0
rgb,43,rgb_s43,OFF,off/scene14/L5__s20260820__0002.png::boost_e,scene14,off,B3b,16,B,3b,0.568891,-7.0039,2.401,63.1403,11.657,0
rgb,43,rgb_s43,OFF,off/scene14/L5__s20260820__0004.png::boost_e,scene14,off,B3b,16,B,3b,0.658849,-16.0704,-3.7589,60.2149,6.7379,0
rgb,43,rgb_s43,OFF,off/scene14/L5__s20260820__0006.png::boost_e,scene14,off,D3b,18,D,3b,0.620759,-16.5186,9.6527,62.4123,8.239,0
rgb,43,rgb_s43,OFF,off/scene14/L7__s20260820__0003.png::boost_e,scene14,off,A3b,15,A,3b,0.631146,-7.2352,-9.0359,60.577,10.095,0
rgb,43,rgb_s43,OFF,off/scene14/L7__s20260820__0003.png::boost_e,scene14,off,B3b,16,B,3b,0.632839,-7.2352,-9.0359,60.577,10.095,0
rgb,43,rgb_s43,OFF,off/scene14/L7__s20260820__0005.png::boost_e,scene14,off,D3b,18,D,3b,0.547465,-12.4022,9.6925,62.3957,8.1602,0
rgb,43,rgb_s43,OFF,off/scene15/L0__s20260820__0001.png::boost_e,scene15,off,B3b,16,B,3b,0.758703,-6.8068,-11.8299,63.9125,9.9013,0
rgb,43,rgb_s43,OFF,off/scene15/L0__s20260820__0001.png::boost_e,scene15,off,C3b,17,C,3b,0.523014,-6.8068,-11.8299,63.9125,9.9013,0
rgb,43,rgb_s43,OFF,off/scene15/L0__s20260820__0001.png::boost_e,scene15,off,D3b,18,D,3b,0.595875,-6.8068,-11.8299,63.9125,9.9013,0
rgb,43,rgb_s43,OFF,off/scene15/L0__s20260820__0002.png::boost_e,scene15,off,B3b,16,B,3b,0.711688,-8.6096,-4.0107,63.6728,6.6026,0
rgb,43,rgb_s43,OFF,off/scene15/L0__s20260820__0002.png::boost_e,scene15,off,C3b,17,C,3b,0.70054,-8.6096,-4.0107,63.6728,6.6026,0
rgb,43,rgb_s43,OFF,off/scene15/L0__s20260820__0003.png::boost_e,scene15,off,C3b,17,C,3b,0.523533,-11.0902,-4.9586,63.1815,7.5147,0
rgb,43,rgb_s43,OFF,off/scene15/L0__s20260820__0004.png::boost_e,scene15,off,B3b,16,B,3b,0.562768,-12.6937,-3.4861,58.1207,9.9583,0
rgb,43,rgb_s43,OFF,off/scene15/L0__s20260820__0004.png::boost_e,scene15,off,C3b,17,C,3b,0.603077,-12.6937,-3.4861,58.1207,9.9583,0
rgb,43,rgb_s43,OFF,off/scene15/L0__s20260820__0006.png::boost_e,scene15,off,B3b,16,B,3b,0.733075,-5.1828,6.8137,59.5209,6.9519,0
rgb,43,rgb_s43,OFF,off/scene15/L0__s20260820__0006.png::boost_e,scene15,off,C3b,17,C,3b,0.768493,-5.1828,6.8137,59.5209,6.9519,0
rgb,43,rgb_s43,OFF,off/scene15/L4__s20260820__0002.png::boost_e,scene15,off,B3b,16,B,3b,0.637264,-8.6096,-4.0107,63.6728,6.6026,0
rgb,43,rgb_s43,OFF,off/scene15/L4__s20260820__0002.png::boost_e,scene15,off,C3b,17,C,3b,0.722333,-8.6096,-4.0107,63.6728,6.6026,0
rgb,43,rgb_s43,OFF,off/scene15/L4__s20260820__0002.png::boost_e,scene15,off,D3b,18,D,3b,0.62355,-8.6096,-4.0107,63.6728,6.6026,0
rgb,43,rgb_s43,OFF,off/scene15/L7__s20260820__0002.png::boost_e,scene15,off,B3b,16,B,3b,0.623055,-8.6096,-4.0107,63.6728,6.6026,0
rgb,43,rgb_s43,OFF,off/scene15/L7__s20260820__0002.png::boost_e,scene15,off,C3b,17,C,3b,0.584933,-8.6096,-4.0107,63.6728,6.6026,0
rgb,43,rgb_s43,OFF,off/scene15/L7__s20260820__0002.png::boost_e,scene15,off,D3b,18,D,3b,0.547116,-8.6096,-4.0107,63.6728,6.6026,0
rgb,43,rgb_s43,OFF,off/scene15/L7__s20260820__0003.png::boost_e,scene15,off,C3b,17,C,3b,0.526991,-11.0902,-4.9586,63.1815,7.5147,0
rgb,43,rgb_s43,OFF,off/scene15/L7__s20260820__0005.png::boost_e,scene15,off,B3b,16,B,3b,0.569659,-5.4058,-7.3396,62.3314,9.8366,0
rgb,43,rgb_s43,OFF,off/scene15/L7__s20260820__0005.png::boost_e,scene15,off,C3b,17,C,3b,0.515707,-5.4058,-7.3396,62.3314,9.8366,0
rgb,43,rgb_s43,OFF,off/scene18/L0__s20260820__0001.png::boost_e,scene18,off,D3a,13,D,3a,0.869659,-10.1204,15.1866,63.5385,10.0506,0
rgb,43,rgb_s43,OFF,off/scene18/L0__s20260820__0001.png::boost_e,scene18,off,D3b,18,D,3b,0.691889,-10.1204,15.1866,63.5385,10.0506,0
rgb,43,rgb_s43,OFF,off/scene18/L0__s20260820__0001.png::boost_e,scene18,off,E3b,19,E,3b,0.65047,-10.1204,15.1866,63.5385,10.0506,0
rgb,43,rgb_s43,OFF,off/scene18/L0__s20260820__0002.png::boost_e,scene18,off,D3a,13,D,3a,0.936451,-9.0792,9.5062,64.1649,7.1883,0
rgb,43,rgb_s43,OFF,off/scene18/L0__s20260820__0002.png::boost_e,scene18,off,C3b,17,C,3b,0.613436,-9.0792,9.5062,64.1649,7.1883,0
rgb,43,rgb_s43,OFF,off/scene18/L0__s20260820__0002.png::boost_e,scene18,off,D3b,18,D,3b,0.642291,-9.0792,9.5062,64.1649,7.1883,0
rgb,43,rgb_s43,OFF,off/scene18/L0__s20260820__0003.png::boost_e,scene18,off,D3a,13,D,3a,0.846486,-8.8448,-3.6128,59.415,8.964,0
rgb,43,rgb_s43,OFF,off/scene18/L0__s20260820__0003.png::boost_e,scene18,off,B3b,16,B,3b,0.553677,-8.8448,-3.6128,59.415,8.964,0
rgb,43,rgb_s43,OFF,off/scene18/L0__s20260820__0003.png::boost_e,scene18,off,C3b,17,C,3b,0.553532,-8.8448,-3.6128,59.415,8.964,0
rgb,43,rgb_s43,OFF,off/scene18/L0__s20260820__0005.png::boost_e,scene18,off,D3a,13,D,3a,0.760786,-10.8924,-2.0965,60.6044,6.3047,0
rgb,43,rgb_s43,OFF,off/scene18/L0__s20260820__0005.png::boost_e,scene18,off,D3b,18,D,3b,0.526236,-10.8924,-2.0965,60.6044,6.3047,0
rgb,43,rgb_s43,OFF,off/scene18/L0__s20260820__0006.png::boost_e,scene18,off,B3b,16,B,3b,0.571154,-9.0932,1.6737,60.8772,6.4479,0
rgb,43,rgb_s43,OFF,off/scene18/L5__s20260820__0000.png::boost_e,scene18,off,D3a,13,D,3a,0.709309,-7.1653,2.4167,61.1034,9.9477,0
rgb,43,rgb_s43,OFF,off/scene18/L5__s20260820__0000.png::boost_e,scene18,off,D3b,18,D,3b,0.521316,-7.1653,2.4167,61.1034,9.9477,0
rgb,43,rgb_s43,OFF,off/scene18/L5__s20260820__0001.png::boost_e,scene18,off,D3a,13,D,3a,0.99441,-10.1204,15.1866,63.5385,10.0506,0
rgb,43,rgb_s43,OFF,off/scene18/L5__s20260820__0001.png::boost_e,scene18,off,E3a,14,E,3a,0.832239,-10.1204,15.1866,63.5385,10.0506,0
rgb,43,rgb_s43,OFF,off/scene18/L5__s20260820__0001.png::boost_e,scene18,off,A3b,15,A,3b,0.57779,-10.1204,15.1866,63.5385,10.0506,0
rgb,43,rgb_s43,OFF,off/scene18/L5__s20260820__0001.png::boost_e,scene18,off,E3b,19,E,3b,0.731355,-10.1204,15.1866,63.5385,10.0506,0
rgb,43,rgb_s43,OFF,off/scene18/L5__s20260820__0002.png::boost_e,scene18,off,B3a,11,B,3a,0.685203,-9.0792,9.5062,64.1649,7.1883,0
rgb,43,rgb_s43,OFF,off/scene18/L5__s20260820__0002.png::boost_e,scene18,off,D3a,13,D,3a,0.986067,-9.0792,9.5062,64.1649,7.1883,0
rgb,43,rgb_s43,OFF,off/scene18/L5__s20260820__0002.png::boost_e,scene18,off,A3b,15,A,3b,0.556592,-9.0792,9.5062,64.1649,7.1883,0
rgb,43,rgb_s43,OFF,off/scene18/L5__s20260820__0002.png::boost_e,scene18,off,B3b,16,B,3b,0.634431,-9.0792,9.5062,64.1649,7.1883,0
rgb,43,rgb_s43,OFF,off/scene18/L5__s20260820__0002.png::boost_e,scene18,off,C3b,17,C,3b,0.826513,-9.0792,9.5062,64.1649,7.1883,0
rgb,43,rgb_s43,OFF,off/scene18/L5__s20260820__0002.png::boost_e,scene18,off,D3b,18,D,3b,0.794369,-9.0792,9.5062,64.1649,7.1883,0
rgb,43,rgb_s43,OFF,off/scene18/L5__s20260820__0002.png::boost_e,scene18,off,E3b,19,E,3b,0.606359,-9.0792,9.5062,64.1649,7.1883,0
rgb,43,rgb_s43,OFF,off/scene18/L5__s20260820__0003.png::boost_e,scene18,off,B3a,11,B,3a,0.734769,-8.8448,-3.6128,59.415,8.964,0
rgb,43,rgb_s43,OFF,off/scene18/L5__s20260820__0003.png::boost_e,scene18,off,D3a,13,D,3a,0.986522,-8.8448,-3.6128,59.415,8.964,0
rgb,43,rgb_s43,OFF,off/scene18/L5__s20260820__0003.png::boost_e,scene18,off,B3b,16,B,3b,0.681457,-8.8448,-3.6128,59.415,8.964,0
rgb,43,rgb_s43,OFF,off/scene18/L5__s20260820__0003.png::boost_e,scene18,off,C3b,17,C,3b,0.836724,-8.8448,-3.6128,59.415,8.964,0
rgb,43,rgb_s43,OFF,off/scene18/L5__s20260820__0003.png::boost_e,scene18,off,D3b,18,D,3b,0.809392,-8.8448,-3.6128,59.415,8.964,0
rgb,43,rgb_s43,OFF,off/scene18/L5__s20260820__0004.png::boost_e,scene18,off,D3a,13,D,3a,0.875677,-16.4348,4.8995,62.3306,10.047,0
rgb,43,rgb_s43,OFF,off/scene18/L5__s20260820__0005.png::boost_e,scene18,off,D3a,13,D,3a,0.864533,-10.8924,-2.0965,60.6044,6.3047,0
rgb,43,rgb_s43,OFF,off/scene18/L5__s20260820__0006.png::boost_e,scene18,off,B3a,11,B,3a,0.721104,-9.0932,1.6737,60.8772,6.4479,0
rgb,43,rgb_s43,OFF,off/scene18/L5__s20260820__0006.png::boost_e,scene18,off,D3a,13,D,3a,0.935654,-9.0932,1.6737,60.8772,6.4479,0
rgb,43,rgb_s43,OFF,off/scene18/L5__s20260820__0006.png::boost_e,scene18,off,B3b,16,B,3b,0.67275,-9.0932,1.6737,60.8772,6.4479,0
rgb,43,rgb_s43,OFF,off/scene18/L5__s20260820__0006.png::boost_e,scene18,off,C3b,17,C,3b,0.791703,-9.0932,1.6737,60.8772,6.4479,0
rgb,43,rgb_s43,OFF,off/scene18/L5__s20260820__0006.png::boost_e,scene18,off,D3b,18,D,3b,0.772888,-9.0932,1.6737,60.8772,6.4479,0
rgb,43,rgb_s43,OFF,off/scene18/L7__s20260820__0000.png::boost_e,scene18,off,D3a,13,D,3a,0.66306,-7.1653,2.4167,61.1034,9.9477,0
rgb,43,rgb_s43,OFF,off/scene18/L7__s20260820__0000.png::boost_e,scene18,off,D3b,18,D,3b,0.517159,-7.1653,2.4167,61.1034,9.9477,0
rgb,43,rgb_s43,OFF,off/scene18/L7__s20260820__0001.png::boost_e,scene18,off,D3a,13,D,3a,0.90128,-10.1204,15.1866,63.5385,10.0506,0
rgb,43,rgb_s43,OFF,off/scene18/L7__s20260820__0001.png::boost_e,scene18,off,D3b,18,D,3b,0.611896,-10.1204,15.1866,63.5385,10.0506,0
rgb,43,rgb_s43,OFF,off/scene18/L7__s20260820__0001.png::boost_e,scene18,off,E3b,19,E,3b,0.69822,-10.1204,15.1866,63.5385,10.0506,0
rgb,43,rgb_s43,OFF,off/scene18/L7__s20260820__0002.png::boost_e,scene18,off,D3a,13,D,3a,0.940819,-9.0792,9.5062,64.1649,7.1883,0
rgb,43,rgb_s43,OFF,off/scene18/L7__s20260820__0002.png::boost_e,scene18,off,D3b,18,D,3b,0.502076,-9.0792,9.5062,64.1649,7.1883,0
rgb,43,rgb_s43,OFF,off/scene18/L7__s20260820__0003.png::boost_e,scene18,off,D3a,13,D,3a,0.748894,-8.8448,-3.6128,59.415,8.964,0
rgb,43,rgb_s43,OFF,off/scene18/L7__s20260820__0004.png::boost_e,scene18,off,D3a,13,D,3a,0.503707,-16.4348,4.8995,62.3306,10.047,0
rgb,43,rgb_s43,OFF,off/scene18/L7__s20260820__0005.png::boost_e,scene18,off,B3a,11,B,3a,0.624272,-10.8924,-2.0965,60.6044,6.3047,0
rgb,43,rgb_s43,OFF,off/scene18/L7__s20260820__0005.png::boost_e,scene18,off,D3a,13,D,3a,0.909148,-10.8924,-2.0965,60.6044,6.3047,0
rgb,43,rgb_s43,OFF,off/scene18/L7__s20260820__0005.png::boost_e,scene18,off,A3b,15,A,3b,0.544104,-10.8924,-2.0965,60.6044,6.3047,0
rgb,43,rgb_s43,OFF,off/scene18/L7__s20260820__0005.png::boost_e,scene18,off,B3b,16,B,3b,0.782431,-10.8924,-2.0965,60.6044,6.3047,0
rgb,43,rgb_s43,OFF,off/scene18/L7__s20260820__0005.png::boost_e,scene18,off,C3b,17,C,3b,0.816319,-10.8924,-2.0965,60.6044,6.3047,0
rgb,43,rgb_s43,OFF,off/scene18/L7__s20260820__0005.png::boost_e,scene18,off,D3b,18,D,3b,0.82956,-10.8924,-2.0965,60.6044,6.3047,0
rgb,43,rgb_s43,OFF,off/scene18/L7__s20260820__0005.png::boost_e,scene18,off,E3b,19,E,3b,0.569109,-10.8924,-2.0965,60.6044,6.3047,0
rgb,43,rgb_s43,OFF,off/scene05/L0__s20260821__0001.png::boost_e2,scene05,off,A3b,15,A,3b,0.750243,-11.2173,-11.6748,62.7749,7.0431,0
rgb,43,rgb_s43,OFF,off/scene05/L0__s20260821__0001.png::boost_e2,scene05,off,B3b,16,B,3b,0.934488,-11.2173,-11.6748,62.7749,7.0431,0
rgb,43,rgb_s43,OFF,off/scene05/L0__s20260821__0003.png::boost_e2,scene05,off,C3b,17,C,3b,0.517942,-13.9288,9.5381,64.0128,8.7159,0
rgb,43,rgb_s43,OFF,off/scene05/L0__s20260821__0004.png::boost_e2,scene05,off,B3b,16,B,3b,0.885342,-5.7278,-7.1228,63.154,4.5329,0
rgb,43,rgb_s43,OFF,off/scene05/L0__s20260821__0004.png::boost_e2,scene05,off,C3b,17,C,3b,0.682717,-5.7278,-7.1228,63.154,4.5329,0
rgb,43,rgb_s43,OFF,off/scene05/L0__s20260821__0005.png::boost_e2,scene05,off,B3b,16,B,3b,0.595756,-4.1908,-7.725,63.2632,5.4495,0
rgb,43,rgb_s43,OFF,off/scene05/L0__s20260821__0006.png::boost_e2,scene05,off,B3b,16,B,3b,0.633085,-4.6329,-0.5322,62.7745,5.8797,0
rgb,43,rgb_s43,OFF,off/scene05/L0__s20260821__0006.png::boost_e2,scene05,off,C3b,17,C,3b,0.567704,-4.6329,-0.5322,62.7745,5.8797,0
rgb,43,rgb_s43,OFF,off/scene05/L0__s20260821__0007.png::boost_e2,scene05,off,B3b,16,B,3b,0.894764,-3.79,-2.1479,63.1629,5.4524,0
rgb,43,rgb_s43,OFF,off/scene05/L0__s20260821__0007.png::boost_e2,scene05,off,C3b,17,C,3b,0.630347,-3.79,-2.1479,63.1629,5.4524,0
rgb,43,rgb_s43,OFF,off/scene05/L5__s20260821__0001.png::boost_e2,scene05,off,B3b,16,B,3b,0.532781,-11.2173,-11.6748,62.7749,7.0431,0
rgb,43,rgb_s43,OFF,off/scene05/L5__s20260821__0004.png::boost_e2,scene05,off,B3b,16,B,3b,0.589007,-5.7278,-7.1228,63.154,4.5329,0
rgb,43,rgb_s43,OFF,off/scene05/L5__s20260821__0005.png::boost_e2,scene05,off,B3b,16,B,3b,0.724977,-4.1908,-7.725,63.2632,5.4495,0
rgb,43,rgb_s43,OFF,off/scene05/L5__s20260821__0006.png::boost_e2,scene05,off,B3b,16,B,3b,0.557693,-4.6329,-0.5322,62.7745,5.8797,0
rgb,43,rgb_s43,OFF,off/scene05/L5__s20260821__0007.png::boost_e2,scene05,off,B3b,16,B,3b,0.88398,-3.79,-2.1479,63.1629,5.4524,0
rgb,43,rgb_s43,OFF,off/scene05/L5__s20260821__0007.png::boost_e2,scene05,off,C3b,17,C,3b,0.564966,-3.79,-2.1479,63.1629,5.4524,0
rgb,43,rgb_s43,OFF,off/scene05/L7__s20260821__0001.png::boost_e2,scene05,off,B3b,16,B,3b,0.740135,-11.2173,-11.6748,62.7749,7.0431,0
rgb,43,rgb_s43,OFF,off/scene05/L7__s20260821__0004.png::boost_e2,scene05,off,B3b,16,B,3b,0.902055,-5.7278,-7.1228,63.154,4.5329,0
rgb,43,rgb_s43,OFF,off/scene05/L7__s20260821__0004.png::boost_e2,scene05,off,C3b,17,C,3b,0.627719,-5.7278,-7.1228,63.154,4.5329,0
rgb,43,rgb_s43,OFF,off/scene05/L7__s20260821__0005.png::boost_e2,scene05,off,B3b,16,B,3b,0.611725,-4.1908,-7.725,63.2632,5.4495,0
rgb,43,rgb_s43,OFF,off/scene05/L7__s20260821__0006.png::boost_e2,scene05,off,B3b,16,B,3b,0.774741,-4.6329,-0.5322,62.7745,5.8797,0
rgb,43,rgb_s43,OFF,off/scene05/L7__s20260821__0006.png::boost_e2,scene05,off,C3b,17,C,3b,0.674215,-4.6329,-0.5322,62.7745,5.8797,0
rgb,43,rgb_s43,OFF,off/scene05/L7__s20260821__0007.png::boost_e2,scene05,off,B3b,16,B,3b,0.921268,-3.79,-2.1479,63.1629,5.4524,0
rgb,43,rgb_s43,OFF,off/scene05/L7__s20260821__0007.png::boost_e2,scene05,off,C3b,17,C,3b,0.613735,-3.79,-2.1479,63.1629,5.4524,0
rgb,43,rgb_s43,OFF,off/scene07/L7__s20260821__0003.png::boost_e2,scene07,off,B3b,16,B,3b,0.603086,-11.0113,-0.6132,62.5016,7.1387,0
rgb,43,rgb_s43,OFF,off/scene18/L0__s20260821__0000.png::boost_e2,scene18,off,B3a,11,B,3a,0.50142,-8.1314,-6.8834,61.6424,6.9167,0
rgb,43,rgb_s43,OFF,off/scene18/L0__s20260821__0000.png::boost_e2,scene18,off,D3a,13,D,3a,0.61346,-8.1314,-6.8834,61.6424,6.9167,0
rgb,43,rgb_s43,OFF,off/scene18/L0__s20260821__0000.png::boost_e2,scene18,off,B3b,16,B,3b,0.903641,-8.1314,-6.8834,61.6424,6.9167,0
rgb,43,rgb_s43,OFF,off/scene18/L0__s20260821__0000.png::boost_e2,scene18,off,C3b,17,C,3b,0.727847,-8.1314,-6.8834,61.6424,6.9167,0
rgb,43,rgb_s43,OFF,off/scene18/L0__s20260821__0000.png::boost_e2,scene18,off,D3b,18,D,3b,0.726783,-8.1314,-6.8834,61.6424,6.9167,0
rgb,43,rgb_s43,OFF,off/scene18/L0__s20260821__0001.png::boost_e2,scene18,off,A2,5,A,2,0.820443,-11.4302,-0.5328,63.721,4.691,0
rgb,43,rgb_s43,OFF,off/scene18/L0__s20260821__0001.png::boost_e2,scene18,off,B2,6,B,2,0.515327,-11.4302,-0.5328,63.721,4.691,0
rgb,43,rgb_s43,OFF,off/scene18/L0__s20260821__0001.png::boost_e2,scene18,off,D2,8,D,2,0.504338,-11.4302,-0.5328,63.721,4.691,0
rgb,43,rgb_s43,OFF,off/scene18/L0__s20260821__0001.png::boost_e2,scene18,off,E2,9,E,2,0.620955,-11.4302,-0.5328,63.721,4.691,0
rgb,43,rgb_s43,OFF,off/scene18/L0__s20260821__0001.png::boost_e2,scene18,off,B3b,16,B,3b,0.81847,-11.4302,-0.5328,63.721,4.691,0
rgb,43,rgb_s43,OFF,off/scene18/L0__s20260821__0001.png::boost_e2,scene18,off,C3b,17,C,3b,0.766662,-11.4302,-0.5328,63.721,4.691,0
rgb,43,rgb_s43,OFF,off/scene18/L0__s20260821__0001.png::boost_e2,scene18,off,D3b,18,D,3b,0.677163,-11.4302,-0.5328,63.721,4.691,0
rgb,43,rgb_s43,OFF,off/scene18/L0__s20260821__0002.png::boost_e2,scene18,off,D3a,13,D,3a,0.827692,-8.9683,14.9838,61.9861,5.8493,0
rgb,43,rgb_s43,OFF,off/scene18/L0__s20260821__0002.png::boost_e2,scene18,off,E3a,14,E,3a,0.86717,-8.9683,14.9838,61.9861,5.8493,0
rgb,43,rgb_s43,OFF,off/scene18/L0__s20260821__0002.png::boost_e2,scene18,off,B3b,16,B,3b,0.601736,-8.9683,14.9838,61.9861,5.8493,0
rgb,43,rgb_s43,OFF,off/scene18/L0__s20260821__0003.png::boost_e2,scene18,off,B3b,16,B,3b,0.598403,-11.9451,-8.9088,61.9543,8.2439,0
rgb,43,rgb_s43,OFF,off/scene18/L0__s20260821__0005.png::boost_e2,scene18,off,A3b,15,A,3b,0.502802,-9.7583,2.6568,60.7358,7.2478,0
rgb,43,rgb_s43,OFF,off/scene18/L0__s20260821__0005.png::boost_e2,scene18,off,B3b,16,B,3b,0.670072,-9.7583,2.6568,60.7358,7.2478,0
rgb,43,rgb_s43,OFF,off/scene18/L0__s20260821__0006.png::boost_e2,scene18,off,B3b,16,B,3b,0.604482,-14.0417,8.7955,61.3845,7.5669,0
rgb,43,rgb_s43,OFF,off/scene18/L0__s20260821__0007.png::boost_e2,scene18,off,A3a,10,A,3a,0.573805,-10.8723,-9.5014,63.9457,6.7865,0
rgb,43,rgb_s43,OFF,off/scene18/L0__s20260821__0007.png::boost_e2,scene18,off,A3b,15,A,3b,0.703743,-10.8723,-9.5014,63.9457,6.7865,0
rgb,43,rgb_s43,OFF,off/scene18/L0__s20260821__0007.png::boost_e2,scene18,off,B3b,16,B,3b,0.771296,-10.8723,-9.5014,63.9457,6.7865,0
rgb,43,rgb_s43,OFF,off/scene18/L5__s20260821__0000.png::boost_e2,scene18,off,B3b,16,B,3b,0.577857,-8.1314,-6.8834,61.6424,6.9167,0
rgb,43,rgb_s43,OFF,off/scene18/L5__s20260821__0001.png::boost_e2,scene18,off,A2,5,A,2,0.782578,-11.4302,-0.5328,63.721,4.691,0
rgb,43,rgb_s43,OFF,off/scene18/L5__s20260821__0001.png::boost_e2,scene18,off,E2,9,E,2,0.657855,-11.4302,-0.5328,63.721,4.691,0
rgb,43,rgb_s43,OFF,off/scene18/L5__s20260821__0001.png::boost_e2,scene18,off,B3a,11,B,3a,0.537917,-11.4302,-0.5328,63.721,4.691,0
rgb,43,rgb_s43,OFF,off/scene18/L5__s20260821__0001.png::boost_e2,scene18,off,D3a,13,D,3a,0.628938,-11.4302,-0.5328,63.721,4.691,0
rgb,43,rgb_s43,OFF,off/scene18/L5__s20260821__0001.png::boost_e2,scene18,off,B3b,16,B,3b,0.773138,-11.4302,-0.5328,63.721,4.691,0
rgb,43,rgb_s43,OFF,off/scene18/L5__s20260821__0001.png::boost_e2,scene18,off,C3b,17,C,3b,0.711421,-11.4302,-0.5328,63.721,4.691,0
rgb,43,rgb_s43,OFF,off/scene18/L5__s20260821__0001.png::boost_e2,scene18,off,D3b,18,D,3b,0.644477,-11.4302,-0.5328,63.721,4.691,0
rgb,43,rgb_s43,OFF,off/scene18/L5__s20260821__0003.png::boost_e2,scene18,off,B3a,11,B,3a,0.676032,-11.9451,-8.9088,61.9543,8.2439,0
rgb,43,rgb_s43,OFF,off/scene18/L5__s20260821__0003.png::boost_e2,scene18,off,D3a,13,D,3a,0.751337,-11.9451,-8.9088,61.9543,8.2439,0
rgb,43,rgb_s43,OFF,off/scene18/L5__s20260821__0003.png::boost_e2,scene18,off,A3b,15,A,3b,0.733246,-11.9451,-8.9088,61.9543,8.2439,0
rgb,43,rgb_s43,OFF,off/scene18/L5__s20260821__0003.png::boost_e2,scene18,off,B3b,16,B,3b,0.828181,-11.9451,-8.9088,61.9543,8.2439,0
rgb,43,rgb_s43,OFF,off/scene18/L5__s20260821__0003.png::boost_e2,scene18,off,C3b,17,C,3b,0.692507,-11.9451,-8.9088,61.9543,8.2439,0
rgb,43,rgb_s43,OFF,off/scene18/L5__s20260821__0003.png::boost_e2,scene18,off,D3b,18,D,3b,0.530086,-11.9451,-8.9088,61.9543,8.2439,0
rgb,43,rgb_s43,OFF,off/scene18/L5__s20260821__0004.png::boost_e2,scene18,off,D3a,13,D,3a,0.813221,-5.9762,12.1226,62.7369,6.2891,0
rgb,43,rgb_s43,OFF,off/scene18/L5__s20260821__0004.png::boost_e2,scene18,off,E3a,14,E,3a,0.67773,-5.9762,12.1226,62.7369,6.2891,0
rgb,43,rgb_s43,OFF,off/scene18/L5__s20260821__0006.png::boost_e2,scene18,off,D3a,13,D,3a,0.692797,-14.0417,8.7955,61.3845,7.5669,0
rgb,43,rgb_s43,OFF,off/scene18/L5__s20260821__0007.png::boost_e2,scene18,off,B3b,16,B,3b,0.502863,-10.8723,-9.5014,63.9457,6.7865,0
rgb,43,rgb_s43,OFF,off/scene18/L7__s20260821__0000.png::boost_e2,scene18,off,B3b,16,B,3b,0.856024,-8.1314,-6.8834,61.6424,6.9167,0
rgb,43,rgb_s43,OFF,off/scene18/L7__s20260821__0000.png::boost_e2,scene18,off,C3b,17,C,3b,0.68445,-8.1314,-6.8834,61.6424,6.9167,0
rgb,43,rgb_s43,OFF,off/scene18/L7__s20260821__0000.png::boost_e2,scene18,off,D3b,18,D,3b,0.656373,-8.1314,-6.8834,61.6424,6.9167,0
rgb,43,rgb_s43,OFF,off/scene18/L7__s20260821__0001.png::boost_e2,scene18,off,A2,5,A,2,0.855652,-11.4302,-0.5328,63.721,4.691,0
rgb,43,rgb_s43,OFF,off/scene18/L7__s20260821__0001.png::boost_e2,scene18,off,B2,6,B,2,0.567344,-11.4302,-0.5328,63.721,4.691,0
rgb,43,rgb_s43,OFF,off/scene18/L7__s20260821__0001.png::boost_e2,scene18,off,D2,8,D,2,0.612486,-11.4302,-0.5328,63.721,4.691,0
rgb,43,rgb_s43,OFF,off/scene18/L7__s20260821__0001.png::boost_e2,scene18,off,E2,9,E,2,0.746134,-11.4302,-0.5328,63.721,4.691,0
rgb,43,rgb_s43,OFF,off/scene18/L7__s20260821__0001.png::boost_e2,scene18,off,A3a,10,A,3a,0.606204,-11.4302,-0.5328,63.721,4.691,0
rgb,43,rgb_s43,OFF,off/scene18/L7__s20260821__0001.png::boost_e2,scene18,off,B3a,11,B,3a,0.665141,-11.4302,-0.5328,63.721,4.691,0
rgb,43,rgb_s43,OFF,off/scene18/L7__s20260821__0001.png::boost_e2,scene18,off,C3a,12,C,3a,0.548016,-11.4302,-0.5328,63.721,4.691,0
rgb,43,rgb_s43,OFF,off/scene18/L7__s20260821__0001.png::boost_e2,scene18,off,D3a,13,D,3a,0.666266,-11.4302,-0.5328,63.721,4.691,0
rgb,43,rgb_s43,OFF,off/scene18/L7__s20260821__0001.png::boost_e2,scene18,off,A3b,15,A,3b,0.511554,-11.4302,-0.5328,63.721,4.691,0
rgb,43,rgb_s43,OFF,off/scene18/L7__s20260821__0001.png::boost_e2,scene18,off,B3b,16,B,3b,0.935628,-11.4302,-0.5328,63.721,4.691,0
rgb,43,rgb_s43,OFF,off/scene18/L7__s20260821__0001.png::boost_e2,scene18,off,C3b,17,C,3b,0.938802,-11.4302,-0.5328,63.721,4.691,0
rgb,43,rgb_s43,OFF,off/scene18/L7__s20260821__0001.png::boost_e2,scene18,off,D3b,18,D,3b,0.907351,-11.4302,-0.5328,63.721,4.691,0
rgb,43,rgb_s43,OFF,off/scene18/L7__s20260821__0002.png::boost_e2,scene18,off,D3a,13,D,3a,0.720093,-8.9683,14.9838,61.9861,5.8493,0
rgb,43,rgb_s43,OFF,off/scene18/L7__s20260821__0002.png::boost_e2,scene18,off,E3a,14,E,3a,0.784661,-8.9683,14.9838,61.9861,5.8493,0
rgb,43,rgb_s43,OFF,off/scene18/L7__s20260821__0002.png::boost_e2,scene18,off,B3b,16,B,3b,0.60868,-8.9683,14.9838,61.9861,5.8493,0
rgb,43,rgb_s43,OFF,off/scene18/L7__s20260821__0003.png::boost_e2,scene18,off,B3b,16,B,3b,0.692328,-11.9451,-8.9088,61.9543,8.2439,0
rgb,43,rgb_s43,OFF,off/scene18/L7__s20260821__0006.png::boost_e2,scene18,off,B3b,16,B,3b,0.560323,-14.0417,8.7955,61.3845,7.5669,0
rgb,43,rgb_s43,OFF,off/scene18/L7__s20260821__0007.png::boost_e2,scene18,off,A3b,15,A,3b,0.53138,-10.8723,-9.5014,63.9457,6.7865,0
rgb,43,rgb_s43,OFF,off/scene18/L7__s20260821__0007.png::boost_e2,scene18,off,B3b,16,B,3b,0.569907,-10.8723,-9.5014,63.9457,6.7865,0
rgb,43,rgb_s43,ON_NEG,on/scene05/L0__s20260819__0001.png,scene05,V,D3a,13,D,3a,0.609099,-15.173,12.161,60.0807,9.829,0
rgb,43,rgb_s43,ON_NEG,on/scene05/L5__s20260819__0002.png,scene05,V,B3a,11,B,3a,0.682471,-10.3814,-5.3811,61.849,10.1547,0
rgb,43,rgb_s43,ON_NEG,on/scene07/L0__s20260819__0001.png,scene07,none_in_fov,B3b,16,B,3b,0.812157,-12.4971,7.4345,61.4783,11.6559,0
rgb,43,rgb_s43,ON_NEG,on/scene07/L0__s20260819__0001.png,scene07,none_in_fov,C3b,17,C,3b,0.927387,-12.4971,7.4345,61.4783,11.6559,0
rgb,43,rgb_s43,ON_NEG,on/scene07/L0__s20260819__0001.png,scene07,none_in_fov,D3b,18,D,3b,0.834516,-12.4971,7.4345,61.4783,11.6559,0
rgb,43,rgb_s43,ON_NEG,on/scene07/L0__s20260819__0003.png,scene07,V,A2,5,A,2,0.537622,-9.8928,4.8712,61.7741,2.4361,0
rgb,43,rgb_s43,ON_NEG,on/scene07/L0__s20260819__0003.png,scene07,V,E2,9,E,2,0.505336,-9.8928,4.8712,61.7741,2.4361,0
rgb,43,rgb_s43,ON_NEG,on/scene07/L0__s20260819__0003.png,scene07,V,D3b,18,D,3b,0.941465,-9.8928,4.8712,61.7741,2.4361,0
rgb,43,rgb_s43,ON_NEG,on/scene07/L0__s20260819__0004.png,scene07,V,A2,5,A,2,0.661864,-12.8155,-12.0811,63.2809,3.8019,0
rgb,43,rgb_s43,ON_NEG,on/scene07/L0__s20260819__0004.png,scene07,V,C3b,17,C,3b,0.88371,-12.8155,-12.0811,63.2809,3.8019,0
rgb,43,rgb_s43,ON_NEG,on/scene07/L0__s20260819__0006.png,scene07,V,D3b,18,D,3b,0.878223,-3.7993,3.5452,60.5677,1.5559,0
rgb,43,rgb_s43,ON_NEG,on/scene07/L5__s20260819__0001.png,scene07,none_in_fov,C3b,17,C,3b,0.905577,-12.4971,7.4345,61.4783,11.6559,0
rgb,43,rgb_s43,ON_NEG,on/scene07/L5__s20260819__0001.png,scene07,none_in_fov,D3b,18,D,3b,0.903783,-12.4971,7.4345,61.4783,11.6559,0
rgb,43,rgb_s43,ON_NEG,on/scene07/L5__s20260819__0003.png,scene07,V,D3b,18,D,3b,0.981215,-9.8928,4.8712,61.7741,2.4361,0
rgb,43,rgb_s43,ON_NEG,on/scene07/L5__s20260819__0004.png,scene07,V,C3b,17,C,3b,0.723733,-12.8155,-12.0811,63.2809,3.8019,0
rgb,43,rgb_s43,ON_NEG,on/scene07/L5__s20260819__0006.png,scene07,V,D3b,18,D,3b,0.784818,-3.7993,3.5452,60.5677,1.5559,0
rgb,43,rgb_s43,ON_NEG,on/scene07/L5__s20260819__0007.png,scene07,V,C3b,17,C,3b,0.853646,-9.7299,-3.7756,59.9335,3.9995,0
rgb,43,rgb_s43,ON_NEG,on/scene07/L7__s20260819__0001.png,scene07,none_in_fov,C3b,17,C,3b,0.961949,-12.4971,7.4345,61.4783,11.6559,0
rgb,43,rgb_s43,ON_NEG,on/scene07/L7__s20260819__0001.png,scene07,none_in_fov,D3b,18,D,3b,0.975854,-12.4971,7.4345,61.4783,11.6559,0
rgb,43,rgb_s43,ON_NEG,on/scene07/L7__s20260819__0003.png,scene07,V,D3b,18,D,3b,0.941115,-9.8928,4.8712,61.7741,2.4361,0
rgb,43,rgb_s43,ON_NEG,on/scene07/L7__s20260819__0004.png,scene07,V,C3b,17,C,3b,0.671642,-12.8155,-12.0811,63.2809,3.8019,0
rgb,43,rgb_s43,ON_NEG,on/scene07/L7__s20260819__0005.png,scene07,V,A3b,15,A,3b,0.798687,-9.3221,15.6943,62.9084,4.5788,0
rgb,43,rgb_s43,ON_NEG,on/scene07/L7__s20260819__0006.png,scene07,V,D3b,18,D,3b,0.725603,-3.7993,3.5452,60.5677,1.5559,0
rgb,43,rgb_s43,ON_NEG,on/scene15/L0__s20260819__0000.png,scene15,H,B3b,16,B,3b,0.570374,-6.6317,-4.2143,61.8616,9.9031,0
rgb,43,rgb_s43,ON_NEG,on/scene15/L0__s20260819__0000.png,scene15,H,D3b,18,D,3b,0.640933,-6.6317,-4.2143,61.8616,9.9031,0
rgb,43,rgb_s43,ON_NEG,on/scene15/L0__s20260819__0001.png,scene15,V,A2,5,A,2,0.718362,-7.5218,-9.2458,61.8359,1.858,0
rgb,43,rgb_s43,ON_NEG,on/scene15/L0__s20260819__0001.png,scene15,V,A3a,10,A,3a,0.574994,-7.5218,-9.2458,61.8359,1.858,0
rgb,43,rgb_s43,ON_NEG,on/scene15/L0__s20260819__0001.png,scene15,V,D3a,13,D,3a,0.750438,-7.5218,-9.2458,61.8359,1.858,0
rgb,43,rgb_s43,ON_NEG,on/scene15/L0__s20260819__0001.png,scene15,V,D3b,18,D,3b,0.9626,-7.5218,-9.2458,61.8359,1.858,0
rgb,43,rgb_s43,ON_NEG,on/scene15/L0__s20260819__0002.png,scene15,V,B3b,16,B,3b,0.706401,-8.4908,3.1991,65.8023,4.6673,0
rgb,43,rgb_s43,ON_NEG,on/scene15/L0__s20260819__0003.png,scene15,V,A2,5,A,2,0.755209,-13.9162,-3.4361,63.7846,1.3693,0
rgb,43,rgb_s43,ON_NEG,on/scene15/L0__s20260819__0003.png,scene15,V,B3b,16,B,3b,0.911785,-13.9162,-3.4361,63.7846,1.3693,0
rgb,43,rgb_s43,ON_NEG,on/scene15/L0__s20260819__0003.png,scene15,V,D3b,18,D,3b,0.624789,-13.9162,-3.4361,63.7846,1.3693,0
rgb,43,rgb_s43,ON_NEG,on/scene15/L0__s20260819__0004.png,scene15,V,B3b,16,B,3b,0.729213,-11.0394,5.5473,63.0915,5.5065,0
rgb,43,rgb_s43,ON_NEG,on/scene15/L0__s20260819__0005.png,scene15,V,A3a,10,A,3a,0.574964,-12.9205,6.4099,63.9932,3.0224,0
rgb,43,rgb_s43,ON_NEG,on/scene15/L0__s20260819__0005.png,scene15,V,B3a,11,B,3a,0.673579,-12.9205,6.4099,63.9932,3.0224,0
rgb,43,rgb_s43,ON_NEG,on/scene15/L0__s20260819__0005.png,scene15,V,B3b,16,B,3b,0.977156,-12.9205,6.4099,63.9932,3.0224,0
rgb,43,rgb_s43,ON_NEG,on/scene15/L0__s20260819__0006.png,scene15,V,C3a,12,C,3a,0.555959,-9.1914,-18.2162,60.3765,2.2421,0
rgb,43,rgb_s43,ON_NEG,on/scene15/L0__s20260819__0006.png,scene15,V,D3a,13,D,3a,0.582846,-9.1914,-18.2162,60.3765,2.2421,0
rgb,43,rgb_s43,ON_NEG,on/scene15/L0__s20260819__0006.png,scene15,V,C3b,17,C,3b,0.91647,-9.1914,-18.2162,60.3765,2.2421,0
rgb,43,rgb_s43,ON_NEG,on/scene15/L0__s20260819__0006.png,scene15,V,D3b,18,D,3b,0.900278,-9.1914,-18.2162,60.3765,2.2421,0
rgb,43,rgb_s43,ON_NEG,on/scene15/L0__s20260819__0007.png,scene15,V,B3b,16,B,3b,0.572108,-15.2404,1.5985,63.4015,5.1525,0
rgb,43,rgb_s43,ON_NEG,on/scene15/L0__s20260819__0007.png,scene15,V,D3b,18,D,3b,0.651881,-15.2404,1.5985,63.4015,5.1525,0
rgb,43,rgb_s43,ON_NEG,on/scene15/L4__s20260819__0000.png,scene15,H,B3b,16,B,3b,0.760873,-6.6317,-4.2143,61.8616,9.9031,0
rgb,43,rgb_s43,ON_NEG,on/scene15/L4__s20260819__0001.png,scene15,V,A2,5,A,2,0.826034,-7.5218,-9.2458,61.8359,1.858,0
rgb,43,rgb_s43,ON_NEG,on/scene15/L4__s20260819__0001.png,scene15,V,E2,9,E,2,0.54137,-7.5218,-9.2458,61.8359,1.858,0
rgb,43,rgb_s43,ON_NEG,on/scene15/L4__s20260819__0001.png,scene15,V,A3a,10,A,3a,0.617707,-7.5218,-9.2458,61.8359,1.858,0
rgb,43,rgb_s43,ON_NEG,on/scene15/L4__s20260819__0001.png,scene15,V,D3a,13,D,3a,0.763061,-7.5218,-9.2458,61.8359,1.858,0
rgb,43,rgb_s43,ON_NEG,on/scene15/L4__s20260819__0001.png,scene15,V,D3b,18,D,3b,0.962753,-7.5218,-9.2458,61.8359,1.858,0
rgb,43,rgb_s43,ON_NEG,on/scene15/L4__s20260819__0002.png,scene15,V,B3b,16,B,3b,0.831789,-8.4908,3.1991,65.8023,4.6673,0
rgb,43,rgb_s43,ON_NEG,on/scene15/L4__s20260819__0003.png,scene15,V,A2,5,A,2,0.72099,-13.9162,-3.4361,63.7846,1.3693,0
rgb,43,rgb_s43,ON_NEG,on/scene15/L4__s20260819__0003.png,scene15,V,B3b,16,B,3b,0.837861,-13.9162,-3.4361,63.7846,1.3693,0
rgb,43,rgb_s43,ON_NEG,on/scene15/L4__s20260819__0004.png,scene15,V,B3b,16,B,3b,0.635064,-11.0394,5.5473,63.0915,5.5065,0
rgb,43,rgb_s43,ON_NEG,on/scene15/L4__s20260819__0005.png,scene15,V,B3b,16,B,3b,0.894187,-12.9205,6.4099,63.9932,3.0224,0
rgb,43,rgb_s43,ON_NEG,on/scene15/L4__s20260819__0006.png,scene15,V,D3a,13,D,3a,0.575985,-9.1914,-18.2162,60.3765,2.2421,0
rgb,43,rgb_s43,ON_NEG,on/scene15/L4__s20260819__0006.png,scene15,V,C3b,17,C,3b,0.922984,-9.1914,-18.2162,60.3765,2.2421,0
rgb,43,rgb_s43,ON_NEG,on/scene15/L4__s20260819__0006.png,scene15,V,D3b,18,D,3b,0.875965,-9.1914,-18.2162,60.3765,2.2421,0
rgb,43,rgb_s43,ON_NEG,on/scene15/L4__s20260819__0007.png,scene15,V,B3b,16,B,3b,0.70967,-15.2404,1.5985,63.4015,5.1525,0
rgb,43,rgb_s43,ON_NEG,on/scene15/L4__s20260819__0007.png,scene15,V,D3b,18,D,3b,0.748845,-15.2404,1.5985,63.4015,5.1525,0
rgb,43,rgb_s43,ON_NEG,on/scene15/L7__s20260819__0000.png,scene15,H,B3b,16,B,3b,0.726285,-6.6317,-4.2143,61.8616,9.9031,0
rgb,43,rgb_s43,ON_NEG,on/scene15/L7__s20260819__0001.png,scene15,V,A2,5,A,2,0.832532,-7.5218,-9.2458,61.8359,1.858,0
rgb,43,rgb_s43,ON_NEG,on/scene15/L7__s20260819__0001.png,scene15,V,D2,8,D,2,0.527874,-7.5218,-9.2458,61.8359,1.858,0
rgb,43,rgb_s43,ON_NEG,on/scene15/L7__s20260819__0001.png,scene15,V,A3a,10,A,3a,0.63029,-7.5218,-9.2458,61.8359,1.858,0
rgb,43,rgb_s43,ON_NEG,on/scene15/L7__s20260819__0001.png,scene15,V,D3a,13,D,3a,0.762407,-7.5218,-9.2458,61.8359,1.858,0
rgb,43,rgb_s43,ON_NEG,on/scene15/L7__s20260819__0001.png,scene15,V,D3b,18,D,3b,0.944738,-7.5218,-9.2458,61.8359,1.858,0
rgb,43,rgb_s43,ON_NEG,on/scene15/L7__s20260819__0002.png,scene15,V,B3b,16,B,3b,0.854497,-8.4908,3.1991,65.8023,4.6673,0
rgb,43,rgb_s43,ON_NEG,on/scene15/L7__s20260819__0003.png,scene15,V,A2,5,A,2,0.755926,-13.9162,-3.4361,63.7846,1.3693,0
rgb,43,rgb_s43,ON_NEG,on/scene15/L7__s20260819__0003.png,scene15,V,D3a,13,D,3a,0.533438,-13.9162,-3.4361,63.7846,1.3693,0
rgb,43,rgb_s43,ON_NEG,on/scene15/L7__s20260819__0003.png,scene15,V,B3b,16,B,3b,0.789909,-13.9162,-3.4361,63.7846,1.3693,0
rgb,43,rgb_s43,ON_NEG,on/scene15/L7__s20260819__0004.png,scene15,V,B3b,16,B,3b,0.782624,-11.0394,5.5473,63.0915,5.5065,0
rgb,43,rgb_s43,ON_NEG,on/scene15/L7__s20260819__0005.png,scene15,V,B3a,11,B,3a,0.698273,-12.9205,6.4099,63.9932,3.0224,0
rgb,43,rgb_s43,ON_NEG,on/scene15/L7__s20260819__0005.png,scene15,V,B3b,16,B,3b,0.957558,-12.9205,6.4099,63.9932,3.0224,0
rgb,43,rgb_s43,ON_NEG,on/scene15/L7__s20260819__0006.png,scene15,V,C3a,12,C,3a,0.520696,-9.1914,-18.2162,60.3765,2.2421,0
rgb,43,rgb_s43,ON_NEG,on/scene15/L7__s20260819__0006.png,scene15,V,D3a,13,D,3a,0.524129,-9.1914,-18.2162,60.3765,2.2421,0
rgb,43,rgb_s43,ON_NEG,on/scene15/L7__s20260819__0006.png,scene15,V,C3b,17,C,3b,0.892603,-9.1914,-18.2162,60.3765,2.2421,0
rgb,43,rgb_s43,ON_NEG,on/scene15/L7__s20260819__0006.png,scene15,V,D3b,18,D,3b,0.811189,-9.1914,-18.2162,60.3765,2.2421,0
rgb,43,rgb_s43,ON_NEG,on/scene15/L7__s20260819__0007.png,scene15,V,B3b,16,B,3b,0.809713,-15.2404,1.5985,63.4015,5.1525,0
rgb,43,rgb_s43,ON_NEG,on/scene15/L7__s20260819__0007.png,scene15,V,D3b,18,D,3b,0.676629,-15.2404,1.5985,63.4015,5.1525,0
rgb,43,rgb_s43,ON_NEG,on/sceneC2/L2__s20260819__0000.png,sceneC2,V,D2,8,D,2,0.52407,-3.8125,-12.3059,62.9162,2.4832,0
rgb,43,rgb_s43,ON_NEG,on/sceneC2/L2__s20260819__0001.png,sceneC2,V,D3b,18,D,3b,0.560403,-13.4518,-13.0389,63.5306,6.8638,0
rgb,43,rgb_s43,ON_NEG,on/sceneC2/L2__s20260819__0002.png,sceneC2,V,A3b,15,A,3b,0.953469,-11.6494,-2.9872,60.6739,8.321,0
rgb,43,rgb_s43,ON_NEG,on/sceneC2/L2__s20260819__0002.png,sceneC2,V,D3b,18,D,3b,0.664802,-11.6494,-2.9872,60.6739,8.321,0
rgb,43,rgb_s43,ON_NEG,on/sceneC2/L2__s20260819__0002.png,sceneC2,V,E3b,19,E,3b,0.620266,-11.6494,-2.9872,60.6739,8.321,0
rgb,43,rgb_s43,ON_NEG,on/sceneC2/L3__s20260819__0001.png,sceneC2,V,D3b,18,D,3b,0.578783,-13.4518,-13.0389,63.5306,6.8638,0
rgb,43,rgb_s43,ON_NEG,on/sceneC2/L3__s20260819__0002.png,sceneC2,V,A3b,15,A,3b,0.935109,-11.6494,-2.9872,60.6739,8.321,0
rgb,43,rgb_s43,ON_NEG,on/sceneC2/L3__s20260819__0002.png,sceneC2,V,D3b,18,D,3b,0.662022,-11.6494,-2.9872,60.6739,8.321,0
rgb,43,rgb_s43,ON_NEG,on/sceneC2/L7__s20260819__0001.png,sceneC2,V,D3b,18,D,3b,0.585656,-13.4518,-13.0389,63.5306,6.8638,0
rgb,43,rgb_s43,ON_NEG,on/sceneC2/L7__s20260819__0002.png,sceneC2,V,A3b,15,A,3b,0.915799,-11.6494,-2.9872,60.6739,8.321,0
rgb,43,rgb_s43,ON_NEG,on/sceneC2/L7__s20260819__0002.png,sceneC2,V,D3b,18,D,3b,0.737516,-11.6494,-2.9872,60.6739,8.321,0
rgb,43,rgb_s43,ON_NEG,on/sceneC2/L7__s20260819__0002.png,sceneC2,V,E3b,19,E,3b,0.52445,-11.6494,-2.9872,60.6739,8.321,0
rgb,43,rgb_s43,ON_NEG,on/sceneN3/L0__s20260819__0000.png,sceneN3,none_in_fov,C3b,17,C,3b,0.565122,-16.2467,-6.5053,60.6518,9.1828,0
rgb,43,rgb_s43,ON_NEG,on/sceneN3/L0__s20260819__0001.png,sceneN3,none_in_fov,B3b,16,B,3b,0.655286,-12.6534,1.5439,61.04,5.2884,0
rgb,43,rgb_s43,ON_NEG,on/sceneN3/L0__s20260819__0001.png,sceneN3,none_in_fov,C3b,17,C,3b,0.615573,-12.6534,1.5439,61.04,5.2884,0
rgb,43,rgb_s43,ON_NEG,on/sceneN3/L0__s20260819__0002.png,sceneN3,none_in_fov,D3a,13,D,3a,0.597613,-13.1516,1.5693,63.1068,1.7608,0
rgb,43,rgb_s43,ON_NEG,on/sceneN3/L0__s20260819__0002.png,sceneN3,none_in_fov,C3b,17,C,3b,0.99302,-13.1516,1.5693,63.1068,1.7608,0
rgb,43,rgb_s43,ON_NEG,on/sceneN3/L0__s20260819__0002.png,sceneN3,none_in_fov,D3b,18,D,3b,0.996454,-13.1516,1.5693,63.1068,1.7608,0
rgb,43,rgb_s43,ON_NEG,on/sceneN3/L0__s20260819__0003.png,sceneN3,none_in_fov,B3b,16,B,3b,0.795401,-9.3231,5.7221,62.1685,8.3724,0
rgb,43,rgb_s43,ON_NEG,on/sceneN3/L0__s20260819__0003.png,sceneN3,none_in_fov,C3b,17,C,3b,0.662459,-9.3231,5.7221,62.1685,8.3724,0
rgb,43,rgb_s43,ON_NEG,on/sceneN3/L0__s20260819__0004.png,sceneN3,none_in_fov,B3b,16,B,3b,0.538942,-7.3546,-7.2186,63.4074,8.0992,0
rgb,43,rgb_s43,ON_NEG,on/sceneN3/L0__s20260819__0005.png,sceneN3,none_in_fov,B3a,11,B,3a,0.796789,-12.2129,-14.4798,63.1796,2.2677,0
rgb,43,rgb_s43,ON_NEG,on/sceneN3/L0__s20260819__0005.png,sceneN3,none_in_fov,B3b,16,B,3b,0.990966,-12.2129,-14.4798,63.1796,2.2677,0
rgb,43,rgb_s43,ON_NEG,on/sceneN3/L0__s20260819__0005.png,sceneN3,none_in_fov,C3b,17,C,3b,0.978489,-12.2129,-14.4798,63.1796,2.2677,0
rgb,43,rgb_s43,ON_NEG,on/sceneN3/L0__s20260819__0005.png,sceneN3,none_in_fov,D3b,18,D,3b,0.777716,-12.2129,-14.4798,63.1796,2.2677,0
rgb,43,rgb_s43,ON_NEG,on/sceneN3/L0__s20260819__0006.png,sceneN3,none_in_fov,B3b,16,B,3b,0.623957,-7.7849,2.4667,60.503,4.7311,0
rgb,43,rgb_s43,ON_NEG,on/sceneN3/L0__s20260819__0006.png,sceneN3,none_in_fov,C3b,17,C,3b,0.854987,-7.7849,2.4667,60.503,4.7311,0
rgb,43,rgb_s43,ON_NEG,on/sceneN3/L0__s20260819__0006.png,sceneN3,none_in_fov,D3b,18,D,3b,0.611185,-7.7849,2.4667,60.503,4.7311,0
rgb,43,rgb_s43,ON_NEG,on/sceneN3/L0__s20260819__0007.png,sceneN3,none_in_fov,C3b,17,C,3b,0.551112,-12.6477,6.8749,62.3125,1.3919,0
rgb,43,rgb_s43,ON_NEG,on/sceneN3/L0__s20260819__0007.png,sceneN3,none_in_fov,D3b,18,D,3b,0.87435,-12.6477,6.8749,62.3125,1.3919,0
rgb,43,rgb_s43,ON_NEG,on/sceneN3/L5__s20260819__0002.png,sceneN3,none_in_fov,C3b,17,C,3b,0.996236,-13.1516,1.5693,63.1068,1.7608,0
rgb,43,rgb_s43,ON_NEG,on/sceneN3/L5__s20260819__0002.png,sceneN3,none_in_fov,D3b,18,D,3b,0.99505,-13.1516,1.5693,63.1068,1.7608,0
rgb,43,rgb_s43,ON_NEG,on/sceneN3/L5__s20260819__0003.png,sceneN3,none_in_fov,C3b,17,C,3b,0.563518,-9.3231,5.7221,62.1685,8.3724,0
rgb,43,rgb_s43,ON_NEG,on/sceneN3/L5__s20260819__0004.png,sceneN3,none_in_fov,C3b,17,C,3b,0.727301,-7.3546,-7.2186,63.4074,8.0992,0
rgb,43,rgb_s43,ON_NEG,on/sceneN3/L5__s20260819__0005.png,sceneN3,none_in_fov,B3a,11,B,3a,0.752481,-12.2129,-14.4798,63.1796,2.2677,0
rgb,43,rgb_s43,ON_NEG,on/sceneN3/L5__s20260819__0005.png,sceneN3,none_in_fov,B3b,16,B,3b,0.958897,-12.2129,-14.4798,63.1796,2.2677,0
rgb,43,rgb_s43,ON_NEG,on/sceneN3/L5__s20260819__0005.png,sceneN3,none_in_fov,C3b,17,C,3b,0.974974,-12.2129,-14.4798,63.1796,2.2677,0
rgb,43,rgb_s43,ON_NEG,on/sceneN3/L5__s20260819__0005.png,sceneN3,none_in_fov,D3b,18,D,3b,0.563467,-12.2129,-14.4798,63.1796,2.2677,0
rgb,43,rgb_s43,ON_NEG,on/sceneN3/L5__s20260819__0006.png,sceneN3,none_in_fov,B3b,16,B,3b,0.811397,-7.7849,2.4667,60.503,4.7311,0
rgb,43,rgb_s43,ON_NEG,on/sceneN3/L5__s20260819__0006.png,sceneN3,none_in_fov,C3b,17,C,3b,0.956081,-7.7849,2.4667,60.503,4.7311,0
rgb,43,rgb_s43,ON_NEG,on/sceneN3/L5__s20260819__0006.png,sceneN3,none_in_fov,D3b,18,D,3b,0.875153,-7.7849,2.4667,60.503,4.7311,0
rgb,43,rgb_s43,ON_NEG,on/sceneN3/L5__s20260819__0007.png,sceneN3,none_in_fov,D3b,18,D,3b,0.883986,-12.6477,6.8749,62.3125,1.3919,0
rgb,43,rgb_s43,ON_NEG,on/sceneN3/L7__s20260819__0001.png,sceneN3,none_in_fov,B3b,16,B,3b,0.592499,-12.6534,1.5439,61.04,5.2884,0
rgb,43,rgb_s43,ON_NEG,on/sceneN3/L7__s20260819__0001.png,sceneN3,none_in_fov,C3b,17,C,3b,0.61595,-12.6534,1.5439,61.04,5.2884,0
rgb,43,rgb_s43,ON_NEG,on/sceneN3/L7__s20260819__0002.png,sceneN3,none_in_fov,C3b,17,C,3b,0.989422,-13.1516,1.5693,63.1068,1.7608,0
rgb,43,rgb_s43,ON_NEG,on/sceneN3/L7__s20260819__0002.png,sceneN3,none_in_fov,D3b,18,D,3b,0.994348,-13.1516,1.5693,63.1068,1.7608,0
rgb,43,rgb_s43,ON_NEG,on/sceneN3/L7__s20260819__0003.png,sceneN3,none_in_fov,C3b,17,C,3b,0.521359,-9.3231,5.7221,62.1685,8.3724,0
rgb,43,rgb_s43,ON_NEG,on/sceneN3/L7__s20260819__0004.png,sceneN3,none_in_fov,B3b,16,B,3b,0.653166,-7.3546,-7.2186,63.4074,8.0992,0
rgb,43,rgb_s43,ON_NEG,on/sceneN3/L7__s20260819__0004.png,sceneN3,none_in_fov,C3b,17,C,3b,0.677064,-7.3546,-7.2186,63.4074,8.0992,0
rgb,43,rgb_s43,ON_NEG,on/sceneN3/L7__s20260819__0005.png,sceneN3,none_in_fov,B3a,11,B,3a,0.758857,-12.2129,-14.4798,63.1796,2.2677,0
rgb,43,rgb_s43,ON_NEG,on/sceneN3/L7__s20260819__0005.png,sceneN3,none_in_fov,B3b,16,B,3b,0.979473,-12.2129,-14.4798,63.1796,2.2677,0
rgb,43,rgb_s43,ON_NEG,on/sceneN3/L7__s20260819__0005.png,sceneN3,none_in_fov,C3b,17,C,3b,0.970594,-12.2129,-14.4798,63.1796,2.2677,0
rgb,43,rgb_s43,ON_NEG,on/sceneN3/L7__s20260819__0005.png,sceneN3,none_in_fov,D3b,18,D,3b,0.668758,-12.2129,-14.4798,63.1796,2.2677,0
rgb,43,rgb_s43,ON_NEG,on/sceneN3/L7__s20260819__0006.png,sceneN3,none_in_fov,B3b,16,B,3b,0.698338,-7.7849,2.4667,60.503,4.7311,0
rgb,43,rgb_s43,ON_NEG,on/sceneN3/L7__s20260819__0006.png,sceneN3,none_in_fov,C3b,17,C,3b,0.914441,-7.7849,2.4667,60.503,4.7311,0
rgb,43,rgb_s43,ON_NEG,on/sceneN3/L7__s20260819__0006.png,sceneN3,none_in_fov,D3b,18,D,3b,0.753608,-7.7849,2.4667,60.503,4.7311,0
rgb,43,rgb_s43,ON_NEG,on/sceneN3/L7__s20260819__0007.png,sceneN3,none_in_fov,D3b,18,D,3b,0.745593,-12.6477,6.8749,62.3125,1.3919,0
rgb,43,rgb_s43,ON_NEG,on/scene14/L0__s20260820__0002.png::boost_h,scene14,none_in_fov,A3a,10,A,3a,0.535201,-7.0039,2.401,63.1403,11.657,0
rgb,43,rgb_s43,ON_NEG,on/scene14/L0__s20260820__0002.png::boost_h,scene14,none_in_fov,A3b,15,A,3b,0.859934,-7.0039,2.401,63.1403,11.657,0
rgb,43,rgb_s43,ON_NEG,on/scene14/L0__s20260820__0002.png::boost_h,scene14,none_in_fov,B3b,16,B,3b,0.928688,-7.0039,2.401,63.1403,11.657,0
rgb,43,rgb_s43,ON_NEG,on/scene14/L0__s20260820__0002.png::boost_h,scene14,none_in_fov,C3b,17,C,3b,0.596685,-7.0039,2.401,63.1403,11.657,0
rgb,43,rgb_s43,ON_NEG,on/scene14/L0__s20260820__0002.png::boost_h,scene14,none_in_fov,D3b,18,D,3b,0.807441,-7.0039,2.401,63.1403,11.657,0
rgb,43,rgb_s43,ON_NEG,on/scene14/L5__s20260820__0002.png::boost_h,scene14,none_in_fov,A3b,15,A,3b,0.673863,-7.0039,2.401,63.1403,11.657,0
rgb,43,rgb_s43,ON_NEG,on/scene14/L5__s20260820__0002.png::boost_h,scene14,none_in_fov,B3b,16,B,3b,0.845081,-7.0039,2.401,63.1403,11.657,0
rgb,43,rgb_s43,ON_NEG,on/scene14/L5__s20260820__0002.png::boost_h,scene14,none_in_fov,C3b,17,C,3b,0.710068,-7.0039,2.401,63.1403,11.657,0
rgb,43,rgb_s43,ON_NEG,on/scene14/L5__s20260820__0002.png::boost_h,scene14,none_in_fov,D3b,18,D,3b,0.716653,-7.0039,2.401,63.1403,11.657,0
rgb,43,rgb_s43,ON_NEG,on/scene14/L7__s20260820__0002.png::boost_h,scene14,none_in_fov,A2,5,A,2,0.910499,-7.0039,2.401,63.1403,11.657,0
rgb,43,rgb_s43,ON_NEG,on/scene14/L7__s20260820__0002.png::boost_h,scene14,none_in_fov,B2,6,B,2,0.859182,-7.0039,2.401,63.1403,11.657,0
rgb,43,rgb_s43,ON_NEG,on/scene14/L7__s20260820__0002.png::boost_h,scene14,none_in_fov,C2,7,C,2,0.821145,-7.0039,2.401,63.1403,11.657,0
rgb,43,rgb_s43,ON_NEG,on/scene14/L7__s20260820__0002.png::boost_h,scene14,none_in_fov,D2,8,D,2,0.890979,-7.0039,2.401,63.1403,11.657,0
rgb,43,rgb_s43,ON_NEG,on/scene14/L7__s20260820__0002.png::boost_h,scene14,none_in_fov,E2,9,E,2,0.82906,-7.0039,2.401,63.1403,11.657,0
rgb,43,rgb_s43,ON_NEG,on/scene14/L7__s20260820__0002.png::boost_h,scene14,none_in_fov,A3a,10,A,3a,0.958485,-7.0039,2.401,63.1403,11.657,0
rgb,43,rgb_s43,ON_NEG,on/scene14/L7__s20260820__0002.png::boost_h,scene14,none_in_fov,B3a,11,B,3a,0.854911,-7.0039,2.401,63.1403,11.657,0
rgb,43,rgb_s43,ON_NEG,on/scene14/L7__s20260820__0002.png::boost_h,scene14,none_in_fov,C3a,12,C,3a,0.678423,-7.0039,2.401,63.1403,11.657,0
rgb,43,rgb_s43,ON_NEG,on/scene14/L7__s20260820__0002.png::boost_h,scene14,none_in_fov,D3a,13,D,3a,0.862737,-7.0039,2.401,63.1403,11.657,0
rgb,43,rgb_s43,ON_NEG,on/scene14/L7__s20260820__0002.png::boost_h,scene14,none_in_fov,E3a,14,E,3a,0.915614,-7.0039,2.401,63.1403,11.657,0
rgb,43,rgb_s43,ON_NEG,on/scene14/L7__s20260820__0002.png::boost_h,scene14,none_in_fov,A3b,15,A,3b,0.980142,-7.0039,2.401,63.1403,11.657,0
rgb,43,rgb_s43,ON_NEG,on/scene14/L7__s20260820__0002.png::boost_h,scene14,none_in_fov,B3b,16,B,3b,0.968797,-7.0039,2.401,63.1403,11.657,0
rgb,43,rgb_s43,ON_NEG,on/scene14/L7__s20260820__0002.png::boost_h,scene14,none_in_fov,C3b,17,C,3b,0.860637,-7.0039,2.401,63.1403,11.657,0
rgb,43,rgb_s43,ON_NEG,on/scene14/L7__s20260820__0002.png::boost_h,scene14,none_in_fov,D3b,18,D,3b,0.962514,-7.0039,2.401,63.1403,11.657,0
rgb,43,rgb_s43,ON_NEG,on/scene14/L7__s20260820__0002.png::boost_h,scene14,none_in_fov,E3b,19,E,3b,0.929425,-7.0039,2.401,63.1403,11.657,0
rgb,43,rgb_s43,ON_NEG,on/scene15/L0__s20260820__0000.png::boost_h,scene15,H,C3b,17,C,3b,0.655579,-13.637,-17.7914,62.7559,10.9914,0
rgb,43,rgb_s43,ON_NEG,on/scene15/L0__s20260820__0001.png::boost_h,scene15,H,C3b,17,C,3b,0.807594,-6.8068,-11.8299,63.9125,9.9013,0
rgb,43,rgb_s43,ON_NEG,on/scene15/L0__s20260820__0001.png::boost_h,scene15,H,D3b,18,D,3b,0.544583,-6.8068,-11.8299,63.9125,9.9013,0
rgb,43,rgb_s43,ON_NEG,on/scene15/L0__s20260820__0002.png::boost_h,scene15,V,D3b,18,D,3b,0.500038,-8.6096,-4.0107,63.6728,6.6026,0
rgb,43,rgb_s43,ON_NEG,on/scene15/L0__s20260820__0006.png::boost_h,scene15,H,B3b,16,B,3b,0.8643,-5.1828,6.8137,59.5209,6.9519,0
rgb,43,rgb_s43,ON_NEG,on/scene15/L0__s20260820__0007.png::boost_h,scene15,H_weak,C3b,17,C,3b,0.690623,-9.4753,-12.4083,62.4936,8.3783,0
rgb,43,rgb_s43,ON_NEG,on/scene15/L0__s20260820__0007.png::boost_h,scene15,H_weak,D3b,18,D,3b,0.557693,-9.4753,-12.4083,62.4936,8.3783,0
rgb,43,rgb_s43,ON_NEG,on/scene15/L4__s20260820__0001.png::boost_h,scene15,H,C3b,17,C,3b,0.583473,-6.8068,-11.8299,63.9125,9.9013,0
rgb,43,rgb_s43,ON_NEG,on/scene15/L4__s20260820__0001.png::boost_h,scene15,H,D3b,18,D,3b,0.517309,-6.8068,-11.8299,63.9125,9.9013,0
rgb,43,rgb_s43,ON_NEG,on/scene15/L4__s20260820__0002.png::boost_h,scene15,V,D3b,18,D,3b,0.505408,-8.6096,-4.0107,63.6728,6.6026,0
rgb,43,rgb_s43,ON_NEG,on/scene15/L4__s20260820__0005.png::boost_h,scene15,H,C3b,17,C,3b,0.516495,-5.4058,-7.3396,62.3314,9.8366,0
rgb,43,rgb_s43,ON_NEG,on/scene15/L4__s20260820__0006.png::boost_h,scene15,H,B3b,16,B,3b,0.642045,-5.1828,6.8137,59.5209,6.9519,0
rgb,43,rgb_s43,ON_NEG,on/scene15/L7__s20260820__0000.png::boost_h,scene15,H,C3b,17,C,3b,0.569466,-13.637,-17.7914,62.7559,10.9914,0
rgb,43,rgb_s43,ON_NEG,on/scene15/L7__s20260820__0001.png::boost_h,scene15,H,C3b,17,C,3b,0.64874,-6.8068,-11.8299,63.9125,9.9013,0
rgb,43,rgb_s43,ON_NEG,on/scene15/L7__s20260820__0001.png::boost_h,scene15,H,D3b,18,D,3b,0.564201,-6.8068,-11.8299,63.9125,9.9013,0
rgb,43,rgb_s43,ON_NEG,on/scene15/L7__s20260820__0002.png::boost_h,scene15,V,D3b,18,D,3b,0.505061,-8.6096,-4.0107,63.6728,6.6026,0
rgb,43,rgb_s43,ON_NEG,on/scene15/L7__s20260820__0005.png::boost_h,scene15,H,C3b,17,C,3b,0.658305,-5.4058,-7.3396,62.3314,9.8366,0
rgb,43,rgb_s43,ON_NEG,on/scene15/L7__s20260820__0006.png::boost_h,scene15,H,B3b,16,B,3b,0.796721,-5.1828,6.8137,59.5209,6.9519,0
rgb,43,rgb_s43,ON_NEG,on/scene05/L5__s20260820__0005.png::boost_e,scene05,V,A2,5,A,2,0.558066,-9.9958,-4.8864,61.371,6.2772,0
rgb,43,rgb_s43,ON_NEG,on/scene05/L5__s20260820__0006.png::boost_e,scene05,V,A3a,10,A,3a,0.750841,-12.8982,-6.3539,61.1324,9.7574,0
rgb,43,rgb_s43,ON_NEG,on/scene05/L5__s20260820__0006.png::boost_e,scene05,V,B3a,11,B,3a,0.96179,-12.8982,-6.3539,61.1324,9.7574,0
rgb,43,rgb_s43,ON_NEG,on/scene05/L7__s20260820__0006.png::boost_e,scene05,V,A3a,10,A,3a,0.549696,-12.8982,-6.3539,61.1324,9.7574,0
rgb,43,rgb_s43,ON_NEG,on/scene05/L7__s20260820__0006.png::boost_e,scene05,V,B3a,11,B,3a,0.824382,-12.8982,-6.3539,61.1324,9.7574,0
rgb,43,rgb_s43,ON_NEG,on/scene07/L0__s20260820__0000.png::boost_e,scene07,V,A2,5,A,2,0.570121,-10.2409,14.1283,61.8254,9.3533,0
rgb,43,rgb_s43,ON_NEG,on/scene07/L0__s20260820__0000.png::boost_e,scene07,V,B3b,16,B,3b,0.941195,-10.2409,14.1283,61.8254,9.3533,0
rgb,43,rgb_s43,ON_NEG,on/scene07/L0__s20260820__0000.png::boost_e,scene07,V,C3b,17,C,3b,0.983377,-10.2409,14.1283,61.8254,9.3533,0
rgb,43,rgb_s43,ON_NEG,on/scene07/L0__s20260820__0001.png::boost_e,scene07,V,A2,5,A,2,0.531542,-8.7737,-1.6736,63.801,8.4933,0
rgb,43,rgb_s43,ON_NEG,on/scene07/L0__s20260820__0001.png::boost_e,scene07,V,D2,8,D,2,0.57683,-8.7737,-1.6736,63.801,8.4933,0
rgb,43,rgb_s43,ON_NEG,on/scene07/L0__s20260820__0001.png::boost_e,scene07,V,E2,9,E,2,0.585634,-8.7737,-1.6736,63.801,8.4933,0
rgb,43,rgb_s43,ON_NEG,on/scene07/L0__s20260820__0001.png::boost_e,scene07,V,D3a,13,D,3a,0.576483,-8.7737,-1.6736,63.801,8.4933,0
rgb,43,rgb_s43,ON_NEG,on/scene07/L0__s20260820__0001.png::boost_e,scene07,V,D3b,18,D,3b,0.970239,-8.7737,-1.6736,63.801,8.4933,0
rgb,43,rgb_s43,ON_NEG,on/scene07/L0__s20260820__0003.png::boost_e,scene07,V,B3b,16,B,3b,0.915499,-10.8121,7.6338,61.1751,9.743,0
rgb,43,rgb_s43,ON_NEG,on/scene07/L0__s20260820__0004.png::boost_e,scene07,none_in_fov,C3b,17,C,3b,0.619263,-11.296,14.3304,62.4153,11.7361,0
rgb,43,rgb_s43,ON_NEG,on/scene07/L0__s20260820__0004.png::boost_e,scene07,none_in_fov,D3b,18,D,3b,0.938546,-11.296,14.3304,62.4153,11.7361,0
rgb,43,rgb_s43,ON_NEG,on/scene07/L0__s20260820__0005.png::boost_e,scene07,V,A3b,15,A,3b,0.787728,-13.5151,3.1873,60.3528,6.7166,0
rgb,43,rgb_s43,ON_NEG,on/scene07/L0__s20260820__0005.png::boost_e,scene07,V,D3b,18,D,3b,0.783204,-13.5151,3.1873,60.3528,6.7166,0
rgb,43,rgb_s43,ON_NEG,on/scene07/L0__s20260820__0007.png::boost_e,scene07,none_in_fov,B3b,16,B,3b,0.893699,-8.8831,-5.8973,62.4612,11.793,0
rgb,43,rgb_s43,ON_NEG,on/scene07/L0__s20260820__0007.png::boost_e,scene07,none_in_fov,C3b,17,C,3b,0.890364,-8.8831,-5.8973,62.4612,11.793,0
rgb,43,rgb_s43,ON_NEG,on/scene07/L5__s20260820__0000.png::boost_e,scene07,V,B3b,16,B,3b,0.648624,-10.2409,14.1283,61.8254,9.3533,0
rgb,43,rgb_s43,ON_NEG,on/scene07/L5__s20260820__0000.png::boost_e,scene07,V,C3b,17,C,3b,0.996586,-10.2409,14.1283,61.8254,9.3533,0
rgb,43,rgb_s43,ON_NEG,on/scene07/L5__s20260820__0001.png::boost_e,scene07,V,D3b,18,D,3b,0.981762,-8.7737,-1.6736,63.801,8.4933,0
rgb,43,rgb_s43,ON_NEG,on/scene07/L5__s20260820__0003.png::boost_e,scene07,V,E2,9,E,2,0.511784,-10.8121,7.6338,61.1751,9.743,0
rgb,43,rgb_s43,ON_NEG,on/scene07/L5__s20260820__0004.png::boost_e,scene07,none_in_fov,C3b,17,C,3b,0.66133,-11.296,14.3304,62.4153,11.7361,0
rgb,43,rgb_s43,ON_NEG,on/scene07/L5__s20260820__0004.png::boost_e,scene07,none_in_fov,D3b,18,D,3b,0.951523,-11.296,14.3304,62.4153,11.7361,0
rgb,43,rgb_s43,ON_NEG,on/scene07/L5__s20260820__0005.png::boost_e,scene07,V,A3b,15,A,3b,0.742656,-13.5151,3.1873,60.3528,6.7166,0
rgb,43,rgb_s43,ON_NEG,on/scene07/L5__s20260820__0005.png::boost_e,scene07,V,D3b,18,D,3b,0.951493,-13.5151,3.1873,60.3528,6.7166,0
rgb,43,rgb_s43,ON_NEG,on/scene07/L5__s20260820__0007.png::boost_e,scene07,none_in_fov,B3b,16,B,3b,0.826237,-8.8831,-5.8973,62.4612,11.793,0
rgb,43,rgb_s43,ON_NEG,on/scene07/L5__s20260820__0007.png::boost_e,scene07,none_in_fov,C3b,17,C,3b,0.954153,-8.8831,-5.8973,62.4612,11.793,0
rgb,43,rgb_s43,ON_NEG,on/scene07/L5__s20260820__0007.png::boost_e,scene07,none_in_fov,D3b,18,D,3b,0.764746,-8.8831,-5.8973,62.4612,11.793,0
rgb,43,rgb_s43,ON_NEG,on/scene07/L7__s20260820__0000.png::boost_e,scene07,V,C3b,17,C,3b,0.97903,-10.2409,14.1283,61.8254,9.3533,0
rgb,43,rgb_s43,ON_NEG,on/scene07/L7__s20260820__0001.png::boost_e,scene07,V,D3b,18,D,3b,0.890515,-8.7737,-1.6736,63.801,8.4933,0
rgb,43,rgb_s43,ON_NEG,on/scene07/L7__s20260820__0004.png::boost_e,scene07,none_in_fov,D3b,18,D,3b,0.87163,-11.296,14.3304,62.4153,11.7361,0
rgb,43,rgb_s43,ON_NEG,on/scene07/L7__s20260820__0005.png::boost_e,scene07,V,A3b,15,A,3b,0.780828,-13.5151,3.1873,60.3528,6.7166,0
rgb,43,rgb_s43,ON_NEG,on/scene07/L7__s20260820__0005.png::boost_e,scene07,V,D3b,18,D,3b,0.835292,-13.5151,3.1873,60.3528,6.7166,0
rgb,43,rgb_s43,ON_NEG,on/scene07/L7__s20260820__0007.png::boost_e,scene07,none_in_fov,B3b,16,B,3b,0.786924,-8.8831,-5.8973,62.4612,11.793,0
rgb,43,rgb_s43,ON_NEG,on/scene07/L7__s20260820__0007.png::boost_e,scene07,none_in_fov,C3b,17,C,3b,0.951036,-8.8831,-5.8973,62.4612,11.793,0
rgb,43,rgb_s43,ON_NEG,on/scene14/L0__s20260820__0002.png::boost_e,scene14,none_in_fov,A3b,15,A,3b,0.965229,-7.0039,2.401,63.1403,11.657,0
rgb,43,rgb_s43,ON_NEG,on/scene14/L0__s20260820__0002.png::boost_e,scene14,none_in_fov,B3b,16,B,3b,0.999572,-7.0039,2.401,63.1403,11.657,0
rgb,43,rgb_s43,ON_NEG,on/scene14/L0__s20260820__0002.png::boost_e,scene14,none_in_fov,C3b,17,C,3b,0.997521,-7.0039,2.401,63.1403,11.657,0
rgb,43,rgb_s43,ON_NEG,on/scene14/L0__s20260820__0002.png::boost_e,scene14,none_in_fov,D3b,18,D,3b,0.919304,-7.0039,2.401,63.1403,11.657,0
rgb,43,rgb_s43,ON_NEG,on/scene14/L5__s20260820__0002.png::boost_e,scene14,none_in_fov,A3b,15,A,3b,0.96254,-7.0039,2.401,63.1403,11.657,0
rgb,43,rgb_s43,ON_NEG,on/scene14/L5__s20260820__0002.png::boost_e,scene14,none_in_fov,B3b,16,B,3b,0.998959,-7.0039,2.401,63.1403,11.657,0
rgb,43,rgb_s43,ON_NEG,on/scene14/L5__s20260820__0002.png::boost_e,scene14,none_in_fov,C3b,17,C,3b,0.995153,-7.0039,2.401,63.1403,11.657,0
rgb,43,rgb_s43,ON_NEG,on/scene14/L5__s20260820__0002.png::boost_e,scene14,none_in_fov,D3b,18,D,3b,0.866982,-7.0039,2.401,63.1403,11.657,0
rgb,43,rgb_s43,ON_NEG,on/scene14/L7__s20260820__0002.png::boost_e,scene14,none_in_fov,A3b,15,A,3b,0.939804,-7.0039,2.401,63.1403,11.657,0
rgb,43,rgb_s43,ON_NEG,on/scene14/L7__s20260820__0002.png::boost_e,scene14,none_in_fov,B3b,16,B,3b,0.99903,-7.0039,2.401,63.1403,11.657,0
rgb,43,rgb_s43,ON_NEG,on/scene14/L7__s20260820__0002.png::boost_e,scene14,none_in_fov,C3b,17,C,3b,0.998078,-7.0039,2.401,63.1403,11.657,0
rgb,43,rgb_s43,ON_NEG,on/scene14/L7__s20260820__0002.png::boost_e,scene14,none_in_fov,D3b,18,D,3b,0.989383,-7.0039,2.401,63.1403,11.657,0
rgb,43,rgb_s43,ON_NEG,on/scene15/L0__s20260820__0000.png::boost_e,scene15,H,C3b,17,C,3b,0.651302,-13.637,-17.7914,62.7559,10.9914,0
rgb,43,rgb_s43,ON_NEG,on/scene15/L0__s20260820__0001.png::boost_e,scene15,H_weak,C3b,17,C,3b,0.712896,-6.8068,-11.8299,63.9125,9.9013,0
rgb,43,rgb_s43,ON_NEG,on/scene15/L0__s20260820__0001.png::boost_e,scene15,H_weak,D3b,18,D,3b,0.694648,-6.8068,-11.8299,63.9125,9.9013,0
rgb,43,rgb_s43,ON_NEG,on/scene15/L0__s20260820__0004.png::boost_e,scene15,H,D3b,18,D,3b,0.562123,-12.6937,-3.4861,58.1207,9.9583,0
rgb,43,rgb_s43,ON_NEG,on/scene15/L0__s20260820__0006.png::boost_e,scene15,H,B3b,16,B,3b,0.854389,-5.1828,6.8137,59.5209,6.9519,0
rgb,43,rgb_s43,ON_NEG,on/scene15/L0__s20260820__0007.png::boost_e,scene15,V,C3b,17,C,3b,0.560545,-9.4753,-12.4083,62.4936,8.3783,0
rgb,43,rgb_s43,ON_NEG,on/scene15/L0__s20260820__0007.png::boost_e,scene15,V,D3b,18,D,3b,0.675827,-9.4753,-12.4083,62.4936,8.3783,0
rgb,43,rgb_s43,ON_NEG,on/scene15/L4__s20260820__0002.png::boost_e,scene15,V,D3b,18,D,3b,0.794772,-8.6096,-4.0107,63.6728,6.6026,0
rgb,43,rgb_s43,ON_NEG,on/scene15/L4__s20260820__0006.png::boost_e,scene15,H,B3b,16,B,3b,0.581552,-5.1828,6.8137,59.5209,6.9519,0
rgb,43,rgb_s43,ON_NEG,on/scene15/L7__s20260820__0000.png::boost_e,scene15,H,C3b,17,C,3b,0.587399,-13.637,-17.7914,62.7559,10.9914,0
rgb,43,rgb_s43,ON_NEG,on/scene15/L7__s20260820__0002.png::boost_e,scene15,V,D3b,18,D,3b,0.798741,-8.6096,-4.0107,63.6728,6.6026,0
rgb,43,rgb_s43,ON_NEG,on/scene15/L7__s20260820__0005.png::boost_e,scene15,H,C3b,17,C,3b,0.595313,-5.4058,-7.3396,62.3314,9.8366,0
rgb,43,rgb_s43,ON_NEG,on/scene15/L7__s20260820__0006.png::boost_e,scene15,H,B3b,16,B,3b,0.760613,-5.1828,6.8137,59.5209,6.9519,0
rgb,43,rgb_s43,ON_NEG,on/scene15/L7__s20260820__0007.png::boost_e,scene15,V,D3b,18,D,3b,0.550261,-9.4753,-12.4083,62.4936,8.3783,0
rgb,43,rgb_s43,ON_NEG,on/scene18/L0__s20260820__0000.png::boost_e,scene18,E,B3a,11,B,3a,0.502362,-7.1653,2.4167,61.1034,9.9477,0
rgb,43,rgb_s43,ON_NEG,on/scene18/L0__s20260820__0000.png::boost_e,scene18,E,D3a,13,D,3a,0.900499,-7.1653,2.4167,61.1034,9.9477,0
rgb,43,rgb_s43,ON_NEG,on/scene18/L0__s20260820__0001.png::boost_e,scene18,E,A3a,10,A,3a,0.592937,-10.1204,15.1866,63.5385,10.0506,0
rgb,43,rgb_s43,ON_NEG,on/scene18/L0__s20260820__0001.png::boost_e,scene18,E,B3a,11,B,3a,0.601318,-10.1204,15.1866,63.5385,10.0506,0
rgb,43,rgb_s43,ON_NEG,on/scene18/L0__s20260820__0001.png::boost_e,scene18,E,D3a,13,D,3a,0.988331,-10.1204,15.1866,63.5385,10.0506,0
rgb,43,rgb_s43,ON_NEG,on/scene18/L0__s20260820__0001.png::boost_e,scene18,E,E3a,14,E,3a,0.827449,-10.1204,15.1866,63.5385,10.0506,0
rgb,43,rgb_s43,ON_NEG,on/scene18/L0__s20260820__0001.png::boost_e,scene18,E,A3b,15,A,3b,0.742208,-10.1204,15.1866,63.5385,10.0506,0
rgb,43,rgb_s43,ON_NEG,on/scene18/L0__s20260820__0003.png::boost_e,scene18,V,B3a,11,B,3a,0.528176,-8.8448,-3.6128,59.415,8.964,0
rgb,43,rgb_s43,ON_NEG,on/scene18/L0__s20260820__0003.png::boost_e,scene18,V,D3a,13,D,3a,0.850047,-8.8448,-3.6128,59.415,8.964,0
rgb,43,rgb_s43,ON_NEG,on/scene18/L0__s20260820__0004.png::boost_e,scene18,E,D3a,13,D,3a,0.68844,-16.4348,4.8995,62.3306,10.047,0
rgb,43,rgb_s43,ON_NEG,on/scene18/L5__s20260820__0000.png::boost_e,scene18,E,D3a,13,D,3a,0.827833,-7.1653,2.4167,61.1034,9.9477,0
rgb,43,rgb_s43,ON_NEG,on/scene18/L5__s20260820__0001.png::boost_e,scene18,E,D3a,13,D,3a,0.995069,-10.1204,15.1866,63.5385,10.0506,0
rgb,43,rgb_s43,ON_NEG,on/scene18/L5__s20260820__0001.png::boost_e,scene18,E,E3a,14,E,3a,0.885717,-10.1204,15.1866,63.5385,10.0506,0
rgb,43,rgb_s43,ON_NEG,on/scene18/L5__s20260820__0001.png::boost_e,scene18,E,A3b,15,A,3b,0.674465,-10.1204,15.1866,63.5385,10.0506,0
rgb,43,rgb_s43,ON_NEG,on/scene18/L5__s20260820__0003.png::boost_e,scene18,V,B3a,11,B,3a,0.62116,-8.8448,-3.6128,59.415,8.964,0
rgb,43,rgb_s43,ON_NEG,on/scene18/L5__s20260820__0003.png::boost_e,scene18,V,D3a,13,D,3a,0.934238,-8.8448,-3.6128,59.415,8.964,0
rgb,43,rgb_s43,ON_NEG,on/scene18/L5__s20260820__0004.png::boost_e,scene18,E,D3a,13,D,3a,0.936246,-16.4348,4.8995,62.3306,10.047,0
rgb,43,rgb_s43,ON_NEG,on/scene18/L7__s20260820__0000.png::boost_e,scene18,E,B3a,11,B,3a,0.618051,-7.1653,2.4167,61.1034,9.9477,0
rgb,43,rgb_s43,ON_NEG,on/scene18/L7__s20260820__0000.png::boost_e,scene18,E,D3a,13,D,3a,0.921099,-7.1653,2.4167,61.1034,9.9477,0
rgb,43,rgb_s43,ON_NEG,on/scene18/L7__s20260820__0001.png::boost_e,scene18,E,A3a,10,A,3a,0.574593,-10.1204,15.1866,63.5385,10.0506,0
rgb,43,rgb_s43,ON_NEG,on/scene18/L7__s20260820__0001.png::boost_e,scene18,E,B3a,11,B,3a,0.655773,-10.1204,15.1866,63.5385,10.0506,0
rgb,43,rgb_s43,ON_NEG,on/scene18/L7__s20260820__0001.png::boost_e,scene18,E,D3a,13,D,3a,0.991553,-10.1204,15.1866,63.5385,10.0506,0
rgb,43,rgb_s43,ON_NEG,on/scene18/L7__s20260820__0001.png::boost_e,scene18,E,E3a,14,E,3a,0.86139,-10.1204,15.1866,63.5385,10.0506,0
rgb,43,rgb_s43,ON_NEG,on/scene18/L7__s20260820__0001.png::boost_e,scene18,E,A3b,15,A,3b,0.742985,-10.1204,15.1866,63.5385,10.0506,0
rgb,43,rgb_s43,ON_NEG,on/scene18/L7__s20260820__0003.png::boost_e,scene18,V,D3a,13,D,3a,0.747783,-8.8448,-3.6128,59.415,8.964,0
rgb,43,rgb_s43,ON_NEG,on/scene18/L7__s20260820__0004.png::boost_e,scene18,E,D3a,13,D,3a,0.799974,-16.4348,4.8995,62.3306,10.047,0
rgb,43,rgb_s43,ON_NEG,on/scene07/L0__s20260821__0000.png::boost_e2,scene07,V,A2,5,A,2,0.725787,-9.0864,4.975,60.5839,4.6498,0
rgb,43,rgb_s43,ON_NEG,on/scene07/L0__s20260821__0000.png::boost_e2,scene07,V,D2,8,D,2,0.519379,-9.0864,4.975,60.5839,4.6498,0
rgb,43,rgb_s43,ON_NEG,on/scene07/L0__s20260821__0000.png::boost_e2,scene07,V,E2,9,E,2,0.52789,-9.0864,4.975,60.5839,4.6498,0
rgb,43,rgb_s43,ON_NEG,on/scene07/L0__s20260821__0000.png::boost_e2,scene07,V,A3a,10,A,3a,0.519327,-9.0864,4.975,60.5839,4.6498,0
rgb,43,rgb_s43,ON_NEG,on/scene07/L0__s20260821__0001.png::boost_e2,scene07,V,A3b,15,A,3b,0.679181,-8.6491,14.3681,62.653,6.526,0
rgb,43,rgb_s43,ON_NEG,on/scene07/L0__s20260821__0003.png::boost_e2,scene07,V,A2,5,A,2,0.778067,-11.0113,-0.6132,62.5016,7.1387,0
rgb,43,rgb_s43,ON_NEG,on/scene07/L0__s20260821__0003.png::boost_e2,scene07,V,B2,6,B,2,0.636633,-11.0113,-0.6132,62.5016,7.1387,0
rgb,43,rgb_s43,ON_NEG,on/scene07/L0__s20260821__0003.png::boost_e2,scene07,V,D2,8,D,2,0.630669,-11.0113,-0.6132,62.5016,7.1387,0
rgb,43,rgb_s43,ON_NEG,on/scene07/L0__s20260821__0003.png::boost_e2,scene07,V,E2,9,E,2,0.718426,-11.0113,-0.6132,62.5016,7.1387,0
rgb,43,rgb_s43,ON_NEG,on/scene07/L0__s20260821__0003.png::boost_e2,scene07,V,A3a,10,A,3a,0.954106,-11.0113,-0.6132,62.5016,7.1387,0
rgb,43,rgb_s43,ON_NEG,on/scene07/L0__s20260821__0003.png::boost_e2,scene07,V,B3a,11,B,3a,0.917981,-11.0113,-0.6132,62.5016,7.1387,0
rgb,43,rgb_s43,ON_NEG,on/scene07/L0__s20260821__0003.png::boost_e2,scene07,V,C3a,12,C,3a,0.726874,-11.0113,-0.6132,62.5016,7.1387,0
rgb,43,rgb_s43,ON_NEG,on/scene07/L0__s20260821__0003.png::boost_e2,scene07,V,D3a,13,D,3a,0.814841,-11.0113,-0.6132,62.5016,7.1387,0
rgb,43,rgb_s43,ON_NEG,on/scene07/L0__s20260821__0003.png::boost_e2,scene07,V,E3a,14,E,3a,0.658057,-11.0113,-0.6132,62.5016,7.1387,0
rgb,43,rgb_s43,ON_NEG,on/scene07/L0__s20260821__0003.png::boost_e2,scene07,V,A3b,15,A,3b,0.886366,-11.0113,-0.6132,62.5016,7.1387,0
rgb,43,rgb_s43,ON_NEG,on/scene07/L0__s20260821__0003.png::boost_e2,scene07,V,D3b,18,D,3b,0.994883,-11.0113,-0.6132,62.5016,7.1387,0
rgb,43,rgb_s43,ON_NEG,on/scene07/L0__s20260821__0004.png::boost_e2,scene07,V,D3b,18,D,3b,0.705166,-13.3275,-0.1348,64.6075,6.5636,0
rgb,43,rgb_s43,ON_NEG,on/scene07/L0__s20260821__0005.png::boost_e2,scene07,V,D3b,18,D,3b,0.946962,-5.0214,-1.8091,62.1167,8.8712,0
rgb,43,rgb_s43,ON_NEG,on/scene07/L0__s20260821__0007.png::boost_e2,scene07,V,D3b,18,D,3b,0.57797,-12.7675,1.6425,64.5249,4.4163,0
rgb,43,rgb_s43,ON_NEG,on/scene07/L5__s20260821__0003.png::boost_e2,scene07,V,A3a,10,A,3a,0.893656,-11.0113,-0.6132,62.5016,7.1387,0
rgb,43,rgb_s43,ON_NEG,on/scene07/L5__s20260821__0003.png::boost_e2,scene07,V,B3a,11,B,3a,0.821265,-11.0113,-0.6132,62.5016,7.1387,0
rgb,43,rgb_s43,ON_NEG,on/scene07/L5__s20260821__0003.png::boost_e2,scene07,V,C3a,12,C,3a,0.505532,-11.0113,-0.6132,62.5016,7.1387,0
rgb,43,rgb_s43,ON_NEG,on/scene07/L5__s20260821__0003.png::boost_e2,scene07,V,A3b,15,A,3b,0.966557,-11.0113,-0.6132,62.5016,7.1387,0
rgb,43,rgb_s43,ON_NEG,on/scene07/L5__s20260821__0003.png::boost_e2,scene07,V,D3b,18,D,3b,0.974808,-11.0113,-0.6132,62.5016,7.1387,0
rgb,43,rgb_s43,ON_NEG,on/scene07/L5__s20260821__0004.png::boost_e2,scene07,V,D3b,18,D,3b,0.511106,-13.3275,-0.1348,64.6075,6.5636,0
rgb,43,rgb_s43,ON_NEG,on/scene07/L5__s20260821__0005.png::boost_e2,scene07,V,D3b,18,D,3b,0.745529,-5.0214,-1.8091,62.1167,8.8712,0
rgb,43,rgb_s43,ON_NEG,on/scene07/L7__s20260821__0001.png::boost_e2,scene07,V,A3b,15,A,3b,0.841041,-8.6491,14.3681,62.653,6.526,0
rgb,43,rgb_s43,ON_NEG,on/scene07/L7__s20260821__0003.png::boost_e2,scene07,V,A3a,10,A,3a,0.670717,-11.0113,-0.6132,62.5016,7.1387,0
rgb,43,rgb_s43,ON_NEG,on/scene07/L7__s20260821__0003.png::boost_e2,scene07,V,B3a,11,B,3a,0.550914,-11.0113,-0.6132,62.5016,7.1387,0
rgb,43,rgb_s43,ON_NEG,on/scene07/L7__s20260821__0003.png::boost_e2,scene07,V,A3b,15,A,3b,0.968004,-11.0113,-0.6132,62.5016,7.1387,0
rgb,43,rgb_s43,ON_NEG,on/scene07/L7__s20260821__0003.png::boost_e2,scene07,V,D3b,18,D,3b,0.99501,-11.0113,-0.6132,62.5016,7.1387,0
rgb,43,rgb_s43,ON_NEG,on/scene07/L7__s20260821__0004.png::boost_e2,scene07,V,D3b,18,D,3b,0.830702,-13.3275,-0.1348,64.6075,6.5636,0
rgb,43,rgb_s43,ON_NEG,on/scene07/L7__s20260821__0005.png::boost_e2,scene07,V,D3b,18,D,3b,0.950856,-5.0214,-1.8091,62.1167,8.8712,0
rgb,43,rgb_s43,ON_NEG,on/scene07/L7__s20260821__0007.png::boost_e2,scene07,V,D3b,18,D,3b,0.711358,-12.7675,1.6425,64.5249,4.4163,0
rgb,43,rgb_s43,ON_NEG,on/scene18/L0__s20260821__0003.png::boost_e2,scene18,E,B3a,11,B,3a,0.501515,-11.9451,-8.9088,61.9543,8.2439,0
rgb,43,rgb_s43,ON_NEG,on/scene18/L5__s20260821__0003.png::boost_e2,scene18,E,B3a,11,B,3a,0.695048,-11.9451,-8.9088,61.9543,8.2439,0
rgb,43,rgb_s43,ON_NEG,on/scene18/L5__s20260821__0003.png::boost_e2,scene18,E,D3a,13,D,3a,0.698217,-11.9451,-8.9088,61.9543,8.2439,0
rgb,43,rgb_s43,ON_NEG,on/scene18/L7__s20260821__0002.png::boost_e2,scene18,E,E2,9,E,2,0.521348,-8.9683,14.9838,61.9861,5.8493,0
rgb,43,rgb_s43,ON_NEG,on/scene18/L7__s20260821__0003.png::boost_e2,scene18,E,B3a,11,B,3a,0.51105,-11.9451,-8.9088,61.9543,8.2439,0
rgb,44,rgb_s44,OFF,off/scene05/L0__s20260819__0001.png,scene05,off,A3b,15,A,3b,0.656847,-15.173,12.161,60.0807,9.829,0
rgb,44,rgb_s44,OFF,off/scene05/L0__s20260819__0001.png,scene05,off,B3b,16,B,3b,0.797634,-15.173,12.161,60.0807,9.829,0
rgb,44,rgb_s44,OFF,off/scene05/L5__s20260819__0001.png,scene05,off,A3b,15,A,3b,0.60307,-15.173,12.161,60.0807,9.829,0
rgb,44,rgb_s44,OFF,off/scene05/L5__s20260819__0001.png,scene05,off,B3b,16,B,3b,0.864341,-15.173,12.161,60.0807,9.829,0
rgb,44,rgb_s44,OFF,off/scene05/L5__s20260819__0001.png,scene05,off,C3b,17,C,3b,0.751821,-15.173,12.161,60.0807,9.829,0
rgb,44,rgb_s44,OFF,off/scene05/L5__s20260819__0002.png,scene05,off,A3b,15,A,3b,0.572508,-10.3814,-5.3811,61.849,10.1547,0
rgb,44,rgb_s44,OFF,off/scene05/L5__s20260819__0002.png,scene05,off,B3b,16,B,3b,0.836759,-10.3814,-5.3811,61.849,10.1547,0
rgb,44,rgb_s44,OFF,off/scene05/L5__s20260819__0002.png,scene05,off,C3b,17,C,3b,0.68805,-10.3814,-5.3811,61.849,10.1547,0
rgb,44,rgb_s44,OFF,off/scene05/L5__s20260819__0007.png,scene05,off,C3b,17,C,3b,0.554062,-11.0887,-6.1282,60.9132,3.4946,0
rgb,44,rgb_s44,OFF,off/scene05/L7__s20260819__0001.png,scene05,off,A3b,15,A,3b,0.571222,-15.173,12.161,60.0807,9.829,0
rgb,44,rgb_s44,OFF,off/scene05/L7__s20260819__0001.png,scene05,off,B3b,16,B,3b,0.755133,-15.173,12.161,60.0807,9.829,0
rgb,44,rgb_s44,OFF,off/scene14/L0__s20260819__0002.png,scene14,off,A2,5,A,2,0.553259,-13.2604,4.4652,60.6011,1.3141,0
rgb,44,rgb_s44,OFF,off/scene14/L0__s20260819__0005.png,scene14,off,C3a,12,C,3a,0.549665,-11.6875,3.1562,60.5808,4.4487,0
rgb,44,rgb_s44,OFF,off/scene14/L0__s20260819__0005.png,scene14,off,D3a,13,D,3a,0.594291,-11.6875,3.1562,60.5808,4.4487,0
rgb,44,rgb_s44,OFF,off/scene14/L0__s20260819__0005.png,scene14,off,C3b,17,C,3b,0.707363,-11.6875,3.1562,60.5808,4.4487,0
rgb,44,rgb_s44,OFF,off/scene14/L0__s20260819__0005.png,scene14,off,D3b,18,D,3b,0.535632,-11.6875,3.1562,60.5808,4.4487,0
rgb,44,rgb_s44,OFF,off/scene14/L5__s20260819__0005.png,scene14,off,C3b,17,C,3b,0.789035,-11.6875,3.1562,60.5808,4.4487,0
rgb,44,rgb_s44,OFF,off/scene14/L7__s20260819__0005.png,scene14,off,C3a,12,C,3a,0.557251,-11.6875,3.1562,60.5808,4.4487,0
rgb,44,rgb_s44,OFF,off/scene14/L7__s20260819__0005.png,scene14,off,C3b,17,C,3b,0.805487,-11.6875,3.1562,60.5808,4.4487,0
rgb,44,rgb_s44,OFF,off/scene14/L7__s20260819__0005.png,scene14,off,D3b,18,D,3b,0.658579,-11.6875,3.1562,60.5808,4.4487,0
rgb,44,rgb_s44,OFF,off/scene15/L0__s20260819__0000.png,scene15,off,B3b,16,B,3b,0.778574,-6.6317,-4.2143,61.8616,9.9031,0
rgb,44,rgb_s44,OFF,off/scene15/L0__s20260819__0000.png,scene15,off,C3b,17,C,3b,0.54109,-6.6317,-4.2143,61.8616,9.9031,0
rgb,44,rgb_s44,OFF,off/scene15/L0__s20260819__0001.png,scene15,off,B3b,16,B,3b,0.794382,-7.5218,-9.2458,61.8359,1.858,0
rgb,44,rgb_s44,OFF,off/scene15/L0__s20260819__0001.png,scene15,off,C3b,17,C,3b,0.634407,-7.5218,-9.2458,61.8359,1.858,0
rgb,44,rgb_s44,OFF,off/scene15/L0__s20260819__0002.png,scene15,off,C3b,17,C,3b,0.532203,-8.4908,3.1991,65.8023,4.6673,0
rgb,44,rgb_s44,OFF,off/scene15/L0__s20260819__0003.png,scene15,off,B3b,16,B,3b,0.607203,-13.9162,-3.4361,63.7846,1.3693,0
rgb,44,rgb_s44,OFF,off/scene15/L0__s20260819__0005.png,scene15,off,C3a,12,C,3a,0.513707,-12.9205,6.4099,63.9932,3.0224,0
rgb,44,rgb_s44,OFF,off/scene15/L0__s20260819__0005.png,scene15,off,B3b,16,B,3b,0.850015,-12.9205,6.4099,63.9932,3.0224,0
rgb,44,rgb_s44,OFF,off/scene15/L0__s20260819__0005.png,scene15,off,C3b,17,C,3b,0.746485,-12.9205,6.4099,63.9932,3.0224,0
rgb,44,rgb_s44,OFF,off/scene15/L0__s20260819__0006.png,scene15,off,A2,5,A,2,0.614087,-9.1914,-18.2162,60.3765,2.2421,0
rgb,44,rgb_s44,OFF,off/scene15/L0__s20260819__0006.png,scene15,off,A3a,10,A,3a,0.603444,-9.1914,-18.2162,60.3765,2.2421,0
rgb,44,rgb_s44,OFF,off/scene15/L0__s20260819__0006.png,scene15,off,B3a,11,B,3a,0.568165,-9.1914,-18.2162,60.3765,2.2421,0
rgb,44,rgb_s44,OFF,off/scene15/L0__s20260819__0006.png,scene15,off,B3b,16,B,3b,0.880283,-9.1914,-18.2162,60.3765,2.2421,0
rgb,44,rgb_s44,OFF,off/scene15/L4__s20260819__0002.png,scene15,off,C3b,17,C,3b,0.510048,-8.4908,3.1991,65.8023,4.6673,0
rgb,44,rgb_s44,OFF,off/scene15/L4__s20260819__0003.png,scene15,off,B3b,16,B,3b,0.50103,-13.9162,-3.4361,63.7846,1.3693,0
rgb,44,rgb_s44,OFF,off/scene15/L4__s20260819__0005.png,scene15,off,C3b,17,C,3b,0.591321,-12.9205,6.4099,63.9932,3.0224,0
rgb,44,rgb_s44,OFF,off/scene15/L4__s20260819__0006.png,scene15,off,B3b,16,B,3b,0.715847,-9.1914,-18.2162,60.3765,2.2421,0
rgb,44,rgb_s44,OFF,off/scene15/L4__s20260819__0006.png,scene15,off,C3b,17,C,3b,0.54498,-9.1914,-18.2162,60.3765,2.2421,0
rgb,44,rgb_s44,OFF,off/scene15/L7__s20260819__0001.png,scene15,off,C3b,17,C,3b,0.538388,-7.5218,-9.2458,61.8359,1.858,0
rgb,44,rgb_s44,OFF,off/scene15/L7__s20260819__0003.png,scene15,off,B3b,16,B,3b,0.566192,-13.9162,-3.4361,63.7846,1.3693,0
rgb,44,rgb_s44,OFF,off/scene15/L7__s20260819__0004.png,scene15,off,D3b,18,D,3b,0.575443,-11.0394,5.5473,63.0915,5.5065,0
rgb,44,rgb_s44,OFF,off/scene15/L7__s20260819__0005.png,scene15,off,B3b,16,B,3b,0.700782,-12.9205,6.4099,63.9932,3.0224,0
rgb,44,rgb_s44,OFF,off/scene15/L7__s20260819__0005.png,scene15,off,C3b,17,C,3b,0.670089,-12.9205,6.4099,63.9932,3.0224,0
rgb,44,rgb_s44,OFF,off/scene15/L7__s20260819__0006.png,scene15,off,B3b,16,B,3b,0.742134,-9.1914,-18.2162,60.3765,2.2421,0
rgb,44,rgb_s44,OFF,off/scene15/L7__s20260819__0006.png,scene15,off,C3b,17,C,3b,0.575034,-9.1914,-18.2162,60.3765,2.2421,0
rgb,44,rgb_s44,OFF,off/scene18/L7__s20260819__0002.png,scene18,off,A3b,15,A,3b,0.542657,-17.1516,-15.9889,62.3123,10.4512,0
rgb,44,rgb_s44,OFF,off/sceneN3/L0__s20260819__0001.png,sceneN3,off,C3a,12,C,3a,0.674442,-12.6534,1.5439,61.04,5.2884,0
rgb,44,rgb_s44,OFF,off/sceneN3/L0__s20260819__0001.png,sceneN3,off,D3a,13,D,3a,0.973283,-12.6534,1.5439,61.04,5.2884,0
rgb,44,rgb_s44,OFF,off/sceneN3/L0__s20260819__0001.png,sceneN3,off,C3b,17,C,3b,0.87399,-12.6534,1.5439,61.04,5.2884,0
rgb,44,rgb_s44,OFF,off/sceneN3/L0__s20260819__0001.png,sceneN3,off,D3b,18,D,3b,0.65571,-12.6534,1.5439,61.04,5.2884,0
rgb,44,rgb_s44,OFF,off/sceneN3/L0__s20260819__0002.png,sceneN3,off,B3a,11,B,3a,0.667407,-13.1516,1.5693,63.1068,1.7608,0
rgb,44,rgb_s44,OFF,off/sceneN3/L0__s20260819__0002.png,sceneN3,off,C3a,12,C,3a,0.751624,-13.1516,1.5693,63.1068,1.7608,0
rgb,44,rgb_s44,OFF,off/sceneN3/L0__s20260819__0002.png,sceneN3,off,D3a,13,D,3a,0.985855,-13.1516,1.5693,63.1068,1.7608,0
rgb,44,rgb_s44,OFF,off/sceneN3/L0__s20260819__0002.png,sceneN3,off,B3b,16,B,3b,0.845012,-13.1516,1.5693,63.1068,1.7608,0
rgb,44,rgb_s44,OFF,off/sceneN3/L0__s20260819__0002.png,sceneN3,off,C3b,17,C,3b,0.97203,-13.1516,1.5693,63.1068,1.7608,0
rgb,44,rgb_s44,OFF,off/sceneN3/L0__s20260819__0002.png,sceneN3,off,D3b,18,D,3b,0.860927,-13.1516,1.5693,63.1068,1.7608,0
rgb,44,rgb_s44,OFF,off/sceneN3/L0__s20260819__0002.png,sceneN3,off,E3b,19,E,3b,0.511819,-13.1516,1.5693,63.1068,1.7608,0
rgb,44,rgb_s44,OFF,off/sceneN3/L0__s20260819__0005.png,sceneN3,off,A3a,10,A,3a,0.57763,-12.2129,-14.4798,63.1796,2.2677,0
rgb,44,rgb_s44,OFF,off/sceneN3/L0__s20260819__0005.png,sceneN3,off,B3a,11,B,3a,0.63753,-12.2129,-14.4798,63.1796,2.2677,0
rgb,44,rgb_s44,OFF,off/sceneN3/L0__s20260819__0005.png,sceneN3,off,A3b,15,A,3b,0.651244,-12.2129,-14.4798,63.1796,2.2677,0
rgb,44,rgb_s44,OFF,off/sceneN3/L0__s20260819__0005.png,sceneN3,off,B3b,16,B,3b,0.914243,-12.2129,-14.4798,63.1796,2.2677,0
rgb,44,rgb_s44,OFF,off/sceneN3/L0__s20260819__0005.png,sceneN3,off,C3b,17,C,3b,0.792486,-12.2129,-14.4798,63.1796,2.2677,0
rgb,44,rgb_s44,OFF,off/sceneN3/L0__s20260819__0006.png,sceneN3,off,D3a,13,D,3a,0.912177,-7.7849,2.4667,60.503,4.7311,0
rgb,44,rgb_s44,OFF,off/sceneN3/L0__s20260819__0006.png,sceneN3,off,C3b,17,C,3b,0.843813,-7.7849,2.4667,60.503,4.7311,0
rgb,44,rgb_s44,OFF,off/sceneN3/L0__s20260819__0006.png,sceneN3,off,D3b,18,D,3b,0.609731,-7.7849,2.4667,60.503,4.7311,0
rgb,44,rgb_s44,OFF,off/sceneN3/L0__s20260819__0007.png,sceneN3,off,C3a,12,C,3a,0.61122,-12.6477,6.8749,62.3125,1.3919,0
rgb,44,rgb_s44,OFF,off/sceneN3/L0__s20260819__0007.png,sceneN3,off,D3a,13,D,3a,0.766354,-12.6477,6.8749,62.3125,1.3919,0
rgb,44,rgb_s44,OFF,off/sceneN3/L0__s20260819__0007.png,sceneN3,off,C3b,17,C,3b,0.695053,-12.6477,6.8749,62.3125,1.3919,0
rgb,44,rgb_s44,OFF,off/sceneN3/L5__s20260819__0000.png,sceneN3,off,A2,5,A,2,0.574767,-16.2467,-6.5053,60.6518,9.1828,0
rgb,44,rgb_s44,OFF,off/sceneN3/L5__s20260819__0000.png,sceneN3,off,B2,6,B,2,0.808621,-16.2467,-6.5053,60.6518,9.1828,0
rgb,44,rgb_s44,OFF,off/sceneN3/L5__s20260819__0000.png,sceneN3,off,C2,7,C,2,0.844704,-16.2467,-6.5053,60.6518,9.1828,0
rgb,44,rgb_s44,OFF,off/sceneN3/L5__s20260819__0000.png,sceneN3,off,D2,8,D,2,0.851441,-16.2467,-6.5053,60.6518,9.1828,0
rgb,44,rgb_s44,OFF,off/sceneN3/L5__s20260819__0000.png,sceneN3,off,E2,9,E,2,0.602356,-16.2467,-6.5053,60.6518,9.1828,0
rgb,44,rgb_s44,OFF,off/sceneN3/L5__s20260819__0000.png,sceneN3,off,C3a,12,C,3a,0.518529,-16.2467,-6.5053,60.6518,9.1828,0
rgb,44,rgb_s44,OFF,off/sceneN3/L5__s20260819__0000.png,sceneN3,off,D3a,13,D,3a,0.700193,-16.2467,-6.5053,60.6518,9.1828,0
rgb,44,rgb_s44,OFF,off/sceneN3/L5__s20260819__0000.png,sceneN3,off,B3b,16,B,3b,0.607409,-16.2467,-6.5053,60.6518,9.1828,0
rgb,44,rgb_s44,OFF,off/sceneN3/L5__s20260819__0001.png,sceneN3,off,D3a,13,D,3a,0.708625,-12.6534,1.5439,61.04,5.2884,0
rgb,44,rgb_s44,OFF,off/sceneN3/L5__s20260819__0001.png,sceneN3,off,C3b,17,C,3b,0.524504,-12.6534,1.5439,61.04,5.2884,0
rgb,44,rgb_s44,OFF,off/sceneN3/L5__s20260819__0002.png,sceneN3,off,C3a,12,C,3a,0.890872,-13.1516,1.5693,63.1068,1.7608,0
rgb,44,rgb_s44,OFF,off/sceneN3/L5__s20260819__0002.png,sceneN3,off,D3a,13,D,3a,0.815604,-13.1516,1.5693,63.1068,1.7608,0
rgb,44,rgb_s44,OFF,off/sceneN3/L5__s20260819__0002.png,sceneN3,off,B3b,16,B,3b,0.536552,-13.1516,1.5693,63.1068,1.7608,0
rgb,44,rgb_s44,OFF,off/sceneN3/L5__s20260819__0002.png,sceneN3,off,C3b,17,C,3b,0.965997,-13.1516,1.5693,63.1068,1.7608,0
rgb,44,rgb_s44,OFF,off/sceneN3/L5__s20260819__0002.png,sceneN3,off,D3b,18,D,3b,0.727322,-13.1516,1.5693,63.1068,1.7608,0
rgb,44,rgb_s44,OFF,off/sceneN3/L5__s20260819__0005.png,sceneN3,off,B3b,16,B,3b,0.667103,-12.2129,-14.4798,63.1796,2.2677,0
rgb,44,rgb_s44,OFF,off/sceneN3/L5__s20260819__0005.png,sceneN3,off,C3b,17,C,3b,0.724877,-12.2129,-14.4798,63.1796,2.2677,0
rgb,44,rgb_s44,OFF,off/sceneN3/L5__s20260819__0006.png,sceneN3,off,D3a,13,D,3a,0.575149,-7.7849,2.4667,60.503,4.7311,0
rgb,44,rgb_s44,OFF,off/sceneN3/L5__s20260819__0006.png,sceneN3,off,C3b,17,C,3b,0.763599,-7.7849,2.4667,60.503,4.7311,0
rgb,44,rgb_s44,OFF,off/sceneN3/L5__s20260819__0006.png,sceneN3,off,D3b,18,D,3b,0.68766,-7.7849,2.4667,60.503,4.7311,0
rgb,44,rgb_s44,OFF,off/sceneN3/L5__s20260819__0007.png,sceneN3,off,C3b,17,C,3b,0.617676,-12.6477,6.8749,62.3125,1.3919,0
rgb,44,rgb_s44,OFF,off/sceneN3/L7__s20260819__0000.png,sceneN3,off,B2,6,B,2,0.570305,-16.2467,-6.5053,60.6518,9.1828,0
rgb,44,rgb_s44,OFF,off/sceneN3/L7__s20260819__0000.png,sceneN3,off,C2,7,C,2,0.696402,-16.2467,-6.5053,60.6518,9.1828,0
rgb,44,rgb_s44,OFF,off/sceneN3/L7__s20260819__0000.png,sceneN3,off,D2,8,D,2,0.576442,-16.2467,-6.5053,60.6518,9.1828,0
rgb,44,rgb_s44,OFF,off/sceneN3/L7__s20260819__0000.png,sceneN3,off,C3a,12,C,3a,0.569584,-16.2467,-6.5053,60.6518,9.1828,0
rgb,44,rgb_s44,OFF,off/sceneN3/L7__s20260819__0001.png,sceneN3,off,C3a,12,C,3a,0.687052,-12.6534,1.5439,61.04,5.2884,0
rgb,44,rgb_s44,OFF,off/sceneN3/L7__s20260819__0001.png,sceneN3,off,D3a,13,D,3a,0.949629,-12.6534,1.5439,61.04,5.2884,0
rgb,44,rgb_s44,OFF,off/sceneN3/L7__s20260819__0001.png,sceneN3,off,C3b,17,C,3b,0.965292,-12.6534,1.5439,61.04,5.2884,0
rgb,44,rgb_s44,OFF,off/sceneN3/L7__s20260819__0001.png,sceneN3,off,D3b,18,D,3b,0.882679,-12.6534,1.5439,61.04,5.2884,0
rgb,44,rgb_s44,OFF,off/sceneN3/L7__s20260819__0002.png,sceneN3,off,B3a,11,B,3a,0.577804,-13.1516,1.5693,63.1068,1.7608,0
rgb,44,rgb_s44,OFF,off/sceneN3/L7__s20260819__0002.png,sceneN3,off,C3a,12,C,3a,0.922041,-13.1516,1.5693,63.1068,1.7608,0
rgb,44,rgb_s44,OFF,off/sceneN3/L7__s20260819__0002.png,sceneN3,off,D3a,13,D,3a,0.963176,-13.1516,1.5693,63.1068,1.7608,0
rgb,44,rgb_s44,OFF,off/sceneN3/L7__s20260819__0002.png,sceneN3,off,B3b,16,B,3b,0.744667,-13.1516,1.5693,63.1068,1.7608,0
rgb,44,rgb_s44,OFF,off/sceneN3/L7__s20260819__0002.png,sceneN3,off,C3b,17,C,3b,0.981096,-13.1516,1.5693,63.1068,1.7608,0
rgb,44,rgb_s44,OFF,off/sceneN3/L7__s20260819__0002.png,sceneN3,off,D3b,18,D,3b,0.803452,-13.1516,1.5693,63.1068,1.7608,0
rgb,44,rgb_s44,OFF,off/sceneN3/L7__s20260819__0005.png,sceneN3,off,B3b,16,B,3b,0.650898,-12.2129,-14.4798,63.1796,2.2677,0
rgb,44,rgb_s44,OFF,off/sceneN3/L7__s20260819__0005.png,sceneN3,off,C3b,17,C,3b,0.648949,-12.2129,-14.4798,63.1796,2.2677,0
rgb,44,rgb_s44,OFF,off/sceneN3/L7__s20260819__0006.png,sceneN3,off,D3a,13,D,3a,0.822137,-7.7849,2.4667,60.503,4.7311,0
rgb,44,rgb_s44,OFF,off/sceneN3/L7__s20260819__0006.png,sceneN3,off,C3b,17,C,3b,0.973583,-7.7849,2.4667,60.503,4.7311,0
rgb,44,rgb_s44,OFF,off/sceneN3/L7__s20260819__0006.png,sceneN3,off,D3b,18,D,3b,0.922232,-7.7849,2.4667,60.503,4.7311,0
rgb,44,rgb_s44,OFF,off/sceneN3/L7__s20260819__0007.png,sceneN3,off,D3a,13,D,3a,0.734769,-12.6477,6.8749,62.3125,1.3919,0
rgb,44,rgb_s44,OFF,off/sceneN3/L7__s20260819__0007.png,sceneN3,off,C3b,17,C,3b,0.825522,-12.6477,6.8749,62.3125,1.3919,0
rgb,44,rgb_s44,OFF,off/sceneN3/L7__s20260819__0007.png,sceneN3,off,D3b,18,D,3b,0.713768,-12.6477,6.8749,62.3125,1.3919,0
rgb,44,rgb_s44,OFF,off/scene15/L0__s20260820__0000.png::boost_h,scene15,off,B3b,16,B,3b,0.77895,-13.637,-17.7914,62.7559,10.9914,0
rgb,44,rgb_s44,OFF,off/scene15/L0__s20260820__0000.png::boost_h,scene15,off,C3b,17,C,3b,0.565475,-13.637,-17.7914,62.7559,10.9914,0
rgb,44,rgb_s44,OFF,off/scene15/L0__s20260820__0001.png::boost_h,scene15,off,D3a,13,D,3a,0.627799,-6.8068,-11.8299,63.9125,9.9013,0
rgb,44,rgb_s44,OFF,off/scene15/L0__s20260820__0001.png::boost_h,scene15,off,C3b,17,C,3b,0.677881,-6.8068,-11.8299,63.9125,9.9013,0
rgb,44,rgb_s44,OFF,off/scene15/L0__s20260820__0002.png::boost_h,scene15,off,B3b,16,B,3b,0.650997,-8.6096,-4.0107,63.6728,6.6026,0
rgb,44,rgb_s44,OFF,off/scene15/L0__s20260820__0002.png::boost_h,scene15,off,C3b,17,C,3b,0.621779,-8.6096,-4.0107,63.6728,6.6026,0
rgb,44,rgb_s44,OFF,off/scene15/L0__s20260820__0005.png::boost_h,scene15,off,A2,5,A,2,0.588641,-5.4058,-7.3396,62.3314,9.8366,0
rgb,44,rgb_s44,OFF,off/scene15/L0__s20260820__0005.png::boost_h,scene15,off,D3a,13,D,3a,0.602879,-5.4058,-7.3396,62.3314,9.8366,0
rgb,44,rgb_s44,OFF,off/scene15/L0__s20260820__0005.png::boost_h,scene15,off,C3b,17,C,3b,0.515931,-5.4058,-7.3396,62.3314,9.8366,0
rgb,44,rgb_s44,OFF,off/scene15/L0__s20260820__0006.png::boost_h,scene15,off,B3b,16,B,3b,0.900647,-5.1828,6.8137,59.5209,6.9519,0
rgb,44,rgb_s44,OFF,off/scene15/L0__s20260820__0006.png::boost_h,scene15,off,C3b,17,C,3b,0.646283,-5.1828,6.8137,59.5209,6.9519,0
rgb,44,rgb_s44,OFF,off/scene15/L0__s20260820__0007.png::boost_h,scene15,off,B3b,16,B,3b,0.670564,-9.4753,-12.4083,62.4936,8.3783,0
rgb,44,rgb_s44,OFF,off/scene15/L0__s20260820__0007.png::boost_h,scene15,off,C3b,17,C,3b,0.643364,-9.4753,-12.4083,62.4936,8.3783,0
rgb,44,rgb_s44,OFF,off/scene15/L4__s20260820__0000.png::boost_h,scene15,off,B3b,16,B,3b,0.504888,-13.637,-17.7914,62.7559,10.9914,0
rgb,44,rgb_s44,OFF,off/scene15/L4__s20260820__0001.png::boost_h,scene15,off,C3b,17,C,3b,0.679163,-6.8068,-11.8299,63.9125,9.9013,0
rgb,44,rgb_s44,OFF,off/scene15/L4__s20260820__0001.png::boost_h,scene15,off,D3b,18,D,3b,0.533998,-6.8068,-11.8299,63.9125,9.9013,0
rgb,44,rgb_s44,OFF,off/scene15/L4__s20260820__0002.png::boost_h,scene15,off,C3b,17,C,3b,0.665478,-8.6096,-4.0107,63.6728,6.6026,0
rgb,44,rgb_s44,OFF,off/scene15/L4__s20260820__0002.png::boost_h,scene15,off,D3b,18,D,3b,0.704575,-8.6096,-4.0107,63.6728,6.6026,0
rgb,44,rgb_s44,OFF,off/scene15/L4__s20260820__0005.png::boost_h,scene15,off,A2,5,A,2,0.519256,-5.4058,-7.3396,62.3314,9.8366,0
rgb,44,rgb_s44,OFF,off/scene15/L4__s20260820__0005.png::boost_h,scene15,off,B2,6,B,2,0.513792,-5.4058,-7.3396,62.3314,9.8366,0
rgb,44,rgb_s44,OFF,off/scene15/L4__s20260820__0005.png::boost_h,scene15,off,B3a,11,B,3a,0.542993,-5.4058,-7.3396,62.3314,9.8366,0
rgb,44,rgb_s44,OFF,off/scene15/L4__s20260820__0006.png::boost_h,scene15,off,D3a,13,D,3a,0.591991,-5.1828,6.8137,59.5209,6.9519,0
rgb,44,rgb_s44,OFF,off/scene15/L4__s20260820__0006.png::boost_h,scene15,off,B3b,16,B,3b,0.682801,-5.1828,6.8137,59.5209,6.9519,0
rgb,44,rgb_s44,OFF,off/scene15/L4__s20260820__0006.png::boost_h,scene15,off,C3b,17,C,3b,0.685571,-5.1828,6.8137,59.5209,6.9519,0
rgb,44,rgb_s44,OFF,off/scene15/L4__s20260820__0006.png::boost_h,scene15,off,D3b,18,D,3b,0.671789,-5.1828,6.8137,59.5209,6.9519,0
rgb,44,rgb_s44,OFF,off/scene15/L4__s20260820__0007.png::boost_h,scene15,off,B3b,16,B,3b,0.515524,-9.4753,-12.4083,62.4936,8.3783,0
rgb,44,rgb_s44,OFF,off/scene15/L7__s20260820__0001.png::boost_h,scene15,off,C3b,17,C,3b,0.891289,-6.8068,-11.8299,63.9125,9.9013,0
rgb,44,rgb_s44,OFF,off/scene15/L7__s20260820__0001.png::boost_h,scene15,off,D3b,18,D,3b,0.685232,-6.8068,-11.8299,63.9125,9.9013,0
rgb,44,rgb_s44,OFF,off/scene15/L7__s20260820__0002.png::boost_h,scene15,off,C3b,17,C,3b,0.711387,-8.6096,-4.0107,63.6728,6.6026,0
rgb,44,rgb_s44,OFF,off/scene15/L7__s20260820__0002.png::boost_h,scene15,off,D3b,18,D,3b,0.733801,-8.6096,-4.0107,63.6728,6.6026,0
rgb,44,rgb_s44,OFF,off/scene15/L7__s20260820__0003.png::boost_h,scene15,off,B3b,16,B,3b,0.561467,-11.0902,-4.9586,63.1815,7.5147,0
rgb,44,rgb_s44,OFF,off/scene15/L7__s20260820__0004.png::boost_h,scene15,off,C3b,17,C,3b,0.604631,-12.6937,-3.4861,58.1207,9.9583,0
rgb,44,rgb_s44,OFF,off/scene15/L7__s20260820__0005.png::boost_h,scene15,off,A2,5,A,2,0.52218,-5.4058,-7.3396,62.3314,9.8366,0
rgb,44,rgb_s44,OFF,off/scene15/L7__s20260820__0005.png::boost_h,scene15,off,B2,6,B,2,0.506793,-5.4058,-7.3396,62.3314,9.8366,0
rgb,44,rgb_s44,OFF,off/scene15/L7__s20260820__0006.png::boost_h,scene15,off,D3a,13,D,3a,0.564538,-5.1828,6.8137,59.5209,6.9519,0
rgb,44,rgb_s44,OFF,off/scene15/L7__s20260820__0006.png::boost_h,scene15,off,B3b,16,B,3b,0.682244,-5.1828,6.8137,59.5209,6.9519,0
rgb,44,rgb_s44,OFF,off/scene15/L7__s20260820__0006.png::boost_h,scene15,off,C3b,17,C,3b,0.659009,-5.1828,6.8137,59.5209,6.9519,0
rgb,44,rgb_s44,OFF,off/scene05/L5__s20260820__0001.png::boost_e,scene05,off,A3b,15,A,3b,0.589926,-5.7189,0.3564,61.8831,9.8857,0
rgb,44,rgb_s44,OFF,off/scene05/L5__s20260820__0001.png::boost_e,scene05,off,B3b,16,B,3b,0.784411,-5.7189,0.3564,61.8831,9.8857,0
rgb,44,rgb_s44,OFF,off/scene05/L5__s20260820__0001.png::boost_e,scene05,off,C3b,17,C,3b,0.605113,-5.7189,0.3564,61.8831,9.8857,0
rgb,44,rgb_s44,OFF,off/scene05/L7__s20260820__0001.png::boost_e,scene05,off,B3b,16,B,3b,0.56188,-5.7189,0.3564,61.8831,9.8857,0
rgb,44,rgb_s44,OFF,off/scene14/L0__s20260820__0003.png::boost_e,scene14,off,A3a,10,A,3a,0.761055,-7.2352,-9.0359,60.577,10.095,0
rgb,44,rgb_s44,OFF,off/scene14/L7__s20260820__0003.png::boost_e,scene14,off,A3a,10,A,3a,0.548852,-7.2352,-9.0359,60.577,10.095,0
rgb,44,rgb_s44,OFF,off/scene15/L0__s20260820__0000.png::boost_e,scene15,off,B3b,16,B,3b,0.625492,-13.637,-17.7914,62.7559,10.9914,0
rgb,44,rgb_s44,OFF,off/scene15/L0__s20260820__0001.png::boost_e,scene15,off,C3a,12,C,3a,0.544287,-6.8068,-11.8299,63.9125,9.9013,0
rgb,44,rgb_s44,OFF,off/scene15/L0__s20260820__0001.png::boost_e,scene15,off,D3a,13,D,3a,0.720234,-6.8068,-11.8299,63.9125,9.9013,0
rgb,44,rgb_s44,OFF,off/scene15/L0__s20260820__0001.png::boost_e,scene15,off,B3b,16,B,3b,0.874377,-6.8068,-11.8299,63.9125,9.9013,0
rgb,44,rgb_s44,OFF,off/scene15/L0__s20260820__0001.png::boost_e,scene15,off,C3b,17,C,3b,0.875328,-6.8068,-11.8299,63.9125,9.9013,0
rgb,44,rgb_s44,OFF,off/scene15/L0__s20260820__0001.png::boost_e,scene15,off,D3b,18,D,3b,0.577686,-6.8068,-11.8299,63.9125,9.9013,0
rgb,44,rgb_s44,OFF,off/scene15/L0__s20260820__0002.png::boost_e,scene15,off,B3b,16,B,3b,0.571786,-8.6096,-4.0107,63.6728,6.6026,0
rgb,44,rgb_s44,OFF,off/scene15/L0__s20260820__0004.png::boost_e,scene15,off,C3b,17,C,3b,0.520933,-12.6937,-3.4861,58.1207,9.9583,0
rgb,44,rgb_s44,OFF,off/scene15/L0__s20260820__0004.png::boost_e,scene15,off,D3b,18,D,3b,0.545314,-12.6937,-3.4861,58.1207,9.9583,0
rgb,44,rgb_s44,OFF,off/scene15/L0__s20260820__0005.png::boost_e,scene15,off,A2,5,A,2,0.614104,-5.4058,-7.3396,62.3314,9.8366,0
rgb,44,rgb_s44,OFF,off/scene15/L0__s20260820__0005.png::boost_e,scene15,off,B2,6,B,2,0.555092,-5.4058,-7.3396,62.3314,9.8366,0
rgb,44,rgb_s44,OFF,off/scene15/L0__s20260820__0005.png::boost_e,scene15,off,C2,7,C,2,0.527636,-5.4058,-7.3396,62.3314,9.8366,0
rgb,44,rgb_s44,OFF,off/scene15/L0__s20260820__0005.png::boost_e,scene15,off,D2,8,D,2,0.511971,-5.4058,-7.3396,62.3314,9.8366,0
rgb,44,rgb_s44,OFF,off/scene15/L0__s20260820__0005.png::boost_e,scene15,off,D3a,13,D,3a,0.538579,-5.4058,-7.3396,62.3314,9.8366,0
rgb,44,rgb_s44,OFF,off/scene15/L0__s20260820__0006.png::boost_e,scene15,off,B3b,16,B,3b,0.902553,-5.1828,6.8137,59.5209,6.9519,0
rgb,44,rgb_s44,OFF,off/scene15/L0__s20260820__0006.png::boost_e,scene15,off,C3b,17,C,3b,0.621857,-5.1828,6.8137,59.5209,6.9519,0
rgb,44,rgb_s44,OFF,off/scene15/L0__s20260820__0007.png::boost_e,scene15,off,B3b,16,B,3b,0.560418,-9.4753,-12.4083,62.4936,8.3783,0
rgb,44,rgb_s44,OFF,off/scene15/L0__s20260820__0007.png::boost_e,scene15,off,C3b,17,C,3b,0.569828,-9.4753,-12.4083,62.4936,8.3783,0
rgb,44,rgb_s44,OFF,off/scene15/L4__s20260820__0001.png::boost_e,scene15,off,B3b,16,B,3b,0.853926,-6.8068,-11.8299,63.9125,9.9013,0
rgb,44,rgb_s44,OFF,off/scene15/L4__s20260820__0001.png::boost_e,scene15,off,C3b,17,C,3b,0.922073,-6.8068,-11.8299,63.9125,9.9013,0
rgb,44,rgb_s44,OFF,off/scene15/L4__s20260820__0001.png::boost_e,scene15,off,D3b,18,D,3b,0.820287,-6.8068,-11.8299,63.9125,9.9013,0
rgb,44,rgb_s44,OFF,off/scene15/L4__s20260820__0002.png::boost_e,scene15,off,C3b,17,C,3b,0.597133,-8.6096,-4.0107,63.6728,6.6026,0
rgb,44,rgb_s44,OFF,off/scene15/L4__s20260820__0002.png::boost_e,scene15,off,D3b,18,D,3b,0.594499,-8.6096,-4.0107,63.6728,6.6026,0
rgb,44,rgb_s44,OFF,off/scene15/L4__s20260820__0003.png::boost_e,scene15,off,C3b,17,C,3b,0.520383,-11.0902,-4.9586,63.1815,7.5147,0
rgb,44,rgb_s44,OFF,off/scene15/L4__s20260820__0004.png::boost_e,scene15,off,C3b,17,C,3b,0.587606,-12.6937,-3.4861,58.1207,9.9583,0
rgb,44,rgb_s44,OFF,off/scene15/L4__s20260820__0004.png::boost_e,scene15,off,D3b,18,D,3b,0.60161,-12.6937,-3.4861,58.1207,9.9583,0
rgb,44,rgb_s44,OFF,off/scene15/L4__s20260820__0005.png::boost_e,scene15,off,A2,5,A,2,0.581508,-5.4058,-7.3396,62.3314,9.8366,0
rgb,44,rgb_s44,OFF,off/scene15/L4__s20260820__0005.png::boost_e,scene15,off,B2,6,B,2,0.589561,-5.4058,-7.3396,62.3314,9.8366,0
rgb,44,rgb_s44,OFF,off/scene15/L4__s20260820__0005.png::boost_e,scene15,off,C2,7,C,2,0.510126,-5.4058,-7.3396,62.3314,9.8366,0
rgb,44,rgb_s44,OFF,off/scene15/L4__s20260820__0005.png::boost_e,scene15,off,D2,8,D,2,0.517499,-5.4058,-7.3396,62.3314,9.8366,0
rgb,44,rgb_s44,OFF,off/scene15/L4__s20260820__0006.png::boost_e,scene15,off,B3b,16,B,3b,0.671464,-5.1828,6.8137,59.5209,6.9519,0
rgb,44,rgb_s44,OFF,off/scene15/L4__s20260820__0006.png::boost_e,scene15,off,C3b,17,C,3b,0.728748,-5.1828,6.8137,59.5209,6.9519,0
rgb,44,rgb_s44,OFF,off/scene15/L4__s20260820__0006.png::boost_e,scene15,off,D3b,18,D,3b,0.639846,-5.1828,6.8137,59.5209,6.9519,0
rgb,44,rgb_s44,OFF,off/scene15/L7__s20260820__0001.png::boost_e,scene15,off,B3b,16,B,3b,0.829405,-6.8068,-11.8299,63.9125,9.9013,0
rgb,44,rgb_s44,OFF,off/scene15/L7__s20260820__0001.png::boost_e,scene15,off,C3b,17,C,3b,0.953352,-6.8068,-11.8299,63.9125,9.9013,0
rgb,44,rgb_s44,OFF,off/scene15/L7__s20260820__0001.png::boost_e,scene15,off,D3b,18,D,3b,0.82531,-6.8068,-11.8299,63.9125,9.9013,0
rgb,44,rgb_s44,OFF,off/scene15/L7__s20260820__0002.png::boost_e,scene15,off,C3b,17,C,3b,0.666389,-8.6096,-4.0107,63.6728,6.6026,0
rgb,44,rgb_s44,OFF,off/scene15/L7__s20260820__0002.png::boost_e,scene15,off,D3b,18,D,3b,0.611577,-8.6096,-4.0107,63.6728,6.6026,0
rgb,44,rgb_s44,OFF,off/scene15/L7__s20260820__0004.png::boost_e,scene15,off,C3b,17,C,3b,0.657994,-12.6937,-3.4861,58.1207,9.9583,0
rgb,44,rgb_s44,OFF,off/scene15/L7__s20260820__0004.png::boost_e,scene15,off,D3b,18,D,3b,0.599953,-12.6937,-3.4861,58.1207,9.9583,0
rgb,44,rgb_s44,OFF,off/scene15/L7__s20260820__0005.png::boost_e,scene15,off,A2,5,A,2,0.549573,-5.4058,-7.3396,62.3314,9.8366,0
rgb,44,rgb_s44,OFF,off/scene15/L7__s20260820__0005.png::boost_e,scene15,off,B2,6,B,2,0.535265,-5.4058,-7.3396,62.3314,9.8366,0
rgb,44,rgb_s44,OFF,off/scene15/L7__s20260820__0005.png::boost_e,scene15,off,C2,7,C,2,0.536176,-5.4058,-7.3396,62.3314,9.8366,0
rgb,44,rgb_s44,OFF,off/scene15/L7__s20260820__0005.png::boost_e,scene15,off,D2,8,D,2,0.503052,-5.4058,-7.3396,62.3314,9.8366,0
rgb,44,rgb_s44,OFF,off/scene15/L7__s20260820__0006.png::boost_e,scene15,off,A2,5,A,2,0.529397,-5.1828,6.8137,59.5209,6.9519,0
rgb,44,rgb_s44,OFF,off/scene15/L7__s20260820__0006.png::boost_e,scene15,off,D3a,13,D,3a,0.644079,-5.1828,6.8137,59.5209,6.9519,0
rgb,44,rgb_s44,OFF,off/scene15/L7__s20260820__0006.png::boost_e,scene15,off,B3b,16,B,3b,0.746043,-5.1828,6.8137,59.5209,6.9519,0
rgb,44,rgb_s44,OFF,off/scene15/L7__s20260820__0006.png::boost_e,scene15,off,C3b,17,C,3b,0.66975,-5.1828,6.8137,59.5209,6.9519,0
rgb,44,rgb_s44,OFF,off/scene15/L7__s20260820__0006.png::boost_e,scene15,off,D3b,18,D,3b,0.572227,-5.1828,6.8137,59.5209,6.9519,0
rgb,44,rgb_s44,OFF,off/scene05/L0__s20260821__0002.png::boost_e2,scene05,off,A3b,15,A,3b,0.501501,-15.7704,1.4372,61.5149,5.9617,0
rgb,44,rgb_s44,OFF,off/scene05/L0__s20260821__0007.png::boost_e2,scene05,off,A3b,15,A,3b,0.887949,-3.79,-2.1479,63.1629,5.4524,0
rgb,44,rgb_s44,OFF,off/scene05/L0__s20260821__0007.png::boost_e2,scene05,off,B3b,16,B,3b,0.885139,-3.79,-2.1479,63.1629,5.4524,0
rgb,44,rgb_s44,OFF,off/scene05/L0__s20260821__0007.png::boost_e2,scene05,off,C3b,17,C,3b,0.553798,-3.79,-2.1479,63.1629,5.4524,0
rgb,44,rgb_s44,OFF,off/scene05/L0__s20260821__0007.png::boost_e2,scene05,off,D3b,18,D,3b,0.572517,-3.79,-2.1479,63.1629,5.4524,0
rgb,44,rgb_s44,OFF,off/scene05/L5__s20260821__0007.png::boost_e2,scene05,off,A3b,15,A,3b,0.761352,-3.79,-2.1479,63.1629,5.4524,0
rgb,44,rgb_s44,OFF,off/scene05/L5__s20260821__0007.png::boost_e2,scene05,off,B3b,16,B,3b,0.645093,-3.79,-2.1479,63.1629,5.4524,0
rgb,44,rgb_s44,OFF,off/scene05/L7__s20260821__0007.png::boost_e2,scene05,off,A3b,15,A,3b,0.899566,-3.79,-2.1479,63.1629,5.4524,0
rgb,44,rgb_s44,OFF,off/scene05/L7__s20260821__0007.png::boost_e2,scene05,off,B3b,16,B,3b,0.871931,-3.79,-2.1479,63.1629,5.4524,0
rgb,44,rgb_s44,OFF,off/scene05/L7__s20260821__0007.png::boost_e2,scene05,off,C3b,17,C,3b,0.508397,-3.79,-2.1479,63.1629,5.4524,0
rgb,44,rgb_s44,OFF,off/scene05/L7__s20260821__0007.png::boost_e2,scene05,off,D3b,18,D,3b,0.621615,-3.79,-2.1479,63.1629,5.4524,0
rgb,44,rgb_s44,OFF,off/scene18/L0__s20260821__0002.png::boost_e2,scene18,off,A3a,10,A,3a,0.518092,-8.9683,14.9838,61.9861,5.8493,0
rgb,44,rgb_s44,OFF,off/scene18/L0__s20260821__0002.png::boost_e2,scene18,off,C3a,12,C,3a,0.754428,-8.9683,14.9838,61.9861,5.8493,0
rgb,44,rgb_s44,OFF,off/scene18/L0__s20260821__0002.png::boost_e2,scene18,off,E3a,14,E,3a,0.891755,-8.9683,14.9838,61.9861,5.8493,0
rgb,44,rgb_s44,OFF,off/scene18/L0__s20260821__0003.png::boost_e2,scene18,off,D3a,13,D,3a,0.669543,-11.9451,-8.9088,61.9543,8.2439,0
rgb,44,rgb_s44,OFF,off/scene18/L0__s20260821__0003.png::boost_e2,scene18,off,E3a,14,E,3a,0.628222,-11.9451,-8.9088,61.9543,8.2439,0
rgb,44,rgb_s44,OFF,off/scene18/L0__s20260821__0003.png::boost_e2,scene18,off,A3b,15,A,3b,0.544379,-11.9451,-8.9088,61.9543,8.2439,0
rgb,44,rgb_s44,OFF,off/scene18/L7__s20260821__0001.png::boost_e2,scene18,off,C2,7,C,2,0.509381,-11.4302,-0.5328,63.721,4.691,0
rgb,44,rgb_s44,OFF,off/scene18/L7__s20260821__0002.png::boost_e2,scene18,off,E3a,14,E,3a,0.672571,-8.9683,14.9838,61.9861,5.8493,0
rgb,44,rgb_s44,OFF,off/scene18/L7__s20260821__0003.png::boost_e2,scene18,off,D3a,13,D,3a,0.780255,-11.9451,-8.9088,61.9543,8.2439,0
rgb,44,rgb_s44,OFF,off/scene18/L7__s20260821__0003.png::boost_e2,scene18,off,E3a,14,E,3a,0.664563,-11.9451,-8.9088,61.9543,8.2439,0
rgb,44,rgb_s44,OFF,off/scene18/L7__s20260821__0003.png::boost_e2,scene18,off,A3b,15,A,3b,0.816693,-11.9451,-8.9088,61.9543,8.2439,0
rgb,44,rgb_s44,OFF,off/scene18/L7__s20260821__0003.png::boost_e2,scene18,off,B3b,16,B,3b,0.604639,-11.9451,-8.9088,61.9543,8.2439,0
rgb,44,rgb_s44,ON_NEG,on/scene07/L0__s20260819__0000.png,scene07,V,A3a,10,A,3a,0.582245,-11.6469,5.5321,61.8564,4.6128,0
rgb,44,rgb_s44,ON_NEG,on/scene07/L0__s20260819__0001.png,scene07,none_in_fov,B3a,11,B,3a,0.685769,-12.4971,7.4345,61.4783,11.6559,0
rgb,44,rgb_s44,ON_NEG,on/scene07/L0__s20260819__0001.png,scene07,none_in_fov,C3a,12,C,3a,0.598187,-12.4971,7.4345,61.4783,11.6559,0
rgb,44,rgb_s44,ON_NEG,on/scene07/L0__s20260819__0001.png,scene07,none_in_fov,B3b,16,B,3b,0.918369,-12.4971,7.4345,61.4783,11.6559,0
rgb,44,rgb_s44,ON_NEG,on/scene07/L0__s20260819__0001.png,scene07,none_in_fov,C3b,17,C,3b,0.962984,-12.4971,7.4345,61.4783,11.6559,0
rgb,44,rgb_s44,ON_NEG,on/scene07/L0__s20260819__0005.png,scene07,V,A3a,10,A,3a,0.669458,-9.3221,15.6943,62.9084,4.5788,0
rgb,44,rgb_s44,ON_NEG,on/scene07/L5__s20260819__0001.png,scene07,none_in_fov,C3b,17,C,3b,0.934185,-12.4971,7.4345,61.4783,11.6559,0
rgb,44,rgb_s44,ON_NEG,on/scene07/L5__s20260819__0001.png,scene07,none_in_fov,D3b,18,D,3b,0.500302,-12.4971,7.4345,61.4783,11.6559,0
rgb,44,rgb_s44,ON_NEG,on/scene07/L7__s20260819__0001.png,scene07,none_in_fov,C3b,17,C,3b,0.984452,-12.4971,7.4345,61.4783,11.6559,0
rgb,44,rgb_s44,ON_NEG,on/scene14/L0__s20260819__0004.png,scene14,H,A3a,10,A,3a,0.864592,-9.4161,-17.2604,60.9456,8.4208,0
rgb,44,rgb_s44,ON_NEG,on/scene14/L0__s20260819__0004.png,scene14,H,E3b,19,E,3b,0.537023,-9.4161,-17.2604,60.9456,8.4208,0
rgb,44,rgb_s44,ON_NEG,on/scene14/L5__s20260819__0004.png,scene14,H,A3a,10,A,3a,0.94349,-9.4161,-17.2604,60.9456,8.4208,0
rgb,44,rgb_s44,ON_NEG,on/scene14/L7__s20260819__0004.png,scene14,H,A3a,10,A,3a,0.900888,-9.4161,-17.2604,60.9456,8.4208,0
rgb,44,rgb_s44,ON_NEG,on/scene14/L7__s20260819__0004.png,scene14,H,E3b,19,E,3b,0.929818,-9.4161,-17.2604,60.9456,8.4208,0
rgb,44,rgb_s44,ON_NEG,on/scene14/L7__s20260819__0005.png,scene14,V,E2,9,E,2,0.641886,-11.6875,3.1562,60.5808,4.4487,0
rgb,44,rgb_s44,ON_NEG,on/scene15/L0__s20260819__0000.png,scene15,H,B3b,16,B,3b,0.829111,-6.6317,-4.2143,61.8616,9.9031,0
rgb,44,rgb_s44,ON_NEG,on/scene15/L0__s20260819__0001.png,scene15,V,D2,8,D,2,0.540271,-7.5218,-9.2458,61.8359,1.858,0
rgb,44,rgb_s44,ON_NEG,on/scene15/L0__s20260819__0001.png,scene15,V,E2,9,E,2,0.634908,-7.5218,-9.2458,61.8359,1.858,0
rgb,44,rgb_s44,ON_NEG,on/scene15/L0__s20260819__0001.png,scene15,V,E3a,14,E,3a,0.501218,-7.5218,-9.2458,61.8359,1.858,0
rgb,44,rgb_s44,ON_NEG,on/scene15/L0__s20260819__0003.png,scene15,V,B3b,16,B,3b,0.898314,-13.9162,-3.4361,63.7846,1.3693,0
rgb,44,rgb_s44,ON_NEG,on/scene15/L0__s20260819__0005.png,scene15,V,B3a,11,B,3a,0.823392,-12.9205,6.4099,63.9932,3.0224,0
rgb,44,rgb_s44,ON_NEG,on/scene15/L0__s20260819__0005.png,scene15,V,B3b,16,B,3b,0.942589,-12.9205,6.4099,63.9932,3.0224,0
rgb,44,rgb_s44,ON_NEG,on/scene15/L0__s20260819__0006.png,scene15,V,C2,7,C,2,0.69423,-9.1914,-18.2162,60.3765,2.2421,0
rgb,44,rgb_s44,ON_NEG,on/scene15/L0__s20260819__0006.png,scene15,V,D2,8,D,2,0.621139,-9.1914,-18.2162,60.3765,2.2421,0
rgb,44,rgb_s44,ON_NEG,on/scene15/L0__s20260819__0006.png,scene15,V,C3a,12,C,3a,0.850532,-9.1914,-18.2162,60.3765,2.2421,0
rgb,44,rgb_s44,ON_NEG,on/scene15/L0__s20260819__0006.png,scene15,V,D3a,13,D,3a,0.615551,-9.1914,-18.2162,60.3765,2.2421,0
rgb,44,rgb_s44,ON_NEG,on/scene15/L0__s20260819__0006.png,scene15,V,C3b,17,C,3b,0.785763,-9.1914,-18.2162,60.3765,2.2421,0
rgb,44,rgb_s44,ON_NEG,on/scene15/L4__s20260819__0000.png,scene15,H,B3b,16,B,3b,0.519173,-6.6317,-4.2143,61.8616,9.9031,0
rgb,44,rgb_s44,ON_NEG,on/scene15/L4__s20260819__0000.png,scene15,H,D3b,18,D,3b,0.510969,-6.6317,-4.2143,61.8616,9.9031,0
rgb,44,rgb_s44,ON_NEG,on/scene15/L4__s20260819__0001.png,scene15,V,D2,8,D,2,0.533317,-7.5218,-9.2458,61.8359,1.858,0
rgb,44,rgb_s44,ON_NEG,on/scene15/L4__s20260819__0001.png,scene15,V,E2,9,E,2,0.588722,-7.5218,-9.2458,61.8359,1.858,0
rgb,44,rgb_s44,ON_NEG,on/scene15/L4__s20260819__0002.png,scene15,V,B3a,11,B,3a,0.628793,-8.4908,3.1991,65.8023,4.6673,0
rgb,44,rgb_s44,ON_NEG,on/scene15/L4__s20260819__0002.png,scene15,V,B3b,16,B,3b,0.573542,-8.4908,3.1991,65.8023,4.6673,0
rgb,44,rgb_s44,ON_NEG,on/scene15/L4__s20260819__0003.png,scene15,V,A3a,10,A,3a,0.668561,-13.9162,-3.4361,63.7846,1.3693,0
rgb,44,rgb_s44,ON_NEG,on/scene15/L4__s20260819__0003.png,scene15,V,B3b,16,B,3b,0.949556,-13.9162,-3.4361,63.7846,1.3693,0
rgb,44,rgb_s44,ON_NEG,on/scene15/L4__s20260819__0004.png,scene15,V,B3b,16,B,3b,0.675972,-11.0394,5.5473,63.0915,5.5065,0
rgb,44,rgb_s44,ON_NEG,on/scene15/L4__s20260819__0005.png,scene15,V,B3a,11,B,3a,0.810314,-12.9205,6.4099,63.9932,3.0224,0
rgb,44,rgb_s44,ON_NEG,on/scene15/L4__s20260819__0005.png,scene15,V,B3b,16,B,3b,0.84757,-12.9205,6.4099,63.9932,3.0224,0
rgb,44,rgb_s44,ON_NEG,on/scene15/L4__s20260819__0006.png,scene15,V,C3b,17,C,3b,0.624468,-9.1914,-18.2162,60.3765,2.2421,0
rgb,44,rgb_s44,ON_NEG,on/scene15/L7__s20260819__0001.png,scene15,V,D2,8,D,2,0.579404,-7.5218,-9.2458,61.8359,1.858,0
rgb,44,rgb_s44,ON_NEG,on/scene15/L7__s20260819__0001.png,scene15,V,E2,9,E,2,0.511764,-7.5218,-9.2458,61.8359,1.858,0
rgb,44,rgb_s44,ON_NEG,on/scene15/L7__s20260819__0002.png,scene15,V,B3a,11,B,3a,0.542114,-8.4908,3.1991,65.8023,4.6673,0
rgb,44,rgb_s44,ON_NEG,on/scene15/L7__s20260819__0002.png,scene15,V,B3b,16,B,3b,0.532968,-8.4908,3.1991,65.8023,4.6673,0
rgb,44,rgb_s44,ON_NEG,on/scene15/L7__s20260819__0003.png,scene15,V,A3a,10,A,3a,0.657059,-13.9162,-3.4361,63.7846,1.3693,0
rgb,44,rgb_s44,ON_NEG,on/scene15/L7__s20260819__0003.png,scene15,V,B3b,16,B,3b,0.942791,-13.9162,-3.4361,63.7846,1.3693,0
rgb,44,rgb_s44,ON_NEG,on/scene15/L7__s20260819__0004.png,scene15,V,B3b,16,B,3b,0.546346,-11.0394,5.5473,63.0915,5.5065,0
rgb,44,rgb_s44,ON_NEG,on/scene15/L7__s20260819__0005.png,scene15,V,A3a,10,A,3a,0.568972,-12.9205,6.4099,63.9932,3.0224,0
rgb,44,rgb_s44,ON_NEG,on/scene15/L7__s20260819__0005.png,scene15,V,B3a,11,B,3a,0.84319,-12.9205,6.4099,63.9932,3.0224,0
rgb,44,rgb_s44,ON_NEG,on/scene15/L7__s20260819__0005.png,scene15,V,B3b,16,B,3b,0.918552,-12.9205,6.4099,63.9932,3.0224,0
rgb,44,rgb_s44,ON_NEG,on/scene15/L7__s20260819__0006.png,scene15,V,C3a,12,C,3a,0.682195,-9.1914,-18.2162,60.3765,2.2421,0
rgb,44,rgb_s44,ON_NEG,on/scene15/L7__s20260819__0006.png,scene15,V,C3b,17,C,3b,0.734297,-9.1914,-18.2162,60.3765,2.2421,0
rgb,44,rgb_s44,ON_NEG,on/sceneC2/L2__s20260819__0000.png,sceneC2,V,E3a,14,E,3a,0.513179,-3.8125,-12.3059,62.9162,2.4832,0
rgb,44,rgb_s44,ON_NEG,on/sceneC2/L2__s20260819__0002.png,sceneC2,V,A3b,15,A,3b,0.929143,-11.6494,-2.9872,60.6739,8.321,0
rgb,44,rgb_s44,ON_NEG,on/sceneC2/L2__s20260819__0004.png,sceneC2,V,A3a,10,A,3a,0.867467,-13.5389,11.6475,61.7574,2.2154,0
rgb,44,rgb_s44,ON_NEG,on/sceneC2/L2__s20260819__0005.png,sceneC2,V,A3a,10,A,3a,0.501597,-13.9053,-4.7076,63.4803,4.5522,0
rgb,44,rgb_s44,ON_NEG,on/sceneC2/L2__s20260819__0006.png,sceneC2,V,A3a,10,A,3a,0.996864,-11.6055,-2.8331,61.0412,4.3157,0
rgb,44,rgb_s44,ON_NEG,on/sceneC2/L2__s20260819__0006.png,sceneC2,V,E3a,14,E,3a,0.740434,-11.6055,-2.8331,61.0412,4.3157,0
rgb,44,rgb_s44,ON_NEG,on/sceneC2/L3__s20260819__0000.png,sceneC2,V,E3a,14,E,3a,0.570921,-3.8125,-12.3059,62.9162,2.4832,0
rgb,44,rgb_s44,ON_NEG,on/sceneC2/L3__s20260819__0002.png,sceneC2,V,A3b,15,A,3b,0.949478,-11.6494,-2.9872,60.6739,8.321,0
rgb,44,rgb_s44,ON_NEG,on/sceneC2/L3__s20260819__0004.png,sceneC2,V,A3a,10,A,3a,0.854939,-13.5389,11.6475,61.7574,2.2154,0
rgb,44,rgb_s44,ON_NEG,on/sceneC2/L3__s20260819__0005.png,sceneC2,V,A3a,10,A,3a,0.549453,-13.9053,-4.7076,63.4803,4.5522,0
rgb,44,rgb_s44,ON_NEG,on/sceneC2/L3__s20260819__0006.png,sceneC2,V,A3a,10,A,3a,0.998176,-11.6055,-2.8331,61.0412,4.3157,0
rgb,44,rgb_s44,ON_NEG,on/sceneC2/L3__s20260819__0006.png,sceneC2,V,E3a,14,E,3a,0.826364,-11.6055,-2.8331,61.0412,4.3157,0
rgb,44,rgb_s44,ON_NEG,on/sceneC2/L7__s20260819__0000.png,sceneC2,V,E3a,14,E,3a,0.646611,-3.8125,-12.3059,62.9162,2.4832,0
rgb,44,rgb_s44,ON_NEG,on/sceneC2/L7__s20260819__0002.png,sceneC2,V,A3b,15,A,3b,0.942891,-11.6494,-2.9872,60.6739,8.321,0
rgb,44,rgb_s44,ON_NEG,on/sceneC2/L7__s20260819__0004.png,sceneC2,V,A3a,10,A,3a,0.808648,-13.5389,11.6475,61.7574,2.2154,0
rgb,44,rgb_s44,ON_NEG,on/sceneC2/L7__s20260819__0005.png,sceneC2,V,A3a,10,A,3a,0.69191,-13.9053,-4.7076,63.4803,4.5522,0
rgb,44,rgb_s44,ON_NEG,on/sceneC2/L7__s20260819__0006.png,sceneC2,V,B2,6,B,2,0.67284,-11.6055,-2.8331,61.0412,4.3157,0
rgb,44,rgb_s44,ON_NEG,on/sceneC2/L7__s20260819__0006.png,sceneC2,V,C2,7,C,2,0.515293,-11.6055,-2.8331,61.0412,4.3157,0
rgb,44,rgb_s44,ON_NEG,on/sceneC2/L7__s20260819__0006.png,sceneC2,V,A3a,10,A,3a,0.998785,-11.6055,-2.8331,61.0412,4.3157,0
rgb,44,rgb_s44,ON_NEG,on/sceneC2/L7__s20260819__0006.png,sceneC2,V,E3a,14,E,3a,0.93558,-11.6055,-2.8331,61.0412,4.3157,0
rgb,44,rgb_s44,ON_NEG,on/sceneN3/L0__s20260819__0001.png,sceneN3,none_in_fov,B3a,11,B,3a,0.566631,-12.6534,1.5439,61.04,5.2884,0
rgb,44,rgb_s44,ON_NEG,on/sceneN3/L0__s20260819__0001.png,sceneN3,none_in_fov,C3a,12,C,3a,0.9476,-12.6534,1.5439,61.04,5.2884,0
rgb,44,rgb_s44,ON_NEG,on/sceneN3/L0__s20260819__0001.png,sceneN3,none_in_fov,D3a,13,D,3a,0.998373,-12.6534,1.5439,61.04,5.2884,0
rgb,44,rgb_s44,ON_NEG,on/sceneN3/L0__s20260819__0001.png,sceneN3,none_in_fov,B3b,16,B,3b,0.824903,-12.6534,1.5439,61.04,5.2884,0
rgb,44,rgb_s44,ON_NEG,on/sceneN3/L0__s20260819__0001.png,sceneN3,none_in_fov,C3b,17,C,3b,0.984181,-12.6534,1.5439,61.04,5.2884,0
rgb,44,rgb_s44,ON_NEG,on/sceneN3/L0__s20260819__0001.png,sceneN3,none_in_fov,D3b,18,D,3b,0.947749,-12.6534,1.5439,61.04,5.2884,0
rgb,44,rgb_s44,ON_NEG,on/sceneN3/L0__s20260819__0002.png,sceneN3,none_in_fov,B3a,11,B,3a,0.517018,-13.1516,1.5693,63.1068,1.7608,0
rgb,44,rgb_s44,ON_NEG,on/sceneN3/L0__s20260819__0002.png,sceneN3,none_in_fov,D3a,13,D,3a,0.981001,-13.1516,1.5693,63.1068,1.7608,0
rgb,44,rgb_s44,ON_NEG,on/sceneN3/L0__s20260819__0002.png,sceneN3,none_in_fov,B3b,16,B,3b,0.856153,-13.1516,1.5693,63.1068,1.7608,0
rgb,44,rgb_s44,ON_NEG,on/sceneN3/L0__s20260819__0002.png,sceneN3,none_in_fov,C3b,17,C,3b,0.98091,-13.1516,1.5693,63.1068,1.7608,0
rgb,44,rgb_s44,ON_NEG,on/sceneN3/L0__s20260819__0002.png,sceneN3,none_in_fov,D3b,18,D,3b,0.935676,-13.1516,1.5693,63.1068,1.7608,0
rgb,44,rgb_s44,ON_NEG,on/sceneN3/L0__s20260819__0002.png,sceneN3,none_in_fov,E3b,19,E,3b,0.712215,-13.1516,1.5693,63.1068,1.7608,0
rgb,44,rgb_s44,ON_NEG,on/sceneN3/L0__s20260819__0005.png,sceneN3,none_in_fov,A3a,10,A,3a,0.934996,-12.2129,-14.4798,63.1796,2.2677,0
rgb,44,rgb_s44,ON_NEG,on/sceneN3/L0__s20260819__0005.png,sceneN3,none_in_fov,B3a,11,B,3a,0.841693,-12.2129,-14.4798,63.1796,2.2677,0
rgb,44,rgb_s44,ON_NEG,on/sceneN3/L0__s20260819__0005.png,sceneN3,none_in_fov,D3a,13,D,3a,0.521323,-12.2129,-14.4798,63.1796,2.2677,0
rgb,44,rgb_s44,ON_NEG,on/sceneN3/L0__s20260819__0005.png,sceneN3,none_in_fov,A3b,15,A,3b,0.780484,-12.2129,-14.4798,63.1796,2.2677,0
rgb,44,rgb_s44,ON_NEG,on/sceneN3/L0__s20260819__0005.png,sceneN3,none_in_fov,B3b,16,B,3b,0.991243,-12.2129,-14.4798,63.1796,2.2677,0
rgb,44,rgb_s44,ON_NEG,on/sceneN3/L0__s20260819__0005.png,sceneN3,none_in_fov,C3b,17,C,3b,0.936401,-12.2129,-14.4798,63.1796,2.2677,0
rgb,44,rgb_s44,ON_NEG,on/sceneN3/L0__s20260819__0006.png,sceneN3,none_in_fov,D3a,13,D,3a,0.876521,-7.7849,2.4667,60.503,4.7311,0
rgb,44,rgb_s44,ON_NEG,on/sceneN3/L0__s20260819__0006.png,sceneN3,none_in_fov,C3b,17,C,3b,0.859608,-7.7849,2.4667,60.503,4.7311,0
rgb,44,rgb_s44,ON_NEG,on/sceneN3/L0__s20260819__0006.png,sceneN3,none_in_fov,D3b,18,D,3b,0.719327,-7.7849,2.4667,60.503,4.7311,0
rgb,44,rgb_s44,ON_NEG,on/sceneN3/L0__s20260819__0007.png,sceneN3,none_in_fov,D3a,13,D,3a,0.580809,-12.6477,6.8749,62.3125,1.3919,0
rgb,44,rgb_s44,ON_NEG,on/sceneN3/L0__s20260819__0007.png,sceneN3,none_in_fov,B3b,16,B,3b,0.54321,-12.6477,6.8749,62.3125,1.3919,0
rgb,44,rgb_s44,ON_NEG,on/sceneN3/L0__s20260819__0007.png,sceneN3,none_in_fov,C3b,17,C,3b,0.714111,-12.6477,6.8749,62.3125,1.3919,0
rgb,44,rgb_s44,ON_NEG,on/sceneN3/L0__s20260819__0007.png,sceneN3,none_in_fov,D3b,18,D,3b,0.838048,-12.6477,6.8749,62.3125,1.3919,0
rgb,44,rgb_s44,ON_NEG,on/sceneN3/L5__s20260819__0000.png,sceneN3,none_in_fov,A2,5,A,2,0.558728,-16.2467,-6.5053,60.6518,9.1828,0
rgb,44,rgb_s44,ON_NEG,on/sceneN3/L5__s20260819__0000.png,sceneN3,none_in_fov,B2,6,B,2,0.800614,-16.2467,-6.5053,60.6518,9.1828,0
rgb,44,rgb_s44,ON_NEG,on/sceneN3/L5__s20260819__0000.png,sceneN3,none_in_fov,C2,7,C,2,0.837906,-16.2467,-6.5053,60.6518,9.1828,0
rgb,44,rgb_s44,ON_NEG,on/sceneN3/L5__s20260819__0000.png,sceneN3,none_in_fov,D2,8,D,2,0.843493,-16.2467,-6.5053,60.6518,9.1828,0
rgb,44,rgb_s44,ON_NEG,on/sceneN3/L5__s20260819__0000.png,sceneN3,none_in_fov,E2,9,E,2,0.610334,-16.2467,-6.5053,60.6518,9.1828,0
rgb,44,rgb_s44,ON_NEG,on/sceneN3/L5__s20260819__0000.png,sceneN3,none_in_fov,C3a,12,C,3a,0.541106,-16.2467,-6.5053,60.6518,9.1828,0
rgb,44,rgb_s44,ON_NEG,on/sceneN3/L5__s20260819__0000.png,sceneN3,none_in_fov,D3a,13,D,3a,0.73702,-16.2467,-6.5053,60.6518,9.1828,0
rgb,44,rgb_s44,ON_NEG,on/sceneN3/L5__s20260819__0001.png,sceneN3,none_in_fov,B3a,11,B,3a,0.581705,-12.6534,1.5439,61.04,5.2884,0
rgb,44,rgb_s44,ON_NEG,on/sceneN3/L5__s20260819__0001.png,sceneN3,none_in_fov,C3a,12,C,3a,0.850783,-12.6534,1.5439,61.04,5.2884,0
rgb,44,rgb_s44,ON_NEG,on/sceneN3/L5__s20260819__0001.png,sceneN3,none_in_fov,D3a,13,D,3a,0.975352,-12.6534,1.5439,61.04,5.2884,0
rgb,44,rgb_s44,ON_NEG,on/sceneN3/L5__s20260819__0001.png,sceneN3,none_in_fov,C3b,17,C,3b,0.714886,-12.6534,1.5439,61.04,5.2884,0
rgb,44,rgb_s44,ON_NEG,on/sceneN3/L5__s20260819__0001.png,sceneN3,none_in_fov,D3b,18,D,3b,0.622787,-12.6534,1.5439,61.04,5.2884,0
rgb,44,rgb_s44,ON_NEG,on/sceneN3/L5__s20260819__0002.png,sceneN3,none_in_fov,D3a,13,D,3a,0.847897,-13.1516,1.5693,63.1068,1.7608,0
rgb,44,rgb_s44,ON_NEG,on/sceneN3/L5__s20260819__0002.png,sceneN3,none_in_fov,B3b,16,B,3b,0.578856,-13.1516,1.5693,63.1068,1.7608,0
rgb,44,rgb_s44,ON_NEG,on/sceneN3/L5__s20260819__0002.png,sceneN3,none_in_fov,C3b,17,C,3b,0.958952,-13.1516,1.5693,63.1068,1.7608,0
rgb,44,rgb_s44,ON_NEG,on/sceneN3/L5__s20260819__0002.png,sceneN3,none_in_fov,D3b,18,D,3b,0.771796,-13.1516,1.5693,63.1068,1.7608,0
rgb,44,rgb_s44,ON_NEG,on/sceneN3/L5__s20260819__0002.png,sceneN3,none_in_fov,E3b,19,E,3b,0.701859,-13.1516,1.5693,63.1068,1.7608,0
rgb,44,rgb_s44,ON_NEG,on/sceneN3/L5__s20260819__0004.png,sceneN3,none_in_fov,B3a,11,B,3a,0.623198,-7.3546,-7.2186,63.4074,8.0992,0
rgb,44,rgb_s44,ON_NEG,on/sceneN3/L5__s20260819__0004.png,sceneN3,none_in_fov,C3b,17,C,3b,0.528076,-7.3546,-7.2186,63.4074,8.0992,0
rgb,44,rgb_s44,ON_NEG,on/sceneN3/L5__s20260819__0005.png,sceneN3,none_in_fov,A3a,10,A,3a,0.627474,-12.2129,-14.4798,63.1796,2.2677,0
rgb,44,rgb_s44,ON_NEG,on/sceneN3/L5__s20260819__0005.png,sceneN3,none_in_fov,A3b,15,A,3b,0.621482,-12.2129,-14.4798,63.1796,2.2677,0
rgb,44,rgb_s44,ON_NEG,on/sceneN3/L5__s20260819__0005.png,sceneN3,none_in_fov,B3b,16,B,3b,0.93251,-12.2129,-14.4798,63.1796,2.2677,0
rgb,44,rgb_s44,ON_NEG,on/sceneN3/L5__s20260819__0005.png,sceneN3,none_in_fov,C3b,17,C,3b,0.839509,-12.2129,-14.4798,63.1796,2.2677,0
rgb,44,rgb_s44,ON_NEG,on/sceneN3/L5__s20260819__0006.png,sceneN3,none_in_fov,C3b,17,C,3b,0.760284,-7.7849,2.4667,60.503,4.7311,0
rgb,44,rgb_s44,ON_NEG,on/sceneN3/L5__s20260819__0006.png,sceneN3,none_in_fov,D3b,18,D,3b,0.732341,-7.7849,2.4667,60.503,4.7311,0
rgb,44,rgb_s44,ON_NEG,on/sceneN3/L5__s20260819__0007.png,sceneN3,none_in_fov,C3b,17,C,3b,0.553244,-12.6477,6.8749,62.3125,1.3919,0
rgb,44,rgb_s44,ON_NEG,on/sceneN3/L5__s20260819__0007.png,sceneN3,none_in_fov,D3b,18,D,3b,0.532898,-12.6477,6.8749,62.3125,1.3919,0
rgb,44,rgb_s44,ON_NEG,on/sceneN3/L7__s20260819__0000.png,sceneN3,none_in_fov,B2,6,B,2,0.593376,-16.2467,-6.5053,60.6518,9.1828,0
rgb,44,rgb_s44,ON_NEG,on/sceneN3/L7__s20260819__0000.png,sceneN3,none_in_fov,C2,7,C,2,0.726188,-16.2467,-6.5053,60.6518,9.1828,0
rgb,44,rgb_s44,ON_NEG,on/sceneN3/L7__s20260819__0000.png,sceneN3,none_in_fov,D2,8,D,2,0.611514,-16.2467,-6.5053,60.6518,9.1828,0
rgb,44,rgb_s44,ON_NEG,on/sceneN3/L7__s20260819__0000.png,sceneN3,none_in_fov,C3a,12,C,3a,0.647965,-16.2467,-6.5053,60.6518,9.1828,0
rgb,44,rgb_s44,ON_NEG,on/sceneN3/L7__s20260819__0000.png,sceneN3,none_in_fov,D3a,13,D,3a,0.610338,-16.2467,-6.5053,60.6518,9.1828,0
rgb,44,rgb_s44,ON_NEG,on/sceneN3/L7__s20260819__0001.png,sceneN3,none_in_fov,A2,5,A,2,0.541348,-12.6534,1.5439,61.04,5.2884,0
rgb,44,rgb_s44,ON_NEG,on/sceneN3/L7__s20260819__0001.png,sceneN3,none_in_fov,B3a,11,B,3a,0.622707,-12.6534,1.5439,61.04,5.2884,0
rgb,44,rgb_s44,ON_NEG,on/sceneN3/L7__s20260819__0001.png,sceneN3,none_in_fov,C3a,12,C,3a,0.946242,-12.6534,1.5439,61.04,5.2884,0
rgb,44,rgb_s44,ON_NEG,on/sceneN3/L7__s20260819__0001.png,sceneN3,none_in_fov,D3a,13,D,3a,0.997184,-12.6534,1.5439,61.04,5.2884,0
rgb,44,rgb_s44,ON_NEG,on/sceneN3/L7__s20260819__0001.png,sceneN3,none_in_fov,B3b,16,B,3b,0.6051,-12.6534,1.5439,61.04,5.2884,0
rgb,44,rgb_s44,ON_NEG,on/sceneN3/L7__s20260819__0001.png,sceneN3,none_in_fov,C3b,17,C,3b,0.986657,-12.6534,1.5439,61.04,5.2884,0
rgb,44,rgb_s44,ON_NEG,on/sceneN3/L7__s20260819__0001.png,sceneN3,none_in_fov,D3b,18,D,3b,0.962101,-12.6534,1.5439,61.04,5.2884,0
rgb,44,rgb_s44,ON_NEG,on/sceneN3/L7__s20260819__0002.png,sceneN3,none_in_fov,D3a,13,D,3a,0.950927,-13.1516,1.5693,63.1068,1.7608,0
rgb,44,rgb_s44,ON_NEG,on/sceneN3/L7__s20260819__0002.png,sceneN3,none_in_fov,B3b,16,B,3b,0.767543,-13.1516,1.5693,63.1068,1.7608,0
rgb,44,rgb_s44,ON_NEG,on/sceneN3/L7__s20260819__0002.png,sceneN3,none_in_fov,C3b,17,C,3b,0.982505,-13.1516,1.5693,63.1068,1.7608,0
rgb,44,rgb_s44,ON_NEG,on/sceneN3/L7__s20260819__0002.png,sceneN3,none_in_fov,D3b,18,D,3b,0.874159,-13.1516,1.5693,63.1068,1.7608,0
rgb,44,rgb_s44,ON_NEG,on/sceneN3/L7__s20260819__0002.png,sceneN3,none_in_fov,E3b,19,E,3b,0.667187,-13.1516,1.5693,63.1068,1.7608,0
rgb,44,rgb_s44,ON_NEG,on/sceneN3/L7__s20260819__0005.png,sceneN3,none_in_fov,A3a,10,A,3a,0.769624,-12.2129,-14.4798,63.1796,2.2677,0
rgb,44,rgb_s44,ON_NEG,on/sceneN3/L7__s20260819__0005.png,sceneN3,none_in_fov,A3b,15,A,3b,0.70183,-12.2129,-14.4798,63.1796,2.2677,0
rgb,44,rgb_s44,ON_NEG,on/sceneN3/L7__s20260819__0005.png,sceneN3,none_in_fov,B3b,16,B,3b,0.967622,-12.2129,-14.4798,63.1796,2.2677,0
rgb,44,rgb_s44,ON_NEG,on/sceneN3/L7__s20260819__0005.png,sceneN3,none_in_fov,C3b,17,C,3b,0.884274,-12.2129,-14.4798,63.1796,2.2677,0
rgb,44,rgb_s44,ON_NEG,on/sceneN3/L7__s20260819__0006.png,sceneN3,none_in_fov,C3b,17,C,3b,0.951207,-7.7849,2.4667,60.503,4.7311,0
rgb,44,rgb_s44,ON_NEG,on/sceneN3/L7__s20260819__0006.png,sceneN3,none_in_fov,D3b,18,D,3b,0.910297,-7.7849,2.4667,60.503,4.7311,0
rgb,44,rgb_s44,ON_NEG,on/sceneN3/L7__s20260819__0007.png,sceneN3,none_in_fov,C3b,17,C,3b,0.810526,-12.6477,6.8749,62.3125,1.3919,0
rgb,44,rgb_s44,ON_NEG,on/sceneN3/L7__s20260819__0007.png,sceneN3,none_in_fov,D3b,18,D,3b,0.915114,-12.6477,6.8749,62.3125,1.3919,0
rgb,44,rgb_s44,ON_NEG,on/scene14/L7__s20260820__0002.png::boost_h,scene14,none_in_fov,A3b,15,A,3b,0.83144,-7.0039,2.401,63.1403,11.657,0
rgb,44,rgb_s44,ON_NEG,on/scene15/L0__s20260820__0001.png::boost_h,scene15,H,D3a,13,D,3a,0.67099,-6.8068,-11.8299,63.9125,9.9013,0
rgb,44,rgb_s44,ON_NEG,on/scene15/L0__s20260820__0001.png::boost_h,scene15,H,C3b,17,C,3b,0.820368,-6.8068,-11.8299,63.9125,9.9013,0
rgb,44,rgb_s44,ON_NEG,on/scene15/L0__s20260820__0001.png::boost_h,scene15,H,D3b,18,D,3b,0.544797,-6.8068,-11.8299,63.9125,9.9013,0
rgb,44,rgb_s44,ON_NEG,on/scene15/L0__s20260820__0002.png::boost_h,scene15,V,D3a,13,D,3a,0.520062,-8.6096,-4.0107,63.6728,6.6026,0
rgb,44,rgb_s44,ON_NEG,on/scene15/L0__s20260820__0002.png::boost_h,scene15,V,D3b,18,D,3b,0.595238,-8.6096,-4.0107,63.6728,6.6026,0
rgb,44,rgb_s44,ON_NEG,on/scene15/L0__s20260820__0005.png::boost_h,scene15,H,A2,5,A,2,0.662069,-5.4058,-7.3396,62.3314,9.8366,0
rgb,44,rgb_s44,ON_NEG,on/scene15/L0__s20260820__0005.png::boost_h,scene15,H,B2,6,B,2,0.589856,-5.4058,-7.3396,62.3314,9.8366,0
rgb,44,rgb_s44,ON_NEG,on/scene15/L0__s20260820__0005.png::boost_h,scene15,H,C2,7,C,2,0.570147,-5.4058,-7.3396,62.3314,9.8366,0
rgb,44,rgb_s44,ON_NEG,on/scene15/L0__s20260820__0005.png::boost_h,scene15,H,D2,8,D,2,0.566714,-5.4058,-7.3396,62.3314,9.8366,0
rgb,44,rgb_s44,ON_NEG,on/scene15/L0__s20260820__0005.png::boost_h,scene15,H,E2,9,E,2,0.543624,-5.4058,-7.3396,62.3314,9.8366,0
rgb,44,rgb_s44,ON_NEG,on/scene15/L0__s20260820__0005.png::boost_h,scene15,H,B3a,11,B,3a,0.544994,-5.4058,-7.3396,62.3314,9.8366,0
rgb,44,rgb_s44,ON_NEG,on/scene15/L0__s20260820__0005.png::boost_h,scene15,H,D3a,13,D,3a,0.616966,-5.4058,-7.3396,62.3314,9.8366,0
rgb,44,rgb_s44,ON_NEG,on/scene15/L0__s20260820__0006.png::boost_h,scene15,H,B3b,16,B,3b,0.917734,-5.1828,6.8137,59.5209,6.9519,0
rgb,44,rgb_s44,ON_NEG,on/scene15/L0__s20260820__0007.png::boost_h,scene15,H_weak,D3a,13,D,3a,0.578479,-9.4753,-12.4083,62.4936,8.3783,0
rgb,44,rgb_s44,ON_NEG,on/scene15/L0__s20260820__0007.png::boost_h,scene15,H_weak,C3b,17,C,3b,0.720002,-9.4753,-12.4083,62.4936,8.3783,0
rgb,44,rgb_s44,ON_NEG,on/scene15/L0__s20260820__0007.png::boost_h,scene15,H_weak,D3b,18,D,3b,0.641389,-9.4753,-12.4083,62.4936,8.3783,0
rgb,44,rgb_s44,ON_NEG,on/scene15/L4__s20260820__0002.png::boost_h,scene15,V,D3b,18,D,3b,0.672638,-8.6096,-4.0107,63.6728,6.6026,0
rgb,44,rgb_s44,ON_NEG,on/scene15/L4__s20260820__0005.png::boost_h,scene15,H,A2,5,A,2,0.559585,-5.4058,-7.3396,62.3314,9.8366,0
rgb,44,rgb_s44,ON_NEG,on/scene15/L4__s20260820__0005.png::boost_h,scene15,H,B2,6,B,2,0.609343,-5.4058,-7.3396,62.3314,9.8366,0
rgb,44,rgb_s44,ON_NEG,on/scene15/L4__s20260820__0005.png::boost_h,scene15,H,D2,8,D,2,0.504158,-5.4058,-7.3396,62.3314,9.8366,0
rgb,44,rgb_s44,ON_NEG,on/scene15/L4__s20260820__0005.png::boost_h,scene15,H,B3a,11,B,3a,0.514159,-5.4058,-7.3396,62.3314,9.8366,0
rgb,44,rgb_s44,ON_NEG,on/scene15/L4__s20260820__0006.png::boost_h,scene15,H,B3b,16,B,3b,0.582388,-5.1828,6.8137,59.5209,6.9519,0
rgb,44,rgb_s44,ON_NEG,on/scene15/L7__s20260820__0001.png::boost_h,scene15,H,C3b,17,C,3b,0.857081,-6.8068,-11.8299,63.9125,9.9013,0
rgb,44,rgb_s44,ON_NEG,on/scene15/L7__s20260820__0001.png::boost_h,scene15,H,D3b,18,D,3b,0.642988,-6.8068,-11.8299,63.9125,9.9013,0
rgb,44,rgb_s44,ON_NEG,on/scene15/L7__s20260820__0002.png::boost_h,scene15,V,D3b,18,D,3b,0.776042,-8.6096,-4.0107,63.6728,6.6026,0
rgb,44,rgb_s44,ON_NEG,on/scene15/L7__s20260820__0005.png::boost_h,scene15,H,A2,5,A,2,0.564256,-5.4058,-7.3396,62.3314,9.8366,0
rgb,44,rgb_s44,ON_NEG,on/scene15/L7__s20260820__0005.png::boost_h,scene15,H,B2,6,B,2,0.576226,-5.4058,-7.3396,62.3314,9.8366,0
rgb,44,rgb_s44,ON_NEG,on/scene15/L7__s20260820__0005.png::boost_h,scene15,H,D2,8,D,2,0.503069,-5.4058,-7.3396,62.3314,9.8366,0
rgb,44,rgb_s44,ON_NEG,on/scene15/L7__s20260820__0006.png::boost_h,scene15,H,B3b,16,B,3b,0.70796,-5.1828,6.8137,59.5209,6.9519,0
rgb,44,rgb_s44,ON_NEG,on/scene15/L7__s20260820__0007.png::boost_h,scene15,H_weak,C3b,17,C,3b,0.530903,-9.4753,-12.4083,62.4936,8.3783,0
rgb,44,rgb_s44,ON_NEG,on/scene05/L0__s20260820__0004.png::boost_e,scene05,V,D2,8,D,2,0.710616,-6.9904,-7.3983,63.483,6.1605,0
rgb,44,rgb_s44,ON_NEG,on/scene05/L0__s20260820__0004.png::boost_e,scene05,V,E2,9,E,2,0.624602,-6.9904,-7.3983,63.483,6.1605,0
rgb,44,rgb_s44,ON_NEG,on/scene05/L5__s20260820__0002.png::boost_e,scene05,V,E3a,14,E,3a,0.578457,-5.4996,-9.2457,63.6695,7.7708,0
rgb,44,rgb_s44,ON_NEG,on/scene05/L5__s20260820__0004.png::boost_e,scene05,V,D2,8,D,2,0.812469,-6.9904,-7.3983,63.483,6.1605,0
rgb,44,rgb_s44,ON_NEG,on/scene05/L5__s20260820__0004.png::boost_e,scene05,V,E2,9,E,2,0.870421,-6.9904,-7.3983,63.483,6.1605,0
rgb,44,rgb_s44,ON_NEG,on/scene05/L5__s20260820__0005.png::boost_e,scene05,V,E2,9,E,2,0.54682,-9.9958,-4.8864,61.371,6.2772,0
rgb,44,rgb_s44,ON_NEG,on/scene05/L5__s20260820__0006.png::boost_e,scene05,V,A3a,10,A,3a,0.547647,-12.8982,-6.3539,61.1324,9.7574,0
rgb,44,rgb_s44,ON_NEG,on/scene05/L5__s20260820__0006.png::boost_e,scene05,V,B3a,11,B,3a,0.844187,-12.8982,-6.3539,61.1324,9.7574,0
rgb,44,rgb_s44,ON_NEG,on/scene05/L7__s20260820__0004.png::boost_e,scene05,V,E2,9,E,2,0.718718,-6.9904,-7.3983,63.483,6.1605,0
rgb,44,rgb_s44,ON_NEG,on/scene05/L7__s20260820__0006.png::boost_e,scene05,V,B3a,11,B,3a,0.683175,-12.8982,-6.3539,61.1324,9.7574,0
rgb,44,rgb_s44,ON_NEG,on/scene07/L0__s20260820__0000.png::boost_e,scene07,V,C3a,12,C,3a,0.553427,-10.2409,14.1283,61.8254,9.3533,0
rgb,44,rgb_s44,ON_NEG,on/scene07/L0__s20260820__0000.png::boost_e,scene07,V,C3b,17,C,3b,0.818101,-10.2409,14.1283,61.8254,9.3533,0
rgb,44,rgb_s44,ON_NEG,on/scene07/L0__s20260820__0003.png::boost_e,scene07,V,B3b,16,B,3b,0.508547,-10.8121,7.6338,61.1751,9.743,0
rgb,44,rgb_s44,ON_NEG,on/scene07/L0__s20260820__0004.png::boost_e,scene07,none_in_fov,C3b,17,C,3b,0.963099,-11.296,14.3304,62.4153,11.7361,0
rgb,44,rgb_s44,ON_NEG,on/scene07/L0__s20260820__0004.png::boost_e,scene07,none_in_fov,D3b,18,D,3b,0.837562,-11.296,14.3304,62.4153,11.7361,0
rgb,44,rgb_s44,ON_NEG,on/scene07/L0__s20260820__0007.png::boost_e,scene07,none_in_fov,A3b,15,A,3b,0.771697,-8.8831,-5.8973,62.4612,11.793,0
rgb,44,rgb_s44,ON_NEG,on/scene07/L0__s20260820__0007.png::boost_e,scene07,none_in_fov,B3b,16,B,3b,0.882404,-8.8831,-5.8973,62.4612,11.793,0
rgb,44,rgb_s44,ON_NEG,on/scene07/L0__s20260820__0007.png::boost_e,scene07,none_in_fov,C3b,17,C,3b,0.712574,-8.8831,-5.8973,62.4612,11.793,0
rgb,44,rgb_s44,ON_NEG,on/scene07/L5__s20260820__0000.png::boost_e,scene07,V,C3b,17,C,3b,0.950462,-10.2409,14.1283,61.8254,9.3533,0
rgb,44,rgb_s44,ON_NEG,on/scene07/L5__s20260820__0004.png::boost_e,scene07,none_in_fov,C3b,17,C,3b,0.961976,-11.296,14.3304,62.4153,11.7361,0
rgb,44,rgb_s44,ON_NEG,on/scene07/L5__s20260820__0004.png::boost_e,scene07,none_in_fov,D3b,18,D,3b,0.746166,-11.296,14.3304,62.4153,11.7361,0
rgb,44,rgb_s44,ON_NEG,on/scene07/L7__s20260820__0000.png::boost_e,scene07,V,C3b,17,C,3b,0.95238,-10.2409,14.1283,61.8254,9.3533,0
rgb,44,rgb_s44,ON_NEG,on/scene07/L7__s20260820__0004.png::boost_e,scene07,none_in_fov,C3b,17,C,3b,0.968496,-11.296,14.3304,62.4153,11.7361,0
rgb,44,rgb_s44,ON_NEG,on/scene07/L7__s20260820__0004.png::boost_e,scene07,none_in_fov,D3b,18,D,3b,0.677841,-11.296,14.3304,62.4153,11.7361,0
rgb,44,rgb_s44,ON_NEG,on/scene07/L7__s20260820__0007.png::boost_e,scene07,none_in_fov,C3b,17,C,3b,0.663579,-8.8831,-5.8973,62.4612,11.793,0
rgb,44,rgb_s44,ON_NEG,on/scene14/L5__s20260820__0002.png::boost_e,scene14,none_in_fov,A3b,15,A,3b,0.626012,-7.0039,2.401,63.1403,11.657,0
rgb,44,rgb_s44,ON_NEG,on/scene14/L5__s20260820__0003.png::boost_e,scene14,H,E3b,19,E,3b,0.638755,-7.2352,-9.0359,60.577,10.095,0
rgb,44,rgb_s44,ON_NEG,on/scene14/L7__s20260820__0002.png::boost_e,scene14,none_in_fov,A3b,15,A,3b,0.811802,-7.0039,2.401,63.1403,11.657,0
rgb,44,rgb_s44,ON_NEG,on/scene14/L7__s20260820__0002.png::boost_e,scene14,none_in_fov,B3b,16,B,3b,0.751053,-7.0039,2.401,63.1403,11.657,0
rgb,44,rgb_s44,ON_NEG,on/scene14/L7__s20260820__0002.png::boost_e,scene14,none_in_fov,C3b,17,C,3b,0.967412,-7.0039,2.401,63.1403,11.657,0
rgb,44,rgb_s44,ON_NEG,on/scene14/L7__s20260820__0002.png::boost_e,scene14,none_in_fov,D3b,18,D,3b,0.729633,-7.0039,2.401,63.1403,11.657,0
rgb,44,rgb_s44,ON_NEG,on/scene14/L7__s20260820__0003.png::boost_e,scene14,H,E3b,19,E,3b,0.848688,-7.2352,-9.0359,60.577,10.095,0
rgb,44,rgb_s44,ON_NEG,on/scene15/L0__s20260820__0001.png::boost_e,scene15,H_weak,C3a,12,C,3a,0.529719,-6.8068,-11.8299,63.9125,9.9013,0
rgb,44,rgb_s44,ON_NEG,on/scene15/L0__s20260820__0001.png::boost_e,scene15,H_weak,D3a,13,D,3a,0.755423,-6.8068,-11.8299,63.9125,9.9013,0
rgb,44,rgb_s44,ON_NEG,on/scene15/L0__s20260820__0001.png::boost_e,scene15,H_weak,C3b,17,C,3b,0.880369,-6.8068,-11.8299,63.9125,9.9013,0
rgb,44,rgb_s44,ON_NEG,on/scene15/L0__s20260820__0001.png::boost_e,scene15,H_weak,D3b,18,D,3b,0.561374,-6.8068,-11.8299,63.9125,9.9013,0
rgb,44,rgb_s44,ON_NEG,on/scene15/L0__s20260820__0004.png::boost_e,scene15,H,D3a,13,D,3a,0.518499,-12.6937,-3.4861,58.1207,9.9583,0
rgb,44,rgb_s44,ON_NEG,on/scene15/L0__s20260820__0004.png::boost_e,scene15,H,D3b,18,D,3b,0.589931,-12.6937,-3.4861,58.1207,9.9583,0
rgb,44,rgb_s44,ON_NEG,on/scene15/L0__s20260820__0005.png::boost_e,scene15,H,A2,5,A,2,0.631445,-5.4058,-7.3396,62.3314,9.8366,0
rgb,44,rgb_s44,ON_NEG,on/scene15/L0__s20260820__0005.png::boost_e,scene15,H,B2,6,B,2,0.598475,-5.4058,-7.3396,62.3314,9.8366,0
rgb,44,rgb_s44,ON_NEG,on/scene15/L0__s20260820__0005.png::boost_e,scene15,H,C2,7,C,2,0.580163,-5.4058,-7.3396,62.3314,9.8366,0
rgb,44,rgb_s44,ON_NEG,on/scene15/L0__s20260820__0005.png::boost_e,scene15,H,D2,8,D,2,0.56457,-5.4058,-7.3396,62.3314,9.8366,0
rgb,44,rgb_s44,ON_NEG,on/scene15/L0__s20260820__0005.png::boost_e,scene15,H,E2,9,E,2,0.556653,-5.4058,-7.3396,62.3314,9.8366,0
rgb,44,rgb_s44,ON_NEG,on/scene15/L0__s20260820__0006.png::boost_e,scene15,H,A3a,10,A,3a,0.533532,-5.1828,6.8137,59.5209,6.9519,0
rgb,44,rgb_s44,ON_NEG,on/scene15/L0__s20260820__0006.png::boost_e,scene15,H,B3b,16,B,3b,0.926399,-5.1828,6.8137,59.5209,6.9519,0
rgb,44,rgb_s44,ON_NEG,on/scene15/L0__s20260820__0007.png::boost_e,scene15,V,D3a,13,D,3a,0.614457,-9.4753,-12.4083,62.4936,8.3783,0
rgb,44,rgb_s44,ON_NEG,on/scene15/L0__s20260820__0007.png::boost_e,scene15,V,C3b,17,C,3b,0.686594,-9.4753,-12.4083,62.4936,8.3783,0
rgb,44,rgb_s44,ON_NEG,on/scene15/L0__s20260820__0007.png::boost_e,scene15,V,D3b,18,D,3b,0.581165,-9.4753,-12.4083,62.4936,8.3783,0
rgb,44,rgb_s44,ON_NEG,on/scene15/L4__s20260820__0001.png::boost_e,scene15,H_weak,C3b,17,C,3b,0.893434,-6.8068,-11.8299,63.9125,9.9013,0
rgb,44,rgb_s44,ON_NEG,on/scene15/L4__s20260820__0001.png::boost_e,scene15,H_weak,D3b,18,D,3b,0.669751,-6.8068,-11.8299,63.9125,9.9013,0
rgb,44,rgb_s44,ON_NEG,on/scene15/L4__s20260820__0002.png::boost_e,scene15,V,D3b,18,D,3b,0.666843,-8.6096,-4.0107,63.6728,6.6026,0
rgb,44,rgb_s44,ON_NEG,on/scene15/L4__s20260820__0004.png::boost_e,scene15,H,C3a,12,C,3a,0.511564,-12.6937,-3.4861,58.1207,9.9583,0
rgb,44,rgb_s44,ON_NEG,on/scene15/L4__s20260820__0004.png::boost_e,scene15,H,D3b,18,D,3b,0.510768,-12.6937,-3.4861,58.1207,9.9583,0
rgb,44,rgb_s44,ON_NEG,on/scene15/L4__s20260820__0005.png::boost_e,scene15,H,A2,5,A,2,0.538336,-5.4058,-7.3396,62.3314,9.8366,0
rgb,44,rgb_s44,ON_NEG,on/scene15/L4__s20260820__0005.png::boost_e,scene15,H,B2,6,B,2,0.577453,-5.4058,-7.3396,62.3314,9.8366,0
rgb,44,rgb_s44,ON_NEG,on/scene15/L4__s20260820__0005.png::boost_e,scene15,H,D2,8,D,2,0.506869,-5.4058,-7.3396,62.3314,9.8366,0
rgb,44,rgb_s44,ON_NEG,on/scene15/L4__s20260820__0006.png::boost_e,scene15,H,B3b,16,B,3b,0.626517,-5.1828,6.8137,59.5209,6.9519,0
rgb,44,rgb_s44,ON_NEG,on/scene15/L7__s20260820__0001.png::boost_e,scene15,H_weak,C3b,17,C,3b,0.957831,-6.8068,-11.8299,63.9125,9.9013,0
rgb,44,rgb_s44,ON_NEG,on/scene15/L7__s20260820__0001.png::boost_e,scene15,H_weak,D3b,18,D,3b,0.759728,-6.8068,-11.8299,63.9125,9.9013,0
rgb,44,rgb_s44,ON_NEG,on/scene15/L7__s20260820__0002.png::boost_e,scene15,V,D3b,18,D,3b,0.749027,-8.6096,-4.0107,63.6728,6.6026,0
rgb,44,rgb_s44,ON_NEG,on/scene15/L7__s20260820__0004.png::boost_e,scene15,H,D3b,18,D,3b,0.539562,-12.6937,-3.4861,58.1207,9.9583,0
rgb,44,rgb_s44,ON_NEG,on/scene15/L7__s20260820__0005.png::boost_e,scene15,H,A2,5,A,2,0.522904,-5.4058,-7.3396,62.3314,9.8366,0
rgb,44,rgb_s44,ON_NEG,on/scene15/L7__s20260820__0005.png::boost_e,scene15,H,B2,6,B,2,0.538106,-5.4058,-7.3396,62.3314,9.8366,0
rgb,44,rgb_s44,ON_NEG,on/scene15/L7__s20260820__0005.png::boost_e,scene15,H,C2,7,C,2,0.531118,-5.4058,-7.3396,62.3314,9.8366,0
rgb,44,rgb_s44,ON_NEG,on/scene15/L7__s20260820__0005.png::boost_e,scene15,H,D2,8,D,2,0.501823,-5.4058,-7.3396,62.3314,9.8366,0
rgb,44,rgb_s44,ON_NEG,on/scene15/L7__s20260820__0006.png::boost_e,scene15,H,B3b,16,B,3b,0.64615,-5.1828,6.8137,59.5209,6.9519,0
rgb,44,rgb_s44,ON_NEG,on/scene15/L7__s20260820__0007.png::boost_e,scene15,V,C3b,17,C,3b,0.567967,-9.4753,-12.4083,62.4936,8.3783,0
rgb,44,rgb_s44,ON_NEG,on/scene07/L0__s20260821__0000.png::boost_e2,scene07,V,A3a,10,A,3a,0.516589,-9.0864,4.975,60.5839,4.6498,0
rgb,44,rgb_s44,ON_NEG,on/scene07/L0__s20260821__0000.png::boost_e2,scene07,V,E3a,14,E,3a,0.674378,-9.0864,4.975,60.5839,4.6498,0
rgb,44,rgb_s44,ON_NEG,on/scene07/L0__s20260821__0001.png::boost_e2,scene07,V,E3a,14,E,3a,0.535651,-8.6491,14.3681,62.653,6.526,0
rgb,44,rgb_s44,ON_NEG,on/scene07/L0__s20260821__0003.png::boost_e2,scene07,V,A3a,10,A,3a,0.860642,-11.0113,-0.6132,62.5016,7.1387,0
rgb,44,rgb_s44,ON_NEG,on/scene07/L0__s20260821__0003.png::boost_e2,scene07,V,B3a,11,B,3a,0.51802,-11.0113,-0.6132,62.5016,7.1387,0
rgb,44,rgb_s44,ON_NEG,on/scene07/L0__s20260821__0003.png::boost_e2,scene07,V,C3a,12,C,3a,0.885647,-11.0113,-0.6132,62.5016,7.1387,0
rgb,44,rgb_s44,ON_NEG,on/scene07/L0__s20260821__0003.png::boost_e2,scene07,V,E3a,14,E,3a,0.782559,-11.0113,-0.6132,62.5016,7.1387,0
rgb,44,rgb_s44,ON_NEG,on/scene07/L0__s20260821__0004.png::boost_e2,scene07,V,A3a,10,A,3a,0.783787,-13.3275,-0.1348,64.6075,6.5636,0
rgb,44,rgb_s44,ON_NEG,on/scene07/L0__s20260821__0004.png::boost_e2,scene07,V,C3a,12,C,3a,0.583738,-13.3275,-0.1348,64.6075,6.5636,0
rgb,44,rgb_s44,ON_NEG,on/scene07/L0__s20260821__0004.png::boost_e2,scene07,V,E3a,14,E,3a,0.540329,-13.3275,-0.1348,64.6075,6.5636,0
rgb,44,rgb_s44,ON_NEG,on/scene07/L0__s20260821__0005.png::boost_e2,scene07,V,B2,6,B,2,0.765781,-5.0214,-1.8091,62.1167,8.8712,0
rgb,44,rgb_s44,ON_NEG,on/scene07/L0__s20260821__0005.png::boost_e2,scene07,V,C2,7,C,2,0.869365,-5.0214,-1.8091,62.1167,8.8712,0
rgb,44,rgb_s44,ON_NEG,on/scene07/L0__s20260821__0005.png::boost_e2,scene07,V,D2,8,D,2,0.611916,-5.0214,-1.8091,62.1167,8.8712,0
rgb,44,rgb_s44,ON_NEG,on/scene07/L0__s20260821__0005.png::boost_e2,scene07,V,A3a,10,A,3a,0.620423,-5.0214,-1.8091,62.1167,8.8712,0
rgb,44,rgb_s44,ON_NEG,on/scene07/L0__s20260821__0005.png::boost_e2,scene07,V,C3a,12,C,3a,0.690991,-5.0214,-1.8091,62.1167,8.8712,0
rgb,44,rgb_s44,ON_NEG,on/scene07/L0__s20260821__0006.png::boost_e2,scene07,V,A3a,10,A,3a,0.881616,-12.1066,0.0159,62.3073,6.0804,0
rgb,44,rgb_s44,ON_NEG,on/scene07/L0__s20260821__0006.png::boost_e2,scene07,V,E3a,14,E,3a,0.686838,-12.1066,0.0159,62.3073,6.0804,0
rgb,44,rgb_s44,ON_NEG,on/scene07/L5__s20260821__0003.png::boost_e2,scene07,V,A3a,10,A,3a,0.705943,-11.0113,-0.6132,62.5016,7.1387,0
rgb,44,rgb_s44,ON_NEG,on/scene07/L5__s20260821__0003.png::boost_e2,scene07,V,C3a,12,C,3a,0.559461,-11.0113,-0.6132,62.5016,7.1387,0
rgb,44,rgb_s44,ON_NEG,on/scene07/L5__s20260821__0005.png::boost_e2,scene07,V,A2,5,A,2,0.680457,-5.0214,-1.8091,62.1167,8.8712,0
rgb,44,rgb_s44,ON_NEG,on/scene07/L5__s20260821__0005.png::boost_e2,scene07,V,B2,6,B,2,0.94356,-5.0214,-1.8091,62.1167,8.8712,0
rgb,44,rgb_s44,ON_NEG,on/scene07/L5__s20260821__0005.png::boost_e2,scene07,V,C2,7,C,2,0.95903,-5.0214,-1.8091,62.1167,8.8712,0
rgb,44,rgb_s44,ON_NEG,on/scene07/L5__s20260821__0005.png::boost_e2,scene07,V,D2,8,D,2,0.880659,-5.0214,-1.8091,62.1167,8.8712,0
rgb,44,rgb_s44,ON_NEG,on/scene07/L5__s20260821__0005.png::boost_e2,scene07,V,A3a,10,A,3a,0.919802,-5.0214,-1.8091,62.1167,8.8712,0
rgb,44,rgb_s44,ON_NEG,on/scene07/L5__s20260821__0005.png::boost_e2,scene07,V,B3a,11,B,3a,0.947695,-5.0214,-1.8091,62.1167,8.8712,0
rgb,44,rgb_s44,ON_NEG,on/scene07/L5__s20260821__0005.png::boost_e2,scene07,V,C3a,12,C,3a,0.994512,-5.0214,-1.8091,62.1167,8.8712,0
rgb,44,rgb_s44,ON_NEG,on/scene07/L5__s20260821__0005.png::boost_e2,scene07,V,D3a,13,D,3a,0.793591,-5.0214,-1.8091,62.1167,8.8712,0
rgb,44,rgb_s44,ON_NEG,on/scene07/L5__s20260821__0005.png::boost_e2,scene07,V,A3b,15,A,3b,0.520164,-5.0214,-1.8091,62.1167,8.8712,0
rgb,44,rgb_s44,ON_NEG,on/scene07/L7__s20260821__0003.png::boost_e2,scene07,V,A3a,10,A,3a,0.633041,-11.0113,-0.6132,62.5016,7.1387,0
rgb,44,rgb_s44,ON_NEG,on/scene07/L7__s20260821__0003.png::boost_e2,scene07,V,C3a,12,C,3a,0.768651,-11.0113,-0.6132,62.5016,7.1387,0
rgb,44,rgb_s44,ON_NEG,on/scene07/L7__s20260821__0003.png::boost_e2,scene07,V,E3a,14,E,3a,0.719437,-11.0113,-0.6132,62.5016,7.1387,0
rgb,44,rgb_s44,ON_NEG,on/scene07/L7__s20260821__0004.png::boost_e2,scene07,V,A3a,10,A,3a,0.584371,-13.3275,-0.1348,64.6075,6.5636,0
rgb,44,rgb_s44,ON_NEG,on/scene07/L7__s20260821__0004.png::boost_e2,scene07,V,C3a,12,C,3a,0.561298,-13.3275,-0.1348,64.6075,6.5636,0
depth,42,depth_s42,OFF,off/scene15/L0__s20260819__0006.png,scene15,off,D3b,18,D,3b,0.877333,-9.1914,-18.2162,60.3765,2.2421,0
depth,42,depth_s42,OFF,off/scene15/L4__s20260819__0006.png,scene15,off,D3b,18,D,3b,0.877333,-9.1914,-18.2162,60.3765,2.2421,0
depth,42,depth_s42,OFF,off/scene15/L7__s20260819__0006.png,scene15,off,D3b,18,D,3b,0.877333,-9.1914,-18.2162,60.3765,2.2421,0
depth,42,depth_s42,OFF,off/sceneC2/L2__s20260819__0001.png,sceneC2,off,B3a,11,B,3a,0.747843,-13.4518,-13.0389,63.5306,6.8638,0
depth,42,depth_s42,OFF,off/sceneC2/L2__s20260819__0001.png,sceneC2,off,C3a,12,C,3a,0.799286,-13.4518,-13.0389,63.5306,6.8638,0
depth,42,depth_s42,OFF,off/sceneC2/L2__s20260819__0002.png,sceneC2,off,C3a,12,C,3a,0.670561,-11.6494,-2.9872,60.6739,8.321,0
depth,42,depth_s42,OFF,off/sceneC2/L2__s20260819__0002.png,sceneC2,off,C3b,17,C,3b,0.617247,-11.6494,-2.9872,60.6739,8.321,0
depth,42,depth_s42,OFF,off/sceneC2/L2__s20260819__0005.png,sceneC2,off,C3a,12,C,3a,0.946179,-13.9053,-4.7076,63.4803,4.5522,0
depth,42,depth_s42,OFF,off/sceneC2/L2__s20260819__0005.png,sceneC2,off,B3b,16,B,3b,0.888718,-13.9053,-4.7076,63.4803,4.5522,0
depth,42,depth_s42,OFF,off/sceneC2/L2__s20260819__0005.png,sceneC2,off,C3b,17,C,3b,0.980414,-13.9053,-4.7076,63.4803,4.5522,0
depth,42,depth_s42,OFF,off/sceneC2/L2__s20260819__0005.png,sceneC2,off,D3b,18,D,3b,0.770764,-13.9053,-4.7076,63.4803,4.5522,0
depth,42,depth_s42,OFF,off/sceneC2/L3__s20260819__0001.png,sceneC2,off,B3a,11,B,3a,0.747843,-13.4518,-13.0389,63.5306,6.8638,0
depth,42,depth_s42,OFF,off/sceneC2/L3__s20260819__0001.png,sceneC2,off,C3a,12,C,3a,0.799286,-13.4518,-13.0389,63.5306,6.8638,0
depth,42,depth_s42,OFF,off/sceneC2/L3__s20260819__0002.png,sceneC2,off,C3a,12,C,3a,0.670561,-11.6494,-2.9872,60.6739,8.321,0
depth,42,depth_s42,OFF,off/sceneC2/L3__s20260819__0002.png,sceneC2,off,C3b,17,C,3b,0.617247,-11.6494,-2.9872,60.6739,8.321,0
depth,42,depth_s42,OFF,off/sceneC2/L3__s20260819__0005.png,sceneC2,off,C3a,12,C,3a,0.946179,-13.9053,-4.7076,63.4803,4.5522,0
depth,42,depth_s42,OFF,off/sceneC2/L3__s20260819__0005.png,sceneC2,off,B3b,16,B,3b,0.888718,-13.9053,-4.7076,63.4803,4.5522,0
depth,42,depth_s42,OFF,off/sceneC2/L3__s20260819__0005.png,sceneC2,off,C3b,17,C,3b,0.980414,-13.9053,-4.7076,63.4803,4.5522,0
depth,42,depth_s42,OFF,off/sceneC2/L3__s20260819__0005.png,sceneC2,off,D3b,18,D,3b,0.770764,-13.9053,-4.7076,63.4803,4.5522,0
depth,42,depth_s42,OFF,off/sceneC2/L7__s20260819__0001.png,sceneC2,off,B3a,11,B,3a,0.747843,-13.4518,-13.0389,63.5306,6.8638,0
depth,42,depth_s42,OFF,off/sceneC2/L7__s20260819__0001.png,sceneC2,off,C3a,12,C,3a,0.799286,-13.4518,-13.0389,63.5306,6.8638,0
depth,42,depth_s42,OFF,off/sceneC2/L7__s20260819__0002.png,sceneC2,off,C3a,12,C,3a,0.670561,-11.6494,-2.9872,60.6739,8.321,0
depth,42,depth_s42,OFF,off/sceneC2/L7__s20260819__0002.png,sceneC2,off,C3b,17,C,3b,0.617247,-11.6494,-2.9872,60.6739,8.321,0
depth,42,depth_s42,OFF,off/sceneC2/L7__s20260819__0005.png,sceneC2,off,C3a,12,C,3a,0.946179,-13.9053,-4.7076,63.4803,4.5522,0
depth,42,depth_s42,OFF,off/sceneC2/L7__s20260819__0005.png,sceneC2,off,B3b,16,B,3b,0.888718,-13.9053,-4.7076,63.4803,4.5522,0
depth,42,depth_s42,OFF,off/sceneC2/L7__s20260819__0005.png,sceneC2,off,C3b,17,C,3b,0.980414,-13.9053,-4.7076,63.4803,4.5522,0
depth,42,depth_s42,OFF,off/sceneC2/L7__s20260819__0005.png,sceneC2,off,D3b,18,D,3b,0.770764,-13.9053,-4.7076,63.4803,4.5522,0
depth,42,depth_s42,OFF,off/sceneN3/L0__s20260819__0002.png,sceneN3,off,C3b,17,C,3b,0.595222,-13.1516,1.5693,63.1068,1.7608,0
depth,42,depth_s42,OFF,off/sceneN3/L5__s20260819__0002.png,sceneN3,off,C3b,17,C,3b,0.595222,-13.1516,1.5693,63.1068,1.7608,0
depth,42,depth_s42,OFF,off/sceneN3/L7__s20260819__0002.png,sceneN3,off,C3b,17,C,3b,0.595222,-13.1516,1.5693,63.1068,1.7608,0
depth,42,depth_s42,OFF,off/scene15/L0__s20260820__0005.png::boost_h,scene15,off,D3b,18,D,3b,0.540983,-5.4058,-7.3396,62.3314,9.8366,0
depth,42,depth_s42,OFF,off/scene15/L4__s20260820__0005.png::boost_h,scene15,off,D3b,18,D,3b,0.540983,-5.4058,-7.3396,62.3314,9.8366,0
depth,42,depth_s42,OFF,off/scene15/L7__s20260820__0005.png::boost_h,scene15,off,D3b,18,D,3b,0.540983,-5.4058,-7.3396,62.3314,9.8366,0
depth,42,depth_s42,OFF,off/scene05/L0__s20260821__0001.png::boost_e2,scene05,off,C3b,17,C,3b,0.620265,-11.2173,-11.6748,62.7749,7.0431,0
depth,42,depth_s42,OFF,off/scene05/L5__s20260821__0001.png::boost_e2,scene05,off,C3b,17,C,3b,0.620265,-11.2173,-11.6748,62.7749,7.0431,0
depth,42,depth_s42,OFF,off/scene05/L7__s20260821__0001.png::boost_e2,scene05,off,C3b,17,C,3b,0.620265,-11.2173,-11.6748,62.7749,7.0431,0
depth,42,depth_s42,ON_NEG,on/scene07/L0__s20260819__0000.png,scene07,V,A2,5,A,2,0.516401,-11.6469,5.5321,61.8564,4.6128,0
depth,42,depth_s42,ON_NEG,on/scene07/L0__s20260819__0000.png,scene07,V,B2,6,B,2,0.56046,-11.6469,5.5321,61.8564,4.6128,0
depth,42,depth_s42,ON_NEG,on/scene07/L0__s20260819__0000.png,scene07,V,D2,8,D,2,0.704745,-11.6469,5.5321,61.8564,4.6128,0
depth,42,depth_s42,ON_NEG,on/scene07/L0__s20260819__0000.png,scene07,V,A3a,10,A,3a,0.613861,-11.6469,5.5321,61.8564,4.6128,0
depth,42,depth_s42,ON_NEG,on/scene07/L0__s20260819__0000.png,scene07,V,E3a,14,E,3a,0.790715,-11.6469,5.5321,61.8564,4.6128,0
depth,42,depth_s42,ON_NEG,on/scene07/L0__s20260819__0001.png,scene07,none_in_fov,B3a,11,B,3a,0.818126,-12.4971,7.4345,61.4783,11.6559,0
depth,42,depth_s42,ON_NEG,on/scene07/L0__s20260819__0001.png,scene07,none_in_fov,B3b,16,B,3b,0.797799,-12.4971,7.4345,61.4783,11.6559,0
depth,42,depth_s42,ON_NEG,on/scene07/L0__s20260819__0002.png,scene07,V,A2,5,A,2,0.554672,-7.922,-1.0116,61.5513,7.0947,0
depth,42,depth_s42,ON_NEG,on/scene07/L0__s20260819__0002.png,scene07,V,B2,6,B,2,0.58898,-7.922,-1.0116,61.5513,7.0947,0
depth,42,depth_s42,ON_NEG,on/scene07/L0__s20260819__0002.png,scene07,V,D2,8,D,2,0.676234,-7.922,-1.0116,61.5513,7.0947,0
depth,42,depth_s42,ON_NEG,on/scene07/L0__s20260819__0002.png,scene07,V,A3a,10,A,3a,0.739426,-7.922,-1.0116,61.5513,7.0947,0
depth,42,depth_s42,ON_NEG,on/scene07/L0__s20260819__0002.png,scene07,V,B3a,11,B,3a,0.852269,-7.922,-1.0116,61.5513,7.0947,0
depth,42,depth_s42,ON_NEG,on/scene07/L0__s20260819__0002.png,scene07,V,C3a,12,C,3a,0.818942,-7.922,-1.0116,61.5513,7.0947,0
depth,42,depth_s42,ON_NEG,on/scene07/L0__s20260819__0002.png,scene07,V,D3a,13,D,3a,0.802142,-7.922,-1.0116,61.5513,7.0947,0
depth,42,depth_s42,ON_NEG,on/scene07/L0__s20260819__0002.png,scene07,V,E3a,14,E,3a,0.811492,-7.922,-1.0116,61.5513,7.0947,0
depth,42,depth_s42,ON_NEG,on/scene07/L0__s20260819__0003.png,scene07,V,A2,5,A,2,0.952727,-9.8928,4.8712,61.7741,2.4361,0
depth,42,depth_s42,ON_NEG,on/scene07/L0__s20260819__0003.png,scene07,V,E2,9,E,2,0.985737,-9.8928,4.8712,61.7741,2.4361,0
depth,42,depth_s42,ON_NEG,on/scene07/L0__s20260819__0003.png,scene07,V,E3a,14,E,3a,0.998236,-9.8928,4.8712,61.7741,2.4361,0
depth,42,depth_s42,ON_NEG,on/scene07/L0__s20260819__0003.png,scene07,V,D3b,18,D,3b,0.99175,-9.8928,4.8712,61.7741,2.4361,0
depth,42,depth_s42,ON_NEG,on/scene07/L0__s20260819__0003.png,scene07,V,E3b,19,E,3b,0.987898,-9.8928,4.8712,61.7741,2.4361,0
depth,42,depth_s42,ON_NEG,on/scene07/L0__s20260819__0004.png,scene07,V,A2,5,A,2,0.625496,-12.8155,-12.0811,63.2809,3.8019,0
depth,42,depth_s42,ON_NEG,on/scene07/L0__s20260819__0004.png,scene07,V,B2,6,B,2,0.653426,-12.8155,-12.0811,63.2809,3.8019,0
depth,42,depth_s42,ON_NEG,on/scene07/L0__s20260819__0004.png,scene07,V,D2,8,D,2,0.642087,-12.8155,-12.0811,63.2809,3.8019,0
depth,42,depth_s42,ON_NEG,on/scene07/L0__s20260819__0004.png,scene07,V,C3a,12,C,3a,0.871179,-12.8155,-12.0811,63.2809,3.8019,0
depth,42,depth_s42,ON_NEG,on/scene07/L0__s20260819__0004.png,scene07,V,D3a,13,D,3a,0.790347,-12.8155,-12.0811,63.2809,3.8019,0
depth,42,depth_s42,ON_NEG,on/scene07/L0__s20260819__0004.png,scene07,V,E3a,14,E,3a,0.579715,-12.8155,-12.0811,63.2809,3.8019,0
depth,42,depth_s42,ON_NEG,on/scene07/L0__s20260819__0004.png,scene07,V,C3b,17,C,3b,0.965893,-12.8155,-12.0811,63.2809,3.8019,0
depth,42,depth_s42,ON_NEG,on/scene07/L0__s20260819__0005.png,scene07,V,D2,8,D,2,0.533689,-9.3221,15.6943,62.9084,4.5788,0
depth,42,depth_s42,ON_NEG,on/scene07/L0__s20260819__0005.png,scene07,V,A3b,15,A,3b,0.522038,-9.3221,15.6943,62.9084,4.5788,0
depth,42,depth_s42,ON_NEG,on/scene07/L0__s20260819__0005.png,scene07,V,E3b,19,E,3b,0.838262,-9.3221,15.6943,62.9084,4.5788,0
depth,42,depth_s42,ON_NEG,on/scene07/L0__s20260819__0006.png,scene07,V,D2,8,D,2,0.949379,-3.7993,3.5452,60.5677,1.5559,0
depth,42,depth_s42,ON_NEG,on/scene07/L0__s20260819__0006.png,scene07,V,E2,9,E,2,0.786898,-3.7993,3.5452,60.5677,1.5559,0
depth,42,depth_s42,ON_NEG,on/scene07/L0__s20260819__0006.png,scene07,V,D3a,13,D,3a,0.99424,-3.7993,3.5452,60.5677,1.5559,0
depth,42,depth_s42,ON_NEG,on/scene07/L0__s20260819__0006.png,scene07,V,D3b,18,D,3b,0.962634,-3.7993,3.5452,60.5677,1.5559,0
depth,42,depth_s42,ON_NEG,on/scene07/L0__s20260819__0006.png,scene07,V,E3b,19,E,3b,0.95869,-3.7993,3.5452,60.5677,1.5559,0
depth,42,depth_s42,ON_NEG,on/scene07/L0__s20260819__0007.png,scene07,V,A2,5,A,2,0.551662,-9.7299,-3.7756,59.9335,3.9995,0
depth,42,depth_s42,ON_NEG,on/scene07/L0__s20260819__0007.png,scene07,V,B2,6,B,2,0.600488,-9.7299,-3.7756,59.9335,3.9995,0
depth,42,depth_s42,ON_NEG,on/scene07/L0__s20260819__0007.png,scene07,V,D2,8,D,2,0.595619,-9.7299,-3.7756,59.9335,3.9995,0
depth,42,depth_s42,ON_NEG,on/scene07/L0__s20260819__0007.png,scene07,V,D3a,13,D,3a,0.811517,-9.7299,-3.7756,59.9335,3.9995,0
depth,42,depth_s42,ON_NEG,on/scene07/L0__s20260819__0007.png,scene07,V,E3a,14,E,3a,0.671508,-9.7299,-3.7756,59.9335,3.9995,0
depth,42,depth_s42,ON_NEG,on/scene07/L0__s20260819__0007.png,scene07,V,C3b,17,C,3b,0.952857,-9.7299,-3.7756,59.9335,3.9995,0
depth,42,depth_s42,ON_NEG,on/scene07/L5__s20260819__0000.png,scene07,V,A2,5,A,2,0.516401,-11.6469,5.5321,61.8564,4.6128,0
depth,42,depth_s42,ON_NEG,on/scene07/L5__s20260819__0000.png,scene07,V,B2,6,B,2,0.56046,-11.6469,5.5321,61.8564,4.6128,0
depth,42,depth_s42,ON_NEG,on/scene07/L5__s20260819__0000.png,scene07,V,D2,8,D,2,0.704745,-11.6469,5.5321,61.8564,4.6128,0
depth,42,depth_s42,ON_NEG,on/scene07/L5__s20260819__0000.png,scene07,V,A3a,10,A,3a,0.613861,-11.6469,5.5321,61.8564,4.6128,0
depth,42,depth_s42,ON_NEG,on/scene07/L5__s20260819__0000.png,scene07,V,E3a,14,E,3a,0.790715,-11.6469,5.5321,61.8564,4.6128,0
depth,42,depth_s42,ON_NEG,on/scene07/L5__s20260819__0001.png,scene07,none_in_fov,B3a,11,B,3a,0.818126,-12.4971,7.4345,61.4783,11.6559,0
depth,42,depth_s42,ON_NEG,on/scene07/L5__s20260819__0001.png,scene07,none_in_fov,B3b,16,B,3b,0.797799,-12.4971,7.4345,61.4783,11.6559,0
depth,42,depth_s42,ON_NEG,on/scene07/L5__s20260819__0002.png,scene07,V,A2,5,A,2,0.554672,-7.922,-1.0116,61.5513,7.0947,0
depth,42,depth_s42,ON_NEG,on/scene07/L5__s20260819__0002.png,scene07,V,B2,6,B,2,0.58898,-7.922,-1.0116,61.5513,7.0947,0
depth,42,depth_s42,ON_NEG,on/scene07/L5__s20260819__0002.png,scene07,V,D2,8,D,2,0.676234,-7.922,-1.0116,61.5513,7.0947,0
depth,42,depth_s42,ON_NEG,on/scene07/L5__s20260819__0002.png,scene07,V,A3a,10,A,3a,0.739426,-7.922,-1.0116,61.5513,7.0947,0
depth,42,depth_s42,ON_NEG,on/scene07/L5__s20260819__0002.png,scene07,V,B3a,11,B,3a,0.852269,-7.922,-1.0116,61.5513,7.0947,0
depth,42,depth_s42,ON_NEG,on/scene07/L5__s20260819__0002.png,scene07,V,C3a,12,C,3a,0.818942,-7.922,-1.0116,61.5513,7.0947,0
depth,42,depth_s42,ON_NEG,on/scene07/L5__s20260819__0002.png,scene07,V,D3a,13,D,3a,0.802142,-7.922,-1.0116,61.5513,7.0947,0
depth,42,depth_s42,ON_NEG,on/scene07/L5__s20260819__0002.png,scene07,V,E3a,14,E,3a,0.811492,-7.922,-1.0116,61.5513,7.0947,0
depth,42,depth_s42,ON_NEG,on/scene07/L5__s20260819__0003.png,scene07,V,A2,5,A,2,0.952727,-9.8928,4.8712,61.7741,2.4361,0
depth,42,depth_s42,ON_NEG,on/scene07/L5__s20260819__0003.png,scene07,V,E2,9,E,2,0.985737,-9.8928,4.8712,61.7741,2.4361,0
depth,42,depth_s42,ON_NEG,on/scene07/L5__s20260819__0003.png,scene07,V,E3a,14,E,3a,0.998236,-9.8928,4.8712,61.7741,2.4361,0
depth,42,depth_s42,ON_NEG,on/scene07/L5__s20260819__0003.png,scene07,V,D3b,18,D,3b,0.99175,-9.8928,4.8712,61.7741,2.4361,0
depth,42,depth_s42,ON_NEG,on/scene07/L5__s20260819__0003.png,scene07,V,E3b,19,E,3b,0.987898,-9.8928,4.8712,61.7741,2.4361,0
depth,42,depth_s42,ON_NEG,on/scene07/L5__s20260819__0004.png,scene07,V,A2,5,A,2,0.625496,-12.8155,-12.0811,63.2809,3.8019,0
depth,42,depth_s42,ON_NEG,on/scene07/L5__s20260819__0004.png,scene07,V,B2,6,B,2,0.653426,-12.8155,-12.0811,63.2809,3.8019,0
depth,42,depth_s42,ON_NEG,on/scene07/L5__s20260819__0004.png,scene07,V,D2,8,D,2,0.642087,-12.8155,-12.0811,63.2809,3.8019,0
depth,42,depth_s42,ON_NEG,on/scene07/L5__s20260819__0004.png,scene07,V,C3a,12,C,3a,0.871179,-12.8155,-12.0811,63.2809,3.8019,0
depth,42,depth_s42,ON_NEG,on/scene07/L5__s20260819__0004.png,scene07,V,D3a,13,D,3a,0.790347,-12.8155,-12.0811,63.2809,3.8019,0
depth,42,depth_s42,ON_NEG,on/scene07/L5__s20260819__0004.png,scene07,V,E3a,14,E,3a,0.579715,-12.8155,-12.0811,63.2809,3.8019,0
depth,42,depth_s42,ON_NEG,on/scene07/L5__s20260819__0004.png,scene07,V,C3b,17,C,3b,0.965893,-12.8155,-12.0811,63.2809,3.8019,0
depth,42,depth_s42,ON_NEG,on/scene07/L5__s20260819__0005.png,scene07,V,D2,8,D,2,0.533689,-9.3221,15.6943,62.9084,4.5788,0
depth,42,depth_s42,ON_NEG,on/scene07/L5__s20260819__0005.png,scene07,V,A3b,15,A,3b,0.522038,-9.3221,15.6943,62.9084,4.5788,0
depth,42,depth_s42,ON_NEG,on/scene07/L5__s20260819__0005.png,scene07,V,E3b,19,E,3b,0.838262,-9.3221,15.6943,62.9084,4.5788,0
depth,42,depth_s42,ON_NEG,on/scene07/L5__s20260819__0006.png,scene07,V,D2,8,D,2,0.949379,-3.7993,3.5452,60.5677,1.5559,0
depth,42,depth_s42,ON_NEG,on/scene07/L5__s20260819__0006.png,scene07,V,E2,9,E,2,0.786898,-3.7993,3.5452,60.5677,1.5559,0
depth,42,depth_s42,ON_NEG,on/scene07/L5__s20260819__0006.png,scene07,V,D3a,13,D,3a,0.99424,-3.7993,3.5452,60.5677,1.5559,0
depth,42,depth_s42,ON_NEG,on/scene07/L5__s20260819__0006.png,scene07,V,D3b,18,D,3b,0.962634,-3.7993,3.5452,60.5677,1.5559,0
depth,42,depth_s42,ON_NEG,on/scene07/L5__s20260819__0006.png,scene07,V,E3b,19,E,3b,0.95869,-3.7993,3.5452,60.5677,1.5559,0
depth,42,depth_s42,ON_NEG,on/scene07/L5__s20260819__0007.png,scene07,V,A2,5,A,2,0.551662,-9.7299,-3.7756,59.9335,3.9995,0
depth,42,depth_s42,ON_NEG,on/scene07/L5__s20260819__0007.png,scene07,V,B2,6,B,2,0.600488,-9.7299,-3.7756,59.9335,3.9995,0
depth,42,depth_s42,ON_NEG,on/scene07/L5__s20260819__0007.png,scene07,V,D2,8,D,2,0.595619,-9.7299,-3.7756,59.9335,3.9995,0
depth,42,depth_s42,ON_NEG,on/scene07/L5__s20260819__0007.png,scene07,V,D3a,13,D,3a,0.811517,-9.7299,-3.7756,59.9335,3.9995,0
depth,42,depth_s42,ON_NEG,on/scene07/L5__s20260819__0007.png,scene07,V,E3a,14,E,3a,0.671508,-9.7299,-3.7756,59.9335,3.9995,0
depth,42,depth_s42,ON_NEG,on/scene07/L5__s20260819__0007.png,scene07,V,C3b,17,C,3b,0.952857,-9.7299,-3.7756,59.9335,3.9995,0
depth,42,depth_s42,ON_NEG,on/scene07/L7__s20260819__0000.png,scene07,V,A2,5,A,2,0.516401,-11.6469,5.5321,61.8564,4.6128,0
depth,42,depth_s42,ON_NEG,on/scene07/L7__s20260819__0000.png,scene07,V,B2,6,B,2,0.56046,-11.6469,5.5321,61.8564,4.6128,0
depth,42,depth_s42,ON_NEG,on/scene07/L7__s20260819__0000.png,scene07,V,D2,8,D,2,0.704745,-11.6469,5.5321,61.8564,4.6128,0
depth,42,depth_s42,ON_NEG,on/scene07/L7__s20260819__0000.png,scene07,V,A3a,10,A,3a,0.613861,-11.6469,5.5321,61.8564,4.6128,0
depth,42,depth_s42,ON_NEG,on/scene07/L7__s20260819__0000.png,scene07,V,E3a,14,E,3a,0.790715,-11.6469,5.5321,61.8564,4.6128,0
depth,42,depth_s42,ON_NEG,on/scene07/L7__s20260819__0001.png,scene07,none_in_fov,B3a,11,B,3a,0.818126,-12.4971,7.4345,61.4783,11.6559,0
depth,42,depth_s42,ON_NEG,on/scene07/L7__s20260819__0001.png,scene07,none_in_fov,B3b,16,B,3b,0.797799,-12.4971,7.4345,61.4783,11.6559,0
depth,42,depth_s42,ON_NEG,on/scene07/L7__s20260819__0002.png,scene07,V,A2,5,A,2,0.554672,-7.922,-1.0116,61.5513,7.0947,0
depth,42,depth_s42,ON_NEG,on/scene07/L7__s20260819__0002.png,scene07,V,B2,6,B,2,0.58898,-7.922,-1.0116,61.5513,7.0947,0
depth,42,depth_s42,ON_NEG,on/scene07/L7__s20260819__0002.png,scene07,V,D2,8,D,2,0.676234,-7.922,-1.0116,61.5513,7.0947,0
depth,42,depth_s42,ON_NEG,on/scene07/L7__s20260819__0002.png,scene07,V,A3a,10,A,3a,0.739426,-7.922,-1.0116,61.5513,7.0947,0
depth,42,depth_s42,ON_NEG,on/scene07/L7__s20260819__0002.png,scene07,V,B3a,11,B,3a,0.852269,-7.922,-1.0116,61.5513,7.0947,0
depth,42,depth_s42,ON_NEG,on/scene07/L7__s20260819__0002.png,scene07,V,C3a,12,C,3a,0.818942,-7.922,-1.0116,61.5513,7.0947,0
depth,42,depth_s42,ON_NEG,on/scene07/L7__s20260819__0002.png,scene07,V,D3a,13,D,3a,0.802142,-7.922,-1.0116,61.5513,7.0947,0
depth,42,depth_s42,ON_NEG,on/scene07/L7__s20260819__0002.png,scene07,V,E3a,14,E,3a,0.811492,-7.922,-1.0116,61.5513,7.0947,0
depth,42,depth_s42,ON_NEG,on/scene07/L7__s20260819__0003.png,scene07,V,A2,5,A,2,0.952727,-9.8928,4.8712,61.7741,2.4361,0
depth,42,depth_s42,ON_NEG,on/scene07/L7__s20260819__0003.png,scene07,V,E2,9,E,2,0.985737,-9.8928,4.8712,61.7741,2.4361,0
depth,42,depth_s42,ON_NEG,on/scene07/L7__s20260819__0003.png,scene07,V,E3a,14,E,3a,0.998236,-9.8928,4.8712,61.7741,2.4361,0
depth,42,depth_s42,ON_NEG,on/scene07/L7__s20260819__0003.png,scene07,V,D3b,18,D,3b,0.99175,-9.8928,4.8712,61.7741,2.4361,0
depth,42,depth_s42,ON_NEG,on/scene07/L7__s20260819__0003.png,scene07,V,E3b,19,E,3b,0.987898,-9.8928,4.8712,61.7741,2.4361,0
depth,42,depth_s42,ON_NEG,on/scene07/L7__s20260819__0004.png,scene07,V,A2,5,A,2,0.625496,-12.8155,-12.0811,63.2809,3.8019,0
depth,42,depth_s42,ON_NEG,on/scene07/L7__s20260819__0004.png,scene07,V,B2,6,B,2,0.653426,-12.8155,-12.0811,63.2809,3.8019,0
depth,42,depth_s42,ON_NEG,on/scene07/L7__s20260819__0004.png,scene07,V,D2,8,D,2,0.642087,-12.8155,-12.0811,63.2809,3.8019,0
depth,42,depth_s42,ON_NEG,on/scene07/L7__s20260819__0004.png,scene07,V,C3a,12,C,3a,0.871179,-12.8155,-12.0811,63.2809,3.8019,0
depth,42,depth_s42,ON_NEG,on/scene07/L7__s20260819__0004.png,scene07,V,D3a,13,D,3a,0.790347,-12.8155,-12.0811,63.2809,3.8019,0
depth,42,depth_s42,ON_NEG,on/scene07/L7__s20260819__0004.png,scene07,V,E3a,14,E,3a,0.579715,-12.8155,-12.0811,63.2809,3.8019,0
depth,42,depth_s42,ON_NEG,on/scene07/L7__s20260819__0004.png,scene07,V,C3b,17,C,3b,0.965893,-12.8155,-12.0811,63.2809,3.8019,0
depth,42,depth_s42,ON_NEG,on/scene07/L7__s20260819__0005.png,scene07,V,D2,8,D,2,0.533689,-9.3221,15.6943,62.9084,4.5788,0
depth,42,depth_s42,ON_NEG,on/scene07/L7__s20260819__0005.png,scene07,V,A3b,15,A,3b,0.522038,-9.3221,15.6943,62.9084,4.5788,0
depth,42,depth_s42,ON_NEG,on/scene07/L7__s20260819__0005.png,scene07,V,E3b,19,E,3b,0.838262,-9.3221,15.6943,62.9084,4.5788,0
depth,42,depth_s42,ON_NEG,on/scene07/L7__s20260819__0006.png,scene07,V,D2,8,D,2,0.949379,-3.7993,3.5452,60.5677,1.5559,0
depth,42,depth_s42,ON_NEG,on/scene07/L7__s20260819__0006.png,scene07,V,E2,9,E,2,0.786898,-3.7993,3.5452,60.5677,1.5559,0
depth,42,depth_s42,ON_NEG,on/scene07/L7__s20260819__0006.png,scene07,V,D3a,13,D,3a,0.99424,-3.7993,3.5452,60.5677,1.5559,0
depth,42,depth_s42,ON_NEG,on/scene07/L7__s20260819__0006.png,scene07,V,D3b,18,D,3b,0.962634,-3.7993,3.5452,60.5677,1.5559,0
depth,42,depth_s42,ON_NEG,on/scene07/L7__s20260819__0006.png,scene07,V,E3b,19,E,3b,0.95869,-3.7993,3.5452,60.5677,1.5559,0
depth,42,depth_s42,ON_NEG,on/scene07/L7__s20260819__0007.png,scene07,V,A2,5,A,2,0.551662,-9.7299,-3.7756,59.9335,3.9995,0
depth,42,depth_s42,ON_NEG,on/scene07/L7__s20260819__0007.png,scene07,V,B2,6,B,2,0.600488,-9.7299,-3.7756,59.9335,3.9995,0
depth,42,depth_s42,ON_NEG,on/scene07/L7__s20260819__0007.png,scene07,V,D2,8,D,2,0.595619,-9.7299,-3.7756,59.9335,3.9995,0
depth,42,depth_s42,ON_NEG,on/scene07/L7__s20260819__0007.png,scene07,V,D3a,13,D,3a,0.811517,-9.7299,-3.7756,59.9335,3.9995,0
depth,42,depth_s42,ON_NEG,on/scene07/L7__s20260819__0007.png,scene07,V,E3a,14,E,3a,0.671508,-9.7299,-3.7756,59.9335,3.9995,0
depth,42,depth_s42,ON_NEG,on/scene07/L7__s20260819__0007.png,scene07,V,C3b,17,C,3b,0.952857,-9.7299,-3.7756,59.9335,3.9995,0
depth,42,depth_s42,ON_NEG,on/scene14/L0__s20260819__0007.png,scene14,H,B2,6,B,2,0.630571,-8.8174,0.2988,62.6318,4.9665,0
depth,42,depth_s42,ON_NEG,on/scene14/L0__s20260819__0007.png,scene14,H,C2,7,C,2,0.564819,-8.8174,0.2988,62.6318,4.9665,0
depth,42,depth_s42,ON_NEG,on/scene14/L0__s20260819__0007.png,scene14,H,D2,8,D,2,0.766941,-8.8174,0.2988,62.6318,4.9665,0
depth,42,depth_s42,ON_NEG,on/scene14/L5__s20260819__0007.png,scene14,H,B2,6,B,2,0.630571,-8.8174,0.2988,62.6318,4.9665,0
depth,42,depth_s42,ON_NEG,on/scene14/L5__s20260819__0007.png,scene14,H,C2,7,C,2,0.564819,-8.8174,0.2988,62.6318,4.9665,0
depth,42,depth_s42,ON_NEG,on/scene14/L5__s20260819__0007.png,scene14,H,D2,8,D,2,0.766941,-8.8174,0.2988,62.6318,4.9665,0
depth,42,depth_s42,ON_NEG,on/scene14/L7__s20260819__0007.png,scene14,H,B2,6,B,2,0.630571,-8.8174,0.2988,62.6318,4.9665,0
depth,42,depth_s42,ON_NEG,on/scene14/L7__s20260819__0007.png,scene14,H,C2,7,C,2,0.564819,-8.8174,0.2988,62.6318,4.9665,0
depth,42,depth_s42,ON_NEG,on/scene14/L7__s20260819__0007.png,scene14,H,D2,8,D,2,0.766941,-8.8174,0.2988,62.6318,4.9665,0
depth,42,depth_s42,ON_NEG,on/scene15/L0__s20260819__0001.png,scene15,V,A2,5,A,2,0.767325,-7.5218,-9.2458,61.8359,1.858,0
depth,42,depth_s42,ON_NEG,on/scene15/L0__s20260819__0001.png,scene15,V,D2,8,D,2,0.902392,-7.5218,-9.2458,61.8359,1.858,0
depth,42,depth_s42,ON_NEG,on/scene15/L0__s20260819__0001.png,scene15,V,E2,9,E,2,0.734953,-7.5218,-9.2458,61.8359,1.858,0
depth,42,depth_s42,ON_NEG,on/scene15/L0__s20260819__0001.png,scene15,V,D3a,13,D,3a,0.886028,-7.5218,-9.2458,61.8359,1.858,0
depth,42,depth_s42,ON_NEG,on/scene15/L0__s20260819__0001.png,scene15,V,D3b,18,D,3b,0.905153,-7.5218,-9.2458,61.8359,1.858,0
depth,42,depth_s42,ON_NEG,on/scene15/L0__s20260819__0002.png,scene15,V,B3a,11,B,3a,0.690741,-8.4908,3.1991,65.8023,4.6673,0
depth,42,depth_s42,ON_NEG,on/scene15/L0__s20260819__0002.png,scene15,V,B3b,16,B,3b,0.535039,-8.4908,3.1991,65.8023,4.6673,0
depth,42,depth_s42,ON_NEG,on/scene15/L0__s20260819__0003.png,scene15,V,A2,5,A,2,0.80589,-13.9162,-3.4361,63.7846,1.3693,0
depth,42,depth_s42,ON_NEG,on/scene15/L0__s20260819__0003.png,scene15,V,E2,9,E,2,0.669324,-13.9162,-3.4361,63.7846,1.3693,0
depth,42,depth_s42,ON_NEG,on/scene15/L0__s20260819__0003.png,scene15,V,A3a,10,A,3a,0.664457,-13.9162,-3.4361,63.7846,1.3693,0
depth,42,depth_s42,ON_NEG,on/scene15/L0__s20260819__0003.png,scene15,V,D3a,13,D,3a,0.524467,-13.9162,-3.4361,63.7846,1.3693,0
depth,42,depth_s42,ON_NEG,on/scene15/L0__s20260819__0003.png,scene15,V,B3b,16,B,3b,0.627874,-13.9162,-3.4361,63.7846,1.3693,0
depth,42,depth_s42,ON_NEG,on/scene15/L0__s20260819__0003.png,scene15,V,D3b,18,D,3b,0.521686,-13.9162,-3.4361,63.7846,1.3693,0
depth,42,depth_s42,ON_NEG,on/scene15/L0__s20260819__0004.png,scene15,V,A3a,10,A,3a,0.519203,-11.0394,5.5473,63.0915,5.5065,0
depth,42,depth_s42,ON_NEG,on/scene15/L0__s20260819__0004.png,scene15,V,B3a,11,B,3a,0.814208,-11.0394,5.5473,63.0915,5.5065,0
depth,42,depth_s42,ON_NEG,on/scene15/L0__s20260819__0004.png,scene15,V,B3b,16,B,3b,0.555698,-11.0394,5.5473,63.0915,5.5065,0
depth,42,depth_s42,ON_NEG,on/scene15/L0__s20260819__0005.png,scene15,V,A2,5,A,2,0.652696,-12.9205,6.4099,63.9932,3.0224,0
depth,42,depth_s42,ON_NEG,on/scene15/L0__s20260819__0005.png,scene15,V,B2,6,B,2,0.678235,-12.9205,6.4099,63.9932,3.0224,0
depth,42,depth_s42,ON_NEG,on/scene15/L0__s20260819__0005.png,scene15,V,E2,9,E,2,0.619406,-12.9205,6.4099,63.9932,3.0224,0
depth,42,depth_s42,ON_NEG,on/scene15/L0__s20260819__0005.png,scene15,V,A3a,10,A,3a,0.68112,-12.9205,6.4099,63.9932,3.0224,0
depth,42,depth_s42,ON_NEG,on/scene15/L0__s20260819__0005.png,scene15,V,B3a,11,B,3a,0.827887,-12.9205,6.4099,63.9932,3.0224,0
depth,42,depth_s42,ON_NEG,on/scene15/L0__s20260819__0005.png,scene15,V,B3b,16,B,3b,0.752481,-12.9205,6.4099,63.9932,3.0224,0
depth,42,depth_s42,ON_NEG,on/scene15/L0__s20260819__0006.png,scene15,V,D2,8,D,2,0.689642,-9.1914,-18.2162,60.3765,2.2421,0
depth,42,depth_s42,ON_NEG,on/scene15/L0__s20260819__0006.png,scene15,V,C3a,12,C,3a,0.579681,-9.1914,-18.2162,60.3765,2.2421,0
depth,42,depth_s42,ON_NEG,on/scene15/L0__s20260819__0006.png,scene15,V,D3a,13,D,3a,0.906149,-9.1914,-18.2162,60.3765,2.2421,0
depth,42,depth_s42,ON_NEG,on/scene15/L0__s20260819__0006.png,scene15,V,E3a,14,E,3a,0.612298,-9.1914,-18.2162,60.3765,2.2421,0
depth,42,depth_s42,ON_NEG,on/scene15/L0__s20260819__0006.png,scene15,V,C3b,17,C,3b,0.798239,-9.1914,-18.2162,60.3765,2.2421,0
depth,42,depth_s42,ON_NEG,on/scene15/L0__s20260819__0006.png,scene15,V,D3b,18,D,3b,0.944465,-9.1914,-18.2162,60.3765,2.2421,0
depth,42,depth_s42,ON_NEG,on/scene15/L0__s20260819__0007.png,scene15,V,A3a,10,A,3a,0.519761,-15.2404,1.5985,63.4015,5.1525,0
depth,42,depth_s42,ON_NEG,on/scene15/L0__s20260819__0007.png,scene15,V,B3a,11,B,3a,0.744393,-15.2404,1.5985,63.4015,5.1525,0
depth,42,depth_s42,ON_NEG,on/scene15/L0__s20260819__0007.png,scene15,V,D3a,13,D,3a,0.719463,-15.2404,1.5985,63.4015,5.1525,0
depth,42,depth_s42,ON_NEG,on/scene15/L0__s20260819__0007.png,scene15,V,B3b,16,B,3b,0.523864,-15.2404,1.5985,63.4015,5.1525,0
depth,42,depth_s42,ON_NEG,on/scene15/L0__s20260819__0007.png,scene15,V,D3b,18,D,3b,0.639029,-15.2404,1.5985,63.4015,5.1525,0
depth,42,depth_s42,ON_NEG,on/scene15/L4__s20260819__0001.png,scene15,V,A2,5,A,2,0.767325,-7.5218,-9.2458,61.8359,1.858,0
depth,42,depth_s42,ON_NEG,on/scene15/L4__s20260819__0001.png,scene15,V,D2,8,D,2,0.902392,-7.5218,-9.2458,61.8359,1.858,0
depth,42,depth_s42,ON_NEG,on/scene15/L4__s20260819__0001.png,scene15,V,E2,9,E,2,0.734953,-7.5218,-9.2458,61.8359,1.858,0
depth,42,depth_s42,ON_NEG,on/scene15/L4__s20260819__0001.png,scene15,V,D3a,13,D,3a,0.886028,-7.5218,-9.2458,61.8359,1.858,0
depth,42,depth_s42,ON_NEG,on/scene15/L4__s20260819__0001.png,scene15,V,D3b,18,D,3b,0.905153,-7.5218,-9.2458,61.8359,1.858,0
depth,42,depth_s42,ON_NEG,on/scene15/L4__s20260819__0002.png,scene15,V,B3a,11,B,3a,0.690741,-8.4908,3.1991,65.8023,4.6673,0
depth,42,depth_s42,ON_NEG,on/scene15/L4__s20260819__0002.png,scene15,V,B3b,16,B,3b,0.535039,-8.4908,3.1991,65.8023,4.6673,0
depth,42,depth_s42,ON_NEG,on/scene15/L4__s20260819__0003.png,scene15,V,A2,5,A,2,0.80589,-13.9162,-3.4361,63.7846,1.3693,0
depth,42,depth_s42,ON_NEG,on/scene15/L4__s20260819__0003.png,scene15,V,E2,9,E,2,0.669324,-13.9162,-3.4361,63.7846,1.3693,0
depth,42,depth_s42,ON_NEG,on/scene15/L4__s20260819__0003.png,scene15,V,A3a,10,A,3a,0.664457,-13.9162,-3.4361,63.7846,1.3693,0
depth,42,depth_s42,ON_NEG,on/scene15/L4__s20260819__0003.png,scene15,V,D3a,13,D,3a,0.524467,-13.9162,-3.4361,63.7846,1.3693,0
depth,42,depth_s42,ON_NEG,on/scene15/L4__s20260819__0003.png,scene15,V,B3b,16,B,3b,0.627874,-13.9162,-3.4361,63.7846,1.3693,0
depth,42,depth_s42,ON_NEG,on/scene15/L4__s20260819__0003.png,scene15,V,D3b,18,D,3b,0.521686,-13.9162,-3.4361,63.7846,1.3693,0
depth,42,depth_s42,ON_NEG,on/scene15/L4__s20260819__0004.png,scene15,V,A3a,10,A,3a,0.519203,-11.0394,5.5473,63.0915,5.5065,0
depth,42,depth_s42,ON_NEG,on/scene15/L4__s20260819__0004.png,scene15,V,B3a,11,B,3a,0.814208,-11.0394,5.5473,63.0915,5.5065,0
depth,42,depth_s42,ON_NEG,on/scene15/L4__s20260819__0004.png,scene15,V,B3b,16,B,3b,0.555698,-11.0394,5.5473,63.0915,5.5065,0
depth,42,depth_s42,ON_NEG,on/scene15/L4__s20260819__0005.png,scene15,V,A2,5,A,2,0.652696,-12.9205,6.4099,63.9932,3.0224,0
depth,42,depth_s42,ON_NEG,on/scene15/L4__s20260819__0005.png,scene15,V,B2,6,B,2,0.678235,-12.9205,6.4099,63.9932,3.0224,0
depth,42,depth_s42,ON_NEG,on/scene15/L4__s20260819__0005.png,scene15,V,E2,9,E,2,0.619406,-12.9205,6.4099,63.9932,3.0224,0
depth,42,depth_s42,ON_NEG,on/scene15/L4__s20260819__0005.png,scene15,V,A3a,10,A,3a,0.68112,-12.9205,6.4099,63.9932,3.0224,0
depth,42,depth_s42,ON_NEG,on/scene15/L4__s20260819__0005.png,scene15,V,B3a,11,B,3a,0.827887,-12.9205,6.4099,63.9932,3.0224,0
depth,42,depth_s42,ON_NEG,on/scene15/L4__s20260819__0005.png,scene15,V,B3b,16,B,3b,0.752481,-12.9205,6.4099,63.9932,3.0224,0
depth,42,depth_s42,ON_NEG,on/scene15/L4__s20260819__0006.png,scene15,V,D2,8,D,2,0.689642,-9.1914,-18.2162,60.3765,2.2421,0
depth,42,depth_s42,ON_NEG,on/scene15/L4__s20260819__0006.png,scene15,V,C3a,12,C,3a,0.579681,-9.1914,-18.2162,60.3765,2.2421,0
depth,42,depth_s42,ON_NEG,on/scene15/L4__s20260819__0006.png,scene15,V,D3a,13,D,3a,0.906149,-9.1914,-18.2162,60.3765,2.2421,0
depth,42,depth_s42,ON_NEG,on/scene15/L4__s20260819__0006.png,scene15,V,E3a,14,E,3a,0.612298,-9.1914,-18.2162,60.3765,2.2421,0
depth,42,depth_s42,ON_NEG,on/scene15/L4__s20260819__0006.png,scene15,V,C3b,17,C,3b,0.798239,-9.1914,-18.2162,60.3765,2.2421,0
depth,42,depth_s42,ON_NEG,on/scene15/L4__s20260819__0006.png,scene15,V,D3b,18,D,3b,0.944465,-9.1914,-18.2162,60.3765,2.2421,0
depth,42,depth_s42,ON_NEG,on/scene15/L4__s20260819__0007.png,scene15,V,A3a,10,A,3a,0.519761,-15.2404,1.5985,63.4015,5.1525,0
depth,42,depth_s42,ON_NEG,on/scene15/L4__s20260819__0007.png,scene15,V,B3a,11,B,3a,0.744393,-15.2404,1.5985,63.4015,5.1525,0
depth,42,depth_s42,ON_NEG,on/scene15/L4__s20260819__0007.png,scene15,V,D3a,13,D,3a,0.719463,-15.2404,1.5985,63.4015,5.1525,0
depth,42,depth_s42,ON_NEG,on/scene15/L4__s20260819__0007.png,scene15,V,B3b,16,B,3b,0.523864,-15.2404,1.5985,63.4015,5.1525,0
depth,42,depth_s42,ON_NEG,on/scene15/L4__s20260819__0007.png,scene15,V,D3b,18,D,3b,0.639029,-15.2404,1.5985,63.4015,5.1525,0
depth,42,depth_s42,ON_NEG,on/scene15/L7__s20260819__0001.png,scene15,V,A2,5,A,2,0.767325,-7.5218,-9.2458,61.8359,1.858,0
depth,42,depth_s42,ON_NEG,on/scene15/L7__s20260819__0001.png,scene15,V,D2,8,D,2,0.902392,-7.5218,-9.2458,61.8359,1.858,0
depth,42,depth_s42,ON_NEG,on/scene15/L7__s20260819__0001.png,scene15,V,E2,9,E,2,0.734953,-7.5218,-9.2458,61.8359,1.858,0
depth,42,depth_s42,ON_NEG,on/scene15/L7__s20260819__0001.png,scene15,V,D3a,13,D,3a,0.886028,-7.5218,-9.2458,61.8359,1.858,0
depth,42,depth_s42,ON_NEG,on/scene15/L7__s20260819__0001.png,scene15,V,D3b,18,D,3b,0.905153,-7.5218,-9.2458,61.8359,1.858,0
depth,42,depth_s42,ON_NEG,on/scene15/L7__s20260819__0002.png,scene15,V,B3a,11,B,3a,0.690741,-8.4908,3.1991,65.8023,4.6673,0
depth,42,depth_s42,ON_NEG,on/scene15/L7__s20260819__0002.png,scene15,V,B3b,16,B,3b,0.535039,-8.4908,3.1991,65.8023,4.6673,0
depth,42,depth_s42,ON_NEG,on/scene15/L7__s20260819__0003.png,scene15,V,A2,5,A,2,0.80589,-13.9162,-3.4361,63.7846,1.3693,0
depth,42,depth_s42,ON_NEG,on/scene15/L7__s20260819__0003.png,scene15,V,E2,9,E,2,0.669324,-13.9162,-3.4361,63.7846,1.3693,0
depth,42,depth_s42,ON_NEG,on/scene15/L7__s20260819__0003.png,scene15,V,A3a,10,A,3a,0.664457,-13.9162,-3.4361,63.7846,1.3693,0
depth,42,depth_s42,ON_NEG,on/scene15/L7__s20260819__0003.png,scene15,V,D3a,13,D,3a,0.524467,-13.9162,-3.4361,63.7846,1.3693,0
depth,42,depth_s42,ON_NEG,on/scene15/L7__s20260819__0003.png,scene15,V,B3b,16,B,3b,0.627874,-13.9162,-3.4361,63.7846,1.3693,0
depth,42,depth_s42,ON_NEG,on/scene15/L7__s20260819__0003.png,scene15,V,D3b,18,D,3b,0.521686,-13.9162,-3.4361,63.7846,1.3693,0
depth,42,depth_s42,ON_NEG,on/scene15/L7__s20260819__0004.png,scene15,V,A3a,10,A,3a,0.519203,-11.0394,5.5473,63.0915,5.5065,0
depth,42,depth_s42,ON_NEG,on/scene15/L7__s20260819__0004.png,scene15,V,B3a,11,B,3a,0.814208,-11.0394,5.5473,63.0915,5.5065,0
depth,42,depth_s42,ON_NEG,on/scene15/L7__s20260819__0004.png,scene15,V,B3b,16,B,3b,0.555698,-11.0394,5.5473,63.0915,5.5065,0
depth,42,depth_s42,ON_NEG,on/scene15/L7__s20260819__0005.png,scene15,V,A2,5,A,2,0.652696,-12.9205,6.4099,63.9932,3.0224,0
depth,42,depth_s42,ON_NEG,on/scene15/L7__s20260819__0005.png,scene15,V,B2,6,B,2,0.678235,-12.9205,6.4099,63.9932,3.0224,0
depth,42,depth_s42,ON_NEG,on/scene15/L7__s20260819__0005.png,scene15,V,E2,9,E,2,0.619406,-12.9205,6.4099,63.9932,3.0224,0
depth,42,depth_s42,ON_NEG,on/scene15/L7__s20260819__0005.png,scene15,V,A3a,10,A,3a,0.68112,-12.9205,6.4099,63.9932,3.0224,0
depth,42,depth_s42,ON_NEG,on/scene15/L7__s20260819__0005.png,scene15,V,B3a,11,B,3a,0.827887,-12.9205,6.4099,63.9932,3.0224,0
depth,42,depth_s42,ON_NEG,on/scene15/L7__s20260819__0005.png,scene15,V,B3b,16,B,3b,0.752481,-12.9205,6.4099,63.9932,3.0224,0
depth,42,depth_s42,ON_NEG,on/scene15/L7__s20260819__0006.png,scene15,V,D2,8,D,2,0.689642,-9.1914,-18.2162,60.3765,2.2421,0
depth,42,depth_s42,ON_NEG,on/scene15/L7__s20260819__0006.png,scene15,V,C3a,12,C,3a,0.579681,-9.1914,-18.2162,60.3765,2.2421,0
depth,42,depth_s42,ON_NEG,on/scene15/L7__s20260819__0006.png,scene15,V,D3a,13,D,3a,0.906149,-9.1914,-18.2162,60.3765,2.2421,0
depth,42,depth_s42,ON_NEG,on/scene15/L7__s20260819__0006.png,scene15,V,E3a,14,E,3a,0.612298,-9.1914,-18.2162,60.3765,2.2421,0
depth,42,depth_s42,ON_NEG,on/scene15/L7__s20260819__0006.png,scene15,V,C3b,17,C,3b,0.798239,-9.1914,-18.2162,60.3765,2.2421,0
depth,42,depth_s42,ON_NEG,on/scene15/L7__s20260819__0006.png,scene15,V,D3b,18,D,3b,0.944465,-9.1914,-18.2162,60.3765,2.2421,0
depth,42,depth_s42,ON_NEG,on/scene15/L7__s20260819__0007.png,scene15,V,A3a,10,A,3a,0.519761,-15.2404,1.5985,63.4015,5.1525,0
depth,42,depth_s42,ON_NEG,on/scene15/L7__s20260819__0007.png,scene15,V,B3a,11,B,3a,0.744393,-15.2404,1.5985,63.4015,5.1525,0
depth,42,depth_s42,ON_NEG,on/scene15/L7__s20260819__0007.png,scene15,V,D3a,13,D,3a,0.719463,-15.2404,1.5985,63.4015,5.1525,0
depth,42,depth_s42,ON_NEG,on/scene15/L7__s20260819__0007.png,scene15,V,B3b,16,B,3b,0.523864,-15.2404,1.5985,63.4015,5.1525,0
depth,42,depth_s42,ON_NEG,on/scene15/L7__s20260819__0007.png,scene15,V,D3b,18,D,3b,0.639029,-15.2404,1.5985,63.4015,5.1525,0
depth,42,depth_s42,ON_NEG,on/sceneC2/L2__s20260819__0001.png,sceneC2,V,D3b,18,D,3b,0.938908,-13.4518,-13.0389,63.5306,6.8638,0
depth,42,depth_s42,ON_NEG,on/sceneC2/L2__s20260819__0001.png,sceneC2,V,E3b,19,E,3b,0.782293,-13.4518,-13.0389,63.5306,6.8638,0
depth,42,depth_s42,ON_NEG,on/sceneC2/L2__s20260819__0002.png,sceneC2,V,A3b,15,A,3b,0.525724,-11.6494,-2.9872,60.6739,8.321,0
depth,42,depth_s42,ON_NEG,on/sceneC2/L2__s20260819__0002.png,sceneC2,V,D3b,18,D,3b,0.597928,-11.6494,-2.9872,60.6739,8.321,0
depth,42,depth_s42,ON_NEG,on/sceneC2/L3__s20260819__0001.png,sceneC2,V,D3b,18,D,3b,0.938908,-13.4518,-13.0389,63.5306,6.8638,0
depth,42,depth_s42,ON_NEG,on/sceneC2/L3__s20260819__0001.png,sceneC2,V,E3b,19,E,3b,0.782293,-13.4518,-13.0389,63.5306,6.8638,0
depth,42,depth_s42,ON_NEG,on/sceneC2/L3__s20260819__0002.png,sceneC2,V,A3b,15,A,3b,0.525724,-11.6494,-2.9872,60.6739,8.321,0
depth,42,depth_s42,ON_NEG,on/sceneC2/L3__s20260819__0002.png,sceneC2,V,D3b,18,D,3b,0.597928,-11.6494,-2.9872,60.6739,8.321,0
depth,42,depth_s42,ON_NEG,on/sceneC2/L7__s20260819__0001.png,sceneC2,V,D3b,18,D,3b,0.938908,-13.4518,-13.0389,63.5306,6.8638,0
depth,42,depth_s42,ON_NEG,on/sceneC2/L7__s20260819__0001.png,sceneC2,V,E3b,19,E,3b,0.782293,-13.4518,-13.0389,63.5306,6.8638,0
depth,42,depth_s42,ON_NEG,on/sceneC2/L7__s20260819__0002.png,sceneC2,V,A3b,15,A,3b,0.525724,-11.6494,-2.9872,60.6739,8.321,0
depth,42,depth_s42,ON_NEG,on/sceneC2/L7__s20260819__0002.png,sceneC2,V,D3b,18,D,3b,0.597928,-11.6494,-2.9872,60.6739,8.321,0
depth,42,depth_s42,ON_NEG,on/sceneN3/L0__s20260819__0002.png,sceneN3,none_in_fov,C3b,17,C,3b,0.595832,-13.1516,1.5693,63.1068,1.7608,0
depth,42,depth_s42,ON_NEG,on/sceneN3/L5__s20260819__0002.png,sceneN3,none_in_fov,C3b,17,C,3b,0.595832,-13.1516,1.5693,63.1068,1.7608,0
depth,42,depth_s42,ON_NEG,on/sceneN3/L7__s20260819__0002.png,sceneN3,none_in_fov,C3b,17,C,3b,0.595832,-13.1516,1.5693,63.1068,1.7608,0
depth,42,depth_s42,ON_NEG,on/scene15/L0__s20260820__0002.png::boost_h,scene15,V,D3b,18,D,3b,0.583914,-8.6096,-4.0107,63.6728,6.6026,0
depth,42,depth_s42,ON_NEG,on/scene15/L0__s20260820__0005.png::boost_h,scene15,H,D3b,18,D,3b,0.572009,-5.4058,-7.3396,62.3314,9.8366,0
depth,42,depth_s42,ON_NEG,on/scene15/L0__s20260820__0007.png::boost_h,scene15,H_weak,D3b,18,D,3b,0.570051,-9.4753,-12.4083,62.4936,8.3783,0
depth,42,depth_s42,ON_NEG,on/scene15/L4__s20260820__0002.png::boost_h,scene15,V,D3b,18,D,3b,0.583914,-8.6096,-4.0107,63.6728,6.6026,0
depth,42,depth_s42,ON_NEG,on/scene15/L4__s20260820__0005.png::boost_h,scene15,H,D3b,18,D,3b,0.572009,-5.4058,-7.3396,62.3314,9.8366,0
depth,42,depth_s42,ON_NEG,on/scene15/L4__s20260820__0007.png::boost_h,scene15,H_weak,D3b,18,D,3b,0.570051,-9.4753,-12.4083,62.4936,8.3783,0
depth,42,depth_s42,ON_NEG,on/scene15/L7__s20260820__0002.png::boost_h,scene15,V,D3b,18,D,3b,0.583914,-8.6096,-4.0107,63.6728,6.6026,0
depth,42,depth_s42,ON_NEG,on/scene15/L7__s20260820__0005.png::boost_h,scene15,H,D3b,18,D,3b,0.572009,-5.4058,-7.3396,62.3314,9.8366,0
depth,42,depth_s42,ON_NEG,on/scene15/L7__s20260820__0007.png::boost_h,scene15,H_weak,D3b,18,D,3b,0.570051,-9.4753,-12.4083,62.4936,8.3783,0
depth,42,depth_s42,ON_NEG,on/scene05/L0__s20260820__0003.png::boost_e,scene05,V,A2,5,A,2,0.869425,-7.8027,0.1237,61.0834,6.3099,0
depth,42,depth_s42,ON_NEG,on/scene05/L0__s20260820__0003.png::boost_e,scene05,V,E2,9,E,2,0.861237,-7.8027,0.1237,61.0834,6.3099,0
depth,42,depth_s42,ON_NEG,on/scene05/L5__s20260820__0003.png::boost_e,scene05,V,A2,5,A,2,0.869425,-7.8027,0.1237,61.0834,6.3099,0
depth,42,depth_s42,ON_NEG,on/scene05/L5__s20260820__0003.png::boost_e,scene05,V,E2,9,E,2,0.861237,-7.8027,0.1237,61.0834,6.3099,0
depth,42,depth_s42,ON_NEG,on/scene05/L7__s20260820__0003.png::boost_e,scene05,V,A2,5,A,2,0.869425,-7.8027,0.1237,61.0834,6.3099,0
depth,42,depth_s42,ON_NEG,on/scene05/L7__s20260820__0003.png::boost_e,scene05,V,E2,9,E,2,0.861237,-7.8027,0.1237,61.0834,6.3099,0
depth,42,depth_s42,ON_NEG,on/scene07/L0__s20260820__0000.png::boost_e,scene07,V,B3b,16,B,3b,0.557843,-10.2409,14.1283,61.8254,9.3533,0
depth,42,depth_s42,ON_NEG,on/scene07/L0__s20260820__0000.png::boost_e,scene07,V,C3b,17,C,3b,0.766863,-10.2409,14.1283,61.8254,9.3533,0
depth,42,depth_s42,ON_NEG,on/scene07/L0__s20260820__0002.png::boost_e,scene07,V,A2,5,A,2,0.643814,-11.7844,-0.5026,59.071,6.034,0
depth,42,depth_s42,ON_NEG,on/scene07/L0__s20260820__0002.png::boost_e,scene07,V,B2,6,B,2,0.690245,-11.7844,-0.5026,59.071,6.034,0
depth,42,depth_s42,ON_NEG,on/scene07/L0__s20260820__0002.png::boost_e,scene07,V,D2,8,D,2,0.757339,-11.7844,-0.5026,59.071,6.034,0
depth,42,depth_s42,ON_NEG,on/scene07/L0__s20260820__0002.png::boost_e,scene07,V,E2,9,E,2,0.520745,-11.7844,-0.5026,59.071,6.034,0
depth,42,depth_s42,ON_NEG,on/scene07/L0__s20260820__0002.png::boost_e,scene07,V,A3a,10,A,3a,0.812269,-11.7844,-0.5026,59.071,6.034,0
depth,42,depth_s42,ON_NEG,on/scene07/L0__s20260820__0002.png::boost_e,scene07,V,B3a,11,B,3a,0.933243,-11.7844,-0.5026,59.071,6.034,0
depth,42,depth_s42,ON_NEG,on/scene07/L0__s20260820__0002.png::boost_e,scene07,V,C3a,12,C,3a,0.877332,-11.7844,-0.5026,59.071,6.034,0
depth,42,depth_s42,ON_NEG,on/scene07/L0__s20260820__0002.png::boost_e,scene07,V,D3a,13,D,3a,0.843982,-11.7844,-0.5026,59.071,6.034,0
depth,42,depth_s42,ON_NEG,on/scene07/L0__s20260820__0002.png::boost_e,scene07,V,E3a,14,E,3a,0.852165,-11.7844,-0.5026,59.071,6.034,0
depth,42,depth_s42,ON_NEG,on/scene07/L0__s20260820__0005.png::boost_e,scene07,V,D2,8,D,2,0.577993,-13.5151,3.1873,60.3528,6.7166,0
depth,42,depth_s42,ON_NEG,on/scene07/L0__s20260820__0005.png::boost_e,scene07,V,B3a,11,B,3a,0.519022,-13.5151,3.1873,60.3528,6.7166,0
depth,42,depth_s42,ON_NEG,on/scene07/L0__s20260820__0005.png::boost_e,scene07,V,C3a,12,C,3a,0.692394,-13.5151,3.1873,60.3528,6.7166,0
depth,42,depth_s42,ON_NEG,on/scene07/L0__s20260820__0005.png::boost_e,scene07,V,D3a,13,D,3a,0.7803,-13.5151,3.1873,60.3528,6.7166,0
depth,42,depth_s42,ON_NEG,on/scene07/L0__s20260820__0005.png::boost_e,scene07,V,E3a,14,E,3a,0.709846,-13.5151,3.1873,60.3528,6.7166,0
depth,42,depth_s42,ON_NEG,on/scene07/L0__s20260820__0005.png::boost_e,scene07,V,A3b,15,A,3b,0.898295,-13.5151,3.1873,60.3528,6.7166,0
depth,42,depth_s42,ON_NEG,on/scene07/L0__s20260820__0005.png::boost_e,scene07,V,D3b,18,D,3b,0.846253,-13.5151,3.1873,60.3528,6.7166,0
depth,42,depth_s42,ON_NEG,on/scene07/L0__s20260820__0006.png::boost_e,scene07,V,A2,5,A,2,0.676881,-7.4676,-1.6241,59.074,6.6363,0
depth,42,depth_s42,ON_NEG,on/scene07/L0__s20260820__0006.png::boost_e,scene07,V,B2,6,B,2,0.70973,-7.4676,-1.6241,59.074,6.6363,0
depth,42,depth_s42,ON_NEG,on/scene07/L0__s20260820__0006.png::boost_e,scene07,V,D2,8,D,2,0.777639,-7.4676,-1.6241,59.074,6.6363,0
depth,42,depth_s42,ON_NEG,on/scene07/L0__s20260820__0006.png::boost_e,scene07,V,E2,9,E,2,0.559524,-7.4676,-1.6241,59.074,6.6363,0
depth,42,depth_s42,ON_NEG,on/scene07/L0__s20260820__0006.png::boost_e,scene07,V,A3a,10,A,3a,0.780783,-7.4676,-1.6241,59.074,6.6363,0
depth,42,depth_s42,ON_NEG,on/scene07/L0__s20260820__0006.png::boost_e,scene07,V,B3a,11,B,3a,0.940233,-7.4676,-1.6241,59.074,6.6363,0
depth,42,depth_s42,ON_NEG,on/scene07/L0__s20260820__0006.png::boost_e,scene07,V,C3a,12,C,3a,0.880995,-7.4676,-1.6241,59.074,6.6363,0
depth,42,depth_s42,ON_NEG,on/scene07/L0__s20260820__0006.png::boost_e,scene07,V,D3a,13,D,3a,0.850485,-7.4676,-1.6241,59.074,6.6363,0
depth,42,depth_s42,ON_NEG,on/scene07/L0__s20260820__0006.png::boost_e,scene07,V,E3a,14,E,3a,0.831586,-7.4676,-1.6241,59.074,6.6363,0
depth,42,depth_s42,ON_NEG,on/scene07/L0__s20260820__0007.png::boost_e,scene07,none_in_fov,B3a,11,B,3a,0.580272,-8.8831,-5.8973,62.4612,11.793,0
depth,42,depth_s42,ON_NEG,on/scene07/L0__s20260820__0007.png::boost_e,scene07,none_in_fov,B3b,16,B,3b,0.800192,-8.8831,-5.8973,62.4612,11.793,0
depth,42,depth_s42,ON_NEG,on/scene07/L5__s20260820__0000.png::boost_e,scene07,V,B3b,16,B,3b,0.557843,-10.2409,14.1283,61.8254,9.3533,0
depth,42,depth_s42,ON_NEG,on/scene07/L5__s20260820__0000.png::boost_e,scene07,V,C3b,17,C,3b,0.766863,-10.2409,14.1283,61.8254,9.3533,0
depth,42,depth_s42,ON_NEG,on/scene07/L5__s20260820__0002.png::boost_e,scene07,V,A2,5,A,2,0.643814,-11.7844,-0.5026,59.071,6.034,0
depth,42,depth_s42,ON_NEG,on/scene07/L5__s20260820__0002.png::boost_e,scene07,V,B2,6,B,2,0.690245,-11.7844,-0.5026,59.071,6.034,0
depth,42,depth_s42,ON_NEG,on/scene07/L5__s20260820__0002.png::boost_e,scene07,V,D2,8,D,2,0.757339,-11.7844,-0.5026,59.071,6.034,0
depth,42,depth_s42,ON_NEG,on/scene07/L5__s20260820__0002.png::boost_e,scene07,V,E2,9,E,2,0.520745,-11.7844,-0.5026,59.071,6.034,0
depth,42,depth_s42,ON_NEG,on/scene07/L5__s20260820__0002.png::boost_e,scene07,V,A3a,10,A,3a,0.812269,-11.7844,-0.5026,59.071,6.034,0
depth,42,depth_s42,ON_NEG,on/scene07/L5__s20260820__0002.png::boost_e,scene07,V,B3a,11,B,3a,0.933243,-11.7844,-0.5026,59.071,6.034,0
depth,42,depth_s42,ON_NEG,on/scene07/L5__s20260820__0002.png::boost_e,scene07,V,C3a,12,C,3a,0.877332,-11.7844,-0.5026,59.071,6.034,0
depth,42,depth_s42,ON_NEG,on/scene07/L5__s20260820__0002.png::boost_e,scene07,V,D3a,13,D,3a,0.843982,-11.7844,-0.5026,59.071,6.034,0
depth,42,depth_s42,ON_NEG,on/scene07/L5__s20260820__0002.png::boost_e,scene07,V,E3a,14,E,3a,0.852165,-11.7844,-0.5026,59.071,6.034,0
depth,42,depth_s42,ON_NEG,on/scene07/L5__s20260820__0005.png::boost_e,scene07,V,D2,8,D,2,0.577993,-13.5151,3.1873,60.3528,6.7166,0
depth,42,depth_s42,ON_NEG,on/scene07/L5__s20260820__0005.png::boost_e,scene07,V,B3a,11,B,3a,0.519022,-13.5151,3.1873,60.3528,6.7166,0
depth,42,depth_s42,ON_NEG,on/scene07/L5__s20260820__0005.png::boost_e,scene07,V,C3a,12,C,3a,0.692394,-13.5151,3.1873,60.3528,6.7166,0
depth,42,depth_s42,ON_NEG,on/scene07/L5__s20260820__0005.png::boost_e,scene07,V,D3a,13,D,3a,0.7803,-13.5151,3.1873,60.3528,6.7166,0
depth,42,depth_s42,ON_NEG,on/scene07/L5__s20260820__0005.png::boost_e,scene07,V,E3a,14,E,3a,0.709846,-13.5151,3.1873,60.3528,6.7166,0
depth,42,depth_s42,ON_NEG,on/scene07/L5__s20260820__0005.png::boost_e,scene07,V,A3b,15,A,3b,0.898295,-13.5151,3.1873,60.3528,6.7166,0
depth,42,depth_s42,ON_NEG,on/scene07/L5__s20260820__0005.png::boost_e,scene07,V,D3b,18,D,3b,0.846253,-13.5151,3.1873,60.3528,6.7166,0
depth,42,depth_s42,ON_NEG,on/scene07/L5__s20260820__0006.png::boost_e,scene07,V,A2,5,A,2,0.676881,-7.4676,-1.6241,59.074,6.6363,0
depth,42,depth_s42,ON_NEG,on/scene07/L5__s20260820__0006.png::boost_e,scene07,V,B2,6,B,2,0.70973,-7.4676,-1.6241,59.074,6.6363,0
depth,42,depth_s42,ON_NEG,on/scene07/L5__s20260820__0006.png::boost_e,scene07,V,D2,8,D,2,0.777639,-7.4676,-1.6241,59.074,6.6363,0
depth,42,depth_s42,ON_NEG,on/scene07/L5__s20260820__0006.png::boost_e,scene07,V,E2,9,E,2,0.559524,-7.4676,-1.6241,59.074,6.6363,0
depth,42,depth_s42,ON_NEG,on/scene07/L5__s20260820__0006.png::boost_e,scene07,V,A3a,10,A,3a,0.780783,-7.4676,-1.6241,59.074,6.6363,0
depth,42,depth_s42,ON_NEG,on/scene07/L5__s20260820__0006.png::boost_e,scene07,V,B3a,11,B,3a,0.940233,-7.4676,-1.6241,59.074,6.6363,0
depth,42,depth_s42,ON_NEG,on/scene07/L5__s20260820__0006.png::boost_e,scene07,V,C3a,12,C,3a,0.880995,-7.4676,-1.6241,59.074,6.6363,0
depth,42,depth_s42,ON_NEG,on/scene07/L5__s20260820__0006.png::boost_e,scene07,V,D3a,13,D,3a,0.850485,-7.4676,-1.6241,59.074,6.6363,0
depth,42,depth_s42,ON_NEG,on/scene07/L5__s20260820__0006.png::boost_e,scene07,V,E3a,14,E,3a,0.831586,-7.4676,-1.6241,59.074,6.6363,0
depth,42,depth_s42,ON_NEG,on/scene07/L5__s20260820__0007.png::boost_e,scene07,none_in_fov,B3a,11,B,3a,0.580272,-8.8831,-5.8973,62.4612,11.793,0
depth,42,depth_s42,ON_NEG,on/scene07/L5__s20260820__0007.png::boost_e,scene07,none_in_fov,B3b,16,B,3b,0.800192,-8.8831,-5.8973,62.4612,11.793,0
depth,42,depth_s42,ON_NEG,on/scene07/L7__s20260820__0000.png::boost_e,scene07,V,B3b,16,B,3b,0.557843,-10.2409,14.1283,61.8254,9.3533,0
depth,42,depth_s42,ON_NEG,on/scene07/L7__s20260820__0000.png::boost_e,scene07,V,C3b,17,C,3b,0.766863,-10.2409,14.1283,61.8254,9.3533,0
depth,42,depth_s42,ON_NEG,on/scene07/L7__s20260820__0002.png::boost_e,scene07,V,A2,5,A,2,0.643814,-11.7844,-0.5026,59.071,6.034,0
depth,42,depth_s42,ON_NEG,on/scene07/L7__s20260820__0002.png::boost_e,scene07,V,B2,6,B,2,0.690245,-11.7844,-0.5026,59.071,6.034,0
depth,42,depth_s42,ON_NEG,on/scene07/L7__s20260820__0002.png::boost_e,scene07,V,D2,8,D,2,0.757339,-11.7844,-0.5026,59.071,6.034,0
depth,42,depth_s42,ON_NEG,on/scene07/L7__s20260820__0002.png::boost_e,scene07,V,E2,9,E,2,0.520745,-11.7844,-0.5026,59.071,6.034,0
depth,42,depth_s42,ON_NEG,on/scene07/L7__s20260820__0002.png::boost_e,scene07,V,A3a,10,A,3a,0.812269,-11.7844,-0.5026,59.071,6.034,0
depth,42,depth_s42,ON_NEG,on/scene07/L7__s20260820__0002.png::boost_e,scene07,V,B3a,11,B,3a,0.933243,-11.7844,-0.5026,59.071,6.034,0
depth,42,depth_s42,ON_NEG,on/scene07/L7__s20260820__0002.png::boost_e,scene07,V,C3a,12,C,3a,0.877332,-11.7844,-0.5026,59.071,6.034,0
depth,42,depth_s42,ON_NEG,on/scene07/L7__s20260820__0002.png::boost_e,scene07,V,D3a,13,D,3a,0.843982,-11.7844,-0.5026,59.071,6.034,0
depth,42,depth_s42,ON_NEG,on/scene07/L7__s20260820__0002.png::boost_e,scene07,V,E3a,14,E,3a,0.852165,-11.7844,-0.5026,59.071,6.034,0
depth,42,depth_s42,ON_NEG,on/scene07/L7__s20260820__0005.png::boost_e,scene07,V,D2,8,D,2,0.577993,-13.5151,3.1873,60.3528,6.7166,0
depth,42,depth_s42,ON_NEG,on/scene07/L7__s20260820__0005.png::boost_e,scene07,V,B3a,11,B,3a,0.519022,-13.5151,3.1873,60.3528,6.7166,0
depth,42,depth_s42,ON_NEG,on/scene07/L7__s20260820__0005.png::boost_e,scene07,V,C3a,12,C,3a,0.692394,-13.5151,3.1873,60.3528,6.7166,0
depth,42,depth_s42,ON_NEG,on/scene07/L7__s20260820__0005.png::boost_e,scene07,V,D3a,13,D,3a,0.7803,-13.5151,3.1873,60.3528,6.7166,0
depth,42,depth_s42,ON_NEG,on/scene07/L7__s20260820__0005.png::boost_e,scene07,V,E3a,14,E,3a,0.709846,-13.5151,3.1873,60.3528,6.7166,0
depth,42,depth_s42,ON_NEG,on/scene07/L7__s20260820__0005.png::boost_e,scene07,V,A3b,15,A,3b,0.898295,-13.5151,3.1873,60.3528,6.7166,0
depth,42,depth_s42,ON_NEG,on/scene07/L7__s20260820__0005.png::boost_e,scene07,V,D3b,18,D,3b,0.846253,-13.5151,3.1873,60.3528,6.7166,0
depth,42,depth_s42,ON_NEG,on/scene07/L7__s20260820__0006.png::boost_e,scene07,V,A2,5,A,2,0.676881,-7.4676,-1.6241,59.074,6.6363,0
depth,42,depth_s42,ON_NEG,on/scene07/L7__s20260820__0006.png::boost_e,scene07,V,B2,6,B,2,0.70973,-7.4676,-1.6241,59.074,6.6363,0
depth,42,depth_s42,ON_NEG,on/scene07/L7__s20260820__0006.png::boost_e,scene07,V,D2,8,D,2,0.777639,-7.4676,-1.6241,59.074,6.6363,0
depth,42,depth_s42,ON_NEG,on/scene07/L7__s20260820__0006.png::boost_e,scene07,V,E2,9,E,2,0.559524,-7.4676,-1.6241,59.074,6.6363,0
depth,42,depth_s42,ON_NEG,on/scene07/L7__s20260820__0006.png::boost_e,scene07,V,A3a,10,A,3a,0.780783,-7.4676,-1.6241,59.074,6.6363,0
depth,42,depth_s42,ON_NEG,on/scene07/L7__s20260820__0006.png::boost_e,scene07,V,B3a,11,B,3a,0.940233,-7.4676,-1.6241,59.074,6.6363,0
depth,42,depth_s42,ON_NEG,on/scene07/L7__s20260820__0006.png::boost_e,scene07,V,C3a,12,C,3a,0.880995,-7.4676,-1.6241,59.074,6.6363,0
depth,42,depth_s42,ON_NEG,on/scene07/L7__s20260820__0006.png::boost_e,scene07,V,D3a,13,D,3a,0.850485,-7.4676,-1.6241,59.074,6.6363,0
depth,42,depth_s42,ON_NEG,on/scene07/L7__s20260820__0006.png::boost_e,scene07,V,E3a,14,E,3a,0.831586,-7.4676,-1.6241,59.074,6.6363,0
depth,42,depth_s42,ON_NEG,on/scene07/L7__s20260820__0007.png::boost_e,scene07,none_in_fov,B3a,11,B,3a,0.580272,-8.8831,-5.8973,62.4612,11.793,0
depth,42,depth_s42,ON_NEG,on/scene07/L7__s20260820__0007.png::boost_e,scene07,none_in_fov,B3b,16,B,3b,0.800192,-8.8831,-5.8973,62.4612,11.793,0
depth,42,depth_s42,ON_NEG,on/scene15/L0__s20260820__0002.png::boost_e,scene15,V,D3b,18,D,3b,0.635161,-8.6096,-4.0107,63.6728,6.6026,0
depth,42,depth_s42,ON_NEG,on/scene15/L4__s20260820__0002.png::boost_e,scene15,V,D3b,18,D,3b,0.635161,-8.6096,-4.0107,63.6728,6.6026,0
depth,42,depth_s42,ON_NEG,on/scene15/L7__s20260820__0002.png::boost_e,scene15,V,D3b,18,D,3b,0.635161,-8.6096,-4.0107,63.6728,6.6026,0
depth,42,depth_s42,ON_NEG,on/scene05/L0__s20260821__0001.png::boost_e2,scene05,V,E3a,14,E,3a,0.506354,-11.2173,-11.6748,62.7749,7.0431,0
depth,42,depth_s42,ON_NEG,on/scene05/L5__s20260821__0001.png::boost_e2,scene05,V,E3a,14,E,3a,0.506354,-11.2173,-11.6748,62.7749,7.0431,0
depth,42,depth_s42,ON_NEG,on/scene05/L7__s20260821__0001.png::boost_e2,scene05,V,E3a,14,E,3a,0.506354,-11.2173,-11.6748,62.7749,7.0431,0
depth,42,depth_s42,ON_NEG,on/scene07/L0__s20260821__0000.png::boost_e2,scene07,V,D2,8,D,2,0.679436,-9.0864,4.975,60.5839,4.6498,0
depth,42,depth_s42,ON_NEG,on/scene07/L0__s20260821__0000.png::boost_e2,scene07,V,E3a,14,E,3a,0.815263,-9.0864,4.975,60.5839,4.6498,0
depth,42,depth_s42,ON_NEG,on/scene07/L0__s20260821__0001.png::boost_e2,scene07,V,B2,6,B,2,0.569286,-8.6491,14.3681,62.653,6.526,0
depth,42,depth_s42,ON_NEG,on/scene07/L0__s20260821__0001.png::boost_e2,scene07,V,D2,8,D,2,0.571573,-8.6491,14.3681,62.653,6.526,0
depth,42,depth_s42,ON_NEG,on/scene07/L0__s20260821__0001.png::boost_e2,scene07,V,A3a,10,A,3a,0.596659,-8.6491,14.3681,62.653,6.526,0
depth,42,depth_s42,ON_NEG,on/scene07/L0__s20260821__0001.png::boost_e2,scene07,V,D3a,13,D,3a,0.823723,-8.6491,14.3681,62.653,6.526,0
depth,42,depth_s42,ON_NEG,on/scene07/L0__s20260821__0001.png::boost_e2,scene07,V,E3a,14,E,3a,0.921996,-8.6491,14.3681,62.653,6.526,0
depth,42,depth_s42,ON_NEG,on/scene07/L0__s20260821__0001.png::boost_e2,scene07,V,A3b,15,A,3b,0.939915,-8.6491,14.3681,62.653,6.526,0
depth,42,depth_s42,ON_NEG,on/scene07/L0__s20260821__0003.png::boost_e2,scene07,V,A2,5,A,2,0.891233,-11.0113,-0.6132,62.5016,7.1387,0
depth,42,depth_s42,ON_NEG,on/scene07/L0__s20260821__0003.png::boost_e2,scene07,V,B2,6,B,2,0.956733,-11.0113,-0.6132,62.5016,7.1387,0
depth,42,depth_s42,ON_NEG,on/scene07/L0__s20260821__0003.png::boost_e2,scene07,V,C2,7,C,2,0.87368,-11.0113,-0.6132,62.5016,7.1387,0
depth,42,depth_s42,ON_NEG,on/scene07/L0__s20260821__0003.png::boost_e2,scene07,V,D2,8,D,2,0.960366,-11.0113,-0.6132,62.5016,7.1387,0
depth,42,depth_s42,ON_NEG,on/scene07/L0__s20260821__0003.png::boost_e2,scene07,V,E2,9,E,2,0.769597,-11.0113,-0.6132,62.5016,7.1387,0
depth,42,depth_s42,ON_NEG,on/scene07/L0__s20260821__0003.png::boost_e2,scene07,V,A3a,10,A,3a,0.996037,-11.0113,-0.6132,62.5016,7.1387,0
depth,42,depth_s42,ON_NEG,on/scene07/L0__s20260821__0003.png::boost_e2,scene07,V,B3a,11,B,3a,0.994926,-11.0113,-0.6132,62.5016,7.1387,0
depth,42,depth_s42,ON_NEG,on/scene07/L0__s20260821__0003.png::boost_e2,scene07,V,C3a,12,C,3a,0.98754,-11.0113,-0.6132,62.5016,7.1387,0
depth,42,depth_s42,ON_NEG,on/scene07/L0__s20260821__0003.png::boost_e2,scene07,V,D3a,13,D,3a,0.990483,-11.0113,-0.6132,62.5016,7.1387,0
depth,42,depth_s42,ON_NEG,on/scene07/L0__s20260821__0003.png::boost_e2,scene07,V,E3a,14,E,3a,0.991718,-11.0113,-0.6132,62.5016,7.1387,0
depth,42,depth_s42,ON_NEG,on/scene07/L0__s20260821__0003.png::boost_e2,scene07,V,A3b,15,A,3b,0.987359,-11.0113,-0.6132,62.5016,7.1387,0
depth,42,depth_s42,ON_NEG,on/scene07/L0__s20260821__0003.png::boost_e2,scene07,V,D3b,18,D,3b,0.954343,-11.0113,-0.6132,62.5016,7.1387,0
depth,42,depth_s42,ON_NEG,on/scene07/L0__s20260821__0004.png::boost_e2,scene07,V,A2,5,A,2,0.955313,-13.3275,-0.1348,64.6075,6.5636,0
depth,42,depth_s42,ON_NEG,on/scene07/L0__s20260821__0004.png::boost_e2,scene07,V,B2,6,B,2,0.982711,-13.3275,-0.1348,64.6075,6.5636,0
depth,42,depth_s42,ON_NEG,on/scene07/L0__s20260821__0004.png::boost_e2,scene07,V,C2,7,C,2,0.942152,-13.3275,-0.1348,64.6075,6.5636,0
depth,42,depth_s42,ON_NEG,on/scene07/L0__s20260821__0004.png::boost_e2,scene07,V,D2,8,D,2,0.987526,-13.3275,-0.1348,64.6075,6.5636,0
depth,42,depth_s42,ON_NEG,on/scene07/L0__s20260821__0004.png::boost_e2,scene07,V,E2,9,E,2,0.855352,-13.3275,-0.1348,64.6075,6.5636,0
depth,42,depth_s42,ON_NEG,on/scene07/L0__s20260821__0004.png::boost_e2,scene07,V,A3a,10,A,3a,0.99846,-13.3275,-0.1348,64.6075,6.5636,0
depth,42,depth_s42,ON_NEG,on/scene07/L0__s20260821__0004.png::boost_e2,scene07,V,B3a,11,B,3a,0.999316,-13.3275,-0.1348,64.6075,6.5636,0
depth,42,depth_s42,ON_NEG,on/scene07/L0__s20260821__0004.png::boost_e2,scene07,V,C3a,12,C,3a,0.996179,-13.3275,-0.1348,64.6075,6.5636,0
depth,42,depth_s42,ON_NEG,on/scene07/L0__s20260821__0004.png::boost_e2,scene07,V,D3a,13,D,3a,0.997538,-13.3275,-0.1348,64.6075,6.5636,0
depth,42,depth_s42,ON_NEG,on/scene07/L0__s20260821__0004.png::boost_e2,scene07,V,E3a,14,E,3a,0.997228,-13.3275,-0.1348,64.6075,6.5636,0
depth,42,depth_s42,ON_NEG,on/scene07/L0__s20260821__0004.png::boost_e2,scene07,V,D3b,18,D,3b,0.990788,-13.3275,-0.1348,64.6075,6.5636,0
depth,42,depth_s42,ON_NEG,on/scene07/L0__s20260821__0005.png::boost_e2,scene07,V,D3b,18,D,3b,0.825526,-5.0214,-1.8091,62.1167,8.8712,0
depth,42,depth_s42,ON_NEG,on/scene07/L0__s20260821__0006.png::boost_e2,scene07,V,A1,0,A,1,0.588138,-12.1066,0.0159,62.3073,6.0804,0
depth,42,depth_s42,ON_NEG,on/scene07/L0__s20260821__0006.png::boost_e2,scene07,V,B1,1,B,1,0.67086,-12.1066,0.0159,62.3073,6.0804,0
depth,42,depth_s42,ON_NEG,on/scene07/L0__s20260821__0006.png::boost_e2,scene07,V,C1,2,C,1,0.581178,-12.1066,0.0159,62.3073,6.0804,0
depth,42,depth_s42,ON_NEG,on/scene07/L0__s20260821__0006.png::boost_e2,scene07,V,D1,3,D,1,0.696129,-12.1066,0.0159,62.3073,6.0804,0
depth,42,depth_s42,ON_NEG,on/scene07/L0__s20260821__0006.png::boost_e2,scene07,V,A2,5,A,2,0.96602,-12.1066,0.0159,62.3073,6.0804,0
depth,42,depth_s42,ON_NEG,on/scene07/L0__s20260821__0006.png::boost_e2,scene07,V,B2,6,B,2,0.992932,-12.1066,0.0159,62.3073,6.0804,0
depth,42,depth_s42,ON_NEG,on/scene07/L0__s20260821__0006.png::boost_e2,scene07,V,C2,7,C,2,0.979839,-12.1066,0.0159,62.3073,6.0804,0
depth,42,depth_s42,ON_NEG,on/scene07/L0__s20260821__0006.png::boost_e2,scene07,V,D2,8,D,2,0.995098,-12.1066,0.0159,62.3073,6.0804,0
depth,42,depth_s42,ON_NEG,on/scene07/L0__s20260821__0006.png::boost_e2,scene07,V,E2,9,E,2,0.942692,-12.1066,0.0159,62.3073,6.0804,0
depth,42,depth_s42,ON_NEG,on/scene07/L0__s20260821__0006.png::boost_e2,scene07,V,A3a,10,A,3a,0.99939,-12.1066,0.0159,62.3073,6.0804,0
depth,42,depth_s42,ON_NEG,on/scene07/L0__s20260821__0006.png::boost_e2,scene07,V,B3a,11,B,3a,0.99961,-12.1066,0.0159,62.3073,6.0804,0
depth,42,depth_s42,ON_NEG,on/scene07/L0__s20260821__0006.png::boost_e2,scene07,V,C3a,12,C,3a,0.997778,-12.1066,0.0159,62.3073,6.0804,0
depth,42,depth_s42,ON_NEG,on/scene07/L0__s20260821__0006.png::boost_e2,scene07,V,D3a,13,D,3a,0.99902,-12.1066,0.0159,62.3073,6.0804,0
depth,42,depth_s42,ON_NEG,on/scene07/L0__s20260821__0006.png::boost_e2,scene07,V,E3a,14,E,3a,0.999183,-12.1066,0.0159,62.3073,6.0804,0
depth,42,depth_s42,ON_NEG,on/scene07/L0__s20260821__0007.png::boost_e2,scene07,V,A2,5,A,2,0.800846,-12.7675,1.6425,64.5249,4.4163,0
depth,42,depth_s42,ON_NEG,on/scene07/L0__s20260821__0007.png::boost_e2,scene07,V,B2,6,B,2,0.826375,-12.7675,1.6425,64.5249,4.4163,0
depth,42,depth_s42,ON_NEG,on/scene07/L0__s20260821__0007.png::boost_e2,scene07,V,D2,8,D,2,0.891656,-12.7675,1.6425,64.5249,4.4163,0
depth,42,depth_s42,ON_NEG,on/scene07/L0__s20260821__0007.png::boost_e2,scene07,V,E2,9,E,2,0.757345,-12.7675,1.6425,64.5249,4.4163,0
depth,42,depth_s42,ON_NEG,on/scene07/L0__s20260821__0007.png::boost_e2,scene07,V,E3a,14,E,3a,0.718544,-12.7675,1.6425,64.5249,4.4163,0
depth,42,depth_s42,ON_NEG,on/scene07/L0__s20260821__0007.png::boost_e2,scene07,V,D3b,18,D,3b,0.957721,-12.7675,1.6425,64.5249,4.4163,0
depth,42,depth_s42,ON_NEG,on/scene07/L5__s20260821__0000.png::boost_e2,scene07,V,D2,8,D,2,0.679436,-9.0864,4.975,60.5839,4.6498,0
depth,42,depth_s42,ON_NEG,on/scene07/L5__s20260821__0000.png::boost_e2,scene07,V,E3a,14,E,3a,0.815263,-9.0864,4.975,60.5839,4.6498,0
depth,42,depth_s42,ON_NEG,on/scene07/L5__s20260821__0001.png::boost_e2,scene07,V,B2,6,B,2,0.569286,-8.6491,14.3681,62.653,6.526,0
depth,42,depth_s42,ON_NEG,on/scene07/L5__s20260821__0001.png::boost_e2,scene07,V,D2,8,D,2,0.571573,-8.6491,14.3681,62.653,6.526,0
depth,42,depth_s42,ON_NEG,on/scene07/L5__s20260821__0001.png::boost_e2,scene07,V,A3a,10,A,3a,0.596659,-8.6491,14.3681,62.653,6.526,0
depth,42,depth_s42,ON_NEG,on/scene07/L5__s20260821__0001.png::boost_e2,scene07,V,D3a,13,D,3a,0.823723,-8.6491,14.3681,62.653,6.526,0
depth,42,depth_s42,ON_NEG,on/scene07/L5__s20260821__0001.png::boost_e2,scene07,V,E3a,14,E,3a,0.921996,-8.6491,14.3681,62.653,6.526,0
depth,42,depth_s42,ON_NEG,on/scene07/L5__s20260821__0001.png::boost_e2,scene07,V,A3b,15,A,3b,0.939915,-8.6491,14.3681,62.653,6.526,0
depth,42,depth_s42,ON_NEG,on/scene07/L5__s20260821__0003.png::boost_e2,scene07,V,A2,5,A,2,0.891233,-11.0113,-0.6132,62.5016,7.1387,0
depth,42,depth_s42,ON_NEG,on/scene07/L5__s20260821__0003.png::boost_e2,scene07,V,B2,6,B,2,0.956733,-11.0113,-0.6132,62.5016,7.1387,0
depth,42,depth_s42,ON_NEG,on/scene07/L5__s20260821__0003.png::boost_e2,scene07,V,C2,7,C,2,0.87368,-11.0113,-0.6132,62.5016,7.1387,0
depth,42,depth_s42,ON_NEG,on/scene07/L5__s20260821__0003.png::boost_e2,scene07,V,D2,8,D,2,0.960366,-11.0113,-0.6132,62.5016,7.1387,0
depth,42,depth_s42,ON_NEG,on/scene07/L5__s20260821__0003.png::boost_e2,scene07,V,E2,9,E,2,0.769597,-11.0113,-0.6132,62.5016,7.1387,0
depth,42,depth_s42,ON_NEG,on/scene07/L5__s20260821__0003.png::boost_e2,scene07,V,A3a,10,A,3a,0.996037,-11.0113,-0.6132,62.5016,7.1387,0
depth,42,depth_s42,ON_NEG,on/scene07/L5__s20260821__0003.png::boost_e2,scene07,V,B3a,11,B,3a,0.994926,-11.0113,-0.6132,62.5016,7.1387,0
depth,42,depth_s42,ON_NEG,on/scene07/L5__s20260821__0003.png::boost_e2,scene07,V,C3a,12,C,3a,0.98754,-11.0113,-0.6132,62.5016,7.1387,0
depth,42,depth_s42,ON_NEG,on/scene07/L5__s20260821__0003.png::boost_e2,scene07,V,D3a,13,D,3a,0.990483,-11.0113,-0.6132,62.5016,7.1387,0
depth,42,depth_s42,ON_NEG,on/scene07/L5__s20260821__0003.png::boost_e2,scene07,V,E3a,14,E,3a,0.991718,-11.0113,-0.6132,62.5016,7.1387,0
depth,42,depth_s42,ON_NEG,on/scene07/L5__s20260821__0003.png::boost_e2,scene07,V,A3b,15,A,3b,0.987359,-11.0113,-0.6132,62.5016,7.1387,0
depth,42,depth_s42,ON_NEG,on/scene07/L5__s20260821__0003.png::boost_e2,scene07,V,D3b,18,D,3b,0.954343,-11.0113,-0.6132,62.5016,7.1387,0
depth,42,depth_s42,ON_NEG,on/scene07/L5__s20260821__0004.png::boost_e2,scene07,V,A2,5,A,2,0.955313,-13.3275,-0.1348,64.6075,6.5636,0
depth,42,depth_s42,ON_NEG,on/scene07/L5__s20260821__0004.png::boost_e2,scene07,V,B2,6,B,2,0.982711,-13.3275,-0.1348,64.6075,6.5636,0
depth,42,depth_s42,ON_NEG,on/scene07/L5__s20260821__0004.png::boost_e2,scene07,V,C2,7,C,2,0.942152,-13.3275,-0.1348,64.6075,6.5636,0
depth,42,depth_s42,ON_NEG,on/scene07/L5__s20260821__0004.png::boost_e2,scene07,V,D2,8,D,2,0.987526,-13.3275,-0.1348,64.6075,6.5636,0
depth,42,depth_s42,ON_NEG,on/scene07/L5__s20260821__0004.png::boost_e2,scene07,V,E2,9,E,2,0.855352,-13.3275,-0.1348,64.6075,6.5636,0
depth,42,depth_s42,ON_NEG,on/scene07/L5__s20260821__0004.png::boost_e2,scene07,V,A3a,10,A,3a,0.99846,-13.3275,-0.1348,64.6075,6.5636,0
depth,42,depth_s42,ON_NEG,on/scene07/L5__s20260821__0004.png::boost_e2,scene07,V,B3a,11,B,3a,0.999316,-13.3275,-0.1348,64.6075,6.5636,0
depth,42,depth_s42,ON_NEG,on/scene07/L5__s20260821__0004.png::boost_e2,scene07,V,C3a,12,C,3a,0.996179,-13.3275,-0.1348,64.6075,6.5636,0
depth,42,depth_s42,ON_NEG,on/scene07/L5__s20260821__0004.png::boost_e2,scene07,V,D3a,13,D,3a,0.997538,-13.3275,-0.1348,64.6075,6.5636,0
depth,42,depth_s42,ON_NEG,on/scene07/L5__s20260821__0004.png::boost_e2,scene07,V,E3a,14,E,3a,0.997228,-13.3275,-0.1348,64.6075,6.5636,0
depth,42,depth_s42,ON_NEG,on/scene07/L5__s20260821__0004.png::boost_e2,scene07,V,D3b,18,D,3b,0.990788,-13.3275,-0.1348,64.6075,6.5636,0
depth,42,depth_s42,ON_NEG,on/scene07/L5__s20260821__0005.png::boost_e2,scene07,V,D3b,18,D,3b,0.825526,-5.0214,-1.8091,62.1167,8.8712,0
depth,42,depth_s42,ON_NEG,on/scene07/L5__s20260821__0006.png::boost_e2,scene07,V,A1,0,A,1,0.588138,-12.1066,0.0159,62.3073,6.0804,0
depth,42,depth_s42,ON_NEG,on/scene07/L5__s20260821__0006.png::boost_e2,scene07,V,B1,1,B,1,0.67086,-12.1066,0.0159,62.3073,6.0804,0
depth,42,depth_s42,ON_NEG,on/scene07/L5__s20260821__0006.png::boost_e2,scene07,V,C1,2,C,1,0.581178,-12.1066,0.0159,62.3073,6.0804,0
depth,42,depth_s42,ON_NEG,on/scene07/L5__s20260821__0006.png::boost_e2,scene07,V,D1,3,D,1,0.696129,-12.1066,0.0159,62.3073,6.0804,0
depth,42,depth_s42,ON_NEG,on/scene07/L5__s20260821__0006.png::boost_e2,scene07,V,A2,5,A,2,0.96602,-12.1066,0.0159,62.3073,6.0804,0
depth,42,depth_s42,ON_NEG,on/scene07/L5__s20260821__0006.png::boost_e2,scene07,V,B2,6,B,2,0.992932,-12.1066,0.0159,62.3073,6.0804,0
depth,42,depth_s42,ON_NEG,on/scene07/L5__s20260821__0006.png::boost_e2,scene07,V,C2,7,C,2,0.979839,-12.1066,0.0159,62.3073,6.0804,0
depth,42,depth_s42,ON_NEG,on/scene07/L5__s20260821__0006.png::boost_e2,scene07,V,D2,8,D,2,0.995098,-12.1066,0.0159,62.3073,6.0804,0
depth,42,depth_s42,ON_NEG,on/scene07/L5__s20260821__0006.png::boost_e2,scene07,V,E2,9,E,2,0.942692,-12.1066,0.0159,62.3073,6.0804,0
depth,42,depth_s42,ON_NEG,on/scene07/L5__s20260821__0006.png::boost_e2,scene07,V,A3a,10,A,3a,0.99939,-12.1066,0.0159,62.3073,6.0804,0
depth,42,depth_s42,ON_NEG,on/scene07/L5__s20260821__0006.png::boost_e2,scene07,V,B3a,11,B,3a,0.99961,-12.1066,0.0159,62.3073,6.0804,0
depth,42,depth_s42,ON_NEG,on/scene07/L5__s20260821__0006.png::boost_e2,scene07,V,C3a,12,C,3a,0.997778,-12.1066,0.0159,62.3073,6.0804,0
depth,42,depth_s42,ON_NEG,on/scene07/L5__s20260821__0006.png::boost_e2,scene07,V,D3a,13,D,3a,0.99902,-12.1066,0.0159,62.3073,6.0804,0
depth,42,depth_s42,ON_NEG,on/scene07/L5__s20260821__0006.png::boost_e2,scene07,V,E3a,14,E,3a,0.999183,-12.1066,0.0159,62.3073,6.0804,0
depth,42,depth_s42,ON_NEG,on/scene07/L5__s20260821__0007.png::boost_e2,scene07,V,A2,5,A,2,0.800846,-12.7675,1.6425,64.5249,4.4163,0
depth,42,depth_s42,ON_NEG,on/scene07/L5__s20260821__0007.png::boost_e2,scene07,V,B2,6,B,2,0.826375,-12.7675,1.6425,64.5249,4.4163,0
depth,42,depth_s42,ON_NEG,on/scene07/L5__s20260821__0007.png::boost_e2,scene07,V,D2,8,D,2,0.891656,-12.7675,1.6425,64.5249,4.4163,0
depth,42,depth_s42,ON_NEG,on/scene07/L5__s20260821__0007.png::boost_e2,scene07,V,E2,9,E,2,0.757345,-12.7675,1.6425,64.5249,4.4163,0
depth,42,depth_s42,ON_NEG,on/scene07/L5__s20260821__0007.png::boost_e2,scene07,V,E3a,14,E,3a,0.718544,-12.7675,1.6425,64.5249,4.4163,0
depth,42,depth_s42,ON_NEG,on/scene07/L5__s20260821__0007.png::boost_e2,scene07,V,D3b,18,D,3b,0.957721,-12.7675,1.6425,64.5249,4.4163,0
depth,42,depth_s42,ON_NEG,on/scene07/L7__s20260821__0000.png::boost_e2,scene07,V,D2,8,D,2,0.679436,-9.0864,4.975,60.5839,4.6498,0
depth,42,depth_s42,ON_NEG,on/scene07/L7__s20260821__0000.png::boost_e2,scene07,V,E3a,14,E,3a,0.815263,-9.0864,4.975,60.5839,4.6498,0
depth,42,depth_s42,ON_NEG,on/scene07/L7__s20260821__0001.png::boost_e2,scene07,V,B2,6,B,2,0.569286,-8.6491,14.3681,62.653,6.526,0
depth,42,depth_s42,ON_NEG,on/scene07/L7__s20260821__0001.png::boost_e2,scene07,V,D2,8,D,2,0.571573,-8.6491,14.3681,62.653,6.526,0
depth,42,depth_s42,ON_NEG,on/scene07/L7__s20260821__0001.png::boost_e2,scene07,V,A3a,10,A,3a,0.596659,-8.6491,14.3681,62.653,6.526,0
depth,42,depth_s42,ON_NEG,on/scene07/L7__s20260821__0001.png::boost_e2,scene07,V,D3a,13,D,3a,0.823723,-8.6491,14.3681,62.653,6.526,0
depth,42,depth_s42,ON_NEG,on/scene07/L7__s20260821__0001.png::boost_e2,scene07,V,E3a,14,E,3a,0.921996,-8.6491,14.3681,62.653,6.526,0
depth,42,depth_s42,ON_NEG,on/scene07/L7__s20260821__0001.png::boost_e2,scene07,V,A3b,15,A,3b,0.939915,-8.6491,14.3681,62.653,6.526,0
depth,42,depth_s42,ON_NEG,on/scene07/L7__s20260821__0003.png::boost_e2,scene07,V,A2,5,A,2,0.891233,-11.0113,-0.6132,62.5016,7.1387,0
depth,42,depth_s42,ON_NEG,on/scene07/L7__s20260821__0003.png::boost_e2,scene07,V,B2,6,B,2,0.956733,-11.0113,-0.6132,62.5016,7.1387,0
depth,42,depth_s42,ON_NEG,on/scene07/L7__s20260821__0003.png::boost_e2,scene07,V,C2,7,C,2,0.87368,-11.0113,-0.6132,62.5016,7.1387,0
depth,42,depth_s42,ON_NEG,on/scene07/L7__s20260821__0003.png::boost_e2,scene07,V,D2,8,D,2,0.960366,-11.0113,-0.6132,62.5016,7.1387,0
depth,42,depth_s42,ON_NEG,on/scene07/L7__s20260821__0003.png::boost_e2,scene07,V,E2,9,E,2,0.769597,-11.0113,-0.6132,62.5016,7.1387,0
depth,42,depth_s42,ON_NEG,on/scene07/L7__s20260821__0003.png::boost_e2,scene07,V,A3a,10,A,3a,0.996037,-11.0113,-0.6132,62.5016,7.1387,0
depth,42,depth_s42,ON_NEG,on/scene07/L7__s20260821__0003.png::boost_e2,scene07,V,B3a,11,B,3a,0.994926,-11.0113,-0.6132,62.5016,7.1387,0
depth,42,depth_s42,ON_NEG,on/scene07/L7__s20260821__0003.png::boost_e2,scene07,V,C3a,12,C,3a,0.98754,-11.0113,-0.6132,62.5016,7.1387,0
depth,42,depth_s42,ON_NEG,on/scene07/L7__s20260821__0003.png::boost_e2,scene07,V,D3a,13,D,3a,0.990483,-11.0113,-0.6132,62.5016,7.1387,0
depth,42,depth_s42,ON_NEG,on/scene07/L7__s20260821__0003.png::boost_e2,scene07,V,E3a,14,E,3a,0.991718,-11.0113,-0.6132,62.5016,7.1387,0
depth,42,depth_s42,ON_NEG,on/scene07/L7__s20260821__0003.png::boost_e2,scene07,V,A3b,15,A,3b,0.987359,-11.0113,-0.6132,62.5016,7.1387,0
depth,42,depth_s42,ON_NEG,on/scene07/L7__s20260821__0003.png::boost_e2,scene07,V,D3b,18,D,3b,0.954343,-11.0113,-0.6132,62.5016,7.1387,0
depth,42,depth_s42,ON_NEG,on/scene07/L7__s20260821__0004.png::boost_e2,scene07,V,A2,5,A,2,0.955313,-13.3275,-0.1348,64.6075,6.5636,0
depth,42,depth_s42,ON_NEG,on/scene07/L7__s20260821__0004.png::boost_e2,scene07,V,B2,6,B,2,0.982711,-13.3275,-0.1348,64.6075,6.5636,0
depth,42,depth_s42,ON_NEG,on/scene07/L7__s20260821__0004.png::boost_e2,scene07,V,C2,7,C,2,0.942152,-13.3275,-0.1348,64.6075,6.5636,0
depth,42,depth_s42,ON_NEG,on/scene07/L7__s20260821__0004.png::boost_e2,scene07,V,D2,8,D,2,0.987526,-13.3275,-0.1348,64.6075,6.5636,0
depth,42,depth_s42,ON_NEG,on/scene07/L7__s20260821__0004.png::boost_e2,scene07,V,E2,9,E,2,0.855352,-13.3275,-0.1348,64.6075,6.5636,0
depth,42,depth_s42,ON_NEG,on/scene07/L7__s20260821__0004.png::boost_e2,scene07,V,A3a,10,A,3a,0.99846,-13.3275,-0.1348,64.6075,6.5636,0
depth,42,depth_s42,ON_NEG,on/scene07/L7__s20260821__0004.png::boost_e2,scene07,V,B3a,11,B,3a,0.999316,-13.3275,-0.1348,64.6075,6.5636,0
depth,42,depth_s42,ON_NEG,on/scene07/L7__s20260821__0004.png::boost_e2,scene07,V,C3a,12,C,3a,0.996179,-13.3275,-0.1348,64.6075,6.5636,0
depth,42,depth_s42,ON_NEG,on/scene07/L7__s20260821__0004.png::boost_e2,scene07,V,D3a,13,D,3a,0.997538,-13.3275,-0.1348,64.6075,6.5636,0
depth,42,depth_s42,ON_NEG,on/scene07/L7__s20260821__0004.png::boost_e2,scene07,V,E3a,14,E,3a,0.997228,-13.3275,-0.1348,64.6075,6.5636,0
depth,42,depth_s42,ON_NEG,on/scene07/L7__s20260821__0004.png::boost_e2,scene07,V,D3b,18,D,3b,0.990788,-13.3275,-0.1348,64.6075,6.5636,0
depth,42,depth_s42,ON_NEG,on/scene07/L7__s20260821__0005.png::boost_e2,scene07,V,D3b,18,D,3b,0.825526,-5.0214,-1.8091,62.1167,8.8712,0
depth,42,depth_s42,ON_NEG,on/scene07/L7__s20260821__0006.png::boost_e2,scene07,V,A1,0,A,1,0.588138,-12.1066,0.0159,62.3073,6.0804,0
depth,42,depth_s42,ON_NEG,on/scene07/L7__s20260821__0006.png::boost_e2,scene07,V,B1,1,B,1,0.67086,-12.1066,0.0159,62.3073,6.0804,0
depth,42,depth_s42,ON_NEG,on/scene07/L7__s20260821__0006.png::boost_e2,scene07,V,C1,2,C,1,0.581178,-12.1066,0.0159,62.3073,6.0804,0
depth,42,depth_s42,ON_NEG,on/scene07/L7__s20260821__0006.png::boost_e2,scene07,V,D1,3,D,1,0.696129,-12.1066,0.0159,62.3073,6.0804,0
depth,42,depth_s42,ON_NEG,on/scene07/L7__s20260821__0006.png::boost_e2,scene07,V,A2,5,A,2,0.96602,-12.1066,0.0159,62.3073,6.0804,0
depth,42,depth_s42,ON_NEG,on/scene07/L7__s20260821__0006.png::boost_e2,scene07,V,B2,6,B,2,0.992932,-12.1066,0.0159,62.3073,6.0804,0
depth,42,depth_s42,ON_NEG,on/scene07/L7__s20260821__0006.png::boost_e2,scene07,V,C2,7,C,2,0.979839,-12.1066,0.0159,62.3073,6.0804,0
depth,42,depth_s42,ON_NEG,on/scene07/L7__s20260821__0006.png::boost_e2,scene07,V,D2,8,D,2,0.995098,-12.1066,0.0159,62.3073,6.0804,0
depth,42,depth_s42,ON_NEG,on/scene07/L7__s20260821__0006.png::boost_e2,scene07,V,E2,9,E,2,0.942692,-12.1066,0.0159,62.3073,6.0804,0
depth,42,depth_s42,ON_NEG,on/scene07/L7__s20260821__0006.png::boost_e2,scene07,V,A3a,10,A,3a,0.99939,-12.1066,0.0159,62.3073,6.0804,0
depth,42,depth_s42,ON_NEG,on/scene07/L7__s20260821__0006.png::boost_e2,scene07,V,B3a,11,B,3a,0.99961,-12.1066,0.0159,62.3073,6.0804,0
depth,42,depth_s42,ON_NEG,on/scene07/L7__s20260821__0006.png::boost_e2,scene07,V,C3a,12,C,3a,0.997778,-12.1066,0.0159,62.3073,6.0804,0
depth,42,depth_s42,ON_NEG,on/scene07/L7__s20260821__0006.png::boost_e2,scene07,V,D3a,13,D,3a,0.99902,-12.1066,0.0159,62.3073,6.0804,0
depth,42,depth_s42,ON_NEG,on/scene07/L7__s20260821__0006.png::boost_e2,scene07,V,E3a,14,E,3a,0.999183,-12.1066,0.0159,62.3073,6.0804,0
depth,42,depth_s42,ON_NEG,on/scene07/L7__s20260821__0007.png::boost_e2,scene07,V,A2,5,A,2,0.800846,-12.7675,1.6425,64.5249,4.4163,0
depth,42,depth_s42,ON_NEG,on/scene07/L7__s20260821__0007.png::boost_e2,scene07,V,B2,6,B,2,0.826375,-12.7675,1.6425,64.5249,4.4163,0
depth,42,depth_s42,ON_NEG,on/scene07/L7__s20260821__0007.png::boost_e2,scene07,V,D2,8,D,2,0.891656,-12.7675,1.6425,64.5249,4.4163,0
depth,42,depth_s42,ON_NEG,on/scene07/L7__s20260821__0007.png::boost_e2,scene07,V,E2,9,E,2,0.757345,-12.7675,1.6425,64.5249,4.4163,0
depth,42,depth_s42,ON_NEG,on/scene07/L7__s20260821__0007.png::boost_e2,scene07,V,E3a,14,E,3a,0.718544,-12.7675,1.6425,64.5249,4.4163,0
depth,42,depth_s42,ON_NEG,on/scene07/L7__s20260821__0007.png::boost_e2,scene07,V,D3b,18,D,3b,0.957721,-12.7675,1.6425,64.5249,4.4163,0
depth,43,depth_s43,OFF,off/sceneC2/L2__s20260819__0005.png,sceneC2,off,B2,6,B,2,0.817955,-13.9053,-4.7076,63.4803,4.5522,0
depth,43,depth_s43,OFF,off/sceneC2/L2__s20260819__0005.png,sceneC2,off,C2,7,C,2,0.934374,-13.9053,-4.7076,63.4803,4.5522,0
depth,43,depth_s43,OFF,off/sceneC2/L2__s20260819__0005.png,sceneC2,off,A3a,10,A,3a,0.853115,-13.9053,-4.7076,63.4803,4.5522,0
depth,43,depth_s43,OFF,off/sceneC2/L2__s20260819__0005.png,sceneC2,off,B3a,11,B,3a,0.984372,-13.9053,-4.7076,63.4803,4.5522,0
depth,43,depth_s43,OFF,off/sceneC2/L2__s20260819__0005.png,sceneC2,off,C3a,12,C,3a,0.997839,-13.9053,-4.7076,63.4803,4.5522,0
depth,43,depth_s43,OFF,off/sceneC2/L2__s20260819__0005.png,sceneC2,off,A3b,15,A,3b,0.920121,-13.9053,-4.7076,63.4803,4.5522,0
depth,43,depth_s43,OFF,off/sceneC2/L2__s20260819__0005.png,sceneC2,off,C3b,17,C,3b,0.703859,-13.9053,-4.7076,63.4803,4.5522,0
depth,43,depth_s43,OFF,off/sceneC2/L2__s20260819__0005.png,sceneC2,off,D3b,18,D,3b,0.817366,-13.9053,-4.7076,63.4803,4.5522,0
depth,43,depth_s43,OFF,off/sceneC2/L2__s20260819__0005.png,sceneC2,off,E3b,19,E,3b,0.99602,-13.9053,-4.7076,63.4803,4.5522,0
depth,43,depth_s43,OFF,off/sceneC2/L3__s20260819__0005.png,sceneC2,off,B2,6,B,2,0.817955,-13.9053,-4.7076,63.4803,4.5522,0
depth,43,depth_s43,OFF,off/sceneC2/L3__s20260819__0005.png,sceneC2,off,C2,7,C,2,0.934374,-13.9053,-4.7076,63.4803,4.5522,0
depth,43,depth_s43,OFF,off/sceneC2/L3__s20260819__0005.png,sceneC2,off,A3a,10,A,3a,0.853115,-13.9053,-4.7076,63.4803,4.5522,0
depth,43,depth_s43,OFF,off/sceneC2/L3__s20260819__0005.png,sceneC2,off,B3a,11,B,3a,0.984372,-13.9053,-4.7076,63.4803,4.5522,0
depth,43,depth_s43,OFF,off/sceneC2/L3__s20260819__0005.png,sceneC2,off,C3a,12,C,3a,0.997839,-13.9053,-4.7076,63.4803,4.5522,0
depth,43,depth_s43,OFF,off/sceneC2/L3__s20260819__0005.png,sceneC2,off,A3b,15,A,3b,0.920121,-13.9053,-4.7076,63.4803,4.5522,0
depth,43,depth_s43,OFF,off/sceneC2/L3__s20260819__0005.png,sceneC2,off,C3b,17,C,3b,0.703859,-13.9053,-4.7076,63.4803,4.5522,0
depth,43,depth_s43,OFF,off/sceneC2/L3__s20260819__0005.png,sceneC2,off,D3b,18,D,3b,0.817366,-13.9053,-4.7076,63.4803,4.5522,0
depth,43,depth_s43,OFF,off/sceneC2/L3__s20260819__0005.png,sceneC2,off,E3b,19,E,3b,0.99602,-13.9053,-4.7076,63.4803,4.5522,0
depth,43,depth_s43,OFF,off/sceneC2/L7__s20260819__0005.png,sceneC2,off,B2,6,B,2,0.817955,-13.9053,-4.7076,63.4803,4.5522,0
depth,43,depth_s43,OFF,off/sceneC2/L7__s20260819__0005.png,sceneC2,off,C2,7,C,2,0.934374,-13.9053,-4.7076,63.4803,4.5522,0
depth,43,depth_s43,OFF,off/sceneC2/L7__s20260819__0005.png,sceneC2,off,A3a,10,A,3a,0.853115,-13.9053,-4.7076,63.4803,4.5522,0
depth,43,depth_s43,OFF,off/sceneC2/L7__s20260819__0005.png,sceneC2,off,B3a,11,B,3a,0.984372,-13.9053,-4.7076,63.4803,4.5522,0
depth,43,depth_s43,OFF,off/sceneC2/L7__s20260819__0005.png,sceneC2,off,C3a,12,C,3a,0.997839,-13.9053,-4.7076,63.4803,4.5522,0
depth,43,depth_s43,OFF,off/sceneC2/L7__s20260819__0005.png,sceneC2,off,A3b,15,A,3b,0.920121,-13.9053,-4.7076,63.4803,4.5522,0
depth,43,depth_s43,OFF,off/sceneC2/L7__s20260819__0005.png,sceneC2,off,C3b,17,C,3b,0.703859,-13.9053,-4.7076,63.4803,4.5522,0
depth,43,depth_s43,OFF,off/sceneC2/L7__s20260819__0005.png,sceneC2,off,D3b,18,D,3b,0.817366,-13.9053,-4.7076,63.4803,4.5522,0
depth,43,depth_s43,OFF,off/sceneC2/L7__s20260819__0005.png,sceneC2,off,E3b,19,E,3b,0.99602,-13.9053,-4.7076,63.4803,4.5522,0
depth,43,depth_s43,ON_NEG,on/scene07/L0__s20260819__0000.png,scene07,V,A2,5,A,2,0.534802,-11.6469,5.5321,61.8564,4.6128,0
depth,43,depth_s43,ON_NEG,on/scene07/L0__s20260819__0000.png,scene07,V,B2,6,B,2,0.580541,-11.6469,5.5321,61.8564,4.6128,0
depth,43,depth_s43,ON_NEG,on/scene07/L0__s20260819__0000.png,scene07,V,C2,7,C,2,0.609412,-11.6469,5.5321,61.8564,4.6128,0
depth,43,depth_s43,ON_NEG,on/scene07/L0__s20260819__0000.png,scene07,V,D2,8,D,2,0.58086,-11.6469,5.5321,61.8564,4.6128,0
depth,43,depth_s43,ON_NEG,on/scene07/L0__s20260819__0000.png,scene07,V,E2,9,E,2,0.819889,-11.6469,5.5321,61.8564,4.6128,0
depth,43,depth_s43,ON_NEG,on/scene07/L0__s20260819__0003.png,scene07,V,A2,5,A,2,0.997448,-9.8928,4.8712,61.7741,2.4361,0
depth,43,depth_s43,ON_NEG,on/scene07/L0__s20260819__0003.png,scene07,V,E2,9,E,2,0.999986,-9.8928,4.8712,61.7741,2.4361,0
depth,43,depth_s43,ON_NEG,on/scene07/L0__s20260819__0003.png,scene07,V,E3a,14,E,3a,0.99998,-9.8928,4.8712,61.7741,2.4361,0
depth,43,depth_s43,ON_NEG,on/scene07/L0__s20260819__0003.png,scene07,V,D3b,18,D,3b,0.999908,-9.8928,4.8712,61.7741,2.4361,0
depth,43,depth_s43,ON_NEG,on/scene07/L0__s20260819__0003.png,scene07,V,E3b,19,E,3b,0.999983,-9.8928,4.8712,61.7741,2.4361,0
depth,43,depth_s43,ON_NEG,on/scene07/L0__s20260819__0005.png,scene07,V,C2,7,C,2,0.737956,-9.3221,15.6943,62.9084,4.5788,0
depth,43,depth_s43,ON_NEG,on/scene07/L0__s20260819__0005.png,scene07,V,D2,8,D,2,0.674787,-9.3221,15.6943,62.9084,4.5788,0
depth,43,depth_s43,ON_NEG,on/scene07/L0__s20260819__0005.png,scene07,V,E2,9,E,2,0.808682,-9.3221,15.6943,62.9084,4.5788,0
depth,43,depth_s43,ON_NEG,on/scene07/L0__s20260819__0005.png,scene07,V,A3b,15,A,3b,0.502205,-9.3221,15.6943,62.9084,4.5788,0
depth,43,depth_s43,ON_NEG,on/scene07/L0__s20260819__0005.png,scene07,V,E3b,19,E,3b,0.895936,-9.3221,15.6943,62.9084,4.5788,0
depth,43,depth_s43,ON_NEG,on/scene07/L0__s20260819__0006.png,scene07,V,D2,8,D,2,0.978306,-3.7993,3.5452,60.5677,1.5559,0
depth,43,depth_s43,ON_NEG,on/scene07/L0__s20260819__0006.png,scene07,V,E2,9,E,2,0.940796,-3.7993,3.5452,60.5677,1.5559,0
depth,43,depth_s43,ON_NEG,on/scene07/L0__s20260819__0006.png,scene07,V,D3a,13,D,3a,0.999326,-3.7993,3.5452,60.5677,1.5559,0
depth,43,depth_s43,ON_NEG,on/scene07/L0__s20260819__0006.png,scene07,V,D3b,18,D,3b,0.981667,-3.7993,3.5452,60.5677,1.5559,0
depth,43,depth_s43,ON_NEG,on/scene07/L0__s20260819__0006.png,scene07,V,E3b,19,E,3b,0.994719,-3.7993,3.5452,60.5677,1.5559,0
depth,43,depth_s43,ON_NEG,on/scene07/L5__s20260819__0000.png,scene07,V,A2,5,A,2,0.534802,-11.6469,5.5321,61.8564,4.6128,0
depth,43,depth_s43,ON_NEG,on/scene07/L5__s20260819__0000.png,scene07,V,B2,6,B,2,0.580541,-11.6469,5.5321,61.8564,4.6128,0
depth,43,depth_s43,ON_NEG,on/scene07/L5__s20260819__0000.png,scene07,V,C2,7,C,2,0.609412,-11.6469,5.5321,61.8564,4.6128,0
depth,43,depth_s43,ON_NEG,on/scene07/L5__s20260819__0000.png,scene07,V,D2,8,D,2,0.58086,-11.6469,5.5321,61.8564,4.6128,0
depth,43,depth_s43,ON_NEG,on/scene07/L5__s20260819__0000.png,scene07,V,E2,9,E,2,0.819889,-11.6469,5.5321,61.8564,4.6128,0
depth,43,depth_s43,ON_NEG,on/scene07/L5__s20260819__0003.png,scene07,V,A2,5,A,2,0.997448,-9.8928,4.8712,61.7741,2.4361,0
depth,43,depth_s43,ON_NEG,on/scene07/L5__s20260819__0003.png,scene07,V,E2,9,E,2,0.999986,-9.8928,4.8712,61.7741,2.4361,0
depth,43,depth_s43,ON_NEG,on/scene07/L5__s20260819__0003.png,scene07,V,E3a,14,E,3a,0.99998,-9.8928,4.8712,61.7741,2.4361,0
depth,43,depth_s43,ON_NEG,on/scene07/L5__s20260819__0003.png,scene07,V,D3b,18,D,3b,0.999908,-9.8928,4.8712,61.7741,2.4361,0
depth,43,depth_s43,ON_NEG,on/scene07/L5__s20260819__0003.png,scene07,V,E3b,19,E,3b,0.999983,-9.8928,4.8712,61.7741,2.4361,0
depth,43,depth_s43,ON_NEG,on/scene07/L5__s20260819__0005.png,scene07,V,C2,7,C,2,0.737956,-9.3221,15.6943,62.9084,4.5788,0
depth,43,depth_s43,ON_NEG,on/scene07/L5__s20260819__0005.png,scene07,V,D2,8,D,2,0.674787,-9.3221,15.6943,62.9084,4.5788,0
depth,43,depth_s43,ON_NEG,on/scene07/L5__s20260819__0005.png,scene07,V,E2,9,E,2,0.808682,-9.3221,15.6943,62.9084,4.5788,0
depth,43,depth_s43,ON_NEG,on/scene07/L5__s20260819__0005.png,scene07,V,A3b,15,A,3b,0.502205,-9.3221,15.6943,62.9084,4.5788,0
depth,43,depth_s43,ON_NEG,on/scene07/L5__s20260819__0005.png,scene07,V,E3b,19,E,3b,0.895936,-9.3221,15.6943,62.9084,4.5788,0
depth,43,depth_s43,ON_NEG,on/scene07/L5__s20260819__0006.png,scene07,V,D2,8,D,2,0.978306,-3.7993,3.5452,60.5677,1.5559,0
depth,43,depth_s43,ON_NEG,on/scene07/L5__s20260819__0006.png,scene07,V,E2,9,E,2,0.940796,-3.7993,3.5452,60.5677,1.5559,0
depth,43,depth_s43,ON_NEG,on/scene07/L5__s20260819__0006.png,scene07,V,D3a,13,D,3a,0.999326,-3.7993,3.5452,60.5677,1.5559,0
depth,43,depth_s43,ON_NEG,on/scene07/L5__s20260819__0006.png,scene07,V,D3b,18,D,3b,0.981667,-3.7993,3.5452,60.5677,1.5559,0
depth,43,depth_s43,ON_NEG,on/scene07/L5__s20260819__0006.png,scene07,V,E3b,19,E,3b,0.994719,-3.7993,3.5452,60.5677,1.5559,0
depth,43,depth_s43,ON_NEG,on/scene07/L7__s20260819__0000.png,scene07,V,A2,5,A,2,0.534802,-11.6469,5.5321,61.8564,4.6128,0
depth,43,depth_s43,ON_NEG,on/scene07/L7__s20260819__0000.png,scene07,V,B2,6,B,2,0.580541,-11.6469,5.5321,61.8564,4.6128,0
depth,43,depth_s43,ON_NEG,on/scene07/L7__s20260819__0000.png,scene07,V,C2,7,C,2,0.609412,-11.6469,5.5321,61.8564,4.6128,0
depth,43,depth_s43,ON_NEG,on/scene07/L7__s20260819__0000.png,scene07,V,D2,8,D,2,0.58086,-11.6469,5.5321,61.8564,4.6128,0
depth,43,depth_s43,ON_NEG,on/scene07/L7__s20260819__0000.png,scene07,V,E2,9,E,2,0.819889,-11.6469,5.5321,61.8564,4.6128,0
depth,43,depth_s43,ON_NEG,on/scene07/L7__s20260819__0003.png,scene07,V,A2,5,A,2,0.997448,-9.8928,4.8712,61.7741,2.4361,0
depth,43,depth_s43,ON_NEG,on/scene07/L7__s20260819__0003.png,scene07,V,E2,9,E,2,0.999986,-9.8928,4.8712,61.7741,2.4361,0
depth,43,depth_s43,ON_NEG,on/scene07/L7__s20260819__0003.png,scene07,V,E3a,14,E,3a,0.99998,-9.8928,4.8712,61.7741,2.4361,0
depth,43,depth_s43,ON_NEG,on/scene07/L7__s20260819__0003.png,scene07,V,D3b,18,D,3b,0.999908,-9.8928,4.8712,61.7741,2.4361,0
depth,43,depth_s43,ON_NEG,on/scene07/L7__s20260819__0003.png,scene07,V,E3b,19,E,3b,0.999983,-9.8928,4.8712,61.7741,2.4361,0
depth,43,depth_s43,ON_NEG,on/scene07/L7__s20260819__0005.png,scene07,V,C2,7,C,2,0.737956,-9.3221,15.6943,62.9084,4.5788,0
depth,43,depth_s43,ON_NEG,on/scene07/L7__s20260819__0005.png,scene07,V,D2,8,D,2,0.674787,-9.3221,15.6943,62.9084,4.5788,0
depth,43,depth_s43,ON_NEG,on/scene07/L7__s20260819__0005.png,scene07,V,E2,9,E,2,0.808682,-9.3221,15.6943,62.9084,4.5788,0
depth,43,depth_s43,ON_NEG,on/scene07/L7__s20260819__0005.png,scene07,V,A3b,15,A,3b,0.502205,-9.3221,15.6943,62.9084,4.5788,0
depth,43,depth_s43,ON_NEG,on/scene07/L7__s20260819__0005.png,scene07,V,E3b,19,E,3b,0.895936,-9.3221,15.6943,62.9084,4.5788,0
depth,43,depth_s43,ON_NEG,on/scene07/L7__s20260819__0006.png,scene07,V,D2,8,D,2,0.978306,-3.7993,3.5452,60.5677,1.5559,0
depth,43,depth_s43,ON_NEG,on/scene07/L7__s20260819__0006.png,scene07,V,E2,9,E,2,0.940796,-3.7993,3.5452,60.5677,1.5559,0
depth,43,depth_s43,ON_NEG,on/scene07/L7__s20260819__0006.png,scene07,V,D3a,13,D,3a,0.999326,-3.7993,3.5452,60.5677,1.5559,0
depth,43,depth_s43,ON_NEG,on/scene07/L7__s20260819__0006.png,scene07,V,D3b,18,D,3b,0.981667,-3.7993,3.5452,60.5677,1.5559,0
depth,43,depth_s43,ON_NEG,on/scene07/L7__s20260819__0006.png,scene07,V,E3b,19,E,3b,0.994719,-3.7993,3.5452,60.5677,1.5559,0
depth,43,depth_s43,ON_NEG,on/scene14/L0__s20260819__0001.png,scene14,H,A3a,10,A,3a,0.537732,-8.9998,1.6524,61.4065,7.036,0
depth,43,depth_s43,ON_NEG,on/scene14/L0__s20260819__0007.png,scene14,H,A2,5,A,2,0.616602,-8.8174,0.2988,62.6318,4.9665,0
depth,43,depth_s43,ON_NEG,on/scene14/L0__s20260819__0007.png,scene14,H,B2,6,B,2,0.995536,-8.8174,0.2988,62.6318,4.9665,0
depth,43,depth_s43,ON_NEG,on/scene14/L0__s20260819__0007.png,scene14,H,C2,7,C,2,0.983213,-8.8174,0.2988,62.6318,4.9665,0
depth,43,depth_s43,ON_NEG,on/scene14/L0__s20260819__0007.png,scene14,H,D2,8,D,2,0.97084,-8.8174,0.2988,62.6318,4.9665,0
depth,43,depth_s43,ON_NEG,on/scene14/L5__s20260819__0001.png,scene14,H,A3a,10,A,3a,0.537732,-8.9998,1.6524,61.4065,7.036,0
depth,43,depth_s43,ON_NEG,on/scene14/L5__s20260819__0007.png,scene14,H,A2,5,A,2,0.616602,-8.8174,0.2988,62.6318,4.9665,0
depth,43,depth_s43,ON_NEG,on/scene14/L5__s20260819__0007.png,scene14,H,B2,6,B,2,0.995536,-8.8174,0.2988,62.6318,4.9665,0
depth,43,depth_s43,ON_NEG,on/scene14/L5__s20260819__0007.png,scene14,H,C2,7,C,2,0.983213,-8.8174,0.2988,62.6318,4.9665,0
depth,43,depth_s43,ON_NEG,on/scene14/L5__s20260819__0007.png,scene14,H,D2,8,D,2,0.97084,-8.8174,0.2988,62.6318,4.9665,0
depth,43,depth_s43,ON_NEG,on/scene14/L7__s20260819__0001.png,scene14,H,A3a,10,A,3a,0.537732,-8.9998,1.6524,61.4065,7.036,0
depth,43,depth_s43,ON_NEG,on/scene14/L7__s20260819__0007.png,scene14,H,A2,5,A,2,0.616602,-8.8174,0.2988,62.6318,4.9665,0
depth,43,depth_s43,ON_NEG,on/scene14/L7__s20260819__0007.png,scene14,H,B2,6,B,2,0.995536,-8.8174,0.2988,62.6318,4.9665,0
depth,43,depth_s43,ON_NEG,on/scene14/L7__s20260819__0007.png,scene14,H,C2,7,C,2,0.983213,-8.8174,0.2988,62.6318,4.9665,0
depth,43,depth_s43,ON_NEG,on/scene14/L7__s20260819__0007.png,scene14,H,D2,8,D,2,0.97084,-8.8174,0.2988,62.6318,4.9665,0
depth,43,depth_s43,ON_NEG,on/scene15/L0__s20260819__0001.png,scene15,V,A2,5,A,2,0.961153,-7.5218,-9.2458,61.8359,1.858,0
depth,43,depth_s43,ON_NEG,on/scene15/L0__s20260819__0001.png,scene15,V,D2,8,D,2,0.986694,-7.5218,-9.2458,61.8359,1.858,0
depth,43,depth_s43,ON_NEG,on/scene15/L0__s20260819__0001.png,scene15,V,E2,9,E,2,0.887746,-7.5218,-9.2458,61.8359,1.858,0
depth,43,depth_s43,ON_NEG,on/scene15/L0__s20260819__0001.png,scene15,V,A3a,10,A,3a,0.73221,-7.5218,-9.2458,61.8359,1.858,0
depth,43,depth_s43,ON_NEG,on/scene15/L0__s20260819__0001.png,scene15,V,D3a,13,D,3a,0.988341,-7.5218,-9.2458,61.8359,1.858,0
depth,43,depth_s43,ON_NEG,on/scene15/L0__s20260819__0001.png,scene15,V,E3a,14,E,3a,0.640207,-7.5218,-9.2458,61.8359,1.858,0
depth,43,depth_s43,ON_NEG,on/scene15/L0__s20260819__0001.png,scene15,V,D3b,18,D,3b,0.962488,-7.5218,-9.2458,61.8359,1.858,0
depth,43,depth_s43,ON_NEG,on/scene15/L0__s20260819__0001.png,scene15,V,E3b,19,E,3b,0.716637,-7.5218,-9.2458,61.8359,1.858,0
depth,43,depth_s43,ON_NEG,on/scene15/L0__s20260819__0002.png,scene15,V,B2,6,B,2,0.667112,-8.4908,3.1991,65.8023,4.6673,0
depth,43,depth_s43,ON_NEG,on/scene15/L0__s20260819__0002.png,scene15,V,C2,7,C,2,0.827808,-8.4908,3.1991,65.8023,4.6673,0
depth,43,depth_s43,ON_NEG,on/scene15/L0__s20260819__0002.png,scene15,V,D2,8,D,2,0.685567,-8.4908,3.1991,65.8023,4.6673,0
depth,43,depth_s43,ON_NEG,on/scene15/L0__s20260819__0002.png,scene15,V,E2,9,E,2,0.782293,-8.4908,3.1991,65.8023,4.6673,0
depth,43,depth_s43,ON_NEG,on/scene15/L0__s20260819__0002.png,scene15,V,B3a,11,B,3a,0.930769,-8.4908,3.1991,65.8023,4.6673,0
depth,43,depth_s43,ON_NEG,on/scene15/L0__s20260819__0002.png,scene15,V,E3a,14,E,3a,0.528953,-8.4908,3.1991,65.8023,4.6673,0
depth,43,depth_s43,ON_NEG,on/scene15/L0__s20260819__0003.png,scene15,V,A2,5,A,2,0.941766,-13.9162,-3.4361,63.7846,1.3693,0
depth,43,depth_s43,ON_NEG,on/scene15/L0__s20260819__0003.png,scene15,V,E2,9,E,2,0.991772,-13.9162,-3.4361,63.7846,1.3693,0
depth,43,depth_s43,ON_NEG,on/scene15/L0__s20260819__0003.png,scene15,V,D3a,13,D,3a,0.972354,-13.9162,-3.4361,63.7846,1.3693,0
depth,43,depth_s43,ON_NEG,on/scene15/L0__s20260819__0003.png,scene15,V,E3a,14,E,3a,0.648328,-13.9162,-3.4361,63.7846,1.3693,0
depth,43,depth_s43,ON_NEG,on/scene15/L0__s20260819__0003.png,scene15,V,D3b,18,D,3b,0.516219,-13.9162,-3.4361,63.7846,1.3693,0
depth,43,depth_s43,ON_NEG,on/scene15/L0__s20260819__0004.png,scene15,V,B2,6,B,2,0.814853,-11.0394,5.5473,63.0915,5.5065,0
depth,43,depth_s43,ON_NEG,on/scene15/L0__s20260819__0004.png,scene15,V,C2,7,C,2,0.905615,-11.0394,5.5473,63.0915,5.5065,0
depth,43,depth_s43,ON_NEG,on/scene15/L0__s20260819__0004.png,scene15,V,D2,8,D,2,0.856928,-11.0394,5.5473,63.0915,5.5065,0
depth,43,depth_s43,ON_NEG,on/scene15/L0__s20260819__0004.png,scene15,V,E2,9,E,2,0.902822,-11.0394,5.5473,63.0915,5.5065,0
depth,43,depth_s43,ON_NEG,on/scene15/L0__s20260819__0004.png,scene15,V,B3a,11,B,3a,0.709125,-11.0394,5.5473,63.0915,5.5065,0
depth,43,depth_s43,ON_NEG,on/scene15/L0__s20260819__0005.png,scene15,V,A2,5,A,2,0.71169,-12.9205,6.4099,63.9932,3.0224,0
depth,43,depth_s43,ON_NEG,on/scene15/L0__s20260819__0005.png,scene15,V,B2,6,B,2,0.949259,-12.9205,6.4099,63.9932,3.0224,0
depth,43,depth_s43,ON_NEG,on/scene15/L0__s20260819__0005.png,scene15,V,E2,9,E,2,0.921805,-12.9205,6.4099,63.9932,3.0224,0
depth,43,depth_s43,ON_NEG,on/scene15/L0__s20260819__0005.png,scene15,V,A3a,10,A,3a,0.522608,-12.9205,6.4099,63.9932,3.0224,0
depth,43,depth_s43,ON_NEG,on/scene15/L0__s20260819__0005.png,scene15,V,B3a,11,B,3a,0.912576,-12.9205,6.4099,63.9932,3.0224,0
depth,43,depth_s43,ON_NEG,on/scene15/L0__s20260819__0005.png,scene15,V,E3a,14,E,3a,0.598403,-12.9205,6.4099,63.9932,3.0224,0
depth,43,depth_s43,ON_NEG,on/scene15/L0__s20260819__0005.png,scene15,V,A3b,15,A,3b,0.623634,-12.9205,6.4099,63.9932,3.0224,0
depth,43,depth_s43,ON_NEG,on/scene15/L0__s20260819__0005.png,scene15,V,B3b,16,B,3b,0.730025,-12.9205,6.4099,63.9932,3.0224,0
depth,43,depth_s43,ON_NEG,on/scene15/L0__s20260819__0005.png,scene15,V,E3b,19,E,3b,0.660045,-12.9205,6.4099,63.9932,3.0224,0
depth,43,depth_s43,ON_NEG,on/scene15/L0__s20260819__0006.png,scene15,V,C2,7,C,2,0.992074,-9.1914,-18.2162,60.3765,2.2421,0
depth,43,depth_s43,ON_NEG,on/scene15/L0__s20260819__0006.png,scene15,V,D2,8,D,2,0.938802,-9.1914,-18.2162,60.3765,2.2421,0
depth,43,depth_s43,ON_NEG,on/scene15/L0__s20260819__0006.png,scene15,V,E2,9,E,2,0.858078,-9.1914,-18.2162,60.3765,2.2421,0
depth,43,depth_s43,ON_NEG,on/scene15/L0__s20260819__0006.png,scene15,V,C3a,12,C,3a,0.870116,-9.1914,-18.2162,60.3765,2.2421,0
depth,43,depth_s43,ON_NEG,on/scene15/L0__s20260819__0006.png,scene15,V,D3a,13,D,3a,0.95625,-9.1914,-18.2162,60.3765,2.2421,0
depth,43,depth_s43,ON_NEG,on/scene15/L0__s20260819__0006.png,scene15,V,E3a,14,E,3a,0.680998,-9.1914,-18.2162,60.3765,2.2421,0
depth,43,depth_s43,ON_NEG,on/scene15/L0__s20260819__0006.png,scene15,V,C3b,17,C,3b,0.815098,-9.1914,-18.2162,60.3765,2.2421,0
depth,43,depth_s43,ON_NEG,on/scene15/L0__s20260819__0006.png,scene15,V,D3b,18,D,3b,0.911592,-9.1914,-18.2162,60.3765,2.2421,0
depth,43,depth_s43,ON_NEG,on/scene15/L0__s20260819__0007.png,scene15,V,B2,6,B,2,0.720572,-15.2404,1.5985,63.4015,5.1525,0
depth,43,depth_s43,ON_NEG,on/scene15/L0__s20260819__0007.png,scene15,V,C2,7,C,2,0.846757,-15.2404,1.5985,63.4015,5.1525,0
depth,43,depth_s43,ON_NEG,on/scene15/L0__s20260819__0007.png,scene15,V,D2,8,D,2,0.773247,-15.2404,1.5985,63.4015,5.1525,0
depth,43,depth_s43,ON_NEG,on/scene15/L0__s20260819__0007.png,scene15,V,E2,9,E,2,0.806494,-15.2404,1.5985,63.4015,5.1525,0
depth,43,depth_s43,ON_NEG,on/scene15/L0__s20260819__0007.png,scene15,V,B3a,11,B,3a,0.765125,-15.2404,1.5985,63.4015,5.1525,0
depth,43,depth_s43,ON_NEG,on/scene15/L0__s20260819__0007.png,scene15,V,D3a,13,D,3a,0.878716,-15.2404,1.5985,63.4015,5.1525,0
depth,43,depth_s43,ON_NEG,on/scene15/L0__s20260819__0007.png,scene15,V,D3b,18,D,3b,0.589058,-15.2404,1.5985,63.4015,5.1525,0
depth,43,depth_s43,ON_NEG,on/scene15/L4__s20260819__0001.png,scene15,V,A2,5,A,2,0.961153,-7.5218,-9.2458,61.8359,1.858,0
depth,43,depth_s43,ON_NEG,on/scene15/L4__s20260819__0001.png,scene15,V,D2,8,D,2,0.986694,-7.5218,-9.2458,61.8359,1.858,0
depth,43,depth_s43,ON_NEG,on/scene15/L4__s20260819__0001.png,scene15,V,E2,9,E,2,0.887746,-7.5218,-9.2458,61.8359,1.858,0
depth,43,depth_s43,ON_NEG,on/scene15/L4__s20260819__0001.png,scene15,V,A3a,10,A,3a,0.73221,-7.5218,-9.2458,61.8359,1.858,0
depth,43,depth_s43,ON_NEG,on/scene15/L4__s20260819__0001.png,scene15,V,D3a,13,D,3a,0.988341,-7.5218,-9.2458,61.8359,1.858,0
depth,43,depth_s43,ON_NEG,on/scene15/L4__s20260819__0001.png,scene15,V,E3a,14,E,3a,0.640207,-7.5218,-9.2458,61.8359,1.858,0
depth,43,depth_s43,ON_NEG,on/scene15/L4__s20260819__0001.png,scene15,V,D3b,18,D,3b,0.962488,-7.5218,-9.2458,61.8359,1.858,0
depth,43,depth_s43,ON_NEG,on/scene15/L4__s20260819__0001.png,scene15,V,E3b,19,E,3b,0.716637,-7.5218,-9.2458,61.8359,1.858,0
depth,43,depth_s43,ON_NEG,on/scene15/L4__s20260819__0002.png,scene15,V,B2,6,B,2,0.667112,-8.4908,3.1991,65.8023,4.6673,0
depth,43,depth_s43,ON_NEG,on/scene15/L4__s20260819__0002.png,scene15,V,C2,7,C,2,0.827808,-8.4908,3.1991,65.8023,4.6673,0
depth,43,depth_s43,ON_NEG,on/scene15/L4__s20260819__0002.png,scene15,V,D2,8,D,2,0.685567,-8.4908,3.1991,65.8023,4.6673,0
depth,43,depth_s43,ON_NEG,on/scene15/L4__s20260819__0002.png,scene15,V,E2,9,E,2,0.782293,-8.4908,3.1991,65.8023,4.6673,0
depth,43,depth_s43,ON_NEG,on/scene15/L4__s20260819__0002.png,scene15,V,B3a,11,B,3a,0.930769,-8.4908,3.1991,65.8023,4.6673,0
depth,43,depth_s43,ON_NEG,on/scene15/L4__s20260819__0002.png,scene15,V,E3a,14,E,3a,0.528953,-8.4908,3.1991,65.8023,4.6673,0
depth,43,depth_s43,ON_NEG,on/scene15/L4__s20260819__0003.png,scene15,V,A2,5,A,2,0.941766,-13.9162,-3.4361,63.7846,1.3693,0
depth,43,depth_s43,ON_NEG,on/scene15/L4__s20260819__0003.png,scene15,V,E2,9,E,2,0.991772,-13.9162,-3.4361,63.7846,1.3693,0
depth,43,depth_s43,ON_NEG,on/scene15/L4__s20260819__0003.png,scene15,V,D3a,13,D,3a,0.972354,-13.9162,-3.4361,63.7846,1.3693,0
depth,43,depth_s43,ON_NEG,on/scene15/L4__s20260819__0003.png,scene15,V,E3a,14,E,3a,0.648328,-13.9162,-3.4361,63.7846,1.3693,0
depth,43,depth_s43,ON_NEG,on/scene15/L4__s20260819__0003.png,scene15,V,D3b,18,D,3b,0.516219,-13.9162,-3.4361,63.7846,1.3693,0
depth,43,depth_s43,ON_NEG,on/scene15/L4__s20260819__0004.png,scene15,V,B2,6,B,2,0.814853,-11.0394,5.5473,63.0915,5.5065,0
depth,43,depth_s43,ON_NEG,on/scene15/L4__s20260819__0004.png,scene15,V,C2,7,C,2,0.905615,-11.0394,5.5473,63.0915,5.5065,0
depth,43,depth_s43,ON_NEG,on/scene15/L4__s20260819__0004.png,scene15,V,D2,8,D,2,0.856928,-11.0394,5.5473,63.0915,5.5065,0
depth,43,depth_s43,ON_NEG,on/scene15/L4__s20260819__0004.png,scene15,V,E2,9,E,2,0.902822,-11.0394,5.5473,63.0915,5.5065,0
depth,43,depth_s43,ON_NEG,on/scene15/L4__s20260819__0004.png,scene15,V,B3a,11,B,3a,0.709125,-11.0394,5.5473,63.0915,5.5065,0
depth,43,depth_s43,ON_NEG,on/scene15/L4__s20260819__0005.png,scene15,V,A2,5,A,2,0.71169,-12.9205,6.4099,63.9932,3.0224,0
depth,43,depth_s43,ON_NEG,on/scene15/L4__s20260819__0005.png,scene15,V,B2,6,B,2,0.949259,-12.9205,6.4099,63.9932,3.0224,0
depth,43,depth_s43,ON_NEG,on/scene15/L4__s20260819__0005.png,scene15,V,E2,9,E,2,0.921805,-12.9205,6.4099,63.9932,3.0224,0
depth,43,depth_s43,ON_NEG,on/scene15/L4__s20260819__0005.png,scene15,V,A3a,10,A,3a,0.522608,-12.9205,6.4099,63.9932,3.0224,0
depth,43,depth_s43,ON_NEG,on/scene15/L4__s20260819__0005.png,scene15,V,B3a,11,B,3a,0.912576,-12.9205,6.4099,63.9932,3.0224,0
depth,43,depth_s43,ON_NEG,on/scene15/L4__s20260819__0005.png,scene15,V,E3a,14,E,3a,0.598403,-12.9205,6.4099,63.9932,3.0224,0
depth,43,depth_s43,ON_NEG,on/scene15/L4__s20260819__0005.png,scene15,V,A3b,15,A,3b,0.623634,-12.9205,6.4099,63.9932,3.0224,0
depth,43,depth_s43,ON_NEG,on/scene15/L4__s20260819__0005.png,scene15,V,B3b,16,B,3b,0.730025,-12.9205,6.4099,63.9932,3.0224,0
depth,43,depth_s43,ON_NEG,on/scene15/L4__s20260819__0005.png,scene15,V,E3b,19,E,3b,0.660045,-12.9205,6.4099,63.9932,3.0224,0
depth,43,depth_s43,ON_NEG,on/scene15/L4__s20260819__0006.png,scene15,V,C2,7,C,2,0.992074,-9.1914,-18.2162,60.3765,2.2421,0
depth,43,depth_s43,ON_NEG,on/scene15/L4__s20260819__0006.png,scene15,V,D2,8,D,2,0.938802,-9.1914,-18.2162,60.3765,2.2421,0
depth,43,depth_s43,ON_NEG,on/scene15/L4__s20260819__0006.png,scene15,V,E2,9,E,2,0.858078,-9.1914,-18.2162,60.3765,2.2421,0
depth,43,depth_s43,ON_NEG,on/scene15/L4__s20260819__0006.png,scene15,V,C3a,12,C,3a,0.870116,-9.1914,-18.2162,60.3765,2.2421,0
depth,43,depth_s43,ON_NEG,on/scene15/L4__s20260819__0006.png,scene15,V,D3a,13,D,3a,0.95625,-9.1914,-18.2162,60.3765,2.2421,0
depth,43,depth_s43,ON_NEG,on/scene15/L4__s20260819__0006.png,scene15,V,E3a,14,E,3a,0.680998,-9.1914,-18.2162,60.3765,2.2421,0
depth,43,depth_s43,ON_NEG,on/scene15/L4__s20260819__0006.png,scene15,V,C3b,17,C,3b,0.815098,-9.1914,-18.2162,60.3765,2.2421,0
depth,43,depth_s43,ON_NEG,on/scene15/L4__s20260819__0006.png,scene15,V,D3b,18,D,3b,0.911592,-9.1914,-18.2162,60.3765,2.2421,0
depth,43,depth_s43,ON_NEG,on/scene15/L4__s20260819__0007.png,scene15,V,B2,6,B,2,0.720572,-15.2404,1.5985,63.4015,5.1525,0
depth,43,depth_s43,ON_NEG,on/scene15/L4__s20260819__0007.png,scene15,V,C2,7,C,2,0.846757,-15.2404,1.5985,63.4015,5.1525,0
depth,43,depth_s43,ON_NEG,on/scene15/L4__s20260819__0007.png,scene15,V,D2,8,D,2,0.773247,-15.2404,1.5985,63.4015,5.1525,0
depth,43,depth_s43,ON_NEG,on/scene15/L4__s20260819__0007.png,scene15,V,E2,9,E,2,0.806494,-15.2404,1.5985,63.4015,5.1525,0
depth,43,depth_s43,ON_NEG,on/scene15/L4__s20260819__0007.png,scene15,V,B3a,11,B,3a,0.765125,-15.2404,1.5985,63.4015,5.1525,0
depth,43,depth_s43,ON_NEG,on/scene15/L4__s20260819__0007.png,scene15,V,D3a,13,D,3a,0.878716,-15.2404,1.5985,63.4015,5.1525,0
depth,43,depth_s43,ON_NEG,on/scene15/L4__s20260819__0007.png,scene15,V,D3b,18,D,3b,0.589058,-15.2404,1.5985,63.4015,5.1525,0
depth,43,depth_s43,ON_NEG,on/scene15/L7__s20260819__0001.png,scene15,V,A2,5,A,2,0.961153,-7.5218,-9.2458,61.8359,1.858,0
depth,43,depth_s43,ON_NEG,on/scene15/L7__s20260819__0001.png,scene15,V,D2,8,D,2,0.986694,-7.5218,-9.2458,61.8359,1.858,0
depth,43,depth_s43,ON_NEG,on/scene15/L7__s20260819__0001.png,scene15,V,E2,9,E,2,0.887746,-7.5218,-9.2458,61.8359,1.858,0
depth,43,depth_s43,ON_NEG,on/scene15/L7__s20260819__0001.png,scene15,V,A3a,10,A,3a,0.73221,-7.5218,-9.2458,61.8359,1.858,0
depth,43,depth_s43,ON_NEG,on/scene15/L7__s20260819__0001.png,scene15,V,D3a,13,D,3a,0.988341,-7.5218,-9.2458,61.8359,1.858,0
depth,43,depth_s43,ON_NEG,on/scene15/L7__s20260819__0001.png,scene15,V,E3a,14,E,3a,0.640207,-7.5218,-9.2458,61.8359,1.858,0
depth,43,depth_s43,ON_NEG,on/scene15/L7__s20260819__0001.png,scene15,V,D3b,18,D,3b,0.962488,-7.5218,-9.2458,61.8359,1.858,0
depth,43,depth_s43,ON_NEG,on/scene15/L7__s20260819__0001.png,scene15,V,E3b,19,E,3b,0.716637,-7.5218,-9.2458,61.8359,1.858,0
depth,43,depth_s43,ON_NEG,on/scene15/L7__s20260819__0002.png,scene15,V,B2,6,B,2,0.667112,-8.4908,3.1991,65.8023,4.6673,0
depth,43,depth_s43,ON_NEG,on/scene15/L7__s20260819__0002.png,scene15,V,C2,7,C,2,0.827808,-8.4908,3.1991,65.8023,4.6673,0
depth,43,depth_s43,ON_NEG,on/scene15/L7__s20260819__0002.png,scene15,V,D2,8,D,2,0.685567,-8.4908,3.1991,65.8023,4.6673,0
depth,43,depth_s43,ON_NEG,on/scene15/L7__s20260819__0002.png,scene15,V,E2,9,E,2,0.782293,-8.4908,3.1991,65.8023,4.6673,0
depth,43,depth_s43,ON_NEG,on/scene15/L7__s20260819__0002.png,scene15,V,B3a,11,B,3a,0.930769,-8.4908,3.1991,65.8023,4.6673,0
depth,43,depth_s43,ON_NEG,on/scene15/L7__s20260819__0002.png,scene15,V,E3a,14,E,3a,0.528953,-8.4908,3.1991,65.8023,4.6673,0
depth,43,depth_s43,ON_NEG,on/scene15/L7__s20260819__0003.png,scene15,V,A2,5,A,2,0.941766,-13.9162,-3.4361,63.7846,1.3693,0
depth,43,depth_s43,ON_NEG,on/scene15/L7__s20260819__0003.png,scene15,V,E2,9,E,2,0.991772,-13.9162,-3.4361,63.7846,1.3693,0
depth,43,depth_s43,ON_NEG,on/scene15/L7__s20260819__0003.png,scene15,V,D3a,13,D,3a,0.972354,-13.9162,-3.4361,63.7846,1.3693,0
depth,43,depth_s43,ON_NEG,on/scene15/L7__s20260819__0003.png,scene15,V,E3a,14,E,3a,0.648328,-13.9162,-3.4361,63.7846,1.3693,0
depth,43,depth_s43,ON_NEG,on/scene15/L7__s20260819__0003.png,scene15,V,D3b,18,D,3b,0.516219,-13.9162,-3.4361,63.7846,1.3693,0
depth,43,depth_s43,ON_NEG,on/scene15/L7__s20260819__0004.png,scene15,V,B2,6,B,2,0.814853,-11.0394,5.5473,63.0915,5.5065,0
depth,43,depth_s43,ON_NEG,on/scene15/L7__s20260819__0004.png,scene15,V,C2,7,C,2,0.905615,-11.0394,5.5473,63.0915,5.5065,0
depth,43,depth_s43,ON_NEG,on/scene15/L7__s20260819__0004.png,scene15,V,D2,8,D,2,0.856928,-11.0394,5.5473,63.0915,5.5065,0
depth,43,depth_s43,ON_NEG,on/scene15/L7__s20260819__0004.png,scene15,V,E2,9,E,2,0.902822,-11.0394,5.5473,63.0915,5.5065,0
depth,43,depth_s43,ON_NEG,on/scene15/L7__s20260819__0004.png,scene15,V,B3a,11,B,3a,0.709125,-11.0394,5.5473,63.0915,5.5065,0
depth,43,depth_s43,ON_NEG,on/scene15/L7__s20260819__0005.png,scene15,V,A2,5,A,2,0.71169,-12.9205,6.4099,63.9932,3.0224,0
depth,43,depth_s43,ON_NEG,on/scene15/L7__s20260819__0005.png,scene15,V,B2,6,B,2,0.949259,-12.9205,6.4099,63.9932,3.0224,0
depth,43,depth_s43,ON_NEG,on/scene15/L7__s20260819__0005.png,scene15,V,E2,9,E,2,0.921805,-12.9205,6.4099,63.9932,3.0224,0
depth,43,depth_s43,ON_NEG,on/scene15/L7__s20260819__0005.png,scene15,V,A3a,10,A,3a,0.522608,-12.9205,6.4099,63.9932,3.0224,0
depth,43,depth_s43,ON_NEG,on/scene15/L7__s20260819__0005.png,scene15,V,B3a,11,B,3a,0.912576,-12.9205,6.4099,63.9932,3.0224,0
depth,43,depth_s43,ON_NEG,on/scene15/L7__s20260819__0005.png,scene15,V,E3a,14,E,3a,0.598403,-12.9205,6.4099,63.9932,3.0224,0
depth,43,depth_s43,ON_NEG,on/scene15/L7__s20260819__0005.png,scene15,V,A3b,15,A,3b,0.623634,-12.9205,6.4099,63.9932,3.0224,0
depth,43,depth_s43,ON_NEG,on/scene15/L7__s20260819__0005.png,scene15,V,B3b,16,B,3b,0.730025,-12.9205,6.4099,63.9932,3.0224,0
depth,43,depth_s43,ON_NEG,on/scene15/L7__s20260819__0005.png,scene15,V,E3b,19,E,3b,0.660045,-12.9205,6.4099,63.9932,3.0224,0
depth,43,depth_s43,ON_NEG,on/scene15/L7__s20260819__0006.png,scene15,V,C2,7,C,2,0.992074,-9.1914,-18.2162,60.3765,2.2421,0
depth,43,depth_s43,ON_NEG,on/scene15/L7__s20260819__0006.png,scene15,V,D2,8,D,2,0.938802,-9.1914,-18.2162,60.3765,2.2421,0
depth,43,depth_s43,ON_NEG,on/scene15/L7__s20260819__0006.png,scene15,V,E2,9,E,2,0.858078,-9.1914,-18.2162,60.3765,2.2421,0
depth,43,depth_s43,ON_NEG,on/scene15/L7__s20260819__0006.png,scene15,V,C3a,12,C,3a,0.870116,-9.1914,-18.2162,60.3765,2.2421,0
depth,43,depth_s43,ON_NEG,on/scene15/L7__s20260819__0006.png,scene15,V,D3a,13,D,3a,0.95625,-9.1914,-18.2162,60.3765,2.2421,0
depth,43,depth_s43,ON_NEG,on/scene15/L7__s20260819__0006.png,scene15,V,E3a,14,E,3a,0.680998,-9.1914,-18.2162,60.3765,2.2421,0
depth,43,depth_s43,ON_NEG,on/scene15/L7__s20260819__0006.png,scene15,V,C3b,17,C,3b,0.815098,-9.1914,-18.2162,60.3765,2.2421,0
depth,43,depth_s43,ON_NEG,on/scene15/L7__s20260819__0006.png,scene15,V,D3b,18,D,3b,0.911592,-9.1914,-18.2162,60.3765,2.2421,0
depth,43,depth_s43,ON_NEG,on/scene15/L7__s20260819__0007.png,scene15,V,B2,6,B,2,0.720572,-15.2404,1.5985,63.4015,5.1525,0
depth,43,depth_s43,ON_NEG,on/scene15/L7__s20260819__0007.png,scene15,V,C2,7,C,2,0.846757,-15.2404,1.5985,63.4015,5.1525,0
depth,43,depth_s43,ON_NEG,on/scene15/L7__s20260819__0007.png,scene15,V,D2,8,D,2,0.773247,-15.2404,1.5985,63.4015,5.1525,0
depth,43,depth_s43,ON_NEG,on/scene15/L7__s20260819__0007.png,scene15,V,E2,9,E,2,0.806494,-15.2404,1.5985,63.4015,5.1525,0
depth,43,depth_s43,ON_NEG,on/scene15/L7__s20260819__0007.png,scene15,V,B3a,11,B,3a,0.765125,-15.2404,1.5985,63.4015,5.1525,0
depth,43,depth_s43,ON_NEG,on/scene15/L7__s20260819__0007.png,scene15,V,D3a,13,D,3a,0.878716,-15.2404,1.5985,63.4015,5.1525,0
depth,43,depth_s43,ON_NEG,on/scene15/L7__s20260819__0007.png,scene15,V,D3b,18,D,3b,0.589058,-15.2404,1.5985,63.4015,5.1525,0
depth,43,depth_s43,ON_NEG,on/scene18/L0__s20260819__0006.png,scene18,E,C2,7,C,2,0.533266,-12.0517,-2.6405,64.1763,5.9593,0
depth,43,depth_s43,ON_NEG,on/scene18/L5__s20260819__0006.png,scene18,E,C2,7,C,2,0.533266,-12.0517,-2.6405,64.1763,5.9593,0
depth,43,depth_s43,ON_NEG,on/scene18/L7__s20260819__0006.png,scene18,E,C2,7,C,2,0.533266,-12.0517,-2.6405,64.1763,5.9593,0
depth,43,depth_s43,ON_NEG,on/sceneC2/L2__s20260819__0001.png,sceneC2,V,D3b,18,D,3b,0.844723,-13.4518,-13.0389,63.5306,6.8638,0
depth,43,depth_s43,ON_NEG,on/sceneC2/L2__s20260819__0001.png,sceneC2,V,E3b,19,E,3b,0.738586,-13.4518,-13.0389,63.5306,6.8638,0
depth,43,depth_s43,ON_NEG,on/sceneC2/L2__s20260819__0004.png,sceneC2,V,B1,1,B,1,0.763667,-13.5389,11.6475,61.7574,2.2154,0
depth,43,depth_s43,ON_NEG,on/sceneC2/L2__s20260819__0004.png,sceneC2,V,C1,2,C,1,0.923234,-13.5389,11.6475,61.7574,2.2154,0
depth,43,depth_s43,ON_NEG,on/sceneC2/L2__s20260819__0004.png,sceneC2,V,D1,3,D,1,0.934089,-13.5389,11.6475,61.7574,2.2154,0
depth,43,depth_s43,ON_NEG,on/sceneC2/L2__s20260819__0004.png,sceneC2,V,A2,5,A,2,0.998588,-13.5389,11.6475,61.7574,2.2154,0
depth,43,depth_s43,ON_NEG,on/sceneC2/L2__s20260819__0004.png,sceneC2,V,A3a,10,A,3a,0.998174,-13.5389,11.6475,61.7574,2.2154,0
depth,43,depth_s43,ON_NEG,on/sceneC2/L2__s20260819__0005.png,sceneC2,V,A2,5,A,2,0.720643,-13.9053,-4.7076,63.4803,4.5522,0
depth,43,depth_s43,ON_NEG,on/sceneC2/L2__s20260819__0005.png,sceneC2,V,B2,6,B,2,0.967747,-13.9053,-4.7076,63.4803,4.5522,0
depth,43,depth_s43,ON_NEG,on/sceneC2/L2__s20260819__0005.png,sceneC2,V,C2,7,C,2,0.988136,-13.9053,-4.7076,63.4803,4.5522,0
depth,43,depth_s43,ON_NEG,on/sceneC2/L2__s20260819__0005.png,sceneC2,V,D2,8,D,2,0.721446,-13.9053,-4.7076,63.4803,4.5522,0
depth,43,depth_s43,ON_NEG,on/sceneC2/L2__s20260819__0005.png,sceneC2,V,A3a,10,A,3a,0.944278,-13.9053,-4.7076,63.4803,4.5522,0
depth,43,depth_s43,ON_NEG,on/sceneC2/L2__s20260819__0006.png,sceneC2,V,C2,7,C,2,0.621312,-11.6055,-2.8331,61.0412,4.3157,0
depth,43,depth_s43,ON_NEG,on/sceneC2/L2__s20260819__0006.png,sceneC2,V,A3a,10,A,3a,0.945733,-11.6055,-2.8331,61.0412,4.3157,0
depth,43,depth_s43,ON_NEG,on/sceneC2/L3__s20260819__0001.png,sceneC2,V,D3b,18,D,3b,0.844723,-13.4518,-13.0389,63.5306,6.8638,0
depth,43,depth_s43,ON_NEG,on/sceneC2/L3__s20260819__0001.png,sceneC2,V,E3b,19,E,3b,0.738586,-13.4518,-13.0389,63.5306,6.8638,0
depth,43,depth_s43,ON_NEG,on/sceneC2/L3__s20260819__0004.png,sceneC2,V,B1,1,B,1,0.763667,-13.5389,11.6475,61.7574,2.2154,0
depth,43,depth_s43,ON_NEG,on/sceneC2/L3__s20260819__0004.png,sceneC2,V,C1,2,C,1,0.923234,-13.5389,11.6475,61.7574,2.2154,0
depth,43,depth_s43,ON_NEG,on/sceneC2/L3__s20260819__0004.png,sceneC2,V,D1,3,D,1,0.934089,-13.5389,11.6475,61.7574,2.2154,0
depth,43,depth_s43,ON_NEG,on/sceneC2/L3__s20260819__0004.png,sceneC2,V,A2,5,A,2,0.998588,-13.5389,11.6475,61.7574,2.2154,0
depth,43,depth_s43,ON_NEG,on/sceneC2/L3__s20260819__0004.png,sceneC2,V,A3a,10,A,3a,0.998174,-13.5389,11.6475,61.7574,2.2154,0
depth,43,depth_s43,ON_NEG,on/sceneC2/L3__s20260819__0005.png,sceneC2,V,A2,5,A,2,0.720643,-13.9053,-4.7076,63.4803,4.5522,0
depth,43,depth_s43,ON_NEG,on/sceneC2/L3__s20260819__0005.png,sceneC2,V,B2,6,B,2,0.967747,-13.9053,-4.7076,63.4803,4.5522,0
depth,43,depth_s43,ON_NEG,on/sceneC2/L3__s20260819__0005.png,sceneC2,V,C2,7,C,2,0.988136,-13.9053,-4.7076,63.4803,4.5522,0
depth,43,depth_s43,ON_NEG,on/sceneC2/L3__s20260819__0005.png,sceneC2,V,D2,8,D,2,0.721446,-13.9053,-4.7076,63.4803,4.5522,0
depth,43,depth_s43,ON_NEG,on/sceneC2/L3__s20260819__0005.png,sceneC2,V,A3a,10,A,3a,0.944278,-13.9053,-4.7076,63.4803,4.5522,0
depth,43,depth_s43,ON_NEG,on/sceneC2/L3__s20260819__0006.png,sceneC2,V,C2,7,C,2,0.621312,-11.6055,-2.8331,61.0412,4.3157,0
depth,43,depth_s43,ON_NEG,on/sceneC2/L3__s20260819__0006.png,sceneC2,V,A3a,10,A,3a,0.945733,-11.6055,-2.8331,61.0412,4.3157,0
depth,43,depth_s43,ON_NEG,on/sceneC2/L7__s20260819__0001.png,sceneC2,V,D3b,18,D,3b,0.844723,-13.4518,-13.0389,63.5306,6.8638,0
depth,43,depth_s43,ON_NEG,on/sceneC2/L7__s20260819__0001.png,sceneC2,V,E3b,19,E,3b,0.738586,-13.4518,-13.0389,63.5306,6.8638,0
depth,43,depth_s43,ON_NEG,on/sceneC2/L7__s20260819__0004.png,sceneC2,V,B1,1,B,1,0.763667,-13.5389,11.6475,61.7574,2.2154,0
depth,43,depth_s43,ON_NEG,on/sceneC2/L7__s20260819__0004.png,sceneC2,V,C1,2,C,1,0.923234,-13.5389,11.6475,61.7574,2.2154,0
depth,43,depth_s43,ON_NEG,on/sceneC2/L7__s20260819__0004.png,sceneC2,V,D1,3,D,1,0.934089,-13.5389,11.6475,61.7574,2.2154,0
depth,43,depth_s43,ON_NEG,on/sceneC2/L7__s20260819__0004.png,sceneC2,V,A2,5,A,2,0.998588,-13.5389,11.6475,61.7574,2.2154,0
depth,43,depth_s43,ON_NEG,on/sceneC2/L7__s20260819__0004.png,sceneC2,V,A3a,10,A,3a,0.998174,-13.5389,11.6475,61.7574,2.2154,0
depth,43,depth_s43,ON_NEG,on/sceneC2/L7__s20260819__0005.png,sceneC2,V,A2,5,A,2,0.720643,-13.9053,-4.7076,63.4803,4.5522,0
depth,43,depth_s43,ON_NEG,on/sceneC2/L7__s20260819__0005.png,sceneC2,V,B2,6,B,2,0.967747,-13.9053,-4.7076,63.4803,4.5522,0
depth,43,depth_s43,ON_NEG,on/sceneC2/L7__s20260819__0005.png,sceneC2,V,C2,7,C,2,0.988136,-13.9053,-4.7076,63.4803,4.5522,0
depth,43,depth_s43,ON_NEG,on/sceneC2/L7__s20260819__0005.png,sceneC2,V,D2,8,D,2,0.721446,-13.9053,-4.7076,63.4803,4.5522,0
depth,43,depth_s43,ON_NEG,on/sceneC2/L7__s20260819__0005.png,sceneC2,V,A3a,10,A,3a,0.944278,-13.9053,-4.7076,63.4803,4.5522,0
depth,43,depth_s43,ON_NEG,on/sceneC2/L7__s20260819__0006.png,sceneC2,V,C2,7,C,2,0.621312,-11.6055,-2.8331,61.0412,4.3157,0
depth,43,depth_s43,ON_NEG,on/sceneC2/L7__s20260819__0006.png,sceneC2,V,A3a,10,A,3a,0.945733,-11.6055,-2.8331,61.0412,4.3157,0
depth,43,depth_s43,ON_NEG,on/scene15/L0__s20260820__0002.png::boost_h,scene15,V,A2,5,A,2,0.502417,-8.6096,-4.0107,63.6728,6.6026,0
depth,43,depth_s43,ON_NEG,on/scene15/L0__s20260820__0002.png::boost_h,scene15,V,B2,6,B,2,0.777664,-8.6096,-4.0107,63.6728,6.6026,0
depth,43,depth_s43,ON_NEG,on/scene15/L0__s20260820__0002.png::boost_h,scene15,V,C2,7,C,2,0.872782,-8.6096,-4.0107,63.6728,6.6026,0
depth,43,depth_s43,ON_NEG,on/scene15/L0__s20260820__0002.png::boost_h,scene15,V,D2,8,D,2,0.743689,-8.6096,-4.0107,63.6728,6.6026,0
depth,43,depth_s43,ON_NEG,on/scene15/L0__s20260820__0002.png::boost_h,scene15,V,E2,9,E,2,0.86009,-8.6096,-4.0107,63.6728,6.6026,0
depth,43,depth_s43,ON_NEG,on/scene15/L0__s20260820__0002.png::boost_h,scene15,V,D3a,13,D,3a,0.721638,-8.6096,-4.0107,63.6728,6.6026,0
depth,43,depth_s43,ON_NEG,on/scene15/L0__s20260820__0002.png::boost_h,scene15,V,D3b,18,D,3b,0.706487,-8.6096,-4.0107,63.6728,6.6026,0
depth,43,depth_s43,ON_NEG,on/scene15/L0__s20260820__0003.png::boost_h,scene15,H,C2,7,C,2,0.505979,-11.0902,-4.9586,63.1815,7.5147,0
depth,43,depth_s43,ON_NEG,on/scene15/L0__s20260820__0006.png::boost_h,scene15,H,E2,9,E,2,0.684283,-5.1828,6.8137,59.5209,6.9519,0
depth,43,depth_s43,ON_NEG,on/scene15/L4__s20260820__0002.png::boost_h,scene15,V,A2,5,A,2,0.502417,-8.6096,-4.0107,63.6728,6.6026,0
depth,43,depth_s43,ON_NEG,on/scene15/L4__s20260820__0002.png::boost_h,scene15,V,B2,6,B,2,0.777664,-8.6096,-4.0107,63.6728,6.6026,0
depth,43,depth_s43,ON_NEG,on/scene15/L4__s20260820__0002.png::boost_h,scene15,V,C2,7,C,2,0.872782,-8.6096,-4.0107,63.6728,6.6026,0
depth,43,depth_s43,ON_NEG,on/scene15/L4__s20260820__0002.png::boost_h,scene15,V,D2,8,D,2,0.743689,-8.6096,-4.0107,63.6728,6.6026,0
depth,43,depth_s43,ON_NEG,on/scene15/L4__s20260820__0002.png::boost_h,scene15,V,E2,9,E,2,0.86009,-8.6096,-4.0107,63.6728,6.6026,0
depth,43,depth_s43,ON_NEG,on/scene15/L4__s20260820__0002.png::boost_h,scene15,V,D3a,13,D,3a,0.721638,-8.6096,-4.0107,63.6728,6.6026,0
depth,43,depth_s43,ON_NEG,on/scene15/L4__s20260820__0002.png::boost_h,scene15,V,D3b,18,D,3b,0.706487,-8.6096,-4.0107,63.6728,6.6026,0
depth,43,depth_s43,ON_NEG,on/scene15/L4__s20260820__0003.png::boost_h,scene15,H,C2,7,C,2,0.505979,-11.0902,-4.9586,63.1815,7.5147,0
depth,43,depth_s43,ON_NEG,on/scene15/L4__s20260820__0006.png::boost_h,scene15,H,E2,9,E,2,0.684283,-5.1828,6.8137,59.5209,6.9519,0
depth,43,depth_s43,ON_NEG,on/scene15/L7__s20260820__0002.png::boost_h,scene15,V,A2,5,A,2,0.502417,-8.6096,-4.0107,63.6728,6.6026,0
depth,43,depth_s43,ON_NEG,on/scene15/L7__s20260820__0002.png::boost_h,scene15,V,B2,6,B,2,0.777664,-8.6096,-4.0107,63.6728,6.6026,0
depth,43,depth_s43,ON_NEG,on/scene15/L7__s20260820__0002.png::boost_h,scene15,V,C2,7,C,2,0.872782,-8.6096,-4.0107,63.6728,6.6026,0
depth,43,depth_s43,ON_NEG,on/scene15/L7__s20260820__0002.png::boost_h,scene15,V,D2,8,D,2,0.743689,-8.6096,-4.0107,63.6728,6.6026,0
depth,43,depth_s43,ON_NEG,on/scene15/L7__s20260820__0002.png::boost_h,scene15,V,E2,9,E,2,0.86009,-8.6096,-4.0107,63.6728,6.6026,0
depth,43,depth_s43,ON_NEG,on/scene15/L7__s20260820__0002.png::boost_h,scene15,V,D3a,13,D,3a,0.721638,-8.6096,-4.0107,63.6728,6.6026,0
depth,43,depth_s43,ON_NEG,on/scene15/L7__s20260820__0002.png::boost_h,scene15,V,D3b,18,D,3b,0.706487,-8.6096,-4.0107,63.6728,6.6026,0
depth,43,depth_s43,ON_NEG,on/scene15/L7__s20260820__0003.png::boost_h,scene15,H,C2,7,C,2,0.505979,-11.0902,-4.9586,63.1815,7.5147,0
depth,43,depth_s43,ON_NEG,on/scene15/L7__s20260820__0006.png::boost_h,scene15,H,E2,9,E,2,0.684283,-5.1828,6.8137,59.5209,6.9519,0
depth,43,depth_s43,ON_NEG,on/scene05/L0__s20260820__0001.png::boost_e,scene05,V,B3a,11,B,3a,0.638261,-5.7189,0.3564,61.8831,9.8857,0
depth,43,depth_s43,ON_NEG,on/scene05/L0__s20260820__0002.png::boost_e,scene05,V,E3a,14,E,3a,0.871518,-5.4996,-9.2457,63.6695,7.7708,0
depth,43,depth_s43,ON_NEG,on/scene05/L0__s20260820__0003.png::boost_e,scene05,V,A2,5,A,2,0.545078,-7.8027,0.1237,61.0834,6.3099,0
depth,43,depth_s43,ON_NEG,on/scene05/L0__s20260820__0003.png::boost_e,scene05,V,E2,9,E,2,0.934604,-7.8027,0.1237,61.0834,6.3099,0
depth,43,depth_s43,ON_NEG,on/scene05/L5__s20260820__0001.png::boost_e,scene05,V,B3a,11,B,3a,0.638261,-5.7189,0.3564,61.8831,9.8857,0
depth,43,depth_s43,ON_NEG,on/scene05/L5__s20260820__0002.png::boost_e,scene05,V,E3a,14,E,3a,0.871518,-5.4996,-9.2457,63.6695,7.7708,0
depth,43,depth_s43,ON_NEG,on/scene05/L5__s20260820__0003.png::boost_e,scene05,V,A2,5,A,2,0.545078,-7.8027,0.1237,61.0834,6.3099,0
depth,43,depth_s43,ON_NEG,on/scene05/L5__s20260820__0003.png::boost_e,scene05,V,E2,9,E,2,0.934604,-7.8027,0.1237,61.0834,6.3099,0
depth,43,depth_s43,ON_NEG,on/scene05/L7__s20260820__0001.png::boost_e,scene05,V,B3a,11,B,3a,0.638261,-5.7189,0.3564,61.8831,9.8857,0
depth,43,depth_s43,ON_NEG,on/scene05/L7__s20260820__0002.png::boost_e,scene05,V,E3a,14,E,3a,0.871518,-5.4996,-9.2457,63.6695,7.7708,0
depth,43,depth_s43,ON_NEG,on/scene05/L7__s20260820__0003.png::boost_e,scene05,V,A2,5,A,2,0.545078,-7.8027,0.1237,61.0834,6.3099,0
depth,43,depth_s43,ON_NEG,on/scene05/L7__s20260820__0003.png::boost_e,scene05,V,E2,9,E,2,0.934604,-7.8027,0.1237,61.0834,6.3099,0
depth,43,depth_s43,ON_NEG,on/scene07/L0__s20260820__0001.png::boost_e,scene07,V,E1,4,E,1,0.62204,-8.7737,-1.6736,63.801,8.4933,0
depth,43,depth_s43,ON_NEG,on/scene07/L0__s20260820__0001.png::boost_e,scene07,V,C2,7,C,2,0.578982,-8.7737,-1.6736,63.801,8.4933,0
depth,43,depth_s43,ON_NEG,on/scene07/L0__s20260820__0002.png::boost_e,scene07,V,E2,9,E,2,0.505422,-11.7844,-0.5026,59.071,6.034,0
depth,43,depth_s43,ON_NEG,on/scene07/L0__s20260820__0003.png::boost_e,scene07,V,E3b,19,E,3b,0.515119,-10.8121,7.6338,61.1751,9.743,0
depth,43,depth_s43,ON_NEG,on/scene07/L0__s20260820__0005.png::boost_e,scene07,V,A2,5,A,2,0.578042,-13.5151,3.1873,60.3528,6.7166,0
depth,43,depth_s43,ON_NEG,on/scene07/L0__s20260820__0005.png::boost_e,scene07,V,B2,6,B,2,0.706526,-13.5151,3.1873,60.3528,6.7166,0
depth,43,depth_s43,ON_NEG,on/scene07/L0__s20260820__0005.png::boost_e,scene07,V,C2,7,C,2,0.819621,-13.5151,3.1873,60.3528,6.7166,0
depth,43,depth_s43,ON_NEG,on/scene07/L0__s20260820__0005.png::boost_e,scene07,V,D2,8,D,2,0.773831,-13.5151,3.1873,60.3528,6.7166,0
depth,43,depth_s43,ON_NEG,on/scene07/L0__s20260820__0005.png::boost_e,scene07,V,E2,9,E,2,0.935498,-13.5151,3.1873,60.3528,6.7166,0
depth,43,depth_s43,ON_NEG,on/scene07/L0__s20260820__0005.png::boost_e,scene07,V,C3a,12,C,3a,0.850115,-13.5151,3.1873,60.3528,6.7166,0
depth,43,depth_s43,ON_NEG,on/scene07/L0__s20260820__0005.png::boost_e,scene07,V,D3a,13,D,3a,0.922966,-13.5151,3.1873,60.3528,6.7166,0
depth,43,depth_s43,ON_NEG,on/scene07/L0__s20260820__0005.png::boost_e,scene07,V,D3b,18,D,3b,0.510899,-13.5151,3.1873,60.3528,6.7166,0
depth,43,depth_s43,ON_NEG,on/scene07/L5__s20260820__0001.png::boost_e,scene07,V,E1,4,E,1,0.62204,-8.7737,-1.6736,63.801,8.4933,0
depth,43,depth_s43,ON_NEG,on/scene07/L5__s20260820__0001.png::boost_e,scene07,V,C2,7,C,2,0.578982,-8.7737,-1.6736,63.801,8.4933,0
depth,43,depth_s43,ON_NEG,on/scene07/L5__s20260820__0002.png::boost_e,scene07,V,E2,9,E,2,0.505422,-11.7844,-0.5026,59.071,6.034,0
depth,43,depth_s43,ON_NEG,on/scene07/L5__s20260820__0003.png::boost_e,scene07,V,E3b,19,E,3b,0.515119,-10.8121,7.6338,61.1751,9.743,0
depth,43,depth_s43,ON_NEG,on/scene07/L5__s20260820__0005.png::boost_e,scene07,V,A2,5,A,2,0.578042,-13.5151,3.1873,60.3528,6.7166,0
depth,43,depth_s43,ON_NEG,on/scene07/L5__s20260820__0005.png::boost_e,scene07,V,B2,6,B,2,0.706526,-13.5151,3.1873,60.3528,6.7166,0
depth,43,depth_s43,ON_NEG,on/scene07/L5__s20260820__0005.png::boost_e,scene07,V,C2,7,C,2,0.819621,-13.5151,3.1873,60.3528,6.7166,0
depth,43,depth_s43,ON_NEG,on/scene07/L5__s20260820__0005.png::boost_e,scene07,V,D2,8,D,2,0.773831,-13.5151,3.1873,60.3528,6.7166,0
depth,43,depth_s43,ON_NEG,on/scene07/L5__s20260820__0005.png::boost_e,scene07,V,E2,9,E,2,0.935498,-13.5151,3.1873,60.3528,6.7166,0
depth,43,depth_s43,ON_NEG,on/scene07/L5__s20260820__0005.png::boost_e,scene07,V,C3a,12,C,3a,0.850115,-13.5151,3.1873,60.3528,6.7166,0
depth,43,depth_s43,ON_NEG,on/scene07/L5__s20260820__0005.png::boost_e,scene07,V,D3a,13,D,3a,0.922966,-13.5151,3.1873,60.3528,6.7166,0
depth,43,depth_s43,ON_NEG,on/scene07/L5__s20260820__0005.png::boost_e,scene07,V,D3b,18,D,3b,0.510899,-13.5151,3.1873,60.3528,6.7166,0
depth,43,depth_s43,ON_NEG,on/scene07/L7__s20260820__0001.png::boost_e,scene07,V,E1,4,E,1,0.62204,-8.7737,-1.6736,63.801,8.4933,0
depth,43,depth_s43,ON_NEG,on/scene07/L7__s20260820__0001.png::boost_e,scene07,V,C2,7,C,2,0.578982,-8.7737,-1.6736,63.801,8.4933,0
depth,43,depth_s43,ON_NEG,on/scene07/L7__s20260820__0002.png::boost_e,scene07,V,E2,9,E,2,0.505422,-11.7844,-0.5026,59.071,6.034,0
depth,43,depth_s43,ON_NEG,on/scene07/L7__s20260820__0003.png::boost_e,scene07,V,E3b,19,E,3b,0.515119,-10.8121,7.6338,61.1751,9.743,0
depth,43,depth_s43,ON_NEG,on/scene07/L7__s20260820__0005.png::boost_e,scene07,V,A2,5,A,2,0.578042,-13.5151,3.1873,60.3528,6.7166,0
depth,43,depth_s43,ON_NEG,on/scene07/L7__s20260820__0005.png::boost_e,scene07,V,B2,6,B,2,0.706526,-13.5151,3.1873,60.3528,6.7166,0
depth,43,depth_s43,ON_NEG,on/scene07/L7__s20260820__0005.png::boost_e,scene07,V,C2,7,C,2,0.819621,-13.5151,3.1873,60.3528,6.7166,0
depth,43,depth_s43,ON_NEG,on/scene07/L7__s20260820__0005.png::boost_e,scene07,V,D2,8,D,2,0.773831,-13.5151,3.1873,60.3528,6.7166,0
depth,43,depth_s43,ON_NEG,on/scene07/L7__s20260820__0005.png::boost_e,scene07,V,E2,9,E,2,0.935498,-13.5151,3.1873,60.3528,6.7166,0
depth,43,depth_s43,ON_NEG,on/scene07/L7__s20260820__0005.png::boost_e,scene07,V,C3a,12,C,3a,0.850115,-13.5151,3.1873,60.3528,6.7166,0
depth,43,depth_s43,ON_NEG,on/scene07/L7__s20260820__0005.png::boost_e,scene07,V,D3a,13,D,3a,0.922966,-13.5151,3.1873,60.3528,6.7166,0
depth,43,depth_s43,ON_NEG,on/scene07/L7__s20260820__0005.png::boost_e,scene07,V,D3b,18,D,3b,0.510899,-13.5151,3.1873,60.3528,6.7166,0
depth,43,depth_s43,ON_NEG,on/scene15/L0__s20260820__0002.png::boost_e,scene15,V,C2,7,C,2,0.519161,-8.6096,-4.0107,63.6728,6.6026,0
depth,43,depth_s43,ON_NEG,on/scene15/L0__s20260820__0002.png::boost_e,scene15,V,E2,9,E,2,0.680048,-8.6096,-4.0107,63.6728,6.6026,0
depth,43,depth_s43,ON_NEG,on/scene15/L0__s20260820__0002.png::boost_e,scene15,V,D3a,13,D,3a,0.859177,-8.6096,-4.0107,63.6728,6.6026,0
depth,43,depth_s43,ON_NEG,on/scene15/L0__s20260820__0002.png::boost_e,scene15,V,D3b,18,D,3b,0.69369,-8.6096,-4.0107,63.6728,6.6026,0
depth,43,depth_s43,ON_NEG,on/scene15/L0__s20260820__0006.png::boost_e,scene15,H,E2,9,E,2,0.576472,-5.1828,6.8137,59.5209,6.9519,0
depth,43,depth_s43,ON_NEG,on/scene15/L4__s20260820__0002.png::boost_e,scene15,V,C2,7,C,2,0.519161,-8.6096,-4.0107,63.6728,6.6026,0
depth,43,depth_s43,ON_NEG,on/scene15/L4__s20260820__0002.png::boost_e,scene15,V,E2,9,E,2,0.680048,-8.6096,-4.0107,63.6728,6.6026,0
depth,43,depth_s43,ON_NEG,on/scene15/L4__s20260820__0002.png::boost_e,scene15,V,D3a,13,D,3a,0.859177,-8.6096,-4.0107,63.6728,6.6026,0
depth,43,depth_s43,ON_NEG,on/scene15/L4__s20260820__0002.png::boost_e,scene15,V,D3b,18,D,3b,0.69369,-8.6096,-4.0107,63.6728,6.6026,0
depth,43,depth_s43,ON_NEG,on/scene15/L4__s20260820__0006.png::boost_e,scene15,H,E2,9,E,2,0.576472,-5.1828,6.8137,59.5209,6.9519,0
depth,43,depth_s43,ON_NEG,on/scene15/L7__s20260820__0002.png::boost_e,scene15,V,C2,7,C,2,0.519161,-8.6096,-4.0107,63.6728,6.6026,0
depth,43,depth_s43,ON_NEG,on/scene15/L7__s20260820__0002.png::boost_e,scene15,V,E2,9,E,2,0.680048,-8.6096,-4.0107,63.6728,6.6026,0
depth,43,depth_s43,ON_NEG,on/scene15/L7__s20260820__0002.png::boost_e,scene15,V,D3a,13,D,3a,0.859177,-8.6096,-4.0107,63.6728,6.6026,0
depth,43,depth_s43,ON_NEG,on/scene15/L7__s20260820__0002.png::boost_e,scene15,V,D3b,18,D,3b,0.69369,-8.6096,-4.0107,63.6728,6.6026,0
depth,43,depth_s43,ON_NEG,on/scene15/L7__s20260820__0006.png::boost_e,scene15,H,E2,9,E,2,0.576472,-5.1828,6.8137,59.5209,6.9519,0
depth,43,depth_s43,ON_NEG,on/scene07/L0__s20260821__0000.png::boost_e2,scene07,V,B2,6,B,2,0.625803,-9.0864,4.975,60.5839,4.6498,0
depth,43,depth_s43,ON_NEG,on/scene07/L0__s20260821__0000.png::boost_e2,scene07,V,C2,7,C,2,0.874544,-9.0864,4.975,60.5839,4.6498,0
depth,43,depth_s43,ON_NEG,on/scene07/L0__s20260821__0000.png::boost_e2,scene07,V,D2,8,D,2,0.873827,-9.0864,4.975,60.5839,4.6498,0
depth,43,depth_s43,ON_NEG,on/scene07/L0__s20260821__0000.png::boost_e2,scene07,V,E2,9,E,2,0.926178,-9.0864,4.975,60.5839,4.6498,0
depth,43,depth_s43,ON_NEG,on/scene07/L0__s20260821__0001.png::boost_e2,scene07,V,B2,6,B,2,0.661885,-8.6491,14.3681,62.653,6.526,0
depth,43,depth_s43,ON_NEG,on/scene07/L0__s20260821__0001.png::boost_e2,scene07,V,C2,7,C,2,0.85279,-8.6491,14.3681,62.653,6.526,0
depth,43,depth_s43,ON_NEG,on/scene07/L0__s20260821__0001.png::boost_e2,scene07,V,D2,8,D,2,0.945874,-8.6491,14.3681,62.653,6.526,0
depth,43,depth_s43,ON_NEG,on/scene07/L0__s20260821__0001.png::boost_e2,scene07,V,E2,9,E,2,0.936429,-8.6491,14.3681,62.653,6.526,0
depth,43,depth_s43,ON_NEG,on/scene07/L0__s20260821__0001.png::boost_e2,scene07,V,A3a,10,A,3a,0.715557,-8.6491,14.3681,62.653,6.526,0
depth,43,depth_s43,ON_NEG,on/scene07/L0__s20260821__0001.png::boost_e2,scene07,V,B3a,11,B,3a,0.766298,-8.6491,14.3681,62.653,6.526,0
depth,43,depth_s43,ON_NEG,on/scene07/L0__s20260821__0001.png::boost_e2,scene07,V,C3a,12,C,3a,0.933947,-8.6491,14.3681,62.653,6.526,0
depth,43,depth_s43,ON_NEG,on/scene07/L0__s20260821__0001.png::boost_e2,scene07,V,D3a,13,D,3a,0.988064,-8.6491,14.3681,62.653,6.526,0
depth,43,depth_s43,ON_NEG,on/scene07/L0__s20260821__0001.png::boost_e2,scene07,V,E3a,14,E,3a,0.910253,-8.6491,14.3681,62.653,6.526,0
depth,43,depth_s43,ON_NEG,on/scene07/L0__s20260821__0001.png::boost_e2,scene07,V,A3b,15,A,3b,0.984062,-8.6491,14.3681,62.653,6.526,0
depth,43,depth_s43,ON_NEG,on/scene07/L0__s20260821__0002.png::boost_e2,scene07,H_weak,B2,6,B,2,0.521584,-11.7553,7.174,61.7523,8.5736,0
depth,43,depth_s43,ON_NEG,on/scene07/L0__s20260821__0002.png::boost_e2,scene07,H_weak,C2,7,C,2,0.798421,-11.7553,7.174,61.7523,8.5736,0
depth,43,depth_s43,ON_NEG,on/scene07/L0__s20260821__0002.png::boost_e2,scene07,H_weak,D2,8,D,2,0.583474,-11.7553,7.174,61.7523,8.5736,0
depth,43,depth_s43,ON_NEG,on/scene07/L0__s20260821__0003.png::boost_e2,scene07,V,B1,1,B,1,0.843953,-11.0113,-0.6132,62.5016,7.1387,0
depth,43,depth_s43,ON_NEG,on/scene07/L0__s20260821__0003.png::boost_e2,scene07,V,C1,2,C,1,0.894278,-11.0113,-0.6132,62.5016,7.1387,0
depth,43,depth_s43,ON_NEG,on/scene07/L0__s20260821__0003.png::boost_e2,scene07,V,D1,3,D,1,0.899578,-11.0113,-0.6132,62.5016,7.1387,0
depth,43,depth_s43,ON_NEG,on/scene07/L0__s20260821__0003.png::boost_e2,scene07,V,A2,5,A,2,0.998926,-11.0113,-0.6132,62.5016,7.1387,0
depth,43,depth_s43,ON_NEG,on/scene07/L0__s20260821__0003.png::boost_e2,scene07,V,B2,6,B,2,0.999953,-11.0113,-0.6132,62.5016,7.1387,0
depth,43,depth_s43,ON_NEG,on/scene07/L0__s20260821__0003.png::boost_e2,scene07,V,C2,7,C,2,0.999967,-11.0113,-0.6132,62.5016,7.1387,0
depth,43,depth_s43,ON_NEG,on/scene07/L0__s20260821__0003.png::boost_e2,scene07,V,D2,8,D,2,0.99978,-11.0113,-0.6132,62.5016,7.1387,0
depth,43,depth_s43,ON_NEG,on/scene07/L0__s20260821__0003.png::boost_e2,scene07,V,E2,9,E,2,0.995412,-11.0113,-0.6132,62.5016,7.1387,0
depth,43,depth_s43,ON_NEG,on/scene07/L0__s20260821__0003.png::boost_e2,scene07,V,A3a,10,A,3a,0.999947,-11.0113,-0.6132,62.5016,7.1387,0
depth,43,depth_s43,ON_NEG,on/scene07/L0__s20260821__0003.png::boost_e2,scene07,V,B3a,11,B,3a,0.999985,-11.0113,-0.6132,62.5016,7.1387,0
depth,43,depth_s43,ON_NEG,on/scene07/L0__s20260821__0003.png::boost_e2,scene07,V,C3a,12,C,3a,0.999998,-11.0113,-0.6132,62.5016,7.1387,0
depth,43,depth_s43,ON_NEG,on/scene07/L0__s20260821__0003.png::boost_e2,scene07,V,D3a,13,D,3a,0.999969,-11.0113,-0.6132,62.5016,7.1387,0
depth,43,depth_s43,ON_NEG,on/scene07/L0__s20260821__0003.png::boost_e2,scene07,V,E3a,14,E,3a,0.999756,-11.0113,-0.6132,62.5016,7.1387,0
depth,43,depth_s43,ON_NEG,on/scene07/L0__s20260821__0003.png::boost_e2,scene07,V,A3b,15,A,3b,0.999994,-11.0113,-0.6132,62.5016,7.1387,0
depth,43,depth_s43,ON_NEG,on/scene07/L0__s20260821__0003.png::boost_e2,scene07,V,D3b,18,D,3b,0.999975,-11.0113,-0.6132,62.5016,7.1387,0
depth,43,depth_s43,ON_NEG,on/scene07/L0__s20260821__0004.png::boost_e2,scene07,V,A2,5,A,2,0.994984,-13.3275,-0.1348,64.6075,6.5636,0
depth,43,depth_s43,ON_NEG,on/scene07/L0__s20260821__0004.png::boost_e2,scene07,V,B2,6,B,2,0.999898,-13.3275,-0.1348,64.6075,6.5636,0
depth,43,depth_s43,ON_NEG,on/scene07/L0__s20260821__0004.png::boost_e2,scene07,V,C2,7,C,2,0.999969,-13.3275,-0.1348,64.6075,6.5636,0
depth,43,depth_s43,ON_NEG,on/scene07/L0__s20260821__0004.png::boost_e2,scene07,V,D2,8,D,2,0.99987,-13.3275,-0.1348,64.6075,6.5636,0
depth,43,depth_s43,ON_NEG,on/scene07/L0__s20260821__0004.png::boost_e2,scene07,V,E2,9,E,2,0.997079,-13.3275,-0.1348,64.6075,6.5636,0
depth,43,depth_s43,ON_NEG,on/scene07/L0__s20260821__0004.png::boost_e2,scene07,V,A3a,10,A,3a,0.998917,-13.3275,-0.1348,64.6075,6.5636,0
depth,43,depth_s43,ON_NEG,on/scene07/L0__s20260821__0004.png::boost_e2,scene07,V,B3a,11,B,3a,0.999982,-13.3275,-0.1348,64.6075,6.5636,0
depth,43,depth_s43,ON_NEG,on/scene07/L0__s20260821__0004.png::boost_e2,scene07,V,C3a,12,C,3a,0.999997,-13.3275,-0.1348,64.6075,6.5636,0
depth,43,depth_s43,ON_NEG,on/scene07/L0__s20260821__0004.png::boost_e2,scene07,V,D3a,13,D,3a,0.999988,-13.3275,-0.1348,64.6075,6.5636,0
depth,43,depth_s43,ON_NEG,on/scene07/L0__s20260821__0004.png::boost_e2,scene07,V,E3a,14,E,3a,0.998281,-13.3275,-0.1348,64.6075,6.5636,0
depth,43,depth_s43,ON_NEG,on/scene07/L0__s20260821__0004.png::boost_e2,scene07,V,D3b,18,D,3b,0.999956,-13.3275,-0.1348,64.6075,6.5636,0
depth,43,depth_s43,ON_NEG,on/scene07/L0__s20260821__0005.png::boost_e2,scene07,V,C2,7,C,2,0.581558,-5.0214,-1.8091,62.1167,8.8712,0
depth,43,depth_s43,ON_NEG,on/scene07/L0__s20260821__0005.png::boost_e2,scene07,V,D3b,18,D,3b,0.751545,-5.0214,-1.8091,62.1167,8.8712,0
depth,43,depth_s43,ON_NEG,on/scene07/L0__s20260821__0006.png::boost_e2,scene07,V,A1,0,A,1,0.74547,-12.1066,0.0159,62.3073,6.0804,0
depth,43,depth_s43,ON_NEG,on/scene07/L0__s20260821__0006.png::boost_e2,scene07,V,B1,1,B,1,0.978945,-12.1066,0.0159,62.3073,6.0804,0
depth,43,depth_s43,ON_NEG,on/scene07/L0__s20260821__0006.png::boost_e2,scene07,V,C1,2,C,1,0.988683,-12.1066,0.0159,62.3073,6.0804,0
depth,43,depth_s43,ON_NEG,on/scene07/L0__s20260821__0006.png::boost_e2,scene07,V,D1,3,D,1,0.983771,-12.1066,0.0159,62.3073,6.0804,0
depth,43,depth_s43,ON_NEG,on/scene07/L0__s20260821__0006.png::boost_e2,scene07,V,E1,4,E,1,0.898709,-12.1066,0.0159,62.3073,6.0804,0
depth,43,depth_s43,ON_NEG,on/scene07/L0__s20260821__0006.png::boost_e2,scene07,V,A2,5,A,2,0.9996,-12.1066,0.0159,62.3073,6.0804,0
depth,43,depth_s43,ON_NEG,on/scene07/L0__s20260821__0006.png::boost_e2,scene07,V,B2,6,B,2,0.999979,-12.1066,0.0159,62.3073,6.0804,0
depth,43,depth_s43,ON_NEG,on/scene07/L0__s20260821__0006.png::boost_e2,scene07,V,C2,7,C,2,0.999997,-12.1066,0.0159,62.3073,6.0804,0
depth,43,depth_s43,ON_NEG,on/scene07/L0__s20260821__0006.png::boost_e2,scene07,V,D2,8,D,2,0.999986,-12.1066,0.0159,62.3073,6.0804,0
depth,43,depth_s43,ON_NEG,on/scene07/L0__s20260821__0006.png::boost_e2,scene07,V,E2,9,E,2,0.999979,-12.1066,0.0159,62.3073,6.0804,0
depth,43,depth_s43,ON_NEG,on/scene07/L0__s20260821__0006.png::boost_e2,scene07,V,A3a,10,A,3a,0.999838,-12.1066,0.0159,62.3073,6.0804,0
depth,43,depth_s43,ON_NEG,on/scene07/L0__s20260821__0006.png::boost_e2,scene07,V,B3a,11,B,3a,0.999991,-12.1066,0.0159,62.3073,6.0804,0
depth,43,depth_s43,ON_NEG,on/scene07/L0__s20260821__0006.png::boost_e2,scene07,V,C3a,12,C,3a,0.999999,-12.1066,0.0159,62.3073,6.0804,0
depth,43,depth_s43,ON_NEG,on/scene07/L0__s20260821__0006.png::boost_e2,scene07,V,D3a,13,D,3a,0.999998,-12.1066,0.0159,62.3073,6.0804,0
depth,43,depth_s43,ON_NEG,on/scene07/L0__s20260821__0006.png::boost_e2,scene07,V,E3a,14,E,3a,0.999893,-12.1066,0.0159,62.3073,6.0804,0
depth,43,depth_s43,ON_NEG,on/scene07/L0__s20260821__0007.png::boost_e2,scene07,V,A2,5,A,2,0.893804,-12.7675,1.6425,64.5249,4.4163,0
depth,43,depth_s43,ON_NEG,on/scene07/L0__s20260821__0007.png::boost_e2,scene07,V,B2,6,B,2,0.963535,-12.7675,1.6425,64.5249,4.4163,0
depth,43,depth_s43,ON_NEG,on/scene07/L0__s20260821__0007.png::boost_e2,scene07,V,C2,7,C,2,0.982476,-12.7675,1.6425,64.5249,4.4163,0
depth,43,depth_s43,ON_NEG,on/scene07/L0__s20260821__0007.png::boost_e2,scene07,V,D2,8,D,2,0.965145,-12.7675,1.6425,64.5249,4.4163,0
depth,43,depth_s43,ON_NEG,on/scene07/L0__s20260821__0007.png::boost_e2,scene07,V,E2,9,E,2,0.987377,-12.7675,1.6425,64.5249,4.4163,0
depth,43,depth_s43,ON_NEG,on/scene07/L0__s20260821__0007.png::boost_e2,scene07,V,E3a,14,E,3a,0.505255,-12.7675,1.6425,64.5249,4.4163,0
depth,43,depth_s43,ON_NEG,on/scene07/L0__s20260821__0007.png::boost_e2,scene07,V,D3b,18,D,3b,0.871789,-12.7675,1.6425,64.5249,4.4163,0
depth,43,depth_s43,ON_NEG,on/scene07/L5__s20260821__0000.png::boost_e2,scene07,V,B2,6,B,2,0.625803,-9.0864,4.975,60.5839,4.6498,0
depth,43,depth_s43,ON_NEG,on/scene07/L5__s20260821__0000.png::boost_e2,scene07,V,C2,7,C,2,0.874544,-9.0864,4.975,60.5839,4.6498,0
depth,43,depth_s43,ON_NEG,on/scene07/L5__s20260821__0000.png::boost_e2,scene07,V,D2,8,D,2,0.873827,-9.0864,4.975,60.5839,4.6498,0
depth,43,depth_s43,ON_NEG,on/scene07/L5__s20260821__0000.png::boost_e2,scene07,V,E2,9,E,2,0.926178,-9.0864,4.975,60.5839,4.6498,0
depth,43,depth_s43,ON_NEG,on/scene07/L5__s20260821__0001.png::boost_e2,scene07,V,B2,6,B,2,0.661885,-8.6491,14.3681,62.653,6.526,0
depth,43,depth_s43,ON_NEG,on/scene07/L5__s20260821__0001.png::boost_e2,scene07,V,C2,7,C,2,0.85279,-8.6491,14.3681,62.653,6.526,0
depth,43,depth_s43,ON_NEG,on/scene07/L5__s20260821__0001.png::boost_e2,scene07,V,D2,8,D,2,0.945874,-8.6491,14.3681,62.653,6.526,0
depth,43,depth_s43,ON_NEG,on/scene07/L5__s20260821__0001.png::boost_e2,scene07,V,E2,9,E,2,0.936429,-8.6491,14.3681,62.653,6.526,0
depth,43,depth_s43,ON_NEG,on/scene07/L5__s20260821__0001.png::boost_e2,scene07,V,A3a,10,A,3a,0.715557,-8.6491,14.3681,62.653,6.526,0
depth,43,depth_s43,ON_NEG,on/scene07/L5__s20260821__0001.png::boost_e2,scene07,V,B3a,11,B,3a,0.766298,-8.6491,14.3681,62.653,6.526,0
depth,43,depth_s43,ON_NEG,on/scene07/L5__s20260821__0001.png::boost_e2,scene07,V,C3a,12,C,3a,0.933947,-8.6491,14.3681,62.653,6.526,0
depth,43,depth_s43,ON_NEG,on/scene07/L5__s20260821__0001.png::boost_e2,scene07,V,D3a,13,D,3a,0.988064,-8.6491,14.3681,62.653,6.526,0
depth,43,depth_s43,ON_NEG,on/scene07/L5__s20260821__0001.png::boost_e2,scene07,V,E3a,14,E,3a,0.910253,-8.6491,14.3681,62.653,6.526,0
depth,43,depth_s43,ON_NEG,on/scene07/L5__s20260821__0001.png::boost_e2,scene07,V,A3b,15,A,3b,0.984062,-8.6491,14.3681,62.653,6.526,0
depth,43,depth_s43,ON_NEG,on/scene07/L5__s20260821__0002.png::boost_e2,scene07,H_weak,B2,6,B,2,0.521584,-11.7553,7.174,61.7523,8.5736,0
depth,43,depth_s43,ON_NEG,on/scene07/L5__s20260821__0002.png::boost_e2,scene07,H_weak,C2,7,C,2,0.798421,-11.7553,7.174,61.7523,8.5736,0
depth,43,depth_s43,ON_NEG,on/scene07/L5__s20260821__0002.png::boost_e2,scene07,H_weak,D2,8,D,2,0.583474,-11.7553,7.174,61.7523,8.5736,0
depth,43,depth_s43,ON_NEG,on/scene07/L5__s20260821__0003.png::boost_e2,scene07,V,B1,1,B,1,0.843953,-11.0113,-0.6132,62.5016,7.1387,0
depth,43,depth_s43,ON_NEG,on/scene07/L5__s20260821__0003.png::boost_e2,scene07,V,C1,2,C,1,0.894278,-11.0113,-0.6132,62.5016,7.1387,0
depth,43,depth_s43,ON_NEG,on/scene07/L5__s20260821__0003.png::boost_e2,scene07,V,D1,3,D,1,0.899578,-11.0113,-0.6132,62.5016,7.1387,0
depth,43,depth_s43,ON_NEG,on/scene07/L5__s20260821__0003.png::boost_e2,scene07,V,A2,5,A,2,0.998926,-11.0113,-0.6132,62.5016,7.1387,0
depth,43,depth_s43,ON_NEG,on/scene07/L5__s20260821__0003.png::boost_e2,scene07,V,B2,6,B,2,0.999953,-11.0113,-0.6132,62.5016,7.1387,0
depth,43,depth_s43,ON_NEG,on/scene07/L5__s20260821__0003.png::boost_e2,scene07,V,C2,7,C,2,0.999967,-11.0113,-0.6132,62.5016,7.1387,0
depth,43,depth_s43,ON_NEG,on/scene07/L5__s20260821__0003.png::boost_e2,scene07,V,D2,8,D,2,0.99978,-11.0113,-0.6132,62.5016,7.1387,0
depth,43,depth_s43,ON_NEG,on/scene07/L5__s20260821__0003.png::boost_e2,scene07,V,E2,9,E,2,0.995412,-11.0113,-0.6132,62.5016,7.1387,0
depth,43,depth_s43,ON_NEG,on/scene07/L5__s20260821__0003.png::boost_e2,scene07,V,A3a,10,A,3a,0.999947,-11.0113,-0.6132,62.5016,7.1387,0
depth,43,depth_s43,ON_NEG,on/scene07/L5__s20260821__0003.png::boost_e2,scene07,V,B3a,11,B,3a,0.999985,-11.0113,-0.6132,62.5016,7.1387,0
depth,43,depth_s43,ON_NEG,on/scene07/L5__s20260821__0003.png::boost_e2,scene07,V,C3a,12,C,3a,0.999998,-11.0113,-0.6132,62.5016,7.1387,0
depth,43,depth_s43,ON_NEG,on/scene07/L5__s20260821__0003.png::boost_e2,scene07,V,D3a,13,D,3a,0.999969,-11.0113,-0.6132,62.5016,7.1387,0
depth,43,depth_s43,ON_NEG,on/scene07/L5__s20260821__0003.png::boost_e2,scene07,V,E3a,14,E,3a,0.999756,-11.0113,-0.6132,62.5016,7.1387,0
depth,43,depth_s43,ON_NEG,on/scene07/L5__s20260821__0003.png::boost_e2,scene07,V,A3b,15,A,3b,0.999994,-11.0113,-0.6132,62.5016,7.1387,0
depth,43,depth_s43,ON_NEG,on/scene07/L5__s20260821__0003.png::boost_e2,scene07,V,D3b,18,D,3b,0.999975,-11.0113,-0.6132,62.5016,7.1387,0
depth,43,depth_s43,ON_NEG,on/scene07/L5__s20260821__0004.png::boost_e2,scene07,V,A2,5,A,2,0.994984,-13.3275,-0.1348,64.6075,6.5636,0
depth,43,depth_s43,ON_NEG,on/scene07/L5__s20260821__0004.png::boost_e2,scene07,V,B2,6,B,2,0.999898,-13.3275,-0.1348,64.6075,6.5636,0
depth,43,depth_s43,ON_NEG,on/scene07/L5__s20260821__0004.png::boost_e2,scene07,V,C2,7,C,2,0.999969,-13.3275,-0.1348,64.6075,6.5636,0
depth,43,depth_s43,ON_NEG,on/scene07/L5__s20260821__0004.png::boost_e2,scene07,V,D2,8,D,2,0.99987,-13.3275,-0.1348,64.6075,6.5636,0
depth,43,depth_s43,ON_NEG,on/scene07/L5__s20260821__0004.png::boost_e2,scene07,V,E2,9,E,2,0.997079,-13.3275,-0.1348,64.6075,6.5636,0
depth,43,depth_s43,ON_NEG,on/scene07/L5__s20260821__0004.png::boost_e2,scene07,V,A3a,10,A,3a,0.998917,-13.3275,-0.1348,64.6075,6.5636,0
depth,43,depth_s43,ON_NEG,on/scene07/L5__s20260821__0004.png::boost_e2,scene07,V,B3a,11,B,3a,0.999982,-13.3275,-0.1348,64.6075,6.5636,0
depth,43,depth_s43,ON_NEG,on/scene07/L5__s20260821__0004.png::boost_e2,scene07,V,C3a,12,C,3a,0.999997,-13.3275,-0.1348,64.6075,6.5636,0
depth,43,depth_s43,ON_NEG,on/scene07/L5__s20260821__0004.png::boost_e2,scene07,V,D3a,13,D,3a,0.999988,-13.3275,-0.1348,64.6075,6.5636,0
depth,43,depth_s43,ON_NEG,on/scene07/L5__s20260821__0004.png::boost_e2,scene07,V,E3a,14,E,3a,0.998281,-13.3275,-0.1348,64.6075,6.5636,0
depth,43,depth_s43,ON_NEG,on/scene07/L5__s20260821__0004.png::boost_e2,scene07,V,D3b,18,D,3b,0.999956,-13.3275,-0.1348,64.6075,6.5636,0
depth,43,depth_s43,ON_NEG,on/scene07/L5__s20260821__0005.png::boost_e2,scene07,V,C2,7,C,2,0.581558,-5.0214,-1.8091,62.1167,8.8712,0
depth,43,depth_s43,ON_NEG,on/scene07/L5__s20260821__0005.png::boost_e2,scene07,V,D3b,18,D,3b,0.751545,-5.0214,-1.8091,62.1167,8.8712,0
depth,43,depth_s43,ON_NEG,on/scene07/L5__s20260821__0006.png::boost_e2,scene07,V,A1,0,A,1,0.74547,-12.1066,0.0159,62.3073,6.0804,0
depth,43,depth_s43,ON_NEG,on/scene07/L5__s20260821__0006.png::boost_e2,scene07,V,B1,1,B,1,0.978945,-12.1066,0.0159,62.3073,6.0804,0
depth,43,depth_s43,ON_NEG,on/scene07/L5__s20260821__0006.png::boost_e2,scene07,V,C1,2,C,1,0.988683,-12.1066,0.0159,62.3073,6.0804,0
depth,43,depth_s43,ON_NEG,on/scene07/L5__s20260821__0006.png::boost_e2,scene07,V,D1,3,D,1,0.983771,-12.1066,0.0159,62.3073,6.0804,0
depth,43,depth_s43,ON_NEG,on/scene07/L5__s20260821__0006.png::boost_e2,scene07,V,E1,4,E,1,0.898709,-12.1066,0.0159,62.3073,6.0804,0
depth,43,depth_s43,ON_NEG,on/scene07/L5__s20260821__0006.png::boost_e2,scene07,V,A2,5,A,2,0.9996,-12.1066,0.0159,62.3073,6.0804,0
depth,43,depth_s43,ON_NEG,on/scene07/L5__s20260821__0006.png::boost_e2,scene07,V,B2,6,B,2,0.999979,-12.1066,0.0159,62.3073,6.0804,0
depth,43,depth_s43,ON_NEG,on/scene07/L5__s20260821__0006.png::boost_e2,scene07,V,C2,7,C,2,0.999997,-12.1066,0.0159,62.3073,6.0804,0
depth,43,depth_s43,ON_NEG,on/scene07/L5__s20260821__0006.png::boost_e2,scene07,V,D2,8,D,2,0.999986,-12.1066,0.0159,62.3073,6.0804,0
depth,43,depth_s43,ON_NEG,on/scene07/L5__s20260821__0006.png::boost_e2,scene07,V,E2,9,E,2,0.999979,-12.1066,0.0159,62.3073,6.0804,0
depth,43,depth_s43,ON_NEG,on/scene07/L5__s20260821__0006.png::boost_e2,scene07,V,A3a,10,A,3a,0.999838,-12.1066,0.0159,62.3073,6.0804,0
depth,43,depth_s43,ON_NEG,on/scene07/L5__s20260821__0006.png::boost_e2,scene07,V,B3a,11,B,3a,0.999991,-12.1066,0.0159,62.3073,6.0804,0
depth,43,depth_s43,ON_NEG,on/scene07/L5__s20260821__0006.png::boost_e2,scene07,V,C3a,12,C,3a,0.999999,-12.1066,0.0159,62.3073,6.0804,0
depth,43,depth_s43,ON_NEG,on/scene07/L5__s20260821__0006.png::boost_e2,scene07,V,D3a,13,D,3a,0.999998,-12.1066,0.0159,62.3073,6.0804,0
depth,43,depth_s43,ON_NEG,on/scene07/L5__s20260821__0006.png::boost_e2,scene07,V,E3a,14,E,3a,0.999893,-12.1066,0.0159,62.3073,6.0804,0
depth,43,depth_s43,ON_NEG,on/scene07/L5__s20260821__0007.png::boost_e2,scene07,V,A2,5,A,2,0.893804,-12.7675,1.6425,64.5249,4.4163,0
depth,43,depth_s43,ON_NEG,on/scene07/L5__s20260821__0007.png::boost_e2,scene07,V,B2,6,B,2,0.963535,-12.7675,1.6425,64.5249,4.4163,0
depth,43,depth_s43,ON_NEG,on/scene07/L5__s20260821__0007.png::boost_e2,scene07,V,C2,7,C,2,0.982476,-12.7675,1.6425,64.5249,4.4163,0
depth,43,depth_s43,ON_NEG,on/scene07/L5__s20260821__0007.png::boost_e2,scene07,V,D2,8,D,2,0.965145,-12.7675,1.6425,64.5249,4.4163,0
depth,43,depth_s43,ON_NEG,on/scene07/L5__s20260821__0007.png::boost_e2,scene07,V,E2,9,E,2,0.987377,-12.7675,1.6425,64.5249,4.4163,0
depth,43,depth_s43,ON_NEG,on/scene07/L5__s20260821__0007.png::boost_e2,scene07,V,E3a,14,E,3a,0.505255,-12.7675,1.6425,64.5249,4.4163,0
depth,43,depth_s43,ON_NEG,on/scene07/L5__s20260821__0007.png::boost_e2,scene07,V,D3b,18,D,3b,0.871789,-12.7675,1.6425,64.5249,4.4163,0
depth,43,depth_s43,ON_NEG,on/scene07/L7__s20260821__0000.png::boost_e2,scene07,V,B2,6,B,2,0.625803,-9.0864,4.975,60.5839,4.6498,0
depth,43,depth_s43,ON_NEG,on/scene07/L7__s20260821__0000.png::boost_e2,scene07,V,C2,7,C,2,0.874544,-9.0864,4.975,60.5839,4.6498,0
depth,43,depth_s43,ON_NEG,on/scene07/L7__s20260821__0000.png::boost_e2,scene07,V,D2,8,D,2,0.873827,-9.0864,4.975,60.5839,4.6498,0
depth,43,depth_s43,ON_NEG,on/scene07/L7__s20260821__0000.png::boost_e2,scene07,V,E2,9,E,2,0.926178,-9.0864,4.975,60.5839,4.6498,0
depth,43,depth_s43,ON_NEG,on/scene07/L7__s20260821__0001.png::boost_e2,scene07,V,B2,6,B,2,0.661885,-8.6491,14.3681,62.653,6.526,0
depth,43,depth_s43,ON_NEG,on/scene07/L7__s20260821__0001.png::boost_e2,scene07,V,C2,7,C,2,0.85279,-8.6491,14.3681,62.653,6.526,0
depth,43,depth_s43,ON_NEG,on/scene07/L7__s20260821__0001.png::boost_e2,scene07,V,D2,8,D,2,0.945874,-8.6491,14.3681,62.653,6.526,0
depth,43,depth_s43,ON_NEG,on/scene07/L7__s20260821__0001.png::boost_e2,scene07,V,E2,9,E,2,0.936429,-8.6491,14.3681,62.653,6.526,0
depth,43,depth_s43,ON_NEG,on/scene07/L7__s20260821__0001.png::boost_e2,scene07,V,A3a,10,A,3a,0.715557,-8.6491,14.3681,62.653,6.526,0
depth,43,depth_s43,ON_NEG,on/scene07/L7__s20260821__0001.png::boost_e2,scene07,V,B3a,11,B,3a,0.766298,-8.6491,14.3681,62.653,6.526,0
depth,43,depth_s43,ON_NEG,on/scene07/L7__s20260821__0001.png::boost_e2,scene07,V,C3a,12,C,3a,0.933947,-8.6491,14.3681,62.653,6.526,0
depth,43,depth_s43,ON_NEG,on/scene07/L7__s20260821__0001.png::boost_e2,scene07,V,D3a,13,D,3a,0.988064,-8.6491,14.3681,62.653,6.526,0
depth,43,depth_s43,ON_NEG,on/scene07/L7__s20260821__0001.png::boost_e2,scene07,V,E3a,14,E,3a,0.910253,-8.6491,14.3681,62.653,6.526,0
depth,43,depth_s43,ON_NEG,on/scene07/L7__s20260821__0001.png::boost_e2,scene07,V,A3b,15,A,3b,0.984062,-8.6491,14.3681,62.653,6.526,0
depth,43,depth_s43,ON_NEG,on/scene07/L7__s20260821__0002.png::boost_e2,scene07,H_weak,B2,6,B,2,0.521584,-11.7553,7.174,61.7523,8.5736,0
depth,43,depth_s43,ON_NEG,on/scene07/L7__s20260821__0002.png::boost_e2,scene07,H_weak,C2,7,C,2,0.798421,-11.7553,7.174,61.7523,8.5736,0
depth,43,depth_s43,ON_NEG,on/scene07/L7__s20260821__0002.png::boost_e2,scene07,H_weak,D2,8,D,2,0.583474,-11.7553,7.174,61.7523,8.5736,0
depth,43,depth_s43,ON_NEG,on/scene07/L7__s20260821__0003.png::boost_e2,scene07,V,B1,1,B,1,0.843953,-11.0113,-0.6132,62.5016,7.1387,0
depth,43,depth_s43,ON_NEG,on/scene07/L7__s20260821__0003.png::boost_e2,scene07,V,C1,2,C,1,0.894278,-11.0113,-0.6132,62.5016,7.1387,0
depth,43,depth_s43,ON_NEG,on/scene07/L7__s20260821__0003.png::boost_e2,scene07,V,D1,3,D,1,0.899578,-11.0113,-0.6132,62.5016,7.1387,0
depth,43,depth_s43,ON_NEG,on/scene07/L7__s20260821__0003.png::boost_e2,scene07,V,A2,5,A,2,0.998926,-11.0113,-0.6132,62.5016,7.1387,0
depth,43,depth_s43,ON_NEG,on/scene07/L7__s20260821__0003.png::boost_e2,scene07,V,B2,6,B,2,0.999953,-11.0113,-0.6132,62.5016,7.1387,0
depth,43,depth_s43,ON_NEG,on/scene07/L7__s20260821__0003.png::boost_e2,scene07,V,C2,7,C,2,0.999967,-11.0113,-0.6132,62.5016,7.1387,0
depth,43,depth_s43,ON_NEG,on/scene07/L7__s20260821__0003.png::boost_e2,scene07,V,D2,8,D,2,0.99978,-11.0113,-0.6132,62.5016,7.1387,0
depth,43,depth_s43,ON_NEG,on/scene07/L7__s20260821__0003.png::boost_e2,scene07,V,E2,9,E,2,0.995412,-11.0113,-0.6132,62.5016,7.1387,0
depth,43,depth_s43,ON_NEG,on/scene07/L7__s20260821__0003.png::boost_e2,scene07,V,A3a,10,A,3a,0.999947,-11.0113,-0.6132,62.5016,7.1387,0
depth,43,depth_s43,ON_NEG,on/scene07/L7__s20260821__0003.png::boost_e2,scene07,V,B3a,11,B,3a,0.999985,-11.0113,-0.6132,62.5016,7.1387,0
depth,43,depth_s43,ON_NEG,on/scene07/L7__s20260821__0003.png::boost_e2,scene07,V,C3a,12,C,3a,0.999998,-11.0113,-0.6132,62.5016,7.1387,0
depth,43,depth_s43,ON_NEG,on/scene07/L7__s20260821__0003.png::boost_e2,scene07,V,D3a,13,D,3a,0.999969,-11.0113,-0.6132,62.5016,7.1387,0
depth,43,depth_s43,ON_NEG,on/scene07/L7__s20260821__0003.png::boost_e2,scene07,V,E3a,14,E,3a,0.999756,-11.0113,-0.6132,62.5016,7.1387,0
depth,43,depth_s43,ON_NEG,on/scene07/L7__s20260821__0003.png::boost_e2,scene07,V,A3b,15,A,3b,0.999994,-11.0113,-0.6132,62.5016,7.1387,0
depth,43,depth_s43,ON_NEG,on/scene07/L7__s20260821__0003.png::boost_e2,scene07,V,D3b,18,D,3b,0.999975,-11.0113,-0.6132,62.5016,7.1387,0
depth,43,depth_s43,ON_NEG,on/scene07/L7__s20260821__0004.png::boost_e2,scene07,V,A2,5,A,2,0.994984,-13.3275,-0.1348,64.6075,6.5636,0
depth,43,depth_s43,ON_NEG,on/scene07/L7__s20260821__0004.png::boost_e2,scene07,V,B2,6,B,2,0.999898,-13.3275,-0.1348,64.6075,6.5636,0
depth,43,depth_s43,ON_NEG,on/scene07/L7__s20260821__0004.png::boost_e2,scene07,V,C2,7,C,2,0.999969,-13.3275,-0.1348,64.6075,6.5636,0
depth,43,depth_s43,ON_NEG,on/scene07/L7__s20260821__0004.png::boost_e2,scene07,V,D2,8,D,2,0.99987,-13.3275,-0.1348,64.6075,6.5636,0
depth,43,depth_s43,ON_NEG,on/scene07/L7__s20260821__0004.png::boost_e2,scene07,V,E2,9,E,2,0.997079,-13.3275,-0.1348,64.6075,6.5636,0
depth,43,depth_s43,ON_NEG,on/scene07/L7__s20260821__0004.png::boost_e2,scene07,V,A3a,10,A,3a,0.998917,-13.3275,-0.1348,64.6075,6.5636,0
depth,43,depth_s43,ON_NEG,on/scene07/L7__s20260821__0004.png::boost_e2,scene07,V,B3a,11,B,3a,0.999982,-13.3275,-0.1348,64.6075,6.5636,0
depth,43,depth_s43,ON_NEG,on/scene07/L7__s20260821__0004.png::boost_e2,scene07,V,C3a,12,C,3a,0.999997,-13.3275,-0.1348,64.6075,6.5636,0
depth,43,depth_s43,ON_NEG,on/scene07/L7__s20260821__0004.png::boost_e2,scene07,V,D3a,13,D,3a,0.999988,-13.3275,-0.1348,64.6075,6.5636,0
depth,43,depth_s43,ON_NEG,on/scene07/L7__s20260821__0004.png::boost_e2,scene07,V,E3a,14,E,3a,0.998281,-13.3275,-0.1348,64.6075,6.5636,0
depth,43,depth_s43,ON_NEG,on/scene07/L7__s20260821__0004.png::boost_e2,scene07,V,D3b,18,D,3b,0.999956,-13.3275,-0.1348,64.6075,6.5636,0
depth,43,depth_s43,ON_NEG,on/scene07/L7__s20260821__0005.png::boost_e2,scene07,V,C2,7,C,2,0.581558,-5.0214,-1.8091,62.1167,8.8712,0
depth,43,depth_s43,ON_NEG,on/scene07/L7__s20260821__0005.png::boost_e2,scene07,V,D3b,18,D,3b,0.751545,-5.0214,-1.8091,62.1167,8.8712,0
depth,43,depth_s43,ON_NEG,on/scene07/L7__s20260821__0006.png::boost_e2,scene07,V,A1,0,A,1,0.74547,-12.1066,0.0159,62.3073,6.0804,0
depth,43,depth_s43,ON_NEG,on/scene07/L7__s20260821__0006.png::boost_e2,scene07,V,B1,1,B,1,0.978945,-12.1066,0.0159,62.3073,6.0804,0
depth,43,depth_s43,ON_NEG,on/scene07/L7__s20260821__0006.png::boost_e2,scene07,V,C1,2,C,1,0.988683,-12.1066,0.0159,62.3073,6.0804,0
depth,43,depth_s43,ON_NEG,on/scene07/L7__s20260821__0006.png::boost_e2,scene07,V,D1,3,D,1,0.983771,-12.1066,0.0159,62.3073,6.0804,0
depth,43,depth_s43,ON_NEG,on/scene07/L7__s20260821__0006.png::boost_e2,scene07,V,E1,4,E,1,0.898709,-12.1066,0.0159,62.3073,6.0804,0
depth,43,depth_s43,ON_NEG,on/scene07/L7__s20260821__0006.png::boost_e2,scene07,V,A2,5,A,2,0.9996,-12.1066,0.0159,62.3073,6.0804,0
depth,43,depth_s43,ON_NEG,on/scene07/L7__s20260821__0006.png::boost_e2,scene07,V,B2,6,B,2,0.999979,-12.1066,0.0159,62.3073,6.0804,0
depth,43,depth_s43,ON_NEG,on/scene07/L7__s20260821__0006.png::boost_e2,scene07,V,C2,7,C,2,0.999997,-12.1066,0.0159,62.3073,6.0804,0
depth,43,depth_s43,ON_NEG,on/scene07/L7__s20260821__0006.png::boost_e2,scene07,V,D2,8,D,2,0.999986,-12.1066,0.0159,62.3073,6.0804,0
depth,43,depth_s43,ON_NEG,on/scene07/L7__s20260821__0006.png::boost_e2,scene07,V,E2,9,E,2,0.999979,-12.1066,0.0159,62.3073,6.0804,0
depth,43,depth_s43,ON_NEG,on/scene07/L7__s20260821__0006.png::boost_e2,scene07,V,A3a,10,A,3a,0.999838,-12.1066,0.0159,62.3073,6.0804,0
depth,43,depth_s43,ON_NEG,on/scene07/L7__s20260821__0006.png::boost_e2,scene07,V,B3a,11,B,3a,0.999991,-12.1066,0.0159,62.3073,6.0804,0
depth,43,depth_s43,ON_NEG,on/scene07/L7__s20260821__0006.png::boost_e2,scene07,V,C3a,12,C,3a,0.999999,-12.1066,0.0159,62.3073,6.0804,0
depth,43,depth_s43,ON_NEG,on/scene07/L7__s20260821__0006.png::boost_e2,scene07,V,D3a,13,D,3a,0.999998,-12.1066,0.0159,62.3073,6.0804,0
depth,43,depth_s43,ON_NEG,on/scene07/L7__s20260821__0006.png::boost_e2,scene07,V,E3a,14,E,3a,0.999893,-12.1066,0.0159,62.3073,6.0804,0
depth,43,depth_s43,ON_NEG,on/scene07/L7__s20260821__0007.png::boost_e2,scene07,V,A2,5,A,2,0.893804,-12.7675,1.6425,64.5249,4.4163,0
depth,43,depth_s43,ON_NEG,on/scene07/L7__s20260821__0007.png::boost_e2,scene07,V,B2,6,B,2,0.963535,-12.7675,1.6425,64.5249,4.4163,0
depth,43,depth_s43,ON_NEG,on/scene07/L7__s20260821__0007.png::boost_e2,scene07,V,C2,7,C,2,0.982476,-12.7675,1.6425,64.5249,4.4163,0
depth,43,depth_s43,ON_NEG,on/scene07/L7__s20260821__0007.png::boost_e2,scene07,V,D2,8,D,2,0.965145,-12.7675,1.6425,64.5249,4.4163,0
depth,43,depth_s43,ON_NEG,on/scene07/L7__s20260821__0007.png::boost_e2,scene07,V,E2,9,E,2,0.987377,-12.7675,1.6425,64.5249,4.4163,0
depth,43,depth_s43,ON_NEG,on/scene07/L7__s20260821__0007.png::boost_e2,scene07,V,E3a,14,E,3a,0.505255,-12.7675,1.6425,64.5249,4.4163,0
depth,43,depth_s43,ON_NEG,on/scene07/L7__s20260821__0007.png::boost_e2,scene07,V,D3b,18,D,3b,0.871789,-12.7675,1.6425,64.5249,4.4163,0
depth,44,depth_s44,OFF,off/scene15/L0__s20260819__0005.png,scene15,off,B3a,11,B,3a,0.509769,-12.9205,6.4099,63.9932,3.0224,0
depth,44,depth_s44,OFF,off/scene15/L4__s20260819__0005.png,scene15,off,B3a,11,B,3a,0.509769,-12.9205,6.4099,63.9932,3.0224,0
depth,44,depth_s44,OFF,off/scene15/L7__s20260819__0005.png,scene15,off,B3a,11,B,3a,0.509769,-12.9205,6.4099,63.9932,3.0224,0
depth,44,depth_s44,OFF,off/sceneC2/L2__s20260819__0001.png,sceneC2,off,A2,5,A,2,0.891142,-13.4518,-13.0389,63.5306,6.8638,0
depth,44,depth_s44,OFF,off/sceneC2/L2__s20260819__0001.png,sceneC2,off,B2,6,B,2,0.899783,-13.4518,-13.0389,63.5306,6.8638,0
depth,44,depth_s44,OFF,off/sceneC2/L2__s20260819__0001.png,sceneC2,off,C2,7,C,2,0.88282,-13.4518,-13.0389,63.5306,6.8638,0
depth,44,depth_s44,OFF,off/sceneC2/L2__s20260819__0001.png,sceneC2,off,D2,8,D,2,0.892825,-13.4518,-13.0389,63.5306,6.8638,0
depth,44,depth_s44,OFF,off/sceneC2/L2__s20260819__0001.png,sceneC2,off,E2,9,E,2,0.887958,-13.4518,-13.0389,63.5306,6.8638,0
depth,44,depth_s44,OFF,off/sceneC2/L2__s20260819__0001.png,sceneC2,off,A3a,10,A,3a,0.803294,-13.4518,-13.0389,63.5306,6.8638,0
depth,44,depth_s44,OFF,off/sceneC2/L2__s20260819__0001.png,sceneC2,off,B3a,11,B,3a,0.926426,-13.4518,-13.0389,63.5306,6.8638,0
depth,44,depth_s44,OFF,off/sceneC2/L2__s20260819__0001.png,sceneC2,off,C3a,12,C,3a,0.88086,-13.4518,-13.0389,63.5306,6.8638,0
depth,44,depth_s44,OFF,off/sceneC2/L2__s20260819__0001.png,sceneC2,off,D3a,13,D,3a,0.784083,-13.4518,-13.0389,63.5306,6.8638,0
depth,44,depth_s44,OFF,off/sceneC2/L2__s20260819__0001.png,sceneC2,off,A3b,15,A,3b,0.561947,-13.4518,-13.0389,63.5306,6.8638,0
depth,44,depth_s44,OFF,off/sceneC2/L2__s20260819__0001.png,sceneC2,off,B3b,16,B,3b,0.535511,-13.4518,-13.0389,63.5306,6.8638,0
depth,44,depth_s44,OFF,off/sceneC2/L2__s20260819__0001.png,sceneC2,off,C3b,17,C,3b,0.765366,-13.4518,-13.0389,63.5306,6.8638,0
depth,44,depth_s44,OFF,off/sceneC2/L2__s20260819__0001.png,sceneC2,off,D3b,18,D,3b,0.529796,-13.4518,-13.0389,63.5306,6.8638,0
depth,44,depth_s44,OFF,off/sceneC2/L2__s20260819__0001.png,sceneC2,off,E3b,19,E,3b,0.525002,-13.4518,-13.0389,63.5306,6.8638,0
depth,44,depth_s44,OFF,off/sceneC2/L2__s20260819__0002.png,sceneC2,off,B3a,11,B,3a,0.563533,-11.6494,-2.9872,60.6739,8.321,0
depth,44,depth_s44,OFF,off/sceneC2/L2__s20260819__0002.png,sceneC2,off,C3a,12,C,3a,0.560345,-11.6494,-2.9872,60.6739,8.321,0
depth,44,depth_s44,OFF,off/sceneC2/L2__s20260819__0002.png,sceneC2,off,C3b,17,C,3b,0.664863,-11.6494,-2.9872,60.6739,8.321,0
depth,44,depth_s44,OFF,off/sceneC2/L2__s20260819__0005.png,sceneC2,off,A2,5,A,2,0.983603,-13.9053,-4.7076,63.4803,4.5522,0
depth,44,depth_s44,OFF,off/sceneC2/L2__s20260819__0005.png,sceneC2,off,B2,6,B,2,0.987684,-13.9053,-4.7076,63.4803,4.5522,0
depth,44,depth_s44,OFF,off/sceneC2/L2__s20260819__0005.png,sceneC2,off,C2,7,C,2,0.984706,-13.9053,-4.7076,63.4803,4.5522,0
depth,44,depth_s44,OFF,off/sceneC2/L2__s20260819__0005.png,sceneC2,off,D2,8,D,2,0.987385,-13.9053,-4.7076,63.4803,4.5522,0
depth,44,depth_s44,OFF,off/sceneC2/L2__s20260819__0005.png,sceneC2,off,E2,9,E,2,0.983151,-13.9053,-4.7076,63.4803,4.5522,0
depth,44,depth_s44,OFF,off/sceneC2/L2__s20260819__0005.png,sceneC2,off,A3a,10,A,3a,0.925198,-13.9053,-4.7076,63.4803,4.5522,0
depth,44,depth_s44,OFF,off/sceneC2/L2__s20260819__0005.png,sceneC2,off,B3a,11,B,3a,0.979459,-13.9053,-4.7076,63.4803,4.5522,0
depth,44,depth_s44,OFF,off/sceneC2/L2__s20260819__0005.png,sceneC2,off,C3a,12,C,3a,0.949793,-13.9053,-4.7076,63.4803,4.5522,0
depth,44,depth_s44,OFF,off/sceneC2/L2__s20260819__0005.png,sceneC2,off,D3a,13,D,3a,0.866851,-13.9053,-4.7076,63.4803,4.5522,0
depth,44,depth_s44,OFF,off/sceneC2/L2__s20260819__0005.png,sceneC2,off,E3a,14,E,3a,0.688875,-13.9053,-4.7076,63.4803,4.5522,0
depth,44,depth_s44,OFF,off/sceneC2/L2__s20260819__0005.png,sceneC2,off,A3b,15,A,3b,0.722307,-13.9053,-4.7076,63.4803,4.5522,0
depth,44,depth_s44,OFF,off/sceneC2/L2__s20260819__0005.png,sceneC2,off,B3b,16,B,3b,0.7285,-13.9053,-4.7076,63.4803,4.5522,0
depth,44,depth_s44,OFF,off/sceneC2/L2__s20260819__0005.png,sceneC2,off,C3b,17,C,3b,0.939836,-13.9053,-4.7076,63.4803,4.5522,0
depth,44,depth_s44,OFF,off/sceneC2/L2__s20260819__0005.png,sceneC2,off,D3b,18,D,3b,0.738208,-13.9053,-4.7076,63.4803,4.5522,0
depth,44,depth_s44,OFF,off/sceneC2/L2__s20260819__0005.png,sceneC2,off,E3b,19,E,3b,0.714305,-13.9053,-4.7076,63.4803,4.5522,0
depth,44,depth_s44,OFF,off/sceneC2/L3__s20260819__0001.png,sceneC2,off,A2,5,A,2,0.891142,-13.4518,-13.0389,63.5306,6.8638,0
depth,44,depth_s44,OFF,off/sceneC2/L3__s20260819__0001.png,sceneC2,off,B2,6,B,2,0.899783,-13.4518,-13.0389,63.5306,6.8638,0
depth,44,depth_s44,OFF,off/sceneC2/L3__s20260819__0001.png,sceneC2,off,C2,7,C,2,0.88282,-13.4518,-13.0389,63.5306,6.8638,0
depth,44,depth_s44,OFF,off/sceneC2/L3__s20260819__0001.png,sceneC2,off,D2,8,D,2,0.892825,-13.4518,-13.0389,63.5306,6.8638,0
depth,44,depth_s44,OFF,off/sceneC2/L3__s20260819__0001.png,sceneC2,off,E2,9,E,2,0.887958,-13.4518,-13.0389,63.5306,6.8638,0
depth,44,depth_s44,OFF,off/sceneC2/L3__s20260819__0001.png,sceneC2,off,A3a,10,A,3a,0.803294,-13.4518,-13.0389,63.5306,6.8638,0
depth,44,depth_s44,OFF,off/sceneC2/L3__s20260819__0001.png,sceneC2,off,B3a,11,B,3a,0.926426,-13.4518,-13.0389,63.5306,6.8638,0
depth,44,depth_s44,OFF,off/sceneC2/L3__s20260819__0001.png,sceneC2,off,C3a,12,C,3a,0.88086,-13.4518,-13.0389,63.5306,6.8638,0
depth,44,depth_s44,OFF,off/sceneC2/L3__s20260819__0001.png,sceneC2,off,D3a,13,D,3a,0.784083,-13.4518,-13.0389,63.5306,6.8638,0
depth,44,depth_s44,OFF,off/sceneC2/L3__s20260819__0001.png,sceneC2,off,A3b,15,A,3b,0.561947,-13.4518,-13.0389,63.5306,6.8638,0
depth,44,depth_s44,OFF,off/sceneC2/L3__s20260819__0001.png,sceneC2,off,B3b,16,B,3b,0.535511,-13.4518,-13.0389,63.5306,6.8638,0
depth,44,depth_s44,OFF,off/sceneC2/L3__s20260819__0001.png,sceneC2,off,C3b,17,C,3b,0.765366,-13.4518,-13.0389,63.5306,6.8638,0
depth,44,depth_s44,OFF,off/sceneC2/L3__s20260819__0001.png,sceneC2,off,D3b,18,D,3b,0.529796,-13.4518,-13.0389,63.5306,6.8638,0
depth,44,depth_s44,OFF,off/sceneC2/L3__s20260819__0001.png,sceneC2,off,E3b,19,E,3b,0.525002,-13.4518,-13.0389,63.5306,6.8638,0
depth,44,depth_s44,OFF,off/sceneC2/L3__s20260819__0002.png,sceneC2,off,B3a,11,B,3a,0.563533,-11.6494,-2.9872,60.6739,8.321,0
depth,44,depth_s44,OFF,off/sceneC2/L3__s20260819__0002.png,sceneC2,off,C3a,12,C,3a,0.560345,-11.6494,-2.9872,60.6739,8.321,0
depth,44,depth_s44,OFF,off/sceneC2/L3__s20260819__0002.png,sceneC2,off,C3b,17,C,3b,0.664863,-11.6494,-2.9872,60.6739,8.321,0
depth,44,depth_s44,OFF,off/sceneC2/L3__s20260819__0005.png,sceneC2,off,A2,5,A,2,0.983603,-13.9053,-4.7076,63.4803,4.5522,0
depth,44,depth_s44,OFF,off/sceneC2/L3__s20260819__0005.png,sceneC2,off,B2,6,B,2,0.987684,-13.9053,-4.7076,63.4803,4.5522,0
depth,44,depth_s44,OFF,off/sceneC2/L3__s20260819__0005.png,sceneC2,off,C2,7,C,2,0.984706,-13.9053,-4.7076,63.4803,4.5522,0
depth,44,depth_s44,OFF,off/sceneC2/L3__s20260819__0005.png,sceneC2,off,D2,8,D,2,0.987385,-13.9053,-4.7076,63.4803,4.5522,0
depth,44,depth_s44,OFF,off/sceneC2/L3__s20260819__0005.png,sceneC2,off,E2,9,E,2,0.983151,-13.9053,-4.7076,63.4803,4.5522,0
depth,44,depth_s44,OFF,off/sceneC2/L3__s20260819__0005.png,sceneC2,off,A3a,10,A,3a,0.925198,-13.9053,-4.7076,63.4803,4.5522,0
depth,44,depth_s44,OFF,off/sceneC2/L3__s20260819__0005.png,sceneC2,off,B3a,11,B,3a,0.979459,-13.9053,-4.7076,63.4803,4.5522,0
depth,44,depth_s44,OFF,off/sceneC2/L3__s20260819__0005.png,sceneC2,off,C3a,12,C,3a,0.949793,-13.9053,-4.7076,63.4803,4.5522,0
depth,44,depth_s44,OFF,off/sceneC2/L3__s20260819__0005.png,sceneC2,off,D3a,13,D,3a,0.866851,-13.9053,-4.7076,63.4803,4.5522,0
depth,44,depth_s44,OFF,off/sceneC2/L3__s20260819__0005.png,sceneC2,off,E3a,14,E,3a,0.688875,-13.9053,-4.7076,63.4803,4.5522,0
depth,44,depth_s44,OFF,off/sceneC2/L3__s20260819__0005.png,sceneC2,off,A3b,15,A,3b,0.722307,-13.9053,-4.7076,63.4803,4.5522,0
depth,44,depth_s44,OFF,off/sceneC2/L3__s20260819__0005.png,sceneC2,off,B3b,16,B,3b,0.7285,-13.9053,-4.7076,63.4803,4.5522,0
depth,44,depth_s44,OFF,off/sceneC2/L3__s20260819__0005.png,sceneC2,off,C3b,17,C,3b,0.939836,-13.9053,-4.7076,63.4803,4.5522,0
depth,44,depth_s44,OFF,off/sceneC2/L3__s20260819__0005.png,sceneC2,off,D3b,18,D,3b,0.738208,-13.9053,-4.7076,63.4803,4.5522,0
depth,44,depth_s44,OFF,off/sceneC2/L3__s20260819__0005.png,sceneC2,off,E3b,19,E,3b,0.714305,-13.9053,-4.7076,63.4803,4.5522,0
depth,44,depth_s44,OFF,off/sceneC2/L7__s20260819__0001.png,sceneC2,off,A2,5,A,2,0.891142,-13.4518,-13.0389,63.5306,6.8638,0
depth,44,depth_s44,OFF,off/sceneC2/L7__s20260819__0001.png,sceneC2,off,B2,6,B,2,0.899783,-13.4518,-13.0389,63.5306,6.8638,0
depth,44,depth_s44,OFF,off/sceneC2/L7__s20260819__0001.png,sceneC2,off,C2,7,C,2,0.88282,-13.4518,-13.0389,63.5306,6.8638,0
depth,44,depth_s44,OFF,off/sceneC2/L7__s20260819__0001.png,sceneC2,off,D2,8,D,2,0.892825,-13.4518,-13.0389,63.5306,6.8638,0
depth,44,depth_s44,OFF,off/sceneC2/L7__s20260819__0001.png,sceneC2,off,E2,9,E,2,0.887958,-13.4518,-13.0389,63.5306,6.8638,0
depth,44,depth_s44,OFF,off/sceneC2/L7__s20260819__0001.png,sceneC2,off,A3a,10,A,3a,0.803294,-13.4518,-13.0389,63.5306,6.8638,0
depth,44,depth_s44,OFF,off/sceneC2/L7__s20260819__0001.png,sceneC2,off,B3a,11,B,3a,0.926426,-13.4518,-13.0389,63.5306,6.8638,0
depth,44,depth_s44,OFF,off/sceneC2/L7__s20260819__0001.png,sceneC2,off,C3a,12,C,3a,0.88086,-13.4518,-13.0389,63.5306,6.8638,0
depth,44,depth_s44,OFF,off/sceneC2/L7__s20260819__0001.png,sceneC2,off,D3a,13,D,3a,0.784083,-13.4518,-13.0389,63.5306,6.8638,0
depth,44,depth_s44,OFF,off/sceneC2/L7__s20260819__0001.png,sceneC2,off,A3b,15,A,3b,0.561947,-13.4518,-13.0389,63.5306,6.8638,0
depth,44,depth_s44,OFF,off/sceneC2/L7__s20260819__0001.png,sceneC2,off,B3b,16,B,3b,0.535511,-13.4518,-13.0389,63.5306,6.8638,0
depth,44,depth_s44,OFF,off/sceneC2/L7__s20260819__0001.png,sceneC2,off,C3b,17,C,3b,0.765366,-13.4518,-13.0389,63.5306,6.8638,0
depth,44,depth_s44,OFF,off/sceneC2/L7__s20260819__0001.png,sceneC2,off,D3b,18,D,3b,0.529796,-13.4518,-13.0389,63.5306,6.8638,0
depth,44,depth_s44,OFF,off/sceneC2/L7__s20260819__0001.png,sceneC2,off,E3b,19,E,3b,0.525002,-13.4518,-13.0389,63.5306,6.8638,0
depth,44,depth_s44,OFF,off/sceneC2/L7__s20260819__0002.png,sceneC2,off,B3a,11,B,3a,0.563533,-11.6494,-2.9872,60.6739,8.321,0
depth,44,depth_s44,OFF,off/sceneC2/L7__s20260819__0002.png,sceneC2,off,C3a,12,C,3a,0.560345,-11.6494,-2.9872,60.6739,8.321,0
depth,44,depth_s44,OFF,off/sceneC2/L7__s20260819__0002.png,sceneC2,off,C3b,17,C,3b,0.664863,-11.6494,-2.9872,60.6739,8.321,0
depth,44,depth_s44,OFF,off/sceneC2/L7__s20260819__0005.png,sceneC2,off,A2,5,A,2,0.983603,-13.9053,-4.7076,63.4803,4.5522,0
depth,44,depth_s44,OFF,off/sceneC2/L7__s20260819__0005.png,sceneC2,off,B2,6,B,2,0.987684,-13.9053,-4.7076,63.4803,4.5522,0
depth,44,depth_s44,OFF,off/sceneC2/L7__s20260819__0005.png,sceneC2,off,C2,7,C,2,0.984706,-13.9053,-4.7076,63.4803,4.5522,0
depth,44,depth_s44,OFF,off/sceneC2/L7__s20260819__0005.png,sceneC2,off,D2,8,D,2,0.987385,-13.9053,-4.7076,63.4803,4.5522,0
depth,44,depth_s44,OFF,off/sceneC2/L7__s20260819__0005.png,sceneC2,off,E2,9,E,2,0.983151,-13.9053,-4.7076,63.4803,4.5522,0
depth,44,depth_s44,OFF,off/sceneC2/L7__s20260819__0005.png,sceneC2,off,A3a,10,A,3a,0.925198,-13.9053,-4.7076,63.4803,4.5522,0
depth,44,depth_s44,OFF,off/sceneC2/L7__s20260819__0005.png,sceneC2,off,B3a,11,B,3a,0.979459,-13.9053,-4.7076,63.4803,4.5522,0
depth,44,depth_s44,OFF,off/sceneC2/L7__s20260819__0005.png,sceneC2,off,C3a,12,C,3a,0.949793,-13.9053,-4.7076,63.4803,4.5522,0
depth,44,depth_s44,OFF,off/sceneC2/L7__s20260819__0005.png,sceneC2,off,D3a,13,D,3a,0.866851,-13.9053,-4.7076,63.4803,4.5522,0
depth,44,depth_s44,OFF,off/sceneC2/L7__s20260819__0005.png,sceneC2,off,E3a,14,E,3a,0.688875,-13.9053,-4.7076,63.4803,4.5522,0
depth,44,depth_s44,OFF,off/sceneC2/L7__s20260819__0005.png,sceneC2,off,A3b,15,A,3b,0.722307,-13.9053,-4.7076,63.4803,4.5522,0
depth,44,depth_s44,OFF,off/sceneC2/L7__s20260819__0005.png,sceneC2,off,B3b,16,B,3b,0.7285,-13.9053,-4.7076,63.4803,4.5522,0
depth,44,depth_s44,OFF,off/sceneC2/L7__s20260819__0005.png,sceneC2,off,C3b,17,C,3b,0.939836,-13.9053,-4.7076,63.4803,4.5522,0
depth,44,depth_s44,OFF,off/sceneC2/L7__s20260819__0005.png,sceneC2,off,D3b,18,D,3b,0.738208,-13.9053,-4.7076,63.4803,4.5522,0
depth,44,depth_s44,OFF,off/sceneC2/L7__s20260819__0005.png,sceneC2,off,E3b,19,E,3b,0.714305,-13.9053,-4.7076,63.4803,4.5522,0
depth,44,depth_s44,OFF,off/scene15/L0__s20260820__0001.png::boost_h,scene15,off,B3a,11,B,3a,0.522469,-6.8068,-11.8299,63.9125,9.9013,0
depth,44,depth_s44,OFF,off/scene15/L0__s20260820__0007.png::boost_h,scene15,off,B3a,11,B,3a,0.534062,-9.4753,-12.4083,62.4936,8.3783,0
depth,44,depth_s44,OFF,off/scene15/L4__s20260820__0001.png::boost_h,scene15,off,B3a,11,B,3a,0.522469,-6.8068,-11.8299,63.9125,9.9013,0
depth,44,depth_s44,OFF,off/scene15/L4__s20260820__0007.png::boost_h,scene15,off,B3a,11,B,3a,0.534062,-9.4753,-12.4083,62.4936,8.3783,0
depth,44,depth_s44,OFF,off/scene15/L7__s20260820__0001.png::boost_h,scene15,off,B3a,11,B,3a,0.522469,-6.8068,-11.8299,63.9125,9.9013,0
depth,44,depth_s44,OFF,off/scene15/L7__s20260820__0007.png::boost_h,scene15,off,B3a,11,B,3a,0.534062,-9.4753,-12.4083,62.4936,8.3783,0
depth,44,depth_s44,OFF,off/scene05/L0__s20260820__0001.png::boost_e,scene05,off,C3b,17,C,3b,0.593683,-5.7189,0.3564,61.8831,9.8857,0
depth,44,depth_s44,OFF,off/scene05/L5__s20260820__0001.png::boost_e,scene05,off,C3b,17,C,3b,0.593683,-5.7189,0.3564,61.8831,9.8857,0
depth,44,depth_s44,OFF,off/scene05/L7__s20260820__0001.png::boost_e,scene05,off,C3b,17,C,3b,0.593683,-5.7189,0.3564,61.8831,9.8857,0
depth,44,depth_s44,OFF,off/scene15/L0__s20260820__0001.png::boost_e,scene15,off,A2,5,A,2,0.55161,-6.8068,-11.8299,63.9125,9.9013,0
depth,44,depth_s44,OFF,off/scene15/L0__s20260820__0001.png::boost_e,scene15,off,B2,6,B,2,0.622752,-6.8068,-11.8299,63.9125,9.9013,0
depth,44,depth_s44,OFF,off/scene15/L0__s20260820__0001.png::boost_e,scene15,off,C2,7,C,2,0.625349,-6.8068,-11.8299,63.9125,9.9013,0
depth,44,depth_s44,OFF,off/scene15/L0__s20260820__0001.png::boost_e,scene15,off,D2,8,D,2,0.632171,-6.8068,-11.8299,63.9125,9.9013,0
depth,44,depth_s44,OFF,off/scene15/L0__s20260820__0001.png::boost_e,scene15,off,E2,9,E,2,0.564216,-6.8068,-11.8299,63.9125,9.9013,0
depth,44,depth_s44,OFF,off/scene15/L0__s20260820__0001.png::boost_e,scene15,off,A3a,10,A,3a,0.560868,-6.8068,-11.8299,63.9125,9.9013,0
depth,44,depth_s44,OFF,off/scene15/L0__s20260820__0001.png::boost_e,scene15,off,B3a,11,B,3a,0.674425,-6.8068,-11.8299,63.9125,9.9013,0
depth,44,depth_s44,OFF,off/scene15/L0__s20260820__0001.png::boost_e,scene15,off,C3a,12,C,3a,0.557553,-6.8068,-11.8299,63.9125,9.9013,0
depth,44,depth_s44,OFF,off/scene15/L0__s20260820__0007.png::boost_e,scene15,off,A2,5,A,2,0.507579,-9.4753,-12.4083,62.4936,8.3783,0
depth,44,depth_s44,OFF,off/scene15/L0__s20260820__0007.png::boost_e,scene15,off,B2,6,B,2,0.651028,-9.4753,-12.4083,62.4936,8.3783,0
depth,44,depth_s44,OFF,off/scene15/L0__s20260820__0007.png::boost_e,scene15,off,C2,7,C,2,0.613758,-9.4753,-12.4083,62.4936,8.3783,0
depth,44,depth_s44,OFF,off/scene15/L0__s20260820__0007.png::boost_e,scene15,off,D2,8,D,2,0.614444,-9.4753,-12.4083,62.4936,8.3783,0
depth,44,depth_s44,OFF,off/scene15/L0__s20260820__0007.png::boost_e,scene15,off,E2,9,E,2,0.541107,-9.4753,-12.4083,62.4936,8.3783,0
depth,44,depth_s44,OFF,off/scene15/L0__s20260820__0007.png::boost_e,scene15,off,A3a,10,A,3a,0.631088,-9.4753,-12.4083,62.4936,8.3783,0
depth,44,depth_s44,OFF,off/scene15/L0__s20260820__0007.png::boost_e,scene15,off,B3a,11,B,3a,0.715307,-9.4753,-12.4083,62.4936,8.3783,0
depth,44,depth_s44,OFF,off/scene15/L0__s20260820__0007.png::boost_e,scene15,off,C3a,12,C,3a,0.557526,-9.4753,-12.4083,62.4936,8.3783,0
depth,44,depth_s44,OFF,off/scene15/L4__s20260820__0001.png::boost_e,scene15,off,A2,5,A,2,0.55161,-6.8068,-11.8299,63.9125,9.9013,0
depth,44,depth_s44,OFF,off/scene15/L4__s20260820__0001.png::boost_e,scene15,off,B2,6,B,2,0.622752,-6.8068,-11.8299,63.9125,9.9013,0
depth,44,depth_s44,OFF,off/scene15/L4__s20260820__0001.png::boost_e,scene15,off,C2,7,C,2,0.625349,-6.8068,-11.8299,63.9125,9.9013,0
depth,44,depth_s44,OFF,off/scene15/L4__s20260820__0001.png::boost_e,scene15,off,D2,8,D,2,0.632171,-6.8068,-11.8299,63.9125,9.9013,0
depth,44,depth_s44,OFF,off/scene15/L4__s20260820__0001.png::boost_e,scene15,off,E2,9,E,2,0.564216,-6.8068,-11.8299,63.9125,9.9013,0
depth,44,depth_s44,OFF,off/scene15/L4__s20260820__0001.png::boost_e,scene15,off,A3a,10,A,3a,0.560868,-6.8068,-11.8299,63.9125,9.9013,0
depth,44,depth_s44,OFF,off/scene15/L4__s20260820__0001.png::boost_e,scene15,off,B3a,11,B,3a,0.674425,-6.8068,-11.8299,63.9125,9.9013,0
depth,44,depth_s44,OFF,off/scene15/L4__s20260820__0001.png::boost_e,scene15,off,C3a,12,C,3a,0.557553,-6.8068,-11.8299,63.9125,9.9013,0
depth,44,depth_s44,OFF,off/scene15/L4__s20260820__0007.png::boost_e,scene15,off,A2,5,A,2,0.507579,-9.4753,-12.4083,62.4936,8.3783,0
depth,44,depth_s44,OFF,off/scene15/L4__s20260820__0007.png::boost_e,scene15,off,B2,6,B,2,0.651028,-9.4753,-12.4083,62.4936,8.3783,0
depth,44,depth_s44,OFF,off/scene15/L4__s20260820__0007.png::boost_e,scene15,off,C2,7,C,2,0.613758,-9.4753,-12.4083,62.4936,8.3783,0
depth,44,depth_s44,OFF,off/scene15/L4__s20260820__0007.png::boost_e,scene15,off,D2,8,D,2,0.614444,-9.4753,-12.4083,62.4936,8.3783,0
depth,44,depth_s44,OFF,off/scene15/L4__s20260820__0007.png::boost_e,scene15,off,E2,9,E,2,0.541107,-9.4753,-12.4083,62.4936,8.3783,0
depth,44,depth_s44,OFF,off/scene15/L4__s20260820__0007.png::boost_e,scene15,off,A3a,10,A,3a,0.631088,-9.4753,-12.4083,62.4936,8.3783,0
depth,44,depth_s44,OFF,off/scene15/L4__s20260820__0007.png::boost_e,scene15,off,B3a,11,B,3a,0.715307,-9.4753,-12.4083,62.4936,8.3783,0
depth,44,depth_s44,OFF,off/scene15/L4__s20260820__0007.png::boost_e,scene15,off,C3a,12,C,3a,0.557526,-9.4753,-12.4083,62.4936,8.3783,0
depth,44,depth_s44,OFF,off/scene15/L7__s20260820__0001.png::boost_e,scene15,off,A2,5,A,2,0.55161,-6.8068,-11.8299,63.9125,9.9013,0
depth,44,depth_s44,OFF,off/scene15/L7__s20260820__0001.png::boost_e,scene15,off,B2,6,B,2,0.622752,-6.8068,-11.8299,63.9125,9.9013,0
depth,44,depth_s44,OFF,off/scene15/L7__s20260820__0001.png::boost_e,scene15,off,C2,7,C,2,0.625349,-6.8068,-11.8299,63.9125,9.9013,0
depth,44,depth_s44,OFF,off/scene15/L7__s20260820__0001.png::boost_e,scene15,off,D2,8,D,2,0.632171,-6.8068,-11.8299,63.9125,9.9013,0
depth,44,depth_s44,OFF,off/scene15/L7__s20260820__0001.png::boost_e,scene15,off,E2,9,E,2,0.564216,-6.8068,-11.8299,63.9125,9.9013,0
depth,44,depth_s44,OFF,off/scene15/L7__s20260820__0001.png::boost_e,scene15,off,A3a,10,A,3a,0.560868,-6.8068,-11.8299,63.9125,9.9013,0
depth,44,depth_s44,OFF,off/scene15/L7__s20260820__0001.png::boost_e,scene15,off,B3a,11,B,3a,0.674425,-6.8068,-11.8299,63.9125,9.9013,0
depth,44,depth_s44,OFF,off/scene15/L7__s20260820__0001.png::boost_e,scene15,off,C3a,12,C,3a,0.557553,-6.8068,-11.8299,63.9125,9.9013,0
depth,44,depth_s44,OFF,off/scene15/L7__s20260820__0007.png::boost_e,scene15,off,A2,5,A,2,0.507579,-9.4753,-12.4083,62.4936,8.3783,0
depth,44,depth_s44,OFF,off/scene15/L7__s20260820__0007.png::boost_e,scene15,off,B2,6,B,2,0.651028,-9.4753,-12.4083,62.4936,8.3783,0
depth,44,depth_s44,OFF,off/scene15/L7__s20260820__0007.png::boost_e,scene15,off,C2,7,C,2,0.613758,-9.4753,-12.4083,62.4936,8.3783,0
depth,44,depth_s44,OFF,off/scene15/L7__s20260820__0007.png::boost_e,scene15,off,D2,8,D,2,0.614444,-9.4753,-12.4083,62.4936,8.3783,0
depth,44,depth_s44,OFF,off/scene15/L7__s20260820__0007.png::boost_e,scene15,off,E2,9,E,2,0.541107,-9.4753,-12.4083,62.4936,8.3783,0
depth,44,depth_s44,OFF,off/scene15/L7__s20260820__0007.png::boost_e,scene15,off,A3a,10,A,3a,0.631088,-9.4753,-12.4083,62.4936,8.3783,0
depth,44,depth_s44,OFF,off/scene15/L7__s20260820__0007.png::boost_e,scene15,off,B3a,11,B,3a,0.715307,-9.4753,-12.4083,62.4936,8.3783,0
depth,44,depth_s44,OFF,off/scene15/L7__s20260820__0007.png::boost_e,scene15,off,C3a,12,C,3a,0.557526,-9.4753,-12.4083,62.4936,8.3783,0
depth,44,depth_s44,ON_NEG,on/scene07/L0__s20260819__0000.png,scene07,V,A2,5,A,2,0.942597,-11.6469,5.5321,61.8564,4.6128,0
depth,44,depth_s44,ON_NEG,on/scene07/L0__s20260819__0000.png,scene07,V,B2,6,B,2,0.892005,-11.6469,5.5321,61.8564,4.6128,0
depth,44,depth_s44,ON_NEG,on/scene07/L0__s20260819__0000.png,scene07,V,C2,7,C,2,0.849365,-11.6469,5.5321,61.8564,4.6128,0
depth,44,depth_s44,ON_NEG,on/scene07/L0__s20260819__0000.png,scene07,V,D2,8,D,2,0.919203,-11.6469,5.5321,61.8564,4.6128,0
depth,44,depth_s44,ON_NEG,on/scene07/L0__s20260819__0000.png,scene07,V,E2,9,E,2,0.90688,-11.6469,5.5321,61.8564,4.6128,0
depth,44,depth_s44,ON_NEG,on/scene07/L0__s20260819__0000.png,scene07,V,A3a,10,A,3a,0.949326,-11.6469,5.5321,61.8564,4.6128,0
depth,44,depth_s44,ON_NEG,on/scene07/L0__s20260819__0000.png,scene07,V,E3a,14,E,3a,0.806692,-11.6469,5.5321,61.8564,4.6128,0
depth,44,depth_s44,ON_NEG,on/scene07/L0__s20260819__0002.png,scene07,V,A2,5,A,2,0.508191,-7.922,-1.0116,61.5513,7.0947,0
depth,44,depth_s44,ON_NEG,on/scene07/L0__s20260819__0002.png,scene07,V,A3a,10,A,3a,0.795402,-7.922,-1.0116,61.5513,7.0947,0
depth,44,depth_s44,ON_NEG,on/scene07/L0__s20260819__0002.png,scene07,V,B3a,11,B,3a,0.724821,-7.922,-1.0116,61.5513,7.0947,0
depth,44,depth_s44,ON_NEG,on/scene07/L0__s20260819__0002.png,scene07,V,C3a,12,C,3a,0.777455,-7.922,-1.0116,61.5513,7.0947,0
depth,44,depth_s44,ON_NEG,on/scene07/L0__s20260819__0002.png,scene07,V,D3a,13,D,3a,0.737843,-7.922,-1.0116,61.5513,7.0947,0
depth,44,depth_s44,ON_NEG,on/scene07/L0__s20260819__0002.png,scene07,V,E3a,14,E,3a,0.557949,-7.922,-1.0116,61.5513,7.0947,0
depth,44,depth_s44,ON_NEG,on/scene07/L0__s20260819__0003.png,scene07,V,B1,1,B,1,0.930855,-9.8928,4.8712,61.7741,2.4361,0
depth,44,depth_s44,ON_NEG,on/scene07/L0__s20260819__0003.png,scene07,V,C1,2,C,1,0.762357,-9.8928,4.8712,61.7741,2.4361,0
depth,44,depth_s44,ON_NEG,on/scene07/L0__s20260819__0003.png,scene07,V,D1,3,D,1,0.637357,-9.8928,4.8712,61.7741,2.4361,0
depth,44,depth_s44,ON_NEG,on/scene07/L0__s20260819__0003.png,scene07,V,E1,4,E,1,0.799084,-9.8928,4.8712,61.7741,2.4361,0
depth,44,depth_s44,ON_NEG,on/scene07/L0__s20260819__0003.png,scene07,V,A2,5,A,2,0.999461,-9.8928,4.8712,61.7741,2.4361,0
depth,44,depth_s44,ON_NEG,on/scene07/L0__s20260819__0003.png,scene07,V,E2,9,E,2,0.999809,-9.8928,4.8712,61.7741,2.4361,0
depth,44,depth_s44,ON_NEG,on/scene07/L0__s20260819__0003.png,scene07,V,E3a,14,E,3a,0.988649,-9.8928,4.8712,61.7741,2.4361,0
depth,44,depth_s44,ON_NEG,on/scene07/L0__s20260819__0003.png,scene07,V,D3b,18,D,3b,0.993397,-9.8928,4.8712,61.7741,2.4361,0
depth,44,depth_s44,ON_NEG,on/scene07/L0__s20260819__0003.png,scene07,V,E3b,19,E,3b,0.995218,-9.8928,4.8712,61.7741,2.4361,0
depth,44,depth_s44,ON_NEG,on/scene07/L0__s20260819__0004.png,scene07,V,A2,5,A,2,0.615667,-12.8155,-12.0811,63.2809,3.8019,0
depth,44,depth_s44,ON_NEG,on/scene07/L0__s20260819__0004.png,scene07,V,B2,6,B,2,0.553883,-12.8155,-12.0811,63.2809,3.8019,0
depth,44,depth_s44,ON_NEG,on/scene07/L0__s20260819__0004.png,scene07,V,D2,8,D,2,0.546379,-12.8155,-12.0811,63.2809,3.8019,0
depth,44,depth_s44,ON_NEG,on/scene07/L0__s20260819__0004.png,scene07,V,C3a,12,C,3a,0.845561,-12.8155,-12.0811,63.2809,3.8019,0
depth,44,depth_s44,ON_NEG,on/scene07/L0__s20260819__0004.png,scene07,V,D3a,13,D,3a,0.759524,-12.8155,-12.0811,63.2809,3.8019,0
depth,44,depth_s44,ON_NEG,on/scene07/L0__s20260819__0004.png,scene07,V,E3a,14,E,3a,0.578228,-12.8155,-12.0811,63.2809,3.8019,0
depth,44,depth_s44,ON_NEG,on/scene07/L0__s20260819__0004.png,scene07,V,C3b,17,C,3b,0.696778,-12.8155,-12.0811,63.2809,3.8019,0
depth,44,depth_s44,ON_NEG,on/scene07/L0__s20260819__0005.png,scene07,V,A2,5,A,2,0.973857,-9.3221,15.6943,62.9084,4.5788,0
depth,44,depth_s44,ON_NEG,on/scene07/L0__s20260819__0005.png,scene07,V,B2,6,B,2,0.938956,-9.3221,15.6943,62.9084,4.5788,0
depth,44,depth_s44,ON_NEG,on/scene07/L0__s20260819__0005.png,scene07,V,C2,7,C,2,0.925287,-9.3221,15.6943,62.9084,4.5788,0
depth,44,depth_s44,ON_NEG,on/scene07/L0__s20260819__0005.png,scene07,V,D2,8,D,2,0.962894,-9.3221,15.6943,62.9084,4.5788,0
depth,44,depth_s44,ON_NEG,on/scene07/L0__s20260819__0005.png,scene07,V,E2,9,E,2,0.959953,-9.3221,15.6943,62.9084,4.5788,0
depth,44,depth_s44,ON_NEG,on/scene07/L0__s20260819__0005.png,scene07,V,A3a,10,A,3a,0.932402,-9.3221,15.6943,62.9084,4.5788,0
depth,44,depth_s44,ON_NEG,on/scene07/L0__s20260819__0005.png,scene07,V,A3b,15,A,3b,0.815752,-9.3221,15.6943,62.9084,4.5788,0
depth,44,depth_s44,ON_NEG,on/scene07/L0__s20260819__0005.png,scene07,V,E3b,19,E,3b,0.677632,-9.3221,15.6943,62.9084,4.5788,0
depth,44,depth_s44,ON_NEG,on/scene07/L0__s20260819__0006.png,scene07,V,D2,8,D,2,0.649346,-3.7993,3.5452,60.5677,1.5559,0
depth,44,depth_s44,ON_NEG,on/scene07/L0__s20260819__0006.png,scene07,V,E2,9,E,2,0.608908,-3.7993,3.5452,60.5677,1.5559,0
depth,44,depth_s44,ON_NEG,on/scene07/L0__s20260819__0006.png,scene07,V,D3a,13,D,3a,0.780571,-3.7993,3.5452,60.5677,1.5559,0
depth,44,depth_s44,ON_NEG,on/scene07/L0__s20260819__0006.png,scene07,V,D3b,18,D,3b,0.711291,-3.7993,3.5452,60.5677,1.5559,0
depth,44,depth_s44,ON_NEG,on/scene07/L0__s20260819__0006.png,scene07,V,E3b,19,E,3b,0.753952,-3.7993,3.5452,60.5677,1.5559,0
depth,44,depth_s44,ON_NEG,on/scene07/L0__s20260819__0007.png,scene07,V,A2,5,A,2,0.567222,-9.7299,-3.7756,59.9335,3.9995,0
depth,44,depth_s44,ON_NEG,on/scene07/L0__s20260819__0007.png,scene07,V,B2,6,B,2,0.516025,-9.7299,-3.7756,59.9335,3.9995,0
depth,44,depth_s44,ON_NEG,on/scene07/L0__s20260819__0007.png,scene07,V,D2,8,D,2,0.503188,-9.7299,-3.7756,59.9335,3.9995,0
depth,44,depth_s44,ON_NEG,on/scene07/L0__s20260819__0007.png,scene07,V,D3a,13,D,3a,0.758538,-9.7299,-3.7756,59.9335,3.9995,0
depth,44,depth_s44,ON_NEG,on/scene07/L0__s20260819__0007.png,scene07,V,E3a,14,E,3a,0.584043,-9.7299,-3.7756,59.9335,3.9995,0
depth,44,depth_s44,ON_NEG,on/scene07/L0__s20260819__0007.png,scene07,V,C3b,17,C,3b,0.693139,-9.7299,-3.7756,59.9335,3.9995,0
depth,44,depth_s44,ON_NEG,on/scene07/L5__s20260819__0000.png,scene07,V,A2,5,A,2,0.942597,-11.6469,5.5321,61.8564,4.6128,0
depth,44,depth_s44,ON_NEG,on/scene07/L5__s20260819__0000.png,scene07,V,B2,6,B,2,0.892005,-11.6469,5.5321,61.8564,4.6128,0
depth,44,depth_s44,ON_NEG,on/scene07/L5__s20260819__0000.png,scene07,V,C2,7,C,2,0.849365,-11.6469,5.5321,61.8564,4.6128,0
depth,44,depth_s44,ON_NEG,on/scene07/L5__s20260819__0000.png,scene07,V,D2,8,D,2,0.919203,-11.6469,5.5321,61.8564,4.6128,0
depth,44,depth_s44,ON_NEG,on/scene07/L5__s20260819__0000.png,scene07,V,E2,9,E,2,0.90688,-11.6469,5.5321,61.8564,4.6128,0
depth,44,depth_s44,ON_NEG,on/scene07/L5__s20260819__0000.png,scene07,V,A3a,10,A,3a,0.949326,-11.6469,5.5321,61.8564,4.6128,0
depth,44,depth_s44,ON_NEG,on/scene07/L5__s20260819__0000.png,scene07,V,E3a,14,E,3a,0.806692,-11.6469,5.5321,61.8564,4.6128,0
depth,44,depth_s44,ON_NEG,on/scene07/L5__s20260819__0002.png,scene07,V,A2,5,A,2,0.508191,-7.922,-1.0116,61.5513,7.0947,0
depth,44,depth_s44,ON_NEG,on/scene07/L5__s20260819__0002.png,scene07,V,A3a,10,A,3a,0.795402,-7.922,-1.0116,61.5513,7.0947,0
depth,44,depth_s44,ON_NEG,on/scene07/L5__s20260819__0002.png,scene07,V,B3a,11,B,3a,0.724821,-7.922,-1.0116,61.5513,7.0947,0
depth,44,depth_s44,ON_NEG,on/scene07/L5__s20260819__0002.png,scene07,V,C3a,12,C,3a,0.777455,-7.922,-1.0116,61.5513,7.0947,0
depth,44,depth_s44,ON_NEG,on/scene07/L5__s20260819__0002.png,scene07,V,D3a,13,D,3a,0.737843,-7.922,-1.0116,61.5513,7.0947,0
depth,44,depth_s44,ON_NEG,on/scene07/L5__s20260819__0002.png,scene07,V,E3a,14,E,3a,0.557949,-7.922,-1.0116,61.5513,7.0947,0
depth,44,depth_s44,ON_NEG,on/scene07/L5__s20260819__0003.png,scene07,V,B1,1,B,1,0.930855,-9.8928,4.8712,61.7741,2.4361,0
depth,44,depth_s44,ON_NEG,on/scene07/L5__s20260819__0003.png,scene07,V,C1,2,C,1,0.762357,-9.8928,4.8712,61.7741,2.4361,0
depth,44,depth_s44,ON_NEG,on/scene07/L5__s20260819__0003.png,scene07,V,D1,3,D,1,0.637357,-9.8928,4.8712,61.7741,2.4361,0
depth,44,depth_s44,ON_NEG,on/scene07/L5__s20260819__0003.png,scene07,V,E1,4,E,1,0.799084,-9.8928,4.8712,61.7741,2.4361,0
depth,44,depth_s44,ON_NEG,on/scene07/L5__s20260819__0003.png,scene07,V,A2,5,A,2,0.999461,-9.8928,4.8712,61.7741,2.4361,0
depth,44,depth_s44,ON_NEG,on/scene07/L5__s20260819__0003.png,scene07,V,E2,9,E,2,0.999809,-9.8928,4.8712,61.7741,2.4361,0
depth,44,depth_s44,ON_NEG,on/scene07/L5__s20260819__0003.png,scene07,V,E3a,14,E,3a,0.988649,-9.8928,4.8712,61.7741,2.4361,0
depth,44,depth_s44,ON_NEG,on/scene07/L5__s20260819__0003.png,scene07,V,D3b,18,D,3b,0.993397,-9.8928,4.8712,61.7741,2.4361,0
depth,44,depth_s44,ON_NEG,on/scene07/L5__s20260819__0003.png,scene07,V,E3b,19,E,3b,0.995218,-9.8928,4.8712,61.7741,2.4361,0
depth,44,depth_s44,ON_NEG,on/scene07/L5__s20260819__0004.png,scene07,V,A2,5,A,2,0.615667,-12.8155,-12.0811,63.2809,3.8019,0
depth,44,depth_s44,ON_NEG,on/scene07/L5__s20260819__0004.png,scene07,V,B2,6,B,2,0.553883,-12.8155,-12.0811,63.2809,3.8019,0
depth,44,depth_s44,ON_NEG,on/scene07/L5__s20260819__0004.png,scene07,V,D2,8,D,2,0.546379,-12.8155,-12.0811,63.2809,3.8019,0
depth,44,depth_s44,ON_NEG,on/scene07/L5__s20260819__0004.png,scene07,V,C3a,12,C,3a,0.845561,-12.8155,-12.0811,63.2809,3.8019,0
depth,44,depth_s44,ON_NEG,on/scene07/L5__s20260819__0004.png,scene07,V,D3a,13,D,3a,0.759524,-12.8155,-12.0811,63.2809,3.8019,0
depth,44,depth_s44,ON_NEG,on/scene07/L5__s20260819__0004.png,scene07,V,E3a,14,E,3a,0.578228,-12.8155,-12.0811,63.2809,3.8019,0
depth,44,depth_s44,ON_NEG,on/scene07/L5__s20260819__0004.png,scene07,V,C3b,17,C,3b,0.696778,-12.8155,-12.0811,63.2809,3.8019,0
depth,44,depth_s44,ON_NEG,on/scene07/L5__s20260819__0005.png,scene07,V,A2,5,A,2,0.973857,-9.3221,15.6943,62.9084,4.5788,0
depth,44,depth_s44,ON_NEG,on/scene07/L5__s20260819__0005.png,scene07,V,B2,6,B,2,0.938956,-9.3221,15.6943,62.9084,4.5788,0
depth,44,depth_s44,ON_NEG,on/scene07/L5__s20260819__0005.png,scene07,V,C2,7,C,2,0.925287,-9.3221,15.6943,62.9084,4.5788,0
depth,44,depth_s44,ON_NEG,on/scene07/L5__s20260819__0005.png,scene07,V,D2,8,D,2,0.962894,-9.3221,15.6943,62.9084,4.5788,0
depth,44,depth_s44,ON_NEG,on/scene07/L5__s20260819__0005.png,scene07,V,E2,9,E,2,0.959953,-9.3221,15.6943,62.9084,4.5788,0
depth,44,depth_s44,ON_NEG,on/scene07/L5__s20260819__0005.png,scene07,V,A3a,10,A,3a,0.932402,-9.3221,15.6943,62.9084,4.5788,0
depth,44,depth_s44,ON_NEG,on/scene07/L5__s20260819__0005.png,scene07,V,A3b,15,A,3b,0.815752,-9.3221,15.6943,62.9084,4.5788,0
depth,44,depth_s44,ON_NEG,on/scene07/L5__s20260819__0005.png,scene07,V,E3b,19,E,3b,0.677632,-9.3221,15.6943,62.9084,4.5788,0
depth,44,depth_s44,ON_NEG,on/scene07/L5__s20260819__0006.png,scene07,V,D2,8,D,2,0.649346,-3.7993,3.5452,60.5677,1.5559,0
depth,44,depth_s44,ON_NEG,on/scene07/L5__s20260819__0006.png,scene07,V,E2,9,E,2,0.608908,-3.7993,3.5452,60.5677,1.5559,0
depth,44,depth_s44,ON_NEG,on/scene07/L5__s20260819__0006.png,scene07,V,D3a,13,D,3a,0.780571,-3.7993,3.5452,60.5677,1.5559,0
depth,44,depth_s44,ON_NEG,on/scene07/L5__s20260819__0006.png,scene07,V,D3b,18,D,3b,0.711291,-3.7993,3.5452,60.5677,1.5559,0
depth,44,depth_s44,ON_NEG,on/scene07/L5__s20260819__0006.png,scene07,V,E3b,19,E,3b,0.753952,-3.7993,3.5452,60.5677,1.5559,0
depth,44,depth_s44,ON_NEG,on/scene07/L5__s20260819__0007.png,scene07,V,A2,5,A,2,0.567222,-9.7299,-3.7756,59.9335,3.9995,0
depth,44,depth_s44,ON_NEG,on/scene07/L5__s20260819__0007.png,scene07,V,B2,6,B,2,0.516025,-9.7299,-3.7756,59.9335,3.9995,0
depth,44,depth_s44,ON_NEG,on/scene07/L5__s20260819__0007.png,scene07,V,D2,8,D,2,0.503188,-9.7299,-3.7756,59.9335,3.9995,0
depth,44,depth_s44,ON_NEG,on/scene07/L5__s20260819__0007.png,scene07,V,D3a,13,D,3a,0.758538,-9.7299,-3.7756,59.9335,3.9995,0
depth,44,depth_s44,ON_NEG,on/scene07/L5__s20260819__0007.png,scene07,V,E3a,14,E,3a,0.584043,-9.7299,-3.7756,59.9335,3.9995,0
depth,44,depth_s44,ON_NEG,on/scene07/L5__s20260819__0007.png,scene07,V,C3b,17,C,3b,0.693139,-9.7299,-3.7756,59.9335,3.9995,0
depth,44,depth_s44,ON_NEG,on/scene07/L7__s20260819__0000.png,scene07,V,A2,5,A,2,0.942597,-11.6469,5.5321,61.8564,4.6128,0
depth,44,depth_s44,ON_NEG,on/scene07/L7__s20260819__0000.png,scene07,V,B2,6,B,2,0.892005,-11.6469,5.5321,61.8564,4.6128,0
depth,44,depth_s44,ON_NEG,on/scene07/L7__s20260819__0000.png,scene07,V,C2,7,C,2,0.849365,-11.6469,5.5321,61.8564,4.6128,0
depth,44,depth_s44,ON_NEG,on/scene07/L7__s20260819__0000.png,scene07,V,D2,8,D,2,0.919203,-11.6469,5.5321,61.8564,4.6128,0
depth,44,depth_s44,ON_NEG,on/scene07/L7__s20260819__0000.png,scene07,V,E2,9,E,2,0.90688,-11.6469,5.5321,61.8564,4.6128,0
depth,44,depth_s44,ON_NEG,on/scene07/L7__s20260819__0000.png,scene07,V,A3a,10,A,3a,0.949326,-11.6469,5.5321,61.8564,4.6128,0
depth,44,depth_s44,ON_NEG,on/scene07/L7__s20260819__0000.png,scene07,V,E3a,14,E,3a,0.806692,-11.6469,5.5321,61.8564,4.6128,0
depth,44,depth_s44,ON_NEG,on/scene07/L7__s20260819__0002.png,scene07,V,A2,5,A,2,0.508191,-7.922,-1.0116,61.5513,7.0947,0
depth,44,depth_s44,ON_NEG,on/scene07/L7__s20260819__0002.png,scene07,V,A3a,10,A,3a,0.795402,-7.922,-1.0116,61.5513,7.0947,0
depth,44,depth_s44,ON_NEG,on/scene07/L7__s20260819__0002.png,scene07,V,B3a,11,B,3a,0.724821,-7.922,-1.0116,61.5513,7.0947,0
depth,44,depth_s44,ON_NEG,on/scene07/L7__s20260819__0002.png,scene07,V,C3a,12,C,3a,0.777455,-7.922,-1.0116,61.5513,7.0947,0
depth,44,depth_s44,ON_NEG,on/scene07/L7__s20260819__0002.png,scene07,V,D3a,13,D,3a,0.737843,-7.922,-1.0116,61.5513,7.0947,0
depth,44,depth_s44,ON_NEG,on/scene07/L7__s20260819__0002.png,scene07,V,E3a,14,E,3a,0.557949,-7.922,-1.0116,61.5513,7.0947,0
depth,44,depth_s44,ON_NEG,on/scene07/L7__s20260819__0003.png,scene07,V,B1,1,B,1,0.930855,-9.8928,4.8712,61.7741,2.4361,0
depth,44,depth_s44,ON_NEG,on/scene07/L7__s20260819__0003.png,scene07,V,C1,2,C,1,0.762357,-9.8928,4.8712,61.7741,2.4361,0
depth,44,depth_s44,ON_NEG,on/scene07/L7__s20260819__0003.png,scene07,V,D1,3,D,1,0.637357,-9.8928,4.8712,61.7741,2.4361,0
depth,44,depth_s44,ON_NEG,on/scene07/L7__s20260819__0003.png,scene07,V,E1,4,E,1,0.799084,-9.8928,4.8712,61.7741,2.4361,0
depth,44,depth_s44,ON_NEG,on/scene07/L7__s20260819__0003.png,scene07,V,A2,5,A,2,0.999461,-9.8928,4.8712,61.7741,2.4361,0
depth,44,depth_s44,ON_NEG,on/scene07/L7__s20260819__0003.png,scene07,V,E2,9,E,2,0.999809,-9.8928,4.8712,61.7741,2.4361,0
depth,44,depth_s44,ON_NEG,on/scene07/L7__s20260819__0003.png,scene07,V,E3a,14,E,3a,0.988649,-9.8928,4.8712,61.7741,2.4361,0
depth,44,depth_s44,ON_NEG,on/scene07/L7__s20260819__0003.png,scene07,V,D3b,18,D,3b,0.993397,-9.8928,4.8712,61.7741,2.4361,0
depth,44,depth_s44,ON_NEG,on/scene07/L7__s20260819__0003.png,scene07,V,E3b,19,E,3b,0.995218,-9.8928,4.8712,61.7741,2.4361,0
depth,44,depth_s44,ON_NEG,on/scene07/L7__s20260819__0004.png,scene07,V,A2,5,A,2,0.615667,-12.8155,-12.0811,63.2809,3.8019,0
depth,44,depth_s44,ON_NEG,on/scene07/L7__s20260819__0004.png,scene07,V,B2,6,B,2,0.553883,-12.8155,-12.0811,63.2809,3.8019,0
depth,44,depth_s44,ON_NEG,on/scene07/L7__s20260819__0004.png,scene07,V,D2,8,D,2,0.546379,-12.8155,-12.0811,63.2809,3.8019,0
depth,44,depth_s44,ON_NEG,on/scene07/L7__s20260819__0004.png,scene07,V,C3a,12,C,3a,0.845561,-12.8155,-12.0811,63.2809,3.8019,0
depth,44,depth_s44,ON_NEG,on/scene07/L7__s20260819__0004.png,scene07,V,D3a,13,D,3a,0.759524,-12.8155,-12.0811,63.2809,3.8019,0
depth,44,depth_s44,ON_NEG,on/scene07/L7__s20260819__0004.png,scene07,V,E3a,14,E,3a,0.578228,-12.8155,-12.0811,63.2809,3.8019,0
depth,44,depth_s44,ON_NEG,on/scene07/L7__s20260819__0004.png,scene07,V,C3b,17,C,3b,0.696778,-12.8155,-12.0811,63.2809,3.8019,0
depth,44,depth_s44,ON_NEG,on/scene07/L7__s20260819__0005.png,scene07,V,A2,5,A,2,0.973857,-9.3221,15.6943,62.9084,4.5788,0
depth,44,depth_s44,ON_NEG,on/scene07/L7__s20260819__0005.png,scene07,V,B2,6,B,2,0.938956,-9.3221,15.6943,62.9084,4.5788,0
depth,44,depth_s44,ON_NEG,on/scene07/L7__s20260819__0005.png,scene07,V,C2,7,C,2,0.925287,-9.3221,15.6943,62.9084,4.5788,0
depth,44,depth_s44,ON_NEG,on/scene07/L7__s20260819__0005.png,scene07,V,D2,8,D,2,0.962894,-9.3221,15.6943,62.9084,4.5788,0
depth,44,depth_s44,ON_NEG,on/scene07/L7__s20260819__0005.png,scene07,V,E2,9,E,2,0.959953,-9.3221,15.6943,62.9084,4.5788,0
depth,44,depth_s44,ON_NEG,on/scene07/L7__s20260819__0005.png,scene07,V,A3a,10,A,3a,0.932402,-9.3221,15.6943,62.9084,4.5788,0
depth,44,depth_s44,ON_NEG,on/scene07/L7__s20260819__0005.png,scene07,V,A3b,15,A,3b,0.815752,-9.3221,15.6943,62.9084,4.5788,0
depth,44,depth_s44,ON_NEG,on/scene07/L7__s20260819__0005.png,scene07,V,E3b,19,E,3b,0.677632,-9.3221,15.6943,62.9084,4.5788,0
depth,44,depth_s44,ON_NEG,on/scene07/L7__s20260819__0006.png,scene07,V,D2,8,D,2,0.649346,-3.7993,3.5452,60.5677,1.5559,0
depth,44,depth_s44,ON_NEG,on/scene07/L7__s20260819__0006.png,scene07,V,E2,9,E,2,0.608908,-3.7993,3.5452,60.5677,1.5559,0
depth,44,depth_s44,ON_NEG,on/scene07/L7__s20260819__0006.png,scene07,V,D3a,13,D,3a,0.780571,-3.7993,3.5452,60.5677,1.5559,0
depth,44,depth_s44,ON_NEG,on/scene07/L7__s20260819__0006.png,scene07,V,D3b,18,D,3b,0.711291,-3.7993,3.5452,60.5677,1.5559,0
depth,44,depth_s44,ON_NEG,on/scene07/L7__s20260819__0006.png,scene07,V,E3b,19,E,3b,0.753952,-3.7993,3.5452,60.5677,1.5559,0
depth,44,depth_s44,ON_NEG,on/scene07/L7__s20260819__0007.png,scene07,V,A2,5,A,2,0.567222,-9.7299,-3.7756,59.9335,3.9995,0
depth,44,depth_s44,ON_NEG,on/scene07/L7__s20260819__0007.png,scene07,V,B2,6,B,2,0.516025,-9.7299,-3.7756,59.9335,3.9995,0
depth,44,depth_s44,ON_NEG,on/scene07/L7__s20260819__0007.png,scene07,V,D2,8,D,2,0.503188,-9.7299,-3.7756,59.9335,3.9995,0
depth,44,depth_s44,ON_NEG,on/scene07/L7__s20260819__0007.png,scene07,V,D3a,13,D,3a,0.758538,-9.7299,-3.7756,59.9335,3.9995,0
depth,44,depth_s44,ON_NEG,on/scene07/L7__s20260819__0007.png,scene07,V,E3a,14,E,3a,0.584043,-9.7299,-3.7756,59.9335,3.9995,0
depth,44,depth_s44,ON_NEG,on/scene07/L7__s20260819__0007.png,scene07,V,C3b,17,C,3b,0.693139,-9.7299,-3.7756,59.9335,3.9995,0
depth,44,depth_s44,ON_NEG,on/scene14/L0__s20260819__0004.png,scene14,H,E3b,19,E,3b,0.59713,-9.4161,-17.2604,60.9456,8.4208,0
depth,44,depth_s44,ON_NEG,on/scene14/L5__s20260819__0004.png,scene14,H,E3b,19,E,3b,0.59713,-9.4161,-17.2604,60.9456,8.4208,0
depth,44,depth_s44,ON_NEG,on/scene14/L7__s20260819__0004.png,scene14,H,E3b,19,E,3b,0.59713,-9.4161,-17.2604,60.9456,8.4208,0
depth,44,depth_s44,ON_NEG,on/scene15/L0__s20260819__0001.png,scene15,V,D2,8,D,2,0.631248,-7.5218,-9.2458,61.8359,1.858,0
depth,44,depth_s44,ON_NEG,on/scene15/L0__s20260819__0001.png,scene15,V,E2,9,E,2,0.5447,-7.5218,-9.2458,61.8359,1.858,0
depth,44,depth_s44,ON_NEG,on/scene15/L0__s20260819__0001.png,scene15,V,A3a,10,A,3a,0.776811,-7.5218,-9.2458,61.8359,1.858,0
depth,44,depth_s44,ON_NEG,on/scene15/L0__s20260819__0001.png,scene15,V,D3a,13,D,3a,0.611154,-7.5218,-9.2458,61.8359,1.858,0
depth,44,depth_s44,ON_NEG,on/scene15/L0__s20260819__0001.png,scene15,V,A3b,15,A,3b,0.661377,-7.5218,-9.2458,61.8359,1.858,0
depth,44,depth_s44,ON_NEG,on/scene15/L0__s20260819__0001.png,scene15,V,D3b,18,D,3b,0.558687,-7.5218,-9.2458,61.8359,1.858,0
depth,44,depth_s44,ON_NEG,on/scene15/L0__s20260819__0001.png,scene15,V,E3b,19,E,3b,0.537555,-7.5218,-9.2458,61.8359,1.858,0
depth,44,depth_s44,ON_NEG,on/scene15/L0__s20260819__0003.png,scene15,V,A3a,10,A,3a,0.545519,-13.9162,-3.4361,63.7846,1.3693,0
depth,44,depth_s44,ON_NEG,on/scene15/L0__s20260819__0004.png,scene15,V,B3a,11,B,3a,0.506808,-11.0394,5.5473,63.0915,5.5065,0
depth,44,depth_s44,ON_NEG,on/scene15/L0__s20260819__0005.png,scene15,V,B2,6,B,2,0.535261,-12.9205,6.4099,63.9932,3.0224,0
depth,44,depth_s44,ON_NEG,on/scene15/L0__s20260819__0005.png,scene15,V,A3a,10,A,3a,0.668847,-12.9205,6.4099,63.9932,3.0224,0
depth,44,depth_s44,ON_NEG,on/scene15/L0__s20260819__0005.png,scene15,V,B3a,11,B,3a,0.786046,-12.9205,6.4099,63.9932,3.0224,0
depth,44,depth_s44,ON_NEG,on/scene15/L0__s20260819__0005.png,scene15,V,A3b,15,A,3b,0.550579,-12.9205,6.4099,63.9932,3.0224,0
depth,44,depth_s44,ON_NEG,on/scene15/L0__s20260819__0005.png,scene15,V,B3b,16,B,3b,0.581102,-12.9205,6.4099,63.9932,3.0224,0
depth,44,depth_s44,ON_NEG,on/scene15/L0__s20260819__0006.png,scene15,V,C2,7,C,2,0.59699,-9.1914,-18.2162,60.3765,2.2421,0
depth,44,depth_s44,ON_NEG,on/scene15/L0__s20260819__0006.png,scene15,V,D2,8,D,2,0.616526,-9.1914,-18.2162,60.3765,2.2421,0
depth,44,depth_s44,ON_NEG,on/scene15/L0__s20260819__0006.png,scene15,V,E2,9,E,2,0.520969,-9.1914,-18.2162,60.3765,2.2421,0
depth,44,depth_s44,ON_NEG,on/scene15/L0__s20260819__0006.png,scene15,V,C3a,12,C,3a,0.857001,-9.1914,-18.2162,60.3765,2.2421,0
depth,44,depth_s44,ON_NEG,on/scene15/L0__s20260819__0006.png,scene15,V,D3a,13,D,3a,0.573463,-9.1914,-18.2162,60.3765,2.2421,0
depth,44,depth_s44,ON_NEG,on/scene15/L0__s20260819__0006.png,scene15,V,C3b,17,C,3b,0.712077,-9.1914,-18.2162,60.3765,2.2421,0
depth,44,depth_s44,ON_NEG,on/scene15/L0__s20260819__0006.png,scene15,V,D3b,18,D,3b,0.533113,-9.1914,-18.2162,60.3765,2.2421,0
depth,44,depth_s44,ON_NEG,on/scene15/L4__s20260819__0001.png,scene15,V,D2,8,D,2,0.631248,-7.5218,-9.2458,61.8359,1.858,0
depth,44,depth_s44,ON_NEG,on/scene15/L4__s20260819__0001.png,scene15,V,E2,9,E,2,0.5447,-7.5218,-9.2458,61.8359,1.858,0
depth,44,depth_s44,ON_NEG,on/scene15/L4__s20260819__0001.png,scene15,V,A3a,10,A,3a,0.776811,-7.5218,-9.2458,61.8359,1.858,0
depth,44,depth_s44,ON_NEG,on/scene15/L4__s20260819__0001.png,scene15,V,D3a,13,D,3a,0.611154,-7.5218,-9.2458,61.8359,1.858,0
depth,44,depth_s44,ON_NEG,on/scene15/L4__s20260819__0001.png,scene15,V,A3b,15,A,3b,0.661377,-7.5218,-9.2458,61.8359,1.858,0
depth,44,depth_s44,ON_NEG,on/scene15/L4__s20260819__0001.png,scene15,V,D3b,18,D,3b,0.558687,-7.5218,-9.2458,61.8359,1.858,0
depth,44,depth_s44,ON_NEG,on/scene15/L4__s20260819__0001.png,scene15,V,E3b,19,E,3b,0.537555,-7.5218,-9.2458,61.8359,1.858,0
depth,44,depth_s44,ON_NEG,on/scene15/L4__s20260819__0003.png,scene15,V,A3a,10,A,3a,0.545519,-13.9162,-3.4361,63.7846,1.3693,0
depth,44,depth_s44,ON_NEG,on/scene15/L4__s20260819__0004.png,scene15,V,B3a,11,B,3a,0.506808,-11.0394,5.5473,63.0915,5.5065,0
depth,44,depth_s44,ON_NEG,on/scene15/L4__s20260819__0005.png,scene15,V,B2,6,B,2,0.535261,-12.9205,6.4099,63.9932,3.0224,0
depth,44,depth_s44,ON_NEG,on/scene15/L4__s20260819__0005.png,scene15,V,A3a,10,A,3a,0.668847,-12.9205,6.4099,63.9932,3.0224,0
depth,44,depth_s44,ON_NEG,on/scene15/L4__s20260819__0005.png,scene15,V,B3a,11,B,3a,0.786046,-12.9205,6.4099,63.9932,3.0224,0
depth,44,depth_s44,ON_NEG,on/scene15/L4__s20260819__0005.png,scene15,V,A3b,15,A,3b,0.550579,-12.9205,6.4099,63.9932,3.0224,0
depth,44,depth_s44,ON_NEG,on/scene15/L4__s20260819__0005.png,scene15,V,B3b,16,B,3b,0.581102,-12.9205,6.4099,63.9932,3.0224,0
depth,44,depth_s44,ON_NEG,on/scene15/L4__s20260819__0006.png,scene15,V,C2,7,C,2,0.59699,-9.1914,-18.2162,60.3765,2.2421,0
depth,44,depth_s44,ON_NEG,on/scene15/L4__s20260819__0006.png,scene15,V,D2,8,D,2,0.616526,-9.1914,-18.2162,60.3765,2.2421,0
depth,44,depth_s44,ON_NEG,on/scene15/L4__s20260819__0006.png,scene15,V,E2,9,E,2,0.520969,-9.1914,-18.2162,60.3765,2.2421,0
depth,44,depth_s44,ON_NEG,on/scene15/L4__s20260819__0006.png,scene15,V,C3a,12,C,3a,0.857001,-9.1914,-18.2162,60.3765,2.2421,0
depth,44,depth_s44,ON_NEG,on/scene15/L4__s20260819__0006.png,scene15,V,D3a,13,D,3a,0.573463,-9.1914,-18.2162,60.3765,2.2421,0
depth,44,depth_s44,ON_NEG,on/scene15/L4__s20260819__0006.png,scene15,V,C3b,17,C,3b,0.712077,-9.1914,-18.2162,60.3765,2.2421,0
depth,44,depth_s44,ON_NEG,on/scene15/L4__s20260819__0006.png,scene15,V,D3b,18,D,3b,0.533113,-9.1914,-18.2162,60.3765,2.2421,0
depth,44,depth_s44,ON_NEG,on/scene15/L7__s20260819__0001.png,scene15,V,D2,8,D,2,0.631248,-7.5218,-9.2458,61.8359,1.858,0
depth,44,depth_s44,ON_NEG,on/scene15/L7__s20260819__0001.png,scene15,V,E2,9,E,2,0.5447,-7.5218,-9.2458,61.8359,1.858,0
depth,44,depth_s44,ON_NEG,on/scene15/L7__s20260819__0001.png,scene15,V,A3a,10,A,3a,0.776811,-7.5218,-9.2458,61.8359,1.858,0
depth,44,depth_s44,ON_NEG,on/scene15/L7__s20260819__0001.png,scene15,V,D3a,13,D,3a,0.611154,-7.5218,-9.2458,61.8359,1.858,0
depth,44,depth_s44,ON_NEG,on/scene15/L7__s20260819__0001.png,scene15,V,A3b,15,A,3b,0.661377,-7.5218,-9.2458,61.8359,1.858,0
depth,44,depth_s44,ON_NEG,on/scene15/L7__s20260819__0001.png,scene15,V,D3b,18,D,3b,0.558687,-7.5218,-9.2458,61.8359,1.858,0
depth,44,depth_s44,ON_NEG,on/scene15/L7__s20260819__0001.png,scene15,V,E3b,19,E,3b,0.537555,-7.5218,-9.2458,61.8359,1.858,0
depth,44,depth_s44,ON_NEG,on/scene15/L7__s20260819__0003.png,scene15,V,A3a,10,A,3a,0.545519,-13.9162,-3.4361,63.7846,1.3693,0
depth,44,depth_s44,ON_NEG,on/scene15/L7__s20260819__0004.png,scene15,V,B3a,11,B,3a,0.506808,-11.0394,5.5473,63.0915,5.5065,0
depth,44,depth_s44,ON_NEG,on/scene15/L7__s20260819__0005.png,scene15,V,B2,6,B,2,0.535261,-12.9205,6.4099,63.9932,3.0224,0
depth,44,depth_s44,ON_NEG,on/scene15/L7__s20260819__0005.png,scene15,V,A3a,10,A,3a,0.668847,-12.9205,6.4099,63.9932,3.0224,0
depth,44,depth_s44,ON_NEG,on/scene15/L7__s20260819__0005.png,scene15,V,B3a,11,B,3a,0.786046,-12.9205,6.4099,63.9932,3.0224,0
depth,44,depth_s44,ON_NEG,on/scene15/L7__s20260819__0005.png,scene15,V,A3b,15,A,3b,0.550579,-12.9205,6.4099,63.9932,3.0224,0
depth,44,depth_s44,ON_NEG,on/scene15/L7__s20260819__0005.png,scene15,V,B3b,16,B,3b,0.581102,-12.9205,6.4099,63.9932,3.0224,0
depth,44,depth_s44,ON_NEG,on/scene15/L7__s20260819__0006.png,scene15,V,C2,7,C,2,0.59699,-9.1914,-18.2162,60.3765,2.2421,0
depth,44,depth_s44,ON_NEG,on/scene15/L7__s20260819__0006.png,scene15,V,D2,8,D,2,0.616526,-9.1914,-18.2162,60.3765,2.2421,0
depth,44,depth_s44,ON_NEG,on/scene15/L7__s20260819__0006.png,scene15,V,E2,9,E,2,0.520969,-9.1914,-18.2162,60.3765,2.2421,0
depth,44,depth_s44,ON_NEG,on/scene15/L7__s20260819__0006.png,scene15,V,C3a,12,C,3a,0.857001,-9.1914,-18.2162,60.3765,2.2421,0
depth,44,depth_s44,ON_NEG,on/scene15/L7__s20260819__0006.png,scene15,V,D3a,13,D,3a,0.573463,-9.1914,-18.2162,60.3765,2.2421,0
depth,44,depth_s44,ON_NEG,on/scene15/L7__s20260819__0006.png,scene15,V,C3b,17,C,3b,0.712077,-9.1914,-18.2162,60.3765,2.2421,0
depth,44,depth_s44,ON_NEG,on/scene15/L7__s20260819__0006.png,scene15,V,D3b,18,D,3b,0.533113,-9.1914,-18.2162,60.3765,2.2421,0
depth,44,depth_s44,ON_NEG,on/scene18/L0__s20260819__0001.png,scene18,V,B1,1,B,1,0.84389,-14.5053,-0.143,62.9372,1.9928,0
depth,44,depth_s44,ON_NEG,on/scene18/L0__s20260819__0001.png,scene18,V,D1,3,D,1,0.615748,-14.5053,-0.143,62.9372,1.9928,0
depth,44,depth_s44,ON_NEG,on/scene18/L0__s20260819__0001.png,scene18,V,E1,4,E,1,0.712695,-14.5053,-0.143,62.9372,1.9928,0
depth,44,depth_s44,ON_NEG,on/scene18/L5__s20260819__0001.png,scene18,V,B1,1,B,1,0.84389,-14.5053,-0.143,62.9372,1.9928,0
depth,44,depth_s44,ON_NEG,on/scene18/L5__s20260819__0001.png,scene18,V,D1,3,D,1,0.615748,-14.5053,-0.143,62.9372,1.9928,0
depth,44,depth_s44,ON_NEG,on/scene18/L5__s20260819__0001.png,scene18,V,E1,4,E,1,0.712695,-14.5053,-0.143,62.9372,1.9928,0
depth,44,depth_s44,ON_NEG,on/scene18/L7__s20260819__0001.png,scene18,V,B1,1,B,1,0.84389,-14.5053,-0.143,62.9372,1.9928,0
depth,44,depth_s44,ON_NEG,on/scene18/L7__s20260819__0001.png,scene18,V,D1,3,D,1,0.615748,-14.5053,-0.143,62.9372,1.9928,0
depth,44,depth_s44,ON_NEG,on/scene18/L7__s20260819__0001.png,scene18,V,E1,4,E,1,0.712695,-14.5053,-0.143,62.9372,1.9928,0
depth,44,depth_s44,ON_NEG,on/sceneC2/L2__s20260819__0001.png,sceneC2,V,D3b,18,D,3b,0.880355,-13.4518,-13.0389,63.5306,6.8638,0
depth,44,depth_s44,ON_NEG,on/sceneC2/L2__s20260819__0001.png,sceneC2,V,E3b,19,E,3b,0.508352,-13.4518,-13.0389,63.5306,6.8638,0
depth,44,depth_s44,ON_NEG,on/sceneC2/L2__s20260819__0002.png,sceneC2,V,A3b,15,A,3b,0.562214,-11.6494,-2.9872,60.6739,8.321,0
depth,44,depth_s44,ON_NEG,on/sceneC2/L2__s20260819__0002.png,sceneC2,V,D3b,18,D,3b,0.834238,-11.6494,-2.9872,60.6739,8.321,0
depth,44,depth_s44,ON_NEG,on/sceneC2/L2__s20260819__0004.png,sceneC2,V,A3a,10,A,3a,0.65286,-13.5389,11.6475,61.7574,2.2154,0
depth,44,depth_s44,ON_NEG,on/sceneC2/L2__s20260819__0005.png,sceneC2,V,A2,5,A,2,0.61405,-13.9053,-4.7076,63.4803,4.5522,0
depth,44,depth_s44,ON_NEG,on/sceneC2/L2__s20260819__0005.png,sceneC2,V,B2,6,B,2,0.781146,-13.9053,-4.7076,63.4803,4.5522,0
depth,44,depth_s44,ON_NEG,on/sceneC2/L2__s20260819__0005.png,sceneC2,V,C2,7,C,2,0.761013,-13.9053,-4.7076,63.4803,4.5522,0
depth,44,depth_s44,ON_NEG,on/sceneC2/L2__s20260819__0005.png,sceneC2,V,D2,8,D,2,0.799049,-13.9053,-4.7076,63.4803,4.5522,0
depth,44,depth_s44,ON_NEG,on/sceneC2/L2__s20260819__0005.png,sceneC2,V,E2,9,E,2,0.704608,-13.9053,-4.7076,63.4803,4.5522,0
depth,44,depth_s44,ON_NEG,on/sceneC2/L2__s20260819__0005.png,sceneC2,V,A3a,10,A,3a,0.733298,-13.9053,-4.7076,63.4803,4.5522,0
depth,44,depth_s44,ON_NEG,on/sceneC2/L2__s20260819__0006.png,sceneC2,V,A2,5,A,2,0.505561,-11.6055,-2.8331,61.0412,4.3157,0
depth,44,depth_s44,ON_NEG,on/sceneC2/L2__s20260819__0006.png,sceneC2,V,D2,8,D,2,0.526142,-11.6055,-2.8331,61.0412,4.3157,0
depth,44,depth_s44,ON_NEG,on/sceneC2/L2__s20260819__0006.png,sceneC2,V,A3a,10,A,3a,0.644342,-11.6055,-2.8331,61.0412,4.3157,0
depth,44,depth_s44,ON_NEG,on/sceneC2/L3__s20260819__0001.png,sceneC2,V,D3b,18,D,3b,0.880355,-13.4518,-13.0389,63.5306,6.8638,0
depth,44,depth_s44,ON_NEG,on/sceneC2/L3__s20260819__0001.png,sceneC2,V,E3b,19,E,3b,0.508352,-13.4518,-13.0389,63.5306,6.8638,0
depth,44,depth_s44,ON_NEG,on/sceneC2/L3__s20260819__0002.png,sceneC2,V,A3b,15,A,3b,0.562214,-11.6494,-2.9872,60.6739,8.321,0
depth,44,depth_s44,ON_NEG,on/sceneC2/L3__s20260819__0002.png,sceneC2,V,D3b,18,D,3b,0.834238,-11.6494,-2.9872,60.6739,8.321,0
depth,44,depth_s44,ON_NEG,on/sceneC2/L3__s20260819__0004.png,sceneC2,V,A3a,10,A,3a,0.65286,-13.5389,11.6475,61.7574,2.2154,0
depth,44,depth_s44,ON_NEG,on/sceneC2/L3__s20260819__0005.png,sceneC2,V,A2,5,A,2,0.61405,-13.9053,-4.7076,63.4803,4.5522,0
depth,44,depth_s44,ON_NEG,on/sceneC2/L3__s20260819__0005.png,sceneC2,V,B2,6,B,2,0.781146,-13.9053,-4.7076,63.4803,4.5522,0
depth,44,depth_s44,ON_NEG,on/sceneC2/L3__s20260819__0005.png,sceneC2,V,C2,7,C,2,0.761013,-13.9053,-4.7076,63.4803,4.5522,0
depth,44,depth_s44,ON_NEG,on/sceneC2/L3__s20260819__0005.png,sceneC2,V,D2,8,D,2,0.799049,-13.9053,-4.7076,63.4803,4.5522,0
depth,44,depth_s44,ON_NEG,on/sceneC2/L3__s20260819__0005.png,sceneC2,V,E2,9,E,2,0.704608,-13.9053,-4.7076,63.4803,4.5522,0
depth,44,depth_s44,ON_NEG,on/sceneC2/L3__s20260819__0005.png,sceneC2,V,A3a,10,A,3a,0.733298,-13.9053,-4.7076,63.4803,4.5522,0
depth,44,depth_s44,ON_NEG,on/sceneC2/L3__s20260819__0006.png,sceneC2,V,A2,5,A,2,0.505561,-11.6055,-2.8331,61.0412,4.3157,0
depth,44,depth_s44,ON_NEG,on/sceneC2/L3__s20260819__0006.png,sceneC2,V,D2,8,D,2,0.526142,-11.6055,-2.8331,61.0412,4.3157,0
depth,44,depth_s44,ON_NEG,on/sceneC2/L3__s20260819__0006.png,sceneC2,V,A3a,10,A,3a,0.644342,-11.6055,-2.8331,61.0412,4.3157,0
depth,44,depth_s44,ON_NEG,on/sceneC2/L7__s20260819__0001.png,sceneC2,V,D3b,18,D,3b,0.880355,-13.4518,-13.0389,63.5306,6.8638,0
depth,44,depth_s44,ON_NEG,on/sceneC2/L7__s20260819__0001.png,sceneC2,V,E3b,19,E,3b,0.508352,-13.4518,-13.0389,63.5306,6.8638,0
depth,44,depth_s44,ON_NEG,on/sceneC2/L7__s20260819__0002.png,sceneC2,V,A3b,15,A,3b,0.562214,-11.6494,-2.9872,60.6739,8.321,0
depth,44,depth_s44,ON_NEG,on/sceneC2/L7__s20260819__0002.png,sceneC2,V,D3b,18,D,3b,0.834238,-11.6494,-2.9872,60.6739,8.321,0
depth,44,depth_s44,ON_NEG,on/sceneC2/L7__s20260819__0004.png,sceneC2,V,A3a,10,A,3a,0.65286,-13.5389,11.6475,61.7574,2.2154,0
depth,44,depth_s44,ON_NEG,on/sceneC2/L7__s20260819__0005.png,sceneC2,V,A2,5,A,2,0.61405,-13.9053,-4.7076,63.4803,4.5522,0
depth,44,depth_s44,ON_NEG,on/sceneC2/L7__s20260819__0005.png,sceneC2,V,B2,6,B,2,0.781146,-13.9053,-4.7076,63.4803,4.5522,0
depth,44,depth_s44,ON_NEG,on/sceneC2/L7__s20260819__0005.png,sceneC2,V,C2,7,C,2,0.761013,-13.9053,-4.7076,63.4803,4.5522,0
depth,44,depth_s44,ON_NEG,on/sceneC2/L7__s20260819__0005.png,sceneC2,V,D2,8,D,2,0.799049,-13.9053,-4.7076,63.4803,4.5522,0
depth,44,depth_s44,ON_NEG,on/sceneC2/L7__s20260819__0005.png,sceneC2,V,E2,9,E,2,0.704608,-13.9053,-4.7076,63.4803,4.5522,0
depth,44,depth_s44,ON_NEG,on/sceneC2/L7__s20260819__0005.png,sceneC2,V,A3a,10,A,3a,0.733298,-13.9053,-4.7076,63.4803,4.5522,0
depth,44,depth_s44,ON_NEG,on/sceneC2/L7__s20260819__0006.png,sceneC2,V,A2,5,A,2,0.505561,-11.6055,-2.8331,61.0412,4.3157,0
depth,44,depth_s44,ON_NEG,on/sceneC2/L7__s20260819__0006.png,sceneC2,V,D2,8,D,2,0.526142,-11.6055,-2.8331,61.0412,4.3157,0
depth,44,depth_s44,ON_NEG,on/sceneC2/L7__s20260819__0006.png,sceneC2,V,A3a,10,A,3a,0.644342,-11.6055,-2.8331,61.0412,4.3157,0
depth,44,depth_s44,ON_NEG,on/scene15/L0__s20260820__0001.png::boost_h,scene15,H,B3a,11,B,3a,0.550808,-6.8068,-11.8299,63.9125,9.9013,0
depth,44,depth_s44,ON_NEG,on/scene15/L0__s20260820__0006.png::boost_h,scene15,H,B3a,11,B,3a,0.515061,-5.1828,6.8137,59.5209,6.9519,0
depth,44,depth_s44,ON_NEG,on/scene15/L0__s20260820__0007.png::boost_h,scene15,H_weak,A3a,10,A,3a,0.530982,-9.4753,-12.4083,62.4936,8.3783,0
depth,44,depth_s44,ON_NEG,on/scene15/L0__s20260820__0007.png::boost_h,scene15,H_weak,B3a,11,B,3a,0.586831,-9.4753,-12.4083,62.4936,8.3783,0
depth,44,depth_s44,ON_NEG,on/scene15/L4__s20260820__0001.png::boost_h,scene15,H,B3a,11,B,3a,0.550808,-6.8068,-11.8299,63.9125,9.9013,0
depth,44,depth_s44,ON_NEG,on/scene15/L4__s20260820__0006.png::boost_h,scene15,H,B3a,11,B,3a,0.515061,-5.1828,6.8137,59.5209,6.9519,0
depth,44,depth_s44,ON_NEG,on/scene15/L4__s20260820__0007.png::boost_h,scene15,H_weak,A3a,10,A,3a,0.530982,-9.4753,-12.4083,62.4936,8.3783,0
depth,44,depth_s44,ON_NEG,on/scene15/L4__s20260820__0007.png::boost_h,scene15,H_weak,B3a,11,B,3a,0.586831,-9.4753,-12.4083,62.4936,8.3783,0
depth,44,depth_s44,ON_NEG,on/scene15/L7__s20260820__0001.png::boost_h,scene15,H,B3a,11,B,3a,0.550808,-6.8068,-11.8299,63.9125,9.9013,0
depth,44,depth_s44,ON_NEG,on/scene15/L7__s20260820__0006.png::boost_h,scene15,H,B3a,11,B,3a,0.515061,-5.1828,6.8137,59.5209,6.9519,0
depth,44,depth_s44,ON_NEG,on/scene15/L7__s20260820__0007.png::boost_h,scene15,H_weak,A3a,10,A,3a,0.530982,-9.4753,-12.4083,62.4936,8.3783,0
depth,44,depth_s44,ON_NEG,on/scene15/L7__s20260820__0007.png::boost_h,scene15,H_weak,B3a,11,B,3a,0.586831,-9.4753,-12.4083,62.4936,8.3783,0
depth,44,depth_s44,ON_NEG,on/scene07/L0__s20260820__0002.png::boost_e,scene07,V,A3a,10,A,3a,0.780677,-11.7844,-0.5026,59.071,6.034,0
depth,44,depth_s44,ON_NEG,on/scene07/L0__s20260820__0002.png::boost_e,scene07,V,B3a,11,B,3a,0.70521,-11.7844,-0.5026,59.071,6.034,0
depth,44,depth_s44,ON_NEG,on/scene07/L0__s20260820__0002.png::boost_e,scene07,V,C3a,12,C,3a,0.766503,-11.7844,-0.5026,59.071,6.034,0
depth,44,depth_s44,ON_NEG,on/scene07/L0__s20260820__0002.png::boost_e,scene07,V,D3a,13,D,3a,0.728569,-11.7844,-0.5026,59.071,6.034,0
depth,44,depth_s44,ON_NEG,on/scene07/L0__s20260820__0002.png::boost_e,scene07,V,E3a,14,E,3a,0.55133,-11.7844,-0.5026,59.071,6.034,0
depth,44,depth_s44,ON_NEG,on/scene07/L0__s20260820__0005.png::boost_e,scene07,V,A2,5,A,2,0.55459,-13.5151,3.1873,60.3528,6.7166,0
depth,44,depth_s44,ON_NEG,on/scene07/L0__s20260820__0005.png::boost_e,scene07,V,D2,8,D,2,0.503019,-13.5151,3.1873,60.3528,6.7166,0
depth,44,depth_s44,ON_NEG,on/scene07/L0__s20260820__0005.png::boost_e,scene07,V,A3a,10,A,3a,0.789405,-13.5151,3.1873,60.3528,6.7166,0
depth,44,depth_s44,ON_NEG,on/scene07/L0__s20260820__0005.png::boost_e,scene07,V,B3a,11,B,3a,0.711741,-13.5151,3.1873,60.3528,6.7166,0
depth,44,depth_s44,ON_NEG,on/scene07/L0__s20260820__0005.png::boost_e,scene07,V,C3a,12,C,3a,0.759256,-13.5151,3.1873,60.3528,6.7166,0
depth,44,depth_s44,ON_NEG,on/scene07/L0__s20260820__0005.png::boost_e,scene07,V,D3a,13,D,3a,0.710199,-13.5151,3.1873,60.3528,6.7166,0
depth,44,depth_s44,ON_NEG,on/scene07/L0__s20260820__0005.png::boost_e,scene07,V,E3a,14,E,3a,0.519701,-13.5151,3.1873,60.3528,6.7166,0
depth,44,depth_s44,ON_NEG,on/scene07/L0__s20260820__0005.png::boost_e,scene07,V,A3b,15,A,3b,0.791329,-13.5151,3.1873,60.3528,6.7166,0
depth,44,depth_s44,ON_NEG,on/scene07/L0__s20260820__0005.png::boost_e,scene07,V,D3b,18,D,3b,0.506239,-13.5151,3.1873,60.3528,6.7166,0
depth,44,depth_s44,ON_NEG,on/scene07/L0__s20260820__0006.png::boost_e,scene07,V,A3a,10,A,3a,0.790716,-7.4676,-1.6241,59.074,6.6363,0
depth,44,depth_s44,ON_NEG,on/scene07/L0__s20260820__0006.png::boost_e,scene07,V,B3a,11,B,3a,0.712557,-7.4676,-1.6241,59.074,6.6363,0
depth,44,depth_s44,ON_NEG,on/scene07/L0__s20260820__0006.png::boost_e,scene07,V,C3a,12,C,3a,0.769147,-7.4676,-1.6241,59.074,6.6363,0
depth,44,depth_s44,ON_NEG,on/scene07/L0__s20260820__0006.png::boost_e,scene07,V,D3a,13,D,3a,0.719016,-7.4676,-1.6241,59.074,6.6363,0
depth,44,depth_s44,ON_NEG,on/scene07/L0__s20260820__0006.png::boost_e,scene07,V,E3a,14,E,3a,0.54414,-7.4676,-1.6241,59.074,6.6363,0
depth,44,depth_s44,ON_NEG,on/scene07/L5__s20260820__0002.png::boost_e,scene07,V,A3a,10,A,3a,0.780677,-11.7844,-0.5026,59.071,6.034,0
depth,44,depth_s44,ON_NEG,on/scene07/L5__s20260820__0002.png::boost_e,scene07,V,B3a,11,B,3a,0.70521,-11.7844,-0.5026,59.071,6.034,0
depth,44,depth_s44,ON_NEG,on/scene07/L5__s20260820__0002.png::boost_e,scene07,V,C3a,12,C,3a,0.766503,-11.7844,-0.5026,59.071,6.034,0
depth,44,depth_s44,ON_NEG,on/scene07/L5__s20260820__0002.png::boost_e,scene07,V,D3a,13,D,3a,0.728569,-11.7844,-0.5026,59.071,6.034,0
depth,44,depth_s44,ON_NEG,on/scene07/L5__s20260820__0002.png::boost_e,scene07,V,E3a,14,E,3a,0.55133,-11.7844,-0.5026,59.071,6.034,0
depth,44,depth_s44,ON_NEG,on/scene07/L5__s20260820__0005.png::boost_e,scene07,V,A2,5,A,2,0.55459,-13.5151,3.1873,60.3528,6.7166,0
depth,44,depth_s44,ON_NEG,on/scene07/L5__s20260820__0005.png::boost_e,scene07,V,D2,8,D,2,0.503019,-13.5151,3.1873,60.3528,6.7166,0
depth,44,depth_s44,ON_NEG,on/scene07/L5__s20260820__0005.png::boost_e,scene07,V,A3a,10,A,3a,0.789405,-13.5151,3.1873,60.3528,6.7166,0
depth,44,depth_s44,ON_NEG,on/scene07/L5__s20260820__0005.png::boost_e,scene07,V,B3a,11,B,3a,0.711741,-13.5151,3.1873,60.3528,6.7166,0
depth,44,depth_s44,ON_NEG,on/scene07/L5__s20260820__0005.png::boost_e,scene07,V,C3a,12,C,3a,0.759256,-13.5151,3.1873,60.3528,6.7166,0
depth,44,depth_s44,ON_NEG,on/scene07/L5__s20260820__0005.png::boost_e,scene07,V,D3a,13,D,3a,0.710199,-13.5151,3.1873,60.3528,6.7166,0
depth,44,depth_s44,ON_NEG,on/scene07/L5__s20260820__0005.png::boost_e,scene07,V,E3a,14,E,3a,0.519701,-13.5151,3.1873,60.3528,6.7166,0
depth,44,depth_s44,ON_NEG,on/scene07/L5__s20260820__0005.png::boost_e,scene07,V,A3b,15,A,3b,0.791329,-13.5151,3.1873,60.3528,6.7166,0
depth,44,depth_s44,ON_NEG,on/scene07/L5__s20260820__0005.png::boost_e,scene07,V,D3b,18,D,3b,0.506239,-13.5151,3.1873,60.3528,6.7166,0
depth,44,depth_s44,ON_NEG,on/scene07/L5__s20260820__0006.png::boost_e,scene07,V,A3a,10,A,3a,0.790716,-7.4676,-1.6241,59.074,6.6363,0
depth,44,depth_s44,ON_NEG,on/scene07/L5__s20260820__0006.png::boost_e,scene07,V,B3a,11,B,3a,0.712557,-7.4676,-1.6241,59.074,6.6363,0
depth,44,depth_s44,ON_NEG,on/scene07/L5__s20260820__0006.png::boost_e,scene07,V,C3a,12,C,3a,0.769147,-7.4676,-1.6241,59.074,6.6363,0
depth,44,depth_s44,ON_NEG,on/scene07/L5__s20260820__0006.png::boost_e,scene07,V,D3a,13,D,3a,0.719016,-7.4676,-1.6241,59.074,6.6363,0
depth,44,depth_s44,ON_NEG,on/scene07/L5__s20260820__0006.png::boost_e,scene07,V,E3a,14,E,3a,0.54414,-7.4676,-1.6241,59.074,6.6363,0
depth,44,depth_s44,ON_NEG,on/scene07/L7__s20260820__0002.png::boost_e,scene07,V,A3a,10,A,3a,0.780677,-11.7844,-0.5026,59.071,6.034,0
depth,44,depth_s44,ON_NEG,on/scene07/L7__s20260820__0002.png::boost_e,scene07,V,B3a,11,B,3a,0.70521,-11.7844,-0.5026,59.071,6.034,0
depth,44,depth_s44,ON_NEG,on/scene07/L7__s20260820__0002.png::boost_e,scene07,V,C3a,12,C,3a,0.766503,-11.7844,-0.5026,59.071,6.034,0
depth,44,depth_s44,ON_NEG,on/scene07/L7__s20260820__0002.png::boost_e,scene07,V,D3a,13,D,3a,0.728569,-11.7844,-0.5026,59.071,6.034,0
depth,44,depth_s44,ON_NEG,on/scene07/L7__s20260820__0002.png::boost_e,scene07,V,E3a,14,E,3a,0.55133,-11.7844,-0.5026,59.071,6.034,0
depth,44,depth_s44,ON_NEG,on/scene07/L7__s20260820__0005.png::boost_e,scene07,V,A2,5,A,2,0.55459,-13.5151,3.1873,60.3528,6.7166,0
depth,44,depth_s44,ON_NEG,on/scene07/L7__s20260820__0005.png::boost_e,scene07,V,D2,8,D,2,0.503019,-13.5151,3.1873,60.3528,6.7166,0
depth,44,depth_s44,ON_NEG,on/scene07/L7__s20260820__0005.png::boost_e,scene07,V,A3a,10,A,3a,0.789405,-13.5151,3.1873,60.3528,6.7166,0
depth,44,depth_s44,ON_NEG,on/scene07/L7__s20260820__0005.png::boost_e,scene07,V,B3a,11,B,3a,0.711741,-13.5151,3.1873,60.3528,6.7166,0
depth,44,depth_s44,ON_NEG,on/scene07/L7__s20260820__0005.png::boost_e,scene07,V,C3a,12,C,3a,0.759256,-13.5151,3.1873,60.3528,6.7166,0
depth,44,depth_s44,ON_NEG,on/scene07/L7__s20260820__0005.png::boost_e,scene07,V,D3a,13,D,3a,0.710199,-13.5151,3.1873,60.3528,6.7166,0
depth,44,depth_s44,ON_NEG,on/scene07/L7__s20260820__0005.png::boost_e,scene07,V,E3a,14,E,3a,0.519701,-13.5151,3.1873,60.3528,6.7166,0
depth,44,depth_s44,ON_NEG,on/scene07/L7__s20260820__0005.png::boost_e,scene07,V,A3b,15,A,3b,0.791329,-13.5151,3.1873,60.3528,6.7166,0
depth,44,depth_s44,ON_NEG,on/scene07/L7__s20260820__0005.png::boost_e,scene07,V,D3b,18,D,3b,0.506239,-13.5151,3.1873,60.3528,6.7166,0
depth,44,depth_s44,ON_NEG,on/scene07/L7__s20260820__0006.png::boost_e,scene07,V,A3a,10,A,3a,0.790716,-7.4676,-1.6241,59.074,6.6363,0
depth,44,depth_s44,ON_NEG,on/scene07/L7__s20260820__0006.png::boost_e,scene07,V,B3a,11,B,3a,0.712557,-7.4676,-1.6241,59.074,6.6363,0
depth,44,depth_s44,ON_NEG,on/scene07/L7__s20260820__0006.png::boost_e,scene07,V,C3a,12,C,3a,0.769147,-7.4676,-1.6241,59.074,6.6363,0
depth,44,depth_s44,ON_NEG,on/scene07/L7__s20260820__0006.png::boost_e,scene07,V,D3a,13,D,3a,0.719016,-7.4676,-1.6241,59.074,6.6363,0
depth,44,depth_s44,ON_NEG,on/scene07/L7__s20260820__0006.png::boost_e,scene07,V,E3a,14,E,3a,0.54414,-7.4676,-1.6241,59.074,6.6363,0
depth,44,depth_s44,ON_NEG,on/scene15/L0__s20260820__0001.png::boost_e,scene15,H_weak,A2,5,A,2,0.612948,-6.8068,-11.8299,63.9125,9.9013,0
depth,44,depth_s44,ON_NEG,on/scene15/L0__s20260820__0001.png::boost_e,scene15,H_weak,B2,6,B,2,0.663455,-6.8068,-11.8299,63.9125,9.9013,0
depth,44,depth_s44,ON_NEG,on/scene15/L0__s20260820__0001.png::boost_e,scene15,H_weak,C2,7,C,2,0.661097,-6.8068,-11.8299,63.9125,9.9013,0
depth,44,depth_s44,ON_NEG,on/scene15/L0__s20260820__0001.png::boost_e,scene15,H_weak,D2,8,D,2,0.677915,-6.8068,-11.8299,63.9125,9.9013,0
depth,44,depth_s44,ON_NEG,on/scene15/L0__s20260820__0001.png::boost_e,scene15,H_weak,E2,9,E,2,0.612872,-6.8068,-11.8299,63.9125,9.9013,0
depth,44,depth_s44,ON_NEG,on/scene15/L0__s20260820__0001.png::boost_e,scene15,H_weak,A3a,10,A,3a,0.629474,-6.8068,-11.8299,63.9125,9.9013,0
depth,44,depth_s44,ON_NEG,on/scene15/L0__s20260820__0001.png::boost_e,scene15,H_weak,B3a,11,B,3a,0.737728,-6.8068,-11.8299,63.9125,9.9013,0
depth,44,depth_s44,ON_NEG,on/scene15/L0__s20260820__0001.png::boost_e,scene15,H_weak,C3a,12,C,3a,0.632458,-6.8068,-11.8299,63.9125,9.9013,0
depth,44,depth_s44,ON_NEG,on/scene15/L0__s20260820__0006.png::boost_e,scene15,H,B3a,11,B,3a,0.526734,-5.1828,6.8137,59.5209,6.9519,0
depth,44,depth_s44,ON_NEG,on/scene15/L0__s20260820__0007.png::boost_e,scene15,V,A2,5,A,2,0.514982,-9.4753,-12.4083,62.4936,8.3783,0
depth,44,depth_s44,ON_NEG,on/scene15/L0__s20260820__0007.png::boost_e,scene15,V,B2,6,B,2,0.649492,-9.4753,-12.4083,62.4936,8.3783,0
depth,44,depth_s44,ON_NEG,on/scene15/L0__s20260820__0007.png::boost_e,scene15,V,C2,7,C,2,0.5955,-9.4753,-12.4083,62.4936,8.3783,0
depth,44,depth_s44,ON_NEG,on/scene15/L0__s20260820__0007.png::boost_e,scene15,V,D2,8,D,2,0.610129,-9.4753,-12.4083,62.4936,8.3783,0
depth,44,depth_s44,ON_NEG,on/scene15/L0__s20260820__0007.png::boost_e,scene15,V,E2,9,E,2,0.538335,-9.4753,-12.4083,62.4936,8.3783,0
depth,44,depth_s44,ON_NEG,on/scene15/L0__s20260820__0007.png::boost_e,scene15,V,A3a,10,A,3a,0.674524,-9.4753,-12.4083,62.4936,8.3783,0
depth,44,depth_s44,ON_NEG,on/scene15/L0__s20260820__0007.png::boost_e,scene15,V,B3a,11,B,3a,0.744171,-9.4753,-12.4083,62.4936,8.3783,0
depth,44,depth_s44,ON_NEG,on/scene15/L0__s20260820__0007.png::boost_e,scene15,V,C3a,12,C,3a,0.586231,-9.4753,-12.4083,62.4936,8.3783,0
depth,44,depth_s44,ON_NEG,on/scene15/L0__s20260820__0007.png::boost_e,scene15,V,C3b,17,C,3b,0.55747,-9.4753,-12.4083,62.4936,8.3783,0
depth,44,depth_s44,ON_NEG,on/scene15/L4__s20260820__0001.png::boost_e,scene15,H_weak,A2,5,A,2,0.612948,-6.8068,-11.8299,63.9125,9.9013,0
depth,44,depth_s44,ON_NEG,on/scene15/L4__s20260820__0001.png::boost_e,scene15,H_weak,B2,6,B,2,0.663455,-6.8068,-11.8299,63.9125,9.9013,0
depth,44,depth_s44,ON_NEG,on/scene15/L4__s20260820__0001.png::boost_e,scene15,H_weak,C2,7,C,2,0.661097,-6.8068,-11.8299,63.9125,9.9013,0
depth,44,depth_s44,ON_NEG,on/scene15/L4__s20260820__0001.png::boost_e,scene15,H_weak,D2,8,D,2,0.677915,-6.8068,-11.8299,63.9125,9.9013,0
depth,44,depth_s44,ON_NEG,on/scene15/L4__s20260820__0001.png::boost_e,scene15,H_weak,E2,9,E,2,0.612872,-6.8068,-11.8299,63.9125,9.9013,0
depth,44,depth_s44,ON_NEG,on/scene15/L4__s20260820__0001.png::boost_e,scene15,H_weak,A3a,10,A,3a,0.629474,-6.8068,-11.8299,63.9125,9.9013,0
depth,44,depth_s44,ON_NEG,on/scene15/L4__s20260820__0001.png::boost_e,scene15,H_weak,B3a,11,B,3a,0.737728,-6.8068,-11.8299,63.9125,9.9013,0
depth,44,depth_s44,ON_NEG,on/scene15/L4__s20260820__0001.png::boost_e,scene15,H_weak,C3a,12,C,3a,0.632458,-6.8068,-11.8299,63.9125,9.9013,0
depth,44,depth_s44,ON_NEG,on/scene15/L4__s20260820__0006.png::boost_e,scene15,H,B3a,11,B,3a,0.526734,-5.1828,6.8137,59.5209,6.9519,0
depth,44,depth_s44,ON_NEG,on/scene15/L4__s20260820__0007.png::boost_e,scene15,V,A2,5,A,2,0.514982,-9.4753,-12.4083,62.4936,8.3783,0
depth,44,depth_s44,ON_NEG,on/scene15/L4__s20260820__0007.png::boost_e,scene15,V,B2,6,B,2,0.649492,-9.4753,-12.4083,62.4936,8.3783,0
depth,44,depth_s44,ON_NEG,on/scene15/L4__s20260820__0007.png::boost_e,scene15,V,C2,7,C,2,0.5955,-9.4753,-12.4083,62.4936,8.3783,0
depth,44,depth_s44,ON_NEG,on/scene15/L4__s20260820__0007.png::boost_e,scene15,V,D2,8,D,2,0.610129,-9.4753,-12.4083,62.4936,8.3783,0
depth,44,depth_s44,ON_NEG,on/scene15/L4__s20260820__0007.png::boost_e,scene15,V,E2,9,E,2,0.538335,-9.4753,-12.4083,62.4936,8.3783,0
depth,44,depth_s44,ON_NEG,on/scene15/L4__s20260820__0007.png::boost_e,scene15,V,A3a,10,A,3a,0.674524,-9.4753,-12.4083,62.4936,8.3783,0
depth,44,depth_s44,ON_NEG,on/scene15/L4__s20260820__0007.png::boost_e,scene15,V,B3a,11,B,3a,0.744171,-9.4753,-12.4083,62.4936,8.3783,0
depth,44,depth_s44,ON_NEG,on/scene15/L4__s20260820__0007.png::boost_e,scene15,V,C3a,12,C,3a,0.586231,-9.4753,-12.4083,62.4936,8.3783,0
depth,44,depth_s44,ON_NEG,on/scene15/L4__s20260820__0007.png::boost_e,scene15,V,C3b,17,C,3b,0.55747,-9.4753,-12.4083,62.4936,8.3783,0
depth,44,depth_s44,ON_NEG,on/scene15/L7__s20260820__0001.png::boost_e,scene15,H_weak,A2,5,A,2,0.612948,-6.8068,-11.8299,63.9125,9.9013,0
depth,44,depth_s44,ON_NEG,on/scene15/L7__s20260820__0001.png::boost_e,scene15,H_weak,B2,6,B,2,0.663455,-6.8068,-11.8299,63.9125,9.9013,0
depth,44,depth_s44,ON_NEG,on/scene15/L7__s20260820__0001.png::boost_e,scene15,H_weak,C2,7,C,2,0.661097,-6.8068,-11.8299,63.9125,9.9013,0
depth,44,depth_s44,ON_NEG,on/scene15/L7__s20260820__0001.png::boost_e,scene15,H_weak,D2,8,D,2,0.677915,-6.8068,-11.8299,63.9125,9.9013,0
depth,44,depth_s44,ON_NEG,on/scene15/L7__s20260820__0001.png::boost_e,scene15,H_weak,E2,9,E,2,0.612872,-6.8068,-11.8299,63.9125,9.9013,0
depth,44,depth_s44,ON_NEG,on/scene15/L7__s20260820__0001.png::boost_e,scene15,H_weak,A3a,10,A,3a,0.629474,-6.8068,-11.8299,63.9125,9.9013,0
depth,44,depth_s44,ON_NEG,on/scene15/L7__s20260820__0001.png::boost_e,scene15,H_weak,B3a,11,B,3a,0.737728,-6.8068,-11.8299,63.9125,9.9013,0
depth,44,depth_s44,ON_NEG,on/scene15/L7__s20260820__0001.png::boost_e,scene15,H_weak,C3a,12,C,3a,0.632458,-6.8068,-11.8299,63.9125,9.9013,0
depth,44,depth_s44,ON_NEG,on/scene15/L7__s20260820__0006.png::boost_e,scene15,H,B3a,11,B,3a,0.526734,-5.1828,6.8137,59.5209,6.9519,0
depth,44,depth_s44,ON_NEG,on/scene15/L7__s20260820__0007.png::boost_e,scene15,V,A2,5,A,2,0.514982,-9.4753,-12.4083,62.4936,8.3783,0
depth,44,depth_s44,ON_NEG,on/scene15/L7__s20260820__0007.png::boost_e,scene15,V,B2,6,B,2,0.649492,-9.4753,-12.4083,62.4936,8.3783,0
depth,44,depth_s44,ON_NEG,on/scene15/L7__s20260820__0007.png::boost_e,scene15,V,C2,7,C,2,0.5955,-9.4753,-12.4083,62.4936,8.3783,0
depth,44,depth_s44,ON_NEG,on/scene15/L7__s20260820__0007.png::boost_e,scene15,V,D2,8,D,2,0.610129,-9.4753,-12.4083,62.4936,8.3783,0
depth,44,depth_s44,ON_NEG,on/scene15/L7__s20260820__0007.png::boost_e,scene15,V,E2,9,E,2,0.538335,-9.4753,-12.4083,62.4936,8.3783,0
depth,44,depth_s44,ON_NEG,on/scene15/L7__s20260820__0007.png::boost_e,scene15,V,A3a,10,A,3a,0.674524,-9.4753,-12.4083,62.4936,8.3783,0
depth,44,depth_s44,ON_NEG,on/scene15/L7__s20260820__0007.png::boost_e,scene15,V,B3a,11,B,3a,0.744171,-9.4753,-12.4083,62.4936,8.3783,0
depth,44,depth_s44,ON_NEG,on/scene15/L7__s20260820__0007.png::boost_e,scene15,V,C3a,12,C,3a,0.586231,-9.4753,-12.4083,62.4936,8.3783,0
depth,44,depth_s44,ON_NEG,on/scene15/L7__s20260820__0007.png::boost_e,scene15,V,C3b,17,C,3b,0.55747,-9.4753,-12.4083,62.4936,8.3783,0
depth,44,depth_s44,ON_NEG,on/scene05/L0__s20260821__0005.png::boost_e2,scene05,V,E2,9,E,2,0.654937,-4.1908,-7.725,63.2632,5.4495,0
depth,44,depth_s44,ON_NEG,on/scene05/L5__s20260821__0005.png::boost_e2,scene05,V,E2,9,E,2,0.654937,-4.1908,-7.725,63.2632,5.4495,0
depth,44,depth_s44,ON_NEG,on/scene05/L7__s20260821__0005.png::boost_e2,scene05,V,E2,9,E,2,0.654937,-4.1908,-7.725,63.2632,5.4495,0
depth,44,depth_s44,ON_NEG,on/scene07/L0__s20260821__0000.png::boost_e2,scene07,V,A2,5,A,2,0.987327,-9.0864,4.975,60.5839,4.6498,0
depth,44,depth_s44,ON_NEG,on/scene07/L0__s20260821__0000.png::boost_e2,scene07,V,B2,6,B,2,0.968519,-9.0864,4.975,60.5839,4.6498,0
depth,44,depth_s44,ON_NEG,on/scene07/L0__s20260821__0000.png::boost_e2,scene07,V,C2,7,C,2,0.955756,-9.0864,4.975,60.5839,4.6498,0
depth,44,depth_s44,ON_NEG,on/scene07/L0__s20260821__0000.png::boost_e2,scene07,V,D2,8,D,2,0.979947,-9.0864,4.975,60.5839,4.6498,0
depth,44,depth_s44,ON_NEG,on/scene07/L0__s20260821__0000.png::boost_e2,scene07,V,E2,9,E,2,0.978396,-9.0864,4.975,60.5839,4.6498,0
depth,44,depth_s44,ON_NEG,on/scene07/L0__s20260821__0000.png::boost_e2,scene07,V,A3a,10,A,3a,0.968074,-9.0864,4.975,60.5839,4.6498,0
depth,44,depth_s44,ON_NEG,on/scene07/L0__s20260821__0000.png::boost_e2,scene07,V,E3a,14,E,3a,0.856869,-9.0864,4.975,60.5839,4.6498,0
depth,44,depth_s44,ON_NEG,on/scene07/L0__s20260821__0001.png::boost_e2,scene07,V,A3b,15,A,3b,0.753625,-8.6491,14.3681,62.653,6.526,0
depth,44,depth_s44,ON_NEG,on/scene07/L0__s20260821__0003.png::boost_e2,scene07,V,A2,5,A,2,0.707207,-11.0113,-0.6132,62.5016,7.1387,0
depth,44,depth_s44,ON_NEG,on/scene07/L0__s20260821__0003.png::boost_e2,scene07,V,B2,6,B,2,0.85314,-11.0113,-0.6132,62.5016,7.1387,0
depth,44,depth_s44,ON_NEG,on/scene07/L0__s20260821__0003.png::boost_e2,scene07,V,C2,7,C,2,0.718892,-11.0113,-0.6132,62.5016,7.1387,0
depth,44,depth_s44,ON_NEG,on/scene07/L0__s20260821__0003.png::boost_e2,scene07,V,D2,8,D,2,0.846234,-11.0113,-0.6132,62.5016,7.1387,0
depth,44,depth_s44,ON_NEG,on/scene07/L0__s20260821__0003.png::boost_e2,scene07,V,E2,9,E,2,0.838642,-11.0113,-0.6132,62.5016,7.1387,0
depth,44,depth_s44,ON_NEG,on/scene07/L0__s20260821__0003.png::boost_e2,scene07,V,A3a,10,A,3a,0.968263,-11.0113,-0.6132,62.5016,7.1387,0
depth,44,depth_s44,ON_NEG,on/scene07/L0__s20260821__0003.png::boost_e2,scene07,V,B3a,11,B,3a,0.995385,-11.0113,-0.6132,62.5016,7.1387,0
depth,44,depth_s44,ON_NEG,on/scene07/L0__s20260821__0003.png::boost_e2,scene07,V,C3a,12,C,3a,0.998502,-11.0113,-0.6132,62.5016,7.1387,0
depth,44,depth_s44,ON_NEG,on/scene07/L0__s20260821__0003.png::boost_e2,scene07,V,D3a,13,D,3a,0.984516,-11.0113,-0.6132,62.5016,7.1387,0
depth,44,depth_s44,ON_NEG,on/scene07/L0__s20260821__0003.png::boost_e2,scene07,V,E3a,14,E,3a,0.926585,-11.0113,-0.6132,62.5016,7.1387,0
depth,44,depth_s44,ON_NEG,on/scene07/L0__s20260821__0003.png::boost_e2,scene07,V,A3b,15,A,3b,0.984191,-11.0113,-0.6132,62.5016,7.1387,0
depth,44,depth_s44,ON_NEG,on/scene07/L0__s20260821__0003.png::boost_e2,scene07,V,D3b,18,D,3b,0.987688,-11.0113,-0.6132,62.5016,7.1387,0
depth,44,depth_s44,ON_NEG,on/scene07/L0__s20260821__0004.png::boost_e2,scene07,V,A2,5,A,2,0.794017,-13.3275,-0.1348,64.6075,6.5636,0
depth,44,depth_s44,ON_NEG,on/scene07/L0__s20260821__0004.png::boost_e2,scene07,V,B2,6,B,2,0.85382,-13.3275,-0.1348,64.6075,6.5636,0
depth,44,depth_s44,ON_NEG,on/scene07/L0__s20260821__0004.png::boost_e2,scene07,V,C2,7,C,2,0.760721,-13.3275,-0.1348,64.6075,6.5636,0
depth,44,depth_s44,ON_NEG,on/scene07/L0__s20260821__0004.png::boost_e2,scene07,V,D2,8,D,2,0.841234,-13.3275,-0.1348,64.6075,6.5636,0
depth,44,depth_s44,ON_NEG,on/scene07/L0__s20260821__0004.png::boost_e2,scene07,V,E2,9,E,2,0.843865,-13.3275,-0.1348,64.6075,6.5636,0
depth,44,depth_s44,ON_NEG,on/scene07/L0__s20260821__0004.png::boost_e2,scene07,V,A3a,10,A,3a,0.982776,-13.3275,-0.1348,64.6075,6.5636,0
depth,44,depth_s44,ON_NEG,on/scene07/L0__s20260821__0004.png::boost_e2,scene07,V,B3a,11,B,3a,0.997764,-13.3275,-0.1348,64.6075,6.5636,0
depth,44,depth_s44,ON_NEG,on/scene07/L0__s20260821__0004.png::boost_e2,scene07,V,C3a,12,C,3a,0.999276,-13.3275,-0.1348,64.6075,6.5636,0
depth,44,depth_s44,ON_NEG,on/scene07/L0__s20260821__0004.png::boost_e2,scene07,V,D3a,13,D,3a,0.990552,-13.3275,-0.1348,64.6075,6.5636,0
depth,44,depth_s44,ON_NEG,on/scene07/L0__s20260821__0004.png::boost_e2,scene07,V,E3a,14,E,3a,0.926324,-13.3275,-0.1348,64.6075,6.5636,0
depth,44,depth_s44,ON_NEG,on/scene07/L0__s20260821__0004.png::boost_e2,scene07,V,D3b,18,D,3b,0.989085,-13.3275,-0.1348,64.6075,6.5636,0
depth,44,depth_s44,ON_NEG,on/scene07/L0__s20260821__0006.png::boost_e2,scene07,V,B1,1,B,1,0.657696,-12.1066,0.0159,62.3073,6.0804,0
depth,44,depth_s44,ON_NEG,on/scene07/L0__s20260821__0006.png::boost_e2,scene07,V,C1,2,C,1,0.581582,-12.1066,0.0159,62.3073,6.0804,0
depth,44,depth_s44,ON_NEG,on/scene07/L0__s20260821__0006.png::boost_e2,scene07,V,E1,4,E,1,0.532551,-12.1066,0.0159,62.3073,6.0804,0
depth,44,depth_s44,ON_NEG,on/scene07/L0__s20260821__0006.png::boost_e2,scene07,V,A2,5,A,2,0.985286,-12.1066,0.0159,62.3073,6.0804,0
depth,44,depth_s44,ON_NEG,on/scene07/L0__s20260821__0006.png::boost_e2,scene07,V,B2,6,B,2,0.982604,-12.1066,0.0159,62.3073,6.0804,0
depth,44,depth_s44,ON_NEG,on/scene07/L0__s20260821__0006.png::boost_e2,scene07,V,C2,7,C,2,0.97541,-12.1066,0.0159,62.3073,6.0804,0
depth,44,depth_s44,ON_NEG,on/scene07/L0__s20260821__0006.png::boost_e2,scene07,V,D2,8,D,2,0.987029,-12.1066,0.0159,62.3073,6.0804,0
depth,44,depth_s44,ON_NEG,on/scene07/L0__s20260821__0006.png::boost_e2,scene07,V,E2,9,E,2,0.986626,-12.1066,0.0159,62.3073,6.0804,0
depth,44,depth_s44,ON_NEG,on/scene07/L0__s20260821__0006.png::boost_e2,scene07,V,A3a,10,A,3a,0.995042,-12.1066,0.0159,62.3073,6.0804,0
depth,44,depth_s44,ON_NEG,on/scene07/L0__s20260821__0006.png::boost_e2,scene07,V,B3a,11,B,3a,0.999244,-12.1066,0.0159,62.3073,6.0804,0
depth,44,depth_s44,ON_NEG,on/scene07/L0__s20260821__0006.png::boost_e2,scene07,V,C3a,12,C,3a,0.999508,-12.1066,0.0159,62.3073,6.0804,0
depth,44,depth_s44,ON_NEG,on/scene07/L0__s20260821__0006.png::boost_e2,scene07,V,D3a,13,D,3a,0.995715,-12.1066,0.0159,62.3073,6.0804,0
depth,44,depth_s44,ON_NEG,on/scene07/L0__s20260821__0006.png::boost_e2,scene07,V,E3a,14,E,3a,0.962939,-12.1066,0.0159,62.3073,6.0804,0
depth,44,depth_s44,ON_NEG,on/scene07/L0__s20260821__0007.png::boost_e2,scene07,V,A2,5,A,2,0.969597,-12.7675,1.6425,64.5249,4.4163,0
depth,44,depth_s44,ON_NEG,on/scene07/L0__s20260821__0007.png::boost_e2,scene07,V,B2,6,B,2,0.925102,-12.7675,1.6425,64.5249,4.4163,0
depth,44,depth_s44,ON_NEG,on/scene07/L0__s20260821__0007.png::boost_e2,scene07,V,C2,7,C,2,0.901191,-12.7675,1.6425,64.5249,4.4163,0
depth,44,depth_s44,ON_NEG,on/scene07/L0__s20260821__0007.png::boost_e2,scene07,V,D2,8,D,2,0.950383,-12.7675,1.6425,64.5249,4.4163,0
depth,44,depth_s44,ON_NEG,on/scene07/L0__s20260821__0007.png::boost_e2,scene07,V,E2,9,E,2,0.940955,-12.7675,1.6425,64.5249,4.4163,0
depth,44,depth_s44,ON_NEG,on/scene07/L0__s20260821__0007.png::boost_e2,scene07,V,E3a,14,E,3a,0.824823,-12.7675,1.6425,64.5249,4.4163,0
depth,44,depth_s44,ON_NEG,on/scene07/L0__s20260821__0007.png::boost_e2,scene07,V,D3b,18,D,3b,0.660026,-12.7675,1.6425,64.5249,4.4163,0
depth,44,depth_s44,ON_NEG,on/scene07/L5__s20260821__0000.png::boost_e2,scene07,V,A2,5,A,2,0.987327,-9.0864,4.975,60.5839,4.6498,0
depth,44,depth_s44,ON_NEG,on/scene07/L5__s20260821__0000.png::boost_e2,scene07,V,B2,6,B,2,0.968519,-9.0864,4.975,60.5839,4.6498,0
depth,44,depth_s44,ON_NEG,on/scene07/L5__s20260821__0000.png::boost_e2,scene07,V,C2,7,C,2,0.955756,-9.0864,4.975,60.5839,4.6498,0
depth,44,depth_s44,ON_NEG,on/scene07/L5__s20260821__0000.png::boost_e2,scene07,V,D2,8,D,2,0.979947,-9.0864,4.975,60.5839,4.6498,0
depth,44,depth_s44,ON_NEG,on/scene07/L5__s20260821__0000.png::boost_e2,scene07,V,E2,9,E,2,0.978396,-9.0864,4.975,60.5839,4.6498,0
depth,44,depth_s44,ON_NEG,on/scene07/L5__s20260821__0000.png::boost_e2,scene07,V,A3a,10,A,3a,0.968074,-9.0864,4.975,60.5839,4.6498,0
depth,44,depth_s44,ON_NEG,on/scene07/L5__s20260821__0000.png::boost_e2,scene07,V,E3a,14,E,3a,0.856869,-9.0864,4.975,60.5839,4.6498,0
depth,44,depth_s44,ON_NEG,on/scene07/L5__s20260821__0001.png::boost_e2,scene07,V,A3b,15,A,3b,0.753625,-8.6491,14.3681,62.653,6.526,0
depth,44,depth_s44,ON_NEG,on/scene07/L5__s20260821__0003.png::boost_e2,scene07,V,A2,5,A,2,0.707207,-11.0113,-0.6132,62.5016,7.1387,0
depth,44,depth_s44,ON_NEG,on/scene07/L5__s20260821__0003.png::boost_e2,scene07,V,B2,6,B,2,0.85314,-11.0113,-0.6132,62.5016,7.1387,0
depth,44,depth_s44,ON_NEG,on/scene07/L5__s20260821__0003.png::boost_e2,scene07,V,C2,7,C,2,0.718892,-11.0113,-0.6132,62.5016,7.1387,0
depth,44,depth_s44,ON_NEG,on/scene07/L5__s20260821__0003.png::boost_e2,scene07,V,D2,8,D,2,0.846234,-11.0113,-0.6132,62.5016,7.1387,0
depth,44,depth_s44,ON_NEG,on/scene07/L5__s20260821__0003.png::boost_e2,scene07,V,E2,9,E,2,0.838642,-11.0113,-0.6132,62.5016,7.1387,0
depth,44,depth_s44,ON_NEG,on/scene07/L5__s20260821__0003.png::boost_e2,scene07,V,A3a,10,A,3a,0.968263,-11.0113,-0.6132,62.5016,7.1387,0
depth,44,depth_s44,ON_NEG,on/scene07/L5__s20260821__0003.png::boost_e2,scene07,V,B3a,11,B,3a,0.995385,-11.0113,-0.6132,62.5016,7.1387,0
depth,44,depth_s44,ON_NEG,on/scene07/L5__s20260821__0003.png::boost_e2,scene07,V,C3a,12,C,3a,0.998502,-11.0113,-0.6132,62.5016,7.1387,0
depth,44,depth_s44,ON_NEG,on/scene07/L5__s20260821__0003.png::boost_e2,scene07,V,D3a,13,D,3a,0.984516,-11.0113,-0.6132,62.5016,7.1387,0
depth,44,depth_s44,ON_NEG,on/scene07/L5__s20260821__0003.png::boost_e2,scene07,V,E3a,14,E,3a,0.926585,-11.0113,-0.6132,62.5016,7.1387,0
depth,44,depth_s44,ON_NEG,on/scene07/L5__s20260821__0003.png::boost_e2,scene07,V,A3b,15,A,3b,0.984191,-11.0113,-0.6132,62.5016,7.1387,0
depth,44,depth_s44,ON_NEG,on/scene07/L5__s20260821__0003.png::boost_e2,scene07,V,D3b,18,D,3b,0.987688,-11.0113,-0.6132,62.5016,7.1387,0
depth,44,depth_s44,ON_NEG,on/scene07/L5__s20260821__0004.png::boost_e2,scene07,V,A2,5,A,2,0.794017,-13.3275,-0.1348,64.6075,6.5636,0
depth,44,depth_s44,ON_NEG,on/scene07/L5__s20260821__0004.png::boost_e2,scene07,V,B2,6,B,2,0.85382,-13.3275,-0.1348,64.6075,6.5636,0
depth,44,depth_s44,ON_NEG,on/scene07/L5__s20260821__0004.png::boost_e2,scene07,V,C2,7,C,2,0.760721,-13.3275,-0.1348,64.6075,6.5636,0
depth,44,depth_s44,ON_NEG,on/scene07/L5__s20260821__0004.png::boost_e2,scene07,V,D2,8,D,2,0.841234,-13.3275,-0.1348,64.6075,6.5636,0
depth,44,depth_s44,ON_NEG,on/scene07/L5__s20260821__0004.png::boost_e2,scene07,V,E2,9,E,2,0.843865,-13.3275,-0.1348,64.6075,6.5636,0
depth,44,depth_s44,ON_NEG,on/scene07/L5__s20260821__0004.png::boost_e2,scene07,V,A3a,10,A,3a,0.982776,-13.3275,-0.1348,64.6075,6.5636,0
depth,44,depth_s44,ON_NEG,on/scene07/L5__s20260821__0004.png::boost_e2,scene07,V,B3a,11,B,3a,0.997764,-13.3275,-0.1348,64.6075,6.5636,0
depth,44,depth_s44,ON_NEG,on/scene07/L5__s20260821__0004.png::boost_e2,scene07,V,C3a,12,C,3a,0.999276,-13.3275,-0.1348,64.6075,6.5636,0
depth,44,depth_s44,ON_NEG,on/scene07/L5__s20260821__0004.png::boost_e2,scene07,V,D3a,13,D,3a,0.990552,-13.3275,-0.1348,64.6075,6.5636,0
depth,44,depth_s44,ON_NEG,on/scene07/L5__s20260821__0004.png::boost_e2,scene07,V,E3a,14,E,3a,0.926324,-13.3275,-0.1348,64.6075,6.5636,0
depth,44,depth_s44,ON_NEG,on/scene07/L5__s20260821__0004.png::boost_e2,scene07,V,D3b,18,D,3b,0.989085,-13.3275,-0.1348,64.6075,6.5636,0
depth,44,depth_s44,ON_NEG,on/scene07/L5__s20260821__0006.png::boost_e2,scene07,V,B1,1,B,1,0.657696,-12.1066,0.0159,62.3073,6.0804,0
depth,44,depth_s44,ON_NEG,on/scene07/L5__s20260821__0006.png::boost_e2,scene07,V,C1,2,C,1,0.581582,-12.1066,0.0159,62.3073,6.0804,0
depth,44,depth_s44,ON_NEG,on/scene07/L5__s20260821__0006.png::boost_e2,scene07,V,E1,4,E,1,0.532551,-12.1066,0.0159,62.3073,6.0804,0
depth,44,depth_s44,ON_NEG,on/scene07/L5__s20260821__0006.png::boost_e2,scene07,V,A2,5,A,2,0.985286,-12.1066,0.0159,62.3073,6.0804,0
depth,44,depth_s44,ON_NEG,on/scene07/L5__s20260821__0006.png::boost_e2,scene07,V,B2,6,B,2,0.982604,-12.1066,0.0159,62.3073,6.0804,0
depth,44,depth_s44,ON_NEG,on/scene07/L5__s20260821__0006.png::boost_e2,scene07,V,C2,7,C,2,0.97541,-12.1066,0.0159,62.3073,6.0804,0
depth,44,depth_s44,ON_NEG,on/scene07/L5__s20260821__0006.png::boost_e2,scene07,V,D2,8,D,2,0.987029,-12.1066,0.0159,62.3073,6.0804,0
depth,44,depth_s44,ON_NEG,on/scene07/L5__s20260821__0006.png::boost_e2,scene07,V,E2,9,E,2,0.986626,-12.1066,0.0159,62.3073,6.0804,0
depth,44,depth_s44,ON_NEG,on/scene07/L5__s20260821__0006.png::boost_e2,scene07,V,A3a,10,A,3a,0.995042,-12.1066,0.0159,62.3073,6.0804,0
depth,44,depth_s44,ON_NEG,on/scene07/L5__s20260821__0006.png::boost_e2,scene07,V,B3a,11,B,3a,0.999244,-12.1066,0.0159,62.3073,6.0804,0
depth,44,depth_s44,ON_NEG,on/scene07/L5__s20260821__0006.png::boost_e2,scene07,V,C3a,12,C,3a,0.999508,-12.1066,0.0159,62.3073,6.0804,0
depth,44,depth_s44,ON_NEG,on/scene07/L5__s20260821__0006.png::boost_e2,scene07,V,D3a,13,D,3a,0.995715,-12.1066,0.0159,62.3073,6.0804,0
depth,44,depth_s44,ON_NEG,on/scene07/L5__s20260821__0006.png::boost_e2,scene07,V,E3a,14,E,3a,0.962939,-12.1066,0.0159,62.3073,6.0804,0
depth,44,depth_s44,ON_NEG,on/scene07/L5__s20260821__0007.png::boost_e2,scene07,V,A2,5,A,2,0.969597,-12.7675,1.6425,64.5249,4.4163,0
depth,44,depth_s44,ON_NEG,on/scene07/L5__s20260821__0007.png::boost_e2,scene07,V,B2,6,B,2,0.925102,-12.7675,1.6425,64.5249,4.4163,0
depth,44,depth_s44,ON_NEG,on/scene07/L5__s20260821__0007.png::boost_e2,scene07,V,C2,7,C,2,0.901191,-12.7675,1.6425,64.5249,4.4163,0
depth,44,depth_s44,ON_NEG,on/scene07/L5__s20260821__0007.png::boost_e2,scene07,V,D2,8,D,2,0.950383,-12.7675,1.6425,64.5249,4.4163,0
depth,44,depth_s44,ON_NEG,on/scene07/L5__s20260821__0007.png::boost_e2,scene07,V,E2,9,E,2,0.940955,-12.7675,1.6425,64.5249,4.4163,0
depth,44,depth_s44,ON_NEG,on/scene07/L5__s20260821__0007.png::boost_e2,scene07,V,E3a,14,E,3a,0.824823,-12.7675,1.6425,64.5249,4.4163,0
depth,44,depth_s44,ON_NEG,on/scene07/L5__s20260821__0007.png::boost_e2,scene07,V,D3b,18,D,3b,0.660026,-12.7675,1.6425,64.5249,4.4163,0
depth,44,depth_s44,ON_NEG,on/scene07/L7__s20260821__0000.png::boost_e2,scene07,V,A2,5,A,2,0.987327,-9.0864,4.975,60.5839,4.6498,0
depth,44,depth_s44,ON_NEG,on/scene07/L7__s20260821__0000.png::boost_e2,scene07,V,B2,6,B,2,0.968519,-9.0864,4.975,60.5839,4.6498,0
depth,44,depth_s44,ON_NEG,on/scene07/L7__s20260821__0000.png::boost_e2,scene07,V,C2,7,C,2,0.955756,-9.0864,4.975,60.5839,4.6498,0
depth,44,depth_s44,ON_NEG,on/scene07/L7__s20260821__0000.png::boost_e2,scene07,V,D2,8,D,2,0.979947,-9.0864,4.975,60.5839,4.6498,0
depth,44,depth_s44,ON_NEG,on/scene07/L7__s20260821__0000.png::boost_e2,scene07,V,E2,9,E,2,0.978396,-9.0864,4.975,60.5839,4.6498,0
depth,44,depth_s44,ON_NEG,on/scene07/L7__s20260821__0000.png::boost_e2,scene07,V,A3a,10,A,3a,0.968074,-9.0864,4.975,60.5839,4.6498,0
depth,44,depth_s44,ON_NEG,on/scene07/L7__s20260821__0000.png::boost_e2,scene07,V,E3a,14,E,3a,0.856869,-9.0864,4.975,60.5839,4.6498,0
depth,44,depth_s44,ON_NEG,on/scene07/L7__s20260821__0001.png::boost_e2,scene07,V,A3b,15,A,3b,0.753625,-8.6491,14.3681,62.653,6.526,0
depth,44,depth_s44,ON_NEG,on/scene07/L7__s20260821__0003.png::boost_e2,scene07,V,A2,5,A,2,0.707207,-11.0113,-0.6132,62.5016,7.1387,0
depth,44,depth_s44,ON_NEG,on/scene07/L7__s20260821__0003.png::boost_e2,scene07,V,B2,6,B,2,0.85314,-11.0113,-0.6132,62.5016,7.1387,0
depth,44,depth_s44,ON_NEG,on/scene07/L7__s20260821__0003.png::boost_e2,scene07,V,C2,7,C,2,0.718892,-11.0113,-0.6132,62.5016,7.1387,0
depth,44,depth_s44,ON_NEG,on/scene07/L7__s20260821__0003.png::boost_e2,scene07,V,D2,8,D,2,0.846234,-11.0113,-0.6132,62.5016,7.1387,0
depth,44,depth_s44,ON_NEG,on/scene07/L7__s20260821__0003.png::boost_e2,scene07,V,E2,9,E,2,0.838642,-11.0113,-0.6132,62.5016,7.1387,0
depth,44,depth_s44,ON_NEG,on/scene07/L7__s20260821__0003.png::boost_e2,scene07,V,A3a,10,A,3a,0.968263,-11.0113,-0.6132,62.5016,7.1387,0
depth,44,depth_s44,ON_NEG,on/scene07/L7__s20260821__0003.png::boost_e2,scene07,V,B3a,11,B,3a,0.995385,-11.0113,-0.6132,62.5016,7.1387,0
depth,44,depth_s44,ON_NEG,on/scene07/L7__s20260821__0003.png::boost_e2,scene07,V,C3a,12,C,3a,0.998502,-11.0113,-0.6132,62.5016,7.1387,0
depth,44,depth_s44,ON_NEG,on/scene07/L7__s20260821__0003.png::boost_e2,scene07,V,D3a,13,D,3a,0.984516,-11.0113,-0.6132,62.5016,7.1387,0
depth,44,depth_s44,ON_NEG,on/scene07/L7__s20260821__0003.png::boost_e2,scene07,V,E3a,14,E,3a,0.926585,-11.0113,-0.6132,62.5016,7.1387,0
depth,44,depth_s44,ON_NEG,on/scene07/L7__s20260821__0003.png::boost_e2,scene07,V,A3b,15,A,3b,0.984191,-11.0113,-0.6132,62.5016,7.1387,0
depth,44,depth_s44,ON_NEG,on/scene07/L7__s20260821__0003.png::boost_e2,scene07,V,D3b,18,D,3b,0.987688,-11.0113,-0.6132,62.5016,7.1387,0
depth,44,depth_s44,ON_NEG,on/scene07/L7__s20260821__0004.png::boost_e2,scene07,V,A2,5,A,2,0.794017,-13.3275,-0.1348,64.6075,6.5636,0
depth,44,depth_s44,ON_NEG,on/scene07/L7__s20260821__0004.png::boost_e2,scene07,V,B2,6,B,2,0.85382,-13.3275,-0.1348,64.6075,6.5636,0
depth,44,depth_s44,ON_NEG,on/scene07/L7__s20260821__0004.png::boost_e2,scene07,V,C2,7,C,2,0.760721,-13.3275,-0.1348,64.6075,6.5636,0
depth,44,depth_s44,ON_NEG,on/scene07/L7__s20260821__0004.png::boost_e2,scene07,V,D2,8,D,2,0.841234,-13.3275,-0.1348,64.6075,6.5636,0
depth,44,depth_s44,ON_NEG,on/scene07/L7__s20260821__0004.png::boost_e2,scene07,V,E2,9,E,2,0.843865,-13.3275,-0.1348,64.6075,6.5636,0
depth,44,depth_s44,ON_NEG,on/scene07/L7__s20260821__0004.png::boost_e2,scene07,V,A3a,10,A,3a,0.982776,-13.3275,-0.1348,64.6075,6.5636,0
depth,44,depth_s44,ON_NEG,on/scene07/L7__s20260821__0004.png::boost_e2,scene07,V,B3a,11,B,3a,0.997764,-13.3275,-0.1348,64.6075,6.5636,0
depth,44,depth_s44,ON_NEG,on/scene07/L7__s20260821__0004.png::boost_e2,scene07,V,C3a,12,C,3a,0.999276,-13.3275,-0.1348,64.6075,6.5636,0
depth,44,depth_s44,ON_NEG,on/scene07/L7__s20260821__0004.png::boost_e2,scene07,V,D3a,13,D,3a,0.990552,-13.3275,-0.1348,64.6075,6.5636,0
depth,44,depth_s44,ON_NEG,on/scene07/L7__s20260821__0004.png::boost_e2,scene07,V,E3a,14,E,3a,0.926324,-13.3275,-0.1348,64.6075,6.5636,0
depth,44,depth_s44,ON_NEG,on/scene07/L7__s20260821__0004.png::boost_e2,scene07,V,D3b,18,D,3b,0.989085,-13.3275,-0.1348,64.6075,6.5636,0
depth,44,depth_s44,ON_NEG,on/scene07/L7__s20260821__0006.png::boost_e2,scene07,V,B1,1,B,1,0.657696,-12.1066,0.0159,62.3073,6.0804,0
depth,44,depth_s44,ON_NEG,on/scene07/L7__s20260821__0006.png::boost_e2,scene07,V,C1,2,C,1,0.581582,-12.1066,0.0159,62.3073,6.0804,0
depth,44,depth_s44,ON_NEG,on/scene07/L7__s20260821__0006.png::boost_e2,scene07,V,E1,4,E,1,0.532551,-12.1066,0.0159,62.3073,6.0804,0
depth,44,depth_s44,ON_NEG,on/scene07/L7__s20260821__0006.png::boost_e2,scene07,V,A2,5,A,2,0.985286,-12.1066,0.0159,62.3073,6.0804,0
depth,44,depth_s44,ON_NEG,on/scene07/L7__s20260821__0006.png::boost_e2,scene07,V,B2,6,B,2,0.982604,-12.1066,0.0159,62.3073,6.0804,0
depth,44,depth_s44,ON_NEG,on/scene07/L7__s20260821__0006.png::boost_e2,scene07,V,C2,7,C,2,0.97541,-12.1066,0.0159,62.3073,6.0804,0
depth,44,depth_s44,ON_NEG,on/scene07/L7__s20260821__0006.png::boost_e2,scene07,V,D2,8,D,2,0.987029,-12.1066,0.0159,62.3073,6.0804,0
depth,44,depth_s44,ON_NEG,on/scene07/L7__s20260821__0006.png::boost_e2,scene07,V,E2,9,E,2,0.986626,-12.1066,0.0159,62.3073,6.0804,0
depth,44,depth_s44,ON_NEG,on/scene07/L7__s20260821__0006.png::boost_e2,scene07,V,A3a,10,A,3a,0.995042,-12.1066,0.0159,62.3073,6.0804,0
depth,44,depth_s44,ON_NEG,on/scene07/L7__s20260821__0006.png::boost_e2,scene07,V,B3a,11,B,3a,0.999244,-12.1066,0.0159,62.3073,6.0804,0
depth,44,depth_s44,ON_NEG,on/scene07/L7__s20260821__0006.png::boost_e2,scene07,V,C3a,12,C,3a,0.999508,-12.1066,0.0159,62.3073,6.0804,0
depth,44,depth_s44,ON_NEG,on/scene07/L7__s20260821__0006.png::boost_e2,scene07,V,D3a,13,D,3a,0.995715,-12.1066,0.0159,62.3073,6.0804,0
depth,44,depth_s44,ON_NEG,on/scene07/L7__s20260821__0006.png::boost_e2,scene07,V,E3a,14,E,3a,0.962939,-12.1066,0.0159,62.3073,6.0804,0
depth,44,depth_s44,ON_NEG,on/scene07/L7__s20260821__0007.png::boost_e2,scene07,V,A2,5,A,2,0.969597,-12.7675,1.6425,64.5249,4.4163,0
depth,44,depth_s44,ON_NEG,on/scene07/L7__s20260821__0007.png::boost_e2,scene07,V,B2,6,B,2,0.925102,-12.7675,1.6425,64.5249,4.4163,0
depth,44,depth_s44,ON_NEG,on/scene07/L7__s20260821__0007.png::boost_e2,scene07,V,C2,7,C,2,0.901191,-12.7675,1.6425,64.5249,4.4163,0
depth,44,depth_s44,ON_NEG,on/scene07/L7__s20260821__0007.png::boost_e2,scene07,V,D2,8,D,2,0.950383,-12.7675,1.6425,64.5249,4.4163,0
depth,44,depth_s44,ON_NEG,on/scene07/L7__s20260821__0007.png::boost_e2,scene07,V,E2,9,E,2,0.940955,-12.7675,1.6425,64.5249,4.4163,0
depth,44,depth_s44,ON_NEG,on/scene07/L7__s20260821__0007.png::boost_e2,scene07,V,E3a,14,E,3a,0.824823,-12.7675,1.6425,64.5249,4.4163,0
depth,44,depth_s44,ON_NEG,on/scene07/L7__s20260821__0007.png::boost_e2,scene07,V,D3b,18,D,3b,0.660026,-12.7675,1.6425,64.5249,4.4163,0
b2,42,b2_s42,OFF,off/scene05/L0__s20260819__0000.png,scene05,off,B3b,16,B,3b,0.782413,-13.6144,1.6463,62.6648,2.8577,0
b2,42,b2_s42,OFF,off/scene05/L0__s20260819__0000.png,scene05,off,C3b,17,C,3b,0.955902,-13.6144,1.6463,62.6648,2.8577,0
b2,42,b2_s42,OFF,off/scene05/L0__s20260819__0000.png,scene05,off,D3b,18,D,3b,0.8886,-13.6144,1.6463,62.6648,2.8577,0
b2,42,b2_s42,OFF,off/scene05/L0__s20260819__0001.png,scene05,off,B3b,16,B,3b,0.562879,-15.173,12.161,60.0807,9.829,0
b2,42,b2_s42,OFF,off/scene05/L0__s20260819__0001.png,scene05,off,C3b,17,C,3b,0.506921,-15.173,12.161,60.0807,9.829,0
b2,42,b2_s42,OFF,off/scene05/L0__s20260819__0001.png,scene05,off,D3b,18,D,3b,0.897067,-15.173,12.161,60.0807,9.829,0
b2,42,b2_s42,OFF,off/scene05/L0__s20260819__0002.png,scene05,off,B3b,16,B,3b,0.793668,-10.3814,-5.3811,61.849,10.1547,0
b2,42,b2_s42,OFF,off/scene05/L0__s20260819__0003.png,scene05,off,C3b,17,C,3b,0.76312,-16.5946,2.3699,62.213,5.261,0
b2,42,b2_s42,OFF,off/scene05/L0__s20260819__0003.png,scene05,off,D3b,18,D,3b,0.517048,-16.5946,2.3699,62.213,5.261,0
b2,42,b2_s42,OFF,off/scene05/L0__s20260819__0004.png,scene05,off,C3b,17,C,3b,0.929502,-12.9429,6.4312,60.6761,2.7145,0
b2,42,b2_s42,OFF,off/scene05/L0__s20260819__0004.png,scene05,off,D3b,18,D,3b,0.981363,-12.9429,6.4312,60.6761,2.7145,0
b2,42,b2_s42,OFF,off/scene05/L0__s20260819__0004.png,scene05,off,E3b,19,E,3b,0.653502,-12.9429,6.4312,60.6761,2.7145,0
b2,42,b2_s42,OFF,off/scene05/L0__s20260819__0005.png,scene05,off,B3b,16,B,3b,0.822178,-7.0259,1.6918,62.8815,1.4988,0
b2,42,b2_s42,OFF,off/scene05/L0__s20260819__0005.png,scene05,off,C3b,17,C,3b,0.979588,-7.0259,1.6918,62.8815,1.4988,0
b2,42,b2_s42,OFF,off/scene05/L0__s20260819__0005.png,scene05,off,D3b,18,D,3b,0.980638,-7.0259,1.6918,62.8815,1.4988,0
b2,42,b2_s42,OFF,off/scene05/L0__s20260819__0005.png,scene05,off,E3b,19,E,3b,0.511107,-7.0259,1.6918,62.8815,1.4988,0
b2,42,b2_s42,OFF,off/scene05/L0__s20260819__0006.png,scene05,off,C3b,17,C,3b,0.784488,-7.598,-3.6478,63.1397,4.3849,0
b2,42,b2_s42,OFF,off/scene05/L0__s20260819__0006.png,scene05,off,D3b,18,D,3b,0.973116,-7.598,-3.6478,63.1397,4.3849,0
b2,42,b2_s42,OFF,off/scene05/L0__s20260819__0007.png,scene05,off,B3b,16,B,3b,0.670252,-11.0887,-6.1282,60.9132,3.4946,0
b2,42,b2_s42,OFF,off/scene05/L0__s20260819__0007.png,scene05,off,C3b,17,C,3b,0.641249,-11.0887,-6.1282,60.9132,3.4946,0
b2,42,b2_s42,OFF,off/scene05/L5__s20260819__0000.png,scene05,off,B3b,16,B,3b,0.645322,-13.6144,1.6463,62.6648,2.8577,0
b2,42,b2_s42,OFF,off/scene05/L5__s20260819__0000.png,scene05,off,C3b,17,C,3b,0.802277,-13.6144,1.6463,62.6648,2.8577,0
b2,42,b2_s42,OFF,off/scene05/L5__s20260819__0001.png,scene05,off,B3b,16,B,3b,0.65633,-15.173,12.161,60.0807,9.829,0
b2,42,b2_s42,OFF,off/scene05/L5__s20260819__0001.png,scene05,off,C3b,17,C,3b,0.968912,-15.173,12.161,60.0807,9.829,0
b2,42,b2_s42,OFF,off/scene05/L5__s20260819__0001.png,scene05,off,D3b,18,D,3b,0.947893,-15.173,12.161,60.0807,9.829,0
b2,42,b2_s42,OFF,off/scene05/L5__s20260819__0002.png,scene05,off,A3b,15,A,3b,0.545433,-10.3814,-5.3811,61.849,10.1547,0
b2,42,b2_s42,OFF,off/scene05/L5__s20260819__0002.png,scene05,off,B3b,16,B,3b,0.976519,-10.3814,-5.3811,61.849,10.1547,0
b2,42,b2_s42,OFF,off/scene05/L5__s20260819__0002.png,scene05,off,C3b,17,C,3b,0.949271,-10.3814,-5.3811,61.849,10.1547,0
b2,42,b2_s42,OFF,off/scene05/L5__s20260819__0002.png,scene05,off,D3b,18,D,3b,0.585351,-10.3814,-5.3811,61.849,10.1547,0
b2,42,b2_s42,OFF,off/scene05/L5__s20260819__0004.png,scene05,off,C3b,17,C,3b,0.823829,-12.9429,6.4312,60.6761,2.7145,0
b2,42,b2_s42,OFF,off/scene05/L5__s20260819__0004.png,scene05,off,D3b,18,D,3b,0.608268,-12.9429,6.4312,60.6761,2.7145,0
b2,42,b2_s42,OFF,off/scene05/L5__s20260819__0005.png,scene05,off,B3b,16,B,3b,0.852683,-7.0259,1.6918,62.8815,1.4988,0
b2,42,b2_s42,OFF,off/scene05/L5__s20260819__0005.png,scene05,off,C3b,17,C,3b,0.981502,-7.0259,1.6918,62.8815,1.4988,0
b2,42,b2_s42,OFF,off/scene05/L5__s20260819__0005.png,scene05,off,D3b,18,D,3b,0.969355,-7.0259,1.6918,62.8815,1.4988,0
b2,42,b2_s42,OFF,off/scene05/L5__s20260819__0006.png,scene05,off,C3b,17,C,3b,0.952046,-7.598,-3.6478,63.1397,4.3849,0
b2,42,b2_s42,OFF,off/scene05/L5__s20260819__0006.png,scene05,off,D3b,18,D,3b,0.997008,-7.598,-3.6478,63.1397,4.3849,0
b2,42,b2_s42,OFF,off/scene05/L5__s20260819__0006.png,scene05,off,E3b,19,E,3b,0.751067,-7.598,-3.6478,63.1397,4.3849,0
b2,42,b2_s42,OFF,off/scene05/L5__s20260819__0007.png,scene05,off,A3b,15,A,3b,0.707649,-11.0887,-6.1282,60.9132,3.4946,0
b2,42,b2_s42,OFF,off/scene05/L5__s20260819__0007.png,scene05,off,B3b,16,B,3b,0.853426,-11.0887,-6.1282,60.9132,3.4946,0
b2,42,b2_s42,OFF,off/scene05/L5__s20260819__0007.png,scene05,off,C3b,17,C,3b,0.783819,-11.0887,-6.1282,60.9132,3.4946,0
b2,42,b2_s42,OFF,off/scene05/L5__s20260819__0007.png,scene05,off,D3b,18,D,3b,0.641085,-11.0887,-6.1282,60.9132,3.4946,0
b2,42,b2_s42,OFF,off/scene05/L7__s20260819__0000.png,scene05,off,B3b,16,B,3b,0.665413,-13.6144,1.6463,62.6648,2.8577,0
b2,42,b2_s42,OFF,off/scene05/L7__s20260819__0000.png,scene05,off,C3b,17,C,3b,0.929886,-13.6144,1.6463,62.6648,2.8577,0
b2,42,b2_s42,OFF,off/scene05/L7__s20260819__0000.png,scene05,off,D3b,18,D,3b,0.855562,-13.6144,1.6463,62.6648,2.8577,0
b2,42,b2_s42,OFF,off/scene05/L7__s20260819__0001.png,scene05,off,B3b,16,B,3b,0.554775,-15.173,12.161,60.0807,9.829,0
b2,42,b2_s42,OFF,off/scene05/L7__s20260819__0001.png,scene05,off,C3b,17,C,3b,0.782814,-15.173,12.161,60.0807,9.829,0
b2,42,b2_s42,OFF,off/scene05/L7__s20260819__0001.png,scene05,off,D3b,18,D,3b,0.928186,-15.173,12.161,60.0807,9.829,0
b2,42,b2_s42,OFF,off/scene05/L7__s20260819__0002.png,scene05,off,B3b,16,B,3b,0.914787,-10.3814,-5.3811,61.849,10.1547,0
b2,42,b2_s42,OFF,off/scene05/L7__s20260819__0003.png,scene05,off,B3b,16,B,3b,0.541826,-16.5946,2.3699,62.213,5.261,0
b2,42,b2_s42,OFF,off/scene05/L7__s20260819__0003.png,scene05,off,C3b,17,C,3b,0.942174,-16.5946,2.3699,62.213,5.261,0
b2,42,b2_s42,OFF,off/scene05/L7__s20260819__0003.png,scene05,off,D3b,18,D,3b,0.881941,-16.5946,2.3699,62.213,5.261,0
b2,42,b2_s42,OFF,off/scene05/L7__s20260819__0003.png,scene05,off,E3b,19,E,3b,0.849819,-16.5946,2.3699,62.213,5.261,0
b2,42,b2_s42,OFF,off/scene05/L7__s20260819__0004.png,scene05,off,C3b,17,C,3b,0.975592,-12.9429,6.4312,60.6761,2.7145,0
b2,42,b2_s42,OFF,off/scene05/L7__s20260819__0004.png,scene05,off,D3b,18,D,3b,0.991656,-12.9429,6.4312,60.6761,2.7145,0
b2,42,b2_s42,OFF,off/scene05/L7__s20260819__0004.png,scene05,off,E3b,19,E,3b,0.931045,-12.9429,6.4312,60.6761,2.7145,0
b2,42,b2_s42,OFF,off/scene05/L7__s20260819__0005.png,scene05,off,B3b,16,B,3b,0.873203,-7.0259,1.6918,62.8815,1.4988,0
b2,42,b2_s42,OFF,off/scene05/L7__s20260819__0005.png,scene05,off,C3b,17,C,3b,0.977886,-7.0259,1.6918,62.8815,1.4988,0
b2,42,b2_s42,OFF,off/scene05/L7__s20260819__0005.png,scene05,off,D3b,18,D,3b,0.973647,-7.0259,1.6918,62.8815,1.4988,0
b2,42,b2_s42,OFF,off/scene05/L7__s20260819__0006.png,scene05,off,C3b,17,C,3b,0.568138,-7.598,-3.6478,63.1397,4.3849,0
b2,42,b2_s42,OFF,off/scene05/L7__s20260819__0006.png,scene05,off,D3b,18,D,3b,0.926337,-7.598,-3.6478,63.1397,4.3849,0
b2,42,b2_s42,OFF,off/scene05/L7__s20260819__0007.png,scene05,off,A3b,15,A,3b,0.650531,-11.0887,-6.1282,60.9132,3.4946,0
b2,42,b2_s42,OFF,off/scene05/L7__s20260819__0007.png,scene05,off,B3b,16,B,3b,0.924209,-11.0887,-6.1282,60.9132,3.4946,0
b2,42,b2_s42,OFF,off/scene05/L7__s20260819__0007.png,scene05,off,C3b,17,C,3b,0.923036,-11.0887,-6.1282,60.9132,3.4946,0
b2,42,b2_s42,OFF,off/scene05/L7__s20260819__0007.png,scene05,off,D3b,18,D,3b,0.88777,-11.0887,-6.1282,60.9132,3.4946,0
b2,42,b2_s42,OFF,off/scene05/L7__s20260819__0007.png,scene05,off,E3b,19,E,3b,0.548222,-11.0887,-6.1282,60.9132,3.4946,0
b2,42,b2_s42,OFF,off/scene07/L0__s20260819__0004.png,scene07,off,A3b,15,A,3b,0.741675,-12.8155,-12.0811,63.2809,3.8019,0
b2,42,b2_s42,OFF,off/scene07/L0__s20260819__0004.png,scene07,off,B3b,16,B,3b,0.642913,-12.8155,-12.0811,63.2809,3.8019,0
b2,42,b2_s42,OFF,off/scene07/L0__s20260819__0005.png,scene07,off,A3b,15,A,3b,0.854309,-9.3221,15.6943,62.9084,4.5788,0
b2,42,b2_s42,OFF,off/scene07/L0__s20260819__0005.png,scene07,off,B3b,16,B,3b,0.713484,-9.3221,15.6943,62.9084,4.5788,0
b2,42,b2_s42,OFF,off/scene07/L0__s20260819__0006.png,scene07,off,A3b,15,A,3b,0.520822,-3.7993,3.5452,60.5677,1.5559,0
b2,42,b2_s42,OFF,off/scene07/L0__s20260819__0006.png,scene07,off,B3b,16,B,3b,0.732486,-3.7993,3.5452,60.5677,1.5559,0
b2,42,b2_s42,OFF,off/scene07/L5__s20260819__0004.png,scene07,off,A3b,15,A,3b,0.807072,-12.8155,-12.0811,63.2809,3.8019,0
b2,42,b2_s42,OFF,off/scene07/L5__s20260819__0004.png,scene07,off,B3b,16,B,3b,0.714326,-12.8155,-12.0811,63.2809,3.8019,0
b2,42,b2_s42,OFF,off/scene07/L5__s20260819__0005.png,scene07,off,A3b,15,A,3b,0.868601,-9.3221,15.6943,62.9084,4.5788,0
b2,42,b2_s42,OFF,off/scene07/L5__s20260819__0005.png,scene07,off,B3b,16,B,3b,0.753653,-9.3221,15.6943,62.9084,4.5788,0
b2,42,b2_s42,OFF,off/scene07/L5__s20260819__0006.png,scene07,off,B3b,16,B,3b,0.5485,-3.7993,3.5452,60.5677,1.5559,0
b2,42,b2_s42,OFF,off/scene07/L7__s20260819__0002.png,scene07,off,A3b,15,A,3b,0.729312,-7.922,-1.0116,61.5513,7.0947,0
b2,42,b2_s42,OFF,off/scene07/L7__s20260819__0004.png,scene07,off,A3b,15,A,3b,0.939939,-12.8155,-12.0811,63.2809,3.8019,0
b2,42,b2_s42,OFF,off/scene07/L7__s20260819__0004.png,scene07,off,B3b,16,B,3b,0.951037,-12.8155,-12.0811,63.2809,3.8019,0
b2,42,b2_s42,OFF,off/scene07/L7__s20260819__0004.png,scene07,off,C3b,17,C,3b,0.671369,-12.8155,-12.0811,63.2809,3.8019,0
b2,42,b2_s42,OFF,off/scene07/L7__s20260819__0004.png,scene07,off,E3b,19,E,3b,0.697295,-12.8155,-12.0811,63.2809,3.8019,0
b2,42,b2_s42,OFF,off/scene07/L7__s20260819__0005.png,scene07,off,A3b,15,A,3b,0.953387,-9.3221,15.6943,62.9084,4.5788,0
b2,42,b2_s42,OFF,off/scene07/L7__s20260819__0005.png,scene07,off,B3b,16,B,3b,0.780166,-9.3221,15.6943,62.9084,4.5788,0
b2,42,b2_s42,OFF,off/scene07/L7__s20260819__0005.png,scene07,off,C3b,17,C,3b,0.502794,-9.3221,15.6943,62.9084,4.5788,0
b2,42,b2_s42,OFF,off/scene07/L7__s20260819__0005.png,scene07,off,E3b,19,E,3b,0.675753,-9.3221,15.6943,62.9084,4.5788,0
b2,42,b2_s42,OFF,off/scene14/L0__s20260819__0002.png,scene14,off,C3a,12,C,3a,0.533796,-13.2604,4.4652,60.6011,1.3141,0
b2,42,b2_s42,OFF,off/scene14/L0__s20260819__0002.png,scene14,off,C3b,17,C,3b,0.66283,-13.2604,4.4652,60.6011,1.3141,0
b2,42,b2_s42,OFF,off/scene14/L0__s20260819__0005.png,scene14,off,C3b,17,C,3b,0.618103,-11.6875,3.1562,60.5808,4.4487,0
b2,42,b2_s42,OFF,off/scene14/L0__s20260819__0006.png,scene14,off,C3b,17,C,3b,0.822836,-10.0252,-0.1653,61.7917,6.5633,0
b2,42,b2_s42,OFF,off/scene14/L0__s20260819__0007.png,scene14,off,B3a,11,B,3a,0.756602,-8.8174,0.2988,62.6318,4.9665,0
b2,42,b2_s42,OFF,off/scene14/L0__s20260819__0007.png,scene14,off,C3a,12,C,3a,0.813476,-8.8174,0.2988,62.6318,4.9665,0
b2,42,b2_s42,OFF,off/scene14/L5__s20260819__0005.png,scene14,off,C3a,12,C,3a,0.737616,-11.6875,3.1562,60.5808,4.4487,0
b2,42,b2_s42,OFF,off/scene14/L5__s20260819__0005.png,scene14,off,C3b,17,C,3b,0.756353,-11.6875,3.1562,60.5808,4.4487,0
b2,42,b2_s42,OFF,off/scene14/L5__s20260819__0007.png,scene14,off,B3a,11,B,3a,0.757356,-8.8174,0.2988,62.6318,4.9665,0
b2,42,b2_s42,OFF,off/scene14/L7__s20260819__0002.png,scene14,off,C3b,17,C,3b,0.507665,-13.2604,4.4652,60.6011,1.3141,0
b2,42,b2_s42,OFF,off/scene14/L7__s20260819__0005.png,scene14,off,C3b,17,C,3b,0.858719,-11.6875,3.1562,60.5808,4.4487,0
b2,42,b2_s42,OFF,off/scene14/L7__s20260819__0005.png,scene14,off,D3b,18,D,3b,0.610367,-11.6875,3.1562,60.5808,4.4487,0
b2,42,b2_s42,OFF,off/scene14/L7__s20260819__0007.png,scene14,off,B3a,11,B,3a,0.584343,-8.8174,0.2988,62.6318,4.9665,0
b2,42,b2_s42,OFF,off/scene14/L7__s20260819__0007.png,scene14,off,C3a,12,C,3a,0.628618,-8.8174,0.2988,62.6318,4.9665,0
b2,42,b2_s42,OFF,off/sceneC2/L2__s20260819__0003.png,sceneC2,off,B3b,16,B,3b,0.688196,-13.0594,-4.2489,62.4769,1.2525,0
b2,42,b2_s42,OFF,off/sceneC2/L2__s20260819__0003.png,sceneC2,off,C3b,17,C,3b,0.757138,-13.0594,-4.2489,62.4769,1.2525,0
b2,42,b2_s42,OFF,off/sceneC2/L2__s20260819__0005.png,sceneC2,off,B3b,16,B,3b,0.61444,-13.9053,-4.7076,63.4803,4.5522,0
b2,42,b2_s42,OFF,off/sceneC2/L2__s20260819__0005.png,sceneC2,off,C3b,17,C,3b,0.668734,-13.9053,-4.7076,63.4803,4.5522,0
b2,42,b2_s42,OFF,off/sceneC2/L2__s20260819__0005.png,sceneC2,off,D3b,18,D,3b,0.899599,-13.9053,-4.7076,63.4803,4.5522,0
b2,42,b2_s42,OFF,off/sceneC2/L3__s20260819__0005.png,sceneC2,off,D3b,18,D,3b,0.865616,-13.9053,-4.7076,63.4803,4.5522,0
b2,42,b2_s42,OFF,off/sceneC2/L7__s20260819__0005.png,sceneC2,off,D3b,18,D,3b,0.768691,-13.9053,-4.7076,63.4803,4.5522,0
b2,42,b2_s42,OFF,off/sceneN3/L0__s20260819__0002.png,sceneN3,off,C3b,17,C,3b,0.860235,-13.1516,1.5693,63.1068,1.7608,0
b2,42,b2_s42,OFF,off/sceneN3/L0__s20260819__0002.png,sceneN3,off,D3b,18,D,3b,0.719194,-13.1516,1.5693,63.1068,1.7608,0
b2,42,b2_s42,OFF,off/sceneN3/L0__s20260819__0005.png,sceneN3,off,B3b,16,B,3b,0.844994,-12.2129,-14.4798,63.1796,2.2677,0
b2,42,b2_s42,OFF,off/sceneN3/L0__s20260819__0006.png,sceneN3,off,B3b,16,B,3b,0.616926,-7.7849,2.4667,60.503,4.7311,0
b2,42,b2_s42,OFF,off/sceneN3/L0__s20260819__0006.png,sceneN3,off,C3b,17,C,3b,0.555146,-7.7849,2.4667,60.503,4.7311,0
b2,42,b2_s42,OFF,off/sceneN3/L0__s20260819__0006.png,sceneN3,off,D3b,18,D,3b,0.516166,-7.7849,2.4667,60.503,4.7311,0
b2,42,b2_s42,OFF,off/sceneN3/L5__s20260819__0002.png,sceneN3,off,B3b,16,B,3b,0.942773,-13.1516,1.5693,63.1068,1.7608,0
b2,42,b2_s42,OFF,off/sceneN3/L5__s20260819__0002.png,sceneN3,off,C3b,17,C,3b,0.982044,-13.1516,1.5693,63.1068,1.7608,0
b2,42,b2_s42,OFF,off/sceneN3/L5__s20260819__0002.png,sceneN3,off,D3b,18,D,3b,0.953162,-13.1516,1.5693,63.1068,1.7608,0
b2,42,b2_s42,OFF,off/sceneN3/L5__s20260819__0005.png,sceneN3,off,B3a,11,B,3a,0.716315,-12.2129,-14.4798,63.1796,2.2677,0
b2,42,b2_s42,OFF,off/sceneN3/L5__s20260819__0005.png,sceneN3,off,B3b,16,B,3b,0.978145,-12.2129,-14.4798,63.1796,2.2677,0
b2,42,b2_s42,OFF,off/sceneN3/L5__s20260819__0005.png,sceneN3,off,C3b,17,C,3b,0.967265,-12.2129,-14.4798,63.1796,2.2677,0
b2,42,b2_s42,OFF,off/sceneN3/L5__s20260819__0005.png,sceneN3,off,D3b,18,D,3b,0.810956,-12.2129,-14.4798,63.1796,2.2677,0
b2,42,b2_s42,OFF,off/sceneN3/L5__s20260819__0006.png,sceneN3,off,C3b,17,C,3b,0.566235,-7.7849,2.4667,60.503,4.7311,0
b2,42,b2_s42,OFF,off/sceneN3/L7__s20260819__0002.png,sceneN3,off,A2,5,A,2,0.714204,-13.1516,1.5693,63.1068,1.7608,0
b2,42,b2_s42,OFF,off/sceneN3/L7__s20260819__0002.png,sceneN3,off,B2,6,B,2,0.554509,-13.1516,1.5693,63.1068,1.7608,0
b2,42,b2_s42,OFF,off/sceneN3/L7__s20260819__0002.png,sceneN3,off,C2,7,C,2,0.694253,-13.1516,1.5693,63.1068,1.7608,0
b2,42,b2_s42,OFF,off/sceneN3/L7__s20260819__0002.png,sceneN3,off,D2,8,D,2,0.651757,-13.1516,1.5693,63.1068,1.7608,0
b2,42,b2_s42,OFF,off/sceneN3/L7__s20260819__0002.png,sceneN3,off,B3b,16,B,3b,0.822619,-13.1516,1.5693,63.1068,1.7608,0
b2,42,b2_s42,OFF,off/sceneN3/L7__s20260819__0002.png,sceneN3,off,C3b,17,C,3b,0.972532,-13.1516,1.5693,63.1068,1.7608,0
b2,42,b2_s42,OFF,off/sceneN3/L7__s20260819__0002.png,sceneN3,off,D3b,18,D,3b,0.908776,-13.1516,1.5693,63.1068,1.7608,0
b2,42,b2_s42,OFF,off/sceneN3/L7__s20260819__0005.png,sceneN3,off,B3b,16,B,3b,0.975572,-12.2129,-14.4798,63.1796,2.2677,0
b2,42,b2_s42,OFF,off/sceneN3/L7__s20260819__0005.png,sceneN3,off,C3b,17,C,3b,0.941459,-12.2129,-14.4798,63.1796,2.2677,0
b2,42,b2_s42,OFF,off/sceneN3/L7__s20260819__0005.png,sceneN3,off,D3b,18,D,3b,0.848879,-12.2129,-14.4798,63.1796,2.2677,0
b2,42,b2_s42,OFF,off/sceneN3/L7__s20260819__0006.png,sceneN3,off,B3a,11,B,3a,0.742827,-7.7849,2.4667,60.503,4.7311,0
b2,42,b2_s42,OFF,off/sceneN3/L7__s20260819__0006.png,sceneN3,off,B3b,16,B,3b,0.790047,-7.7849,2.4667,60.503,4.7311,0
b2,42,b2_s42,OFF,off/sceneN3/L7__s20260819__0006.png,sceneN3,off,C3b,17,C,3b,0.813704,-7.7849,2.4667,60.503,4.7311,0
b2,42,b2_s42,OFF,off/sceneN3/L7__s20260819__0006.png,sceneN3,off,D3b,18,D,3b,0.719672,-7.7849,2.4667,60.503,4.7311,0
b2,42,b2_s42,OFF,off/scene05/L0__s20260820__0002.png::boost_e,scene05,off,C3a,12,C,3a,0.518717,-5.4996,-9.2457,63.6695,7.7708,0
b2,42,b2_s42,OFF,off/scene05/L0__s20260820__0002.png::boost_e,scene05,off,C3b,17,C,3b,0.614097,-5.4996,-9.2457,63.6695,7.7708,0
b2,42,b2_s42,OFF,off/scene05/L0__s20260820__0003.png::boost_e,scene05,off,C3b,17,C,3b,0.523238,-7.8027,0.1237,61.0834,6.3099,0
b2,42,b2_s42,OFF,off/scene05/L0__s20260820__0003.png::boost_e,scene05,off,D3b,18,D,3b,0.657981,-7.8027,0.1237,61.0834,6.3099,0
b2,42,b2_s42,OFF,off/scene05/L0__s20260820__0004.png::boost_e,scene05,off,B3b,16,B,3b,0.50528,-6.9904,-7.3983,63.483,6.1605,0
b2,42,b2_s42,OFF,off/scene05/L0__s20260820__0005.png::boost_e,scene05,off,D3b,18,D,3b,0.707238,-9.9958,-4.8864,61.371,6.2772,0
b2,42,b2_s42,OFF,off/scene05/L5__s20260820__0000.png::boost_e,scene05,off,C3b,17,C,3b,0.569891,-10.3105,7.3985,60.3309,7.0354,0
b2,42,b2_s42,OFF,off/scene05/L5__s20260820__0001.png::boost_e,scene05,off,C3b,17,C,3b,0.833427,-5.7189,0.3564,61.8831,9.8857,0
b2,42,b2_s42,OFF,off/scene05/L5__s20260820__0001.png::boost_e,scene05,off,D3b,18,D,3b,0.844387,-5.7189,0.3564,61.8831,9.8857,0
b2,42,b2_s42,OFF,off/scene05/L5__s20260820__0002.png::boost_e,scene05,off,B2,6,B,2,0.559503,-5.4996,-9.2457,63.6695,7.7708,0
b2,42,b2_s42,OFF,off/scene05/L5__s20260820__0002.png::boost_e,scene05,off,C2,7,C,2,0.571705,-5.4996,-9.2457,63.6695,7.7708,0
b2,42,b2_s42,OFF,off/scene05/L5__s20260820__0002.png::boost_e,scene05,off,B3a,11,B,3a,0.779298,-5.4996,-9.2457,63.6695,7.7708,0
b2,42,b2_s42,OFF,off/scene05/L5__s20260820__0002.png::boost_e,scene05,off,C3a,12,C,3a,0.9101,-5.4996,-9.2457,63.6695,7.7708,0
b2,42,b2_s42,OFF,off/scene05/L5__s20260820__0002.png::boost_e,scene05,off,B3b,16,B,3b,0.696078,-5.4996,-9.2457,63.6695,7.7708,0
b2,42,b2_s42,OFF,off/scene05/L5__s20260820__0002.png::boost_e,scene05,off,C3b,17,C,3b,0.92208,-5.4996,-9.2457,63.6695,7.7708,0
b2,42,b2_s42,OFF,off/scene05/L5__s20260820__0002.png::boost_e,scene05,off,D3b,18,D,3b,0.656936,-5.4996,-9.2457,63.6695,7.7708,0
b2,42,b2_s42,OFF,off/scene05/L5__s20260820__0003.png::boost_e,scene05,off,C3b,17,C,3b,0.855244,-7.8027,0.1237,61.0834,6.3099,0
b2,42,b2_s42,OFF,off/scene05/L5__s20260820__0003.png::boost_e,scene05,off,D3b,18,D,3b,0.858732,-7.8027,0.1237,61.0834,6.3099,0
b2,42,b2_s42,OFF,off/scene05/L5__s20260820__0003.png::boost_e,scene05,off,E3b,19,E,3b,0.626409,-7.8027,0.1237,61.0834,6.3099,0
b2,42,b2_s42,OFF,off/scene05/L5__s20260820__0005.png::boost_e,scene05,off,C3b,17,C,3b,0.921492,-9.9958,-4.8864,61.371,6.2772,0
b2,42,b2_s42,OFF,off/scene05/L5__s20260820__0005.png::boost_e,scene05,off,D3b,18,D,3b,0.793589,-9.9958,-4.8864,61.371,6.2772,0
b2,42,b2_s42,OFF,off/scene05/L5__s20260820__0006.png::boost_e,scene05,off,B3b,16,B,3b,0.915778,-12.8982,-6.3539,61.1324,9.7574,0
b2,42,b2_s42,OFF,off/scene05/L5__s20260820__0006.png::boost_e,scene05,off,C3b,17,C,3b,0.740911,-12.8982,-6.3539,61.1324,9.7574,0
b2,42,b2_s42,OFF,off/scene05/L5__s20260820__0007.png::boost_e,scene05,off,D3b,18,D,3b,0.533624,-11.43,-6.2709,60.486,7.4493,0
b2,42,b2_s42,OFF,off/scene05/L7__s20260820__0001.png::boost_e,scene05,off,B3a,11,B,3a,0.551941,-5.7189,0.3564,61.8831,9.8857,0
b2,42,b2_s42,OFF,off/scene05/L7__s20260820__0001.png::boost_e,scene05,off,B3b,16,B,3b,0.831571,-5.7189,0.3564,61.8831,9.8857,0
b2,42,b2_s42,OFF,off/scene05/L7__s20260820__0001.png::boost_e,scene05,off,C3b,17,C,3b,0.646861,-5.7189,0.3564,61.8831,9.8857,0
b2,42,b2_s42,OFF,off/scene05/L7__s20260820__0001.png::boost_e,scene05,off,D3b,18,D,3b,0.578607,-5.7189,0.3564,61.8831,9.8857,0
b2,42,b2_s42,OFF,off/scene05/L7__s20260820__0002.png::boost_e,scene05,off,B3b,16,B,3b,0.656677,-5.4996,-9.2457,63.6695,7.7708,0
b2,42,b2_s42,OFF,off/scene05/L7__s20260820__0002.png::boost_e,scene05,off,C3b,17,C,3b,0.677103,-5.4996,-9.2457,63.6695,7.7708,0
b2,42,b2_s42,OFF,off/scene05/L7__s20260820__0005.png::boost_e,scene05,off,C3b,17,C,3b,0.713719,-9.9958,-4.8864,61.371,6.2772,0
b2,42,b2_s42,OFF,off/scene05/L7__s20260820__0005.png::boost_e,scene05,off,D3b,18,D,3b,0.631547,-9.9958,-4.8864,61.371,6.2772,0
b2,42,b2_s42,OFF,off/scene05/L7__s20260820__0006.png::boost_e,scene05,off,B3a,11,B,3a,0.522728,-12.8982,-6.3539,61.1324,9.7574,0
b2,42,b2_s42,OFF,off/scene05/L7__s20260820__0006.png::boost_e,scene05,off,B3b,16,B,3b,0.892018,-12.8982,-6.3539,61.1324,9.7574,0
b2,42,b2_s42,OFF,off/scene07/L0__s20260820__0000.png::boost_e,scene07,off,A3a,10,A,3a,0.591543,-10.2409,14.1283,61.8254,9.3533,0
b2,42,b2_s42,OFF,off/scene07/L0__s20260820__0000.png::boost_e,scene07,off,B3a,11,B,3a,0.753467,-10.2409,14.1283,61.8254,9.3533,0
b2,42,b2_s42,OFF,off/scene07/L0__s20260820__0000.png::boost_e,scene07,off,A3b,15,A,3b,0.940798,-10.2409,14.1283,61.8254,9.3533,0
b2,42,b2_s42,OFF,off/scene07/L0__s20260820__0000.png::boost_e,scene07,off,B3b,16,B,3b,0.904136,-10.2409,14.1283,61.8254,9.3533,0
b2,42,b2_s42,OFF,off/scene07/L0__s20260820__0000.png::boost_e,scene07,off,C3b,17,C,3b,0.672341,-10.2409,14.1283,61.8254,9.3533,0
b2,42,b2_s42,OFF,off/scene07/L0__s20260820__0000.png::boost_e,scene07,off,D3b,18,D,3b,0.638364,-10.2409,14.1283,61.8254,9.3533,0
b2,42,b2_s42,OFF,off/scene07/L0__s20260820__0000.png::boost_e,scene07,off,E3b,19,E,3b,0.579339,-10.2409,14.1283,61.8254,9.3533,0
b2,42,b2_s42,OFF,off/scene07/L0__s20260820__0001.png::boost_e,scene07,off,A3b,15,A,3b,0.881789,-8.7737,-1.6736,63.801,8.4933,0
b2,42,b2_s42,OFF,off/scene07/L0__s20260820__0001.png::boost_e,scene07,off,B3b,16,B,3b,0.963447,-8.7737,-1.6736,63.801,8.4933,0
b2,42,b2_s42,OFF,off/scene07/L0__s20260820__0001.png::boost_e,scene07,off,C3b,17,C,3b,0.654177,-8.7737,-1.6736,63.801,8.4933,0
b2,42,b2_s42,OFF,off/scene07/L0__s20260820__0003.png::boost_e,scene07,off,A3b,15,A,3b,0.842182,-10.8121,7.6338,61.1751,9.743,0
b2,42,b2_s42,OFF,off/scene07/L0__s20260820__0003.png::boost_e,scene07,off,B3b,16,B,3b,0.726081,-10.8121,7.6338,61.1751,9.743,0
b2,42,b2_s42,OFF,off/scene07/L0__s20260820__0004.png::boost_e,scene07,off,A3b,15,A,3b,0.948391,-11.296,14.3304,62.4153,11.7361,0
b2,42,b2_s42,OFF,off/scene07/L0__s20260820__0004.png::boost_e,scene07,off,B3b,16,B,3b,0.919044,-11.296,14.3304,62.4153,11.7361,0
b2,42,b2_s42,OFF,off/scene07/L0__s20260820__0004.png::boost_e,scene07,off,C3b,17,C,3b,0.958774,-11.296,14.3304,62.4153,11.7361,0
b2,42,b2_s42,OFF,off/scene07/L0__s20260820__0006.png::boost_e,scene07,off,A3b,15,A,3b,0.683004,-7.4676,-1.6241,59.074,6.6363,0
b2,42,b2_s42,OFF,off/scene07/L0__s20260820__0007.png::boost_e,scene07,off,A3b,15,A,3b,0.742157,-8.8831,-5.8973,62.4612,11.793,0
b2,42,b2_s42,OFF,off/scene07/L0__s20260820__0007.png::boost_e,scene07,off,B3b,16,B,3b,0.852883,-8.8831,-5.8973,62.4612,11.793,0
b2,42,b2_s42,OFF,off/scene07/L5__s20260820__0000.png::boost_e,scene07,off,A3b,15,A,3b,0.767241,-10.2409,14.1283,61.8254,9.3533,0
b2,42,b2_s42,OFF,off/scene07/L5__s20260820__0000.png::boost_e,scene07,off,B3b,16,B,3b,0.525126,-10.2409,14.1283,61.8254,9.3533,0
b2,42,b2_s42,OFF,off/scene07/L5__s20260820__0001.png::boost_e,scene07,off,A3b,15,A,3b,0.716462,-8.7737,-1.6736,63.801,8.4933,0
b2,42,b2_s42,OFF,off/scene07/L5__s20260820__0007.png::boost_e,scene07,off,A3b,15,A,3b,0.634426,-8.8831,-5.8973,62.4612,11.793,0
b2,42,b2_s42,OFF,off/scene07/L5__s20260820__0007.png::boost_e,scene07,off,B3b,16,B,3b,0.607576,-8.8831,-5.8973,62.4612,11.793,0
b2,42,b2_s42,OFF,off/scene07/L7__s20260820__0000.png::boost_e,scene07,off,A3b,15,A,3b,0.657877,-10.2409,14.1283,61.8254,9.3533,0
b2,42,b2_s42,OFF,off/scene07/L7__s20260820__0006.png::boost_e,scene07,off,A3b,15,A,3b,0.774945,-7.4676,-1.6241,59.074,6.6363,0
b2,42,b2_s42,OFF,off/scene07/L7__s20260820__0006.png::boost_e,scene07,off,B3b,16,B,3b,0.526395,-7.4676,-1.6241,59.074,6.6363,0
b2,42,b2_s42,OFF,off/scene15/L0__s20260820__0001.png::boost_e,scene15,off,D3a,13,D,3a,0.623287,-6.8068,-11.8299,63.9125,9.9013,0
b2,42,b2_s42,OFF,off/scene05/L5__s20260821__0004.png::boost_e2,scene05,off,B3b,16,B,3b,0.588554,-5.7278,-7.1228,63.154,4.5329,0
b2,42,b2_s42,OFF,off/scene07/L0__s20260821__0001.png::boost_e2,scene07,off,A3b,15,A,3b,0.893513,-8.6491,14.3681,62.653,6.526,0
b2,42,b2_s42,OFF,off/scene07/L0__s20260821__0001.png::boost_e2,scene07,off,B3b,16,B,3b,0.679175,-8.6491,14.3681,62.653,6.526,0
b2,42,b2_s42,OFF,off/scene07/L0__s20260821__0001.png::boost_e2,scene07,off,C3b,17,C,3b,0.545596,-8.6491,14.3681,62.653,6.526,0
b2,42,b2_s42,OFF,off/scene07/L0__s20260821__0005.png::boost_e2,scene07,off,A3b,15,A,3b,0.742462,-5.0214,-1.8091,62.1167,8.8712,0
b2,42,b2_s42,OFF,off/scene07/L0__s20260821__0005.png::boost_e2,scene07,off,B3b,16,B,3b,0.885317,-5.0214,-1.8091,62.1167,8.8712,0
b2,42,b2_s42,OFF,off/scene07/L5__s20260821__0005.png::boost_e2,scene07,off,B3b,16,B,3b,0.64516,-5.0214,-1.8091,62.1167,8.8712,0
b2,42,b2_s42,OFF,off/scene07/L7__s20260821__0001.png::boost_e2,scene07,off,A3b,15,A,3b,0.837095,-8.6491,14.3681,62.653,6.526,0
b2,42,b2_s42,OFF,off/scene07/L7__s20260821__0001.png::boost_e2,scene07,off,B3b,16,B,3b,0.618098,-8.6491,14.3681,62.653,6.526,0
b2,42,b2_s42,OFF,off/scene07/L7__s20260821__0001.png::boost_e2,scene07,off,E3b,19,E,3b,0.588804,-8.6491,14.3681,62.653,6.526,0
b2,42,b2_s42,ON_NEG,on/scene07/L0__s20260819__0002.png,scene07,V,B3a,11,B,3a,0.692554,-7.922,-1.0116,61.5513,7.0947,0
b2,42,b2_s42,ON_NEG,on/scene07/L0__s20260819__0002.png,scene07,V,C3a,12,C,3a,0.798186,-7.922,-1.0116,61.5513,7.0947,0
b2,42,b2_s42,ON_NEG,on/scene07/L0__s20260819__0002.png,scene07,V,D3a,13,D,3a,0.553565,-7.922,-1.0116,61.5513,7.0947,0
b2,42,b2_s42,ON_NEG,on/scene07/L0__s20260819__0003.png,scene07,V,D3b,18,D,3b,0.642401,-9.8928,4.8712,61.7741,2.4361,0
b2,42,b2_s42,ON_NEG,on/scene07/L0__s20260819__0004.png,scene07,V,C3a,12,C,3a,0.548761,-12.8155,-12.0811,63.2809,3.8019,0
b2,42,b2_s42,ON_NEG,on/scene07/L0__s20260819__0004.png,scene07,V,C3b,17,C,3b,0.981772,-12.8155,-12.0811,63.2809,3.8019,0
b2,42,b2_s42,ON_NEG,on/scene07/L0__s20260819__0006.png,scene07,V,D3a,13,D,3a,0.723541,-3.7993,3.5452,60.5677,1.5559,0
b2,42,b2_s42,ON_NEG,on/scene07/L0__s20260819__0007.png,scene07,V,C3b,17,C,3b,0.968358,-9.7299,-3.7756,59.9335,3.9995,0
b2,42,b2_s42,ON_NEG,on/scene07/L5__s20260819__0003.png,scene07,V,D3b,18,D,3b,0.936719,-9.8928,4.8712,61.7741,2.4361,0
b2,42,b2_s42,ON_NEG,on/scene07/L5__s20260819__0004.png,scene07,V,C3a,12,C,3a,0.546839,-12.8155,-12.0811,63.2809,3.8019,0
b2,42,b2_s42,ON_NEG,on/scene07/L5__s20260819__0004.png,scene07,V,C3b,17,C,3b,0.924297,-12.8155,-12.0811,63.2809,3.8019,0
b2,42,b2_s42,ON_NEG,on/scene07/L5__s20260819__0005.png,scene07,V,A3b,15,A,3b,0.599316,-9.3221,15.6943,62.9084,4.5788,0
b2,42,b2_s42,ON_NEG,on/scene07/L5__s20260819__0005.png,scene07,V,E3b,19,E,3b,0.938908,-9.3221,15.6943,62.9084,4.5788,0
b2,42,b2_s42,ON_NEG,on/scene07/L5__s20260819__0006.png,scene07,V,D3a,13,D,3a,0.503531,-3.7993,3.5452,60.5677,1.5559,0
b2,42,b2_s42,ON_NEG,on/scene07/L5__s20260819__0006.png,scene07,V,D3b,18,D,3b,0.506478,-3.7993,3.5452,60.5677,1.5559,0
b2,42,b2_s42,ON_NEG,on/scene07/L5__s20260819__0007.png,scene07,V,C3b,17,C,3b,0.915697,-9.7299,-3.7756,59.9335,3.9995,0
b2,42,b2_s42,ON_NEG,on/scene07/L7__s20260819__0003.png,scene07,V,D3b,18,D,3b,0.760024,-9.8928,4.8712,61.7741,2.4361,0
b2,42,b2_s42,ON_NEG,on/scene07/L7__s20260819__0004.png,scene07,V,C3b,17,C,3b,0.772292,-12.8155,-12.0811,63.2809,3.8019,0
b2,42,b2_s42,ON_NEG,on/scene07/L7__s20260819__0006.png,scene07,V,D3a,13,D,3a,0.696863,-3.7993,3.5452,60.5677,1.5559,0
b2,42,b2_s42,ON_NEG,on/scene07/L7__s20260819__0006.png,scene07,V,D3b,18,D,3b,0.558053,-3.7993,3.5452,60.5677,1.5559,0
b2,42,b2_s42,ON_NEG,on/scene07/L7__s20260819__0007.png,scene07,V,C3b,17,C,3b,0.94617,-9.7299,-3.7756,59.9335,3.9995,0
b2,42,b2_s42,ON_NEG,on/scene15/L0__s20260819__0001.png,scene15,V,A2,5,A,2,0.908657,-7.5218,-9.2458,61.8359,1.858,0
b2,42,b2_s42,ON_NEG,on/scene15/L0__s20260819__0001.png,scene15,V,D2,8,D,2,0.602463,-7.5218,-9.2458,61.8359,1.858,0
b2,42,b2_s42,ON_NEG,on/scene15/L0__s20260819__0001.png,scene15,V,A3a,10,A,3a,0.777391,-7.5218,-9.2458,61.8359,1.858,0
b2,42,b2_s42,ON_NEG,on/scene15/L0__s20260819__0001.png,scene15,V,D3a,13,D,3a,0.697955,-7.5218,-9.2458,61.8359,1.858,0
b2,42,b2_s42,ON_NEG,on/scene15/L0__s20260819__0001.png,scene15,V,A3b,15,A,3b,0.71616,-7.5218,-9.2458,61.8359,1.858,0
b2,42,b2_s42,ON_NEG,on/scene15/L0__s20260819__0001.png,scene15,V,D3b,18,D,3b,0.731879,-7.5218,-9.2458,61.8359,1.858,0
b2,42,b2_s42,ON_NEG,on/scene15/L0__s20260819__0003.png,scene15,V,A2,5,A,2,0.854595,-13.9162,-3.4361,63.7846,1.3693,0
b2,42,b2_s42,ON_NEG,on/scene15/L0__s20260819__0003.png,scene15,V,A3a,10,A,3a,0.753315,-13.9162,-3.4361,63.7846,1.3693,0
b2,42,b2_s42,ON_NEG,on/scene15/L0__s20260819__0003.png,scene15,V,D3a,13,D,3a,0.94491,-13.9162,-3.4361,63.7846,1.3693,0
b2,42,b2_s42,ON_NEG,on/scene15/L0__s20260819__0003.png,scene15,V,A3b,15,A,3b,0.503829,-13.9162,-3.4361,63.7846,1.3693,0
b2,42,b2_s42,ON_NEG,on/scene15/L0__s20260819__0003.png,scene15,V,B3b,16,B,3b,0.705869,-13.9162,-3.4361,63.7846,1.3693,0
b2,42,b2_s42,ON_NEG,on/scene15/L0__s20260819__0003.png,scene15,V,D3b,18,D,3b,0.858942,-13.9162,-3.4361,63.7846,1.3693,0
b2,42,b2_s42,ON_NEG,on/scene15/L0__s20260819__0005.png,scene15,V,B3a,11,B,3a,0.774516,-12.9205,6.4099,63.9932,3.0224,0
b2,42,b2_s42,ON_NEG,on/scene15/L0__s20260819__0006.png,scene15,V,C3b,17,C,3b,0.856397,-9.1914,-18.2162,60.3765,2.2421,0
b2,42,b2_s42,ON_NEG,on/scene15/L4__s20260819__0001.png,scene15,V,A2,5,A,2,0.80811,-7.5218,-9.2458,61.8359,1.858,0
b2,42,b2_s42,ON_NEG,on/scene15/L4__s20260819__0001.png,scene15,V,D2,8,D,2,0.741859,-7.5218,-9.2458,61.8359,1.858,0
b2,42,b2_s42,ON_NEG,on/scene15/L4__s20260819__0001.png,scene15,V,E2,9,E,2,0.567263,-7.5218,-9.2458,61.8359,1.858,0
b2,42,b2_s42,ON_NEG,on/scene15/L4__s20260819__0001.png,scene15,V,D3a,13,D,3a,0.90751,-7.5218,-9.2458,61.8359,1.858,0
b2,42,b2_s42,ON_NEG,on/scene15/L4__s20260819__0001.png,scene15,V,D3b,18,D,3b,0.633635,-7.5218,-9.2458,61.8359,1.858,0
b2,42,b2_s42,ON_NEG,on/scene15/L4__s20260819__0003.png,scene15,V,A2,5,A,2,0.765273,-13.9162,-3.4361,63.7846,1.3693,0
b2,42,b2_s42,ON_NEG,on/scene15/L4__s20260819__0003.png,scene15,V,A3a,10,A,3a,0.912922,-13.9162,-3.4361,63.7846,1.3693,0
b2,42,b2_s42,ON_NEG,on/scene15/L4__s20260819__0003.png,scene15,V,D3a,13,D,3a,0.936249,-13.9162,-3.4361,63.7846,1.3693,0
b2,42,b2_s42,ON_NEG,on/scene15/L4__s20260819__0003.png,scene15,V,A3b,15,A,3b,0.540599,-13.9162,-3.4361,63.7846,1.3693,0
b2,42,b2_s42,ON_NEG,on/scene15/L4__s20260819__0003.png,scene15,V,B3b,16,B,3b,0.706814,-13.9162,-3.4361,63.7846,1.3693,0
b2,42,b2_s42,ON_NEG,on/scene15/L4__s20260819__0003.png,scene15,V,D3b,18,D,3b,0.559138,-13.9162,-3.4361,63.7846,1.3693,0
b2,42,b2_s42,ON_NEG,on/scene15/L4__s20260819__0005.png,scene15,V,B2,6,B,2,0.700209,-12.9205,6.4099,63.9932,3.0224,0
b2,42,b2_s42,ON_NEG,on/scene15/L4__s20260819__0005.png,scene15,V,B3a,11,B,3a,0.849159,-12.9205,6.4099,63.9932,3.0224,0
b2,42,b2_s42,ON_NEG,on/scene15/L4__s20260819__0006.png,scene15,V,C2,7,C,2,0.616421,-9.1914,-18.2162,60.3765,2.2421,0
b2,42,b2_s42,ON_NEG,on/scene15/L4__s20260819__0006.png,scene15,V,D2,8,D,2,0.615275,-9.1914,-18.2162,60.3765,2.2421,0
b2,42,b2_s42,ON_NEG,on/scene15/L4__s20260819__0006.png,scene15,V,C3a,12,C,3a,0.925054,-9.1914,-18.2162,60.3765,2.2421,0
b2,42,b2_s42,ON_NEG,on/scene15/L4__s20260819__0006.png,scene15,V,D3a,13,D,3a,0.90146,-9.1914,-18.2162,60.3765,2.2421,0
b2,42,b2_s42,ON_NEG,on/scene15/L4__s20260819__0006.png,scene15,V,C3b,17,C,3b,0.934633,-9.1914,-18.2162,60.3765,2.2421,0
b2,42,b2_s42,ON_NEG,on/scene15/L4__s20260819__0006.png,scene15,V,D3b,18,D,3b,0.527306,-9.1914,-18.2162,60.3765,2.2421,0
b2,42,b2_s42,ON_NEG,on/scene15/L7__s20260819__0001.png,scene15,V,A2,5,A,2,0.831865,-7.5218,-9.2458,61.8359,1.858,0
b2,42,b2_s42,ON_NEG,on/scene15/L7__s20260819__0001.png,scene15,V,D2,8,D,2,0.699652,-7.5218,-9.2458,61.8359,1.858,0
b2,42,b2_s42,ON_NEG,on/scene15/L7__s20260819__0001.png,scene15,V,E2,9,E,2,0.587113,-7.5218,-9.2458,61.8359,1.858,0
b2,42,b2_s42,ON_NEG,on/scene15/L7__s20260819__0001.png,scene15,V,D3a,13,D,3a,0.874774,-7.5218,-9.2458,61.8359,1.858,0
b2,42,b2_s42,ON_NEG,on/scene15/L7__s20260819__0001.png,scene15,V,D3b,18,D,3b,0.65117,-7.5218,-9.2458,61.8359,1.858,0
b2,42,b2_s42,ON_NEG,on/scene15/L7__s20260819__0003.png,scene15,V,A2,5,A,2,0.650375,-13.9162,-3.4361,63.7846,1.3693,0
b2,42,b2_s42,ON_NEG,on/scene15/L7__s20260819__0003.png,scene15,V,A3a,10,A,3a,0.944461,-13.9162,-3.4361,63.7846,1.3693,0
b2,42,b2_s42,ON_NEG,on/scene15/L7__s20260819__0003.png,scene15,V,D3a,13,D,3a,0.948383,-13.9162,-3.4361,63.7846,1.3693,0
b2,42,b2_s42,ON_NEG,on/scene15/L7__s20260819__0003.png,scene15,V,A3b,15,A,3b,0.586901,-13.9162,-3.4361,63.7846,1.3693,0
b2,42,b2_s42,ON_NEG,on/scene15/L7__s20260819__0003.png,scene15,V,B3b,16,B,3b,0.794924,-13.9162,-3.4361,63.7846,1.3693,0
b2,42,b2_s42,ON_NEG,on/scene15/L7__s20260819__0003.png,scene15,V,D3b,18,D,3b,0.681306,-13.9162,-3.4361,63.7846,1.3693,0
b2,42,b2_s42,ON_NEG,on/scene15/L7__s20260819__0005.png,scene15,V,A2,5,A,2,0.743836,-12.9205,6.4099,63.9932,3.0224,0
b2,42,b2_s42,ON_NEG,on/scene15/L7__s20260819__0005.png,scene15,V,B2,6,B,2,0.686987,-12.9205,6.4099,63.9932,3.0224,0
b2,42,b2_s42,ON_NEG,on/scene15/L7__s20260819__0005.png,scene15,V,A3a,10,A,3a,0.680612,-12.9205,6.4099,63.9932,3.0224,0
b2,42,b2_s42,ON_NEG,on/scene15/L7__s20260819__0005.png,scene15,V,B3a,11,B,3a,0.928184,-12.9205,6.4099,63.9932,3.0224,0
b2,42,b2_s42,ON_NEG,on/scene15/L7__s20260819__0005.png,scene15,V,E3a,14,E,3a,0.626698,-12.9205,6.4099,63.9932,3.0224,0
b2,42,b2_s42,ON_NEG,on/scene15/L7__s20260819__0005.png,scene15,V,B3b,16,B,3b,0.501105,-12.9205,6.4099,63.9932,3.0224,0
b2,42,b2_s42,ON_NEG,on/scene15/L7__s20260819__0006.png,scene15,V,C2,7,C,2,0.604642,-9.1914,-18.2162,60.3765,2.2421,0
b2,42,b2_s42,ON_NEG,on/scene15/L7__s20260819__0006.png,scene15,V,D2,8,D,2,0.564014,-9.1914,-18.2162,60.3765,2.2421,0
b2,42,b2_s42,ON_NEG,on/scene15/L7__s20260819__0006.png,scene15,V,C3a,12,C,3a,0.80309,-9.1914,-18.2162,60.3765,2.2421,0
b2,42,b2_s42,ON_NEG,on/scene15/L7__s20260819__0006.png,scene15,V,C3b,17,C,3b,0.926519,-9.1914,-18.2162,60.3765,2.2421,0
b2,42,b2_s42,ON_NEG,on/sceneC2/L2__s20260819__0001.png,sceneC2,V,D3b,18,D,3b,0.549477,-13.4518,-13.0389,63.5306,6.8638,0
b2,42,b2_s42,ON_NEG,on/sceneC2/L2__s20260819__0001.png,sceneC2,V,E3b,19,E,3b,0.764132,-13.4518,-13.0389,63.5306,6.8638,0
b2,42,b2_s42,ON_NEG,on/sceneC2/L2__s20260819__0002.png,sceneC2,V,C3a,12,C,3a,0.513421,-11.6494,-2.9872,60.6739,8.321,0
b2,42,b2_s42,ON_NEG,on/sceneC2/L2__s20260819__0002.png,sceneC2,V,A3b,15,A,3b,0.639461,-11.6494,-2.9872,60.6739,8.321,0
b2,42,b2_s42,ON_NEG,on/sceneC2/L2__s20260819__0002.png,sceneC2,V,D3b,18,D,3b,0.79959,-11.6494,-2.9872,60.6739,8.321,0
b2,42,b2_s42,ON_NEG,on/sceneC2/L2__s20260819__0002.png,sceneC2,V,E3b,19,E,3b,0.792402,-11.6494,-2.9872,60.6739,8.321,0
b2,42,b2_s42,ON_NEG,on/sceneC2/L2__s20260819__0004.png,sceneC2,V,A3a,10,A,3a,0.669286,-13.5389,11.6475,61.7574,2.2154,0
b2,42,b2_s42,ON_NEG,on/sceneC2/L2__s20260819__0005.png,sceneC2,V,A3a,10,A,3a,0.88219,-13.9053,-4.7076,63.4803,4.5522,0
b2,42,b2_s42,ON_NEG,on/sceneC2/L2__s20260819__0005.png,sceneC2,V,E3a,14,E,3a,0.541315,-13.9053,-4.7076,63.4803,4.5522,0
b2,42,b2_s42,ON_NEG,on/sceneC2/L3__s20260819__0001.png,sceneC2,V,D3b,18,D,3b,0.772809,-13.4518,-13.0389,63.5306,6.8638,0
b2,42,b2_s42,ON_NEG,on/sceneC2/L3__s20260819__0001.png,sceneC2,V,E3b,19,E,3b,0.829002,-13.4518,-13.0389,63.5306,6.8638,0
b2,42,b2_s42,ON_NEG,on/sceneC2/L3__s20260819__0002.png,sceneC2,V,A3b,15,A,3b,0.772351,-11.6494,-2.9872,60.6739,8.321,0
b2,42,b2_s42,ON_NEG,on/sceneC2/L3__s20260819__0002.png,sceneC2,V,D3b,18,D,3b,0.885762,-11.6494,-2.9872,60.6739,8.321,0
b2,42,b2_s42,ON_NEG,on/sceneC2/L3__s20260819__0002.png,sceneC2,V,E3b,19,E,3b,0.91347,-11.6494,-2.9872,60.6739,8.321,0
b2,42,b2_s42,ON_NEG,on/sceneC2/L3__s20260819__0004.png,sceneC2,V,A3a,10,A,3a,0.690777,-13.5389,11.6475,61.7574,2.2154,0
b2,42,b2_s42,ON_NEG,on/sceneC2/L3__s20260819__0005.png,sceneC2,V,A3a,10,A,3a,0.884435,-13.9053,-4.7076,63.4803,4.5522,0
b2,42,b2_s42,ON_NEG,on/sceneC2/L3__s20260819__0005.png,sceneC2,V,E3a,14,E,3a,0.515356,-13.9053,-4.7076,63.4803,4.5522,0
b2,42,b2_s42,ON_NEG,on/sceneC2/L7__s20260819__0001.png,sceneC2,V,D3b,18,D,3b,0.744035,-13.4518,-13.0389,63.5306,6.8638,0
b2,42,b2_s42,ON_NEG,on/sceneC2/L7__s20260819__0001.png,sceneC2,V,E3b,19,E,3b,0.799142,-13.4518,-13.0389,63.5306,6.8638,0
b2,42,b2_s42,ON_NEG,on/sceneC2/L7__s20260819__0002.png,sceneC2,V,C3a,12,C,3a,0.656421,-11.6494,-2.9872,60.6739,8.321,0
b2,42,b2_s42,ON_NEG,on/sceneC2/L7__s20260819__0002.png,sceneC2,V,A3b,15,A,3b,0.91583,-11.6494,-2.9872,60.6739,8.321,0
b2,42,b2_s42,ON_NEG,on/sceneC2/L7__s20260819__0002.png,sceneC2,V,D3b,18,D,3b,0.930455,-11.6494,-2.9872,60.6739,8.321,0
b2,42,b2_s42,ON_NEG,on/sceneC2/L7__s20260819__0002.png,sceneC2,V,E3b,19,E,3b,0.916491,-11.6494,-2.9872,60.6739,8.321,0
b2,42,b2_s42,ON_NEG,on/sceneC2/L7__s20260819__0004.png,sceneC2,V,A3a,10,A,3a,0.788747,-13.5389,11.6475,61.7574,2.2154,0
b2,42,b2_s42,ON_NEG,on/sceneC2/L7__s20260819__0005.png,sceneC2,V,A3a,10,A,3a,0.859707,-13.9053,-4.7076,63.4803,4.5522,0
b2,42,b2_s42,ON_NEG,on/sceneN3/L0__s20260819__0002.png,sceneN3,none_in_fov,C3b,17,C,3b,0.842375,-13.1516,1.5693,63.1068,1.7608,0
b2,42,b2_s42,ON_NEG,on/sceneN3/L0__s20260819__0002.png,sceneN3,none_in_fov,D3b,18,D,3b,0.687089,-13.1516,1.5693,63.1068,1.7608,0
b2,42,b2_s42,ON_NEG,on/sceneN3/L0__s20260819__0005.png,sceneN3,none_in_fov,B3a,11,B,3a,0.703106,-12.2129,-14.4798,63.1796,2.2677,0
b2,42,b2_s42,ON_NEG,on/sceneN3/L0__s20260819__0005.png,sceneN3,none_in_fov,A3b,15,A,3b,0.696114,-12.2129,-14.4798,63.1796,2.2677,0
b2,42,b2_s42,ON_NEG,on/sceneN3/L0__s20260819__0005.png,sceneN3,none_in_fov,B3b,16,B,3b,0.97878,-12.2129,-14.4798,63.1796,2.2677,0
b2,42,b2_s42,ON_NEG,on/sceneN3/L0__s20260819__0005.png,sceneN3,none_in_fov,C3b,17,C,3b,0.652059,-12.2129,-14.4798,63.1796,2.2677,0
b2,42,b2_s42,ON_NEG,on/sceneN3/L0__s20260819__0006.png,sceneN3,none_in_fov,B3b,16,B,3b,0.556132,-7.7849,2.4667,60.503,4.7311,0
b2,42,b2_s42,ON_NEG,on/sceneN3/L0__s20260819__0006.png,sceneN3,none_in_fov,C3b,17,C,3b,0.6268,-7.7849,2.4667,60.503,4.7311,0
b2,42,b2_s42,ON_NEG,on/sceneN3/L0__s20260819__0006.png,sceneN3,none_in_fov,D3b,18,D,3b,0.53405,-7.7849,2.4667,60.503,4.7311,0
b2,42,b2_s42,ON_NEG,on/sceneN3/L5__s20260819__0001.png,sceneN3,none_in_fov,B3b,16,B,3b,0.662642,-12.6534,1.5439,61.04,5.2884,0
b2,42,b2_s42,ON_NEG,on/sceneN3/L5__s20260819__0001.png,sceneN3,none_in_fov,C3b,17,C,3b,0.870517,-12.6534,1.5439,61.04,5.2884,0
b2,42,b2_s42,ON_NEG,on/sceneN3/L5__s20260819__0002.png,sceneN3,none_in_fov,B3b,16,B,3b,0.970265,-13.1516,1.5693,63.1068,1.7608,0
b2,42,b2_s42,ON_NEG,on/sceneN3/L5__s20260819__0002.png,sceneN3,none_in_fov,C3b,17,C,3b,0.994668,-13.1516,1.5693,63.1068,1.7608,0
b2,42,b2_s42,ON_NEG,on/sceneN3/L5__s20260819__0002.png,sceneN3,none_in_fov,D3b,18,D,3b,0.973846,-13.1516,1.5693,63.1068,1.7608,0
b2,42,b2_s42,ON_NEG,on/sceneN3/L5__s20260819__0005.png,sceneN3,none_in_fov,A3a,10,A,3a,0.568188,-12.2129,-14.4798,63.1796,2.2677,0
b2,42,b2_s42,ON_NEG,on/sceneN3/L5__s20260819__0005.png,sceneN3,none_in_fov,B3a,11,B,3a,0.91505,-12.2129,-14.4798,63.1796,2.2677,0
b2,42,b2_s42,ON_NEG,on/sceneN3/L5__s20260819__0005.png,sceneN3,none_in_fov,A3b,15,A,3b,0.728069,-12.2129,-14.4798,63.1796,2.2677,0
b2,42,b2_s42,ON_NEG,on/sceneN3/L5__s20260819__0005.png,sceneN3,none_in_fov,B3b,16,B,3b,0.994734,-12.2129,-14.4798,63.1796,2.2677,0
b2,42,b2_s42,ON_NEG,on/sceneN3/L5__s20260819__0005.png,sceneN3,none_in_fov,C3b,17,C,3b,0.968408,-12.2129,-14.4798,63.1796,2.2677,0
b2,42,b2_s42,ON_NEG,on/sceneN3/L5__s20260819__0005.png,sceneN3,none_in_fov,D3b,18,D,3b,0.715848,-12.2129,-14.4798,63.1796,2.2677,0
b2,42,b2_s42,ON_NEG,on/sceneN3/L5__s20260819__0006.png,sceneN3,none_in_fov,B3a,11,B,3a,0.795704,-7.7849,2.4667,60.503,4.7311,0
b2,42,b2_s42,ON_NEG,on/sceneN3/L5__s20260819__0006.png,sceneN3,none_in_fov,B3b,16,B,3b,0.678195,-7.7849,2.4667,60.503,4.7311,0
b2,42,b2_s42,ON_NEG,on/sceneN3/L5__s20260819__0006.png,sceneN3,none_in_fov,C3b,17,C,3b,0.847968,-7.7849,2.4667,60.503,4.7311,0
b2,42,b2_s42,ON_NEG,on/sceneN3/L5__s20260819__0006.png,sceneN3,none_in_fov,D3b,18,D,3b,0.590547,-7.7849,2.4667,60.503,4.7311,0
b2,42,b2_s42,ON_NEG,on/sceneN3/L7__s20260819__0001.png,sceneN3,none_in_fov,B3b,16,B,3b,0.536213,-12.6534,1.5439,61.04,5.2884,0
b2,42,b2_s42,ON_NEG,on/sceneN3/L7__s20260819__0001.png,sceneN3,none_in_fov,C3b,17,C,3b,0.727595,-12.6534,1.5439,61.04,5.2884,0
b2,42,b2_s42,ON_NEG,on/sceneN3/L7__s20260819__0002.png,sceneN3,none_in_fov,B3b,16,B,3b,0.67324,-13.1516,1.5693,63.1068,1.7608,0
b2,42,b2_s42,ON_NEG,on/sceneN3/L7__s20260819__0002.png,sceneN3,none_in_fov,C3b,17,C,3b,0.955054,-13.1516,1.5693,63.1068,1.7608,0
b2,42,b2_s42,ON_NEG,on/sceneN3/L7__s20260819__0002.png,sceneN3,none_in_fov,D3b,18,D,3b,0.801918,-13.1516,1.5693,63.1068,1.7608,0
b2,42,b2_s42,ON_NEG,on/sceneN3/L7__s20260819__0005.png,sceneN3,none_in_fov,B3a,11,B,3a,0.770459,-12.2129,-14.4798,63.1796,2.2677,0
b2,42,b2_s42,ON_NEG,on/sceneN3/L7__s20260819__0005.png,sceneN3,none_in_fov,A3b,15,A,3b,0.832429,-12.2129,-14.4798,63.1796,2.2677,0
b2,42,b2_s42,ON_NEG,on/sceneN3/L7__s20260819__0005.png,sceneN3,none_in_fov,B3b,16,B,3b,0.992729,-12.2129,-14.4798,63.1796,2.2677,0
b2,42,b2_s42,ON_NEG,on/sceneN3/L7__s20260819__0005.png,sceneN3,none_in_fov,C3b,17,C,3b,0.965943,-12.2129,-14.4798,63.1796,2.2677,0
b2,42,b2_s42,ON_NEG,on/sceneN3/L7__s20260819__0005.png,sceneN3,none_in_fov,D3b,18,D,3b,0.777934,-12.2129,-14.4798,63.1796,2.2677,0
b2,42,b2_s42,ON_NEG,on/sceneN3/L7__s20260819__0006.png,sceneN3,none_in_fov,B3a,11,B,3a,0.79487,-7.7849,2.4667,60.503,4.7311,0
b2,42,b2_s42,ON_NEG,on/sceneN3/L7__s20260819__0006.png,sceneN3,none_in_fov,B3b,16,B,3b,0.837371,-7.7849,2.4667,60.503,4.7311,0
b2,42,b2_s42,ON_NEG,on/sceneN3/L7__s20260819__0006.png,sceneN3,none_in_fov,C3b,17,C,3b,0.890993,-7.7849,2.4667,60.503,4.7311,0
b2,42,b2_s42,ON_NEG,on/sceneN3/L7__s20260819__0006.png,sceneN3,none_in_fov,D3b,18,D,3b,0.825992,-7.7849,2.4667,60.503,4.7311,0
b2,42,b2_s42,ON_NEG,on/scene07/L0__s20260820__0000.png::boost_e,scene07,V,B3a,11,B,3a,0.552662,-10.2409,14.1283,61.8254,9.3533,0
b2,42,b2_s42,ON_NEG,on/scene07/L0__s20260820__0000.png::boost_e,scene07,V,C3a,12,C,3a,0.559747,-10.2409,14.1283,61.8254,9.3533,0
b2,42,b2_s42,ON_NEG,on/scene07/L0__s20260820__0000.png::boost_e,scene07,V,C3b,17,C,3b,0.666621,-10.2409,14.1283,61.8254,9.3533,0
b2,42,b2_s42,ON_NEG,on/scene07/L0__s20260820__0001.png::boost_e,scene07,V,B3a,11,B,3a,0.959511,-8.7737,-1.6736,63.801,8.4933,0
b2,42,b2_s42,ON_NEG,on/scene07/L0__s20260820__0001.png::boost_e,scene07,V,C3a,12,C,3a,0.978039,-8.7737,-1.6736,63.801,8.4933,0
b2,42,b2_s42,ON_NEG,on/scene07/L0__s20260820__0001.png::boost_e,scene07,V,D3a,13,D,3a,0.850954,-8.7737,-1.6736,63.801,8.4933,0
b2,42,b2_s42,ON_NEG,on/scene07/L0__s20260820__0001.png::boost_e,scene07,V,D3b,18,D,3b,0.894621,-8.7737,-1.6736,63.801,8.4933,0
b2,42,b2_s42,ON_NEG,on/scene07/L0__s20260820__0002.png::boost_e,scene07,V,D3a,13,D,3a,0.65491,-11.7844,-0.5026,59.071,6.034,0
b2,42,b2_s42,ON_NEG,on/scene07/L0__s20260820__0003.png::boost_e,scene07,V,B3a,11,B,3a,0.814481,-10.8121,7.6338,61.1751,9.743,0
b2,42,b2_s42,ON_NEG,on/scene07/L0__s20260820__0003.png::boost_e,scene07,V,C3a,12,C,3a,0.759107,-10.8121,7.6338,61.1751,9.743,0
b2,42,b2_s42,ON_NEG,on/scene07/L0__s20260820__0003.png::boost_e,scene07,V,B3b,16,B,3b,0.624857,-10.8121,7.6338,61.1751,9.743,0
b2,42,b2_s42,ON_NEG,on/scene07/L0__s20260820__0004.png::boost_e,scene07,none_in_fov,C3b,17,C,3b,0.568745,-11.296,14.3304,62.4153,11.7361,0
b2,42,b2_s42,ON_NEG,on/scene07/L0__s20260820__0005.png::boost_e,scene07,V,D3a,13,D,3a,0.643252,-13.5151,3.1873,60.3528,6.7166,0
b2,42,b2_s42,ON_NEG,on/scene07/L0__s20260820__0005.png::boost_e,scene07,V,D3b,18,D,3b,0.745021,-13.5151,3.1873,60.3528,6.7166,0
b2,42,b2_s42,ON_NEG,on/scene07/L0__s20260820__0006.png::boost_e,scene07,V,D3a,13,D,3a,0.68411,-7.4676,-1.6241,59.074,6.6363,0
b2,42,b2_s42,ON_NEG,on/scene07/L0__s20260820__0007.png::boost_e,scene07,none_in_fov,B3b,16,B,3b,0.802063,-8.8831,-5.8973,62.4612,11.793,0
b2,42,b2_s42,ON_NEG,on/scene07/L0__s20260820__0007.png::boost_e,scene07,none_in_fov,C3b,17,C,3b,0.84315,-8.8831,-5.8973,62.4612,11.793,0
b2,42,b2_s42,ON_NEG,on/scene07/L5__s20260820__0005.png::boost_e,scene07,V,D3a,13,D,3a,0.649429,-13.5151,3.1873,60.3528,6.7166,0
b2,42,b2_s42,ON_NEG,on/scene07/L5__s20260820__0005.png::boost_e,scene07,V,D3b,18,D,3b,0.909526,-13.5151,3.1873,60.3528,6.7166,0
b2,42,b2_s42,ON_NEG,on/scene07/L5__s20260820__0007.png::boost_e,scene07,none_in_fov,B3b,16,B,3b,0.730616,-8.8831,-5.8973,62.4612,11.793,0
b2,42,b2_s42,ON_NEG,on/scene07/L7__s20260820__0002.png::boost_e,scene07,V,C3a,12,C,3a,0.616476,-11.7844,-0.5026,59.071,6.034,0
b2,42,b2_s42,ON_NEG,on/scene07/L7__s20260820__0002.png::boost_e,scene07,V,D3a,13,D,3a,0.74293,-11.7844,-0.5026,59.071,6.034,0
b2,42,b2_s42,ON_NEG,on/scene07/L7__s20260820__0005.png::boost_e,scene07,V,D3a,13,D,3a,0.501403,-13.5151,3.1873,60.3528,6.7166,0
b2,42,b2_s42,ON_NEG,on/scene07/L7__s20260820__0005.png::boost_e,scene07,V,D3b,18,D,3b,0.907445,-13.5151,3.1873,60.3528,6.7166,0
b2,42,b2_s42,ON_NEG,on/scene15/L0__s20260820__0001.png::boost_e,scene15,H_weak,D3a,13,D,3a,0.902636,-6.8068,-11.8299,63.9125,9.9013,0
b2,42,b2_s42,ON_NEG,on/scene07/L0__s20260821__0003.png::boost_e2,scene07,V,D3a,13,D,3a,0.697361,-11.0113,-0.6132,62.5016,7.1387,0
b2,42,b2_s42,ON_NEG,on/scene07/L0__s20260821__0003.png::boost_e2,scene07,V,D3b,18,D,3b,0.928902,-11.0113,-0.6132,62.5016,7.1387,0
b2,42,b2_s42,ON_NEG,on/scene07/L0__s20260821__0004.png::boost_e2,scene07,V,C3a,12,C,3a,0.59743,-13.3275,-0.1348,64.6075,6.5636,0
b2,42,b2_s42,ON_NEG,on/scene07/L0__s20260821__0004.png::boost_e2,scene07,V,D3a,13,D,3a,0.796428,-13.3275,-0.1348,64.6075,6.5636,0
b2,42,b2_s42,ON_NEG,on/scene07/L0__s20260821__0004.png::boost_e2,scene07,V,D3b,18,D,3b,0.849746,-13.3275,-0.1348,64.6075,6.5636,0
b2,42,b2_s42,ON_NEG,on/scene07/L0__s20260821__0005.png::boost_e2,scene07,V,B2,6,B,2,0.559341,-5.0214,-1.8091,62.1167,8.8712,0
b2,42,b2_s42,ON_NEG,on/scene07/L0__s20260821__0005.png::boost_e2,scene07,V,D3a,13,D,3a,0.657271,-5.0214,-1.8091,62.1167,8.8712,0
b2,42,b2_s42,ON_NEG,on/scene07/L0__s20260821__0005.png::boost_e2,scene07,V,D3b,18,D,3b,0.658158,-5.0214,-1.8091,62.1167,8.8712,0
b2,42,b2_s42,ON_NEG,on/scene07/L0__s20260821__0006.png::boost_e2,scene07,V,B3a,11,B,3a,0.676465,-12.1066,0.0159,62.3073,6.0804,0
b2,42,b2_s42,ON_NEG,on/scene07/L0__s20260821__0006.png::boost_e2,scene07,V,C3a,12,C,3a,0.84395,-12.1066,0.0159,62.3073,6.0804,0
b2,42,b2_s42,ON_NEG,on/scene07/L0__s20260821__0006.png::boost_e2,scene07,V,D3a,13,D,3a,0.61957,-12.1066,0.0159,62.3073,6.0804,0
b2,42,b2_s42,ON_NEG,on/scene07/L5__s20260821__0003.png::boost_e2,scene07,V,D3b,18,D,3b,0.942698,-11.0113,-0.6132,62.5016,7.1387,0
b2,42,b2_s42,ON_NEG,on/scene07/L5__s20260821__0004.png::boost_e2,scene07,V,D3a,13,D,3a,0.509453,-13.3275,-0.1348,64.6075,6.5636,0
b2,42,b2_s42,ON_NEG,on/scene07/L5__s20260821__0004.png::boost_e2,scene07,V,D3b,18,D,3b,0.882301,-13.3275,-0.1348,64.6075,6.5636,0
b2,42,b2_s42,ON_NEG,on/scene07/L7__s20260821__0003.png::boost_e2,scene07,V,A3b,15,A,3b,0.802497,-11.0113,-0.6132,62.5016,7.1387,0
b2,42,b2_s42,ON_NEG,on/scene07/L7__s20260821__0003.png::boost_e2,scene07,V,D3b,18,D,3b,0.92971,-11.0113,-0.6132,62.5016,7.1387,0
b2,42,b2_s42,ON_NEG,on/scene07/L7__s20260821__0004.png::boost_e2,scene07,V,D3a,13,D,3a,0.650545,-13.3275,-0.1348,64.6075,6.5636,0
b2,42,b2_s42,ON_NEG,on/scene07/L7__s20260821__0004.png::boost_e2,scene07,V,D3b,18,D,3b,0.933457,-13.3275,-0.1348,64.6075,6.5636,0
b2,42,b2_s42,ON_NEG,on/scene07/L7__s20260821__0006.png::boost_e2,scene07,V,B3a,11,B,3a,0.51811,-12.1066,0.0159,62.3073,6.0804,0
b2,42,b2_s42,ON_NEG,on/scene07/L7__s20260821__0006.png::boost_e2,scene07,V,C3a,12,C,3a,0.879775,-12.1066,0.0159,62.3073,6.0804,0
b2,42,b2_s42,ON_NEG,on/scene07/L7__s20260821__0006.png::boost_e2,scene07,V,D3a,13,D,3a,0.781208,-12.1066,0.0159,62.3073,6.0804,0
b2,43,b2_s43,OFF,off/scene05/L0__s20260819__0001.png,scene05,off,D3b,18,D,3b,0.532914,-15.173,12.161,60.0807,9.829,0
b2,43,b2_s43,OFF,off/scene05/L0__s20260819__0002.png,scene05,off,B3b,16,B,3b,0.677464,-10.3814,-5.3811,61.849,10.1547,0
b2,43,b2_s43,OFF,off/scene05/L0__s20260819__0002.png,scene05,off,C3b,17,C,3b,0.600819,-10.3814,-5.3811,61.849,10.1547,0
b2,43,b2_s43,OFF,off/scene05/L0__s20260819__0002.png,scene05,off,D3b,18,D,3b,0.633407,-10.3814,-5.3811,61.849,10.1547,0
b2,43,b2_s43,OFF,off/scene05/L5__s20260819__0001.png,scene05,off,A3b,15,A,3b,0.606962,-15.173,12.161,60.0807,9.829,0
b2,43,b2_s43,OFF,off/scene05/L5__s20260819__0001.png,scene05,off,B3b,16,B,3b,0.655961,-15.173,12.161,60.0807,9.829,0
b2,43,b2_s43,OFF,off/scene05/L5__s20260819__0001.png,scene05,off,C3b,17,C,3b,0.547137,-15.173,12.161,60.0807,9.829,0
b2,43,b2_s43,OFF,off/scene05/L5__s20260819__0001.png,scene05,off,D3b,18,D,3b,0.676785,-15.173,12.161,60.0807,9.829,0
b2,43,b2_s43,OFF,off/scene05/L5__s20260819__0002.png,scene05,off,A3b,15,A,3b,0.539671,-10.3814,-5.3811,61.849,10.1547,0
b2,43,b2_s43,OFF,off/scene05/L5__s20260819__0002.png,scene05,off,B3b,16,B,3b,0.748597,-10.3814,-5.3811,61.849,10.1547,0
b2,43,b2_s43,OFF,off/scene05/L5__s20260819__0002.png,scene05,off,C3b,17,C,3b,0.652964,-10.3814,-5.3811,61.849,10.1547,0
b2,43,b2_s43,OFF,off/scene05/L5__s20260819__0002.png,scene05,off,D3b,18,D,3b,0.622376,-10.3814,-5.3811,61.849,10.1547,0
b2,43,b2_s43,OFF,off/scene05/L7__s20260819__0001.png,scene05,off,B3b,16,B,3b,0.519954,-15.173,12.161,60.0807,9.829,0
b2,43,b2_s43,OFF,off/scene05/L7__s20260819__0001.png,scene05,off,D3b,18,D,3b,0.517961,-15.173,12.161,60.0807,9.829,0
b2,43,b2_s43,OFF,off/scene05/L7__s20260819__0002.png,scene05,off,B3b,16,B,3b,0.689369,-10.3814,-5.3811,61.849,10.1547,0
b2,43,b2_s43,OFF,off/scene05/L7__s20260819__0002.png,scene05,off,C3b,17,C,3b,0.633652,-10.3814,-5.3811,61.849,10.1547,0
b2,43,b2_s43,OFF,off/scene05/L7__s20260819__0002.png,scene05,off,D3b,18,D,3b,0.618521,-10.3814,-5.3811,61.849,10.1547,0
b2,43,b2_s43,OFF,off/scene07/L0__s20260819__0000.png,scene07,off,C3b,17,C,3b,0.556299,-11.6469,5.5321,61.8564,4.6128,0
b2,43,b2_s43,OFF,off/scene07/L0__s20260819__0001.png,scene07,off,B3b,16,B,3b,0.5904,-12.4971,7.4345,61.4783,11.6559,0
b2,43,b2_s43,OFF,off/scene07/L0__s20260819__0001.png,scene07,off,C3b,17,C,3b,0.545856,-12.4971,7.4345,61.4783,11.6559,0
b2,43,b2_s43,OFF,off/scene07/L0__s20260819__0002.png,scene07,off,B3b,16,B,3b,0.62201,-7.922,-1.0116,61.5513,7.0947,0
b2,43,b2_s43,OFF,off/scene07/L0__s20260819__0002.png,scene07,off,C3b,17,C,3b,0.525606,-7.922,-1.0116,61.5513,7.0947,0
b2,43,b2_s43,OFF,off/scene07/L0__s20260819__0003.png,scene07,off,C3b,17,C,3b,0.50502,-9.8928,4.8712,61.7741,2.4361,0
b2,43,b2_s43,OFF,off/scene07/L0__s20260819__0004.png,scene07,off,B3a,11,B,3a,0.542424,-12.8155,-12.0811,63.2809,3.8019,0
b2,43,b2_s43,OFF,off/scene07/L0__s20260819__0004.png,scene07,off,C3a,12,C,3a,0.675032,-12.8155,-12.0811,63.2809,3.8019,0
b2,43,b2_s43,OFF,off/scene07/L0__s20260819__0004.png,scene07,off,D3a,13,D,3a,0.580217,-12.8155,-12.0811,63.2809,3.8019,0
b2,43,b2_s43,OFF,off/scene07/L0__s20260819__0004.png,scene07,off,B3b,16,B,3b,0.598999,-12.8155,-12.0811,63.2809,3.8019,0
b2,43,b2_s43,OFF,off/scene07/L0__s20260819__0004.png,scene07,off,C3b,17,C,3b,0.665976,-12.8155,-12.0811,63.2809,3.8019,0
b2,43,b2_s43,OFF,off/scene07/L0__s20260819__0004.png,scene07,off,D3b,18,D,3b,0.541989,-12.8155,-12.0811,63.2809,3.8019,0
b2,43,b2_s43,OFF,off/scene07/L0__s20260819__0005.png,scene07,off,B3b,16,B,3b,0.640819,-9.3221,15.6943,62.9084,4.5788,0
b2,43,b2_s43,OFF,off/scene07/L0__s20260819__0005.png,scene07,off,C3b,17,C,3b,0.503993,-9.3221,15.6943,62.9084,4.5788,0
b2,43,b2_s43,OFF,off/scene07/L0__s20260819__0006.png,scene07,off,B3b,16,B,3b,0.521026,-3.7993,3.5452,60.5677,1.5559,0
b2,43,b2_s43,OFF,off/scene07/L0__s20260819__0006.png,scene07,off,C3b,17,C,3b,0.561046,-3.7993,3.5452,60.5677,1.5559,0
b2,43,b2_s43,OFF,off/scene07/L5__s20260819__0001.png,scene07,off,C3a,12,C,3a,0.524431,-12.4971,7.4345,61.4783,11.6559,0
b2,43,b2_s43,OFF,off/scene07/L5__s20260819__0001.png,scene07,off,B3b,16,B,3b,0.785082,-12.4971,7.4345,61.4783,11.6559,0
b2,43,b2_s43,OFF,off/scene07/L5__s20260819__0001.png,scene07,off,C3b,17,C,3b,0.846618,-12.4971,7.4345,61.4783,11.6559,0
b2,43,b2_s43,OFF,off/scene07/L5__s20260819__0001.png,scene07,off,E3b,19,E,3b,0.627959,-12.4971,7.4345,61.4783,11.6559,0
b2,43,b2_s43,OFF,off/scene07/L5__s20260819__0004.png,scene07,off,C3a,12,C,3a,0.517216,-12.8155,-12.0811,63.2809,3.8019,0
b2,43,b2_s43,OFF,off/scene07/L5__s20260819__0004.png,scene07,off,A3b,15,A,3b,0.594702,-12.8155,-12.0811,63.2809,3.8019,0
b2,43,b2_s43,OFF,off/scene07/L5__s20260819__0004.png,scene07,off,B3b,16,B,3b,0.812752,-12.8155,-12.0811,63.2809,3.8019,0
b2,43,b2_s43,OFF,off/scene07/L5__s20260819__0004.png,scene07,off,C3b,17,C,3b,0.8769,-12.8155,-12.0811,63.2809,3.8019,0
b2,43,b2_s43,OFF,off/scene07/L5__s20260819__0004.png,scene07,off,D3b,18,D,3b,0.576187,-12.8155,-12.0811,63.2809,3.8019,0
b2,43,b2_s43,OFF,off/scene07/L5__s20260819__0004.png,scene07,off,E3b,19,E,3b,0.7013,-12.8155,-12.0811,63.2809,3.8019,0
b2,43,b2_s43,OFF,off/scene07/L5__s20260819__0005.png,scene07,off,C3a,12,C,3a,0.641683,-9.3221,15.6943,62.9084,4.5788,0
b2,43,b2_s43,OFF,off/scene07/L5__s20260819__0005.png,scene07,off,B3b,16,B,3b,0.800318,-9.3221,15.6943,62.9084,4.5788,0
b2,43,b2_s43,OFF,off/scene07/L5__s20260819__0005.png,scene07,off,C3b,17,C,3b,0.812332,-9.3221,15.6943,62.9084,4.5788,0
b2,43,b2_s43,OFF,off/scene07/L5__s20260819__0005.png,scene07,off,E3b,19,E,3b,0.532979,-9.3221,15.6943,62.9084,4.5788,0
b2,43,b2_s43,OFF,off/scene07/L5__s20260819__0007.png,scene07,off,B3b,16,B,3b,0.5664,-9.7299,-3.7756,59.9335,3.9995,0
b2,43,b2_s43,OFF,off/scene07/L5__s20260819__0007.png,scene07,off,C3b,17,C,3b,0.630718,-9.7299,-3.7756,59.9335,3.9995,0
b2,43,b2_s43,OFF,off/scene07/L7__s20260819__0001.png,scene07,off,B3b,16,B,3b,0.523871,-12.4971,7.4345,61.4783,11.6559,0
b2,43,b2_s43,OFF,off/scene07/L7__s20260819__0004.png,scene07,off,C3a,12,C,3a,0.580357,-12.8155,-12.0811,63.2809,3.8019,0
b2,43,b2_s43,OFF,off/scene07/L7__s20260819__0004.png,scene07,off,B3b,16,B,3b,0.660814,-12.8155,-12.0811,63.2809,3.8019,0
b2,43,b2_s43,OFF,off/scene07/L7__s20260819__0004.png,scene07,off,C3b,17,C,3b,0.61969,-12.8155,-12.0811,63.2809,3.8019,0
b2,43,b2_s43,OFF,off/scene07/L7__s20260819__0005.png,scene07,off,B3b,16,B,3b,0.502963,-9.3221,15.6943,62.9084,4.5788,0
b2,43,b2_s43,OFF,off/scene14/L0__s20260819__0002.png,scene14,off,D2,8,D,2,0.505561,-13.2604,4.4652,60.6011,1.3141,0
b2,43,b2_s43,OFF,off/scene14/L0__s20260819__0002.png,scene14,off,A3a,10,A,3a,0.542637,-13.2604,4.4652,60.6011,1.3141,0
b2,43,b2_s43,OFF,off/scene14/L0__s20260819__0002.png,scene14,off,B3a,11,B,3a,0.606131,-13.2604,4.4652,60.6011,1.3141,0
b2,43,b2_s43,OFF,off/scene14/L0__s20260819__0002.png,scene14,off,C3a,12,C,3a,0.617868,-13.2604,4.4652,60.6011,1.3141,0
b2,43,b2_s43,OFF,off/scene14/L0__s20260819__0002.png,scene14,off,D3a,13,D,3a,0.586052,-13.2604,4.4652,60.6011,1.3141,0
b2,43,b2_s43,OFF,off/scene14/L0__s20260819__0002.png,scene14,off,A3b,15,A,3b,0.521681,-13.2604,4.4652,60.6011,1.3141,0
b2,43,b2_s43,OFF,off/scene14/L0__s20260819__0002.png,scene14,off,B3b,16,B,3b,0.556719,-13.2604,4.4652,60.6011,1.3141,0
b2,43,b2_s43,OFF,off/scene14/L0__s20260819__0002.png,scene14,off,C3b,17,C,3b,0.542325,-13.2604,4.4652,60.6011,1.3141,0
b2,43,b2_s43,OFF,off/scene14/L5__s20260819__0002.png,scene14,off,E2,9,E,2,0.54805,-13.2604,4.4652,60.6011,1.3141,0
b2,43,b2_s43,OFF,off/scene14/L5__s20260819__0002.png,scene14,off,B3a,11,B,3a,0.544838,-13.2604,4.4652,60.6011,1.3141,0
b2,43,b2_s43,OFF,off/scene14/L5__s20260819__0002.png,scene14,off,C3a,12,C,3a,0.545674,-13.2604,4.4652,60.6011,1.3141,0
b2,43,b2_s43,OFF,off/scene14/L5__s20260819__0002.png,scene14,off,D3a,13,D,3a,0.559431,-13.2604,4.4652,60.6011,1.3141,0
b2,43,b2_s43,OFF,off/scene14/L5__s20260819__0002.png,scene14,off,B3b,16,B,3b,0.511063,-13.2604,4.4652,60.6011,1.3141,0
b2,43,b2_s43,OFF,off/scene14/L5__s20260819__0005.png,scene14,off,E2,9,E,2,0.522028,-11.6875,3.1562,60.5808,4.4487,0
b2,43,b2_s43,OFF,off/scene14/L5__s20260819__0005.png,scene14,off,B3a,11,B,3a,0.641476,-11.6875,3.1562,60.5808,4.4487,0
b2,43,b2_s43,OFF,off/scene14/L5__s20260819__0005.png,scene14,off,C3a,12,C,3a,0.605137,-11.6875,3.1562,60.5808,4.4487,0
b2,43,b2_s43,OFF,off/scene14/L5__s20260819__0005.png,scene14,off,D3a,13,D,3a,0.558693,-11.6875,3.1562,60.5808,4.4487,0
b2,43,b2_s43,OFF,off/scene14/L7__s20260819__0002.png,scene14,off,A3a,10,A,3a,0.568886,-13.2604,4.4652,60.6011,1.3141,0
b2,43,b2_s43,OFF,off/scene14/L7__s20260819__0002.png,scene14,off,B3a,11,B,3a,0.508113,-13.2604,4.4652,60.6011,1.3141,0
b2,43,b2_s43,OFF,off/scene14/L7__s20260819__0002.png,scene14,off,C3a,12,C,3a,0.594779,-13.2604,4.4652,60.6011,1.3141,0
b2,43,b2_s43,OFF,off/scene14/L7__s20260819__0002.png,scene14,off,D3a,13,D,3a,0.558037,-13.2604,4.4652,60.6011,1.3141,0
b2,43,b2_s43,OFF,off/scene14/L7__s20260819__0002.png,scene14,off,A3b,15,A,3b,0.573629,-13.2604,4.4652,60.6011,1.3141,0
b2,43,b2_s43,OFF,off/scene14/L7__s20260819__0005.png,scene14,off,D3a,13,D,3a,0.518726,-11.6875,3.1562,60.5808,4.4487,0
b2,43,b2_s43,OFF,off/scene15/L0__s20260819__0000.png,scene15,off,B3a,11,B,3a,0.58997,-6.6317,-4.2143,61.8616,9.9031,0
b2,43,b2_s43,OFF,off/scene15/L0__s20260819__0001.png,scene15,off,B3a,11,B,3a,0.560169,-7.5218,-9.2458,61.8359,1.858,0
b2,43,b2_s43,OFF,off/scene15/L0__s20260819__0001.png,scene15,off,C3a,12,C,3a,0.602758,-7.5218,-9.2458,61.8359,1.858,0
b2,43,b2_s43,OFF,off/scene15/L0__s20260819__0001.png,scene15,off,C3b,17,C,3b,0.591187,-7.5218,-9.2458,61.8359,1.858,0
b2,43,b2_s43,OFF,off/scene15/L0__s20260819__0002.png,scene15,off,B3a,11,B,3a,0.549377,-8.4908,3.1991,65.8023,4.6673,0
b2,43,b2_s43,OFF,off/scene15/L0__s20260819__0002.png,scene15,off,C3a,12,C,3a,0.619713,-8.4908,3.1991,65.8023,4.6673,0
b2,43,b2_s43,OFF,off/scene15/L0__s20260819__0002.png,scene15,off,B3b,16,B,3b,0.560014,-8.4908,3.1991,65.8023,4.6673,0
b2,43,b2_s43,OFF,off/scene15/L0__s20260819__0003.png,scene15,off,B2,6,B,2,0.562904,-13.9162,-3.4361,63.7846,1.3693,0
b2,43,b2_s43,OFF,off/scene15/L0__s20260819__0003.png,scene15,off,C2,7,C,2,0.637016,-13.9162,-3.4361,63.7846,1.3693,0
b2,43,b2_s43,OFF,off/scene15/L0__s20260819__0003.png,scene15,off,B3a,11,B,3a,0.695775,-13.9162,-3.4361,63.7846,1.3693,0
b2,43,b2_s43,OFF,off/scene15/L0__s20260819__0003.png,scene15,off,C3a,12,C,3a,0.670223,-13.9162,-3.4361,63.7846,1.3693,0
b2,43,b2_s43,OFF,off/scene15/L0__s20260819__0003.png,scene15,off,B3b,16,B,3b,0.614487,-13.9162,-3.4361,63.7846,1.3693,0
b2,43,b2_s43,OFF,off/scene15/L0__s20260819__0003.png,scene15,off,C3b,17,C,3b,0.651291,-13.9162,-3.4361,63.7846,1.3693,0
b2,43,b2_s43,OFF,off/scene15/L0__s20260819__0004.png,scene15,off,B2,6,B,2,0.501116,-11.0394,5.5473,63.0915,5.5065,0
b2,43,b2_s43,OFF,off/scene15/L0__s20260819__0004.png,scene15,off,C2,7,C,2,0.576145,-11.0394,5.5473,63.0915,5.5065,0
b2,43,b2_s43,OFF,off/scene15/L0__s20260819__0004.png,scene15,off,E2,9,E,2,0.515478,-11.0394,5.5473,63.0915,5.5065,0
b2,43,b2_s43,OFF,off/scene15/L0__s20260819__0004.png,scene15,off,B3a,11,B,3a,0.698727,-11.0394,5.5473,63.0915,5.5065,0
b2,43,b2_s43,OFF,off/scene15/L0__s20260819__0004.png,scene15,off,C3a,12,C,3a,0.636696,-11.0394,5.5473,63.0915,5.5065,0
b2,43,b2_s43,OFF,off/scene15/L0__s20260819__0004.png,scene15,off,B3b,16,B,3b,0.546044,-11.0394,5.5473,63.0915,5.5065,0
b2,43,b2_s43,OFF,off/scene15/L0__s20260819__0004.png,scene15,off,C3b,17,C,3b,0.5735,-11.0394,5.5473,63.0915,5.5065,0
b2,43,b2_s43,OFF,off/scene15/L0__s20260819__0005.png,scene15,off,B2,6,B,2,0.543705,-12.9205,6.4099,63.9932,3.0224,0
b2,43,b2_s43,OFF,off/scene15/L0__s20260819__0005.png,scene15,off,C2,7,C,2,0.532593,-12.9205,6.4099,63.9932,3.0224,0
b2,43,b2_s43,OFF,off/scene15/L0__s20260819__0005.png,scene15,off,B3a,11,B,3a,0.666618,-12.9205,6.4099,63.9932,3.0224,0
b2,43,b2_s43,OFF,off/scene15/L0__s20260819__0005.png,scene15,off,C3a,12,C,3a,0.588345,-12.9205,6.4099,63.9932,3.0224,0
b2,43,b2_s43,OFF,off/scene15/L0__s20260819__0005.png,scene15,off,B3b,16,B,3b,0.67815,-12.9205,6.4099,63.9932,3.0224,0
b2,43,b2_s43,OFF,off/scene15/L0__s20260819__0005.png,scene15,off,C3b,17,C,3b,0.707132,-12.9205,6.4099,63.9932,3.0224,0
b2,43,b2_s43,OFF,off/scene15/L0__s20260819__0006.png,scene15,off,D2,8,D,2,0.512586,-9.1914,-18.2162,60.3765,2.2421,0
b2,43,b2_s43,OFF,off/scene15/L0__s20260819__0006.png,scene15,off,B3a,11,B,3a,0.648426,-9.1914,-18.2162,60.3765,2.2421,0
b2,43,b2_s43,OFF,off/scene15/L0__s20260819__0006.png,scene15,off,C3a,12,C,3a,0.638955,-9.1914,-18.2162,60.3765,2.2421,0
b2,43,b2_s43,OFF,off/scene15/L0__s20260819__0006.png,scene15,off,D3a,13,D,3a,0.541815,-9.1914,-18.2162,60.3765,2.2421,0
b2,43,b2_s43,OFF,off/scene15/L0__s20260819__0006.png,scene15,off,B3b,16,B,3b,0.645187,-9.1914,-18.2162,60.3765,2.2421,0
b2,43,b2_s43,OFF,off/scene15/L0__s20260819__0006.png,scene15,off,C3b,17,C,3b,0.728688,-9.1914,-18.2162,60.3765,2.2421,0
b2,43,b2_s43,OFF,off/scene15/L0__s20260819__0007.png,scene15,off,B3a,11,B,3a,0.502712,-15.2404,1.5985,63.4015,5.1525,0
b2,43,b2_s43,OFF,off/scene15/L0__s20260819__0007.png,scene15,off,C3a,12,C,3a,0.550259,-15.2404,1.5985,63.4015,5.1525,0
b2,43,b2_s43,OFF,off/scene15/L0__s20260819__0007.png,scene15,off,B3b,16,B,3b,0.55794,-15.2404,1.5985,63.4015,5.1525,0
b2,43,b2_s43,OFF,off/scene15/L4__s20260819__0000.png,scene15,off,B3b,16,B,3b,0.553863,-6.6317,-4.2143,61.8616,9.9031,0
b2,43,b2_s43,OFF,off/scene15/L4__s20260819__0001.png,scene15,off,B3a,11,B,3a,0.551737,-7.5218,-9.2458,61.8359,1.858,0
b2,43,b2_s43,OFF,off/scene15/L4__s20260819__0001.png,scene15,off,C3a,12,C,3a,0.544698,-7.5218,-9.2458,61.8359,1.858,0
b2,43,b2_s43,OFF,off/scene15/L4__s20260819__0001.png,scene15,off,D3a,13,D,3a,0.524919,-7.5218,-9.2458,61.8359,1.858,0
b2,43,b2_s43,OFF,off/scene15/L4__s20260819__0001.png,scene15,off,B3b,16,B,3b,0.64001,-7.5218,-9.2458,61.8359,1.858,0
b2,43,b2_s43,OFF,off/scene15/L4__s20260819__0001.png,scene15,off,C3b,17,C,3b,0.635139,-7.5218,-9.2458,61.8359,1.858,0
b2,43,b2_s43,OFF,off/scene15/L4__s20260819__0002.png,scene15,off,C2,7,C,2,0.540984,-8.4908,3.1991,65.8023,4.6673,0
b2,43,b2_s43,OFF,off/scene15/L4__s20260819__0002.png,scene15,off,B3a,11,B,3a,0.537398,-8.4908,3.1991,65.8023,4.6673,0
b2,43,b2_s43,OFF,off/scene15/L4__s20260819__0002.png,scene15,off,C3a,12,C,3a,0.574339,-8.4908,3.1991,65.8023,4.6673,0
b2,43,b2_s43,OFF,off/scene15/L4__s20260819__0002.png,scene15,off,B3b,16,B,3b,0.694136,-8.4908,3.1991,65.8023,4.6673,0
b2,43,b2_s43,OFF,off/scene15/L4__s20260819__0002.png,scene15,off,C3b,17,C,3b,0.549877,-8.4908,3.1991,65.8023,4.6673,0
b2,43,b2_s43,OFF,off/scene15/L4__s20260819__0003.png,scene15,off,B2,6,B,2,0.521727,-13.9162,-3.4361,63.7846,1.3693,0
b2,43,b2_s43,OFF,off/scene15/L4__s20260819__0003.png,scene15,off,C2,7,C,2,0.581616,-13.9162,-3.4361,63.7846,1.3693,0
b2,43,b2_s43,OFF,off/scene15/L4__s20260819__0003.png,scene15,off,B3a,11,B,3a,0.586385,-13.9162,-3.4361,63.7846,1.3693,0
b2,43,b2_s43,OFF,off/scene15/L4__s20260819__0003.png,scene15,off,C3a,12,C,3a,0.508709,-13.9162,-3.4361,63.7846,1.3693,0
b2,43,b2_s43,OFF,off/scene15/L4__s20260819__0003.png,scene15,off,D3a,13,D,3a,0.523754,-13.9162,-3.4361,63.7846,1.3693,0
b2,43,b2_s43,OFF,off/scene15/L4__s20260819__0003.png,scene15,off,B3b,16,B,3b,0.594849,-13.9162,-3.4361,63.7846,1.3693,0
b2,43,b2_s43,OFF,off/scene15/L4__s20260819__0003.png,scene15,off,C3b,17,C,3b,0.712019,-13.9162,-3.4361,63.7846,1.3693,0
b2,43,b2_s43,OFF,off/scene15/L4__s20260819__0004.png,scene15,off,A2,5,A,2,0.506721,-11.0394,5.5473,63.0915,5.5065,0
b2,43,b2_s43,OFF,off/scene15/L4__s20260819__0004.png,scene15,off,C2,7,C,2,0.630609,-11.0394,5.5473,63.0915,5.5065,0
b2,43,b2_s43,OFF,off/scene15/L4__s20260819__0004.png,scene15,off,D2,8,D,2,0.528171,-11.0394,5.5473,63.0915,5.5065,0
b2,43,b2_s43,OFF,off/scene15/L4__s20260819__0004.png,scene15,off,B3a,11,B,3a,0.677121,-11.0394,5.5473,63.0915,5.5065,0
b2,43,b2_s43,OFF,off/scene15/L4__s20260819__0004.png,scene15,off,C3a,12,C,3a,0.647472,-11.0394,5.5473,63.0915,5.5065,0
b2,43,b2_s43,OFF,off/scene15/L4__s20260819__0004.png,scene15,off,D3a,13,D,3a,0.559008,-11.0394,5.5473,63.0915,5.5065,0
b2,43,b2_s43,OFF,off/scene15/L4__s20260819__0004.png,scene15,off,B3b,16,B,3b,0.684764,-11.0394,5.5473,63.0915,5.5065,0
b2,43,b2_s43,OFF,off/scene15/L4__s20260819__0004.png,scene15,off,C3b,17,C,3b,0.617105,-11.0394,5.5473,63.0915,5.5065,0
b2,43,b2_s43,OFF,off/scene15/L4__s20260819__0005.png,scene15,off,B2,6,B,2,0.579338,-12.9205,6.4099,63.9932,3.0224,0
b2,43,b2_s43,OFF,off/scene15/L4__s20260819__0005.png,scene15,off,C2,7,C,2,0.608901,-12.9205,6.4099,63.9932,3.0224,0
b2,43,b2_s43,OFF,off/scene15/L4__s20260819__0005.png,scene15,off,B3a,11,B,3a,0.647168,-12.9205,6.4099,63.9932,3.0224,0
b2,43,b2_s43,OFF,off/scene15/L4__s20260819__0005.png,scene15,off,C3a,12,C,3a,0.576072,-12.9205,6.4099,63.9932,3.0224,0
b2,43,b2_s43,OFF,off/scene15/L4__s20260819__0005.png,scene15,off,D3a,13,D,3a,0.538652,-12.9205,6.4099,63.9932,3.0224,0
b2,43,b2_s43,OFF,off/scene15/L4__s20260819__0005.png,scene15,off,B3b,16,B,3b,0.755484,-12.9205,6.4099,63.9932,3.0224,0
b2,43,b2_s43,OFF,off/scene15/L4__s20260819__0005.png,scene15,off,C3b,17,C,3b,0.718857,-12.9205,6.4099,63.9932,3.0224,0
b2,43,b2_s43,OFF,off/scene15/L4__s20260819__0006.png,scene15,off,B3a,11,B,3a,0.586776,-9.1914,-18.2162,60.3765,2.2421,0
b2,43,b2_s43,OFF,off/scene15/L4__s20260819__0006.png,scene15,off,C3a,12,C,3a,0.54454,-9.1914,-18.2162,60.3765,2.2421,0
b2,43,b2_s43,OFF,off/scene15/L4__s20260819__0006.png,scene15,off,D3a,13,D,3a,0.523237,-9.1914,-18.2162,60.3765,2.2421,0
b2,43,b2_s43,OFF,off/scene15/L4__s20260819__0006.png,scene15,off,B3b,16,B,3b,0.64529,-9.1914,-18.2162,60.3765,2.2421,0
b2,43,b2_s43,OFF,off/scene15/L4__s20260819__0006.png,scene15,off,C3b,17,C,3b,0.640156,-9.1914,-18.2162,60.3765,2.2421,0
b2,43,b2_s43,OFF,off/scene15/L4__s20260819__0007.png,scene15,off,C2,7,C,2,0.563875,-15.2404,1.5985,63.4015,5.1525,0
b2,43,b2_s43,OFF,off/scene15/L4__s20260819__0007.png,scene15,off,B3a,11,B,3a,0.506408,-15.2404,1.5985,63.4015,5.1525,0
b2,43,b2_s43,OFF,off/scene15/L4__s20260819__0007.png,scene15,off,C3a,12,C,3a,0.505693,-15.2404,1.5985,63.4015,5.1525,0
b2,43,b2_s43,OFF,off/scene15/L4__s20260819__0007.png,scene15,off,B3b,16,B,3b,0.690665,-15.2404,1.5985,63.4015,5.1525,0
b2,43,b2_s43,OFF,off/scene15/L4__s20260819__0007.png,scene15,off,C3b,17,C,3b,0.524112,-15.2404,1.5985,63.4015,5.1525,0
b2,43,b2_s43,OFF,off/scene15/L7__s20260819__0000.png,scene15,off,B3a,11,B,3a,0.568296,-6.6317,-4.2143,61.8616,9.9031,0
b2,43,b2_s43,OFF,off/scene15/L7__s20260819__0000.png,scene15,off,B3b,16,B,3b,0.642305,-6.6317,-4.2143,61.8616,9.9031,0
b2,43,b2_s43,OFF,off/scene15/L7__s20260819__0000.png,scene15,off,C3b,17,C,3b,0.529419,-6.6317,-4.2143,61.8616,9.9031,0
b2,43,b2_s43,OFF,off/scene15/L7__s20260819__0001.png,scene15,off,B3a,11,B,3a,0.524651,-7.5218,-9.2458,61.8359,1.858,0
b2,43,b2_s43,OFF,off/scene15/L7__s20260819__0001.png,scene15,off,C3a,12,C,3a,0.536607,-7.5218,-9.2458,61.8359,1.858,0
b2,43,b2_s43,OFF,off/scene15/L7__s20260819__0001.png,scene15,off,D3a,13,D,3a,0.514465,-7.5218,-9.2458,61.8359,1.858,0
b2,43,b2_s43,OFF,off/scene15/L7__s20260819__0001.png,scene15,off,B3b,16,B,3b,0.648547,-7.5218,-9.2458,61.8359,1.858,0
b2,43,b2_s43,OFF,off/scene15/L7__s20260819__0001.png,scene15,off,C3b,17,C,3b,0.634599,-7.5218,-9.2458,61.8359,1.858,0
b2,43,b2_s43,OFF,off/scene15/L7__s20260819__0002.png,scene15,off,C2,7,C,2,0.515509,-8.4908,3.1991,65.8023,4.6673,0
b2,43,b2_s43,OFF,off/scene15/L7__s20260819__0002.png,scene15,off,C3a,12,C,3a,0.543774,-8.4908,3.1991,65.8023,4.6673,0
b2,43,b2_s43,OFF,off/scene15/L7__s20260819__0002.png,scene15,off,B3b,16,B,3b,0.68673,-8.4908,3.1991,65.8023,4.6673,0
b2,43,b2_s43,OFF,off/scene15/L7__s20260819__0002.png,scene15,off,C3b,17,C,3b,0.505128,-8.4908,3.1991,65.8023,4.6673,0
b2,43,b2_s43,OFF,off/scene15/L7__s20260819__0003.png,scene15,off,C2,7,C,2,0.549021,-13.9162,-3.4361,63.7846,1.3693,0
b2,43,b2_s43,OFF,off/scene15/L7__s20260819__0003.png,scene15,off,B3a,11,B,3a,0.56523,-13.9162,-3.4361,63.7846,1.3693,0
b2,43,b2_s43,OFF,off/scene15/L7__s20260819__0003.png,scene15,off,B3b,16,B,3b,0.60899,-13.9162,-3.4361,63.7846,1.3693,0
b2,43,b2_s43,OFF,off/scene15/L7__s20260819__0003.png,scene15,off,C3b,17,C,3b,0.718054,-13.9162,-3.4361,63.7846,1.3693,0
b2,43,b2_s43,OFF,off/scene15/L7__s20260819__0004.png,scene15,off,C2,7,C,2,0.608084,-11.0394,5.5473,63.0915,5.5065,0
b2,43,b2_s43,OFF,off/scene15/L7__s20260819__0004.png,scene15,off,B3a,11,B,3a,0.590471,-11.0394,5.5473,63.0915,5.5065,0
b2,43,b2_s43,OFF,off/scene15/L7__s20260819__0004.png,scene15,off,C3a,12,C,3a,0.599274,-11.0394,5.5473,63.0915,5.5065,0
b2,43,b2_s43,OFF,off/scene15/L7__s20260819__0004.png,scene15,off,B3b,16,B,3b,0.669284,-11.0394,5.5473,63.0915,5.5065,0
b2,43,b2_s43,OFF,off/scene15/L7__s20260819__0004.png,scene15,off,C3b,17,C,3b,0.540015,-11.0394,5.5473,63.0915,5.5065,0
b2,43,b2_s43,OFF,off/scene15/L7__s20260819__0005.png,scene15,off,B2,6,B,2,0.614275,-12.9205,6.4099,63.9932,3.0224,0
b2,43,b2_s43,OFF,off/scene15/L7__s20260819__0005.png,scene15,off,C2,7,C,2,0.536535,-12.9205,6.4099,63.9932,3.0224,0
b2,43,b2_s43,OFF,off/scene15/L7__s20260819__0005.png,scene15,off,D2,8,D,2,0.54194,-12.9205,6.4099,63.9932,3.0224,0
b2,43,b2_s43,OFF,off/scene15/L7__s20260819__0005.png,scene15,off,A3a,10,A,3a,0.500164,-12.9205,6.4099,63.9932,3.0224,0
b2,43,b2_s43,OFF,off/scene15/L7__s20260819__0005.png,scene15,off,B3a,11,B,3a,0.627944,-12.9205,6.4099,63.9932,3.0224,0
b2,43,b2_s43,OFF,off/scene15/L7__s20260819__0005.png,scene15,off,C3a,12,C,3a,0.579837,-12.9205,6.4099,63.9932,3.0224,0
b2,43,b2_s43,OFF,off/scene15/L7__s20260819__0005.png,scene15,off,A3b,15,A,3b,0.510913,-12.9205,6.4099,63.9932,3.0224,0
b2,43,b2_s43,OFF,off/scene15/L7__s20260819__0005.png,scene15,off,B3b,16,B,3b,0.713719,-12.9205,6.4099,63.9932,3.0224,0
b2,43,b2_s43,OFF,off/scene15/L7__s20260819__0005.png,scene15,off,C3b,17,C,3b,0.73632,-12.9205,6.4099,63.9932,3.0224,0
b2,43,b2_s43,OFF,off/scene15/L7__s20260819__0005.png,scene15,off,E3b,19,E,3b,0.52505,-12.9205,6.4099,63.9932,3.0224,0
b2,43,b2_s43,OFF,off/scene15/L7__s20260819__0006.png,scene15,off,B3a,11,B,3a,0.556556,-9.1914,-18.2162,60.3765,2.2421,0
b2,43,b2_s43,OFF,off/scene15/L7__s20260819__0006.png,scene15,off,B3b,16,B,3b,0.56953,-9.1914,-18.2162,60.3765,2.2421,0
b2,43,b2_s43,OFF,off/scene15/L7__s20260819__0006.png,scene15,off,C3b,17,C,3b,0.633005,-9.1914,-18.2162,60.3765,2.2421,0
b2,43,b2_s43,OFF,off/scene15/L7__s20260819__0007.png,scene15,off,C2,7,C,2,0.505756,-15.2404,1.5985,63.4015,5.1525,0
b2,43,b2_s43,OFF,off/scene15/L7__s20260819__0007.png,scene15,off,C3a,12,C,3a,0.529657,-15.2404,1.5985,63.4015,5.1525,0
b2,43,b2_s43,OFF,off/scene15/L7__s20260819__0007.png,scene15,off,B3b,16,B,3b,0.71131,-15.2404,1.5985,63.4015,5.1525,0
b2,43,b2_s43,OFF,off/scene15/L7__s20260819__0007.png,scene15,off,C3b,17,C,3b,0.542124,-15.2404,1.5985,63.4015,5.1525,0
b2,43,b2_s43,OFF,off/scene18/L0__s20260819__0002.png,scene18,off,B3b,16,B,3b,0.56635,-17.1516,-15.9889,62.3123,10.4512,0
b2,43,b2_s43,OFF,off/sceneC2/L2__s20260819__0000.png,sceneC2,off,C3b,17,C,3b,0.576675,-3.8125,-12.3059,62.9162,2.4832,0
b2,43,b2_s43,OFF,off/sceneC2/L2__s20260819__0006.png,sceneC2,off,C3b,17,C,3b,0.566382,-11.6055,-2.8331,61.0412,4.3157,0
b2,43,b2_s43,OFF,off/sceneC2/L2__s20260819__0006.png,sceneC2,off,D3b,18,D,3b,0.510654,-11.6055,-2.8331,61.0412,4.3157,0
b2,43,b2_s43,OFF,off/sceneC2/L3__s20260819__0000.png,sceneC2,off,C3b,17,C,3b,0.587401,-3.8125,-12.3059,62.9162,2.4832,0
b2,43,b2_s43,OFF,off/sceneC2/L3__s20260819__0004.png,sceneC2,off,C3b,17,C,3b,0.538347,-13.5389,11.6475,61.7574,2.2154,0
b2,43,b2_s43,OFF,off/sceneC2/L3__s20260819__0006.png,sceneC2,off,C3b,17,C,3b,0.579685,-11.6055,-2.8331,61.0412,4.3157,0
b2,43,b2_s43,OFF,off/sceneC2/L7__s20260819__0000.png,sceneC2,off,C3b,17,C,3b,0.678828,-3.8125,-12.3059,62.9162,2.4832,0
b2,43,b2_s43,OFF,off/sceneC2/L7__s20260819__0004.png,sceneC2,off,C3b,17,C,3b,0.574384,-13.5389,11.6475,61.7574,2.2154,0
b2,43,b2_s43,OFF,off/sceneC2/L7__s20260819__0007.png,sceneC2,off,C3b,17,C,3b,0.584832,-12.5459,-0.5423,62.1216,1.5671,0
b2,43,b2_s43,OFF,off/sceneN3/L0__s20260819__0001.png,sceneN3,off,A3b,15,A,3b,0.505365,-12.6534,1.5439,61.04,5.2884,0
b2,43,b2_s43,OFF,off/sceneN3/L0__s20260819__0001.png,sceneN3,off,B3b,16,B,3b,0.713527,-12.6534,1.5439,61.04,5.2884,0
b2,43,b2_s43,OFF,off/sceneN3/L0__s20260819__0001.png,sceneN3,off,C3b,17,C,3b,0.914248,-12.6534,1.5439,61.04,5.2884,0
b2,43,b2_s43,OFF,off/sceneN3/L0__s20260819__0001.png,sceneN3,off,D3b,18,D,3b,0.843258,-12.6534,1.5439,61.04,5.2884,0
b2,43,b2_s43,OFF,off/sceneN3/L0__s20260819__0001.png,sceneN3,off,E3b,19,E,3b,0.645253,-12.6534,1.5439,61.04,5.2884,0
b2,43,b2_s43,OFF,off/sceneN3/L0__s20260819__0002.png,sceneN3,off,B2,6,B,2,0.668424,-13.1516,1.5693,63.1068,1.7608,0
b2,43,b2_s43,OFF,off/sceneN3/L0__s20260819__0002.png,sceneN3,off,D2,8,D,2,0.586656,-13.1516,1.5693,63.1068,1.7608,0
b2,43,b2_s43,OFF,off/sceneN3/L0__s20260819__0002.png,sceneN3,off,B3a,11,B,3a,0.571859,-13.1516,1.5693,63.1068,1.7608,0
b2,43,b2_s43,OFF,off/sceneN3/L0__s20260819__0002.png,sceneN3,off,D3a,13,D,3a,0.554144,-13.1516,1.5693,63.1068,1.7608,0
b2,43,b2_s43,OFF,off/sceneN3/L0__s20260819__0002.png,sceneN3,off,A3b,15,A,3b,0.653448,-13.1516,1.5693,63.1068,1.7608,0
b2,43,b2_s43,OFF,off/sceneN3/L0__s20260819__0002.png,sceneN3,off,B3b,16,B,3b,0.837768,-13.1516,1.5693,63.1068,1.7608,0
b2,43,b2_s43,OFF,off/sceneN3/L0__s20260819__0002.png,sceneN3,off,C3b,17,C,3b,0.913228,-13.1516,1.5693,63.1068,1.7608,0
b2,43,b2_s43,OFF,off/sceneN3/L0__s20260819__0002.png,sceneN3,off,D3b,18,D,3b,0.886683,-13.1516,1.5693,63.1068,1.7608,0
b2,43,b2_s43,OFF,off/sceneN3/L0__s20260819__0002.png,sceneN3,off,E3b,19,E,3b,0.762111,-13.1516,1.5693,63.1068,1.7608,0
b2,43,b2_s43,OFF,off/sceneN3/L0__s20260819__0003.png,sceneN3,off,B3a,11,B,3a,0.578672,-9.3231,5.7221,62.1685,8.3724,0
b2,43,b2_s43,OFF,off/sceneN3/L0__s20260819__0003.png,sceneN3,off,C3a,12,C,3a,0.674825,-9.3231,5.7221,62.1685,8.3724,0
b2,43,b2_s43,OFF,off/sceneN3/L0__s20260819__0003.png,sceneN3,off,D3a,13,D,3a,0.504146,-9.3231,5.7221,62.1685,8.3724,0
b2,43,b2_s43,OFF,off/sceneN3/L0__s20260819__0003.png,sceneN3,off,A3b,15,A,3b,0.632133,-9.3231,5.7221,62.1685,8.3724,0
b2,43,b2_s43,OFF,off/sceneN3/L0__s20260819__0003.png,sceneN3,off,B3b,16,B,3b,0.808069,-9.3231,5.7221,62.1685,8.3724,0
b2,43,b2_s43,OFF,off/sceneN3/L0__s20260819__0003.png,sceneN3,off,C3b,17,C,3b,0.741725,-9.3231,5.7221,62.1685,8.3724,0
b2,43,b2_s43,OFF,off/sceneN3/L0__s20260819__0003.png,sceneN3,off,D3b,18,D,3b,0.775837,-9.3231,5.7221,62.1685,8.3724,0
b2,43,b2_s43,OFF,off/sceneN3/L0__s20260819__0003.png,sceneN3,off,E3b,19,E,3b,0.619812,-9.3231,5.7221,62.1685,8.3724,0
b2,43,b2_s43,OFF,off/sceneN3/L0__s20260819__0004.png,sceneN3,off,C3a,12,C,3a,0.579539,-7.3546,-7.2186,63.4074,8.0992,0
b2,43,b2_s43,OFF,off/sceneN3/L0__s20260819__0004.png,sceneN3,off,A3b,15,A,3b,0.626295,-7.3546,-7.2186,63.4074,8.0992,0
b2,43,b2_s43,OFF,off/sceneN3/L0__s20260819__0004.png,sceneN3,off,B3b,16,B,3b,0.684562,-7.3546,-7.2186,63.4074,8.0992,0
b2,43,b2_s43,OFF,off/sceneN3/L0__s20260819__0004.png,sceneN3,off,C3b,17,C,3b,0.756351,-7.3546,-7.2186,63.4074,8.0992,0
b2,43,b2_s43,OFF,off/sceneN3/L0__s20260819__0004.png,sceneN3,off,D3b,18,D,3b,0.665571,-7.3546,-7.2186,63.4074,8.0992,0
b2,43,b2_s43,OFF,off/sceneN3/L0__s20260819__0004.png,sceneN3,off,E3b,19,E,3b,0.575971,-7.3546,-7.2186,63.4074,8.0992,0
b2,43,b2_s43,OFF,off/sceneN3/L0__s20260819__0005.png,sceneN3,off,D3a,13,D,3a,0.507051,-12.2129,-14.4798,63.1796,2.2677,0
b2,43,b2_s43,OFF,off/sceneN3/L0__s20260819__0005.png,sceneN3,off,A3b,15,A,3b,0.647023,-12.2129,-14.4798,63.1796,2.2677,0
b2,43,b2_s43,OFF,off/sceneN3/L0__s20260819__0005.png,sceneN3,off,B3b,16,B,3b,0.916397,-12.2129,-14.4798,63.1796,2.2677,0
b2,43,b2_s43,OFF,off/sceneN3/L0__s20260819__0005.png,sceneN3,off,C3b,17,C,3b,0.918837,-12.2129,-14.4798,63.1796,2.2677,0
b2,43,b2_s43,OFF,off/sceneN3/L0__s20260819__0005.png,sceneN3,off,D3b,18,D,3b,0.776612,-12.2129,-14.4798,63.1796,2.2677,0
b2,43,b2_s43,OFF,off/sceneN3/L0__s20260819__0005.png,sceneN3,off,E3b,19,E,3b,0.781521,-12.2129,-14.4798,63.1796,2.2677,0
b2,43,b2_s43,OFF,off/sceneN3/L0__s20260819__0006.png,sceneN3,off,A3b,15,A,3b,0.680417,-7.7849,2.4667,60.503,4.7311,0
b2,43,b2_s43,OFF,off/sceneN3/L0__s20260819__0006.png,sceneN3,off,B3b,16,B,3b,0.889729,-7.7849,2.4667,60.503,4.7311,0
b2,43,b2_s43,OFF,off/sceneN3/L0__s20260819__0006.png,sceneN3,off,C3b,17,C,3b,0.928816,-7.7849,2.4667,60.503,4.7311,0
b2,43,b2_s43,OFF,off/sceneN3/L0__s20260819__0006.png,sceneN3,off,D3b,18,D,3b,0.880018,-7.7849,2.4667,60.503,4.7311,0
b2,43,b2_s43,OFF,off/sceneN3/L0__s20260819__0006.png,sceneN3,off,E3b,19,E,3b,0.747998,-7.7849,2.4667,60.503,4.7311,0
b2,43,b2_s43,OFF,off/sceneN3/L0__s20260819__0007.png,sceneN3,off,B3b,16,B,3b,0.580442,-12.6477,6.8749,62.3125,1.3919,0
b2,43,b2_s43,OFF,off/sceneN3/L0__s20260819__0007.png,sceneN3,off,C3b,17,C,3b,0.775581,-12.6477,6.8749,62.3125,1.3919,0
b2,43,b2_s43,OFF,off/sceneN3/L0__s20260819__0007.png,sceneN3,off,D3b,18,D,3b,0.789002,-12.6477,6.8749,62.3125,1.3919,0
b2,43,b2_s43,OFF,off/sceneN3/L5__s20260819__0000.png,sceneN3,off,B3b,16,B,3b,0.525144,-16.2467,-6.5053,60.6518,9.1828,0
b2,43,b2_s43,OFF,off/sceneN3/L5__s20260819__0001.png,sceneN3,off,B3b,16,B,3b,0.684727,-12.6534,1.5439,61.04,5.2884,0
b2,43,b2_s43,OFF,off/sceneN3/L5__s20260819__0001.png,sceneN3,off,C3b,17,C,3b,0.872877,-12.6534,1.5439,61.04,5.2884,0
b2,43,b2_s43,OFF,off/sceneN3/L5__s20260819__0001.png,sceneN3,off,D3b,18,D,3b,0.826974,-12.6534,1.5439,61.04,5.2884,0
b2,43,b2_s43,OFF,off/sceneN3/L5__s20260819__0001.png,sceneN3,off,E3b,19,E,3b,0.53826,-12.6534,1.5439,61.04,5.2884,0
b2,43,b2_s43,OFF,off/sceneN3/L5__s20260819__0002.png,sceneN3,off,A3b,15,A,3b,0.579133,-13.1516,1.5693,63.1068,1.7608,0
b2,43,b2_s43,OFF,off/sceneN3/L5__s20260819__0002.png,sceneN3,off,B3b,16,B,3b,0.83858,-13.1516,1.5693,63.1068,1.7608,0
b2,43,b2_s43,OFF,off/sceneN3/L5__s20260819__0002.png,sceneN3,off,C3b,17,C,3b,0.941569,-13.1516,1.5693,63.1068,1.7608,0
b2,43,b2_s43,OFF,off/sceneN3/L5__s20260819__0002.png,sceneN3,off,D3b,18,D,3b,0.899013,-13.1516,1.5693,63.1068,1.7608,0
b2,43,b2_s43,OFF,off/sceneN3/L5__s20260819__0002.png,sceneN3,off,E3b,19,E,3b,0.709038,-13.1516,1.5693,63.1068,1.7608,0
b2,43,b2_s43,OFF,off/sceneN3/L5__s20260819__0003.png,sceneN3,off,C3a,12,C,3a,0.538075,-9.3231,5.7221,62.1685,8.3724,0
b2,43,b2_s43,OFF,off/sceneN3/L5__s20260819__0003.png,sceneN3,off,A3b,15,A,3b,0.510944,-9.3231,5.7221,62.1685,8.3724,0
b2,43,b2_s43,OFF,off/sceneN3/L5__s20260819__0003.png,sceneN3,off,B3b,16,B,3b,0.716681,-9.3231,5.7221,62.1685,8.3724,0
b2,43,b2_s43,OFF,off/sceneN3/L5__s20260819__0003.png,sceneN3,off,C3b,17,C,3b,0.662818,-9.3231,5.7221,62.1685,8.3724,0
b2,43,b2_s43,OFF,off/sceneN3/L5__s20260819__0003.png,sceneN3,off,D3b,18,D,3b,0.722194,-9.3231,5.7221,62.1685,8.3724,0
b2,43,b2_s43,OFF,off/sceneN3/L5__s20260819__0003.png,sceneN3,off,E3b,19,E,3b,0.509397,-9.3231,5.7221,62.1685,8.3724,0
b2,43,b2_s43,OFF,off/sceneN3/L5__s20260819__0004.png,sceneN3,off,C3a,12,C,3a,0.599185,-7.3546,-7.2186,63.4074,8.0992,0
b2,43,b2_s43,OFF,off/sceneN3/L5__s20260819__0004.png,sceneN3,off,A3b,15,A,3b,0.534686,-7.3546,-7.2186,63.4074,8.0992,0
b2,43,b2_s43,OFF,off/sceneN3/L5__s20260819__0004.png,sceneN3,off,B3b,16,B,3b,0.603462,-7.3546,-7.2186,63.4074,8.0992,0
b2,43,b2_s43,OFF,off/sceneN3/L5__s20260819__0004.png,sceneN3,off,C3b,17,C,3b,0.590844,-7.3546,-7.2186,63.4074,8.0992,0
b2,43,b2_s43,OFF,off/sceneN3/L5__s20260819__0004.png,sceneN3,off,D3b,18,D,3b,0.584265,-7.3546,-7.2186,63.4074,8.0992,0
b2,43,b2_s43,OFF,off/sceneN3/L5__s20260819__0005.png,sceneN3,off,A3b,15,A,3b,0.718487,-12.2129,-14.4798,63.1796,2.2677,0
b2,43,b2_s43,OFF,off/sceneN3/L5__s20260819__0005.png,sceneN3,off,B3b,16,B,3b,0.939307,-12.2129,-14.4798,63.1796,2.2677,0
b2,43,b2_s43,OFF,off/sceneN3/L5__s20260819__0005.png,sceneN3,off,C3b,17,C,3b,0.956398,-12.2129,-14.4798,63.1796,2.2677,0
b2,43,b2_s43,OFF,off/sceneN3/L5__s20260819__0005.png,sceneN3,off,D3b,18,D,3b,0.865824,-12.2129,-14.4798,63.1796,2.2677,0
b2,43,b2_s43,OFF,off/sceneN3/L5__s20260819__0005.png,sceneN3,off,E3b,19,E,3b,0.765449,-12.2129,-14.4798,63.1796,2.2677,0
b2,43,b2_s43,OFF,off/sceneN3/L5__s20260819__0006.png,sceneN3,off,A3b,15,A,3b,0.598618,-7.7849,2.4667,60.503,4.7311,0
b2,43,b2_s43,OFF,off/sceneN3/L5__s20260819__0006.png,sceneN3,off,B3b,16,B,3b,0.869011,-7.7849,2.4667,60.503,4.7311,0
b2,43,b2_s43,OFF,off/sceneN3/L5__s20260819__0006.png,sceneN3,off,C3b,17,C,3b,0.90539,-7.7849,2.4667,60.503,4.7311,0
b2,43,b2_s43,OFF,off/sceneN3/L5__s20260819__0006.png,sceneN3,off,D3b,18,D,3b,0.88093,-7.7849,2.4667,60.503,4.7311,0
b2,43,b2_s43,OFF,off/sceneN3/L5__s20260819__0006.png,sceneN3,off,E3b,19,E,3b,0.631577,-7.7849,2.4667,60.503,4.7311,0
b2,43,b2_s43,OFF,off/sceneN3/L5__s20260819__0007.png,sceneN3,off,C3b,17,C,3b,0.522515,-12.6477,6.8749,62.3125,1.3919,0
b2,43,b2_s43,OFF,off/sceneN3/L5__s20260819__0007.png,sceneN3,off,D3b,18,D,3b,0.547994,-12.6477,6.8749,62.3125,1.3919,0
b2,43,b2_s43,OFF,off/sceneN3/L7__s20260819__0001.png,sceneN3,off,B3b,16,B,3b,0.732316,-12.6534,1.5439,61.04,5.2884,0
b2,43,b2_s43,OFF,off/sceneN3/L7__s20260819__0001.png,sceneN3,off,C3b,17,C,3b,0.904548,-12.6534,1.5439,61.04,5.2884,0
b2,43,b2_s43,OFF,off/sceneN3/L7__s20260819__0001.png,sceneN3,off,D3b,18,D,3b,0.831367,-12.6534,1.5439,61.04,5.2884,0
b2,43,b2_s43,OFF,off/sceneN3/L7__s20260819__0001.png,sceneN3,off,E3b,19,E,3b,0.543769,-12.6534,1.5439,61.04,5.2884,0
b2,43,b2_s43,OFF,off/sceneN3/L7__s20260819__0002.png,sceneN3,off,D2,8,D,2,0.513689,-13.1516,1.5693,63.1068,1.7608,0
b2,43,b2_s43,OFF,off/sceneN3/L7__s20260819__0002.png,sceneN3,off,A3b,15,A,3b,0.691236,-13.1516,1.5693,63.1068,1.7608,0
b2,43,b2_s43,OFF,off/sceneN3/L7__s20260819__0002.png,sceneN3,off,B3b,16,B,3b,0.786779,-13.1516,1.5693,63.1068,1.7608,0
b2,43,b2_s43,OFF,off/sceneN3/L7__s20260819__0002.png,sceneN3,off,C3b,17,C,3b,0.943283,-13.1516,1.5693,63.1068,1.7608,0
b2,43,b2_s43,OFF,off/sceneN3/L7__s20260819__0002.png,sceneN3,off,D3b,18,D,3b,0.903391,-13.1516,1.5693,63.1068,1.7608,0
b2,43,b2_s43,OFF,off/sceneN3/L7__s20260819__0002.png,sceneN3,off,E3b,19,E,3b,0.733332,-13.1516,1.5693,63.1068,1.7608,0
b2,43,b2_s43,OFF,off/sceneN3/L7__s20260819__0003.png,sceneN3,off,C3a,12,C,3a,0.698481,-9.3231,5.7221,62.1685,8.3724,0
b2,43,b2_s43,OFF,off/sceneN3/L7__s20260819__0003.png,sceneN3,off,A3b,15,A,3b,0.560634,-9.3231,5.7221,62.1685,8.3724,0
b2,43,b2_s43,OFF,off/sceneN3/L7__s20260819__0003.png,sceneN3,off,B3b,16,B,3b,0.782277,-9.3231,5.7221,62.1685,8.3724,0
b2,43,b2_s43,OFF,off/sceneN3/L7__s20260819__0003.png,sceneN3,off,C3b,17,C,3b,0.803386,-9.3231,5.7221,62.1685,8.3724,0
b2,43,b2_s43,OFF,off/sceneN3/L7__s20260819__0003.png,sceneN3,off,D3b,18,D,3b,0.783892,-9.3231,5.7221,62.1685,8.3724,0
b2,43,b2_s43,OFF,off/sceneN3/L7__s20260819__0003.png,sceneN3,off,E3b,19,E,3b,0.584058,-9.3231,5.7221,62.1685,8.3724,0
b2,43,b2_s43,OFF,off/sceneN3/L7__s20260819__0004.png,sceneN3,off,C3a,12,C,3a,0.644763,-7.3546,-7.2186,63.4074,8.0992,0
b2,43,b2_s43,OFF,off/sceneN3/L7__s20260819__0004.png,sceneN3,off,A3b,15,A,3b,0.526538,-7.3546,-7.2186,63.4074,8.0992,0
b2,43,b2_s43,OFF,off/sceneN3/L7__s20260819__0004.png,sceneN3,off,B3b,16,B,3b,0.66759,-7.3546,-7.2186,63.4074,8.0992,0
b2,43,b2_s43,OFF,off/sceneN3/L7__s20260819__0004.png,sceneN3,off,C3b,17,C,3b,0.660785,-7.3546,-7.2186,63.4074,8.0992,0
b2,43,b2_s43,OFF,off/sceneN3/L7__s20260819__0004.png,sceneN3,off,D3b,18,D,3b,0.635506,-7.3546,-7.2186,63.4074,8.0992,0
b2,43,b2_s43,OFF,off/sceneN3/L7__s20260819__0004.png,sceneN3,off,E3b,19,E,3b,0.508325,-7.3546,-7.2186,63.4074,8.0992,0
b2,43,b2_s43,OFF,off/sceneN3/L7__s20260819__0005.png,sceneN3,off,A3b,15,A,3b,0.690874,-12.2129,-14.4798,63.1796,2.2677,0
b2,43,b2_s43,OFF,off/sceneN3/L7__s20260819__0005.png,sceneN3,off,B3b,16,B,3b,0.928464,-12.2129,-14.4798,63.1796,2.2677,0
b2,43,b2_s43,OFF,off/sceneN3/L7__s20260819__0005.png,sceneN3,off,C3b,17,C,3b,0.947648,-12.2129,-14.4798,63.1796,2.2677,0
b2,43,b2_s43,OFF,off/sceneN3/L7__s20260819__0005.png,sceneN3,off,D3b,18,D,3b,0.83534,-12.2129,-14.4798,63.1796,2.2677,0
b2,43,b2_s43,OFF,off/sceneN3/L7__s20260819__0005.png,sceneN3,off,E3b,19,E,3b,0.791152,-12.2129,-14.4798,63.1796,2.2677,0
b2,43,b2_s43,OFF,off/sceneN3/L7__s20260819__0006.png,sceneN3,off,A3b,15,A,3b,0.651635,-7.7849,2.4667,60.503,4.7311,0
b2,43,b2_s43,OFF,off/sceneN3/L7__s20260819__0006.png,sceneN3,off,B3b,16,B,3b,0.891795,-7.7849,2.4667,60.503,4.7311,0
b2,43,b2_s43,OFF,off/sceneN3/L7__s20260819__0006.png,sceneN3,off,C3b,17,C,3b,0.927728,-7.7849,2.4667,60.503,4.7311,0
b2,43,b2_s43,OFF,off/sceneN3/L7__s20260819__0006.png,sceneN3,off,D3b,18,D,3b,0.866185,-7.7849,2.4667,60.503,4.7311,0
b2,43,b2_s43,OFF,off/sceneN3/L7__s20260819__0006.png,sceneN3,off,E3b,19,E,3b,0.630273,-7.7849,2.4667,60.503,4.7311,0
b2,43,b2_s43,OFF,off/sceneN3/L7__s20260819__0007.png,sceneN3,off,B3b,16,B,3b,0.538529,-12.6477,6.8749,62.3125,1.3919,0
b2,43,b2_s43,OFF,off/sceneN3/L7__s20260819__0007.png,sceneN3,off,C3b,17,C,3b,0.763349,-12.6477,6.8749,62.3125,1.3919,0
b2,43,b2_s43,OFF,off/sceneN3/L7__s20260819__0007.png,sceneN3,off,D3b,18,D,3b,0.730216,-12.6477,6.8749,62.3125,1.3919,0
b2,43,b2_s43,OFF,off/scene15/L0__s20260820__0000.png::boost_h,scene15,off,C3a,12,C,3a,0.549499,-13.637,-17.7914,62.7559,10.9914,0
b2,43,b2_s43,OFF,off/scene15/L0__s20260820__0000.png::boost_h,scene15,off,D3a,13,D,3a,0.505878,-13.637,-17.7914,62.7559,10.9914,0
b2,43,b2_s43,OFF,off/scene15/L0__s20260820__0000.png::boost_h,scene15,off,B3b,16,B,3b,0.559232,-13.637,-17.7914,62.7559,10.9914,0
b2,43,b2_s43,OFF,off/scene15/L0__s20260820__0001.png::boost_h,scene15,off,B3a,11,B,3a,0.567133,-6.8068,-11.8299,63.9125,9.9013,0
b2,43,b2_s43,OFF,off/scene15/L0__s20260820__0001.png::boost_h,scene15,off,C3a,12,C,3a,0.616812,-6.8068,-11.8299,63.9125,9.9013,0
b2,43,b2_s43,OFF,off/scene15/L0__s20260820__0001.png::boost_h,scene15,off,B3b,16,B,3b,0.585305,-6.8068,-11.8299,63.9125,9.9013,0
b2,43,b2_s43,OFF,off/scene15/L0__s20260820__0001.png::boost_h,scene15,off,C3b,17,C,3b,0.557821,-6.8068,-11.8299,63.9125,9.9013,0
b2,43,b2_s43,OFF,off/scene15/L0__s20260820__0002.png::boost_h,scene15,off,B3a,11,B,3a,0.562189,-8.6096,-4.0107,63.6728,6.6026,0
b2,43,b2_s43,OFF,off/scene15/L0__s20260820__0002.png::boost_h,scene15,off,C3a,12,C,3a,0.576435,-8.6096,-4.0107,63.6728,6.6026,0
b2,43,b2_s43,OFF,off/scene15/L0__s20260820__0002.png::boost_h,scene15,off,C3b,17,C,3b,0.606818,-8.6096,-4.0107,63.6728,6.6026,0
b2,43,b2_s43,OFF,off/scene15/L0__s20260820__0003.png::boost_h,scene15,off,B3a,11,B,3a,0.584904,-11.0902,-4.9586,63.1815,7.5147,0
b2,43,b2_s43,OFF,off/scene15/L0__s20260820__0003.png::boost_h,scene15,off,C3a,12,C,3a,0.626714,-11.0902,-4.9586,63.1815,7.5147,0
b2,43,b2_s43,OFF,off/scene15/L0__s20260820__0003.png::boost_h,scene15,off,D3a,13,D,3a,0.554149,-11.0902,-4.9586,63.1815,7.5147,0
b2,43,b2_s43,OFF,off/scene15/L0__s20260820__0003.png::boost_h,scene15,off,B3b,16,B,3b,0.62383,-11.0902,-4.9586,63.1815,7.5147,0
b2,43,b2_s43,OFF,off/scene15/L0__s20260820__0004.png::boost_h,scene15,off,B3a,11,B,3a,0.550047,-12.6937,-3.4861,58.1207,9.9583,0
b2,43,b2_s43,OFF,off/scene15/L0__s20260820__0004.png::boost_h,scene15,off,C3b,17,C,3b,0.504379,-12.6937,-3.4861,58.1207,9.9583,0
b2,43,b2_s43,OFF,off/scene15/L0__s20260820__0005.png::boost_h,scene15,off,B3a,11,B,3a,0.575463,-5.4058,-7.3396,62.3314,9.8366,0
b2,43,b2_s43,OFF,off/scene15/L0__s20260820__0005.png::boost_h,scene15,off,C3a,12,C,3a,0.565058,-5.4058,-7.3396,62.3314,9.8366,0
b2,43,b2_s43,OFF,off/scene15/L0__s20260820__0006.png::boost_h,scene15,off,C2,7,C,2,0.521511,-5.1828,6.8137,59.5209,6.9519,0
b2,43,b2_s43,OFF,off/scene15/L0__s20260820__0006.png::boost_h,scene15,off,B3a,11,B,3a,0.697345,-5.1828,6.8137,59.5209,6.9519,0
b2,43,b2_s43,OFF,off/scene15/L0__s20260820__0006.png::boost_h,scene15,off,C3a,12,C,3a,0.636204,-5.1828,6.8137,59.5209,6.9519,0
b2,43,b2_s43,OFF,off/scene15/L0__s20260820__0006.png::boost_h,scene15,off,D3a,13,D,3a,0.514966,-5.1828,6.8137,59.5209,6.9519,0
b2,43,b2_s43,OFF,off/scene15/L0__s20260820__0006.png::boost_h,scene15,off,B3b,16,B,3b,0.571624,-5.1828,6.8137,59.5209,6.9519,0
b2,43,b2_s43,OFF,off/scene15/L0__s20260820__0006.png::boost_h,scene15,off,C3b,17,C,3b,0.575676,-5.1828,6.8137,59.5209,6.9519,0
b2,43,b2_s43,OFF,off/scene15/L0__s20260820__0006.png::boost_h,scene15,off,E3b,19,E,3b,0.525378,-5.1828,6.8137,59.5209,6.9519,0
b2,43,b2_s43,OFF,off/scene15/L0__s20260820__0007.png::boost_h,scene15,off,B3a,11,B,3a,0.566498,-9.4753,-12.4083,62.4936,8.3783,0
b2,43,b2_s43,OFF,off/scene15/L0__s20260820__0007.png::boost_h,scene15,off,C3a,12,C,3a,0.554713,-9.4753,-12.4083,62.4936,8.3783,0
b2,43,b2_s43,OFF,off/scene15/L4__s20260820__0000.png::boost_h,scene15,off,B3b,16,B,3b,0.767161,-13.637,-17.7914,62.7559,10.9914,0
b2,43,b2_s43,OFF,off/scene15/L4__s20260820__0001.png::boost_h,scene15,off,B3a,11,B,3a,0.556026,-6.8068,-11.8299,63.9125,9.9013,0
b2,43,b2_s43,OFF,off/scene15/L4__s20260820__0001.png::boost_h,scene15,off,B3b,16,B,3b,0.534234,-6.8068,-11.8299,63.9125,9.9013,0
b2,43,b2_s43,OFF,off/scene15/L4__s20260820__0001.png::boost_h,scene15,off,C3b,17,C,3b,0.573626,-6.8068,-11.8299,63.9125,9.9013,0
b2,43,b2_s43,OFF,off/scene15/L4__s20260820__0002.png::boost_h,scene15,off,B3a,11,B,3a,0.504931,-8.6096,-4.0107,63.6728,6.6026,0
b2,43,b2_s43,OFF,off/scene15/L4__s20260820__0002.png::boost_h,scene15,off,C3b,17,C,3b,0.540033,-8.6096,-4.0107,63.6728,6.6026,0
b2,43,b2_s43,OFF,off/scene15/L4__s20260820__0003.png::boost_h,scene15,off,C2,7,C,2,0.575534,-11.0902,-4.9586,63.1815,7.5147,0
b2,43,b2_s43,OFF,off/scene15/L4__s20260820__0003.png::boost_h,scene15,off,B3a,11,B,3a,0.606516,-11.0902,-4.9586,63.1815,7.5147,0
b2,43,b2_s43,OFF,off/scene15/L4__s20260820__0003.png::boost_h,scene15,off,C3a,12,C,3a,0.643209,-11.0902,-4.9586,63.1815,7.5147,0
b2,43,b2_s43,OFF,off/scene15/L4__s20260820__0003.png::boost_h,scene15,off,B3b,16,B,3b,0.787881,-11.0902,-4.9586,63.1815,7.5147,0
b2,43,b2_s43,OFF,off/scene15/L4__s20260820__0003.png::boost_h,scene15,off,C3b,17,C,3b,0.523643,-11.0902,-4.9586,63.1815,7.5147,0
b2,43,b2_s43,OFF,off/scene15/L4__s20260820__0004.png::boost_h,scene15,off,B3a,11,B,3a,0.565632,-12.6937,-3.4861,58.1207,9.9583,0
b2,43,b2_s43,OFF,off/scene15/L4__s20260820__0004.png::boost_h,scene15,off,B3b,16,B,3b,0.656204,-12.6937,-3.4861,58.1207,9.9583,0
b2,43,b2_s43,OFF,off/scene15/L4__s20260820__0004.png::boost_h,scene15,off,C3b,17,C,3b,0.556313,-12.6937,-3.4861,58.1207,9.9583,0
b2,43,b2_s43,OFF,off/scene15/L4__s20260820__0005.png::boost_h,scene15,off,B3a,11,B,3a,0.543833,-5.4058,-7.3396,62.3314,9.8366,0
b2,43,b2_s43,OFF,off/scene15/L4__s20260820__0005.png::boost_h,scene15,off,B3b,16,B,3b,0.583293,-5.4058,-7.3396,62.3314,9.8366,0
b2,43,b2_s43,OFF,off/scene15/L4__s20260820__0006.png::boost_h,scene15,off,C2,7,C,2,0.50699,-5.1828,6.8137,59.5209,6.9519,0
b2,43,b2_s43,OFF,off/scene15/L4__s20260820__0006.png::boost_h,scene15,off,B3a,11,B,3a,0.517027,-5.1828,6.8137,59.5209,6.9519,0
b2,43,b2_s43,OFF,off/scene15/L4__s20260820__0006.png::boost_h,scene15,off,C3a,12,C,3a,0.528827,-5.1828,6.8137,59.5209,6.9519,0
b2,43,b2_s43,OFF,off/scene15/L4__s20260820__0006.png::boost_h,scene15,off,B3b,16,B,3b,0.582864,-5.1828,6.8137,59.5209,6.9519,0
b2,43,b2_s43,OFF,off/scene15/L4__s20260820__0006.png::boost_h,scene15,off,C3b,17,C,3b,0.626641,-5.1828,6.8137,59.5209,6.9519,0
b2,43,b2_s43,OFF,off/scene15/L4__s20260820__0007.png::boost_h,scene15,off,B3a,11,B,3a,0.525061,-9.4753,-12.4083,62.4936,8.3783,0
b2,43,b2_s43,OFF,off/scene15/L4__s20260820__0007.png::boost_h,scene15,off,C3a,12,C,3a,0.510806,-9.4753,-12.4083,62.4936,8.3783,0
b2,43,b2_s43,OFF,off/scene15/L4__s20260820__0007.png::boost_h,scene15,off,B3b,16,B,3b,0.628774,-9.4753,-12.4083,62.4936,8.3783,0
b2,43,b2_s43,OFF,off/scene15/L4__s20260820__0007.png::boost_h,scene15,off,C3b,17,C,3b,0.575565,-9.4753,-12.4083,62.4936,8.3783,0
b2,43,b2_s43,OFF,off/scene15/L7__s20260820__0000.png::boost_h,scene15,off,B3a,11,B,3a,0.501876,-13.637,-17.7914,62.7559,10.9914,0
b2,43,b2_s43,OFF,off/scene15/L7__s20260820__0000.png::boost_h,scene15,off,B3b,16,B,3b,0.676775,-13.637,-17.7914,62.7559,10.9914,0
b2,43,b2_s43,OFF,off/scene15/L7__s20260820__0000.png::boost_h,scene15,off,C3b,17,C,3b,0.524,-13.637,-17.7914,62.7559,10.9914,0
b2,43,b2_s43,OFF,off/scene15/L7__s20260820__0001.png::boost_h,scene15,off,B3a,11,B,3a,0.569681,-6.8068,-11.8299,63.9125,9.9013,0
b2,43,b2_s43,OFF,off/scene15/L7__s20260820__0001.png::boost_h,scene15,off,C3a,12,C,3a,0.5569,-6.8068,-11.8299,63.9125,9.9013,0
b2,43,b2_s43,OFF,off/scene15/L7__s20260820__0001.png::boost_h,scene15,off,B3b,16,B,3b,0.649292,-6.8068,-11.8299,63.9125,9.9013,0
b2,43,b2_s43,OFF,off/scene15/L7__s20260820__0001.png::boost_h,scene15,off,C3b,17,C,3b,0.669469,-6.8068,-11.8299,63.9125,9.9013,0
b2,43,b2_s43,OFF,off/scene15/L7__s20260820__0002.png::boost_h,scene15,off,D2,8,D,2,0.500298,-8.6096,-4.0107,63.6728,6.6026,0
b2,43,b2_s43,OFF,off/scene15/L7__s20260820__0002.png::boost_h,scene15,off,B3a,11,B,3a,0.631246,-8.6096,-4.0107,63.6728,6.6026,0
b2,43,b2_s43,OFF,off/scene15/L7__s20260820__0002.png::boost_h,scene15,off,C3a,12,C,3a,0.547295,-8.6096,-4.0107,63.6728,6.6026,0
b2,43,b2_s43,OFF,off/scene15/L7__s20260820__0002.png::boost_h,scene15,off,B3b,16,B,3b,0.508159,-8.6096,-4.0107,63.6728,6.6026,0
b2,43,b2_s43,OFF,off/scene15/L7__s20260820__0002.png::boost_h,scene15,off,C3b,17,C,3b,0.669612,-8.6096,-4.0107,63.6728,6.6026,0
b2,43,b2_s43,OFF,off/scene15/L7__s20260820__0003.png::boost_h,scene15,off,B3a,11,B,3a,0.633815,-11.0902,-4.9586,63.1815,7.5147,0
b2,43,b2_s43,OFF,off/scene15/L7__s20260820__0003.png::boost_h,scene15,off,C3a,12,C,3a,0.6285,-11.0902,-4.9586,63.1815,7.5147,0
b2,43,b2_s43,OFF,off/scene15/L7__s20260820__0003.png::boost_h,scene15,off,B3b,16,B,3b,0.696835,-11.0902,-4.9586,63.1815,7.5147,0
b2,43,b2_s43,OFF,off/scene15/L7__s20260820__0003.png::boost_h,scene15,off,C3b,17,C,3b,0.503417,-11.0902,-4.9586,63.1815,7.5147,0
b2,43,b2_s43,OFF,off/scene15/L7__s20260820__0004.png::boost_h,scene15,off,B3a,11,B,3a,0.5091,-12.6937,-3.4861,58.1207,9.9583,0
b2,43,b2_s43,OFF,off/scene15/L7__s20260820__0005.png::boost_h,scene15,off,D2,8,D,2,0.540838,-5.4058,-7.3396,62.3314,9.8366,0
b2,43,b2_s43,OFF,off/scene15/L7__s20260820__0005.png::boost_h,scene15,off,B3a,11,B,3a,0.58848,-5.4058,-7.3396,62.3314,9.8366,0
b2,43,b2_s43,OFF,off/scene15/L7__s20260820__0005.png::boost_h,scene15,off,B3b,16,B,3b,0.611854,-5.4058,-7.3396,62.3314,9.8366,0
b2,43,b2_s43,OFF,off/scene15/L7__s20260820__0005.png::boost_h,scene15,off,C3b,17,C,3b,0.503363,-5.4058,-7.3396,62.3314,9.8366,0
b2,43,b2_s43,OFF,off/scene15/L7__s20260820__0006.png::boost_h,scene15,off,C2,7,C,2,0.505527,-5.1828,6.8137,59.5209,6.9519,0
b2,43,b2_s43,OFF,off/scene15/L7__s20260820__0006.png::boost_h,scene15,off,B3a,11,B,3a,0.624994,-5.1828,6.8137,59.5209,6.9519,0
b2,43,b2_s43,OFF,off/scene15/L7__s20260820__0006.png::boost_h,scene15,off,C3a,12,C,3a,0.59685,-5.1828,6.8137,59.5209,6.9519,0
b2,43,b2_s43,OFF,off/scene15/L7__s20260820__0006.png::boost_h,scene15,off,B3b,16,B,3b,0.572547,-5.1828,6.8137,59.5209,6.9519,0
b2,43,b2_s43,OFF,off/scene15/L7__s20260820__0006.png::boost_h,scene15,off,C3b,17,C,3b,0.628175,-5.1828,6.8137,59.5209,6.9519,0
b2,43,b2_s43,OFF,off/scene05/L0__s20260820__0001.png::boost_e,scene05,off,B3b,16,B,3b,0.669951,-5.7189,0.3564,61.8831,9.8857,0
b2,43,b2_s43,OFF,off/scene05/L0__s20260820__0001.png::boost_e,scene05,off,C3b,17,C,3b,0.643003,-5.7189,0.3564,61.8831,9.8857,0
b2,43,b2_s43,OFF,off/scene05/L0__s20260820__0001.png::boost_e,scene05,off,D3b,18,D,3b,0.716748,-5.7189,0.3564,61.8831,9.8857,0
b2,43,b2_s43,OFF,off/scene05/L5__s20260820__0001.png::boost_e,scene05,off,B3b,16,B,3b,0.668726,-5.7189,0.3564,61.8831,9.8857,0
b2,43,b2_s43,OFF,off/scene05/L5__s20260820__0001.png::boost_e,scene05,off,C3b,17,C,3b,0.655526,-5.7189,0.3564,61.8831,9.8857,0
b2,43,b2_s43,OFF,off/scene05/L5__s20260820__0001.png::boost_e,scene05,off,D3b,18,D,3b,0.630941,-5.7189,0.3564,61.8831,9.8857,0
b2,43,b2_s43,OFF,off/scene05/L5__s20260820__0002.png::boost_e,scene05,off,B3b,16,B,3b,0.585456,-5.4996,-9.2457,63.6695,7.7708,0
b2,43,b2_s43,OFF,off/scene05/L5__s20260820__0002.png::boost_e,scene05,off,D3b,18,D,3b,0.534545,-5.4996,-9.2457,63.6695,7.7708,0
b2,43,b2_s43,OFF,off/scene05/L5__s20260820__0006.png::boost_e,scene05,off,A3b,15,A,3b,0.549647,-12.8982,-6.3539,61.1324,9.7574,0
b2,43,b2_s43,OFF,off/scene05/L5__s20260820__0006.png::boost_e,scene05,off,B3b,16,B,3b,0.663282,-12.8982,-6.3539,61.1324,9.7574,0
b2,43,b2_s43,OFF,off/scene05/L5__s20260820__0006.png::boost_e,scene05,off,C3b,17,C,3b,0.537331,-12.8982,-6.3539,61.1324,9.7574,0
b2,43,b2_s43,OFF,off/scene05/L5__s20260820__0006.png::boost_e,scene05,off,D3b,18,D,3b,0.667805,-12.8982,-6.3539,61.1324,9.7574,0
b2,43,b2_s43,OFF,off/scene05/L7__s20260820__0001.png::boost_e,scene05,off,B3b,16,B,3b,0.603661,-5.7189,0.3564,61.8831,9.8857,0
b2,43,b2_s43,OFF,off/scene05/L7__s20260820__0001.png::boost_e,scene05,off,C3b,17,C,3b,0.512672,-5.7189,0.3564,61.8831,9.8857,0
b2,43,b2_s43,OFF,off/scene05/L7__s20260820__0001.png::boost_e,scene05,off,D3b,18,D,3b,0.550197,-5.7189,0.3564,61.8831,9.8857,0
b2,43,b2_s43,OFF,off/scene05/L7__s20260820__0006.png::boost_e,scene05,off,A3b,15,A,3b,0.519072,-12.8982,-6.3539,61.1324,9.7574,0
b2,43,b2_s43,OFF,off/scene05/L7__s20260820__0006.png::boost_e,scene05,off,B3b,16,B,3b,0.67019,-12.8982,-6.3539,61.1324,9.7574,0
b2,43,b2_s43,OFF,off/scene05/L7__s20260820__0006.png::boost_e,scene05,off,C3b,17,C,3b,0.539752,-12.8982,-6.3539,61.1324,9.7574,0
b2,43,b2_s43,OFF,off/scene05/L7__s20260820__0006.png::boost_e,scene05,off,D3b,18,D,3b,0.513518,-12.8982,-6.3539,61.1324,9.7574,0
b2,43,b2_s43,OFF,off/scene07/L0__s20260820__0000.png::boost_e,scene07,off,C3a,12,C,3a,0.521532,-10.2409,14.1283,61.8254,9.3533,0
b2,43,b2_s43,OFF,off/scene07/L0__s20260820__0000.png::boost_e,scene07,off,B3b,16,B,3b,0.5378,-10.2409,14.1283,61.8254,9.3533,0
b2,43,b2_s43,OFF,off/scene07/L0__s20260820__0001.png::boost_e,scene07,off,B3b,16,B,3b,0.575925,-8.7737,-1.6736,63.801,8.4933,0
b2,43,b2_s43,OFF,off/scene07/L0__s20260820__0001.png::boost_e,scene07,off,C3b,17,C,3b,0.53645,-8.7737,-1.6736,63.801,8.4933,0
b2,43,b2_s43,OFF,off/scene07/L0__s20260820__0004.png::boost_e,scene07,off,C3a,12,C,3a,0.573647,-11.296,14.3304,62.4153,11.7361,0
b2,43,b2_s43,OFF,off/scene07/L0__s20260820__0004.png::boost_e,scene07,off,B3b,16,B,3b,0.641073,-11.296,14.3304,62.4153,11.7361,0
b2,43,b2_s43,OFF,off/scene07/L0__s20260820__0006.png::boost_e,scene07,off,B3b,16,B,3b,0.549167,-7.4676,-1.6241,59.074,6.6363,0
b2,43,b2_s43,OFF,off/scene07/L0__s20260820__0007.png::boost_e,scene07,off,B3b,16,B,3b,0.534379,-8.8831,-5.8973,62.4612,11.793,0
b2,43,b2_s43,OFF,off/scene07/L0__s20260820__0007.png::boost_e,scene07,off,C3b,17,C,3b,0.546013,-8.8831,-5.8973,62.4612,11.793,0
b2,43,b2_s43,OFF,off/scene07/L5__s20260820__0000.png::boost_e,scene07,off,C3a,12,C,3a,0.544025,-10.2409,14.1283,61.8254,9.3533,0
b2,43,b2_s43,OFF,off/scene07/L5__s20260820__0000.png::boost_e,scene07,off,B3b,16,B,3b,0.724428,-10.2409,14.1283,61.8254,9.3533,0
b2,43,b2_s43,OFF,off/scene07/L5__s20260820__0000.png::boost_e,scene07,off,C3b,17,C,3b,0.661306,-10.2409,14.1283,61.8254,9.3533,0
b2,43,b2_s43,OFF,off/scene07/L5__s20260820__0001.png::boost_e,scene07,off,B3b,16,B,3b,0.678262,-8.7737,-1.6736,63.801,8.4933,0
b2,43,b2_s43,OFF,off/scene07/L5__s20260820__0001.png::boost_e,scene07,off,C3b,17,C,3b,0.681485,-8.7737,-1.6736,63.801,8.4933,0
b2,43,b2_s43,OFF,off/scene07/L5__s20260820__0003.png::boost_e,scene07,off,B3b,16,B,3b,0.619262,-10.8121,7.6338,61.1751,9.743,0
b2,43,b2_s43,OFF,off/scene07/L5__s20260820__0003.png::boost_e,scene07,off,C3b,17,C,3b,0.548505,-10.8121,7.6338,61.1751,9.743,0
b2,43,b2_s43,OFF,off/scene07/L5__s20260820__0007.png::boost_e,scene07,off,C3a,12,C,3a,0.505806,-8.8831,-5.8973,62.4612,11.793,0
b2,43,b2_s43,OFF,off/scene07/L5__s20260820__0007.png::boost_e,scene07,off,B3b,16,B,3b,0.749484,-8.8831,-5.8973,62.4612,11.793,0
b2,43,b2_s43,OFF,off/scene07/L5__s20260820__0007.png::boost_e,scene07,off,C3b,17,C,3b,0.743709,-8.8831,-5.8973,62.4612,11.793,0
b2,43,b2_s43,OFF,off/scene15/L0__s20260820__0000.png::boost_e,scene15,off,C3a,12,C,3a,0.512463,-13.637,-17.7914,62.7559,10.9914,0
b2,43,b2_s43,OFF,off/scene15/L0__s20260820__0001.png::boost_e,scene15,off,B3a,11,B,3a,0.542613,-6.8068,-11.8299,63.9125,9.9013,0
b2,43,b2_s43,OFF,off/scene15/L0__s20260820__0001.png::boost_e,scene15,off,C3a,12,C,3a,0.643102,-6.8068,-11.8299,63.9125,9.9013,0
b2,43,b2_s43,OFF,off/scene15/L0__s20260820__0001.png::boost_e,scene15,off,B3b,16,B,3b,0.593775,-6.8068,-11.8299,63.9125,9.9013,0
b2,43,b2_s43,OFF,off/scene15/L0__s20260820__0001.png::boost_e,scene15,off,C3b,17,C,3b,0.623567,-6.8068,-11.8299,63.9125,9.9013,0
b2,43,b2_s43,OFF,off/scene15/L0__s20260820__0002.png::boost_e,scene15,off,D2,8,D,2,0.509783,-8.6096,-4.0107,63.6728,6.6026,0
b2,43,b2_s43,OFF,off/scene15/L0__s20260820__0002.png::boost_e,scene15,off,B3a,11,B,3a,0.64525,-8.6096,-4.0107,63.6728,6.6026,0
b2,43,b2_s43,OFF,off/scene15/L0__s20260820__0002.png::boost_e,scene15,off,C3a,12,C,3a,0.608014,-8.6096,-4.0107,63.6728,6.6026,0
b2,43,b2_s43,OFF,off/scene15/L0__s20260820__0002.png::boost_e,scene15,off,B3b,16,B,3b,0.505632,-8.6096,-4.0107,63.6728,6.6026,0
b2,43,b2_s43,OFF,off/scene15/L0__s20260820__0002.png::boost_e,scene15,off,C3b,17,C,3b,0.608877,-8.6096,-4.0107,63.6728,6.6026,0
b2,43,b2_s43,OFF,off/scene15/L0__s20260820__0003.png::boost_e,scene15,off,B3a,11,B,3a,0.604206,-11.0902,-4.9586,63.1815,7.5147,0
b2,43,b2_s43,OFF,off/scene15/L0__s20260820__0003.png::boost_e,scene15,off,C3a,12,C,3a,0.588199,-11.0902,-4.9586,63.1815,7.5147,0
b2,43,b2_s43,OFF,off/scene15/L0__s20260820__0003.png::boost_e,scene15,off,D3a,13,D,3a,0.527744,-11.0902,-4.9586,63.1815,7.5147,0
b2,43,b2_s43,OFF,off/scene15/L0__s20260820__0003.png::boost_e,scene15,off,B3b,16,B,3b,0.608924,-11.0902,-4.9586,63.1815,7.5147,0
b2,43,b2_s43,OFF,off/scene15/L0__s20260820__0004.png::boost_e,scene15,off,B3a,11,B,3a,0.567801,-12.6937,-3.4861,58.1207,9.9583,0
b2,43,b2_s43,OFF,off/scene15/L0__s20260820__0004.png::boost_e,scene15,off,C3b,17,C,3b,0.529352,-12.6937,-3.4861,58.1207,9.9583,0
b2,43,b2_s43,OFF,off/scene15/L0__s20260820__0005.png::boost_e,scene15,off,C3a,12,C,3a,0.505294,-5.4058,-7.3396,62.3314,9.8366,0
b2,43,b2_s43,OFF,off/scene15/L0__s20260820__0006.png::boost_e,scene15,off,C2,7,C,2,0.563986,-5.1828,6.8137,59.5209,6.9519,0
b2,43,b2_s43,OFF,off/scene15/L0__s20260820__0006.png::boost_e,scene15,off,D2,8,D,2,0.500861,-5.1828,6.8137,59.5209,6.9519,0
b2,43,b2_s43,OFF,off/scene15/L0__s20260820__0006.png::boost_e,scene15,off,B3a,11,B,3a,0.749457,-5.1828,6.8137,59.5209,6.9519,0
b2,43,b2_s43,OFF,off/scene15/L0__s20260820__0006.png::boost_e,scene15,off,C3a,12,C,3a,0.665517,-5.1828,6.8137,59.5209,6.9519,0
b2,43,b2_s43,OFF,off/scene15/L0__s20260820__0006.png::boost_e,scene15,off,D3a,13,D,3a,0.509598,-5.1828,6.8137,59.5209,6.9519,0
b2,43,b2_s43,OFF,off/scene15/L0__s20260820__0006.png::boost_e,scene15,off,B3b,16,B,3b,0.540636,-5.1828,6.8137,59.5209,6.9519,0
b2,43,b2_s43,OFF,off/scene15/L0__s20260820__0006.png::boost_e,scene15,off,C3b,17,C,3b,0.599133,-5.1828,6.8137,59.5209,6.9519,0
b2,43,b2_s43,OFF,off/scene15/L0__s20260820__0006.png::boost_e,scene15,off,E3b,19,E,3b,0.54908,-5.1828,6.8137,59.5209,6.9519,0
b2,43,b2_s43,OFF,off/scene15/L0__s20260820__0007.png::boost_e,scene15,off,B3a,11,B,3a,0.564013,-9.4753,-12.4083,62.4936,8.3783,0
b2,43,b2_s43,OFF,off/scene15/L0__s20260820__0007.png::boost_e,scene15,off,C3a,12,C,3a,0.577107,-9.4753,-12.4083,62.4936,8.3783,0
b2,43,b2_s43,OFF,off/scene15/L4__s20260820__0000.png::boost_e,scene15,off,B3b,16,B,3b,0.724816,-13.637,-17.7914,62.7559,10.9914,0
b2,43,b2_s43,OFF,off/scene15/L4__s20260820__0001.png::boost_e,scene15,off,B3a,11,B,3a,0.607051,-6.8068,-11.8299,63.9125,9.9013,0
b2,43,b2_s43,OFF,off/scene15/L4__s20260820__0001.png::boost_e,scene15,off,C3a,12,C,3a,0.523188,-6.8068,-11.8299,63.9125,9.9013,0
b2,43,b2_s43,OFF,off/scene15/L4__s20260820__0001.png::boost_e,scene15,off,B3b,16,B,3b,0.55416,-6.8068,-11.8299,63.9125,9.9013,0
b2,43,b2_s43,OFF,off/scene15/L4__s20260820__0001.png::boost_e,scene15,off,C3b,17,C,3b,0.636615,-6.8068,-11.8299,63.9125,9.9013,0
b2,43,b2_s43,OFF,off/scene15/L4__s20260820__0002.png::boost_e,scene15,off,D2,8,D,2,0.539172,-8.6096,-4.0107,63.6728,6.6026,0
b2,43,b2_s43,OFF,off/scene15/L4__s20260820__0002.png::boost_e,scene15,off,B3a,11,B,3a,0.660834,-8.6096,-4.0107,63.6728,6.6026,0
b2,43,b2_s43,OFF,off/scene15/L4__s20260820__0002.png::boost_e,scene15,off,C3a,12,C,3a,0.586107,-8.6096,-4.0107,63.6728,6.6026,0
b2,43,b2_s43,OFF,off/scene15/L4__s20260820__0002.png::boost_e,scene15,off,B3b,16,B,3b,0.574283,-8.6096,-4.0107,63.6728,6.6026,0
b2,43,b2_s43,OFF,off/scene15/L4__s20260820__0002.png::boost_e,scene15,off,C3b,17,C,3b,0.666372,-8.6096,-4.0107,63.6728,6.6026,0
b2,43,b2_s43,OFF,off/scene15/L4__s20260820__0003.png::boost_e,scene15,off,C2,7,C,2,0.518183,-11.0902,-4.9586,63.1815,7.5147,0
b2,43,b2_s43,OFF,off/scene15/L4__s20260820__0003.png::boost_e,scene15,off,B3a,11,B,3a,0.563725,-11.0902,-4.9586,63.1815,7.5147,0
b2,43,b2_s43,OFF,off/scene15/L4__s20260820__0003.png::boost_e,scene15,off,C3a,12,C,3a,0.587269,-11.0902,-4.9586,63.1815,7.5147,0
b2,43,b2_s43,OFF,off/scene15/L4__s20260820__0003.png::boost_e,scene15,off,B3b,16,B,3b,0.746414,-11.0902,-4.9586,63.1815,7.5147,0
b2,43,b2_s43,OFF,off/scene15/L4__s20260820__0003.png::boost_e,scene15,off,C3b,17,C,3b,0.517902,-11.0902,-4.9586,63.1815,7.5147,0
b2,43,b2_s43,OFF,off/scene15/L4__s20260820__0004.png::boost_e,scene15,off,C2,7,C,2,0.534234,-12.6937,-3.4861,58.1207,9.9583,0
b2,43,b2_s43,OFF,off/scene15/L4__s20260820__0004.png::boost_e,scene15,off,D2,8,D,2,0.506896,-12.6937,-3.4861,58.1207,9.9583,0
b2,43,b2_s43,OFF,off/scene15/L4__s20260820__0004.png::boost_e,scene15,off,B3a,11,B,3a,0.626907,-12.6937,-3.4861,58.1207,9.9583,0
b2,43,b2_s43,OFF,off/scene15/L4__s20260820__0004.png::boost_e,scene15,off,C3a,12,C,3a,0.531333,-12.6937,-3.4861,58.1207,9.9583,0
b2,43,b2_s43,OFF,off/scene15/L4__s20260820__0004.png::boost_e,scene15,off,B3b,16,B,3b,0.641408,-12.6937,-3.4861,58.1207,9.9583,0
b2,43,b2_s43,OFF,off/scene15/L4__s20260820__0004.png::boost_e,scene15,off,C3b,17,C,3b,0.589878,-12.6937,-3.4861,58.1207,9.9583,0
b2,43,b2_s43,OFF,off/scene15/L4__s20260820__0005.png::boost_e,scene15,off,B3a,11,B,3a,0.504347,-5.4058,-7.3396,62.3314,9.8366,0
b2,43,b2_s43,OFF,off/scene15/L4__s20260820__0005.png::boost_e,scene15,off,B3b,16,B,3b,0.557319,-5.4058,-7.3396,62.3314,9.8366,0
b2,43,b2_s43,OFF,off/scene15/L4__s20260820__0006.png::boost_e,scene15,off,B3a,11,B,3a,0.578762,-5.1828,6.8137,59.5209,6.9519,0
b2,43,b2_s43,OFF,off/scene15/L4__s20260820__0006.png::boost_e,scene15,off,C3a,12,C,3a,0.565972,-5.1828,6.8137,59.5209,6.9519,0
b2,43,b2_s43,OFF,off/scene15/L4__s20260820__0006.png::boost_e,scene15,off,B3b,16,B,3b,0.558536,-5.1828,6.8137,59.5209,6.9519,0
b2,43,b2_s43,OFF,off/scene15/L4__s20260820__0006.png::boost_e,scene15,off,C3b,17,C,3b,0.661155,-5.1828,6.8137,59.5209,6.9519,0
b2,43,b2_s43,OFF,off/scene15/L4__s20260820__0007.png::boost_e,scene15,off,C2,7,C,2,0.532556,-9.4753,-12.4083,62.4936,8.3783,0
b2,43,b2_s43,OFF,off/scene15/L4__s20260820__0007.png::boost_e,scene15,off,D2,8,D,2,0.641556,-9.4753,-12.4083,62.4936,8.3783,0
b2,43,b2_s43,OFF,off/scene15/L4__s20260820__0007.png::boost_e,scene15,off,B3a,11,B,3a,0.697399,-9.4753,-12.4083,62.4936,8.3783,0
b2,43,b2_s43,OFF,off/scene15/L4__s20260820__0007.png::boost_e,scene15,off,C3a,12,C,3a,0.653646,-9.4753,-12.4083,62.4936,8.3783,0
b2,43,b2_s43,OFF,off/scene15/L4__s20260820__0007.png::boost_e,scene15,off,D3a,13,D,3a,0.548184,-9.4753,-12.4083,62.4936,8.3783,0
b2,43,b2_s43,OFF,off/scene15/L4__s20260820__0007.png::boost_e,scene15,off,B3b,16,B,3b,0.682042,-9.4753,-12.4083,62.4936,8.3783,0
b2,43,b2_s43,OFF,off/scene15/L4__s20260820__0007.png::boost_e,scene15,off,C3b,17,C,3b,0.675458,-9.4753,-12.4083,62.4936,8.3783,0
b2,43,b2_s43,OFF,off/scene15/L7__s20260820__0000.png::boost_e,scene15,off,B3a,11,B,3a,0.511781,-13.637,-17.7914,62.7559,10.9914,0
b2,43,b2_s43,OFF,off/scene15/L7__s20260820__0000.png::boost_e,scene15,off,B3b,16,B,3b,0.63992,-13.637,-17.7914,62.7559,10.9914,0
b2,43,b2_s43,OFF,off/scene15/L7__s20260820__0000.png::boost_e,scene15,off,C3b,17,C,3b,0.519076,-13.637,-17.7914,62.7559,10.9914,0
b2,43,b2_s43,OFF,off/scene15/L7__s20260820__0001.png::boost_e,scene15,off,B3a,11,B,3a,0.661986,-6.8068,-11.8299,63.9125,9.9013,0
b2,43,b2_s43,OFF,off/scene15/L7__s20260820__0001.png::boost_e,scene15,off,C3a,12,C,3a,0.664009,-6.8068,-11.8299,63.9125,9.9013,0
b2,43,b2_s43,OFF,off/scene15/L7__s20260820__0001.png::boost_e,scene15,off,B3b,16,B,3b,0.660625,-6.8068,-11.8299,63.9125,9.9013,0
b2,43,b2_s43,OFF,off/scene15/L7__s20260820__0001.png::boost_e,scene15,off,C3b,17,C,3b,0.673283,-6.8068,-11.8299,63.9125,9.9013,0
b2,43,b2_s43,OFF,off/scene15/L7__s20260820__0002.png::boost_e,scene15,off,B3a,11,B,3a,0.627033,-8.6096,-4.0107,63.6728,6.6026,0
b2,43,b2_s43,OFF,off/scene15/L7__s20260820__0002.png::boost_e,scene15,off,C3a,12,C,3a,0.563893,-8.6096,-4.0107,63.6728,6.6026,0
b2,43,b2_s43,OFF,off/scene15/L7__s20260820__0002.png::boost_e,scene15,off,C3b,17,C,3b,0.655104,-8.6096,-4.0107,63.6728,6.6026,0
b2,43,b2_s43,OFF,off/scene15/L7__s20260820__0003.png::boost_e,scene15,off,B3a,11,B,3a,0.631602,-11.0902,-4.9586,63.1815,7.5147,0
b2,43,b2_s43,OFF,off/scene15/L7__s20260820__0003.png::boost_e,scene15,off,C3a,12,C,3a,0.601372,-11.0902,-4.9586,63.1815,7.5147,0
b2,43,b2_s43,OFF,off/scene15/L7__s20260820__0003.png::boost_e,scene15,off,B3b,16,B,3b,0.724743,-11.0902,-4.9586,63.1815,7.5147,0
b2,43,b2_s43,OFF,off/scene15/L7__s20260820__0003.png::boost_e,scene15,off,C3b,17,C,3b,0.551272,-11.0902,-4.9586,63.1815,7.5147,0
b2,43,b2_s43,OFF,off/scene15/L7__s20260820__0004.png::boost_e,scene15,off,B3a,11,B,3a,0.582376,-12.6937,-3.4861,58.1207,9.9583,0
b2,43,b2_s43,OFF,off/scene15/L7__s20260820__0004.png::boost_e,scene15,off,B3b,16,B,3b,0.55155,-12.6937,-3.4861,58.1207,9.9583,0
b2,43,b2_s43,OFF,off/scene15/L7__s20260820__0004.png::boost_e,scene15,off,C3b,17,C,3b,0.571689,-12.6937,-3.4861,58.1207,9.9583,0
b2,43,b2_s43,OFF,off/scene15/L7__s20260820__0005.png::boost_e,scene15,off,B3b,16,B,3b,0.545636,-5.4058,-7.3396,62.3314,9.8366,0
b2,43,b2_s43,OFF,off/scene15/L7__s20260820__0006.png::boost_e,scene15,off,D2,8,D,2,0.512033,-5.1828,6.8137,59.5209,6.9519,0
b2,43,b2_s43,OFF,off/scene15/L7__s20260820__0006.png::boost_e,scene15,off,B3a,11,B,3a,0.658413,-5.1828,6.8137,59.5209,6.9519,0
b2,43,b2_s43,OFF,off/scene15/L7__s20260820__0006.png::boost_e,scene15,off,C3a,12,C,3a,0.597323,-5.1828,6.8137,59.5209,6.9519,0
b2,43,b2_s43,OFF,off/scene15/L7__s20260820__0006.png::boost_e,scene15,off,B3b,16,B,3b,0.558853,-5.1828,6.8137,59.5209,6.9519,0
b2,43,b2_s43,OFF,off/scene15/L7__s20260820__0006.png::boost_e,scene15,off,C3b,17,C,3b,0.672376,-5.1828,6.8137,59.5209,6.9519,0
b2,43,b2_s43,OFF,off/scene15/L7__s20260820__0007.png::boost_e,scene15,off,B3a,11,B,3a,0.508793,-9.4753,-12.4083,62.4936,8.3783,0
b2,43,b2_s43,OFF,off/scene15/L7__s20260820__0007.png::boost_e,scene15,off,C3a,12,C,3a,0.548338,-9.4753,-12.4083,62.4936,8.3783,0
b2,43,b2_s43,OFF,off/scene15/L7__s20260820__0007.png::boost_e,scene15,off,B3b,16,B,3b,0.563267,-9.4753,-12.4083,62.4936,8.3783,0
b2,43,b2_s43,OFF,off/scene15/L7__s20260820__0007.png::boost_e,scene15,off,C3b,17,C,3b,0.540831,-9.4753,-12.4083,62.4936,8.3783,0
b2,43,b2_s43,OFF,off/scene05/L0__s20260821__0000.png::boost_e2,scene05,off,B3b,16,B,3b,0.537151,-9.2269,3.34,61.3567,7.9689,0
b2,43,b2_s43,OFF,off/scene05/L0__s20260821__0001.png::boost_e2,scene05,off,B3b,16,B,3b,0.527194,-11.2173,-11.6748,62.7749,7.0431,0
b2,43,b2_s43,OFF,off/scene05/L0__s20260821__0003.png::boost_e2,scene05,off,B3b,16,B,3b,0.590041,-13.9288,9.5381,64.0128,8.7159,0
b2,43,b2_s43,OFF,off/scene05/L5__s20260821__0000.png::boost_e2,scene05,off,B3b,16,B,3b,0.566843,-9.2269,3.34,61.3567,7.9689,0
b2,43,b2_s43,OFF,off/scene05/L5__s20260821__0000.png::boost_e2,scene05,off,C3b,17,C,3b,0.580546,-9.2269,3.34,61.3567,7.9689,0
b2,43,b2_s43,OFF,off/scene05/L7__s20260821__0001.png::boost_e2,scene05,off,B3b,16,B,3b,0.536496,-11.2173,-11.6748,62.7749,7.0431,0
b2,43,b2_s43,OFF,off/scene07/L0__s20260821__0000.png::boost_e2,scene07,off,B3b,16,B,3b,0.506663,-9.0864,4.975,60.5839,4.6498,0
b2,43,b2_s43,OFF,off/scene07/L0__s20260821__0001.png::boost_e2,scene07,off,B3b,16,B,3b,0.619495,-8.6491,14.3681,62.653,6.526,0
b2,43,b2_s43,OFF,off/scene07/L0__s20260821__0005.png::boost_e2,scene07,off,B3b,16,B,3b,0.574694,-5.0214,-1.8091,62.1167,8.8712,0
b2,43,b2_s43,OFF,off/scene07/L0__s20260821__0005.png::boost_e2,scene07,off,C3b,17,C,3b,0.581885,-5.0214,-1.8091,62.1167,8.8712,0
b2,43,b2_s43,OFF,off/scene07/L0__s20260821__0007.png::boost_e2,scene07,off,C3b,17,C,3b,0.581078,-12.7675,1.6425,64.5249,4.4163,0
b2,43,b2_s43,OFF,off/scene07/L5__s20260821__0000.png::boost_e2,scene07,off,B3b,16,B,3b,0.657935,-9.0864,4.975,60.5839,4.6498,0
b2,43,b2_s43,OFF,off/scene07/L5__s20260821__0000.png::boost_e2,scene07,off,C3b,17,C,3b,0.727666,-9.0864,4.975,60.5839,4.6498,0
b2,43,b2_s43,OFF,off/scene07/L5__s20260821__0002.png::boost_e2,scene07,off,B3b,16,B,3b,0.548248,-11.7553,7.174,61.7523,8.5736,0
b2,43,b2_s43,OFF,off/scene07/L5__s20260821__0005.png::boost_e2,scene07,off,B3b,16,B,3b,0.726514,-5.0214,-1.8091,62.1167,8.8712,0
b2,43,b2_s43,OFF,off/scene07/L5__s20260821__0005.png::boost_e2,scene07,off,C3b,17,C,3b,0.745415,-5.0214,-1.8091,62.1167,8.8712,0
b2,43,b2_s43,OFF,off/scene18/L0__s20260821__0001.png::boost_e2,scene18,off,B3b,16,B,3b,0.546517,-11.4302,-0.5328,63.721,4.691,0
b2,43,b2_s43,OFF,off/scene18/L0__s20260821__0002.png::boost_e2,scene18,off,B3a,11,B,3a,0.647749,-8.9683,14.9838,61.9861,5.8493,0
b2,43,b2_s43,OFF,off/scene18/L0__s20260821__0002.png::boost_e2,scene18,off,C3a,12,C,3a,0.831856,-8.9683,14.9838,61.9861,5.8493,0
b2,43,b2_s43,OFF,off/scene18/L0__s20260821__0002.png::boost_e2,scene18,off,D3a,13,D,3a,0.651868,-8.9683,14.9838,61.9861,5.8493,0
b2,43,b2_s43,OFF,off/scene18/L0__s20260821__0002.png::boost_e2,scene18,off,A3b,15,A,3b,0.667694,-8.9683,14.9838,61.9861,5.8493,0
b2,43,b2_s43,OFF,off/scene18/L0__s20260821__0002.png::boost_e2,scene18,off,B3b,16,B,3b,0.632685,-8.9683,14.9838,61.9861,5.8493,0
b2,43,b2_s43,OFF,off/scene18/L0__s20260821__0002.png::boost_e2,scene18,off,D3b,18,D,3b,0.566344,-8.9683,14.9838,61.9861,5.8493,0
b2,43,b2_s43,OFF,off/scene18/L0__s20260821__0002.png::boost_e2,scene18,off,E3b,19,E,3b,0.572605,-8.9683,14.9838,61.9861,5.8493,0
b2,43,b2_s43,OFF,off/scene18/L0__s20260821__0003.png::boost_e2,scene18,off,C3a,12,C,3a,0.646722,-11.9451,-8.9088,61.9543,8.2439,0
b2,43,b2_s43,OFF,off/scene18/L0__s20260821__0003.png::boost_e2,scene18,off,A3b,15,A,3b,0.714225,-11.9451,-8.9088,61.9543,8.2439,0
b2,43,b2_s43,OFF,off/scene18/L0__s20260821__0003.png::boost_e2,scene18,off,B3b,16,B,3b,0.82162,-11.9451,-8.9088,61.9543,8.2439,0
b2,43,b2_s43,OFF,off/scene18/L0__s20260821__0003.png::boost_e2,scene18,off,C3b,17,C,3b,0.507433,-11.9451,-8.9088,61.9543,8.2439,0
b2,43,b2_s43,OFF,off/scene18/L0__s20260821__0003.png::boost_e2,scene18,off,D3b,18,D,3b,0.602492,-11.9451,-8.9088,61.9543,8.2439,0
b2,43,b2_s43,OFF,off/scene18/L0__s20260821__0003.png::boost_e2,scene18,off,E3b,19,E,3b,0.511736,-11.9451,-8.9088,61.9543,8.2439,0
b2,43,b2_s43,OFF,off/scene18/L0__s20260821__0004.png::boost_e2,scene18,off,B3a,11,B,3a,0.558754,-5.9762,12.1226,62.7369,6.2891,0
b2,43,b2_s43,OFF,off/scene18/L0__s20260821__0004.png::boost_e2,scene18,off,C3a,12,C,3a,0.584371,-5.9762,12.1226,62.7369,6.2891,0
b2,43,b2_s43,OFF,off/scene18/L0__s20260821__0004.png::boost_e2,scene18,off,D3a,13,D,3a,0.506061,-5.9762,12.1226,62.7369,6.2891,0
b2,43,b2_s43,OFF,off/scene18/L0__s20260821__0004.png::boost_e2,scene18,off,B3b,16,B,3b,0.64884,-5.9762,12.1226,62.7369,6.2891,0
b2,43,b2_s43,OFF,off/scene18/L7__s20260821__0002.png::boost_e2,scene18,off,B3a,11,B,3a,0.649634,-8.9683,14.9838,61.9861,5.8493,0
b2,43,b2_s43,OFF,off/scene18/L7__s20260821__0002.png::boost_e2,scene18,off,C3a,12,C,3a,0.815931,-8.9683,14.9838,61.9861,5.8493,0
b2,43,b2_s43,OFF,off/scene18/L7__s20260821__0002.png::boost_e2,scene18,off,D3a,13,D,3a,0.613813,-8.9683,14.9838,61.9861,5.8493,0
b2,43,b2_s43,OFF,off/scene18/L7__s20260821__0002.png::boost_e2,scene18,off,A3b,15,A,3b,0.503073,-8.9683,14.9838,61.9861,5.8493,0
b2,43,b2_s43,OFF,off/scene18/L7__s20260821__0002.png::boost_e2,scene18,off,B3b,16,B,3b,0.56784,-8.9683,14.9838,61.9861,5.8493,0
b2,43,b2_s43,OFF,off/scene18/L7__s20260821__0003.png::boost_e2,scene18,off,B3b,16,B,3b,0.705203,-11.9451,-8.9088,61.9543,8.2439,0
b2,43,b2_s43,OFF,off/scene18/L7__s20260821__0003.png::boost_e2,scene18,off,D3b,18,D,3b,0.522098,-11.9451,-8.9088,61.9543,8.2439,0
b2,43,b2_s43,OFF,off/scene18/L7__s20260821__0004.png::boost_e2,scene18,off,B3b,16,B,3b,0.506603,-5.9762,12.1226,62.7369,6.2891,0
b2,43,b2_s43,ON_NEG,on/scene05/L0__s20260819__0001.png,scene05,V,C3a,12,C,3a,0.542258,-15.173,12.161,60.0807,9.829,0
b2,43,b2_s43,ON_NEG,on/scene05/L0__s20260819__0001.png,scene05,V,A3b,15,A,3b,0.669374,-15.173,12.161,60.0807,9.829,0
b2,43,b2_s43,ON_NEG,on/scene05/L5__s20260819__0001.png,scene05,V,C3a,12,C,3a,0.677178,-15.173,12.161,60.0807,9.829,0
b2,43,b2_s43,ON_NEG,on/scene05/L5__s20260819__0001.png,scene05,V,D3a,13,D,3a,0.52515,-15.173,12.161,60.0807,9.829,0
b2,43,b2_s43,ON_NEG,on/scene05/L5__s20260819__0001.png,scene05,V,A3b,15,A,3b,0.831202,-15.173,12.161,60.0807,9.829,0
b2,43,b2_s43,ON_NEG,on/scene05/L7__s20260819__0001.png,scene05,V,C3a,12,C,3a,0.534008,-15.173,12.161,60.0807,9.829,0
b2,43,b2_s43,ON_NEG,on/scene05/L7__s20260819__0001.png,scene05,V,A3b,15,A,3b,0.754245,-15.173,12.161,60.0807,9.829,0
b2,43,b2_s43,ON_NEG,on/scene07/L0__s20260819__0000.png,scene07,V,E3a,14,E,3a,0.645421,-11.6469,5.5321,61.8564,4.6128,0
b2,43,b2_s43,ON_NEG,on/scene07/L0__s20260819__0001.png,scene07,none_in_fov,D2,8,D,2,0.508382,-12.4971,7.4345,61.4783,11.6559,0
b2,43,b2_s43,ON_NEG,on/scene07/L0__s20260819__0001.png,scene07,none_in_fov,B3a,11,B,3a,0.762479,-12.4971,7.4345,61.4783,11.6559,0
b2,43,b2_s43,ON_NEG,on/scene07/L0__s20260819__0001.png,scene07,none_in_fov,C3a,12,C,3a,0.815616,-12.4971,7.4345,61.4783,11.6559,0
b2,43,b2_s43,ON_NEG,on/scene07/L0__s20260819__0001.png,scene07,none_in_fov,D3a,13,D,3a,0.736512,-12.4971,7.4345,61.4783,11.6559,0
b2,43,b2_s43,ON_NEG,on/scene07/L0__s20260819__0001.png,scene07,none_in_fov,A3b,15,A,3b,0.746833,-12.4971,7.4345,61.4783,11.6559,0
b2,43,b2_s43,ON_NEG,on/scene07/L0__s20260819__0001.png,scene07,none_in_fov,B3b,16,B,3b,0.92163,-12.4971,7.4345,61.4783,11.6559,0
b2,43,b2_s43,ON_NEG,on/scene07/L0__s20260819__0001.png,scene07,none_in_fov,C3b,17,C,3b,0.894576,-12.4971,7.4345,61.4783,11.6559,0
b2,43,b2_s43,ON_NEG,on/scene07/L0__s20260819__0001.png,scene07,none_in_fov,D3b,18,D,3b,0.722274,-12.4971,7.4345,61.4783,11.6559,0
b2,43,b2_s43,ON_NEG,on/scene07/L0__s20260819__0001.png,scene07,none_in_fov,E3b,19,E,3b,0.688584,-12.4971,7.4345,61.4783,11.6559,0
b2,43,b2_s43,ON_NEG,on/scene07/L0__s20260819__0002.png,scene07,V,B3a,11,B,3a,0.742195,-7.922,-1.0116,61.5513,7.0947,0
b2,43,b2_s43,ON_NEG,on/scene07/L0__s20260819__0002.png,scene07,V,C3a,12,C,3a,0.789186,-7.922,-1.0116,61.5513,7.0947,0
b2,43,b2_s43,ON_NEG,on/scene07/L0__s20260819__0002.png,scene07,V,D3a,13,D,3a,0.818922,-7.922,-1.0116,61.5513,7.0947,0
b2,43,b2_s43,ON_NEG,on/scene07/L0__s20260819__0002.png,scene07,V,E3a,14,E,3a,0.62631,-7.922,-1.0116,61.5513,7.0947,0
b2,43,b2_s43,ON_NEG,on/scene07/L0__s20260819__0003.png,scene07,V,E3a,14,E,3a,0.594306,-9.8928,4.8712,61.7741,2.4361,0
b2,43,b2_s43,ON_NEG,on/scene07/L0__s20260819__0003.png,scene07,V,D3b,18,D,3b,0.851505,-9.8928,4.8712,61.7741,2.4361,0
b2,43,b2_s43,ON_NEG,on/scene07/L0__s20260819__0003.png,scene07,V,E3b,19,E,3b,0.770984,-9.8928,4.8712,61.7741,2.4361,0
b2,43,b2_s43,ON_NEG,on/scene07/L0__s20260819__0004.png,scene07,V,B2,6,B,2,0.615987,-12.8155,-12.0811,63.2809,3.8019,0
b2,43,b2_s43,ON_NEG,on/scene07/L0__s20260819__0004.png,scene07,V,C2,7,C,2,0.568996,-12.8155,-12.0811,63.2809,3.8019,0
b2,43,b2_s43,ON_NEG,on/scene07/L0__s20260819__0004.png,scene07,V,D2,8,D,2,0.549806,-12.8155,-12.0811,63.2809,3.8019,0
b2,43,b2_s43,ON_NEG,on/scene07/L0__s20260819__0004.png,scene07,V,C3a,12,C,3a,0.845504,-12.8155,-12.0811,63.2809,3.8019,0
b2,43,b2_s43,ON_NEG,on/scene07/L0__s20260819__0004.png,scene07,V,D3a,13,D,3a,0.790017,-12.8155,-12.0811,63.2809,3.8019,0
b2,43,b2_s43,ON_NEG,on/scene07/L0__s20260819__0004.png,scene07,V,E3a,14,E,3a,0.63833,-12.8155,-12.0811,63.2809,3.8019,0
b2,43,b2_s43,ON_NEG,on/scene07/L0__s20260819__0004.png,scene07,V,C3b,17,C,3b,0.927096,-12.8155,-12.0811,63.2809,3.8019,0
b2,43,b2_s43,ON_NEG,on/scene07/L0__s20260819__0005.png,scene07,V,E2,9,E,2,0.556453,-9.3221,15.6943,62.9084,4.5788,0
b2,43,b2_s43,ON_NEG,on/scene07/L0__s20260819__0005.png,scene07,V,A3b,15,A,3b,0.771901,-9.3221,15.6943,62.9084,4.5788,0
b2,43,b2_s43,ON_NEG,on/scene07/L0__s20260819__0005.png,scene07,V,E3b,19,E,3b,0.739632,-9.3221,15.6943,62.9084,4.5788,0
b2,43,b2_s43,ON_NEG,on/scene07/L0__s20260819__0006.png,scene07,V,D3a,13,D,3a,0.719231,-3.7993,3.5452,60.5677,1.5559,0
b2,43,b2_s43,ON_NEG,on/scene07/L0__s20260819__0006.png,scene07,V,D3b,18,D,3b,0.642967,-3.7993,3.5452,60.5677,1.5559,0
b2,43,b2_s43,ON_NEG,on/scene07/L0__s20260819__0006.png,scene07,V,E3b,19,E,3b,0.504845,-3.7993,3.5452,60.5677,1.5559,0
b2,43,b2_s43,ON_NEG,on/scene07/L0__s20260819__0007.png,scene07,V,D3a,13,D,3a,0.780218,-9.7299,-3.7756,59.9335,3.9995,0
b2,43,b2_s43,ON_NEG,on/scene07/L0__s20260819__0007.png,scene07,V,E3a,14,E,3a,0.609532,-9.7299,-3.7756,59.9335,3.9995,0
b2,43,b2_s43,ON_NEG,on/scene07/L0__s20260819__0007.png,scene07,V,C3b,17,C,3b,0.892492,-9.7299,-3.7756,59.9335,3.9995,0
b2,43,b2_s43,ON_NEG,on/scene07/L5__s20260819__0000.png,scene07,V,E3a,14,E,3a,0.628892,-11.6469,5.5321,61.8564,4.6128,0
b2,43,b2_s43,ON_NEG,on/scene07/L5__s20260819__0001.png,scene07,none_in_fov,B3a,11,B,3a,0.596548,-12.4971,7.4345,61.4783,11.6559,0
b2,43,b2_s43,ON_NEG,on/scene07/L5__s20260819__0001.png,scene07,none_in_fov,C3a,12,C,3a,0.803033,-12.4971,7.4345,61.4783,11.6559,0
b2,43,b2_s43,ON_NEG,on/scene07/L5__s20260819__0001.png,scene07,none_in_fov,D3a,13,D,3a,0.63719,-12.4971,7.4345,61.4783,11.6559,0
b2,43,b2_s43,ON_NEG,on/scene07/L5__s20260819__0001.png,scene07,none_in_fov,A3b,15,A,3b,0.816761,-12.4971,7.4345,61.4783,11.6559,0
b2,43,b2_s43,ON_NEG,on/scene07/L5__s20260819__0001.png,scene07,none_in_fov,B3b,16,B,3b,0.937608,-12.4971,7.4345,61.4783,11.6559,0
b2,43,b2_s43,ON_NEG,on/scene07/L5__s20260819__0001.png,scene07,none_in_fov,C3b,17,C,3b,0.871967,-12.4971,7.4345,61.4783,11.6559,0
b2,43,b2_s43,ON_NEG,on/scene07/L5__s20260819__0001.png,scene07,none_in_fov,D3b,18,D,3b,0.721836,-12.4971,7.4345,61.4783,11.6559,0
b2,43,b2_s43,ON_NEG,on/scene07/L5__s20260819__0001.png,scene07,none_in_fov,E3b,19,E,3b,0.811445,-12.4971,7.4345,61.4783,11.6559,0
b2,43,b2_s43,ON_NEG,on/scene07/L5__s20260819__0002.png,scene07,V,B3a,11,B,3a,0.563388,-7.922,-1.0116,61.5513,7.0947,0
b2,43,b2_s43,ON_NEG,on/scene07/L5__s20260819__0002.png,scene07,V,C3a,12,C,3a,0.548108,-7.922,-1.0116,61.5513,7.0947,0
b2,43,b2_s43,ON_NEG,on/scene07/L5__s20260819__0002.png,scene07,V,D3a,13,D,3a,0.659502,-7.922,-1.0116,61.5513,7.0947,0
b2,43,b2_s43,ON_NEG,on/scene07/L5__s20260819__0002.png,scene07,V,E3a,14,E,3a,0.539993,-7.922,-1.0116,61.5513,7.0947,0
b2,43,b2_s43,ON_NEG,on/scene07/L5__s20260819__0003.png,scene07,V,E3a,14,E,3a,0.548411,-9.8928,4.8712,61.7741,2.4361,0
b2,43,b2_s43,ON_NEG,on/scene07/L5__s20260819__0003.png,scene07,V,D3b,18,D,3b,0.792854,-9.8928,4.8712,61.7741,2.4361,0
b2,43,b2_s43,ON_NEG,on/scene07/L5__s20260819__0003.png,scene07,V,E3b,19,E,3b,0.813193,-9.8928,4.8712,61.7741,2.4361,0
b2,43,b2_s43,ON_NEG,on/scene07/L5__s20260819__0004.png,scene07,V,C3a,12,C,3a,0.819697,-12.8155,-12.0811,63.2809,3.8019,0
b2,43,b2_s43,ON_NEG,on/scene07/L5__s20260819__0004.png,scene07,V,D3a,13,D,3a,0.738647,-12.8155,-12.0811,63.2809,3.8019,0
b2,43,b2_s43,ON_NEG,on/scene07/L5__s20260819__0004.png,scene07,V,E3a,14,E,3a,0.61552,-12.8155,-12.0811,63.2809,3.8019,0
b2,43,b2_s43,ON_NEG,on/scene07/L5__s20260819__0004.png,scene07,V,C3b,17,C,3b,0.964101,-12.8155,-12.0811,63.2809,3.8019,0
b2,43,b2_s43,ON_NEG,on/scene07/L5__s20260819__0005.png,scene07,V,A3b,15,A,3b,0.796412,-9.3221,15.6943,62.9084,4.5788,0
b2,43,b2_s43,ON_NEG,on/scene07/L5__s20260819__0005.png,scene07,V,E3b,19,E,3b,0.738745,-9.3221,15.6943,62.9084,4.5788,0
b2,43,b2_s43,ON_NEG,on/scene07/L5__s20260819__0006.png,scene07,V,D3a,13,D,3a,0.522939,-3.7993,3.5452,60.5677,1.5559,0
b2,43,b2_s43,ON_NEG,on/scene07/L5__s20260819__0006.png,scene07,V,D3b,18,D,3b,0.711091,-3.7993,3.5452,60.5677,1.5559,0
b2,43,b2_s43,ON_NEG,on/scene07/L5__s20260819__0006.png,scene07,V,E3b,19,E,3b,0.567276,-3.7993,3.5452,60.5677,1.5559,0
b2,43,b2_s43,ON_NEG,on/scene07/L5__s20260819__0007.png,scene07,V,D3a,13,D,3a,0.691137,-9.7299,-3.7756,59.9335,3.9995,0
b2,43,b2_s43,ON_NEG,on/scene07/L5__s20260819__0007.png,scene07,V,E3a,14,E,3a,0.528301,-9.7299,-3.7756,59.9335,3.9995,0
b2,43,b2_s43,ON_NEG,on/scene07/L5__s20260819__0007.png,scene07,V,C3b,17,C,3b,0.945821,-9.7299,-3.7756,59.9335,3.9995,0
b2,43,b2_s43,ON_NEG,on/scene07/L7__s20260819__0000.png,scene07,V,E3a,14,E,3a,0.566016,-11.6469,5.5321,61.8564,4.6128,0
b2,43,b2_s43,ON_NEG,on/scene07/L7__s20260819__0001.png,scene07,none_in_fov,B2,6,B,2,0.51524,-12.4971,7.4345,61.4783,11.6559,0
b2,43,b2_s43,ON_NEG,on/scene07/L7__s20260819__0001.png,scene07,none_in_fov,E2,9,E,2,0.542382,-12.4971,7.4345,61.4783,11.6559,0
b2,43,b2_s43,ON_NEG,on/scene07/L7__s20260819__0001.png,scene07,none_in_fov,B3a,11,B,3a,0.699549,-12.4971,7.4345,61.4783,11.6559,0
b2,43,b2_s43,ON_NEG,on/scene07/L7__s20260819__0001.png,scene07,none_in_fov,C3a,12,C,3a,0.834938,-12.4971,7.4345,61.4783,11.6559,0
b2,43,b2_s43,ON_NEG,on/scene07/L7__s20260819__0001.png,scene07,none_in_fov,D3a,13,D,3a,0.693473,-12.4971,7.4345,61.4783,11.6559,0
b2,43,b2_s43,ON_NEG,on/scene07/L7__s20260819__0001.png,scene07,none_in_fov,A3b,15,A,3b,0.762324,-12.4971,7.4345,61.4783,11.6559,0
b2,43,b2_s43,ON_NEG,on/scene07/L7__s20260819__0001.png,scene07,none_in_fov,B3b,16,B,3b,0.934574,-12.4971,7.4345,61.4783,11.6559,0
b2,43,b2_s43,ON_NEG,on/scene07/L7__s20260819__0001.png,scene07,none_in_fov,C3b,17,C,3b,0.911007,-12.4971,7.4345,61.4783,11.6559,0
b2,43,b2_s43,ON_NEG,on/scene07/L7__s20260819__0001.png,scene07,none_in_fov,D3b,18,D,3b,0.645407,-12.4971,7.4345,61.4783,11.6559,0
b2,43,b2_s43,ON_NEG,on/scene07/L7__s20260819__0001.png,scene07,none_in_fov,E3b,19,E,3b,0.694611,-12.4971,7.4345,61.4783,11.6559,0
b2,43,b2_s43,ON_NEG,on/scene07/L7__s20260819__0002.png,scene07,V,C3a,12,C,3a,0.620189,-7.922,-1.0116,61.5513,7.0947,0
b2,43,b2_s43,ON_NEG,on/scene07/L7__s20260819__0002.png,scene07,V,D3a,13,D,3a,0.706964,-7.922,-1.0116,61.5513,7.0947,0
b2,43,b2_s43,ON_NEG,on/scene07/L7__s20260819__0002.png,scene07,V,E3a,14,E,3a,0.515726,-7.922,-1.0116,61.5513,7.0947,0
b2,43,b2_s43,ON_NEG,on/scene07/L7__s20260819__0003.png,scene07,V,E3a,14,E,3a,0.636503,-9.8928,4.8712,61.7741,2.4361,0
b2,43,b2_s43,ON_NEG,on/scene07/L7__s20260819__0003.png,scene07,V,D3b,18,D,3b,0.869064,-9.8928,4.8712,61.7741,2.4361,0
b2,43,b2_s43,ON_NEG,on/scene07/L7__s20260819__0003.png,scene07,V,E3b,19,E,3b,0.813209,-9.8928,4.8712,61.7741,2.4361,0
b2,43,b2_s43,ON_NEG,on/scene07/L7__s20260819__0004.png,scene07,V,B2,6,B,2,0.538878,-12.8155,-12.0811,63.2809,3.8019,0
b2,43,b2_s43,ON_NEG,on/scene07/L7__s20260819__0004.png,scene07,V,C3a,12,C,3a,0.828345,-12.8155,-12.0811,63.2809,3.8019,0
b2,43,b2_s43,ON_NEG,on/scene07/L7__s20260819__0004.png,scene07,V,D3a,13,D,3a,0.755325,-12.8155,-12.0811,63.2809,3.8019,0
b2,43,b2_s43,ON_NEG,on/scene07/L7__s20260819__0004.png,scene07,V,E3a,14,E,3a,0.571361,-12.8155,-12.0811,63.2809,3.8019,0
b2,43,b2_s43,ON_NEG,on/scene07/L7__s20260819__0004.png,scene07,V,C3b,17,C,3b,0.941776,-12.8155,-12.0811,63.2809,3.8019,0
b2,43,b2_s43,ON_NEG,on/scene07/L7__s20260819__0005.png,scene07,V,E2,9,E,2,0.588895,-9.3221,15.6943,62.9084,4.5788,0
b2,43,b2_s43,ON_NEG,on/scene07/L7__s20260819__0005.png,scene07,V,A3b,15,A,3b,0.814398,-9.3221,15.6943,62.9084,4.5788,0
b2,43,b2_s43,ON_NEG,on/scene07/L7__s20260819__0005.png,scene07,V,E3b,19,E,3b,0.697219,-9.3221,15.6943,62.9084,4.5788,0
b2,43,b2_s43,ON_NEG,on/scene07/L7__s20260819__0006.png,scene07,V,D3a,13,D,3a,0.595271,-3.7993,3.5452,60.5677,1.5559,0
b2,43,b2_s43,ON_NEG,on/scene07/L7__s20260819__0006.png,scene07,V,D3b,18,D,3b,0.642198,-3.7993,3.5452,60.5677,1.5559,0
b2,43,b2_s43,ON_NEG,on/scene07/L7__s20260819__0007.png,scene07,V,D3a,13,D,3a,0.706319,-9.7299,-3.7756,59.9335,3.9995,0
b2,43,b2_s43,ON_NEG,on/scene07/L7__s20260819__0007.png,scene07,V,E3a,14,E,3a,0.591207,-9.7299,-3.7756,59.9335,3.9995,0
b2,43,b2_s43,ON_NEG,on/scene07/L7__s20260819__0007.png,scene07,V,C3b,17,C,3b,0.916427,-9.7299,-3.7756,59.9335,3.9995,0
b2,43,b2_s43,ON_NEG,on/scene14/L0__s20260819__0005.png,scene14,V,E2,9,E,2,0.571068,-11.6875,3.1562,60.5808,4.4487,0
b2,43,b2_s43,ON_NEG,on/scene14/L5__s20260819__0000.png,scene14,H,E2,9,E,2,0.508333,-9.8586,1.429,61.6578,4.7439,0
b2,43,b2_s43,ON_NEG,on/scene14/L5__s20260819__0003.png,scene14,H,E2,9,E,2,0.539489,-3.2277,7.0829,62.9059,4.594,0
b2,43,b2_s43,ON_NEG,on/scene14/L5__s20260819__0005.png,scene14,V,A2,5,A,2,0.531781,-11.6875,3.1562,60.5808,4.4487,0
b2,43,b2_s43,ON_NEG,on/scene14/L5__s20260819__0005.png,scene14,V,C2,7,C,2,0.5186,-11.6875,3.1562,60.5808,4.4487,0
b2,43,b2_s43,ON_NEG,on/scene14/L5__s20260819__0005.png,scene14,V,D2,8,D,2,0.561091,-11.6875,3.1562,60.5808,4.4487,0
b2,43,b2_s43,ON_NEG,on/scene14/L5__s20260819__0005.png,scene14,V,E2,9,E,2,0.750052,-11.6875,3.1562,60.5808,4.4487,0
b2,43,b2_s43,ON_NEG,on/scene14/L7__s20260819__0005.png,scene14,V,A2,5,A,2,0.511022,-11.6875,3.1562,60.5808,4.4487,0
b2,43,b2_s43,ON_NEG,on/scene14/L7__s20260819__0005.png,scene14,V,D2,8,D,2,0.526454,-11.6875,3.1562,60.5808,4.4487,0
b2,43,b2_s43,ON_NEG,on/scene14/L7__s20260819__0005.png,scene14,V,E2,9,E,2,0.695217,-11.6875,3.1562,60.5808,4.4487,0
b2,43,b2_s43,ON_NEG,on/scene14/L7__s20260819__0006.png,scene14,H,E2,9,E,2,0.507296,-10.0252,-0.1653,61.7917,6.5633,0
b2,43,b2_s43,ON_NEG,on/scene15/L0__s20260819__0000.png,scene15,H,C2,7,C,2,0.519854,-6.6317,-4.2143,61.8616,9.9031,0
b2,43,b2_s43,ON_NEG,on/scene15/L0__s20260819__0000.png,scene15,H,B3a,11,B,3a,0.652839,-6.6317,-4.2143,61.8616,9.9031,0
b2,43,b2_s43,ON_NEG,on/scene15/L0__s20260819__0000.png,scene15,H,C3a,12,C,3a,0.514028,-6.6317,-4.2143,61.8616,9.9031,0
b2,43,b2_s43,ON_NEG,on/scene15/L0__s20260819__0000.png,scene15,H,B3b,16,B,3b,0.508774,-6.6317,-4.2143,61.8616,9.9031,0
b2,43,b2_s43,ON_NEG,on/scene15/L0__s20260819__0001.png,scene15,V,D2,8,D,2,0.566146,-7.5218,-9.2458,61.8359,1.858,0
b2,43,b2_s43,ON_NEG,on/scene15/L0__s20260819__0001.png,scene15,V,A3a,10,A,3a,0.563055,-7.5218,-9.2458,61.8359,1.858,0
b2,43,b2_s43,ON_NEG,on/scene15/L0__s20260819__0001.png,scene15,V,D3a,13,D,3a,0.601376,-7.5218,-9.2458,61.8359,1.858,0
b2,43,b2_s43,ON_NEG,on/scene15/L0__s20260819__0001.png,scene15,V,E3a,14,E,3a,0.620795,-7.5218,-9.2458,61.8359,1.858,0
b2,43,b2_s43,ON_NEG,on/scene15/L0__s20260819__0001.png,scene15,V,A3b,15,A,3b,0.719376,-7.5218,-9.2458,61.8359,1.858,0
b2,43,b2_s43,ON_NEG,on/scene15/L0__s20260819__0001.png,scene15,V,D3b,18,D,3b,0.576727,-7.5218,-9.2458,61.8359,1.858,0
b2,43,b2_s43,ON_NEG,on/scene15/L0__s20260819__0001.png,scene15,V,E3b,19,E,3b,0.585624,-7.5218,-9.2458,61.8359,1.858,0
b2,43,b2_s43,ON_NEG,on/scene15/L0__s20260819__0002.png,scene15,V,C2,7,C,2,0.548388,-8.4908,3.1991,65.8023,4.6673,0
b2,43,b2_s43,ON_NEG,on/scene15/L0__s20260819__0002.png,scene15,V,B3a,11,B,3a,0.678376,-8.4908,3.1991,65.8023,4.6673,0
b2,43,b2_s43,ON_NEG,on/scene15/L0__s20260819__0002.png,scene15,V,B3b,16,B,3b,0.743066,-8.4908,3.1991,65.8023,4.6673,0
b2,43,b2_s43,ON_NEG,on/scene15/L0__s20260819__0002.png,scene15,V,E3b,19,E,3b,0.528959,-8.4908,3.1991,65.8023,4.6673,0
b2,43,b2_s43,ON_NEG,on/scene15/L0__s20260819__0003.png,scene15,V,A3a,10,A,3a,0.546383,-13.9162,-3.4361,63.7846,1.3693,0
b2,43,b2_s43,ON_NEG,on/scene15/L0__s20260819__0003.png,scene15,V,D3a,13,D,3a,0.697958,-13.9162,-3.4361,63.7846,1.3693,0
b2,43,b2_s43,ON_NEG,on/scene15/L0__s20260819__0003.png,scene15,V,E3a,14,E,3a,0.834769,-13.9162,-3.4361,63.7846,1.3693,0
b2,43,b2_s43,ON_NEG,on/scene15/L0__s20260819__0003.png,scene15,V,A3b,15,A,3b,0.731552,-13.9162,-3.4361,63.7846,1.3693,0
b2,43,b2_s43,ON_NEG,on/scene15/L0__s20260819__0003.png,scene15,V,B3b,16,B,3b,0.902087,-13.9162,-3.4361,63.7846,1.3693,0
b2,43,b2_s43,ON_NEG,on/scene15/L0__s20260819__0003.png,scene15,V,D3b,18,D,3b,0.680463,-13.9162,-3.4361,63.7846,1.3693,0
b2,43,b2_s43,ON_NEG,on/scene15/L0__s20260819__0003.png,scene15,V,E3b,19,E,3b,0.767185,-13.9162,-3.4361,63.7846,1.3693,0
b2,43,b2_s43,ON_NEG,on/scene15/L0__s20260819__0004.png,scene15,V,A2,5,A,2,0.502927,-11.0394,5.5473,63.0915,5.5065,0
b2,43,b2_s43,ON_NEG,on/scene15/L0__s20260819__0004.png,scene15,V,B2,6,B,2,0.519405,-11.0394,5.5473,63.0915,5.5065,0
b2,43,b2_s43,ON_NEG,on/scene15/L0__s20260819__0004.png,scene15,V,C2,7,C,2,0.588654,-11.0394,5.5473,63.0915,5.5065,0
b2,43,b2_s43,ON_NEG,on/scene15/L0__s20260819__0004.png,scene15,V,B3a,11,B,3a,0.733272,-11.0394,5.5473,63.0915,5.5065,0
b2,43,b2_s43,ON_NEG,on/scene15/L0__s20260819__0004.png,scene15,V,B3b,16,B,3b,0.627863,-11.0394,5.5473,63.0915,5.5065,0
b2,43,b2_s43,ON_NEG,on/scene15/L0__s20260819__0005.png,scene15,V,B2,6,B,2,0.636468,-12.9205,6.4099,63.9932,3.0224,0
b2,43,b2_s43,ON_NEG,on/scene15/L0__s20260819__0005.png,scene15,V,A3a,10,A,3a,0.54052,-12.9205,6.4099,63.9932,3.0224,0
b2,43,b2_s43,ON_NEG,on/scene15/L0__s20260819__0005.png,scene15,V,B3a,11,B,3a,0.768856,-12.9205,6.4099,63.9932,3.0224,0
b2,43,b2_s43,ON_NEG,on/scene15/L0__s20260819__0005.png,scene15,V,A3b,15,A,3b,0.651466,-12.9205,6.4099,63.9932,3.0224,0
b2,43,b2_s43,ON_NEG,on/scene15/L0__s20260819__0005.png,scene15,V,B3b,16,B,3b,0.798144,-12.9205,6.4099,63.9932,3.0224,0
b2,43,b2_s43,ON_NEG,on/scene15/L0__s20260819__0005.png,scene15,V,E3b,19,E,3b,0.585826,-12.9205,6.4099,63.9932,3.0224,0
b2,43,b2_s43,ON_NEG,on/scene15/L0__s20260819__0006.png,scene15,V,C2,7,C,2,0.596291,-9.1914,-18.2162,60.3765,2.2421,0
b2,43,b2_s43,ON_NEG,on/scene15/L0__s20260819__0006.png,scene15,V,D2,8,D,2,0.508318,-9.1914,-18.2162,60.3765,2.2421,0
b2,43,b2_s43,ON_NEG,on/scene15/L0__s20260819__0006.png,scene15,V,C3a,12,C,3a,0.812134,-9.1914,-18.2162,60.3765,2.2421,0
b2,43,b2_s43,ON_NEG,on/scene15/L0__s20260819__0006.png,scene15,V,D3a,13,D,3a,0.575233,-9.1914,-18.2162,60.3765,2.2421,0
b2,43,b2_s43,ON_NEG,on/scene15/L0__s20260819__0006.png,scene15,V,C3b,17,C,3b,0.748033,-9.1914,-18.2162,60.3765,2.2421,0
b2,43,b2_s43,ON_NEG,on/scene15/L0__s20260819__0006.png,scene15,V,D3b,18,D,3b,0.519143,-9.1914,-18.2162,60.3765,2.2421,0
b2,43,b2_s43,ON_NEG,on/scene15/L0__s20260819__0007.png,scene15,V,C2,7,C,2,0.583629,-15.2404,1.5985,63.4015,5.1525,0
b2,43,b2_s43,ON_NEG,on/scene15/L0__s20260819__0007.png,scene15,V,B3a,11,B,3a,0.58519,-15.2404,1.5985,63.4015,5.1525,0
b2,43,b2_s43,ON_NEG,on/scene15/L0__s20260819__0007.png,scene15,V,B3b,16,B,3b,0.737248,-15.2404,1.5985,63.4015,5.1525,0
b2,43,b2_s43,ON_NEG,on/scene15/L4__s20260819__0000.png,scene15,H,B3a,11,B,3a,0.505872,-6.6317,-4.2143,61.8616,9.9031,0
b2,43,b2_s43,ON_NEG,on/scene15/L4__s20260819__0000.png,scene15,H,B3b,16,B,3b,0.612165,-6.6317,-4.2143,61.8616,9.9031,0
b2,43,b2_s43,ON_NEG,on/scene15/L4__s20260819__0001.png,scene15,V,A2,5,A,2,0.522312,-7.5218,-9.2458,61.8359,1.858,0
b2,43,b2_s43,ON_NEG,on/scene15/L4__s20260819__0001.png,scene15,V,D2,8,D,2,0.545334,-7.5218,-9.2458,61.8359,1.858,0
b2,43,b2_s43,ON_NEG,on/scene15/L4__s20260819__0001.png,scene15,V,A3a,10,A,3a,0.547729,-7.5218,-9.2458,61.8359,1.858,0
b2,43,b2_s43,ON_NEG,on/scene15/L4__s20260819__0001.png,scene15,V,D3a,13,D,3a,0.682674,-7.5218,-9.2458,61.8359,1.858,0
b2,43,b2_s43,ON_NEG,on/scene15/L4__s20260819__0001.png,scene15,V,E3a,14,E,3a,0.632948,-7.5218,-9.2458,61.8359,1.858,0
b2,43,b2_s43,ON_NEG,on/scene15/L4__s20260819__0001.png,scene15,V,A3b,15,A,3b,0.816718,-7.5218,-9.2458,61.8359,1.858,0
b2,43,b2_s43,ON_NEG,on/scene15/L4__s20260819__0001.png,scene15,V,D3b,18,D,3b,0.758206,-7.5218,-9.2458,61.8359,1.858,0
b2,43,b2_s43,ON_NEG,on/scene15/L4__s20260819__0001.png,scene15,V,E3b,19,E,3b,0.708122,-7.5218,-9.2458,61.8359,1.858,0
b2,43,b2_s43,ON_NEG,on/scene15/L4__s20260819__0002.png,scene15,V,C2,7,C,2,0.668597,-8.4908,3.1991,65.8023,4.6673,0
b2,43,b2_s43,ON_NEG,on/scene15/L4__s20260819__0002.png,scene15,V,D2,8,D,2,0.509265,-8.4908,3.1991,65.8023,4.6673,0
b2,43,b2_s43,ON_NEG,on/scene15/L4__s20260819__0002.png,scene15,V,B3a,11,B,3a,0.647225,-8.4908,3.1991,65.8023,4.6673,0
b2,43,b2_s43,ON_NEG,on/scene15/L4__s20260819__0002.png,scene15,V,B3b,16,B,3b,0.796665,-8.4908,3.1991,65.8023,4.6673,0
b2,43,b2_s43,ON_NEG,on/scene15/L4__s20260819__0002.png,scene15,V,E3b,19,E,3b,0.510845,-8.4908,3.1991,65.8023,4.6673,0
b2,43,b2_s43,ON_NEG,on/scene15/L4__s20260819__0003.png,scene15,V,E2,9,E,2,0.564549,-13.9162,-3.4361,63.7846,1.3693,0
b2,43,b2_s43,ON_NEG,on/scene15/L4__s20260819__0003.png,scene15,V,A3a,10,A,3a,0.641583,-13.9162,-3.4361,63.7846,1.3693,0
b2,43,b2_s43,ON_NEG,on/scene15/L4__s20260819__0003.png,scene15,V,D3a,13,D,3a,0.787028,-13.9162,-3.4361,63.7846,1.3693,0
b2,43,b2_s43,ON_NEG,on/scene15/L4__s20260819__0003.png,scene15,V,E3a,14,E,3a,0.781646,-13.9162,-3.4361,63.7846,1.3693,0
b2,43,b2_s43,ON_NEG,on/scene15/L4__s20260819__0003.png,scene15,V,A3b,15,A,3b,0.692992,-13.9162,-3.4361,63.7846,1.3693,0
b2,43,b2_s43,ON_NEG,on/scene15/L4__s20260819__0003.png,scene15,V,B3b,16,B,3b,0.887508,-13.9162,-3.4361,63.7846,1.3693,0
b2,43,b2_s43,ON_NEG,on/scene15/L4__s20260819__0003.png,scene15,V,D3b,18,D,3b,0.753126,-13.9162,-3.4361,63.7846,1.3693,0
b2,43,b2_s43,ON_NEG,on/scene15/L4__s20260819__0003.png,scene15,V,E3b,19,E,3b,0.809866,-13.9162,-3.4361,63.7846,1.3693,0
b2,43,b2_s43,ON_NEG,on/scene15/L4__s20260819__0004.png,scene15,V,A2,5,A,2,0.582667,-11.0394,5.5473,63.0915,5.5065,0
b2,43,b2_s43,ON_NEG,on/scene15/L4__s20260819__0004.png,scene15,V,B2,6,B,2,0.564312,-11.0394,5.5473,63.0915,5.5065,0
b2,43,b2_s43,ON_NEG,on/scene15/L4__s20260819__0004.png,scene15,V,C2,7,C,2,0.71211,-11.0394,5.5473,63.0915,5.5065,0
b2,43,b2_s43,ON_NEG,on/scene15/L4__s20260819__0004.png,scene15,V,D2,8,D,2,0.527655,-11.0394,5.5473,63.0915,5.5065,0
b2,43,b2_s43,ON_NEG,on/scene15/L4__s20260819__0004.png,scene15,V,B3a,11,B,3a,0.757589,-11.0394,5.5473,63.0915,5.5065,0
b2,43,b2_s43,ON_NEG,on/scene15/L4__s20260819__0004.png,scene15,V,B3b,16,B,3b,0.794064,-11.0394,5.5473,63.0915,5.5065,0
b2,43,b2_s43,ON_NEG,on/scene15/L4__s20260819__0004.png,scene15,V,E3b,19,E,3b,0.609467,-11.0394,5.5473,63.0915,5.5065,0
b2,43,b2_s43,ON_NEG,on/scene15/L4__s20260819__0005.png,scene15,V,A2,5,A,2,0.511913,-12.9205,6.4099,63.9932,3.0224,0
b2,43,b2_s43,ON_NEG,on/scene15/L4__s20260819__0005.png,scene15,V,B2,6,B,2,0.651402,-12.9205,6.4099,63.9932,3.0224,0
b2,43,b2_s43,ON_NEG,on/scene15/L4__s20260819__0005.png,scene15,V,A3a,10,A,3a,0.577045,-12.9205,6.4099,63.9932,3.0224,0
b2,43,b2_s43,ON_NEG,on/scene15/L4__s20260819__0005.png,scene15,V,B3a,11,B,3a,0.773047,-12.9205,6.4099,63.9932,3.0224,0
b2,43,b2_s43,ON_NEG,on/scene15/L4__s20260819__0005.png,scene15,V,E3a,14,E,3a,0.58653,-12.9205,6.4099,63.9932,3.0224,0
b2,43,b2_s43,ON_NEG,on/scene15/L4__s20260819__0005.png,scene15,V,A3b,15,A,3b,0.788106,-12.9205,6.4099,63.9932,3.0224,0
b2,43,b2_s43,ON_NEG,on/scene15/L4__s20260819__0005.png,scene15,V,B3b,16,B,3b,0.891324,-12.9205,6.4099,63.9932,3.0224,0
b2,43,b2_s43,ON_NEG,on/scene15/L4__s20260819__0005.png,scene15,V,E3b,19,E,3b,0.661654,-12.9205,6.4099,63.9932,3.0224,0
b2,43,b2_s43,ON_NEG,on/scene15/L4__s20260819__0006.png,scene15,V,C2,7,C,2,0.689609,-9.1914,-18.2162,60.3765,2.2421,0
b2,43,b2_s43,ON_NEG,on/scene15/L4__s20260819__0006.png,scene15,V,D2,8,D,2,0.513549,-9.1914,-18.2162,60.3765,2.2421,0
b2,43,b2_s43,ON_NEG,on/scene15/L4__s20260819__0006.png,scene15,V,C3a,12,C,3a,0.81433,-9.1914,-18.2162,60.3765,2.2421,0
b2,43,b2_s43,ON_NEG,on/scene15/L4__s20260819__0006.png,scene15,V,D3a,13,D,3a,0.648197,-9.1914,-18.2162,60.3765,2.2421,0
b2,43,b2_s43,ON_NEG,on/scene15/L4__s20260819__0006.png,scene15,V,E3a,14,E,3a,0.633089,-9.1914,-18.2162,60.3765,2.2421,0
b2,43,b2_s43,ON_NEG,on/scene15/L4__s20260819__0006.png,scene15,V,C3b,17,C,3b,0.877869,-9.1914,-18.2162,60.3765,2.2421,0
b2,43,b2_s43,ON_NEG,on/scene15/L4__s20260819__0006.png,scene15,V,D3b,18,D,3b,0.728333,-9.1914,-18.2162,60.3765,2.2421,0
b2,43,b2_s43,ON_NEG,on/scene15/L4__s20260819__0006.png,scene15,V,E3b,19,E,3b,0.633945,-9.1914,-18.2162,60.3765,2.2421,0
b2,43,b2_s43,ON_NEG,on/scene15/L4__s20260819__0007.png,scene15,V,B2,6,B,2,0.589793,-15.2404,1.5985,63.4015,5.1525,0
b2,43,b2_s43,ON_NEG,on/scene15/L4__s20260819__0007.png,scene15,V,C2,7,C,2,0.65114,-15.2404,1.5985,63.4015,5.1525,0
b2,43,b2_s43,ON_NEG,on/scene15/L4__s20260819__0007.png,scene15,V,B3a,11,B,3a,0.681793,-15.2404,1.5985,63.4015,5.1525,0
b2,43,b2_s43,ON_NEG,on/scene15/L4__s20260819__0007.png,scene15,V,D3a,13,D,3a,0.556234,-15.2404,1.5985,63.4015,5.1525,0
b2,43,b2_s43,ON_NEG,on/scene15/L4__s20260819__0007.png,scene15,V,B3b,16,B,3b,0.86188,-15.2404,1.5985,63.4015,5.1525,0
b2,43,b2_s43,ON_NEG,on/scene15/L4__s20260819__0007.png,scene15,V,E3b,19,E,3b,0.658294,-15.2404,1.5985,63.4015,5.1525,0
b2,43,b2_s43,ON_NEG,on/scene15/L7__s20260819__0000.png,scene15,H,B3a,11,B,3a,0.622825,-6.6317,-4.2143,61.8616,9.9031,0
b2,43,b2_s43,ON_NEG,on/scene15/L7__s20260819__0000.png,scene15,H,C3a,12,C,3a,0.55961,-6.6317,-4.2143,61.8616,9.9031,0
b2,43,b2_s43,ON_NEG,on/scene15/L7__s20260819__0000.png,scene15,H,B3b,16,B,3b,0.713564,-6.6317,-4.2143,61.8616,9.9031,0
b2,43,b2_s43,ON_NEG,on/scene15/L7__s20260819__0001.png,scene15,V,D2,8,D,2,0.513189,-7.5218,-9.2458,61.8359,1.858,0
b2,43,b2_s43,ON_NEG,on/scene15/L7__s20260819__0001.png,scene15,V,A3a,10,A,3a,0.523051,-7.5218,-9.2458,61.8359,1.858,0
b2,43,b2_s43,ON_NEG,on/scene15/L7__s20260819__0001.png,scene15,V,D3a,13,D,3a,0.68438,-7.5218,-9.2458,61.8359,1.858,0
b2,43,b2_s43,ON_NEG,on/scene15/L7__s20260819__0001.png,scene15,V,E3a,14,E,3a,0.632867,-7.5218,-9.2458,61.8359,1.858,0
b2,43,b2_s43,ON_NEG,on/scene15/L7__s20260819__0001.png,scene15,V,A3b,15,A,3b,0.803977,-7.5218,-9.2458,61.8359,1.858,0
b2,43,b2_s43,ON_NEG,on/scene15/L7__s20260819__0001.png,scene15,V,D3b,18,D,3b,0.744069,-7.5218,-9.2458,61.8359,1.858,0
b2,43,b2_s43,ON_NEG,on/scene15/L7__s20260819__0001.png,scene15,V,E3b,19,E,3b,0.702041,-7.5218,-9.2458,61.8359,1.858,0
b2,43,b2_s43,ON_NEG,on/scene15/L7__s20260819__0002.png,scene15,V,C2,7,C,2,0.645248,-8.4908,3.1991,65.8023,4.6673,0
b2,43,b2_s43,ON_NEG,on/scene15/L7__s20260819__0002.png,scene15,V,B3a,11,B,3a,0.577791,-8.4908,3.1991,65.8023,4.6673,0
b2,43,b2_s43,ON_NEG,on/scene15/L7__s20260819__0002.png,scene15,V,B3b,16,B,3b,0.800677,-8.4908,3.1991,65.8023,4.6673,0
b2,43,b2_s43,ON_NEG,on/scene15/L7__s20260819__0003.png,scene15,V,A3a,10,A,3a,0.623869,-13.9162,-3.4361,63.7846,1.3693,0
b2,43,b2_s43,ON_NEG,on/scene15/L7__s20260819__0003.png,scene15,V,D3a,13,D,3a,0.740949,-13.9162,-3.4361,63.7846,1.3693,0
b2,43,b2_s43,ON_NEG,on/scene15/L7__s20260819__0003.png,scene15,V,E3a,14,E,3a,0.809983,-13.9162,-3.4361,63.7846,1.3693,0
b2,43,b2_s43,ON_NEG,on/scene15/L7__s20260819__0003.png,scene15,V,A3b,15,A,3b,0.767554,-13.9162,-3.4361,63.7846,1.3693,0
b2,43,b2_s43,ON_NEG,on/scene15/L7__s20260819__0003.png,scene15,V,B3b,16,B,3b,0.930037,-13.9162,-3.4361,63.7846,1.3693,0
b2,43,b2_s43,ON_NEG,on/scene15/L7__s20260819__0003.png,scene15,V,D3b,18,D,3b,0.806807,-13.9162,-3.4361,63.7846,1.3693,0
b2,43,b2_s43,ON_NEG,on/scene15/L7__s20260819__0003.png,scene15,V,E3b,19,E,3b,0.836339,-13.9162,-3.4361,63.7846,1.3693,0
b2,43,b2_s43,ON_NEG,on/scene15/L7__s20260819__0004.png,scene15,V,A2,5,A,2,0.500246,-11.0394,5.5473,63.0915,5.5065,0
b2,43,b2_s43,ON_NEG,on/scene15/L7__s20260819__0004.png,scene15,V,B2,6,B,2,0.524837,-11.0394,5.5473,63.0915,5.5065,0
b2,43,b2_s43,ON_NEG,on/scene15/L7__s20260819__0004.png,scene15,V,C2,7,C,2,0.664524,-11.0394,5.5473,63.0915,5.5065,0
b2,43,b2_s43,ON_NEG,on/scene15/L7__s20260819__0004.png,scene15,V,B3a,11,B,3a,0.694621,-11.0394,5.5473,63.0915,5.5065,0
b2,43,b2_s43,ON_NEG,on/scene15/L7__s20260819__0004.png,scene15,V,B3b,16,B,3b,0.763367,-11.0394,5.5473,63.0915,5.5065,0
b2,43,b2_s43,ON_NEG,on/scene15/L7__s20260819__0004.png,scene15,V,E3b,19,E,3b,0.561676,-11.0394,5.5473,63.0915,5.5065,0
b2,43,b2_s43,ON_NEG,on/scene15/L7__s20260819__0005.png,scene15,V,B2,6,B,2,0.670481,-12.9205,6.4099,63.9932,3.0224,0
b2,43,b2_s43,ON_NEG,on/scene15/L7__s20260819__0005.png,scene15,V,A3a,10,A,3a,0.538435,-12.9205,6.4099,63.9932,3.0224,0
b2,43,b2_s43,ON_NEG,on/scene15/L7__s20260819__0005.png,scene15,V,B3a,11,B,3a,0.710622,-12.9205,6.4099,63.9932,3.0224,0
b2,43,b2_s43,ON_NEG,on/scene15/L7__s20260819__0005.png,scene15,V,E3a,14,E,3a,0.549573,-12.9205,6.4099,63.9932,3.0224,0
b2,43,b2_s43,ON_NEG,on/scene15/L7__s20260819__0005.png,scene15,V,A3b,15,A,3b,0.758246,-12.9205,6.4099,63.9932,3.0224,0
b2,43,b2_s43,ON_NEG,on/scene15/L7__s20260819__0005.png,scene15,V,B3b,16,B,3b,0.833017,-12.9205,6.4099,63.9932,3.0224,0
b2,43,b2_s43,ON_NEG,on/scene15/L7__s20260819__0005.png,scene15,V,E3b,19,E,3b,0.688405,-12.9205,6.4099,63.9932,3.0224,0
b2,43,b2_s43,ON_NEG,on/scene15/L7__s20260819__0006.png,scene15,V,C2,7,C,2,0.68344,-9.1914,-18.2162,60.3765,2.2421,0
b2,43,b2_s43,ON_NEG,on/scene15/L7__s20260819__0006.png,scene15,V,D2,8,D,2,0.548708,-9.1914,-18.2162,60.3765,2.2421,0
b2,43,b2_s43,ON_NEG,on/scene15/L7__s20260819__0006.png,scene15,V,C3a,12,C,3a,0.769784,-9.1914,-18.2162,60.3765,2.2421,0
b2,43,b2_s43,ON_NEG,on/scene15/L7__s20260819__0006.png,scene15,V,D3a,13,D,3a,0.533922,-9.1914,-18.2162,60.3765,2.2421,0
b2,43,b2_s43,ON_NEG,on/scene15/L7__s20260819__0006.png,scene15,V,E3a,14,E,3a,0.531586,-9.1914,-18.2162,60.3765,2.2421,0
b2,43,b2_s43,ON_NEG,on/scene15/L7__s20260819__0006.png,scene15,V,C3b,17,C,3b,0.823549,-9.1914,-18.2162,60.3765,2.2421,0
b2,43,b2_s43,ON_NEG,on/scene15/L7__s20260819__0006.png,scene15,V,D3b,18,D,3b,0.590506,-9.1914,-18.2162,60.3765,2.2421,0
b2,43,b2_s43,ON_NEG,on/scene15/L7__s20260819__0006.png,scene15,V,E3b,19,E,3b,0.569068,-9.1914,-18.2162,60.3765,2.2421,0
b2,43,b2_s43,ON_NEG,on/scene15/L7__s20260819__0007.png,scene15,V,B2,6,B,2,0.529428,-15.2404,1.5985,63.4015,5.1525,0
b2,43,b2_s43,ON_NEG,on/scene15/L7__s20260819__0007.png,scene15,V,C2,7,C,2,0.588526,-15.2404,1.5985,63.4015,5.1525,0
b2,43,b2_s43,ON_NEG,on/scene15/L7__s20260819__0007.png,scene15,V,B3a,11,B,3a,0.633791,-15.2404,1.5985,63.4015,5.1525,0
b2,43,b2_s43,ON_NEG,on/scene15/L7__s20260819__0007.png,scene15,V,B3b,16,B,3b,0.865982,-15.2404,1.5985,63.4015,5.1525,0
b2,43,b2_s43,ON_NEG,on/scene15/L7__s20260819__0007.png,scene15,V,E3b,19,E,3b,0.669426,-15.2404,1.5985,63.4015,5.1525,0
b2,43,b2_s43,ON_NEG,on/scene18/L0__s20260819__0007.png,scene18,E,C3a,12,C,3a,0.543591,-11.7108,4.6011,63.4304,11.2418,0
b2,43,b2_s43,ON_NEG,on/scene18/L0__s20260819__0007.png,scene18,E,A3b,15,A,3b,0.599214,-11.7108,4.6011,63.4304,11.2418,0
b2,43,b2_s43,ON_NEG,on/scene18/L7__s20260819__0007.png,scene18,E,C3a,12,C,3a,0.526469,-11.7108,4.6011,63.4304,11.2418,0
b2,43,b2_s43,ON_NEG,on/scene18/L7__s20260819__0007.png,scene18,E,A3b,15,A,3b,0.557285,-11.7108,4.6011,63.4304,11.2418,0
b2,43,b2_s43,ON_NEG,on/sceneC2/L2__s20260819__0000.png,sceneC2,V,E3a,14,E,3a,0.727197,-3.8125,-12.3059,62.9162,2.4832,0
b2,43,b2_s43,ON_NEG,on/sceneC2/L2__s20260819__0001.png,sceneC2,V,D3a,13,D,3a,0.638312,-13.4518,-13.0389,63.5306,6.8638,0
b2,43,b2_s43,ON_NEG,on/sceneC2/L2__s20260819__0001.png,sceneC2,V,E3a,14,E,3a,0.626921,-13.4518,-13.0389,63.5306,6.8638,0
b2,43,b2_s43,ON_NEG,on/sceneC2/L2__s20260819__0001.png,sceneC2,V,D3b,18,D,3b,0.901802,-13.4518,-13.0389,63.5306,6.8638,0
b2,43,b2_s43,ON_NEG,on/sceneC2/L2__s20260819__0001.png,sceneC2,V,E3b,19,E,3b,0.90385,-13.4518,-13.0389,63.5306,6.8638,0
b2,43,b2_s43,ON_NEG,on/sceneC2/L2__s20260819__0002.png,sceneC2,V,B3a,11,B,3a,0.669632,-11.6494,-2.9872,60.6739,8.321,0
b2,43,b2_s43,ON_NEG,on/sceneC2/L2__s20260819__0002.png,sceneC2,V,C3a,12,C,3a,0.912757,-11.6494,-2.9872,60.6739,8.321,0
b2,43,b2_s43,ON_NEG,on/sceneC2/L2__s20260819__0002.png,sceneC2,V,D3a,13,D,3a,0.707918,-11.6494,-2.9872,60.6739,8.321,0
b2,43,b2_s43,ON_NEG,on/sceneC2/L2__s20260819__0002.png,sceneC2,V,E3a,14,E,3a,0.60702,-11.6494,-2.9872,60.6739,8.321,0
b2,43,b2_s43,ON_NEG,on/sceneC2/L2__s20260819__0002.png,sceneC2,V,A3b,15,A,3b,0.933843,-11.6494,-2.9872,60.6739,8.321,0
b2,43,b2_s43,ON_NEG,on/sceneC2/L2__s20260819__0002.png,sceneC2,V,D3b,18,D,3b,0.891778,-11.6494,-2.9872,60.6739,8.321,0
b2,43,b2_s43,ON_NEG,on/sceneC2/L2__s20260819__0002.png,sceneC2,V,E3b,19,E,3b,0.906713,-11.6494,-2.9872,60.6739,8.321,0
b2,43,b2_s43,ON_NEG,on/sceneC2/L2__s20260819__0004.png,sceneC2,V,A2,5,A,2,0.624166,-13.5389,11.6475,61.7574,2.2154,0
b2,43,b2_s43,ON_NEG,on/sceneC2/L2__s20260819__0004.png,sceneC2,V,A3a,10,A,3a,0.567295,-13.5389,11.6475,61.7574,2.2154,0
b2,43,b2_s43,ON_NEG,on/sceneC2/L2__s20260819__0006.png,sceneC2,V,B2,6,B,2,0.511264,-11.6055,-2.8331,61.0412,4.3157,0
b2,43,b2_s43,ON_NEG,on/sceneC2/L2__s20260819__0006.png,sceneC2,V,A3a,10,A,3a,0.587485,-11.6055,-2.8331,61.0412,4.3157,0
b2,43,b2_s43,ON_NEG,on/sceneC2/L2__s20260819__0006.png,sceneC2,V,E3a,14,E,3a,0.63272,-11.6055,-2.8331,61.0412,4.3157,0
b2,43,b2_s43,ON_NEG,on/sceneC2/L3__s20260819__0000.png,sceneC2,V,E3a,14,E,3a,0.703967,-3.8125,-12.3059,62.9162,2.4832,0
b2,43,b2_s43,ON_NEG,on/sceneC2/L3__s20260819__0001.png,sceneC2,V,D3a,13,D,3a,0.668577,-13.4518,-13.0389,63.5306,6.8638,0
b2,43,b2_s43,ON_NEG,on/sceneC2/L3__s20260819__0001.png,sceneC2,V,E3a,14,E,3a,0.634097,-13.4518,-13.0389,63.5306,6.8638,0
b2,43,b2_s43,ON_NEG,on/sceneC2/L3__s20260819__0001.png,sceneC2,V,D3b,18,D,3b,0.903838,-13.4518,-13.0389,63.5306,6.8638,0
b2,43,b2_s43,ON_NEG,on/sceneC2/L3__s20260819__0001.png,sceneC2,V,E3b,19,E,3b,0.904767,-13.4518,-13.0389,63.5306,6.8638,0
b2,43,b2_s43,ON_NEG,on/sceneC2/L3__s20260819__0002.png,sceneC2,V,B3a,11,B,3a,0.660452,-11.6494,-2.9872,60.6739,8.321,0
b2,43,b2_s43,ON_NEG,on/sceneC2/L3__s20260819__0002.png,sceneC2,V,C3a,12,C,3a,0.911263,-11.6494,-2.9872,60.6739,8.321,0
b2,43,b2_s43,ON_NEG,on/sceneC2/L3__s20260819__0002.png,sceneC2,V,D3a,13,D,3a,0.695273,-11.6494,-2.9872,60.6739,8.321,0
b2,43,b2_s43,ON_NEG,on/sceneC2/L3__s20260819__0002.png,sceneC2,V,E3a,14,E,3a,0.591105,-11.6494,-2.9872,60.6739,8.321,0
b2,43,b2_s43,ON_NEG,on/sceneC2/L3__s20260819__0002.png,sceneC2,V,A3b,15,A,3b,0.932695,-11.6494,-2.9872,60.6739,8.321,0
b2,43,b2_s43,ON_NEG,on/sceneC2/L3__s20260819__0002.png,sceneC2,V,D3b,18,D,3b,0.88345,-11.6494,-2.9872,60.6739,8.321,0
b2,43,b2_s43,ON_NEG,on/sceneC2/L3__s20260819__0002.png,sceneC2,V,E3b,19,E,3b,0.903263,-11.6494,-2.9872,60.6739,8.321,0
b2,43,b2_s43,ON_NEG,on/sceneC2/L3__s20260819__0004.png,sceneC2,V,A2,5,A,2,0.613981,-13.5389,11.6475,61.7574,2.2154,0
b2,43,b2_s43,ON_NEG,on/sceneC2/L3__s20260819__0004.png,sceneC2,V,A3a,10,A,3a,0.556638,-13.5389,11.6475,61.7574,2.2154,0
b2,43,b2_s43,ON_NEG,on/sceneC2/L3__s20260819__0006.png,sceneC2,V,A3a,10,A,3a,0.555015,-11.6055,-2.8331,61.0412,4.3157,0
b2,43,b2_s43,ON_NEG,on/sceneC2/L3__s20260819__0006.png,sceneC2,V,E3a,14,E,3a,0.607306,-11.6055,-2.8331,61.0412,4.3157,0
b2,43,b2_s43,ON_NEG,on/sceneC2/L7__s20260819__0000.png,sceneC2,V,E3a,14,E,3a,0.670594,-3.8125,-12.3059,62.9162,2.4832,0
b2,43,b2_s43,ON_NEG,on/sceneC2/L7__s20260819__0001.png,sceneC2,V,D3a,13,D,3a,0.666925,-13.4518,-13.0389,63.5306,6.8638,0
b2,43,b2_s43,ON_NEG,on/sceneC2/L7__s20260819__0001.png,sceneC2,V,E3a,14,E,3a,0.63877,-13.4518,-13.0389,63.5306,6.8638,0
b2,43,b2_s43,ON_NEG,on/sceneC2/L7__s20260819__0001.png,sceneC2,V,D3b,18,D,3b,0.892205,-13.4518,-13.0389,63.5306,6.8638,0
b2,43,b2_s43,ON_NEG,on/sceneC2/L7__s20260819__0001.png,sceneC2,V,E3b,19,E,3b,0.893637,-13.4518,-13.0389,63.5306,6.8638,0
b2,43,b2_s43,ON_NEG,on/sceneC2/L7__s20260819__0002.png,sceneC2,V,B3a,11,B,3a,0.672972,-11.6494,-2.9872,60.6739,8.321,0
b2,43,b2_s43,ON_NEG,on/sceneC2/L7__s20260819__0002.png,sceneC2,V,C3a,12,C,3a,0.895797,-11.6494,-2.9872,60.6739,8.321,0
b2,43,b2_s43,ON_NEG,on/sceneC2/L7__s20260819__0002.png,sceneC2,V,D3a,13,D,3a,0.657681,-11.6494,-2.9872,60.6739,8.321,0
b2,43,b2_s43,ON_NEG,on/sceneC2/L7__s20260819__0002.png,sceneC2,V,E3a,14,E,3a,0.561354,-11.6494,-2.9872,60.6739,8.321,0
b2,43,b2_s43,ON_NEG,on/sceneC2/L7__s20260819__0002.png,sceneC2,V,A3b,15,A,3b,0.9239,-11.6494,-2.9872,60.6739,8.321,0
b2,43,b2_s43,ON_NEG,on/sceneC2/L7__s20260819__0002.png,sceneC2,V,D3b,18,D,3b,0.844153,-11.6494,-2.9872,60.6739,8.321,0
b2,43,b2_s43,ON_NEG,on/sceneC2/L7__s20260819__0002.png,sceneC2,V,E3b,19,E,3b,0.897834,-11.6494,-2.9872,60.6739,8.321,0
b2,43,b2_s43,ON_NEG,on/sceneC2/L7__s20260819__0004.png,sceneC2,V,A2,5,A,2,0.56144,-13.5389,11.6475,61.7574,2.2154,0
b2,43,b2_s43,ON_NEG,on/sceneC2/L7__s20260819__0004.png,sceneC2,V,A3a,10,A,3a,0.53565,-13.5389,11.6475,61.7574,2.2154,0
b2,43,b2_s43,ON_NEG,on/sceneC2/L7__s20260819__0006.png,sceneC2,V,B2,6,B,2,0.521056,-11.6055,-2.8331,61.0412,4.3157,0
b2,43,b2_s43,ON_NEG,on/sceneC2/L7__s20260819__0006.png,sceneC2,V,A3a,10,A,3a,0.516188,-11.6055,-2.8331,61.0412,4.3157,0
b2,43,b2_s43,ON_NEG,on/sceneC2/L7__s20260819__0006.png,sceneC2,V,E3a,14,E,3a,0.575165,-11.6055,-2.8331,61.0412,4.3157,0
b2,43,b2_s43,ON_NEG,on/sceneN3/L0__s20260819__0001.png,sceneN3,none_in_fov,A3b,15,A,3b,0.531002,-12.6534,1.5439,61.04,5.2884,0
b2,43,b2_s43,ON_NEG,on/sceneN3/L0__s20260819__0001.png,sceneN3,none_in_fov,B3b,16,B,3b,0.704885,-12.6534,1.5439,61.04,5.2884,0
b2,43,b2_s43,ON_NEG,on/sceneN3/L0__s20260819__0001.png,sceneN3,none_in_fov,C3b,17,C,3b,0.921858,-12.6534,1.5439,61.04,5.2884,0
b2,43,b2_s43,ON_NEG,on/sceneN3/L0__s20260819__0001.png,sceneN3,none_in_fov,D3b,18,D,3b,0.857332,-12.6534,1.5439,61.04,5.2884,0
b2,43,b2_s43,ON_NEG,on/sceneN3/L0__s20260819__0001.png,sceneN3,none_in_fov,E3b,19,E,3b,0.633382,-12.6534,1.5439,61.04,5.2884,0
b2,43,b2_s43,ON_NEG,on/sceneN3/L0__s20260819__0002.png,sceneN3,none_in_fov,B2,6,B,2,0.721431,-13.1516,1.5693,63.1068,1.7608,0
b2,43,b2_s43,ON_NEG,on/sceneN3/L0__s20260819__0002.png,sceneN3,none_in_fov,B3a,11,B,3a,0.636714,-13.1516,1.5693,63.1068,1.7608,0
b2,43,b2_s43,ON_NEG,on/sceneN3/L0__s20260819__0002.png,sceneN3,none_in_fov,C3a,12,C,3a,0.520998,-13.1516,1.5693,63.1068,1.7608,0
b2,43,b2_s43,ON_NEG,on/sceneN3/L0__s20260819__0002.png,sceneN3,none_in_fov,A3b,15,A,3b,0.735812,-13.1516,1.5693,63.1068,1.7608,0
b2,43,b2_s43,ON_NEG,on/sceneN3/L0__s20260819__0002.png,sceneN3,none_in_fov,B3b,16,B,3b,0.7538,-13.1516,1.5693,63.1068,1.7608,0
b2,43,b2_s43,ON_NEG,on/sceneN3/L0__s20260819__0002.png,sceneN3,none_in_fov,C3b,17,C,3b,0.896679,-13.1516,1.5693,63.1068,1.7608,0
b2,43,b2_s43,ON_NEG,on/sceneN3/L0__s20260819__0002.png,sceneN3,none_in_fov,D3b,18,D,3b,0.779369,-13.1516,1.5693,63.1068,1.7608,0
b2,43,b2_s43,ON_NEG,on/sceneN3/L0__s20260819__0002.png,sceneN3,none_in_fov,E3b,19,E,3b,0.735719,-13.1516,1.5693,63.1068,1.7608,0
b2,43,b2_s43,ON_NEG,on/sceneN3/L0__s20260819__0003.png,sceneN3,none_in_fov,B3a,11,B,3a,0.576212,-9.3231,5.7221,62.1685,8.3724,0
b2,43,b2_s43,ON_NEG,on/sceneN3/L0__s20260819__0003.png,sceneN3,none_in_fov,C3a,12,C,3a,0.645082,-9.3231,5.7221,62.1685,8.3724,0
b2,43,b2_s43,ON_NEG,on/sceneN3/L0__s20260819__0003.png,sceneN3,none_in_fov,A3b,15,A,3b,0.622012,-9.3231,5.7221,62.1685,8.3724,0
b2,43,b2_s43,ON_NEG,on/sceneN3/L0__s20260819__0003.png,sceneN3,none_in_fov,B3b,16,B,3b,0.804738,-9.3231,5.7221,62.1685,8.3724,0
b2,43,b2_s43,ON_NEG,on/sceneN3/L0__s20260819__0003.png,sceneN3,none_in_fov,C3b,17,C,3b,0.748347,-9.3231,5.7221,62.1685,8.3724,0
b2,43,b2_s43,ON_NEG,on/sceneN3/L0__s20260819__0003.png,sceneN3,none_in_fov,D3b,18,D,3b,0.775649,-9.3231,5.7221,62.1685,8.3724,0
b2,43,b2_s43,ON_NEG,on/sceneN3/L0__s20260819__0003.png,sceneN3,none_in_fov,E3b,19,E,3b,0.623109,-9.3231,5.7221,62.1685,8.3724,0
b2,43,b2_s43,ON_NEG,on/sceneN3/L0__s20260819__0004.png,sceneN3,none_in_fov,C3a,12,C,3a,0.590349,-7.3546,-7.2186,63.4074,8.0992,0
b2,43,b2_s43,ON_NEG,on/sceneN3/L0__s20260819__0004.png,sceneN3,none_in_fov,A3b,15,A,3b,0.600849,-7.3546,-7.2186,63.4074,8.0992,0
b2,43,b2_s43,ON_NEG,on/sceneN3/L0__s20260819__0004.png,sceneN3,none_in_fov,B3b,16,B,3b,0.684334,-7.3546,-7.2186,63.4074,8.0992,0
b2,43,b2_s43,ON_NEG,on/sceneN3/L0__s20260819__0004.png,sceneN3,none_in_fov,C3b,17,C,3b,0.764715,-7.3546,-7.2186,63.4074,8.0992,0
b2,43,b2_s43,ON_NEG,on/sceneN3/L0__s20260819__0004.png,sceneN3,none_in_fov,D3b,18,D,3b,0.667278,-7.3546,-7.2186,63.4074,8.0992,0
b2,43,b2_s43,ON_NEG,on/sceneN3/L0__s20260819__0004.png,sceneN3,none_in_fov,E3b,19,E,3b,0.57506,-7.3546,-7.2186,63.4074,8.0992,0
b2,43,b2_s43,ON_NEG,on/sceneN3/L0__s20260819__0005.png,sceneN3,none_in_fov,B3a,11,B,3a,0.527131,-12.2129,-14.4798,63.1796,2.2677,0
b2,43,b2_s43,ON_NEG,on/sceneN3/L0__s20260819__0005.png,sceneN3,none_in_fov,D3a,13,D,3a,0.561361,-12.2129,-14.4798,63.1796,2.2677,0
b2,43,b2_s43,ON_NEG,on/sceneN3/L0__s20260819__0005.png,sceneN3,none_in_fov,A3b,15,A,3b,0.653966,-12.2129,-14.4798,63.1796,2.2677,0
b2,43,b2_s43,ON_NEG,on/sceneN3/L0__s20260819__0005.png,sceneN3,none_in_fov,B3b,16,B,3b,0.851575,-12.2129,-14.4798,63.1796,2.2677,0
b2,43,b2_s43,ON_NEG,on/sceneN3/L0__s20260819__0005.png,sceneN3,none_in_fov,C3b,17,C,3b,0.884602,-12.2129,-14.4798,63.1796,2.2677,0
b2,43,b2_s43,ON_NEG,on/sceneN3/L0__s20260819__0005.png,sceneN3,none_in_fov,D3b,18,D,3b,0.682769,-12.2129,-14.4798,63.1796,2.2677,0
b2,43,b2_s43,ON_NEG,on/sceneN3/L0__s20260819__0005.png,sceneN3,none_in_fov,E3b,19,E,3b,0.785705,-12.2129,-14.4798,63.1796,2.2677,0
b2,43,b2_s43,ON_NEG,on/sceneN3/L0__s20260819__0006.png,sceneN3,none_in_fov,D3a,13,D,3a,0.517128,-7.7849,2.4667,60.503,4.7311,0
b2,43,b2_s43,ON_NEG,on/sceneN3/L0__s20260819__0006.png,sceneN3,none_in_fov,A3b,15,A,3b,0.725449,-7.7849,2.4667,60.503,4.7311,0
b2,43,b2_s43,ON_NEG,on/sceneN3/L0__s20260819__0006.png,sceneN3,none_in_fov,B3b,16,B,3b,0.889769,-7.7849,2.4667,60.503,4.7311,0
b2,43,b2_s43,ON_NEG,on/sceneN3/L0__s20260819__0006.png,sceneN3,none_in_fov,C3b,17,C,3b,0.922131,-7.7849,2.4667,60.503,4.7311,0
b2,43,b2_s43,ON_NEG,on/sceneN3/L0__s20260819__0006.png,sceneN3,none_in_fov,D3b,18,D,3b,0.870824,-7.7849,2.4667,60.503,4.7311,0
b2,43,b2_s43,ON_NEG,on/sceneN3/L0__s20260819__0006.png,sceneN3,none_in_fov,E3b,19,E,3b,0.762064,-7.7849,2.4667,60.503,4.7311,0
b2,43,b2_s43,ON_NEG,on/sceneN3/L0__s20260819__0007.png,sceneN3,none_in_fov,B3b,16,B,3b,0.548174,-12.6477,6.8749,62.3125,1.3919,0
b2,43,b2_s43,ON_NEG,on/sceneN3/L0__s20260819__0007.png,sceneN3,none_in_fov,C3b,17,C,3b,0.762573,-12.6477,6.8749,62.3125,1.3919,0
b2,43,b2_s43,ON_NEG,on/sceneN3/L0__s20260819__0007.png,sceneN3,none_in_fov,D3b,18,D,3b,0.667501,-12.6477,6.8749,62.3125,1.3919,0
b2,43,b2_s43,ON_NEG,on/sceneN3/L0__s20260819__0007.png,sceneN3,none_in_fov,E3b,19,E,3b,0.548192,-12.6477,6.8749,62.3125,1.3919,0
b2,43,b2_s43,ON_NEG,on/sceneN3/L5__s20260819__0000.png,sceneN3,none_in_fov,B3b,16,B,3b,0.505743,-16.2467,-6.5053,60.6518,9.1828,0
b2,43,b2_s43,ON_NEG,on/sceneN3/L5__s20260819__0001.png,sceneN3,none_in_fov,B3b,16,B,3b,0.705357,-12.6534,1.5439,61.04,5.2884,0
b2,43,b2_s43,ON_NEG,on/sceneN3/L5__s20260819__0001.png,sceneN3,none_in_fov,C3b,17,C,3b,0.893943,-12.6534,1.5439,61.04,5.2884,0
b2,43,b2_s43,ON_NEG,on/sceneN3/L5__s20260819__0001.png,sceneN3,none_in_fov,D3b,18,D,3b,0.854672,-12.6534,1.5439,61.04,5.2884,0
b2,43,b2_s43,ON_NEG,on/sceneN3/L5__s20260819__0001.png,sceneN3,none_in_fov,E3b,19,E,3b,0.537855,-12.6534,1.5439,61.04,5.2884,0
b2,43,b2_s43,ON_NEG,on/sceneN3/L5__s20260819__0002.png,sceneN3,none_in_fov,A3b,15,A,3b,0.669713,-13.1516,1.5693,63.1068,1.7608,0
b2,43,b2_s43,ON_NEG,on/sceneN3/L5__s20260819__0002.png,sceneN3,none_in_fov,B3b,16,B,3b,0.742706,-13.1516,1.5693,63.1068,1.7608,0
b2,43,b2_s43,ON_NEG,on/sceneN3/L5__s20260819__0002.png,sceneN3,none_in_fov,C3b,17,C,3b,0.937851,-13.1516,1.5693,63.1068,1.7608,0
b2,43,b2_s43,ON_NEG,on/sceneN3/L5__s20260819__0002.png,sceneN3,none_in_fov,D3b,18,D,3b,0.824597,-13.1516,1.5693,63.1068,1.7608,0
b2,43,b2_s43,ON_NEG,on/sceneN3/L5__s20260819__0002.png,sceneN3,none_in_fov,E3b,19,E,3b,0.683526,-13.1516,1.5693,63.1068,1.7608,0
b2,43,b2_s43,ON_NEG,on/sceneN3/L5__s20260819__0003.png,sceneN3,none_in_fov,B3b,16,B,3b,0.705031,-9.3231,5.7221,62.1685,8.3724,0
b2,43,b2_s43,ON_NEG,on/sceneN3/L5__s20260819__0003.png,sceneN3,none_in_fov,C3b,17,C,3b,0.661367,-9.3231,5.7221,62.1685,8.3724,0
b2,43,b2_s43,ON_NEG,on/sceneN3/L5__s20260819__0003.png,sceneN3,none_in_fov,D3b,18,D,3b,0.721567,-9.3231,5.7221,62.1685,8.3724,0
b2,43,b2_s43,ON_NEG,on/sceneN3/L5__s20260819__0003.png,sceneN3,none_in_fov,E3b,19,E,3b,0.505754,-9.3231,5.7221,62.1685,8.3724,0
b2,43,b2_s43,ON_NEG,on/sceneN3/L5__s20260819__0004.png,sceneN3,none_in_fov,C3a,12,C,3a,0.595327,-7.3546,-7.2186,63.4074,8.0992,0
b2,43,b2_s43,ON_NEG,on/sceneN3/L5__s20260819__0004.png,sceneN3,none_in_fov,A3b,15,A,3b,0.517611,-7.3546,-7.2186,63.4074,8.0992,0
b2,43,b2_s43,ON_NEG,on/sceneN3/L5__s20260819__0004.png,sceneN3,none_in_fov,B3b,16,B,3b,0.597651,-7.3546,-7.2186,63.4074,8.0992,0
b2,43,b2_s43,ON_NEG,on/sceneN3/L5__s20260819__0004.png,sceneN3,none_in_fov,C3b,17,C,3b,0.592953,-7.3546,-7.2186,63.4074,8.0992,0
b2,43,b2_s43,ON_NEG,on/sceneN3/L5__s20260819__0004.png,sceneN3,none_in_fov,D3b,18,D,3b,0.573219,-7.3546,-7.2186,63.4074,8.0992,0
b2,43,b2_s43,ON_NEG,on/sceneN3/L5__s20260819__0005.png,sceneN3,none_in_fov,B2,6,B,2,0.545855,-12.2129,-14.4798,63.1796,2.2677,0
b2,43,b2_s43,ON_NEG,on/sceneN3/L5__s20260819__0005.png,sceneN3,none_in_fov,B3a,11,B,3a,0.537448,-12.2129,-14.4798,63.1796,2.2677,0
b2,43,b2_s43,ON_NEG,on/sceneN3/L5__s20260819__0005.png,sceneN3,none_in_fov,C3a,12,C,3a,0.514444,-12.2129,-14.4798,63.1796,2.2677,0
b2,43,b2_s43,ON_NEG,on/sceneN3/L5__s20260819__0005.png,sceneN3,none_in_fov,D3a,13,D,3a,0.575012,-12.2129,-14.4798,63.1796,2.2677,0
b2,43,b2_s43,ON_NEG,on/sceneN3/L5__s20260819__0005.png,sceneN3,none_in_fov,A3b,15,A,3b,0.756506,-12.2129,-14.4798,63.1796,2.2677,0
b2,43,b2_s43,ON_NEG,on/sceneN3/L5__s20260819__0005.png,sceneN3,none_in_fov,B3b,16,B,3b,0.915102,-12.2129,-14.4798,63.1796,2.2677,0
b2,43,b2_s43,ON_NEG,on/sceneN3/L5__s20260819__0005.png,sceneN3,none_in_fov,C3b,17,C,3b,0.948379,-12.2129,-14.4798,63.1796,2.2677,0
b2,43,b2_s43,ON_NEG,on/sceneN3/L5__s20260819__0005.png,sceneN3,none_in_fov,D3b,18,D,3b,0.838754,-12.2129,-14.4798,63.1796,2.2677,0
b2,43,b2_s43,ON_NEG,on/sceneN3/L5__s20260819__0005.png,sceneN3,none_in_fov,E3b,19,E,3b,0.8071,-12.2129,-14.4798,63.1796,2.2677,0
b2,43,b2_s43,ON_NEG,on/sceneN3/L5__s20260819__0006.png,sceneN3,none_in_fov,A3b,15,A,3b,0.603037,-7.7849,2.4667,60.503,4.7311,0
b2,43,b2_s43,ON_NEG,on/sceneN3/L5__s20260819__0006.png,sceneN3,none_in_fov,B3b,16,B,3b,0.86303,-7.7849,2.4667,60.503,4.7311,0
b2,43,b2_s43,ON_NEG,on/sceneN3/L5__s20260819__0006.png,sceneN3,none_in_fov,C3b,17,C,3b,0.909689,-7.7849,2.4667,60.503,4.7311,0
b2,43,b2_s43,ON_NEG,on/sceneN3/L5__s20260819__0006.png,sceneN3,none_in_fov,D3b,18,D,3b,0.88583,-7.7849,2.4667,60.503,4.7311,0
b2,43,b2_s43,ON_NEG,on/sceneN3/L5__s20260819__0006.png,sceneN3,none_in_fov,E3b,19,E,3b,0.635485,-7.7849,2.4667,60.503,4.7311,0
b2,43,b2_s43,ON_NEG,on/sceneN3/L5__s20260819__0007.png,sceneN3,none_in_fov,C3b,17,C,3b,0.615693,-12.6477,6.8749,62.3125,1.3919,0
b2,43,b2_s43,ON_NEG,on/sceneN3/L7__s20260819__0001.png,sceneN3,none_in_fov,B3b,16,B,3b,0.743866,-12.6534,1.5439,61.04,5.2884,0
b2,43,b2_s43,ON_NEG,on/sceneN3/L7__s20260819__0001.png,sceneN3,none_in_fov,C3b,17,C,3b,0.911803,-12.6534,1.5439,61.04,5.2884,0
b2,43,b2_s43,ON_NEG,on/sceneN3/L7__s20260819__0001.png,sceneN3,none_in_fov,D3b,18,D,3b,0.846116,-12.6534,1.5439,61.04,5.2884,0
b2,43,b2_s43,ON_NEG,on/sceneN3/L7__s20260819__0001.png,sceneN3,none_in_fov,E3b,19,E,3b,0.529266,-12.6534,1.5439,61.04,5.2884,0
b2,43,b2_s43,ON_NEG,on/sceneN3/L7__s20260819__0002.png,sceneN3,none_in_fov,B2,6,B,2,0.564601,-13.1516,1.5693,63.1068,1.7608,0
b2,43,b2_s43,ON_NEG,on/sceneN3/L7__s20260819__0002.png,sceneN3,none_in_fov,A3b,15,A,3b,0.739656,-13.1516,1.5693,63.1068,1.7608,0
b2,43,b2_s43,ON_NEG,on/sceneN3/L7__s20260819__0002.png,sceneN3,none_in_fov,B3b,16,B,3b,0.734936,-13.1516,1.5693,63.1068,1.7608,0
b2,43,b2_s43,ON_NEG,on/sceneN3/L7__s20260819__0002.png,sceneN3,none_in_fov,C3b,17,C,3b,0.934296,-13.1516,1.5693,63.1068,1.7608,0
b2,43,b2_s43,ON_NEG,on/sceneN3/L7__s20260819__0002.png,sceneN3,none_in_fov,D3b,18,D,3b,0.811789,-13.1516,1.5693,63.1068,1.7608,0
b2,43,b2_s43,ON_NEG,on/sceneN3/L7__s20260819__0002.png,sceneN3,none_in_fov,E3b,19,E,3b,0.717456,-13.1516,1.5693,63.1068,1.7608,0
b2,43,b2_s43,ON_NEG,on/sceneN3/L7__s20260819__0003.png,sceneN3,none_in_fov,C3a,12,C,3a,0.631769,-9.3231,5.7221,62.1685,8.3724,0
b2,43,b2_s43,ON_NEG,on/sceneN3/L7__s20260819__0003.png,sceneN3,none_in_fov,A3b,15,A,3b,0.529227,-9.3231,5.7221,62.1685,8.3724,0
b2,43,b2_s43,ON_NEG,on/sceneN3/L7__s20260819__0003.png,sceneN3,none_in_fov,B3b,16,B,3b,0.766924,-9.3231,5.7221,62.1685,8.3724,0
b2,43,b2_s43,ON_NEG,on/sceneN3/L7__s20260819__0003.png,sceneN3,none_in_fov,C3b,17,C,3b,0.809203,-9.3231,5.7221,62.1685,8.3724,0
b2,43,b2_s43,ON_NEG,on/sceneN3/L7__s20260819__0003.png,sceneN3,none_in_fov,D3b,18,D,3b,0.769917,-9.3231,5.7221,62.1685,8.3724,0
b2,43,b2_s43,ON_NEG,on/sceneN3/L7__s20260819__0003.png,sceneN3,none_in_fov,E3b,19,E,3b,0.549846,-9.3231,5.7221,62.1685,8.3724,0
b2,43,b2_s43,ON_NEG,on/sceneN3/L7__s20260819__0004.png,sceneN3,none_in_fov,C3a,12,C,3a,0.624757,-7.3546,-7.2186,63.4074,8.0992,0
b2,43,b2_s43,ON_NEG,on/sceneN3/L7__s20260819__0004.png,sceneN3,none_in_fov,B3b,16,B,3b,0.651633,-7.3546,-7.2186,63.4074,8.0992,0
b2,43,b2_s43,ON_NEG,on/sceneN3/L7__s20260819__0004.png,sceneN3,none_in_fov,C3b,17,C,3b,0.649278,-7.3546,-7.2186,63.4074,8.0992,0
b2,43,b2_s43,ON_NEG,on/sceneN3/L7__s20260819__0004.png,sceneN3,none_in_fov,D3b,18,D,3b,0.599212,-7.3546,-7.2186,63.4074,8.0992,0
b2,43,b2_s43,ON_NEG,on/sceneN3/L7__s20260819__0005.png,sceneN3,none_in_fov,D3a,13,D,3a,0.561288,-12.2129,-14.4798,63.1796,2.2677,0
b2,43,b2_s43,ON_NEG,on/sceneN3/L7__s20260819__0005.png,sceneN3,none_in_fov,A3b,15,A,3b,0.708061,-12.2129,-14.4798,63.1796,2.2677,0
b2,43,b2_s43,ON_NEG,on/sceneN3/L7__s20260819__0005.png,sceneN3,none_in_fov,B3b,16,B,3b,0.884661,-12.2129,-14.4798,63.1796,2.2677,0
b2,43,b2_s43,ON_NEG,on/sceneN3/L7__s20260819__0005.png,sceneN3,none_in_fov,C3b,17,C,3b,0.922626,-12.2129,-14.4798,63.1796,2.2677,0
b2,43,b2_s43,ON_NEG,on/sceneN3/L7__s20260819__0005.png,sceneN3,none_in_fov,D3b,18,D,3b,0.759689,-12.2129,-14.4798,63.1796,2.2677,0
b2,43,b2_s43,ON_NEG,on/sceneN3/L7__s20260819__0005.png,sceneN3,none_in_fov,E3b,19,E,3b,0.810166,-12.2129,-14.4798,63.1796,2.2677,0
b2,43,b2_s43,ON_NEG,on/sceneN3/L7__s20260819__0006.png,sceneN3,none_in_fov,A3b,15,A,3b,0.707915,-7.7849,2.4667,60.503,4.7311,0
b2,43,b2_s43,ON_NEG,on/sceneN3/L7__s20260819__0006.png,sceneN3,none_in_fov,B3b,16,B,3b,0.900125,-7.7849,2.4667,60.503,4.7311,0
b2,43,b2_s43,ON_NEG,on/sceneN3/L7__s20260819__0006.png,sceneN3,none_in_fov,C3b,17,C,3b,0.934021,-7.7849,2.4667,60.503,4.7311,0
b2,43,b2_s43,ON_NEG,on/sceneN3/L7__s20260819__0006.png,sceneN3,none_in_fov,D3b,18,D,3b,0.874307,-7.7849,2.4667,60.503,4.7311,0
b2,43,b2_s43,ON_NEG,on/sceneN3/L7__s20260819__0006.png,sceneN3,none_in_fov,E3b,19,E,3b,0.658938,-7.7849,2.4667,60.503,4.7311,0
b2,43,b2_s43,ON_NEG,on/sceneN3/L7__s20260819__0007.png,sceneN3,none_in_fov,B3b,16,B,3b,0.558685,-12.6477,6.8749,62.3125,1.3919,0
b2,43,b2_s43,ON_NEG,on/sceneN3/L7__s20260819__0007.png,sceneN3,none_in_fov,C3b,17,C,3b,0.796005,-12.6477,6.8749,62.3125,1.3919,0
b2,43,b2_s43,ON_NEG,on/sceneN3/L7__s20260819__0007.png,sceneN3,none_in_fov,D3b,18,D,3b,0.621559,-12.6477,6.8749,62.3125,1.3919,0
b2,43,b2_s43,ON_NEG,on/scene14/L0__s20260820__0002.png::boost_h,scene14,none_in_fov,C3b,17,C,3b,0.53003,-7.0039,2.401,63.1403,11.657,0
b2,43,b2_s43,ON_NEG,on/scene14/L7__s20260820__0002.png::boost_h,scene14,none_in_fov,C3b,17,C,3b,0.565189,-7.0039,2.401,63.1403,11.657,0
b2,43,b2_s43,ON_NEG,on/scene15/L0__s20260820__0000.png::boost_h,scene15,H,B3a,11,B,3a,0.503104,-13.637,-17.7914,62.7559,10.9914,0
b2,43,b2_s43,ON_NEG,on/scene15/L0__s20260820__0000.png::boost_h,scene15,H,C3a,12,C,3a,0.582593,-13.637,-17.7914,62.7559,10.9914,0
b2,43,b2_s43,ON_NEG,on/scene15/L0__s20260820__0000.png::boost_h,scene15,H,D3a,13,D,3a,0.530272,-13.637,-17.7914,62.7559,10.9914,0
b2,43,b2_s43,ON_NEG,on/scene15/L0__s20260820__0001.png::boost_h,scene15,H,B3a,11,B,3a,0.598154,-6.8068,-11.8299,63.9125,9.9013,0
b2,43,b2_s43,ON_NEG,on/scene15/L0__s20260820__0001.png::boost_h,scene15,H,C3a,12,C,3a,0.660216,-6.8068,-11.8299,63.9125,9.9013,0
b2,43,b2_s43,ON_NEG,on/scene15/L0__s20260820__0001.png::boost_h,scene15,H,C3b,17,C,3b,0.597671,-6.8068,-11.8299,63.9125,9.9013,0
b2,43,b2_s43,ON_NEG,on/scene15/L0__s20260820__0002.png::boost_h,scene15,V,C2,7,C,2,0.536442,-8.6096,-4.0107,63.6728,6.6026,0
b2,43,b2_s43,ON_NEG,on/scene15/L0__s20260820__0003.png::boost_h,scene15,H,C2,7,C,2,0.520711,-11.0902,-4.9586,63.1815,7.5147,0
b2,43,b2_s43,ON_NEG,on/scene15/L0__s20260820__0003.png::boost_h,scene15,H,A3a,10,A,3a,0.504954,-11.0902,-4.9586,63.1815,7.5147,0
b2,43,b2_s43,ON_NEG,on/scene15/L0__s20260820__0003.png::boost_h,scene15,H,D3a,13,D,3a,0.592741,-11.0902,-4.9586,63.1815,7.5147,0
b2,43,b2_s43,ON_NEG,on/scene15/L0__s20260820__0004.png::boost_h,scene15,H,B3a,11,B,3a,0.589668,-12.6937,-3.4861,58.1207,9.9583,0
b2,43,b2_s43,ON_NEG,on/scene15/L0__s20260820__0005.png::boost_h,scene15,H,B3a,11,B,3a,0.585584,-5.4058,-7.3396,62.3314,9.8366,0
b2,43,b2_s43,ON_NEG,on/scene15/L0__s20260820__0005.png::boost_h,scene15,H,C3a,12,C,3a,0.585839,-5.4058,-7.3396,62.3314,9.8366,0
b2,43,b2_s43,ON_NEG,on/scene15/L0__s20260820__0006.png::boost_h,scene15,H,A2,5,A,2,0.533931,-5.1828,6.8137,59.5209,6.9519,0
b2,43,b2_s43,ON_NEG,on/scene15/L0__s20260820__0006.png::boost_h,scene15,H,C2,7,C,2,0.579074,-5.1828,6.8137,59.5209,6.9519,0
b2,43,b2_s43,ON_NEG,on/scene15/L0__s20260820__0006.png::boost_h,scene15,H,B3a,11,B,3a,0.695522,-5.1828,6.8137,59.5209,6.9519,0
b2,43,b2_s43,ON_NEG,on/scene15/L0__s20260820__0006.png::boost_h,scene15,H,B3b,16,B,3b,0.564327,-5.1828,6.8137,59.5209,6.9519,0
b2,43,b2_s43,ON_NEG,on/scene15/L0__s20260820__0006.png::boost_h,scene15,H,E3b,19,E,3b,0.517642,-5.1828,6.8137,59.5209,6.9519,0
b2,43,b2_s43,ON_NEG,on/scene15/L0__s20260820__0007.png::boost_h,scene15,H_weak,B2,6,B,2,0.525529,-9.4753,-12.4083,62.4936,8.3783,0
b2,43,b2_s43,ON_NEG,on/scene15/L0__s20260820__0007.png::boost_h,scene15,H_weak,C2,7,C,2,0.513481,-9.4753,-12.4083,62.4936,8.3783,0
b2,43,b2_s43,ON_NEG,on/scene15/L0__s20260820__0007.png::boost_h,scene15,H_weak,B3a,11,B,3a,0.694606,-9.4753,-12.4083,62.4936,8.3783,0
b2,43,b2_s43,ON_NEG,on/scene15/L0__s20260820__0007.png::boost_h,scene15,H_weak,C3a,12,C,3a,0.723553,-9.4753,-12.4083,62.4936,8.3783,0
b2,43,b2_s43,ON_NEG,on/scene15/L0__s20260820__0007.png::boost_h,scene15,H_weak,C3b,17,C,3b,0.651432,-9.4753,-12.4083,62.4936,8.3783,0
b2,43,b2_s43,ON_NEG,on/scene15/L4__s20260820__0000.png::boost_h,scene15,H,B2,6,B,2,0.50003,-13.637,-17.7914,62.7559,10.9914,0
b2,43,b2_s43,ON_NEG,on/scene15/L4__s20260820__0000.png::boost_h,scene15,H,B3a,11,B,3a,0.578975,-13.637,-17.7914,62.7559,10.9914,0
b2,43,b2_s43,ON_NEG,on/scene15/L4__s20260820__0000.png::boost_h,scene15,H,C3a,12,C,3a,0.5635,-13.637,-17.7914,62.7559,10.9914,0
b2,43,b2_s43,ON_NEG,on/scene15/L4__s20260820__0000.png::boost_h,scene15,H,C3b,17,C,3b,0.539423,-13.637,-17.7914,62.7559,10.9914,0
b2,43,b2_s43,ON_NEG,on/scene15/L4__s20260820__0001.png::boost_h,scene15,H,B3a,11,B,3a,0.65713,-6.8068,-11.8299,63.9125,9.9013,0
b2,43,b2_s43,ON_NEG,on/scene15/L4__s20260820__0001.png::boost_h,scene15,H,C3a,12,C,3a,0.587275,-6.8068,-11.8299,63.9125,9.9013,0
b2,43,b2_s43,ON_NEG,on/scene15/L4__s20260820__0001.png::boost_h,scene15,H,C3b,17,C,3b,0.604776,-6.8068,-11.8299,63.9125,9.9013,0
b2,43,b2_s43,ON_NEG,on/scene15/L4__s20260820__0003.png::boost_h,scene15,H,C2,7,C,2,0.638438,-11.0902,-4.9586,63.1815,7.5147,0
b2,43,b2_s43,ON_NEG,on/scene15/L4__s20260820__0003.png::boost_h,scene15,H,A3a,10,A,3a,0.510705,-11.0902,-4.9586,63.1815,7.5147,0
b2,43,b2_s43,ON_NEG,on/scene15/L4__s20260820__0003.png::boost_h,scene15,H,D3a,13,D,3a,0.516568,-11.0902,-4.9586,63.1815,7.5147,0
b2,43,b2_s43,ON_NEG,on/scene15/L4__s20260820__0003.png::boost_h,scene15,H,E3b,19,E,3b,0.505656,-11.0902,-4.9586,63.1815,7.5147,0
b2,43,b2_s43,ON_NEG,on/scene15/L4__s20260820__0004.png::boost_h,scene15,H,B3a,11,B,3a,0.632607,-12.6937,-3.4861,58.1207,9.9583,0
b2,43,b2_s43,ON_NEG,on/scene15/L4__s20260820__0005.png::boost_h,scene15,H,B3a,11,B,3a,0.587487,-5.4058,-7.3396,62.3314,9.8366,0
b2,43,b2_s43,ON_NEG,on/scene15/L4__s20260820__0006.png::boost_h,scene15,H,C2,7,C,2,0.564012,-5.1828,6.8137,59.5209,6.9519,0
b2,43,b2_s43,ON_NEG,on/scene15/L4__s20260820__0006.png::boost_h,scene15,H,B3a,11,B,3a,0.544705,-5.1828,6.8137,59.5209,6.9519,0
b2,43,b2_s43,ON_NEG,on/scene15/L4__s20260820__0006.png::boost_h,scene15,H,B3b,16,B,3b,0.576097,-5.1828,6.8137,59.5209,6.9519,0
b2,43,b2_s43,ON_NEG,on/scene15/L4__s20260820__0007.png::boost_h,scene15,H_weak,C2,7,C,2,0.564431,-9.4753,-12.4083,62.4936,8.3783,0
b2,43,b2_s43,ON_NEG,on/scene15/L4__s20260820__0007.png::boost_h,scene15,H_weak,B3a,11,B,3a,0.607605,-9.4753,-12.4083,62.4936,8.3783,0
b2,43,b2_s43,ON_NEG,on/scene15/L4__s20260820__0007.png::boost_h,scene15,H_weak,C3a,12,C,3a,0.630299,-9.4753,-12.4083,62.4936,8.3783,0
b2,43,b2_s43,ON_NEG,on/scene15/L4__s20260820__0007.png::boost_h,scene15,H_weak,C3b,17,C,3b,0.643434,-9.4753,-12.4083,62.4936,8.3783,0
b2,43,b2_s43,ON_NEG,on/scene15/L7__s20260820__0000.png::boost_h,scene15,H,B2,6,B,2,0.576257,-13.637,-17.7914,62.7559,10.9914,0
b2,43,b2_s43,ON_NEG,on/scene15/L7__s20260820__0000.png::boost_h,scene15,H,B3a,11,B,3a,0.605864,-13.637,-17.7914,62.7559,10.9914,0
b2,43,b2_s43,ON_NEG,on/scene15/L7__s20260820__0000.png::boost_h,scene15,H,C3a,12,C,3a,0.577661,-13.637,-17.7914,62.7559,10.9914,0
b2,43,b2_s43,ON_NEG,on/scene15/L7__s20260820__0000.png::boost_h,scene15,H,C3b,17,C,3b,0.590684,-13.637,-17.7914,62.7559,10.9914,0
b2,43,b2_s43,ON_NEG,on/scene15/L7__s20260820__0000.png::boost_h,scene15,H,E3b,19,E,3b,0.502846,-13.637,-17.7914,62.7559,10.9914,0
b2,43,b2_s43,ON_NEG,on/scene15/L7__s20260820__0001.png::boost_h,scene15,H,D2,8,D,2,0.518777,-6.8068,-11.8299,63.9125,9.9013,0
b2,43,b2_s43,ON_NEG,on/scene15/L7__s20260820__0001.png::boost_h,scene15,H,B3a,11,B,3a,0.676108,-6.8068,-11.8299,63.9125,9.9013,0
b2,43,b2_s43,ON_NEG,on/scene15/L7__s20260820__0001.png::boost_h,scene15,H,C3a,12,C,3a,0.65952,-6.8068,-11.8299,63.9125,9.9013,0
b2,43,b2_s43,ON_NEG,on/scene15/L7__s20260820__0001.png::boost_h,scene15,H,C3b,17,C,3b,0.705585,-6.8068,-11.8299,63.9125,9.9013,0
b2,43,b2_s43,ON_NEG,on/scene15/L7__s20260820__0002.png::boost_h,scene15,V,A2,5,A,2,0.555123,-8.6096,-4.0107,63.6728,6.6026,0
b2,43,b2_s43,ON_NEG,on/scene15/L7__s20260820__0002.png::boost_h,scene15,V,B2,6,B,2,0.570152,-8.6096,-4.0107,63.6728,6.6026,0
b2,43,b2_s43,ON_NEG,on/scene15/L7__s20260820__0002.png::boost_h,scene15,V,C2,7,C,2,0.546133,-8.6096,-4.0107,63.6728,6.6026,0
b2,43,b2_s43,ON_NEG,on/scene15/L7__s20260820__0002.png::boost_h,scene15,V,D2,8,D,2,0.544182,-8.6096,-4.0107,63.6728,6.6026,0
b2,43,b2_s43,ON_NEG,on/scene15/L7__s20260820__0002.png::boost_h,scene15,V,A3a,10,A,3a,0.504591,-8.6096,-4.0107,63.6728,6.6026,0
b2,43,b2_s43,ON_NEG,on/scene15/L7__s20260820__0002.png::boost_h,scene15,V,E3b,19,E,3b,0.617629,-8.6096,-4.0107,63.6728,6.6026,0
b2,43,b2_s43,ON_NEG,on/scene15/L7__s20260820__0003.png::boost_h,scene15,H,C2,7,C,2,0.557042,-11.0902,-4.9586,63.1815,7.5147,0
b2,43,b2_s43,ON_NEG,on/scene15/L7__s20260820__0003.png::boost_h,scene15,H,A3a,10,A,3a,0.520605,-11.0902,-4.9586,63.1815,7.5147,0
b2,43,b2_s43,ON_NEG,on/scene15/L7__s20260820__0003.png::boost_h,scene15,H,E3b,19,E,3b,0.566201,-11.0902,-4.9586,63.1815,7.5147,0
b2,43,b2_s43,ON_NEG,on/scene15/L7__s20260820__0004.png::boost_h,scene15,H,B3a,11,B,3a,0.595159,-12.6937,-3.4861,58.1207,9.9583,0
b2,43,b2_s43,ON_NEG,on/scene15/L7__s20260820__0005.png::boost_h,scene15,H,D2,8,D,2,0.51783,-5.4058,-7.3396,62.3314,9.8366,0
b2,43,b2_s43,ON_NEG,on/scene15/L7__s20260820__0005.png::boost_h,scene15,H,B3a,11,B,3a,0.576135,-5.4058,-7.3396,62.3314,9.8366,0
b2,43,b2_s43,ON_NEG,on/scene15/L7__s20260820__0006.png::boost_h,scene15,H,C2,7,C,2,0.560178,-5.1828,6.8137,59.5209,6.9519,0
b2,43,b2_s43,ON_NEG,on/scene15/L7__s20260820__0006.png::boost_h,scene15,H,B3a,11,B,3a,0.657728,-5.1828,6.8137,59.5209,6.9519,0
b2,43,b2_s43,ON_NEG,on/scene15/L7__s20260820__0006.png::boost_h,scene15,H,B3b,16,B,3b,0.574718,-5.1828,6.8137,59.5209,6.9519,0
b2,43,b2_s43,ON_NEG,on/scene15/L7__s20260820__0006.png::boost_h,scene15,H,E3b,19,E,3b,0.521367,-5.1828,6.8137,59.5209,6.9519,0
b2,43,b2_s43,ON_NEG,on/scene15/L7__s20260820__0007.png::boost_h,scene15,H_weak,B3a,11,B,3a,0.505274,-9.4753,-12.4083,62.4936,8.3783,0
b2,43,b2_s43,ON_NEG,on/scene15/L7__s20260820__0007.png::boost_h,scene15,H_weak,C3a,12,C,3a,0.597884,-9.4753,-12.4083,62.4936,8.3783,0
b2,43,b2_s43,ON_NEG,on/scene15/L7__s20260820__0007.png::boost_h,scene15,H_weak,C3b,17,C,3b,0.530515,-9.4753,-12.4083,62.4936,8.3783,0
b2,43,b2_s43,ON_NEG,on/scene05/L5__s20260820__0005.png::boost_e,scene05,V,D2,8,D,2,0.564314,-9.9958,-4.8864,61.371,6.2772,0
b2,43,b2_s43,ON_NEG,on/scene05/L7__s20260820__0005.png::boost_e,scene05,V,D2,8,D,2,0.591018,-9.9958,-4.8864,61.371,6.2772,0
b2,43,b2_s43,ON_NEG,on/scene07/L0__s20260820__0000.png::boost_e,scene07,V,B2,6,B,2,0.701849,-10.2409,14.1283,61.8254,9.3533,0
b2,43,b2_s43,ON_NEG,on/scene07/L0__s20260820__0000.png::boost_e,scene07,V,C2,7,C,2,0.58277,-10.2409,14.1283,61.8254,9.3533,0
b2,43,b2_s43,ON_NEG,on/scene07/L0__s20260820__0000.png::boost_e,scene07,V,D2,8,D,2,0.635418,-10.2409,14.1283,61.8254,9.3533,0
b2,43,b2_s43,ON_NEG,on/scene07/L0__s20260820__0000.png::boost_e,scene07,V,E2,9,E,2,0.621855,-10.2409,14.1283,61.8254,9.3533,0
b2,43,b2_s43,ON_NEG,on/scene07/L0__s20260820__0000.png::boost_e,scene07,V,A3a,10,A,3a,0.572011,-10.2409,14.1283,61.8254,9.3533,0
b2,43,b2_s43,ON_NEG,on/scene07/L0__s20260820__0000.png::boost_e,scene07,V,B3a,11,B,3a,0.847169,-10.2409,14.1283,61.8254,9.3533,0
b2,43,b2_s43,ON_NEG,on/scene07/L0__s20260820__0000.png::boost_e,scene07,V,C3a,12,C,3a,0.850304,-10.2409,14.1283,61.8254,9.3533,0
b2,43,b2_s43,ON_NEG,on/scene07/L0__s20260820__0000.png::boost_e,scene07,V,D3a,13,D,3a,0.764919,-10.2409,14.1283,61.8254,9.3533,0
b2,43,b2_s43,ON_NEG,on/scene07/L0__s20260820__0000.png::boost_e,scene07,V,E3a,14,E,3a,0.664434,-10.2409,14.1283,61.8254,9.3533,0
b2,43,b2_s43,ON_NEG,on/scene07/L0__s20260820__0000.png::boost_e,scene07,V,A3b,15,A,3b,0.744902,-10.2409,14.1283,61.8254,9.3533,0
b2,43,b2_s43,ON_NEG,on/scene07/L0__s20260820__0000.png::boost_e,scene07,V,B3b,16,B,3b,0.910595,-10.2409,14.1283,61.8254,9.3533,0
b2,43,b2_s43,ON_NEG,on/scene07/L0__s20260820__0000.png::boost_e,scene07,V,C3b,17,C,3b,0.890481,-10.2409,14.1283,61.8254,9.3533,0
b2,43,b2_s43,ON_NEG,on/scene07/L0__s20260820__0000.png::boost_e,scene07,V,E3b,19,E,3b,0.719838,-10.2409,14.1283,61.8254,9.3533,0
b2,43,b2_s43,ON_NEG,on/scene07/L0__s20260820__0001.png::boost_e,scene07,V,A2,5,A,2,0.5529,-8.7737,-1.6736,63.801,8.4933,0
b2,43,b2_s43,ON_NEG,on/scene07/L0__s20260820__0001.png::boost_e,scene07,V,B2,6,B,2,0.614742,-8.7737,-1.6736,63.801,8.4933,0
b2,43,b2_s43,ON_NEG,on/scene07/L0__s20260820__0001.png::boost_e,scene07,V,C2,7,C,2,0.703584,-8.7737,-1.6736,63.801,8.4933,0
b2,43,b2_s43,ON_NEG,on/scene07/L0__s20260820__0001.png::boost_e,scene07,V,D2,8,D,2,0.598603,-8.7737,-1.6736,63.801,8.4933,0
b2,43,b2_s43,ON_NEG,on/scene07/L0__s20260820__0001.png::boost_e,scene07,V,E2,9,E,2,0.659483,-8.7737,-1.6736,63.801,8.4933,0
b2,43,b2_s43,ON_NEG,on/scene07/L0__s20260820__0001.png::boost_e,scene07,V,A3a,10,A,3a,0.555194,-8.7737,-1.6736,63.801,8.4933,0
b2,43,b2_s43,ON_NEG,on/scene07/L0__s20260820__0001.png::boost_e,scene07,V,B3a,11,B,3a,0.895334,-8.7737,-1.6736,63.801,8.4933,0
b2,43,b2_s43,ON_NEG,on/scene07/L0__s20260820__0001.png::boost_e,scene07,V,C3a,12,C,3a,0.913154,-8.7737,-1.6736,63.801,8.4933,0
b2,43,b2_s43,ON_NEG,on/scene07/L0__s20260820__0001.png::boost_e,scene07,V,D3a,13,D,3a,0.871028,-8.7737,-1.6736,63.801,8.4933,0
b2,43,b2_s43,ON_NEG,on/scene07/L0__s20260820__0001.png::boost_e,scene07,V,E3a,14,E,3a,0.747619,-8.7737,-1.6736,63.801,8.4933,0
b2,43,b2_s43,ON_NEG,on/scene07/L0__s20260820__0001.png::boost_e,scene07,V,A3b,15,A,3b,0.749501,-8.7737,-1.6736,63.801,8.4933,0
b2,43,b2_s43,ON_NEG,on/scene07/L0__s20260820__0001.png::boost_e,scene07,V,D3b,18,D,3b,0.750825,-8.7737,-1.6736,63.801,8.4933,0
b2,43,b2_s43,ON_NEG,on/scene07/L0__s20260820__0001.png::boost_e,scene07,V,E3b,19,E,3b,0.734185,-8.7737,-1.6736,63.801,8.4933,0
b2,43,b2_s43,ON_NEG,on/scene07/L0__s20260820__0002.png::boost_e,scene07,V,B3a,11,B,3a,0.760208,-11.7844,-0.5026,59.071,6.034,0
b2,43,b2_s43,ON_NEG,on/scene07/L0__s20260820__0002.png::boost_e,scene07,V,C3a,12,C,3a,0.759708,-11.7844,-0.5026,59.071,6.034,0
b2,43,b2_s43,ON_NEG,on/scene07/L0__s20260820__0002.png::boost_e,scene07,V,D3a,13,D,3a,0.700343,-11.7844,-0.5026,59.071,6.034,0
b2,43,b2_s43,ON_NEG,on/scene07/L0__s20260820__0002.png::boost_e,scene07,V,E3a,14,E,3a,0.546944,-11.7844,-0.5026,59.071,6.034,0
b2,43,b2_s43,ON_NEG,on/scene07/L0__s20260820__0003.png::boost_e,scene07,V,B2,6,B,2,0.646228,-10.8121,7.6338,61.1751,9.743,0
b2,43,b2_s43,ON_NEG,on/scene07/L0__s20260820__0003.png::boost_e,scene07,V,C2,7,C,2,0.607158,-10.8121,7.6338,61.1751,9.743,0
b2,43,b2_s43,ON_NEG,on/scene07/L0__s20260820__0003.png::boost_e,scene07,V,D2,8,D,2,0.579296,-10.8121,7.6338,61.1751,9.743,0
b2,43,b2_s43,ON_NEG,on/scene07/L0__s20260820__0003.png::boost_e,scene07,V,E2,9,E,2,0.62193,-10.8121,7.6338,61.1751,9.743,0
b2,43,b2_s43,ON_NEG,on/scene07/L0__s20260820__0003.png::boost_e,scene07,V,A3a,10,A,3a,0.551982,-10.8121,7.6338,61.1751,9.743,0
b2,43,b2_s43,ON_NEG,on/scene07/L0__s20260820__0003.png::boost_e,scene07,V,B3a,11,B,3a,0.850977,-10.8121,7.6338,61.1751,9.743,0
b2,43,b2_s43,ON_NEG,on/scene07/L0__s20260820__0003.png::boost_e,scene07,V,C3a,12,C,3a,0.891247,-10.8121,7.6338,61.1751,9.743,0
b2,43,b2_s43,ON_NEG,on/scene07/L0__s20260820__0003.png::boost_e,scene07,V,D3a,13,D,3a,0.805689,-10.8121,7.6338,61.1751,9.743,0
b2,43,b2_s43,ON_NEG,on/scene07/L0__s20260820__0003.png::boost_e,scene07,V,E3a,14,E,3a,0.608211,-10.8121,7.6338,61.1751,9.743,0
b2,43,b2_s43,ON_NEG,on/scene07/L0__s20260820__0003.png::boost_e,scene07,V,A3b,15,A,3b,0.747368,-10.8121,7.6338,61.1751,9.743,0
b2,43,b2_s43,ON_NEG,on/scene07/L0__s20260820__0003.png::boost_e,scene07,V,B3b,16,B,3b,0.938259,-10.8121,7.6338,61.1751,9.743,0
b2,43,b2_s43,ON_NEG,on/scene07/L0__s20260820__0003.png::boost_e,scene07,V,E3b,19,E,3b,0.757406,-10.8121,7.6338,61.1751,9.743,0
b2,43,b2_s43,ON_NEG,on/scene07/L0__s20260820__0004.png::boost_e,scene07,none_in_fov,B3a,11,B,3a,0.74132,-11.296,14.3304,62.4153,11.7361,0
b2,43,b2_s43,ON_NEG,on/scene07/L0__s20260820__0004.png::boost_e,scene07,none_in_fov,C3a,12,C,3a,0.784487,-11.296,14.3304,62.4153,11.7361,0
b2,43,b2_s43,ON_NEG,on/scene07/L0__s20260820__0004.png::boost_e,scene07,none_in_fov,D3a,13,D,3a,0.67177,-11.296,14.3304,62.4153,11.7361,0
b2,43,b2_s43,ON_NEG,on/scene07/L0__s20260820__0004.png::boost_e,scene07,none_in_fov,A3b,15,A,3b,0.821518,-11.296,14.3304,62.4153,11.7361,0
b2,43,b2_s43,ON_NEG,on/scene07/L0__s20260820__0004.png::boost_e,scene07,none_in_fov,B3b,16,B,3b,0.939177,-11.296,14.3304,62.4153,11.7361,0
b2,43,b2_s43,ON_NEG,on/scene07/L0__s20260820__0004.png::boost_e,scene07,none_in_fov,C3b,17,C,3b,0.920157,-11.296,14.3304,62.4153,11.7361,0
b2,43,b2_s43,ON_NEG,on/scene07/L0__s20260820__0004.png::boost_e,scene07,none_in_fov,D3b,18,D,3b,0.762648,-11.296,14.3304,62.4153,11.7361,0
b2,43,b2_s43,ON_NEG,on/scene07/L0__s20260820__0004.png::boost_e,scene07,none_in_fov,E3b,19,E,3b,0.741246,-11.296,14.3304,62.4153,11.7361,0
b2,43,b2_s43,ON_NEG,on/scene07/L0__s20260820__0005.png::boost_e,scene07,V,B3a,11,B,3a,0.635711,-13.5151,3.1873,60.3528,6.7166,0
b2,43,b2_s43,ON_NEG,on/scene07/L0__s20260820__0005.png::boost_e,scene07,V,C3a,12,C,3a,0.765186,-13.5151,3.1873,60.3528,6.7166,0
b2,43,b2_s43,ON_NEG,on/scene07/L0__s20260820__0005.png::boost_e,scene07,V,D3a,13,D,3a,0.705077,-13.5151,3.1873,60.3528,6.7166,0
b2,43,b2_s43,ON_NEG,on/scene07/L0__s20260820__0005.png::boost_e,scene07,V,E3a,14,E,3a,0.55039,-13.5151,3.1873,60.3528,6.7166,0
b2,43,b2_s43,ON_NEG,on/scene07/L0__s20260820__0005.png::boost_e,scene07,V,A3b,15,A,3b,0.593152,-13.5151,3.1873,60.3528,6.7166,0
b2,43,b2_s43,ON_NEG,on/scene07/L0__s20260820__0005.png::boost_e,scene07,V,D3b,18,D,3b,0.834294,-13.5151,3.1873,60.3528,6.7166,0
b2,43,b2_s43,ON_NEG,on/scene07/L0__s20260820__0006.png::boost_e,scene07,V,B3a,11,B,3a,0.703442,-7.4676,-1.6241,59.074,6.6363,0
b2,43,b2_s43,ON_NEG,on/scene07/L0__s20260820__0006.png::boost_e,scene07,V,C3a,12,C,3a,0.700604,-7.4676,-1.6241,59.074,6.6363,0
b2,43,b2_s43,ON_NEG,on/scene07/L0__s20260820__0006.png::boost_e,scene07,V,D3a,13,D,3a,0.803306,-7.4676,-1.6241,59.074,6.6363,0
b2,43,b2_s43,ON_NEG,on/scene07/L0__s20260820__0006.png::boost_e,scene07,V,E3a,14,E,3a,0.623274,-7.4676,-1.6241,59.074,6.6363,0
b2,43,b2_s43,ON_NEG,on/scene07/L0__s20260820__0007.png::boost_e,scene07,none_in_fov,B2,6,B,2,0.540784,-8.8831,-5.8973,62.4612,11.793,0
b2,43,b2_s43,ON_NEG,on/scene07/L0__s20260820__0007.png::boost_e,scene07,none_in_fov,E2,9,E,2,0.520813,-8.8831,-5.8973,62.4612,11.793,0
b2,43,b2_s43,ON_NEG,on/scene07/L0__s20260820__0007.png::boost_e,scene07,none_in_fov,B3a,11,B,3a,0.749062,-8.8831,-5.8973,62.4612,11.793,0
b2,43,b2_s43,ON_NEG,on/scene07/L0__s20260820__0007.png::boost_e,scene07,none_in_fov,C3a,12,C,3a,0.834171,-8.8831,-5.8973,62.4612,11.793,0
b2,43,b2_s43,ON_NEG,on/scene07/L0__s20260820__0007.png::boost_e,scene07,none_in_fov,D3a,13,D,3a,0.77804,-8.8831,-5.8973,62.4612,11.793,0
b2,43,b2_s43,ON_NEG,on/scene07/L0__s20260820__0007.png::boost_e,scene07,none_in_fov,A3b,15,A,3b,0.693391,-8.8831,-5.8973,62.4612,11.793,0
b2,43,b2_s43,ON_NEG,on/scene07/L0__s20260820__0007.png::boost_e,scene07,none_in_fov,B3b,16,B,3b,0.939849,-8.8831,-5.8973,62.4612,11.793,0
b2,43,b2_s43,ON_NEG,on/scene07/L0__s20260820__0007.png::boost_e,scene07,none_in_fov,C3b,17,C,3b,0.912023,-8.8831,-5.8973,62.4612,11.793,0
b2,43,b2_s43,ON_NEG,on/scene07/L0__s20260820__0007.png::boost_e,scene07,none_in_fov,D3b,18,D,3b,0.70703,-8.8831,-5.8973,62.4612,11.793,0
b2,43,b2_s43,ON_NEG,on/scene07/L0__s20260820__0007.png::boost_e,scene07,none_in_fov,E3b,19,E,3b,0.686205,-8.8831,-5.8973,62.4612,11.793,0
b2,43,b2_s43,ON_NEG,on/scene07/L5__s20260820__0000.png::boost_e,scene07,V,B3a,11,B,3a,0.664784,-10.2409,14.1283,61.8254,9.3533,0
b2,43,b2_s43,ON_NEG,on/scene07/L5__s20260820__0000.png::boost_e,scene07,V,C3a,12,C,3a,0.811582,-10.2409,14.1283,61.8254,9.3533,0
b2,43,b2_s43,ON_NEG,on/scene07/L5__s20260820__0000.png::boost_e,scene07,V,D3a,13,D,3a,0.627887,-10.2409,14.1283,61.8254,9.3533,0
b2,43,b2_s43,ON_NEG,on/scene07/L5__s20260820__0000.png::boost_e,scene07,V,A3b,15,A,3b,0.732337,-10.2409,14.1283,61.8254,9.3533,0
b2,43,b2_s43,ON_NEG,on/scene07/L5__s20260820__0000.png::boost_e,scene07,V,B3b,16,B,3b,0.900355,-10.2409,14.1283,61.8254,9.3533,0
b2,43,b2_s43,ON_NEG,on/scene07/L5__s20260820__0000.png::boost_e,scene07,V,C3b,17,C,3b,0.819704,-10.2409,14.1283,61.8254,9.3533,0
b2,43,b2_s43,ON_NEG,on/scene07/L5__s20260820__0000.png::boost_e,scene07,V,E3b,19,E,3b,0.725628,-10.2409,14.1283,61.8254,9.3533,0
b2,43,b2_s43,ON_NEG,on/scene07/L5__s20260820__0001.png::boost_e,scene07,V,B2,6,B,2,0.569265,-8.7737,-1.6736,63.801,8.4933,0
b2,43,b2_s43,ON_NEG,on/scene07/L5__s20260820__0001.png::boost_e,scene07,V,A3a,10,A,3a,0.500598,-8.7737,-1.6736,63.801,8.4933,0
b2,43,b2_s43,ON_NEG,on/scene07/L5__s20260820__0001.png::boost_e,scene07,V,B3a,11,B,3a,0.750779,-8.7737,-1.6736,63.801,8.4933,0
b2,43,b2_s43,ON_NEG,on/scene07/L5__s20260820__0001.png::boost_e,scene07,V,C3a,12,C,3a,0.891623,-8.7737,-1.6736,63.801,8.4933,0
b2,43,b2_s43,ON_NEG,on/scene07/L5__s20260820__0001.png::boost_e,scene07,V,D3a,13,D,3a,0.804754,-8.7737,-1.6736,63.801,8.4933,0
b2,43,b2_s43,ON_NEG,on/scene07/L5__s20260820__0001.png::boost_e,scene07,V,E3a,14,E,3a,0.648348,-8.7737,-1.6736,63.801,8.4933,0
b2,43,b2_s43,ON_NEG,on/scene07/L5__s20260820__0001.png::boost_e,scene07,V,A3b,15,A,3b,0.791264,-8.7737,-1.6736,63.801,8.4933,0
b2,43,b2_s43,ON_NEG,on/scene07/L5__s20260820__0001.png::boost_e,scene07,V,D3b,18,D,3b,0.669799,-8.7737,-1.6736,63.801,8.4933,0
b2,43,b2_s43,ON_NEG,on/scene07/L5__s20260820__0001.png::boost_e,scene07,V,E3b,19,E,3b,0.789335,-8.7737,-1.6736,63.801,8.4933,0
b2,43,b2_s43,ON_NEG,on/scene07/L5__s20260820__0002.png::boost_e,scene07,V,B3a,11,B,3a,0.695818,-11.7844,-0.5026,59.071,6.034,0
b2,43,b2_s43,ON_NEG,on/scene07/L5__s20260820__0002.png::boost_e,scene07,V,C3a,12,C,3a,0.635595,-11.7844,-0.5026,59.071,6.034,0
b2,43,b2_s43,ON_NEG,on/scene07/L5__s20260820__0002.png::boost_e,scene07,V,D3a,13,D,3a,0.662521,-11.7844,-0.5026,59.071,6.034,0
b2,43,b2_s43,ON_NEG,on/scene07/L5__s20260820__0002.png::boost_e,scene07,V,E3a,14,E,3a,0.599234,-11.7844,-0.5026,59.071,6.034,0
b2,43,b2_s43,ON_NEG,on/scene07/L5__s20260820__0003.png::boost_e,scene07,V,B3a,11,B,3a,0.698095,-10.8121,7.6338,61.1751,9.743,0
b2,43,b2_s43,ON_NEG,on/scene07/L5__s20260820__0003.png::boost_e,scene07,V,C3a,12,C,3a,0.862926,-10.8121,7.6338,61.1751,9.743,0
b2,43,b2_s43,ON_NEG,on/scene07/L5__s20260820__0003.png::boost_e,scene07,V,D3a,13,D,3a,0.676696,-10.8121,7.6338,61.1751,9.743,0
b2,43,b2_s43,ON_NEG,on/scene07/L5__s20260820__0003.png::boost_e,scene07,V,A3b,15,A,3b,0.823358,-10.8121,7.6338,61.1751,9.743,0
b2,43,b2_s43,ON_NEG,on/scene07/L5__s20260820__0003.png::boost_e,scene07,V,B3b,16,B,3b,0.943581,-10.8121,7.6338,61.1751,9.743,0
b2,43,b2_s43,ON_NEG,on/scene07/L5__s20260820__0003.png::boost_e,scene07,V,E3b,19,E,3b,0.809728,-10.8121,7.6338,61.1751,9.743,0
b2,43,b2_s43,ON_NEG,on/scene07/L5__s20260820__0004.png::boost_e,scene07,none_in_fov,B3a,11,B,3a,0.64533,-11.296,14.3304,62.4153,11.7361,0
b2,43,b2_s43,ON_NEG,on/scene07/L5__s20260820__0004.png::boost_e,scene07,none_in_fov,C3a,12,C,3a,0.794967,-11.296,14.3304,62.4153,11.7361,0
b2,43,b2_s43,ON_NEG,on/scene07/L5__s20260820__0004.png::boost_e,scene07,none_in_fov,D3a,13,D,3a,0.721336,-11.296,14.3304,62.4153,11.7361,0
b2,43,b2_s43,ON_NEG,on/scene07/L5__s20260820__0004.png::boost_e,scene07,none_in_fov,A3b,15,A,3b,0.765813,-11.296,14.3304,62.4153,11.7361,0
b2,43,b2_s43,ON_NEG,on/scene07/L5__s20260820__0004.png::boost_e,scene07,none_in_fov,B3b,16,B,3b,0.946125,-11.296,14.3304,62.4153,11.7361,0
b2,43,b2_s43,ON_NEG,on/scene07/L5__s20260820__0004.png::boost_e,scene07,none_in_fov,C3b,17,C,3b,0.902645,-11.296,14.3304,62.4153,11.7361,0
b2,43,b2_s43,ON_NEG,on/scene07/L5__s20260820__0004.png::boost_e,scene07,none_in_fov,D3b,18,D,3b,0.674807,-11.296,14.3304,62.4153,11.7361,0
b2,43,b2_s43,ON_NEG,on/scene07/L5__s20260820__0004.png::boost_e,scene07,none_in_fov,E3b,19,E,3b,0.698326,-11.296,14.3304,62.4153,11.7361,0
b2,43,b2_s43,ON_NEG,on/scene07/L5__s20260820__0005.png::boost_e,scene07,V,B3a,11,B,3a,0.630118,-13.5151,3.1873,60.3528,6.7166,0
b2,43,b2_s43,ON_NEG,on/scene07/L5__s20260820__0005.png::boost_e,scene07,V,C3a,12,C,3a,0.809774,-13.5151,3.1873,60.3528,6.7166,0
b2,43,b2_s43,ON_NEG,on/scene07/L5__s20260820__0005.png::boost_e,scene07,V,D3a,13,D,3a,0.563826,-13.5151,3.1873,60.3528,6.7166,0
b2,43,b2_s43,ON_NEG,on/scene07/L5__s20260820__0005.png::boost_e,scene07,V,A3b,15,A,3b,0.789693,-13.5151,3.1873,60.3528,6.7166,0
b2,43,b2_s43,ON_NEG,on/scene07/L5__s20260820__0005.png::boost_e,scene07,V,D3b,18,D,3b,0.855194,-13.5151,3.1873,60.3528,6.7166,0
b2,43,b2_s43,ON_NEG,on/scene07/L5__s20260820__0006.png::boost_e,scene07,V,B3a,11,B,3a,0.528321,-7.4676,-1.6241,59.074,6.6363,0
b2,43,b2_s43,ON_NEG,on/scene07/L5__s20260820__0006.png::boost_e,scene07,V,D3a,13,D,3a,0.660722,-7.4676,-1.6241,59.074,6.6363,0
b2,43,b2_s43,ON_NEG,on/scene07/L5__s20260820__0007.png::boost_e,scene07,none_in_fov,B3a,11,B,3a,0.568779,-8.8831,-5.8973,62.4612,11.793,0
b2,43,b2_s43,ON_NEG,on/scene07/L5__s20260820__0007.png::boost_e,scene07,none_in_fov,C3a,12,C,3a,0.809957,-8.8831,-5.8973,62.4612,11.793,0
b2,43,b2_s43,ON_NEG,on/scene07/L5__s20260820__0007.png::boost_e,scene07,none_in_fov,D3a,13,D,3a,0.679884,-8.8831,-5.8973,62.4612,11.793,0
b2,43,b2_s43,ON_NEG,on/scene07/L5__s20260820__0007.png::boost_e,scene07,none_in_fov,A3b,15,A,3b,0.79787,-8.8831,-5.8973,62.4612,11.793,0
b2,43,b2_s43,ON_NEG,on/scene07/L5__s20260820__0007.png::boost_e,scene07,none_in_fov,B3b,16,B,3b,0.936085,-8.8831,-5.8973,62.4612,11.793,0
b2,43,b2_s43,ON_NEG,on/scene07/L5__s20260820__0007.png::boost_e,scene07,none_in_fov,C3b,17,C,3b,0.897324,-8.8831,-5.8973,62.4612,11.793,0
b2,43,b2_s43,ON_NEG,on/scene07/L5__s20260820__0007.png::boost_e,scene07,none_in_fov,D3b,18,D,3b,0.658034,-8.8831,-5.8973,62.4612,11.793,0
b2,43,b2_s43,ON_NEG,on/scene07/L5__s20260820__0007.png::boost_e,scene07,none_in_fov,E3b,19,E,3b,0.80388,-8.8831,-5.8973,62.4612,11.793,0
b2,43,b2_s43,ON_NEG,on/scene07/L7__s20260820__0000.png::boost_e,scene07,V,B2,6,B,2,0.592062,-10.2409,14.1283,61.8254,9.3533,0
b2,43,b2_s43,ON_NEG,on/scene07/L7__s20260820__0000.png::boost_e,scene07,V,D2,8,D,2,0.531869,-10.2409,14.1283,61.8254,9.3533,0
b2,43,b2_s43,ON_NEG,on/scene07/L7__s20260820__0000.png::boost_e,scene07,V,E2,9,E,2,0.582264,-10.2409,14.1283,61.8254,9.3533,0
b2,43,b2_s43,ON_NEG,on/scene07/L7__s20260820__0000.png::boost_e,scene07,V,B3a,11,B,3a,0.722035,-10.2409,14.1283,61.8254,9.3533,0
b2,43,b2_s43,ON_NEG,on/scene07/L7__s20260820__0000.png::boost_e,scene07,V,C3a,12,C,3a,0.855463,-10.2409,14.1283,61.8254,9.3533,0
b2,43,b2_s43,ON_NEG,on/scene07/L7__s20260820__0000.png::boost_e,scene07,V,D3a,13,D,3a,0.708749,-10.2409,14.1283,61.8254,9.3533,0
b2,43,b2_s43,ON_NEG,on/scene07/L7__s20260820__0000.png::boost_e,scene07,V,A3b,15,A,3b,0.594166,-10.2409,14.1283,61.8254,9.3533,0
b2,43,b2_s43,ON_NEG,on/scene07/L7__s20260820__0000.png::boost_e,scene07,V,B3b,16,B,3b,0.856588,-10.2409,14.1283,61.8254,9.3533,0
b2,43,b2_s43,ON_NEG,on/scene07/L7__s20260820__0000.png::boost_e,scene07,V,C3b,17,C,3b,0.799638,-10.2409,14.1283,61.8254,9.3533,0
b2,43,b2_s43,ON_NEG,on/scene07/L7__s20260820__0000.png::boost_e,scene07,V,E3b,19,E,3b,0.572314,-10.2409,14.1283,61.8254,9.3533,0
b2,43,b2_s43,ON_NEG,on/scene07/L7__s20260820__0001.png::boost_e,scene07,V,B2,6,B,2,0.700598,-8.7737,-1.6736,63.801,8.4933,0
b2,43,b2_s43,ON_NEG,on/scene07/L7__s20260820__0001.png::boost_e,scene07,V,C2,7,C,2,0.593438,-8.7737,-1.6736,63.801,8.4933,0
b2,43,b2_s43,ON_NEG,on/scene07/L7__s20260820__0001.png::boost_e,scene07,V,D2,8,D,2,0.581052,-8.7737,-1.6736,63.801,8.4933,0
b2,43,b2_s43,ON_NEG,on/scene07/L7__s20260820__0001.png::boost_e,scene07,V,E2,9,E,2,0.598685,-8.7737,-1.6736,63.801,8.4933,0
b2,43,b2_s43,ON_NEG,on/scene07/L7__s20260820__0001.png::boost_e,scene07,V,B3a,11,B,3a,0.783727,-8.7737,-1.6736,63.801,8.4933,0
b2,43,b2_s43,ON_NEG,on/scene07/L7__s20260820__0001.png::boost_e,scene07,V,C3a,12,C,3a,0.905728,-8.7737,-1.6736,63.801,8.4933,0
b2,43,b2_s43,ON_NEG,on/scene07/L7__s20260820__0001.png::boost_e,scene07,V,D3a,13,D,3a,0.821048,-8.7737,-1.6736,63.801,8.4933,0
b2,43,b2_s43,ON_NEG,on/scene07/L7__s20260820__0001.png::boost_e,scene07,V,E3a,14,E,3a,0.676133,-8.7737,-1.6736,63.801,8.4933,0
b2,43,b2_s43,ON_NEG,on/scene07/L7__s20260820__0001.png::boost_e,scene07,V,A3b,15,A,3b,0.70273,-8.7737,-1.6736,63.801,8.4933,0
b2,43,b2_s43,ON_NEG,on/scene07/L7__s20260820__0001.png::boost_e,scene07,V,D3b,18,D,3b,0.611818,-8.7737,-1.6736,63.801,8.4933,0
b2,43,b2_s43,ON_NEG,on/scene07/L7__s20260820__0001.png::boost_e,scene07,V,E3b,19,E,3b,0.684686,-8.7737,-1.6736,63.801,8.4933,0
b2,43,b2_s43,ON_NEG,on/scene07/L7__s20260820__0002.png::boost_e,scene07,V,B3a,11,B,3a,0.625503,-11.7844,-0.5026,59.071,6.034,0
b2,43,b2_s43,ON_NEG,on/scene07/L7__s20260820__0002.png::boost_e,scene07,V,C3a,12,C,3a,0.714036,-11.7844,-0.5026,59.071,6.034,0
b2,43,b2_s43,ON_NEG,on/scene07/L7__s20260820__0002.png::boost_e,scene07,V,D3a,13,D,3a,0.672489,-11.7844,-0.5026,59.071,6.034,0
b2,43,b2_s43,ON_NEG,on/scene07/L7__s20260820__0002.png::boost_e,scene07,V,E3a,14,E,3a,0.535448,-11.7844,-0.5026,59.071,6.034,0
b2,43,b2_s43,ON_NEG,on/scene07/L7__s20260820__0003.png::boost_e,scene07,V,B2,6,B,2,0.585376,-10.8121,7.6338,61.1751,9.743,0
b2,43,b2_s43,ON_NEG,on/scene07/L7__s20260820__0003.png::boost_e,scene07,V,C2,7,C,2,0.540868,-10.8121,7.6338,61.1751,9.743,0
b2,43,b2_s43,ON_NEG,on/scene07/L7__s20260820__0003.png::boost_e,scene07,V,D2,8,D,2,0.5712,-10.8121,7.6338,61.1751,9.743,0
b2,43,b2_s43,ON_NEG,on/scene07/L7__s20260820__0003.png::boost_e,scene07,V,E2,9,E,2,0.630589,-10.8121,7.6338,61.1751,9.743,0
b2,43,b2_s43,ON_NEG,on/scene07/L7__s20260820__0003.png::boost_e,scene07,V,B3a,11,B,3a,0.765398,-10.8121,7.6338,61.1751,9.743,0
b2,43,b2_s43,ON_NEG,on/scene07/L7__s20260820__0003.png::boost_e,scene07,V,C3a,12,C,3a,0.892297,-10.8121,7.6338,61.1751,9.743,0
b2,43,b2_s43,ON_NEG,on/scene07/L7__s20260820__0003.png::boost_e,scene07,V,D3a,13,D,3a,0.802317,-10.8121,7.6338,61.1751,9.743,0
b2,43,b2_s43,ON_NEG,on/scene07/L7__s20260820__0003.png::boost_e,scene07,V,E3a,14,E,3a,0.548912,-10.8121,7.6338,61.1751,9.743,0
b2,43,b2_s43,ON_NEG,on/scene07/L7__s20260820__0003.png::boost_e,scene07,V,A3b,15,A,3b,0.77217,-10.8121,7.6338,61.1751,9.743,0
b2,43,b2_s43,ON_NEG,on/scene07/L7__s20260820__0003.png::boost_e,scene07,V,B3b,16,B,3b,0.913601,-10.8121,7.6338,61.1751,9.743,0
b2,43,b2_s43,ON_NEG,on/scene07/L7__s20260820__0003.png::boost_e,scene07,V,E3b,19,E,3b,0.645047,-10.8121,7.6338,61.1751,9.743,0
b2,43,b2_s43,ON_NEG,on/scene07/L7__s20260820__0004.png::boost_e,scene07,none_in_fov,B3a,11,B,3a,0.675761,-11.296,14.3304,62.4153,11.7361,0
b2,43,b2_s43,ON_NEG,on/scene07/L7__s20260820__0004.png::boost_e,scene07,none_in_fov,C3a,12,C,3a,0.799772,-11.296,14.3304,62.4153,11.7361,0
b2,43,b2_s43,ON_NEG,on/scene07/L7__s20260820__0004.png::boost_e,scene07,none_in_fov,D3a,13,D,3a,0.675143,-11.296,14.3304,62.4153,11.7361,0
b2,43,b2_s43,ON_NEG,on/scene07/L7__s20260820__0004.png::boost_e,scene07,none_in_fov,A3b,15,A,3b,0.761217,-11.296,14.3304,62.4153,11.7361,0
b2,43,b2_s43,ON_NEG,on/scene07/L7__s20260820__0004.png::boost_e,scene07,none_in_fov,B3b,16,B,3b,0.938995,-11.296,14.3304,62.4153,11.7361,0
b2,43,b2_s43,ON_NEG,on/scene07/L7__s20260820__0004.png::boost_e,scene07,none_in_fov,C3b,17,C,3b,0.902294,-11.296,14.3304,62.4153,11.7361,0
b2,43,b2_s43,ON_NEG,on/scene07/L7__s20260820__0004.png::boost_e,scene07,none_in_fov,D3b,18,D,3b,0.616455,-11.296,14.3304,62.4153,11.7361,0
b2,43,b2_s43,ON_NEG,on/scene07/L7__s20260820__0004.png::boost_e,scene07,none_in_fov,E3b,19,E,3b,0.706669,-11.296,14.3304,62.4153,11.7361,0
b2,43,b2_s43,ON_NEG,on/scene07/L7__s20260820__0005.png::boost_e,scene07,V,B3a,11,B,3a,0.631536,-13.5151,3.1873,60.3528,6.7166,0
b2,43,b2_s43,ON_NEG,on/scene07/L7__s20260820__0005.png::boost_e,scene07,V,C3a,12,C,3a,0.848953,-13.5151,3.1873,60.3528,6.7166,0
b2,43,b2_s43,ON_NEG,on/scene07/L7__s20260820__0005.png::boost_e,scene07,V,D3a,13,D,3a,0.676401,-13.5151,3.1873,60.3528,6.7166,0
b2,43,b2_s43,ON_NEG,on/scene07/L7__s20260820__0005.png::boost_e,scene07,V,A3b,15,A,3b,0.701603,-13.5151,3.1873,60.3528,6.7166,0
b2,43,b2_s43,ON_NEG,on/scene07/L7__s20260820__0005.png::boost_e,scene07,V,D3b,18,D,3b,0.843474,-13.5151,3.1873,60.3528,6.7166,0
b2,43,b2_s43,ON_NEG,on/scene07/L7__s20260820__0006.png::boost_e,scene07,V,B3a,11,B,3a,0.569077,-7.4676,-1.6241,59.074,6.6363,0
b2,43,b2_s43,ON_NEG,on/scene07/L7__s20260820__0006.png::boost_e,scene07,V,C3a,12,C,3a,0.600517,-7.4676,-1.6241,59.074,6.6363,0
b2,43,b2_s43,ON_NEG,on/scene07/L7__s20260820__0006.png::boost_e,scene07,V,D3a,13,D,3a,0.689736,-7.4676,-1.6241,59.074,6.6363,0
b2,43,b2_s43,ON_NEG,on/scene07/L7__s20260820__0006.png::boost_e,scene07,V,E3a,14,E,3a,0.512825,-7.4676,-1.6241,59.074,6.6363,0
b2,43,b2_s43,ON_NEG,on/scene07/L7__s20260820__0007.png::boost_e,scene07,none_in_fov,B2,6,B,2,0.505381,-8.8831,-5.8973,62.4612,11.793,0
b2,43,b2_s43,ON_NEG,on/scene07/L7__s20260820__0007.png::boost_e,scene07,none_in_fov,E2,9,E,2,0.515867,-8.8831,-5.8973,62.4612,11.793,0
b2,43,b2_s43,ON_NEG,on/scene07/L7__s20260820__0007.png::boost_e,scene07,none_in_fov,B3a,11,B,3a,0.754793,-8.8831,-5.8973,62.4612,11.793,0
b2,43,b2_s43,ON_NEG,on/scene07/L7__s20260820__0007.png::boost_e,scene07,none_in_fov,C3a,12,C,3a,0.825111,-8.8831,-5.8973,62.4612,11.793,0
b2,43,b2_s43,ON_NEG,on/scene07/L7__s20260820__0007.png::boost_e,scene07,none_in_fov,D3a,13,D,3a,0.7459,-8.8831,-5.8973,62.4612,11.793,0
b2,43,b2_s43,ON_NEG,on/scene07/L7__s20260820__0007.png::boost_e,scene07,none_in_fov,A3b,15,A,3b,0.67717,-8.8831,-5.8973,62.4612,11.793,0
b2,43,b2_s43,ON_NEG,on/scene07/L7__s20260820__0007.png::boost_e,scene07,none_in_fov,B3b,16,B,3b,0.924728,-8.8831,-5.8973,62.4612,11.793,0
b2,43,b2_s43,ON_NEG,on/scene07/L7__s20260820__0007.png::boost_e,scene07,none_in_fov,C3b,17,C,3b,0.894364,-8.8831,-5.8973,62.4612,11.793,0
b2,43,b2_s43,ON_NEG,on/scene07/L7__s20260820__0007.png::boost_e,scene07,none_in_fov,D3b,18,D,3b,0.535474,-8.8831,-5.8973,62.4612,11.793,0
b2,43,b2_s43,ON_NEG,on/scene07/L7__s20260820__0007.png::boost_e,scene07,none_in_fov,E3b,19,E,3b,0.646404,-8.8831,-5.8973,62.4612,11.793,0
b2,43,b2_s43,ON_NEG,on/scene14/L5__s20260820__0005.png::boost_e,scene14,H,B3a,11,B,3a,0.50877,-12.4022,9.6925,62.3957,8.1602,0
b2,43,b2_s43,ON_NEG,on/scene14/L5__s20260820__0005.png::boost_e,scene14,H,C3a,12,C,3a,0.538827,-12.4022,9.6925,62.3957,8.1602,0
b2,43,b2_s43,ON_NEG,on/scene15/L0__s20260820__0000.png::boost_e,scene15,H,C3a,12,C,3a,0.535133,-13.637,-17.7914,62.7559,10.9914,0
b2,43,b2_s43,ON_NEG,on/scene15/L0__s20260820__0000.png::boost_e,scene15,H,D3a,13,D,3a,0.514886,-13.637,-17.7914,62.7559,10.9914,0
b2,43,b2_s43,ON_NEG,on/scene15/L0__s20260820__0001.png::boost_e,scene15,H_weak,B3a,11,B,3a,0.603124,-6.8068,-11.8299,63.9125,9.9013,0
b2,43,b2_s43,ON_NEG,on/scene15/L0__s20260820__0001.png::boost_e,scene15,H_weak,C3a,12,C,3a,0.683749,-6.8068,-11.8299,63.9125,9.9013,0
b2,43,b2_s43,ON_NEG,on/scene15/L0__s20260820__0001.png::boost_e,scene15,H_weak,C3b,17,C,3b,0.640025,-6.8068,-11.8299,63.9125,9.9013,0
b2,43,b2_s43,ON_NEG,on/scene15/L0__s20260820__0002.png::boost_e,scene15,V,C2,7,C,2,0.543037,-8.6096,-4.0107,63.6728,6.6026,0
b2,43,b2_s43,ON_NEG,on/scene15/L0__s20260820__0002.png::boost_e,scene15,V,D2,8,D,2,0.547548,-8.6096,-4.0107,63.6728,6.6026,0
b2,43,b2_s43,ON_NEG,on/scene15/L0__s20260820__0002.png::boost_e,scene15,V,E2,9,E,2,0.508717,-8.6096,-4.0107,63.6728,6.6026,0
b2,43,b2_s43,ON_NEG,on/scene15/L0__s20260820__0002.png::boost_e,scene15,V,E3b,19,E,3b,0.512723,-8.6096,-4.0107,63.6728,6.6026,0
b2,43,b2_s43,ON_NEG,on/scene15/L0__s20260820__0003.png::boost_e,scene15,H,C2,7,C,2,0.507048,-11.0902,-4.9586,63.1815,7.5147,0
b2,43,b2_s43,ON_NEG,on/scene15/L0__s20260820__0003.png::boost_e,scene15,H,A3a,10,A,3a,0.509021,-11.0902,-4.9586,63.1815,7.5147,0
b2,43,b2_s43,ON_NEG,on/scene15/L0__s20260820__0003.png::boost_e,scene15,H,D3a,13,D,3a,0.571671,-11.0902,-4.9586,63.1815,7.5147,0
b2,43,b2_s43,ON_NEG,on/scene15/L0__s20260820__0004.png::boost_e,scene15,H,B3a,11,B,3a,0.581622,-12.6937,-3.4861,58.1207,9.9583,0
b2,43,b2_s43,ON_NEG,on/scene15/L0__s20260820__0005.png::boost_e,scene15,H,B3a,11,B,3a,0.532355,-5.4058,-7.3396,62.3314,9.8366,0
b2,43,b2_s43,ON_NEG,on/scene15/L0__s20260820__0005.png::boost_e,scene15,H,C3a,12,C,3a,0.521289,-5.4058,-7.3396,62.3314,9.8366,0
b2,43,b2_s43,ON_NEG,on/scene15/L0__s20260820__0006.png::boost_e,scene15,H,A2,5,A,2,0.541317,-5.1828,6.8137,59.5209,6.9519,0
b2,43,b2_s43,ON_NEG,on/scene15/L0__s20260820__0006.png::boost_e,scene15,H,B2,6,B,2,0.508826,-5.1828,6.8137,59.5209,6.9519,0
b2,43,b2_s43,ON_NEG,on/scene15/L0__s20260820__0006.png::boost_e,scene15,H,C2,7,C,2,0.609701,-5.1828,6.8137,59.5209,6.9519,0
b2,43,b2_s43,ON_NEG,on/scene15/L0__s20260820__0006.png::boost_e,scene15,H,E2,9,E,2,0.520445,-5.1828,6.8137,59.5209,6.9519,0
b2,43,b2_s43,ON_NEG,on/scene15/L0__s20260820__0006.png::boost_e,scene15,H,B3a,11,B,3a,0.740415,-5.1828,6.8137,59.5209,6.9519,0
b2,43,b2_s43,ON_NEG,on/scene15/L0__s20260820__0006.png::boost_e,scene15,H,B3b,16,B,3b,0.552233,-5.1828,6.8137,59.5209,6.9519,0
b2,43,b2_s43,ON_NEG,on/scene15/L0__s20260820__0006.png::boost_e,scene15,H,E3b,19,E,3b,0.551239,-5.1828,6.8137,59.5209,6.9519,0
b2,43,b2_s43,ON_NEG,on/scene15/L0__s20260820__0007.png::boost_e,scene15,V,C2,7,C,2,0.566962,-9.4753,-12.4083,62.4936,8.3783,0
b2,43,b2_s43,ON_NEG,on/scene15/L0__s20260820__0007.png::boost_e,scene15,V,D2,8,D,2,0.501641,-9.4753,-12.4083,62.4936,8.3783,0
b2,43,b2_s43,ON_NEG,on/scene15/L0__s20260820__0007.png::boost_e,scene15,V,B3a,11,B,3a,0.64808,-9.4753,-12.4083,62.4936,8.3783,0
b2,43,b2_s43,ON_NEG,on/scene15/L0__s20260820__0007.png::boost_e,scene15,V,C3a,12,C,3a,0.691052,-9.4753,-12.4083,62.4936,8.3783,0
b2,43,b2_s43,ON_NEG,on/scene15/L0__s20260820__0007.png::boost_e,scene15,V,C3b,17,C,3b,0.639301,-9.4753,-12.4083,62.4936,8.3783,0
b2,43,b2_s43,ON_NEG,on/scene15/L4__s20260820__0000.png::boost_e,scene15,H,C3a,12,C,3a,0.529932,-13.637,-17.7914,62.7559,10.9914,0
b2,43,b2_s43,ON_NEG,on/scene15/L4__s20260820__0001.png::boost_e,scene15,H_weak,B3a,11,B,3a,0.684275,-6.8068,-11.8299,63.9125,9.9013,0
b2,43,b2_s43,ON_NEG,on/scene15/L4__s20260820__0001.png::boost_e,scene15,H_weak,C3a,12,C,3a,0.607156,-6.8068,-11.8299,63.9125,9.9013,0
b2,43,b2_s43,ON_NEG,on/scene15/L4__s20260820__0001.png::boost_e,scene15,H_weak,C3b,17,C,3b,0.653448,-6.8068,-11.8299,63.9125,9.9013,0
b2,43,b2_s43,ON_NEG,on/scene15/L4__s20260820__0002.png::boost_e,scene15,V,B2,6,B,2,0.57159,-8.6096,-4.0107,63.6728,6.6026,0
b2,43,b2_s43,ON_NEG,on/scene15/L4__s20260820__0002.png::boost_e,scene15,V,C2,7,C,2,0.512754,-8.6096,-4.0107,63.6728,6.6026,0
b2,43,b2_s43,ON_NEG,on/scene15/L4__s20260820__0002.png::boost_e,scene15,V,D2,8,D,2,0.524544,-8.6096,-4.0107,63.6728,6.6026,0
b2,43,b2_s43,ON_NEG,on/scene15/L4__s20260820__0002.png::boost_e,scene15,V,E3b,19,E,3b,0.551048,-8.6096,-4.0107,63.6728,6.6026,0
b2,43,b2_s43,ON_NEG,on/scene15/L4__s20260820__0003.png::boost_e,scene15,H,C2,7,C,2,0.592202,-11.0902,-4.9586,63.1815,7.5147,0
b2,43,b2_s43,ON_NEG,on/scene15/L4__s20260820__0004.png::boost_e,scene15,H,B2,6,B,2,0.542927,-12.6937,-3.4861,58.1207,9.9583,0
b2,43,b2_s43,ON_NEG,on/scene15/L4__s20260820__0004.png::boost_e,scene15,H,C2,7,C,2,0.575457,-12.6937,-3.4861,58.1207,9.9583,0
b2,43,b2_s43,ON_NEG,on/scene15/L4__s20260820__0004.png::boost_e,scene15,H,D2,8,D,2,0.541329,-12.6937,-3.4861,58.1207,9.9583,0
b2,43,b2_s43,ON_NEG,on/scene15/L4__s20260820__0004.png::boost_e,scene15,H,B3a,11,B,3a,0.692774,-12.6937,-3.4861,58.1207,9.9583,0
b2,43,b2_s43,ON_NEG,on/scene15/L4__s20260820__0004.png::boost_e,scene15,H,C3a,12,C,3a,0.584223,-12.6937,-3.4861,58.1207,9.9583,0
b2,43,b2_s43,ON_NEG,on/scene15/L4__s20260820__0005.png::boost_e,scene15,H,B3a,11,B,3a,0.565601,-5.4058,-7.3396,62.3314,9.8366,0
b2,43,b2_s43,ON_NEG,on/scene15/L4__s20260820__0005.png::boost_e,scene15,H,C3b,17,C,3b,0.50467,-5.4058,-7.3396,62.3314,9.8366,0
b2,43,b2_s43,ON_NEG,on/scene15/L4__s20260820__0006.png::boost_e,scene15,H,C2,7,C,2,0.558878,-5.1828,6.8137,59.5209,6.9519,0
b2,43,b2_s43,ON_NEG,on/scene15/L4__s20260820__0006.png::boost_e,scene15,H,B3a,11,B,3a,0.596393,-5.1828,6.8137,59.5209,6.9519,0
b2,43,b2_s43,ON_NEG,on/scene15/L4__s20260820__0006.png::boost_e,scene15,H,B3b,16,B,3b,0.548179,-5.1828,6.8137,59.5209,6.9519,0
b2,43,b2_s43,ON_NEG,on/scene15/L4__s20260820__0007.png::boost_e,scene15,V,B2,6,B,2,0.528697,-9.4753,-12.4083,62.4936,8.3783,0
b2,43,b2_s43,ON_NEG,on/scene15/L4__s20260820__0007.png::boost_e,scene15,V,C2,7,C,2,0.652765,-9.4753,-12.4083,62.4936,8.3783,0
b2,43,b2_s43,ON_NEG,on/scene15/L4__s20260820__0007.png::boost_e,scene15,V,D2,8,D,2,0.671052,-9.4753,-12.4083,62.4936,8.3783,0
b2,43,b2_s43,ON_NEG,on/scene15/L4__s20260820__0007.png::boost_e,scene15,V,B3a,11,B,3a,0.759334,-9.4753,-12.4083,62.4936,8.3783,0
b2,43,b2_s43,ON_NEG,on/scene15/L4__s20260820__0007.png::boost_e,scene15,V,C3a,12,C,3a,0.723545,-9.4753,-12.4083,62.4936,8.3783,0
b2,43,b2_s43,ON_NEG,on/scene15/L4__s20260820__0007.png::boost_e,scene15,V,D3a,13,D,3a,0.600957,-9.4753,-12.4083,62.4936,8.3783,0
b2,43,b2_s43,ON_NEG,on/scene15/L4__s20260820__0007.png::boost_e,scene15,V,A3b,15,A,3b,0.596562,-9.4753,-12.4083,62.4936,8.3783,0
b2,43,b2_s43,ON_NEG,on/scene15/L4__s20260820__0007.png::boost_e,scene15,V,C3b,17,C,3b,0.769395,-9.4753,-12.4083,62.4936,8.3783,0
b2,43,b2_s43,ON_NEG,on/scene15/L4__s20260820__0007.png::boost_e,scene15,V,E3b,19,E,3b,0.558928,-9.4753,-12.4083,62.4936,8.3783,0
b2,43,b2_s43,ON_NEG,on/scene15/L7__s20260820__0000.png::boost_e,scene15,H,B2,6,B,2,0.522485,-13.637,-17.7914,62.7559,10.9914,0
b2,43,b2_s43,ON_NEG,on/scene15/L7__s20260820__0000.png::boost_e,scene15,H,B3a,11,B,3a,0.588841,-13.637,-17.7914,62.7559,10.9914,0
b2,43,b2_s43,ON_NEG,on/scene15/L7__s20260820__0000.png::boost_e,scene15,H,C3a,12,C,3a,0.553367,-13.637,-17.7914,62.7559,10.9914,0
b2,43,b2_s43,ON_NEG,on/scene15/L7__s20260820__0000.png::boost_e,scene15,H,C3b,17,C,3b,0.586167,-13.637,-17.7914,62.7559,10.9914,0
b2,43,b2_s43,ON_NEG,on/scene15/L7__s20260820__0001.png::boost_e,scene15,H_weak,C2,7,C,2,0.50128,-6.8068,-11.8299,63.9125,9.9013,0
b2,43,b2_s43,ON_NEG,on/scene15/L7__s20260820__0001.png::boost_e,scene15,H_weak,D2,8,D,2,0.545964,-6.8068,-11.8299,63.9125,9.9013,0
b2,43,b2_s43,ON_NEG,on/scene15/L7__s20260820__0001.png::boost_e,scene15,H_weak,B3a,11,B,3a,0.705298,-6.8068,-11.8299,63.9125,9.9013,0
b2,43,b2_s43,ON_NEG,on/scene15/L7__s20260820__0001.png::boost_e,scene15,H_weak,C3a,12,C,3a,0.71145,-6.8068,-11.8299,63.9125,9.9013,0
b2,43,b2_s43,ON_NEG,on/scene15/L7__s20260820__0001.png::boost_e,scene15,H_weak,C3b,17,C,3b,0.709993,-6.8068,-11.8299,63.9125,9.9013,0
b2,43,b2_s43,ON_NEG,on/scene15/L7__s20260820__0002.png::boost_e,scene15,V,A2,5,A,2,0.559197,-8.6096,-4.0107,63.6728,6.6026,0
b2,43,b2_s43,ON_NEG,on/scene15/L7__s20260820__0002.png::boost_e,scene15,V,B2,6,B,2,0.603028,-8.6096,-4.0107,63.6728,6.6026,0
b2,43,b2_s43,ON_NEG,on/scene15/L7__s20260820__0002.png::boost_e,scene15,V,D2,8,D,2,0.505226,-8.6096,-4.0107,63.6728,6.6026,0
b2,43,b2_s43,ON_NEG,on/scene15/L7__s20260820__0002.png::boost_e,scene15,V,E3b,19,E,3b,0.579297,-8.6096,-4.0107,63.6728,6.6026,0
b2,43,b2_s43,ON_NEG,on/scene15/L7__s20260820__0003.png::boost_e,scene15,H,C2,7,C,2,0.586462,-11.0902,-4.9586,63.1815,7.5147,0
b2,43,b2_s43,ON_NEG,on/scene15/L7__s20260820__0003.png::boost_e,scene15,H,A3a,10,A,3a,0.529833,-11.0902,-4.9586,63.1815,7.5147,0
b2,43,b2_s43,ON_NEG,on/scene15/L7__s20260820__0003.png::boost_e,scene15,H,E3b,19,E,3b,0.546323,-11.0902,-4.9586,63.1815,7.5147,0
b2,43,b2_s43,ON_NEG,on/scene15/L7__s20260820__0004.png::boost_e,scene15,H,B2,6,B,2,0.513556,-12.6937,-3.4861,58.1207,9.9583,0
b2,43,b2_s43,ON_NEG,on/scene15/L7__s20260820__0004.png::boost_e,scene15,H,D2,8,D,2,0.523737,-12.6937,-3.4861,58.1207,9.9583,0
b2,43,b2_s43,ON_NEG,on/scene15/L7__s20260820__0004.png::boost_e,scene15,H,B3a,11,B,3a,0.674113,-12.6937,-3.4861,58.1207,9.9583,0
b2,43,b2_s43,ON_NEG,on/scene15/L7__s20260820__0004.png::boost_e,scene15,H,C3a,12,C,3a,0.517794,-12.6937,-3.4861,58.1207,9.9583,0
b2,43,b2_s43,ON_NEG,on/scene15/L7__s20260820__0005.png::boost_e,scene15,H,D2,8,D,2,0.506085,-5.4058,-7.3396,62.3314,9.8366,0
b2,43,b2_s43,ON_NEG,on/scene15/L7__s20260820__0005.png::boost_e,scene15,H,B3a,11,B,3a,0.553585,-5.4058,-7.3396,62.3314,9.8366,0
b2,43,b2_s43,ON_NEG,on/scene15/L7__s20260820__0006.png::boost_e,scene15,H,C2,7,C,2,0.560206,-5.1828,6.8137,59.5209,6.9519,0
b2,43,b2_s43,ON_NEG,on/scene15/L7__s20260820__0006.png::boost_e,scene15,H,B3a,11,B,3a,0.669337,-5.1828,6.8137,59.5209,6.9519,0
b2,43,b2_s43,ON_NEG,on/scene15/L7__s20260820__0006.png::boost_e,scene15,H,B3b,16,B,3b,0.550029,-5.1828,6.8137,59.5209,6.9519,0
b2,43,b2_s43,ON_NEG,on/scene15/L7__s20260820__0006.png::boost_e,scene15,H,E3b,19,E,3b,0.513625,-5.1828,6.8137,59.5209,6.9519,0
b2,43,b2_s43,ON_NEG,on/scene15/L7__s20260820__0007.png::boost_e,scene15,V,C2,7,C,2,0.542109,-9.4753,-12.4083,62.4936,8.3783,0
b2,43,b2_s43,ON_NEG,on/scene15/L7__s20260820__0007.png::boost_e,scene15,V,D2,8,D,2,0.547519,-9.4753,-12.4083,62.4936,8.3783,0
b2,43,b2_s43,ON_NEG,on/scene15/L7__s20260820__0007.png::boost_e,scene15,V,B3a,11,B,3a,0.607563,-9.4753,-12.4083,62.4936,8.3783,0
b2,43,b2_s43,ON_NEG,on/scene15/L7__s20260820__0007.png::boost_e,scene15,V,C3a,12,C,3a,0.644375,-9.4753,-12.4083,62.4936,8.3783,0
b2,43,b2_s43,ON_NEG,on/scene15/L7__s20260820__0007.png::boost_e,scene15,V,C3b,17,C,3b,0.670978,-9.4753,-12.4083,62.4936,8.3783,0
b2,43,b2_s43,ON_NEG,on/scene18/L0__s20260820__0001.png::boost_e,scene18,E,B3a,11,B,3a,0.617718,-10.1204,15.1866,63.5385,10.0506,0
b2,43,b2_s43,ON_NEG,on/scene18/L0__s20260820__0001.png::boost_e,scene18,E,C3a,12,C,3a,0.617877,-10.1204,15.1866,63.5385,10.0506,0
b2,43,b2_s43,ON_NEG,on/scene18/L0__s20260820__0001.png::boost_e,scene18,E,D3a,13,D,3a,0.545944,-10.1204,15.1866,63.5385,10.0506,0
b2,43,b2_s43,ON_NEG,on/scene18/L0__s20260820__0001.png::boost_e,scene18,E,A3b,15,A,3b,0.730682,-10.1204,15.1866,63.5385,10.0506,0
b2,43,b2_s43,ON_NEG,on/scene18/L7__s20260820__0001.png::boost_e,scene18,E,B3a,11,B,3a,0.603093,-10.1204,15.1866,63.5385,10.0506,0
b2,43,b2_s43,ON_NEG,on/scene18/L7__s20260820__0001.png::boost_e,scene18,E,C3a,12,C,3a,0.674805,-10.1204,15.1866,63.5385,10.0506,0
b2,43,b2_s43,ON_NEG,on/scene18/L7__s20260820__0001.png::boost_e,scene18,E,D3a,13,D,3a,0.532631,-10.1204,15.1866,63.5385,10.0506,0
b2,43,b2_s43,ON_NEG,on/scene18/L7__s20260820__0001.png::boost_e,scene18,E,A3b,15,A,3b,0.699837,-10.1204,15.1866,63.5385,10.0506,0
b2,43,b2_s43,ON_NEG,on/scene07/L0__s20260821__0000.png::boost_e2,scene07,V,E3a,14,E,3a,0.533998,-9.0864,4.975,60.5839,4.6498,0
b2,43,b2_s43,ON_NEG,on/scene07/L0__s20260821__0001.png::boost_e2,scene07,V,B3a,11,B,3a,0.620807,-8.6491,14.3681,62.653,6.526,0
b2,43,b2_s43,ON_NEG,on/scene07/L0__s20260821__0001.png::boost_e2,scene07,V,C3a,12,C,3a,0.800395,-8.6491,14.3681,62.653,6.526,0
b2,43,b2_s43,ON_NEG,on/scene07/L0__s20260821__0001.png::boost_e2,scene07,V,D3a,13,D,3a,0.667749,-8.6491,14.3681,62.653,6.526,0
b2,43,b2_s43,ON_NEG,on/scene07/L0__s20260821__0001.png::boost_e2,scene07,V,A3b,15,A,3b,0.835458,-8.6491,14.3681,62.653,6.526,0
b2,43,b2_s43,ON_NEG,on/scene07/L0__s20260821__0002.png::boost_e2,scene07,H_weak,B3a,11,B,3a,0.770397,-11.7553,7.174,61.7523,8.5736,0
b2,43,b2_s43,ON_NEG,on/scene07/L0__s20260821__0002.png::boost_e2,scene07,H_weak,C3a,12,C,3a,0.796611,-11.7553,7.174,61.7523,8.5736,0
b2,43,b2_s43,ON_NEG,on/scene07/L0__s20260821__0002.png::boost_e2,scene07,H_weak,D3a,13,D,3a,0.605635,-11.7553,7.174,61.7523,8.5736,0
b2,43,b2_s43,ON_NEG,on/scene07/L0__s20260821__0002.png::boost_e2,scene07,H_weak,A3b,15,A,3b,0.644188,-11.7553,7.174,61.7523,8.5736,0
b2,43,b2_s43,ON_NEG,on/scene07/L0__s20260821__0002.png::boost_e2,scene07,H_weak,E3b,19,E,3b,0.635555,-11.7553,7.174,61.7523,8.5736,0
b2,43,b2_s43,ON_NEG,on/scene07/L0__s20260821__0003.png::boost_e2,scene07,V,D2,8,D,2,0.517952,-11.0113,-0.6132,62.5016,7.1387,0
b2,43,b2_s43,ON_NEG,on/scene07/L0__s20260821__0003.png::boost_e2,scene07,V,B3a,11,B,3a,0.746484,-11.0113,-0.6132,62.5016,7.1387,0
b2,43,b2_s43,ON_NEG,on/scene07/L0__s20260821__0003.png::boost_e2,scene07,V,C3a,12,C,3a,0.820026,-11.0113,-0.6132,62.5016,7.1387,0
b2,43,b2_s43,ON_NEG,on/scene07/L0__s20260821__0003.png::boost_e2,scene07,V,D3a,13,D,3a,0.752904,-11.0113,-0.6132,62.5016,7.1387,0
b2,43,b2_s43,ON_NEG,on/scene07/L0__s20260821__0003.png::boost_e2,scene07,V,E3a,14,E,3a,0.50831,-11.0113,-0.6132,62.5016,7.1387,0
b2,43,b2_s43,ON_NEG,on/scene07/L0__s20260821__0003.png::boost_e2,scene07,V,A3b,15,A,3b,0.783618,-11.0113,-0.6132,62.5016,7.1387,0
b2,43,b2_s43,ON_NEG,on/scene07/L0__s20260821__0003.png::boost_e2,scene07,V,D3b,18,D,3b,0.948724,-11.0113,-0.6132,62.5016,7.1387,0
b2,43,b2_s43,ON_NEG,on/scene07/L0__s20260821__0004.png::boost_e2,scene07,V,E2,9,E,2,0.51595,-13.3275,-0.1348,64.6075,6.5636,0
b2,43,b2_s43,ON_NEG,on/scene07/L0__s20260821__0004.png::boost_e2,scene07,V,B3a,11,B,3a,0.703349,-13.3275,-0.1348,64.6075,6.5636,0
b2,43,b2_s43,ON_NEG,on/scene07/L0__s20260821__0004.png::boost_e2,scene07,V,C3a,12,C,3a,0.794442,-13.3275,-0.1348,64.6075,6.5636,0
b2,43,b2_s43,ON_NEG,on/scene07/L0__s20260821__0004.png::boost_e2,scene07,V,D3a,13,D,3a,0.66024,-13.3275,-0.1348,64.6075,6.5636,0
b2,43,b2_s43,ON_NEG,on/scene07/L0__s20260821__0004.png::boost_e2,scene07,V,E3a,14,E,3a,0.554774,-13.3275,-0.1348,64.6075,6.5636,0
b2,43,b2_s43,ON_NEG,on/scene07/L0__s20260821__0004.png::boost_e2,scene07,V,D3b,18,D,3b,0.885938,-13.3275,-0.1348,64.6075,6.5636,0
b2,43,b2_s43,ON_NEG,on/scene07/L0__s20260821__0005.png::boost_e2,scene07,V,B2,6,B,2,0.553628,-5.0214,-1.8091,62.1167,8.8712,0
b2,43,b2_s43,ON_NEG,on/scene07/L0__s20260821__0005.png::boost_e2,scene07,V,C2,7,C,2,0.532563,-5.0214,-1.8091,62.1167,8.8712,0
b2,43,b2_s43,ON_NEG,on/scene07/L0__s20260821__0005.png::boost_e2,scene07,V,D2,8,D,2,0.649638,-5.0214,-1.8091,62.1167,8.8712,0
b2,43,b2_s43,ON_NEG,on/scene07/L0__s20260821__0005.png::boost_e2,scene07,V,E2,9,E,2,0.538843,-5.0214,-1.8091,62.1167,8.8712,0
b2,43,b2_s43,ON_NEG,on/scene07/L0__s20260821__0005.png::boost_e2,scene07,V,B3a,11,B,3a,0.816507,-5.0214,-1.8091,62.1167,8.8712,0
b2,43,b2_s43,ON_NEG,on/scene07/L0__s20260821__0005.png::boost_e2,scene07,V,C3a,12,C,3a,0.85677,-5.0214,-1.8091,62.1167,8.8712,0
b2,43,b2_s43,ON_NEG,on/scene07/L0__s20260821__0005.png::boost_e2,scene07,V,D3a,13,D,3a,0.739998,-5.0214,-1.8091,62.1167,8.8712,0
b2,43,b2_s43,ON_NEG,on/scene07/L0__s20260821__0005.png::boost_e2,scene07,V,E3a,14,E,3a,0.552687,-5.0214,-1.8091,62.1167,8.8712,0
b2,43,b2_s43,ON_NEG,on/scene07/L0__s20260821__0005.png::boost_e2,scene07,V,A3b,15,A,3b,0.66677,-5.0214,-1.8091,62.1167,8.8712,0
b2,43,b2_s43,ON_NEG,on/scene07/L0__s20260821__0005.png::boost_e2,scene07,V,D3b,18,D,3b,0.608111,-5.0214,-1.8091,62.1167,8.8712,0
b2,43,b2_s43,ON_NEG,on/scene07/L0__s20260821__0005.png::boost_e2,scene07,V,E3b,19,E,3b,0.723596,-5.0214,-1.8091,62.1167,8.8712,0
b2,43,b2_s43,ON_NEG,on/scene07/L0__s20260821__0006.png::boost_e2,scene07,V,B3a,11,B,3a,0.662804,-12.1066,0.0159,62.3073,6.0804,0
b2,43,b2_s43,ON_NEG,on/scene07/L0__s20260821__0006.png::boost_e2,scene07,V,C3a,12,C,3a,0.614874,-12.1066,0.0159,62.3073,6.0804,0
b2,43,b2_s43,ON_NEG,on/scene07/L0__s20260821__0006.png::boost_e2,scene07,V,D3a,13,D,3a,0.668612,-12.1066,0.0159,62.3073,6.0804,0
b2,43,b2_s43,ON_NEG,on/scene07/L0__s20260821__0006.png::boost_e2,scene07,V,E3a,14,E,3a,0.526477,-12.1066,0.0159,62.3073,6.0804,0
b2,43,b2_s43,ON_NEG,on/scene07/L0__s20260821__0007.png::boost_e2,scene07,V,E3a,14,E,3a,0.556812,-12.7675,1.6425,64.5249,4.4163,0
b2,43,b2_s43,ON_NEG,on/scene07/L0__s20260821__0007.png::boost_e2,scene07,V,D3b,18,D,3b,0.82085,-12.7675,1.6425,64.5249,4.4163,0
b2,43,b2_s43,ON_NEG,on/scene07/L5__s20260821__0001.png::boost_e2,scene07,V,B2,6,B,2,0.564431,-8.6491,14.3681,62.653,6.526,0
b2,43,b2_s43,ON_NEG,on/scene07/L5__s20260821__0001.png::boost_e2,scene07,V,E2,9,E,2,0.512039,-8.6491,14.3681,62.653,6.526,0
b2,43,b2_s43,ON_NEG,on/scene07/L5__s20260821__0001.png::boost_e2,scene07,V,B3a,11,B,3a,0.710017,-8.6491,14.3681,62.653,6.526,0
b2,43,b2_s43,ON_NEG,on/scene07/L5__s20260821__0001.png::boost_e2,scene07,V,C3a,12,C,3a,0.871771,-8.6491,14.3681,62.653,6.526,0
b2,43,b2_s43,ON_NEG,on/scene07/L5__s20260821__0001.png::boost_e2,scene07,V,D3a,13,D,3a,0.802221,-8.6491,14.3681,62.653,6.526,0
b2,43,b2_s43,ON_NEG,on/scene07/L5__s20260821__0001.png::boost_e2,scene07,V,A3b,15,A,3b,0.76747,-8.6491,14.3681,62.653,6.526,0
b2,43,b2_s43,ON_NEG,on/scene07/L5__s20260821__0002.png::boost_e2,scene07,H_weak,B3a,11,B,3a,0.692564,-11.7553,7.174,61.7523,8.5736,0
b2,43,b2_s43,ON_NEG,on/scene07/L5__s20260821__0002.png::boost_e2,scene07,H_weak,C3a,12,C,3a,0.749449,-11.7553,7.174,61.7523,8.5736,0
b2,43,b2_s43,ON_NEG,on/scene07/L5__s20260821__0002.png::boost_e2,scene07,H_weak,D3a,13,D,3a,0.501272,-11.7553,7.174,61.7523,8.5736,0
b2,43,b2_s43,ON_NEG,on/scene07/L5__s20260821__0002.png::boost_e2,scene07,H_weak,A3b,15,A,3b,0.623171,-11.7553,7.174,61.7523,8.5736,0
b2,43,b2_s43,ON_NEG,on/scene07/L5__s20260821__0002.png::boost_e2,scene07,H_weak,E3b,19,E,3b,0.588612,-11.7553,7.174,61.7523,8.5736,0
b2,43,b2_s43,ON_NEG,on/scene07/L5__s20260821__0003.png::boost_e2,scene07,V,B3a,11,B,3a,0.770379,-11.0113,-0.6132,62.5016,7.1387,0
b2,43,b2_s43,ON_NEG,on/scene07/L5__s20260821__0003.png::boost_e2,scene07,V,C3a,12,C,3a,0.74162,-11.0113,-0.6132,62.5016,7.1387,0
b2,43,b2_s43,ON_NEG,on/scene07/L5__s20260821__0003.png::boost_e2,scene07,V,D3a,13,D,3a,0.727051,-11.0113,-0.6132,62.5016,7.1387,0
b2,43,b2_s43,ON_NEG,on/scene07/L5__s20260821__0003.png::boost_e2,scene07,V,E3a,14,E,3a,0.636151,-11.0113,-0.6132,62.5016,7.1387,0
b2,43,b2_s43,ON_NEG,on/scene07/L5__s20260821__0003.png::boost_e2,scene07,V,A3b,15,A,3b,0.793887,-11.0113,-0.6132,62.5016,7.1387,0
b2,43,b2_s43,ON_NEG,on/scene07/L5__s20260821__0003.png::boost_e2,scene07,V,D3b,18,D,3b,0.886821,-11.0113,-0.6132,62.5016,7.1387,0
b2,43,b2_s43,ON_NEG,on/scene07/L5__s20260821__0004.png::boost_e2,scene07,V,C2,7,C,2,0.555572,-13.3275,-0.1348,64.6075,6.5636,0
b2,43,b2_s43,ON_NEG,on/scene07/L5__s20260821__0004.png::boost_e2,scene07,V,E2,9,E,2,0.572212,-13.3275,-0.1348,64.6075,6.5636,0
b2,43,b2_s43,ON_NEG,on/scene07/L5__s20260821__0004.png::boost_e2,scene07,V,B3a,11,B,3a,0.783206,-13.3275,-0.1348,64.6075,6.5636,0
b2,43,b2_s43,ON_NEG,on/scene07/L5__s20260821__0004.png::boost_e2,scene07,V,C3a,12,C,3a,0.841108,-13.3275,-0.1348,64.6075,6.5636,0
b2,43,b2_s43,ON_NEG,on/scene07/L5__s20260821__0004.png::boost_e2,scene07,V,D3a,13,D,3a,0.776244,-13.3275,-0.1348,64.6075,6.5636,0
b2,43,b2_s43,ON_NEG,on/scene07/L5__s20260821__0004.png::boost_e2,scene07,V,E3a,14,E,3a,0.503746,-13.3275,-0.1348,64.6075,6.5636,0
b2,43,b2_s43,ON_NEG,on/scene07/L5__s20260821__0004.png::boost_e2,scene07,V,D3b,18,D,3b,0.851082,-13.3275,-0.1348,64.6075,6.5636,0
b2,43,b2_s43,ON_NEG,on/scene07/L5__s20260821__0005.png::boost_e2,scene07,V,B3a,11,B,3a,0.628717,-5.0214,-1.8091,62.1167,8.8712,0
b2,43,b2_s43,ON_NEG,on/scene07/L5__s20260821__0005.png::boost_e2,scene07,V,C3a,12,C,3a,0.810488,-5.0214,-1.8091,62.1167,8.8712,0
b2,43,b2_s43,ON_NEG,on/scene07/L5__s20260821__0005.png::boost_e2,scene07,V,D3a,13,D,3a,0.632514,-5.0214,-1.8091,62.1167,8.8712,0
b2,43,b2_s43,ON_NEG,on/scene07/L5__s20260821__0005.png::boost_e2,scene07,V,A3b,15,A,3b,0.68875,-5.0214,-1.8091,62.1167,8.8712,0
b2,43,b2_s43,ON_NEG,on/scene07/L5__s20260821__0005.png::boost_e2,scene07,V,D3b,18,D,3b,0.508159,-5.0214,-1.8091,62.1167,8.8712,0
b2,43,b2_s43,ON_NEG,on/scene07/L5__s20260821__0005.png::boost_e2,scene07,V,E3b,19,E,3b,0.689802,-5.0214,-1.8091,62.1167,8.8712,0
b2,43,b2_s43,ON_NEG,on/scene07/L5__s20260821__0006.png::boost_e2,scene07,V,B3a,11,B,3a,0.588044,-12.1066,0.0159,62.3073,6.0804,0
b2,43,b2_s43,ON_NEG,on/scene07/L5__s20260821__0006.png::boost_e2,scene07,V,C3a,12,C,3a,0.559359,-12.1066,0.0159,62.3073,6.0804,0
b2,43,b2_s43,ON_NEG,on/scene07/L5__s20260821__0006.png::boost_e2,scene07,V,D3a,13,D,3a,0.56664,-12.1066,0.0159,62.3073,6.0804,0
b2,43,b2_s43,ON_NEG,on/scene07/L5__s20260821__0007.png::boost_e2,scene07,V,E3a,14,E,3a,0.515352,-12.7675,1.6425,64.5249,4.4163,0
b2,43,b2_s43,ON_NEG,on/scene07/L5__s20260821__0007.png::boost_e2,scene07,V,D3b,18,D,3b,0.730356,-12.7675,1.6425,64.5249,4.4163,0
b2,43,b2_s43,ON_NEG,on/scene07/L7__s20260821__0001.png::boost_e2,scene07,V,B3a,11,B,3a,0.543614,-8.6491,14.3681,62.653,6.526,0
b2,43,b2_s43,ON_NEG,on/scene07/L7__s20260821__0001.png::boost_e2,scene07,V,C3a,12,C,3a,0.841919,-8.6491,14.3681,62.653,6.526,0
b2,43,b2_s43,ON_NEG,on/scene07/L7__s20260821__0001.png::boost_e2,scene07,V,D3a,13,D,3a,0.597247,-8.6491,14.3681,62.653,6.526,0
b2,43,b2_s43,ON_NEG,on/scene07/L7__s20260821__0001.png::boost_e2,scene07,V,A3b,15,A,3b,0.804253,-8.6491,14.3681,62.653,6.526,0
b2,43,b2_s43,ON_NEG,on/scene07/L7__s20260821__0002.png::boost_e2,scene07,H_weak,B3a,11,B,3a,0.580942,-11.7553,7.174,61.7523,8.5736,0
b2,43,b2_s43,ON_NEG,on/scene07/L7__s20260821__0002.png::boost_e2,scene07,H_weak,C3a,12,C,3a,0.714033,-11.7553,7.174,61.7523,8.5736,0
b2,43,b2_s43,ON_NEG,on/scene07/L7__s20260821__0002.png::boost_e2,scene07,H_weak,E3b,19,E,3b,0.588432,-11.7553,7.174,61.7523,8.5736,0
b2,43,b2_s43,ON_NEG,on/scene07/L7__s20260821__0003.png::boost_e2,scene07,V,B3a,11,B,3a,0.592429,-11.0113,-0.6132,62.5016,7.1387,0
b2,43,b2_s43,ON_NEG,on/scene07/L7__s20260821__0003.png::boost_e2,scene07,V,C3a,12,C,3a,0.772563,-11.0113,-0.6132,62.5016,7.1387,0
b2,43,b2_s43,ON_NEG,on/scene07/L7__s20260821__0003.png::boost_e2,scene07,V,D3a,13,D,3a,0.621585,-11.0113,-0.6132,62.5016,7.1387,0
b2,43,b2_s43,ON_NEG,on/scene07/L7__s20260821__0003.png::boost_e2,scene07,V,A3b,15,A,3b,0.753585,-11.0113,-0.6132,62.5016,7.1387,0
b2,43,b2_s43,ON_NEG,on/scene07/L7__s20260821__0003.png::boost_e2,scene07,V,D3b,18,D,3b,0.921377,-11.0113,-0.6132,62.5016,7.1387,0
b2,43,b2_s43,ON_NEG,on/scene07/L7__s20260821__0004.png::boost_e2,scene07,V,B2,6,B,2,0.527354,-13.3275,-0.1348,64.6075,6.5636,0
b2,43,b2_s43,ON_NEG,on/scene07/L7__s20260821__0004.png::boost_e2,scene07,V,C2,7,C,2,0.523783,-13.3275,-0.1348,64.6075,6.5636,0
b2,43,b2_s43,ON_NEG,on/scene07/L7__s20260821__0004.png::boost_e2,scene07,V,E2,9,E,2,0.568114,-13.3275,-0.1348,64.6075,6.5636,0
b2,43,b2_s43,ON_NEG,on/scene07/L7__s20260821__0004.png::boost_e2,scene07,V,B3a,11,B,3a,0.739285,-13.3275,-0.1348,64.6075,6.5636,0
b2,43,b2_s43,ON_NEG,on/scene07/L7__s20260821__0004.png::boost_e2,scene07,V,C3a,12,C,3a,0.847017,-13.3275,-0.1348,64.6075,6.5636,0
b2,43,b2_s43,ON_NEG,on/scene07/L7__s20260821__0004.png::boost_e2,scene07,V,D3a,13,D,3a,0.70736,-13.3275,-0.1348,64.6075,6.5636,0
b2,43,b2_s43,ON_NEG,on/scene07/L7__s20260821__0004.png::boost_e2,scene07,V,D3b,18,D,3b,0.881206,-13.3275,-0.1348,64.6075,6.5636,0
b2,43,b2_s43,ON_NEG,on/scene07/L7__s20260821__0005.png::boost_e2,scene07,V,D2,8,D,2,0.574271,-5.0214,-1.8091,62.1167,8.8712,0
b2,43,b2_s43,ON_NEG,on/scene07/L7__s20260821__0005.png::boost_e2,scene07,V,B3a,11,B,3a,0.66232,-5.0214,-1.8091,62.1167,8.8712,0
b2,43,b2_s43,ON_NEG,on/scene07/L7__s20260821__0005.png::boost_e2,scene07,V,C3a,12,C,3a,0.831162,-5.0214,-1.8091,62.1167,8.8712,0
b2,43,b2_s43,ON_NEG,on/scene07/L7__s20260821__0005.png::boost_e2,scene07,V,D3a,13,D,3a,0.689022,-5.0214,-1.8091,62.1167,8.8712,0
b2,43,b2_s43,ON_NEG,on/scene07/L7__s20260821__0005.png::boost_e2,scene07,V,A3b,15,A,3b,0.597506,-5.0214,-1.8091,62.1167,8.8712,0
b2,43,b2_s43,ON_NEG,on/scene07/L7__s20260821__0005.png::boost_e2,scene07,V,D3b,18,D,3b,0.554358,-5.0214,-1.8091,62.1167,8.8712,0
b2,43,b2_s43,ON_NEG,on/scene07/L7__s20260821__0005.png::boost_e2,scene07,V,E3b,19,E,3b,0.692894,-5.0214,-1.8091,62.1167,8.8712,0
b2,43,b2_s43,ON_NEG,on/scene07/L7__s20260821__0006.png::boost_e2,scene07,V,C3a,12,C,3a,0.544378,-12.1066,0.0159,62.3073,6.0804,0
b2,43,b2_s43,ON_NEG,on/scene07/L7__s20260821__0006.png::boost_e2,scene07,V,D3a,13,D,3a,0.576051,-12.1066,0.0159,62.3073,6.0804,0
b2,43,b2_s43,ON_NEG,on/scene07/L7__s20260821__0007.png::boost_e2,scene07,V,D3b,18,D,3b,0.801639,-12.7675,1.6425,64.5249,4.4163,0
b2,43,b2_s43,ON_NEG,on/scene18/L0__s20260821__0003.png::boost_e2,scene18,E,C3a,12,C,3a,0.580602,-11.9451,-8.9088,61.9543,8.2439,0
b2,43,b2_s43,ON_NEG,on/scene18/L7__s20260821__0003.png::boost_e2,scene18,E,C3a,12,C,3a,0.628812,-11.9451,-8.9088,61.9543,8.2439,0
b2,44,b2_s44,OFF,off/scene05/L0__s20260819__0002.png,scene05,off,B3b,16,B,3b,0.85395,-10.3814,-5.3811,61.849,10.1547,0
b2,44,b2_s44,OFF,off/scene05/L0__s20260819__0002.png,scene05,off,C3b,17,C,3b,0.673018,-10.3814,-5.3811,61.849,10.1547,0
b2,44,b2_s44,OFF,off/scene05/L0__s20260819__0006.png,scene05,off,B3b,16,B,3b,0.78986,-7.598,-3.6478,63.1397,4.3849,0
b2,44,b2_s44,OFF,off/scene05/L5__s20260819__0001.png,scene05,off,C3b,17,C,3b,0.827891,-15.173,12.161,60.0807,9.829,0
b2,44,b2_s44,OFF,off/scene05/L5__s20260819__0001.png,scene05,off,D3b,18,D,3b,0.941142,-15.173,12.161,60.0807,9.829,0
b2,44,b2_s44,OFF,off/scene05/L5__s20260819__0002.png,scene05,off,B3b,16,B,3b,0.904733,-10.3814,-5.3811,61.849,10.1547,0
b2,44,b2_s44,OFF,off/scene05/L5__s20260819__0002.png,scene05,off,C3b,17,C,3b,0.86918,-10.3814,-5.3811,61.849,10.1547,0
b2,44,b2_s44,OFF,off/scene05/L5__s20260819__0006.png,scene05,off,A3b,15,A,3b,0.57376,-7.598,-3.6478,63.1397,4.3849,0
b2,44,b2_s44,OFF,off/scene05/L5__s20260819__0006.png,scene05,off,B3b,16,B,3b,0.976969,-7.598,-3.6478,63.1397,4.3849,0
b2,44,b2_s44,OFF,off/scene05/L5__s20260819__0006.png,scene05,off,C3b,17,C,3b,0.797202,-7.598,-3.6478,63.1397,4.3849,0
b2,44,b2_s44,OFF,off/scene05/L5__s20260819__0007.png,scene05,off,A3b,15,A,3b,0.827997,-11.0887,-6.1282,60.9132,3.4946,0
b2,44,b2_s44,OFF,off/scene05/L5__s20260819__0007.png,scene05,off,B3b,16,B,3b,0.859616,-11.0887,-6.1282,60.9132,3.4946,0
b2,44,b2_s44,OFF,off/scene05/L7__s20260819__0001.png,scene05,off,D3b,18,D,3b,0.570415,-15.173,12.161,60.0807,9.829,0
b2,44,b2_s44,OFF,off/scene05/L7__s20260819__0002.png,scene05,off,B3b,16,B,3b,0.822618,-10.3814,-5.3811,61.849,10.1547,0
b2,44,b2_s44,OFF,off/scene05/L7__s20260819__0002.png,scene05,off,C3b,17,C,3b,0.78747,-10.3814,-5.3811,61.849,10.1547,0
b2,44,b2_s44,OFF,off/scene05/L7__s20260819__0006.png,scene05,off,B3b,16,B,3b,0.694204,-7.598,-3.6478,63.1397,4.3849,0
b2,44,b2_s44,OFF,off/scene05/L7__s20260819__0007.png,scene05,off,A3b,15,A,3b,0.755236,-11.0887,-6.1282,60.9132,3.4946,0
b2,44,b2_s44,OFF,off/scene05/L7__s20260819__0007.png,scene05,off,B3b,16,B,3b,0.905098,-11.0887,-6.1282,60.9132,3.4946,0
b2,44,b2_s44,OFF,off/scene15/L0__s20260819__0003.png,scene15,off,B3a,11,B,3a,0.536749,-13.9162,-3.4361,63.7846,1.3693,0
b2,44,b2_s44,OFF,off/sceneC2/L2__s20260819__0003.png,sceneC2,off,B3b,16,B,3b,0.73514,-13.0594,-4.2489,62.4769,1.2525,0
b2,44,b2_s44,OFF,off/sceneC2/L2__s20260819__0004.png,sceneC2,off,B3b,16,B,3b,0.738343,-13.5389,11.6475,61.7574,2.2154,0
b2,44,b2_s44,OFF,off/sceneC2/L2__s20260819__0005.png,sceneC2,off,B3b,16,B,3b,0.792346,-13.9053,-4.7076,63.4803,4.5522,0
b2,44,b2_s44,OFF,off/sceneC2/L2__s20260819__0005.png,sceneC2,off,C3b,17,C,3b,0.872663,-13.9053,-4.7076,63.4803,4.5522,0
b2,44,b2_s44,OFF,off/sceneC2/L2__s20260819__0006.png,sceneC2,off,B3b,16,B,3b,0.690622,-11.6055,-2.8331,61.0412,4.3157,0
b2,44,b2_s44,OFF,off/sceneC2/L2__s20260819__0007.png,sceneC2,off,B3b,16,B,3b,0.74024,-12.5459,-0.5423,62.1216,1.5671,0
b2,44,b2_s44,OFF,off/sceneC2/L3__s20260819__0003.png,sceneC2,off,B3b,16,B,3b,0.829471,-13.0594,-4.2489,62.4769,1.2525,0
b2,44,b2_s44,OFF,off/sceneC2/L3__s20260819__0004.png,sceneC2,off,B3b,16,B,3b,0.744692,-13.5389,11.6475,61.7574,2.2154,0
b2,44,b2_s44,OFF,off/sceneC2/L3__s20260819__0005.png,sceneC2,off,B3b,16,B,3b,0.801296,-13.9053,-4.7076,63.4803,4.5522,0
b2,44,b2_s44,OFF,off/sceneC2/L3__s20260819__0005.png,sceneC2,off,C3b,17,C,3b,0.892337,-13.9053,-4.7076,63.4803,4.5522,0
b2,44,b2_s44,OFF,off/sceneC2/L3__s20260819__0006.png,sceneC2,off,B3b,16,B,3b,0.678019,-11.6055,-2.8331,61.0412,4.3157,0
b2,44,b2_s44,OFF,off/sceneC2/L3__s20260819__0007.png,sceneC2,off,B3b,16,B,3b,0.64661,-12.5459,-0.5423,62.1216,1.5671,0
b2,44,b2_s44,OFF,off/sceneC2/L7__s20260819__0000.png,sceneC2,off,B3b,16,B,3b,0.591259,-3.8125,-12.3059,62.9162,2.4832,0
b2,44,b2_s44,OFF,off/sceneC2/L7__s20260819__0001.png,sceneC2,off,B3b,16,B,3b,0.572553,-13.4518,-13.0389,63.5306,6.8638,0
b2,44,b2_s44,OFF,off/sceneC2/L7__s20260819__0002.png,sceneC2,off,B3b,16,B,3b,0.718815,-11.6494,-2.9872,60.6739,8.321,0
b2,44,b2_s44,OFF,off/sceneC2/L7__s20260819__0003.png,sceneC2,off,B3b,16,B,3b,0.84183,-13.0594,-4.2489,62.4769,1.2525,0
b2,44,b2_s44,OFF,off/sceneC2/L7__s20260819__0004.png,sceneC2,off,B3b,16,B,3b,0.658418,-13.5389,11.6475,61.7574,2.2154,0
b2,44,b2_s44,OFF,off/sceneC2/L7__s20260819__0005.png,sceneC2,off,B3b,16,B,3b,0.728572,-13.9053,-4.7076,63.4803,4.5522,0
b2,44,b2_s44,OFF,off/sceneC2/L7__s20260819__0005.png,sceneC2,off,C3b,17,C,3b,0.871881,-13.9053,-4.7076,63.4803,4.5522,0
b2,44,b2_s44,OFF,off/sceneC2/L7__s20260819__0007.png,sceneC2,off,A3b,15,A,3b,0.549451,-12.5459,-0.5423,62.1216,1.5671,0
b2,44,b2_s44,OFF,off/sceneC2/L7__s20260819__0007.png,sceneC2,off,B3b,16,B,3b,0.977482,-12.5459,-0.5423,62.1216,1.5671,0
b2,44,b2_s44,OFF,off/sceneC2/L7__s20260819__0007.png,sceneC2,off,C3b,17,C,3b,0.764955,-12.5459,-0.5423,62.1216,1.5671,0
b2,44,b2_s44,OFF,off/sceneN3/L5__s20260819__0002.png,sceneN3,off,B3a,11,B,3a,0.510384,-13.1516,1.5693,63.1068,1.7608,0
b2,44,b2_s44,OFF,off/sceneN3/L5__s20260819__0002.png,sceneN3,off,C3b,17,C,3b,0.627054,-13.1516,1.5693,63.1068,1.7608,0
b2,44,b2_s44,OFF,off/sceneN3/L5__s20260819__0005.png,sceneN3,off,A2,5,A,2,0.82687,-12.2129,-14.4798,63.1796,2.2677,0
b2,44,b2_s44,OFF,off/sceneN3/L5__s20260819__0005.png,sceneN3,off,B2,6,B,2,0.693962,-12.2129,-14.4798,63.1796,2.2677,0
b2,44,b2_s44,OFF,off/sceneN3/L5__s20260819__0005.png,sceneN3,off,C2,7,C,2,0.751053,-12.2129,-14.4798,63.1796,2.2677,0
b2,44,b2_s44,OFF,off/sceneN3/L5__s20260819__0005.png,sceneN3,off,D2,8,D,2,0.710777,-12.2129,-14.4798,63.1796,2.2677,0
b2,44,b2_s44,OFF,off/sceneN3/L5__s20260819__0005.png,sceneN3,off,A3a,10,A,3a,0.989083,-12.2129,-14.4798,63.1796,2.2677,0
b2,44,b2_s44,OFF,off/sceneN3/L5__s20260819__0005.png,sceneN3,off,B3a,11,B,3a,0.999289,-12.2129,-14.4798,63.1796,2.2677,0
b2,44,b2_s44,OFF,off/sceneN3/L5__s20260819__0005.png,sceneN3,off,C3a,12,C,3a,0.997913,-12.2129,-14.4798,63.1796,2.2677,0
b2,44,b2_s44,OFF,off/sceneN3/L5__s20260819__0005.png,sceneN3,off,D3a,13,D,3a,0.532507,-12.2129,-14.4798,63.1796,2.2677,0
b2,44,b2_s44,OFF,off/sceneN3/L5__s20260819__0005.png,sceneN3,off,A3b,15,A,3b,0.958881,-12.2129,-14.4798,63.1796,2.2677,0
b2,44,b2_s44,OFF,off/sceneN3/L5__s20260819__0005.png,sceneN3,off,B3b,16,B,3b,0.976956,-12.2129,-14.4798,63.1796,2.2677,0
b2,44,b2_s44,OFF,off/sceneN3/L5__s20260819__0005.png,sceneN3,off,C3b,17,C,3b,0.931757,-12.2129,-14.4798,63.1796,2.2677,0
b2,44,b2_s44,OFF,off/sceneN3/L7__s20260819__0002.png,sceneN3,off,B3a,11,B,3a,0.582093,-13.1516,1.5693,63.1068,1.7608,0
b2,44,b2_s44,OFF,off/sceneN3/L7__s20260819__0005.png,sceneN3,off,B3a,11,B,3a,0.741536,-12.2129,-14.4798,63.1796,2.2677,0
b2,44,b2_s44,OFF,off/sceneN3/L7__s20260819__0005.png,sceneN3,off,B3b,16,B,3b,0.559188,-12.2129,-14.4798,63.1796,2.2677,0
b2,44,b2_s44,OFF,off/sceneN3/L7__s20260819__0006.png,sceneN3,off,B3b,16,B,3b,0.55665,-7.7849,2.4667,60.503,4.7311,0
b2,44,b2_s44,OFF,off/scene05/L0__s20260820__0001.png::boost_e,scene05,off,B3b,16,B,3b,0.513257,-5.7189,0.3564,61.8831,9.8857,0
b2,44,b2_s44,OFF,off/scene05/L0__s20260820__0001.png::boost_e,scene05,off,C3b,17,C,3b,0.51812,-5.7189,0.3564,61.8831,9.8857,0
b2,44,b2_s44,OFF,off/scene05/L0__s20260820__0002.png::boost_e,scene05,off,B3b,16,B,3b,0.689971,-5.4996,-9.2457,63.6695,7.7708,0
b2,44,b2_s44,OFF,off/scene05/L0__s20260820__0002.png::boost_e,scene05,off,C3b,17,C,3b,0.820082,-5.4996,-9.2457,63.6695,7.7708,0
b2,44,b2_s44,OFF,off/scene05/L0__s20260820__0003.png::boost_e,scene05,off,B3b,16,B,3b,0.732317,-7.8027,0.1237,61.0834,6.3099,0
b2,44,b2_s44,OFF,off/scene05/L0__s20260820__0003.png::boost_e,scene05,off,C3b,17,C,3b,0.618665,-7.8027,0.1237,61.0834,6.3099,0
b2,44,b2_s44,OFF,off/scene05/L5__s20260820__0001.png::boost_e,scene05,off,B3b,16,B,3b,0.905544,-5.7189,0.3564,61.8831,9.8857,0
b2,44,b2_s44,OFF,off/scene05/L5__s20260820__0001.png::boost_e,scene05,off,C3b,17,C,3b,0.90049,-5.7189,0.3564,61.8831,9.8857,0
b2,44,b2_s44,OFF,off/scene05/L5__s20260820__0001.png::boost_e,scene05,off,D3b,18,D,3b,0.852051,-5.7189,0.3564,61.8831,9.8857,0
b2,44,b2_s44,OFF,off/scene05/L5__s20260820__0002.png::boost_e,scene05,off,B3a,11,B,3a,0.774414,-5.4996,-9.2457,63.6695,7.7708,0
b2,44,b2_s44,OFF,off/scene05/L5__s20260820__0002.png::boost_e,scene05,off,C3a,12,C,3a,0.694769,-5.4996,-9.2457,63.6695,7.7708,0
b2,44,b2_s44,OFF,off/scene05/L5__s20260820__0002.png::boost_e,scene05,off,A3b,15,A,3b,0.791476,-5.4996,-9.2457,63.6695,7.7708,0
b2,44,b2_s44,OFF,off/scene05/L5__s20260820__0002.png::boost_e,scene05,off,B3b,16,B,3b,0.92913,-5.4996,-9.2457,63.6695,7.7708,0
b2,44,b2_s44,OFF,off/scene05/L5__s20260820__0002.png::boost_e,scene05,off,C3b,17,C,3b,0.865991,-5.4996,-9.2457,63.6695,7.7708,0
b2,44,b2_s44,OFF,off/scene05/L5__s20260820__0002.png::boost_e,scene05,off,D3b,18,D,3b,0.735507,-5.4996,-9.2457,63.6695,7.7708,0
b2,44,b2_s44,OFF,off/scene05/L5__s20260820__0003.png::boost_e,scene05,off,A3b,15,A,3b,0.626292,-7.8027,0.1237,61.0834,6.3099,0
b2,44,b2_s44,OFF,off/scene05/L5__s20260820__0003.png::boost_e,scene05,off,B3b,16,B,3b,0.966985,-7.8027,0.1237,61.0834,6.3099,0
b2,44,b2_s44,OFF,off/scene05/L5__s20260820__0003.png::boost_e,scene05,off,C3b,17,C,3b,0.704,-7.8027,0.1237,61.0834,6.3099,0
b2,44,b2_s44,OFF,off/scene05/L5__s20260820__0005.png::boost_e,scene05,off,B3b,16,B,3b,0.52855,-9.9958,-4.8864,61.371,6.2772,0
b2,44,b2_s44,OFF,off/scene05/L7__s20260820__0002.png::boost_e,scene05,off,A3b,15,A,3b,0.802742,-5.4996,-9.2457,63.6695,7.7708,0
b2,44,b2_s44,OFF,off/scene05/L7__s20260820__0002.png::boost_e,scene05,off,B3b,16,B,3b,0.962826,-5.4996,-9.2457,63.6695,7.7708,0
b2,44,b2_s44,OFF,off/scene05/L7__s20260820__0002.png::boost_e,scene05,off,C3b,17,C,3b,0.912915,-5.4996,-9.2457,63.6695,7.7708,0
b2,44,b2_s44,OFF,off/scene05/L0__s20260821__0004.png::boost_e2,scene05,off,B3b,16,B,3b,0.714221,-5.7278,-7.1228,63.154,4.5329,0
b2,44,b2_s44,OFF,off/scene05/L5__s20260821__0004.png::boost_e2,scene05,off,A3b,15,A,3b,0.61182,-5.7278,-7.1228,63.154,4.5329,0
b2,44,b2_s44,OFF,off/scene05/L5__s20260821__0004.png::boost_e2,scene05,off,B3b,16,B,3b,0.892581,-5.7278,-7.1228,63.154,4.5329,0
b2,44,b2_s44,OFF,off/scene05/L5__s20260821__0004.png::boost_e2,scene05,off,C3b,17,C,3b,0.576379,-5.7278,-7.1228,63.154,4.5329,0
b2,44,b2_s44,OFF,off/scene05/L7__s20260821__0004.png::boost_e2,scene05,off,B3b,16,B,3b,0.601431,-5.7278,-7.1228,63.154,4.5329,0
b2,44,b2_s44,ON_NEG,on/scene07/L0__s20260819__0001.png,scene07,none_in_fov,C3a,12,C,3a,0.50585,-12.4971,7.4345,61.4783,11.6559,0
b2,44,b2_s44,ON_NEG,on/scene07/L0__s20260819__0001.png,scene07,none_in_fov,C3b,17,C,3b,0.513258,-12.4971,7.4345,61.4783,11.6559,0
b2,44,b2_s44,ON_NEG,on/scene07/L0__s20260819__0002.png,scene07,V,C3a,12,C,3a,0.640642,-7.922,-1.0116,61.5513,7.0947,0
b2,44,b2_s44,ON_NEG,on/scene07/L0__s20260819__0003.png,scene07,V,D3b,18,D,3b,0.648261,-9.8928,4.8712,61.7741,2.4361,0
b2,44,b2_s44,ON_NEG,on/scene07/L0__s20260819__0004.png,scene07,V,D2,8,D,2,0.565857,-12.8155,-12.0811,63.2809,3.8019,0
b2,44,b2_s44,ON_NEG,on/scene07/L0__s20260819__0004.png,scene07,V,C3a,12,C,3a,0.97309,-12.8155,-12.0811,63.2809,3.8019,0
b2,44,b2_s44,ON_NEG,on/scene07/L0__s20260819__0004.png,scene07,V,D3a,13,D,3a,0.617891,-12.8155,-12.0811,63.2809,3.8019,0
b2,44,b2_s44,ON_NEG,on/scene07/L0__s20260819__0004.png,scene07,V,C3b,17,C,3b,0.87351,-12.8155,-12.0811,63.2809,3.8019,0
b2,44,b2_s44,ON_NEG,on/scene07/L0__s20260819__0006.png,scene07,V,D3a,13,D,3a,0.74197,-3.7993,3.5452,60.5677,1.5559,0
b2,44,b2_s44,ON_NEG,on/scene07/L0__s20260819__0006.png,scene07,V,D3b,18,D,3b,0.869569,-3.7993,3.5452,60.5677,1.5559,0
b2,44,b2_s44,ON_NEG,on/scene07/L0__s20260819__0007.png,scene07,V,C3b,17,C,3b,0.863859,-9.7299,-3.7756,59.9335,3.9995,0
b2,44,b2_s44,ON_NEG,on/scene07/L5__s20260819__0003.png,scene07,V,D3b,18,D,3b,0.897764,-9.8928,4.8712,61.7741,2.4361,0
b2,44,b2_s44,ON_NEG,on/scene07/L5__s20260819__0004.png,scene07,V,C3b,17,C,3b,0.763328,-12.8155,-12.0811,63.2809,3.8019,0
b2,44,b2_s44,ON_NEG,on/scene07/L5__s20260819__0005.png,scene07,V,A3b,15,A,3b,0.86143,-9.3221,15.6943,62.9084,4.5788,0
b2,44,b2_s44,ON_NEG,on/scene07/L5__s20260819__0005.png,scene07,V,E3b,19,E,3b,0.97684,-9.3221,15.6943,62.9084,4.5788,0
b2,44,b2_s44,ON_NEG,on/scene07/L5__s20260819__0006.png,scene07,V,D3a,13,D,3a,0.940201,-3.7993,3.5452,60.5677,1.5559,0
b2,44,b2_s44,ON_NEG,on/scene07/L5__s20260819__0006.png,scene07,V,D3b,18,D,3b,0.932175,-3.7993,3.5452,60.5677,1.5559,0
b2,44,b2_s44,ON_NEG,on/scene07/L5__s20260819__0006.png,scene07,V,E3b,19,E,3b,0.700582,-3.7993,3.5452,60.5677,1.5559,0
b2,44,b2_s44,ON_NEG,on/scene07/L7__s20260819__0003.png,scene07,V,E3a,14,E,3a,0.585078,-9.8928,4.8712,61.7741,2.4361,0
b2,44,b2_s44,ON_NEG,on/scene07/L7__s20260819__0003.png,scene07,V,D3b,18,D,3b,0.876769,-9.8928,4.8712,61.7741,2.4361,0
b2,44,b2_s44,ON_NEG,on/scene07/L7__s20260819__0004.png,scene07,V,C3b,17,C,3b,0.556321,-12.8155,-12.0811,63.2809,3.8019,0
b2,44,b2_s44,ON_NEG,on/scene14/L0__s20260819__0002.png,scene14,V,B1,1,B,1,0.72457,-13.2604,4.4652,60.6011,1.3141,0
b2,44,b2_s44,ON_NEG,on/scene14/L0__s20260819__0002.png,scene14,V,C1,2,C,1,0.599706,-13.2604,4.4652,60.6011,1.3141,0
b2,44,b2_s44,ON_NEG,on/scene14/L0__s20260819__0002.png,scene14,V,D1,3,D,1,0.719667,-13.2604,4.4652,60.6011,1.3141,0
b2,44,b2_s44,ON_NEG,on/scene14/L0__s20260819__0005.png,scene14,V,A2,5,A,2,0.788409,-11.6875,3.1562,60.5808,4.4487,0
b2,44,b2_s44,ON_NEG,on/scene14/L0__s20260819__0005.png,scene14,V,B2,6,B,2,0.888146,-11.6875,3.1562,60.5808,4.4487,0
b2,44,b2_s44,ON_NEG,on/scene14/L0__s20260819__0005.png,scene14,V,C2,7,C,2,0.816,-11.6875,3.1562,60.5808,4.4487,0
b2,44,b2_s44,ON_NEG,on/scene14/L0__s20260819__0005.png,scene14,V,D2,8,D,2,0.935606,-11.6875,3.1562,60.5808,4.4487,0
b2,44,b2_s44,ON_NEG,on/scene14/L0__s20260819__0005.png,scene14,V,E2,9,E,2,0.95503,-11.6875,3.1562,60.5808,4.4487,0
b2,44,b2_s44,ON_NEG,on/scene14/L5__s20260819__0002.png,scene14,V,B1,1,B,1,0.620429,-13.2604,4.4652,60.6011,1.3141,0
b2,44,b2_s44,ON_NEG,on/scene14/L5__s20260819__0002.png,scene14,V,C1,2,C,1,0.530253,-13.2604,4.4652,60.6011,1.3141,0
b2,44,b2_s44,ON_NEG,on/scene14/L5__s20260819__0002.png,scene14,V,D1,3,D,1,0.524391,-13.2604,4.4652,60.6011,1.3141,0
b2,44,b2_s44,ON_NEG,on/scene14/L7__s20260819__0002.png,scene14,V,B1,1,B,1,0.639004,-13.2604,4.4652,60.6011,1.3141,0
b2,44,b2_s44,ON_NEG,on/scene14/L7__s20260819__0002.png,scene14,V,C1,2,C,1,0.624655,-13.2604,4.4652,60.6011,1.3141,0
b2,44,b2_s44,ON_NEG,on/scene14/L7__s20260819__0002.png,scene14,V,D1,3,D,1,0.660434,-13.2604,4.4652,60.6011,1.3141,0
b2,44,b2_s44,ON_NEG,on/scene14/L7__s20260819__0005.png,scene14,V,C2,7,C,2,0.553123,-11.6875,3.1562,60.5808,4.4487,0
b2,44,b2_s44,ON_NEG,on/scene14/L7__s20260819__0005.png,scene14,V,D2,8,D,2,0.682078,-11.6875,3.1562,60.5808,4.4487,0
b2,44,b2_s44,ON_NEG,on/scene14/L7__s20260819__0005.png,scene14,V,E2,9,E,2,0.792204,-11.6875,3.1562,60.5808,4.4487,0
b2,44,b2_s44,ON_NEG,on/scene15/L0__s20260819__0001.png,scene15,V,D2,8,D,2,0.726873,-7.5218,-9.2458,61.8359,1.858,0
b2,44,b2_s44,ON_NEG,on/scene15/L0__s20260819__0001.png,scene15,V,E2,9,E,2,0.718718,-7.5218,-9.2458,61.8359,1.858,0
b2,44,b2_s44,ON_NEG,on/scene15/L0__s20260819__0001.png,scene15,V,A3a,10,A,3a,0.625706,-7.5218,-9.2458,61.8359,1.858,0
b2,44,b2_s44,ON_NEG,on/scene15/L0__s20260819__0001.png,scene15,V,D3a,13,D,3a,0.751982,-7.5218,-9.2458,61.8359,1.858,0
b2,44,b2_s44,ON_NEG,on/scene15/L0__s20260819__0003.png,scene15,V,A2,5,A,2,0.881782,-13.9162,-3.4361,63.7846,1.3693,0
b2,44,b2_s44,ON_NEG,on/scene15/L0__s20260819__0003.png,scene15,V,E2,9,E,2,0.886527,-13.9162,-3.4361,63.7846,1.3693,0
b2,44,b2_s44,ON_NEG,on/scene15/L0__s20260819__0003.png,scene15,V,A3a,10,A,3a,0.96957,-13.9162,-3.4361,63.7846,1.3693,0
b2,44,b2_s44,ON_NEG,on/scene15/L0__s20260819__0003.png,scene15,V,D3a,13,D,3a,0.934672,-13.9162,-3.4361,63.7846,1.3693,0
b2,44,b2_s44,ON_NEG,on/scene15/L0__s20260819__0003.png,scene15,V,A3b,15,A,3b,0.93559,-13.9162,-3.4361,63.7846,1.3693,0
b2,44,b2_s44,ON_NEG,on/scene15/L0__s20260819__0003.png,scene15,V,B3b,16,B,3b,0.991561,-13.9162,-3.4361,63.7846,1.3693,0
b2,44,b2_s44,ON_NEG,on/scene15/L0__s20260819__0003.png,scene15,V,D3b,18,D,3b,0.649552,-13.9162,-3.4361,63.7846,1.3693,0
b2,44,b2_s44,ON_NEG,on/scene15/L0__s20260819__0005.png,scene15,V,A2,5,A,2,0.539837,-12.9205,6.4099,63.9932,3.0224,0
b2,44,b2_s44,ON_NEG,on/scene15/L0__s20260819__0005.png,scene15,V,B2,6,B,2,0.918184,-12.9205,6.4099,63.9932,3.0224,0
b2,44,b2_s44,ON_NEG,on/scene15/L0__s20260819__0005.png,scene15,V,E2,9,E,2,0.853716,-12.9205,6.4099,63.9932,3.0224,0
b2,44,b2_s44,ON_NEG,on/scene15/L0__s20260819__0005.png,scene15,V,B3a,11,B,3a,0.910786,-12.9205,6.4099,63.9932,3.0224,0
b2,44,b2_s44,ON_NEG,on/scene15/L0__s20260819__0005.png,scene15,V,E3a,14,E,3a,0.699601,-12.9205,6.4099,63.9932,3.0224,0
b2,44,b2_s44,ON_NEG,on/scene15/L0__s20260819__0005.png,scene15,V,B3b,16,B,3b,0.63879,-12.9205,6.4099,63.9932,3.0224,0
b2,44,b2_s44,ON_NEG,on/scene15/L0__s20260819__0006.png,scene15,V,E2,9,E,2,0.512662,-9.1914,-18.2162,60.3765,2.2421,0
b2,44,b2_s44,ON_NEG,on/scene15/L0__s20260819__0006.png,scene15,V,C3a,12,C,3a,0.943834,-9.1914,-18.2162,60.3765,2.2421,0
b2,44,b2_s44,ON_NEG,on/scene15/L0__s20260819__0006.png,scene15,V,D3a,13,D,3a,0.772806,-9.1914,-18.2162,60.3765,2.2421,0
b2,44,b2_s44,ON_NEG,on/scene15/L0__s20260819__0006.png,scene15,V,C3b,17,C,3b,0.64733,-9.1914,-18.2162,60.3765,2.2421,0
b2,44,b2_s44,ON_NEG,on/scene15/L4__s20260819__0001.png,scene15,V,E2,9,E,2,0.521852,-7.5218,-9.2458,61.8359,1.858,0
b2,44,b2_s44,ON_NEG,on/scene15/L4__s20260819__0001.png,scene15,V,D3a,13,D,3a,0.550594,-7.5218,-9.2458,61.8359,1.858,0
b2,44,b2_s44,ON_NEG,on/scene15/L4__s20260819__0003.png,scene15,V,E2,9,E,2,0.702943,-13.9162,-3.4361,63.7846,1.3693,0
b2,44,b2_s44,ON_NEG,on/scene15/L4__s20260819__0003.png,scene15,V,D3a,13,D,3a,0.662567,-13.9162,-3.4361,63.7846,1.3693,0
b2,44,b2_s44,ON_NEG,on/scene15/L4__s20260819__0003.png,scene15,V,B3b,16,B,3b,0.756234,-13.9162,-3.4361,63.7846,1.3693,0
b2,44,b2_s44,ON_NEG,on/scene15/L4__s20260819__0005.png,scene15,V,A2,5,A,2,0.505157,-12.9205,6.4099,63.9932,3.0224,0
b2,44,b2_s44,ON_NEG,on/scene15/L4__s20260819__0005.png,scene15,V,B2,6,B,2,0.833862,-12.9205,6.4099,63.9932,3.0224,0
b2,44,b2_s44,ON_NEG,on/scene15/L4__s20260819__0005.png,scene15,V,E2,9,E,2,0.566922,-12.9205,6.4099,63.9932,3.0224,0
b2,44,b2_s44,ON_NEG,on/scene15/L4__s20260819__0005.png,scene15,V,B3a,11,B,3a,0.922465,-12.9205,6.4099,63.9932,3.0224,0
b2,44,b2_s44,ON_NEG,on/scene15/L4__s20260819__0005.png,scene15,V,B3b,16,B,3b,0.58228,-12.9205,6.4099,63.9932,3.0224,0
b2,44,b2_s44,ON_NEG,on/scene15/L4__s20260819__0006.png,scene15,V,D2,8,D,2,0.713035,-9.1914,-18.2162,60.3765,2.2421,0
b2,44,b2_s44,ON_NEG,on/scene15/L4__s20260819__0006.png,scene15,V,C3a,12,C,3a,0.95899,-9.1914,-18.2162,60.3765,2.2421,0
b2,44,b2_s44,ON_NEG,on/scene15/L4__s20260819__0006.png,scene15,V,D3a,13,D,3a,0.600184,-9.1914,-18.2162,60.3765,2.2421,0
b2,44,b2_s44,ON_NEG,on/scene15/L4__s20260819__0006.png,scene15,V,C3b,17,C,3b,0.810087,-9.1914,-18.2162,60.3765,2.2421,0
b2,44,b2_s44,ON_NEG,on/scene15/L7__s20260819__0001.png,scene15,V,D2,8,D,2,0.58039,-7.5218,-9.2458,61.8359,1.858,0
b2,44,b2_s44,ON_NEG,on/scene15/L7__s20260819__0001.png,scene15,V,E2,9,E,2,0.56596,-7.5218,-9.2458,61.8359,1.858,0
b2,44,b2_s44,ON_NEG,on/scene15/L7__s20260819__0001.png,scene15,V,A3a,10,A,3a,0.597537,-7.5218,-9.2458,61.8359,1.858,0
b2,44,b2_s44,ON_NEG,on/scene15/L7__s20260819__0001.png,scene15,V,D3a,13,D,3a,0.741124,-7.5218,-9.2458,61.8359,1.858,0
b2,44,b2_s44,ON_NEG,on/scene15/L7__s20260819__0001.png,scene15,V,D3b,18,D,3b,0.5127,-7.5218,-9.2458,61.8359,1.858,0
b2,44,b2_s44,ON_NEG,on/scene15/L7__s20260819__0003.png,scene15,V,A2,5,A,2,0.509356,-13.9162,-3.4361,63.7846,1.3693,0
b2,44,b2_s44,ON_NEG,on/scene15/L7__s20260819__0003.png,scene15,V,E2,9,E,2,0.821497,-13.9162,-3.4361,63.7846,1.3693,0
b2,44,b2_s44,ON_NEG,on/scene15/L7__s20260819__0003.png,scene15,V,A3a,10,A,3a,0.737656,-13.9162,-3.4361,63.7846,1.3693,0
b2,44,b2_s44,ON_NEG,on/scene15/L7__s20260819__0003.png,scene15,V,D3a,13,D,3a,0.868835,-13.9162,-3.4361,63.7846,1.3693,0
b2,44,b2_s44,ON_NEG,on/scene15/L7__s20260819__0003.png,scene15,V,A3b,15,A,3b,0.71072,-13.9162,-3.4361,63.7846,1.3693,0
b2,44,b2_s44,ON_NEG,on/scene15/L7__s20260819__0003.png,scene15,V,B3b,16,B,3b,0.950839,-13.9162,-3.4361,63.7846,1.3693,0
b2,44,b2_s44,ON_NEG,on/scene15/L7__s20260819__0003.png,scene15,V,D3b,18,D,3b,0.714784,-13.9162,-3.4361,63.7846,1.3693,0
b2,44,b2_s44,ON_NEG,on/scene15/L7__s20260819__0005.png,scene15,V,A2,5,A,2,0.671709,-12.9205,6.4099,63.9932,3.0224,0
b2,44,b2_s44,ON_NEG,on/scene15/L7__s20260819__0005.png,scene15,V,B2,6,B,2,0.903922,-12.9205,6.4099,63.9932,3.0224,0
b2,44,b2_s44,ON_NEG,on/scene15/L7__s20260819__0005.png,scene15,V,E2,9,E,2,0.769377,-12.9205,6.4099,63.9932,3.0224,0
b2,44,b2_s44,ON_NEG,on/scene15/L7__s20260819__0005.png,scene15,V,A3a,10,A,3a,0.587238,-12.9205,6.4099,63.9932,3.0224,0
b2,44,b2_s44,ON_NEG,on/scene15/L7__s20260819__0005.png,scene15,V,B3a,11,B,3a,0.94272,-12.9205,6.4099,63.9932,3.0224,0
b2,44,b2_s44,ON_NEG,on/scene15/L7__s20260819__0005.png,scene15,V,E3a,14,E,3a,0.606466,-12.9205,6.4099,63.9932,3.0224,0
b2,44,b2_s44,ON_NEG,on/scene15/L7__s20260819__0005.png,scene15,V,A3b,15,A,3b,0.701888,-12.9205,6.4099,63.9932,3.0224,0
b2,44,b2_s44,ON_NEG,on/scene15/L7__s20260819__0005.png,scene15,V,B3b,16,B,3b,0.842742,-12.9205,6.4099,63.9932,3.0224,0
b2,44,b2_s44,ON_NEG,on/scene15/L7__s20260819__0006.png,scene15,V,D2,8,D,2,0.665667,-9.1914,-18.2162,60.3765,2.2421,0
b2,44,b2_s44,ON_NEG,on/scene15/L7__s20260819__0006.png,scene15,V,C3a,12,C,3a,0.936183,-9.1914,-18.2162,60.3765,2.2421,0
b2,44,b2_s44,ON_NEG,on/scene15/L7__s20260819__0006.png,scene15,V,D3a,13,D,3a,0.723927,-9.1914,-18.2162,60.3765,2.2421,0
b2,44,b2_s44,ON_NEG,on/scene15/L7__s20260819__0006.png,scene15,V,C3b,17,C,3b,0.893858,-9.1914,-18.2162,60.3765,2.2421,0
b2,44,b2_s44,ON_NEG,on/sceneC2/L2__s20260819__0001.png,sceneC2,V,D3b,18,D,3b,0.503716,-13.4518,-13.0389,63.5306,6.8638,0
b2,44,b2_s44,ON_NEG,on/sceneC2/L2__s20260819__0002.png,sceneC2,V,A3a,10,A,3a,0.526202,-11.6494,-2.9872,60.6739,8.321,0
b2,44,b2_s44,ON_NEG,on/sceneC2/L2__s20260819__0002.png,sceneC2,V,B3a,11,B,3a,0.922593,-11.6494,-2.9872,60.6739,8.321,0
b2,44,b2_s44,ON_NEG,on/sceneC2/L2__s20260819__0002.png,sceneC2,V,C3a,12,C,3a,0.794452,-11.6494,-2.9872,60.6739,8.321,0
b2,44,b2_s44,ON_NEG,on/sceneC2/L2__s20260819__0002.png,sceneC2,V,A3b,15,A,3b,0.997672,-11.6494,-2.9872,60.6739,8.321,0
b2,44,b2_s44,ON_NEG,on/sceneC2/L2__s20260819__0002.png,sceneC2,V,D3b,18,D,3b,0.960328,-11.6494,-2.9872,60.6739,8.321,0
b2,44,b2_s44,ON_NEG,on/sceneC2/L2__s20260819__0002.png,sceneC2,V,E3b,19,E,3b,0.861454,-11.6494,-2.9872,60.6739,8.321,0
b2,44,b2_s44,ON_NEG,on/sceneC2/L2__s20260819__0004.png,sceneC2,V,A3a,10,A,3a,0.983145,-13.5389,11.6475,61.7574,2.2154,0
b2,44,b2_s44,ON_NEG,on/sceneC2/L2__s20260819__0005.png,sceneC2,V,A3a,10,A,3a,0.519571,-13.9053,-4.7076,63.4803,4.5522,0
b2,44,b2_s44,ON_NEG,on/sceneC2/L2__s20260819__0006.png,sceneC2,V,A3a,10,A,3a,0.563563,-11.6055,-2.8331,61.0412,4.3157,0
b2,44,b2_s44,ON_NEG,on/sceneC2/L3__s20260819__0001.png,sceneC2,V,D3b,18,D,3b,0.564979,-13.4518,-13.0389,63.5306,6.8638,0
b2,44,b2_s44,ON_NEG,on/sceneC2/L3__s20260819__0002.png,sceneC2,V,A3a,10,A,3a,0.554705,-11.6494,-2.9872,60.6739,8.321,0
b2,44,b2_s44,ON_NEG,on/sceneC2/L3__s20260819__0002.png,sceneC2,V,B3a,11,B,3a,0.927401,-11.6494,-2.9872,60.6739,8.321,0
b2,44,b2_s44,ON_NEG,on/sceneC2/L3__s20260819__0002.png,sceneC2,V,C3a,12,C,3a,0.786018,-11.6494,-2.9872,60.6739,8.321,0
b2,44,b2_s44,ON_NEG,on/sceneC2/L3__s20260819__0002.png,sceneC2,V,A3b,15,A,3b,0.997339,-11.6494,-2.9872,60.6739,8.321,0
b2,44,b2_s44,ON_NEG,on/sceneC2/L3__s20260819__0002.png,sceneC2,V,D3b,18,D,3b,0.951893,-11.6494,-2.9872,60.6739,8.321,0
b2,44,b2_s44,ON_NEG,on/sceneC2/L3__s20260819__0002.png,sceneC2,V,E3b,19,E,3b,0.854709,-11.6494,-2.9872,60.6739,8.321,0
b2,44,b2_s44,ON_NEG,on/sceneC2/L3__s20260819__0004.png,sceneC2,V,A3a,10,A,3a,0.986151,-13.5389,11.6475,61.7574,2.2154,0
b2,44,b2_s44,ON_NEG,on/sceneC2/L3__s20260819__0005.png,sceneC2,V,A3a,10,A,3a,0.553435,-13.9053,-4.7076,63.4803,4.5522,0
b2,44,b2_s44,ON_NEG,on/sceneC2/L3__s20260819__0006.png,sceneC2,V,A3a,10,A,3a,0.716356,-11.6055,-2.8331,61.0412,4.3157,0
b2,44,b2_s44,ON_NEG,on/sceneC2/L3__s20260819__0006.png,sceneC2,V,E3a,14,E,3a,0.536982,-11.6055,-2.8331,61.0412,4.3157,0
b2,44,b2_s44,ON_NEG,on/sceneC2/L7__s20260819__0001.png,sceneC2,V,D3b,18,D,3b,0.852469,-13.4518,-13.0389,63.5306,6.8638,0
b2,44,b2_s44,ON_NEG,on/sceneC2/L7__s20260819__0001.png,sceneC2,V,E3b,19,E,3b,0.522718,-13.4518,-13.0389,63.5306,6.8638,0
b2,44,b2_s44,ON_NEG,on/sceneC2/L7__s20260819__0002.png,sceneC2,V,A3a,10,A,3a,0.669365,-11.6494,-2.9872,60.6739,8.321,0
b2,44,b2_s44,ON_NEG,on/sceneC2/L7__s20260819__0002.png,sceneC2,V,B3a,11,B,3a,0.933575,-11.6494,-2.9872,60.6739,8.321,0
b2,44,b2_s44,ON_NEG,on/sceneC2/L7__s20260819__0002.png,sceneC2,V,C3a,12,C,3a,0.704232,-11.6494,-2.9872,60.6739,8.321,0
b2,44,b2_s44,ON_NEG,on/sceneC2/L7__s20260819__0002.png,sceneC2,V,A3b,15,A,3b,0.997179,-11.6494,-2.9872,60.6739,8.321,0
b2,44,b2_s44,ON_NEG,on/sceneC2/L7__s20260819__0002.png,sceneC2,V,D3b,18,D,3b,0.961369,-11.6494,-2.9872,60.6739,8.321,0
b2,44,b2_s44,ON_NEG,on/sceneC2/L7__s20260819__0002.png,sceneC2,V,E3b,19,E,3b,0.892249,-11.6494,-2.9872,60.6739,8.321,0
b2,44,b2_s44,ON_NEG,on/sceneC2/L7__s20260819__0004.png,sceneC2,V,A3a,10,A,3a,0.986793,-13.5389,11.6475,61.7574,2.2154,0
b2,44,b2_s44,ON_NEG,on/sceneC2/L7__s20260819__0006.png,sceneC2,V,A3a,10,A,3a,0.751413,-11.6055,-2.8331,61.0412,4.3157,0
b2,44,b2_s44,ON_NEG,on/sceneN3/L0__s20260819__0005.png,sceneN3,none_in_fov,B3a,11,B,3a,0.540752,-12.2129,-14.4798,63.1796,2.2677,0
b2,44,b2_s44,ON_NEG,on/sceneN3/L5__s20260819__0002.png,sceneN3,none_in_fov,C3b,17,C,3b,0.79654,-13.1516,1.5693,63.1068,1.7608,0
b2,44,b2_s44,ON_NEG,on/sceneN3/L5__s20260819__0005.png,sceneN3,none_in_fov,A2,5,A,2,0.90734,-12.2129,-14.4798,63.1796,2.2677,0
b2,44,b2_s44,ON_NEG,on/sceneN3/L5__s20260819__0005.png,sceneN3,none_in_fov,B2,6,B,2,0.799404,-12.2129,-14.4798,63.1796,2.2677,0
b2,44,b2_s44,ON_NEG,on/sceneN3/L5__s20260819__0005.png,sceneN3,none_in_fov,C2,7,C,2,0.743528,-12.2129,-14.4798,63.1796,2.2677,0
b2,44,b2_s44,ON_NEG,on/sceneN3/L5__s20260819__0005.png,sceneN3,none_in_fov,D2,8,D,2,0.772498,-12.2129,-14.4798,63.1796,2.2677,0
b2,44,b2_s44,ON_NEG,on/sceneN3/L5__s20260819__0005.png,sceneN3,none_in_fov,A3a,10,A,3a,0.995162,-12.2129,-14.4798,63.1796,2.2677,0
b2,44,b2_s44,ON_NEG,on/sceneN3/L5__s20260819__0005.png,sceneN3,none_in_fov,B3a,11,B,3a,0.998795,-12.2129,-14.4798,63.1796,2.2677,0
b2,44,b2_s44,ON_NEG,on/sceneN3/L5__s20260819__0005.png,sceneN3,none_in_fov,C3a,12,C,3a,0.995678,-12.2129,-14.4798,63.1796,2.2677,0
b2,44,b2_s44,ON_NEG,on/sceneN3/L5__s20260819__0005.png,sceneN3,none_in_fov,D3a,13,D,3a,0.630148,-12.2129,-14.4798,63.1796,2.2677,0
b2,44,b2_s44,ON_NEG,on/sceneN3/L5__s20260819__0005.png,sceneN3,none_in_fov,A3b,15,A,3b,0.983759,-12.2129,-14.4798,63.1796,2.2677,0
b2,44,b2_s44,ON_NEG,on/sceneN3/L5__s20260819__0005.png,sceneN3,none_in_fov,B3b,16,B,3b,0.990661,-12.2129,-14.4798,63.1796,2.2677,0
b2,44,b2_s44,ON_NEG,on/sceneN3/L5__s20260819__0005.png,sceneN3,none_in_fov,C3b,17,C,3b,0.970528,-12.2129,-14.4798,63.1796,2.2677,0
b2,44,b2_s44,ON_NEG,on/sceneN3/L5__s20260819__0005.png,sceneN3,none_in_fov,D3b,18,D,3b,0.502572,-12.2129,-14.4798,63.1796,2.2677,0
b2,44,b2_s44,ON_NEG,on/sceneN3/L7__s20260819__0005.png,sceneN3,none_in_fov,A3a,10,A,3a,0.784931,-12.2129,-14.4798,63.1796,2.2677,0
b2,44,b2_s44,ON_NEG,on/sceneN3/L7__s20260819__0005.png,sceneN3,none_in_fov,B3a,11,B,3a,0.913807,-12.2129,-14.4798,63.1796,2.2677,0
b2,44,b2_s44,ON_NEG,on/sceneN3/L7__s20260819__0005.png,sceneN3,none_in_fov,C3a,12,C,3a,0.704577,-12.2129,-14.4798,63.1796,2.2677,0
b2,44,b2_s44,ON_NEG,on/sceneN3/L7__s20260819__0005.png,sceneN3,none_in_fov,A3b,15,A,3b,0.776895,-12.2129,-14.4798,63.1796,2.2677,0
b2,44,b2_s44,ON_NEG,on/sceneN3/L7__s20260819__0005.png,sceneN3,none_in_fov,B3b,16,B,3b,0.938015,-12.2129,-14.4798,63.1796,2.2677,0
b2,44,b2_s44,ON_NEG,on/sceneN3/L7__s20260819__0005.png,sceneN3,none_in_fov,C3b,17,C,3b,0.645694,-12.2129,-14.4798,63.1796,2.2677,0
b2,44,b2_s44,ON_NEG,on/sceneN3/L7__s20260819__0006.png,sceneN3,none_in_fov,B3b,16,B,3b,0.552912,-7.7849,2.4667,60.503,4.7311,0
b2,44,b2_s44,ON_NEG,on/scene14/L7__s20260820__0002.png::boost_h,scene14,none_in_fov,C3b,17,C,3b,0.652815,-7.0039,2.401,63.1403,11.657,0
b2,44,b2_s44,ON_NEG,on/scene07/L0__s20260820__0000.png::boost_e,scene07,V,C3a,12,C,3a,0.511907,-10.2409,14.1283,61.8254,9.3533,0
b2,44,b2_s44,ON_NEG,on/scene07/L0__s20260820__0001.png::boost_e,scene07,V,D2,8,D,2,0.506399,-8.7737,-1.6736,63.801,8.4933,0
b2,44,b2_s44,ON_NEG,on/scene07/L0__s20260820__0001.png::boost_e,scene07,V,B3a,11,B,3a,0.850641,-8.7737,-1.6736,63.801,8.4933,0
b2,44,b2_s44,ON_NEG,on/scene07/L0__s20260820__0001.png::boost_e,scene07,V,C3a,12,C,3a,0.957543,-8.7737,-1.6736,63.801,8.4933,0
b2,44,b2_s44,ON_NEG,on/scene07/L0__s20260820__0002.png::boost_e,scene07,V,B3a,11,B,3a,0.52397,-11.7844,-0.5026,59.071,6.034,0
b2,44,b2_s44,ON_NEG,on/scene07/L0__s20260820__0002.png::boost_e,scene07,V,C3a,12,C,3a,0.659558,-11.7844,-0.5026,59.071,6.034,0
b2,44,b2_s44,ON_NEG,on/scene07/L0__s20260820__0006.png::boost_e,scene07,V,C3a,12,C,3a,0.530329,-7.4676,-1.6241,59.074,6.6363,0
b2,44,b2_s44,ON_NEG,on/scene07/L0__s20260820__0007.png::boost_e,scene07,none_in_fov,C3a,12,C,3a,0.523391,-8.8831,-5.8973,62.4612,11.793,0
b2,44,b2_s44,ON_NEG,on/scene07/L0__s20260820__0007.png::boost_e,scene07,none_in_fov,C3b,17,C,3b,0.821616,-8.8831,-5.8973,62.4612,11.793,0
b2,44,b2_s44,ON_NEG,on/scene07/L5__s20260820__0005.png::boost_e,scene07,V,B3a,11,B,3a,0.507534,-13.5151,3.1873,60.3528,6.7166,0
b2,44,b2_s44,ON_NEG,on/scene07/L5__s20260820__0005.png::boost_e,scene07,V,A3b,15,A,3b,0.785016,-13.5151,3.1873,60.3528,6.7166,0
b2,44,b2_s44,ON_NEG,on/scene07/L5__s20260820__0005.png::boost_e,scene07,V,D3b,18,D,3b,0.790232,-13.5151,3.1873,60.3528,6.7166,0
b2,44,b2_s44,ON_NEG,on/scene07/L5__s20260820__0007.png::boost_e,scene07,none_in_fov,C3b,17,C,3b,0.609206,-8.8831,-5.8973,62.4612,11.793,0
b2,44,b2_s44,ON_NEG,on/scene07/L7__s20260820__0007.png::boost_e,scene07,none_in_fov,B3b,16,B,3b,0.507973,-8.8831,-5.8973,62.4612,11.793,0
b2,44,b2_s44,ON_NEG,on/scene07/L7__s20260820__0007.png::boost_e,scene07,none_in_fov,C3b,17,C,3b,0.662136,-8.8831,-5.8973,62.4612,11.793,0
b2,44,b2_s44,ON_NEG,on/scene14/L5__s20260820__0002.png::boost_e,scene14,none_in_fov,D3b,18,D,3b,0.502314,-7.0039,2.401,63.1403,11.657,0
b2,44,b2_s44,ON_NEG,on/scene14/L7__s20260820__0002.png::boost_e,scene14,none_in_fov,C3b,17,C,3b,0.683577,-7.0039,2.401,63.1403,11.657,0
b2,44,b2_s44,ON_NEG,on/scene14/L7__s20260820__0002.png::boost_e,scene14,none_in_fov,D3b,18,D,3b,0.640815,-7.0039,2.401,63.1403,11.657,0
b2,44,b2_s44,ON_NEG,on/scene07/L0__s20260821__0003.png::boost_e2,scene07,V,A3b,15,A,3b,0.626999,-11.0113,-0.6132,62.5016,7.1387,0
b2,44,b2_s44,ON_NEG,on/scene07/L0__s20260821__0003.png::boost_e2,scene07,V,D3b,18,D,3b,0.894366,-11.0113,-0.6132,62.5016,7.1387,0
b2,44,b2_s44,ON_NEG,on/scene07/L0__s20260821__0006.png::boost_e2,scene07,V,C3a,12,C,3a,0.544137,-12.1066,0.0159,62.3073,6.0804,0
b2,44,b2_s44,ON_NEG,on/scene07/L5__s20260821__0001.png::boost_e2,scene07,V,A3b,15,A,3b,0.653382,-8.6491,14.3681,62.653,6.526,0
b2,44,b2_s44,ON_NEG,on/scene07/L5__s20260821__0003.png::boost_e2,scene07,V,B3a,11,B,3a,0.700072,-11.0113,-0.6132,62.5016,7.1387,0
b2,44,b2_s44,ON_NEG,on/scene07/L5__s20260821__0003.png::boost_e2,scene07,V,C3a,12,C,3a,0.781806,-11.0113,-0.6132,62.5016,7.1387,0
b2,44,b2_s44,ON_NEG,on/scene07/L5__s20260821__0003.png::boost_e2,scene07,V,D3a,13,D,3a,0.616256,-11.0113,-0.6132,62.5016,7.1387,0
b2,44,b2_s44,ON_NEG,on/scene07/L5__s20260821__0003.png::boost_e2,scene07,V,A3b,15,A,3b,0.904966,-11.0113,-0.6132,62.5016,7.1387,0
b2,44,b2_s44,ON_NEG,on/scene07/L5__s20260821__0003.png::boost_e2,scene07,V,D3b,18,D,3b,0.780488,-11.0113,-0.6132,62.5016,7.1387,0
b2,44,b2_s44,ON_NEG,on/scene07/L5__s20260821__0006.png::boost_e2,scene07,V,B3a,11,B,3a,0.631167,-12.1066,0.0159,62.3073,6.0804,0
b2,44,b2_s44,ON_NEG,on/scene07/L7__s20260821__0003.png::boost_e2,scene07,V,C3a,12,C,3a,0.693837,-11.0113,-0.6132,62.5016,7.1387,0
b2,44,b2_s44,ON_NEG,on/scene07/L7__s20260821__0003.png::boost_e2,scene07,V,D3a,13,D,3a,0.510579,-11.0113,-0.6132,62.5016,7.1387,0
b2,44,b2_s44,ON_NEG,on/scene07/L7__s20260821__0003.png::boost_e2,scene07,V,D3b,18,D,3b,0.83723,-11.0113,-0.6132,62.5016,7.1387,0
b2,44,b2_s44,ON_NEG,on/scene07/L7__s20260821__0006.png::boost_e2,scene07,V,B3a,11,B,3a,0.56586,-12.1066,0.0159,62.3073,6.0804,0
b2,44,b2_s44,ON_NEG,on/scene07/L7__s20260821__0006.png::boost_e2,scene07,V,C3a,12,C,3a,0.600865,-12.1066,0.0159,62.3073,6.0804,0
