model,seed,run,stratum,frame_id,scene_id,tier,cell,cell_idx,sector,band,score,cam_pitch,cam_yaw,cam_hfov,cam_d,cell_int_px
resnet50,42,resnet50_s42,OFF,off/scene05/L0__s20260819__0000.png,scene05,off,C3a,12,C,3a,0.506552,-13.6144,1.6463,62.6648,2.8577,0
resnet50,42,resnet50_s42,OFF,off/scene05/L0__s20260819__0005.png,scene05,off,B3b,16,B,3b,0.723757,-7.0259,1.6918,62.8815,1.4988,0
resnet50,42,resnet50_s42,OFF,off/scene05/L0__s20260819__0005.png,scene05,off,C3b,17,C,3b,0.798886,-7.0259,1.6918,62.8815,1.4988,0
resnet50,42,resnet50_s42,OFF,off/scene05/L0__s20260819__0005.png,scene05,off,D3b,18,D,3b,0.664925,-7.0259,1.6918,62.8815,1.4988,0
resnet50,42,resnet50_s42,OFF,off/scene05/L5__s20260819__0000.png,scene05,off,A3a,10,A,3a,0.748572,-13.6144,1.6463,62.6648,2.8577,0
resnet50,42,resnet50_s42,OFF,off/scene05/L5__s20260819__0000.png,scene05,off,C3a,12,C,3a,0.571296,-13.6144,1.6463,62.6648,2.8577,0
resnet50,42,resnet50_s42,OFF,off/scene05/L5__s20260819__0000.png,scene05,off,A3b,15,A,3b,0.503999,-13.6144,1.6463,62.6648,2.8577,0
resnet50,42,resnet50_s42,OFF,off/scene05/L5__s20260819__0000.png,scene05,off,B3b,16,B,3b,0.673081,-13.6144,1.6463,62.6648,2.8577,0
resnet50,42,resnet50_s42,OFF,off/scene05/L5__s20260819__0000.png,scene05,off,C3b,17,C,3b,0.679768,-13.6144,1.6463,62.6648,2.8577,0
resnet50,42,resnet50_s42,OFF,off/scene05/L5__s20260819__0001.png,scene05,off,C3b,17,C,3b,0.928074,-15.173,12.161,60.0807,9.829,0
resnet50,42,resnet50_s42,OFF,off/scene05/L5__s20260819__0001.png,scene05,off,D3b,18,D,3b,0.907615,-15.173,12.161,60.0807,9.829,0
resnet50,42,resnet50_s42,OFF,off/scene05/L5__s20260819__0002.png,scene05,off,B3b,16,B,3b,0.789761,-10.3814,-5.3811,61.849,10.1547,0
resnet50,42,resnet50_s42,OFF,off/scene05/L5__s20260819__0002.png,scene05,off,C3b,17,C,3b,0.785517,-10.3814,-5.3811,61.849,10.1547,0
resnet50,42,resnet50_s42,OFF,off/scene05/L5__s20260819__0003.png,scene05,off,A3b,15,A,3b,0.670002,-16.5946,2.3699,62.213,5.261,0
resnet50,42,resnet50_s42,OFF,off/scene05/L5__s20260819__0003.png,scene05,off,B3b,16,B,3b,0.940214,-16.5946,2.3699,62.213,5.261,0
resnet50,42,resnet50_s42,OFF,off/scene05/L5__s20260819__0003.png,scene05,off,C3b,17,C,3b,0.85138,-16.5946,2.3699,62.213,5.261,0
resnet50,42,resnet50_s42,OFF,off/scene05/L5__s20260819__0003.png,scene05,off,D3b,18,D,3b,0.558031,-16.5946,2.3699,62.213,5.261,0
resnet50,42,resnet50_s42,OFF,off/scene05/L5__s20260819__0004.png,scene05,off,C3b,17,C,3b,0.694821,-12.9429,6.4312,60.6761,2.7145,0
resnet50,42,resnet50_s42,OFF,off/scene05/L5__s20260819__0004.png,scene05,off,D3b,18,D,3b,0.747967,-12.9429,6.4312,60.6761,2.7145,0
resnet50,42,resnet50_s42,OFF,off/scene05/L5__s20260819__0005.png,scene05,off,B3b,16,B,3b,0.978107,-7.0259,1.6918,62.8815,1.4988,0
resnet50,42,resnet50_s42,OFF,off/scene05/L5__s20260819__0005.png,scene05,off,C3b,17,C,3b,0.989135,-7.0259,1.6918,62.8815,1.4988,0
resnet50,42,resnet50_s42,OFF,off/scene05/L5__s20260819__0005.png,scene05,off,D3b,18,D,3b,0.940847,-7.0259,1.6918,62.8815,1.4988,0
resnet50,42,resnet50_s42,OFF,off/scene05/L5__s20260819__0006.png,scene05,off,C3b,17,C,3b,0.554527,-7.598,-3.6478,63.1397,4.3849,0
resnet50,42,resnet50_s42,OFF,off/scene05/L5__s20260819__0007.png,scene05,off,B3b,16,B,3b,0.911685,-11.0887,-6.1282,60.9132,3.4946,0
resnet50,42,resnet50_s42,OFF,off/scene05/L5__s20260819__0007.png,scene05,off,C3b,17,C,3b,0.971845,-11.0887,-6.1282,60.9132,3.4946,0
resnet50,42,resnet50_s42,OFF,off/scene05/L5__s20260819__0007.png,scene05,off,D3b,18,D,3b,0.729304,-11.0887,-6.1282,60.9132,3.4946,0
resnet50,42,resnet50_s42,OFF,off/scene05/L7__s20260819__0001.png,scene05,off,C3b,17,C,3b,0.630506,-15.173,12.161,60.0807,9.829,0
resnet50,42,resnet50_s42,OFF,off/scene05/L7__s20260819__0001.png,scene05,off,D3b,18,D,3b,0.85641,-15.173,12.161,60.0807,9.829,0
resnet50,42,resnet50_s42,OFF,off/scene05/L7__s20260819__0005.png,scene05,off,B3b,16,B,3b,0.864991,-7.0259,1.6918,62.8815,1.4988,0
resnet50,42,resnet50_s42,OFF,off/scene05/L7__s20260819__0005.png,scene05,off,C3b,17,C,3b,0.939667,-7.0259,1.6918,62.8815,1.4988,0
resnet50,42,resnet50_s42,OFF,off/scene05/L7__s20260819__0005.png,scene05,off,D3b,18,D,3b,0.854869,-7.0259,1.6918,62.8815,1.4988,0
resnet50,42,resnet50_s42,OFF,off/scene05/L7__s20260819__0007.png,scene05,off,B3b,16,B,3b,0.579647,-11.0887,-6.1282,60.9132,3.4946,0
resnet50,42,resnet50_s42,OFF,off/scene05/L7__s20260819__0007.png,scene05,off,C3b,17,C,3b,0.610829,-11.0887,-6.1282,60.9132,3.4946,0
resnet50,42,resnet50_s42,OFF,off/scene07/L5__s20260819__0004.png,scene07,off,B3b,16,B,3b,0.591003,-12.8155,-12.0811,63.2809,3.8019,0
resnet50,42,resnet50_s42,OFF,off/scene07/L5__s20260819__0004.png,scene07,off,C3b,17,C,3b,0.614823,-12.8155,-12.0811,63.2809,3.8019,0
resnet50,42,resnet50_s42,OFF,off/scene14/L0__s20260819__0002.png,scene14,off,E2,9,E,2,0.511326,-13.2604,4.4652,60.6011,1.3141,0
resnet50,42,resnet50_s42,OFF,off/scene14/L0__s20260819__0002.png,scene14,off,C3a,12,C,3a,0.630537,-13.2604,4.4652,60.6011,1.3141,0
resnet50,42,resnet50_s42,OFF,off/scene14/L0__s20260819__0002.png,scene14,off,D3a,13,D,3a,0.591392,-13.2604,4.4652,60.6011,1.3141,0
resnet50,42,resnet50_s42,OFF,off/scene14/L0__s20260819__0002.png,scene14,off,E3a,14,E,3a,0.791783,-13.2604,4.4652,60.6011,1.3141,0
resnet50,42,resnet50_s42,OFF,off/scene14/L0__s20260819__0003.png,scene14,off,D2,8,D,2,0.505576,-3.2277,7.0829,62.9059,4.594,0
resnet50,42,resnet50_s42,OFF,off/scene14/L0__s20260819__0003.png,scene14,off,D3a,13,D,3a,0.711437,-3.2277,7.0829,62.9059,4.594,0
resnet50,42,resnet50_s42,OFF,off/scene14/L0__s20260819__0003.png,scene14,off,E3a,14,E,3a,0.871789,-3.2277,7.0829,62.9059,4.594,0
resnet50,42,resnet50_s42,OFF,off/scene14/L5__s20260819__0001.png,scene14,off,E3a,14,E,3a,0.578335,-8.9998,1.6524,61.4065,7.036,0
resnet50,42,resnet50_s42,OFF,off/scene14/L5__s20260819__0002.png,scene14,off,C3a,12,C,3a,0.563206,-13.2604,4.4652,60.6011,1.3141,0
resnet50,42,resnet50_s42,OFF,off/scene14/L5__s20260819__0002.png,scene14,off,E3a,14,E,3a,0.540818,-13.2604,4.4652,60.6011,1.3141,0
resnet50,42,resnet50_s42,OFF,off/scene14/L5__s20260819__0002.png,scene14,off,D3b,18,D,3b,0.542367,-13.2604,4.4652,60.6011,1.3141,0
resnet50,42,resnet50_s42,OFF,off/scene14/L5__s20260819__0002.png,scene14,off,E3b,19,E,3b,0.565245,-13.2604,4.4652,60.6011,1.3141,0
resnet50,42,resnet50_s42,OFF,off/scene14/L5__s20260819__0003.png,scene14,off,D2,8,D,2,0.701771,-3.2277,7.0829,62.9059,4.594,0
resnet50,42,resnet50_s42,OFF,off/scene14/L5__s20260819__0003.png,scene14,off,E2,9,E,2,0.66713,-3.2277,7.0829,62.9059,4.594,0
resnet50,42,resnet50_s42,OFF,off/scene14/L5__s20260819__0003.png,scene14,off,A3a,10,A,3a,0.78081,-3.2277,7.0829,62.9059,4.594,0
resnet50,42,resnet50_s42,OFF,off/scene14/L5__s20260819__0003.png,scene14,off,B3a,11,B,3a,0.746217,-3.2277,7.0829,62.9059,4.594,0
resnet50,42,resnet50_s42,OFF,off/scene14/L5__s20260819__0003.png,scene14,off,C3a,12,C,3a,0.868745,-3.2277,7.0829,62.9059,4.594,0
resnet50,42,resnet50_s42,OFF,off/scene14/L5__s20260819__0003.png,scene14,off,D3a,13,D,3a,0.883939,-3.2277,7.0829,62.9059,4.594,0
resnet50,42,resnet50_s42,OFF,off/scene14/L5__s20260819__0003.png,scene14,off,E3a,14,E,3a,0.972185,-3.2277,7.0829,62.9059,4.594,0
resnet50,42,resnet50_s42,OFF,off/scene14/L5__s20260819__0003.png,scene14,off,D3b,18,D,3b,0.507516,-3.2277,7.0829,62.9059,4.594,0
resnet50,42,resnet50_s42,OFF,off/scene14/L5__s20260819__0003.png,scene14,off,E3b,19,E,3b,0.737327,-3.2277,7.0829,62.9059,4.594,0
resnet50,42,resnet50_s42,OFF,off/scene14/L5__s20260819__0005.png,scene14,off,D2,8,D,2,0.720441,-11.6875,3.1562,60.5808,4.4487,0
resnet50,42,resnet50_s42,OFF,off/scene14/L5__s20260819__0005.png,scene14,off,E2,9,E,2,0.728001,-11.6875,3.1562,60.5808,4.4487,0
resnet50,42,resnet50_s42,OFF,off/scene14/L5__s20260819__0005.png,scene14,off,B3a,11,B,3a,0.632342,-11.6875,3.1562,60.5808,4.4487,0
resnet50,42,resnet50_s42,OFF,off/scene14/L5__s20260819__0005.png,scene14,off,C3a,12,C,3a,0.981139,-11.6875,3.1562,60.5808,4.4487,0
resnet50,42,resnet50_s42,OFF,off/scene14/L5__s20260819__0005.png,scene14,off,D3a,13,D,3a,0.981051,-11.6875,3.1562,60.5808,4.4487,0
resnet50,42,resnet50_s42,OFF,off/scene14/L5__s20260819__0005.png,scene14,off,E3a,14,E,3a,0.991279,-11.6875,3.1562,60.5808,4.4487,0
resnet50,42,resnet50_s42,OFF,off/scene14/L5__s20260819__0005.png,scene14,off,C3b,17,C,3b,0.819113,-11.6875,3.1562,60.5808,4.4487,0
resnet50,42,resnet50_s42,OFF,off/scene14/L5__s20260819__0005.png,scene14,off,D3b,18,D,3b,0.932524,-11.6875,3.1562,60.5808,4.4487,0
resnet50,42,resnet50_s42,OFF,off/scene14/L5__s20260819__0005.png,scene14,off,E3b,19,E,3b,0.90782,-11.6875,3.1562,60.5808,4.4487,0
resnet50,42,resnet50_s42,OFF,off/scene14/L5__s20260819__0006.png,scene14,off,A3a,10,A,3a,0.589531,-10.0252,-0.1653,61.7917,6.5633,0
resnet50,42,resnet50_s42,OFF,off/scene14/L7__s20260819__0002.png,scene14,off,E3a,14,E,3a,0.571787,-13.2604,4.4652,60.6011,1.3141,0
resnet50,42,resnet50_s42,OFF,off/scene14/L7__s20260819__0003.png,scene14,off,A3a,10,A,3a,0.765951,-3.2277,7.0829,62.9059,4.594,0
resnet50,42,resnet50_s42,OFF,off/scene14/L7__s20260819__0003.png,scene14,off,B3a,11,B,3a,0.679882,-3.2277,7.0829,62.9059,4.594,0
resnet50,42,resnet50_s42,OFF,off/scene14/L7__s20260819__0003.png,scene14,off,C3a,12,C,3a,0.744529,-3.2277,7.0829,62.9059,4.594,0
resnet50,42,resnet50_s42,OFF,off/scene14/L7__s20260819__0003.png,scene14,off,D3a,13,D,3a,0.826213,-3.2277,7.0829,62.9059,4.594,0
resnet50,42,resnet50_s42,OFF,off/scene14/L7__s20260819__0003.png,scene14,off,E3a,14,E,3a,0.964556,-3.2277,7.0829,62.9059,4.594,0
resnet50,42,resnet50_s42,OFF,off/scene14/L7__s20260819__0005.png,scene14,off,C3a,12,C,3a,0.626961,-11.6875,3.1562,60.5808,4.4487,0
resnet50,42,resnet50_s42,OFF,off/scene14/L7__s20260819__0005.png,scene14,off,E3a,14,E,3a,0.624464,-11.6875,3.1562,60.5808,4.4487,0
resnet50,42,resnet50_s42,OFF,off/scene15/L0__s20260819__0000.png,scene15,off,C3b,17,C,3b,0.778221,-6.6317,-4.2143,61.8616,9.9031,0
resnet50,42,resnet50_s42,OFF,off/scene15/L0__s20260819__0000.png,scene15,off,D3b,18,D,3b,0.783974,-6.6317,-4.2143,61.8616,9.9031,0
resnet50,42,resnet50_s42,OFF,off/scene15/L0__s20260819__0001.png,scene15,off,D3b,18,D,3b,0.763692,-7.5218,-9.2458,61.8359,1.858,0
resnet50,42,resnet50_s42,OFF,off/scene15/L0__s20260819__0006.png,scene15,off,B3b,16,B,3b,0.654286,-9.1914,-18.2162,60.3765,2.2421,0
resnet50,42,resnet50_s42,OFF,off/scene15/L4__s20260819__0000.png,scene15,off,C3b,17,C,3b,0.696217,-6.6317,-4.2143,61.8616,9.9031,0
resnet50,42,resnet50_s42,OFF,off/scene15/L4__s20260819__0000.png,scene15,off,D3b,18,D,3b,0.520435,-6.6317,-4.2143,61.8616,9.9031,0
resnet50,42,resnet50_s42,OFF,off/scene15/L7__s20260819__0006.png,scene15,off,B3b,16,B,3b,0.543689,-9.1914,-18.2162,60.3765,2.2421,0
resnet50,42,resnet50_s42,OFF,off/scene18/L0__s20260819__0000.png,scene18,off,B2,6,B,2,0.613206,-12.8838,-6.5844,62.7703,1.493,0
resnet50,42,resnet50_s42,OFF,off/scene18/L0__s20260819__0000.png,scene18,off,D2,8,D,2,0.652008,-12.8838,-6.5844,62.7703,1.493,0
resnet50,42,resnet50_s42,OFF,off/scene18/L0__s20260819__0000.png,scene18,off,A3a,10,A,3a,0.820703,-12.8838,-6.5844,62.7703,1.493,0
resnet50,42,resnet50_s42,OFF,off/scene18/L0__s20260819__0000.png,scene18,off,C3a,12,C,3a,0.556412,-12.8838,-6.5844,62.7703,1.493,0
resnet50,42,resnet50_s42,OFF,off/scene18/L0__s20260819__0000.png,scene18,off,E3a,14,E,3a,0.581222,-12.8838,-6.5844,62.7703,1.493,0
resnet50,42,resnet50_s42,OFF,off/scene18/L5__s20260819__0004.png,scene18,off,A3a,10,A,3a,0.803345,-2.8356,-7.7696,59.995,1.673,0
resnet50,42,resnet50_s42,OFF,off/scene18/L5__s20260819__0004.png,scene18,off,C3a,12,C,3a,0.758965,-2.8356,-7.7696,59.995,1.673,0
resnet50,42,resnet50_s42,OFF,off/scene18/L5__s20260819__0004.png,scene18,off,E3a,14,E,3a,0.752259,-2.8356,-7.7696,59.995,1.673,0
resnet50,42,resnet50_s42,OFF,off/scene18/L7__s20260819__0000.png,scene18,off,B2,6,B,2,0.695579,-12.8838,-6.5844,62.7703,1.493,0
resnet50,42,resnet50_s42,OFF,off/scene18/L7__s20260819__0000.png,scene18,off,D2,8,D,2,0.70006,-12.8838,-6.5844,62.7703,1.493,0
resnet50,42,resnet50_s42,OFF,off/scene18/L7__s20260819__0000.png,scene18,off,E2,9,E,2,0.574972,-12.8838,-6.5844,62.7703,1.493,0
resnet50,42,resnet50_s42,OFF,off/scene18/L7__s20260819__0000.png,scene18,off,A3a,10,A,3a,0.814758,-12.8838,-6.5844,62.7703,1.493,0
resnet50,42,resnet50_s42,OFF,off/scene18/L7__s20260819__0000.png,scene18,off,C3a,12,C,3a,0.525802,-12.8838,-6.5844,62.7703,1.493,0
resnet50,42,resnet50_s42,OFF,off/scene18/L7__s20260819__0000.png,scene18,off,E3a,14,E,3a,0.610437,-12.8838,-6.5844,62.7703,1.493,0
resnet50,42,resnet50_s42,OFF,off/sceneC2/L2__s20260819__0004.png,sceneC2,off,D2,8,D,2,0.582647,-13.5389,11.6475,61.7574,2.2154,0
resnet50,42,resnet50_s42,OFF,off/sceneC2/L2__s20260819__0004.png,sceneC2,off,C3a,12,C,3a,0.55482,-13.5389,11.6475,61.7574,2.2154,0
resnet50,42,resnet50_s42,OFF,off/sceneC2/L2__s20260819__0004.png,sceneC2,off,C3b,17,C,3b,0.77028,-13.5389,11.6475,61.7574,2.2154,0
resnet50,42,resnet50_s42,OFF,off/sceneC2/L2__s20260819__0005.png,sceneC2,off,B2,6,B,2,0.640468,-13.9053,-4.7076,63.4803,4.5522,0
resnet50,42,resnet50_s42,OFF,off/sceneC2/L2__s20260819__0005.png,sceneC2,off,C2,7,C,2,0.681447,-13.9053,-4.7076,63.4803,4.5522,0
resnet50,42,resnet50_s42,OFF,off/sceneC2/L2__s20260819__0005.png,sceneC2,off,D2,8,D,2,0.806833,-13.9053,-4.7076,63.4803,4.5522,0
resnet50,42,resnet50_s42,OFF,off/sceneC2/L2__s20260819__0005.png,sceneC2,off,E2,9,E,2,0.581418,-13.9053,-4.7076,63.4803,4.5522,0
resnet50,42,resnet50_s42,OFF,off/sceneC2/L3__s20260819__0002.png,sceneC2,off,C2,7,C,2,0.540549,-11.6494,-2.9872,60.6739,8.321,0
resnet50,42,resnet50_s42,OFF,off/sceneC2/L3__s20260819__0004.png,sceneC2,off,C3b,17,C,3b,0.522863,-13.5389,11.6475,61.7574,2.2154,0
resnet50,42,resnet50_s42,OFF,off/sceneC2/L3__s20260819__0005.png,sceneC2,off,B2,6,B,2,0.693758,-13.9053,-4.7076,63.4803,4.5522,0
resnet50,42,resnet50_s42,OFF,off/sceneC2/L3__s20260819__0005.png,sceneC2,off,C2,7,C,2,0.744569,-13.9053,-4.7076,63.4803,4.5522,0
resnet50,42,resnet50_s42,OFF,off/sceneC2/L3__s20260819__0005.png,sceneC2,off,D2,8,D,2,0.838647,-13.9053,-4.7076,63.4803,4.5522,0
resnet50,42,resnet50_s42,OFF,off/sceneC2/L3__s20260819__0005.png,sceneC2,off,E2,9,E,2,0.612522,-13.9053,-4.7076,63.4803,4.5522,0
resnet50,42,resnet50_s42,OFF,off/sceneC2/L3__s20260819__0005.png,sceneC2,off,C3b,17,C,3b,0.581621,-13.9053,-4.7076,63.4803,4.5522,0
resnet50,42,resnet50_s42,OFF,off/sceneC2/L7__s20260819__0002.png,sceneC2,off,C2,7,C,2,0.593398,-11.6494,-2.9872,60.6739,8.321,0
resnet50,42,resnet50_s42,OFF,off/sceneC2/L7__s20260819__0005.png,sceneC2,off,B2,6,B,2,0.9456,-13.9053,-4.7076,63.4803,4.5522,0
resnet50,42,resnet50_s42,OFF,off/sceneC2/L7__s20260819__0005.png,sceneC2,off,C2,7,C,2,0.957387,-13.9053,-4.7076,63.4803,4.5522,0
resnet50,42,resnet50_s42,OFF,off/sceneC2/L7__s20260819__0005.png,sceneC2,off,D2,8,D,2,0.963766,-13.9053,-4.7076,63.4803,4.5522,0
resnet50,42,resnet50_s42,OFF,off/sceneC2/L7__s20260819__0005.png,sceneC2,off,E2,9,E,2,0.81043,-13.9053,-4.7076,63.4803,4.5522,0
resnet50,42,resnet50_s42,OFF,off/sceneC2/L7__s20260819__0005.png,sceneC2,off,C3b,17,C,3b,0.895938,-13.9053,-4.7076,63.4803,4.5522,0
resnet50,42,resnet50_s42,OFF,off/sceneN3/L0__s20260819__0006.png,sceneN3,off,C3b,17,C,3b,0.655553,-7.7849,2.4667,60.503,4.7311,0
resnet50,42,resnet50_s42,OFF,off/sceneN3/L5__s20260819__0002.png,sceneN3,off,C3b,17,C,3b,0.617523,-13.1516,1.5693,63.1068,1.7608,0
resnet50,42,resnet50_s42,OFF,off/sceneN3/L5__s20260819__0003.png,sceneN3,off,C3b,17,C,3b,0.627336,-9.3231,5.7221,62.1685,8.3724,0
resnet50,42,resnet50_s42,OFF,off/sceneN3/L5__s20260819__0004.png,sceneN3,off,D2,8,D,2,0.582504,-7.3546,-7.2186,63.4074,8.0992,0
resnet50,42,resnet50_s42,OFF,off/sceneN3/L5__s20260819__0004.png,sceneN3,off,E2,9,E,2,0.566965,-7.3546,-7.2186,63.4074,8.0992,0
resnet50,42,resnet50_s42,OFF,off/sceneN3/L5__s20260819__0004.png,sceneN3,off,B3b,16,B,3b,0.621679,-7.3546,-7.2186,63.4074,8.0992,0
resnet50,42,resnet50_s42,OFF,off/sceneN3/L5__s20260819__0004.png,sceneN3,off,C3b,17,C,3b,0.959528,-7.3546,-7.2186,63.4074,8.0992,0
resnet50,42,resnet50_s42,OFF,off/sceneN3/L5__s20260819__0004.png,sceneN3,off,D3b,18,D,3b,0.839929,-7.3546,-7.2186,63.4074,8.0992,0
resnet50,42,resnet50_s42,OFF,off/sceneN3/L5__s20260819__0005.png,sceneN3,off,C3b,17,C,3b,0.612362,-12.2129,-14.4798,63.1796,2.2677,0
resnet50,42,resnet50_s42,OFF,off/sceneN3/L7__s20260819__0004.png,sceneN3,off,C3b,17,C,3b,0.632095,-7.3546,-7.2186,63.4074,8.0992,0
resnet50,42,resnet50_s42,OFF,off/scene14/L5__s20260820__0000.png::boost_h,scene14,off,D3b,18,D,3b,0.577779,-8.1284,3.311,58.9789,8.9228,0
resnet50,42,resnet50_s42,OFF,off/scene15/L7__s20260820__0005.png::boost_h,scene15,off,B3b,16,B,3b,0.544749,-5.4058,-7.3396,62.3314,9.8366,0
resnet50,42,resnet50_s42,OFF,off/scene15/L7__s20260820__0006.png::boost_h,scene15,off,D3b,18,D,3b,0.700342,-5.1828,6.8137,59.5209,6.9519,0
resnet50,42,resnet50_s42,OFF,off/scene05/L0__s20260820__0001.png::boost_e,scene05,off,C3a,12,C,3a,0.839041,-5.7189,0.3564,61.8831,9.8857,0
resnet50,42,resnet50_s42,OFF,off/scene05/L0__s20260820__0001.png::boost_e,scene05,off,B3b,16,B,3b,0.762586,-5.7189,0.3564,61.8831,9.8857,0
resnet50,42,resnet50_s42,OFF,off/scene05/L0__s20260820__0001.png::boost_e,scene05,off,C3b,17,C,3b,0.963721,-5.7189,0.3564,61.8831,9.8857,0
resnet50,42,resnet50_s42,OFF,off/scene05/L0__s20260820__0001.png::boost_e,scene05,off,D3b,18,D,3b,0.966533,-5.7189,0.3564,61.8831,9.8857,0
resnet50,42,resnet50_s42,OFF,off/scene05/L0__s20260820__0001.png::boost_e,scene05,off,E3b,19,E,3b,0.58872,-5.7189,0.3564,61.8831,9.8857,0
resnet50,42,resnet50_s42,OFF,off/scene05/L0__s20260820__0002.png::boost_e,scene05,off,B3a,11,B,3a,0.885298,-5.4996,-9.2457,63.6695,7.7708,0
resnet50,42,resnet50_s42,OFF,off/scene05/L0__s20260820__0002.png::boost_e,scene05,off,C3a,12,C,3a,0.709218,-5.4996,-9.2457,63.6695,7.7708,0
resnet50,42,resnet50_s42,OFF,off/scene05/L0__s20260820__0002.png::boost_e,scene05,off,B3b,16,B,3b,0.68915,-5.4996,-9.2457,63.6695,7.7708,0
resnet50,42,resnet50_s42,OFF,off/scene05/L0__s20260820__0002.png::boost_e,scene05,off,C3b,17,C,3b,0.603893,-5.4996,-9.2457,63.6695,7.7708,0
resnet50,42,resnet50_s42,OFF,off/scene05/L0__s20260820__0005.png::boost_e,scene05,off,B3b,16,B,3b,0.669563,-9.9958,-4.8864,61.371,6.2772,0
resnet50,42,resnet50_s42,OFF,off/scene05/L0__s20260820__0006.png::boost_e,scene05,off,B3b,16,B,3b,0.767418,-12.8982,-6.3539,61.1324,9.7574,0
resnet50,42,resnet50_s42,OFF,off/scene05/L0__s20260820__0006.png::boost_e,scene05,off,C3b,17,C,3b,0.856574,-12.8982,-6.3539,61.1324,9.7574,0
resnet50,42,resnet50_s42,OFF,off/scene05/L5__s20260820__0000.png::boost_e,scene05,off,A3b,15,A,3b,0.917636,-10.3105,7.3985,60.3309,7.0354,0
resnet50,42,resnet50_s42,OFF,off/scene05/L5__s20260820__0000.png::boost_e,scene05,off,B3b,16,B,3b,0.926734,-10.3105,7.3985,60.3309,7.0354,0
resnet50,42,resnet50_s42,OFF,off/scene05/L5__s20260820__0000.png::boost_e,scene05,off,C3b,17,C,3b,0.662923,-10.3105,7.3985,60.3309,7.0354,0
resnet50,42,resnet50_s42,OFF,off/scene05/L5__s20260820__0000.png::boost_e,scene05,off,D3b,18,D,3b,0.796686,-10.3105,7.3985,60.3309,7.0354,0
resnet50,42,resnet50_s42,OFF,off/scene05/L5__s20260820__0000.png::boost_e,scene05,off,E3b,19,E,3b,0.754714,-10.3105,7.3985,60.3309,7.0354,0
resnet50,42,resnet50_s42,OFF,off/scene05/L5__s20260820__0001.png::boost_e,scene05,off,C3a,12,C,3a,0.739851,-5.7189,0.3564,61.8831,9.8857,0
resnet50,42,resnet50_s42,OFF,off/scene05/L5__s20260820__0001.png::boost_e,scene05,off,A3b,15,A,3b,0.500416,-5.7189,0.3564,61.8831,9.8857,0
resnet50,42,resnet50_s42,OFF,off/scene05/L5__s20260820__0001.png::boost_e,scene05,off,B3b,16,B,3b,0.893293,-5.7189,0.3564,61.8831,9.8857,0
resnet50,42,resnet50_s42,OFF,off/scene05/L5__s20260820__0001.png::boost_e,scene05,off,C3b,17,C,3b,0.978841,-5.7189,0.3564,61.8831,9.8857,0
resnet50,42,resnet50_s42,OFF,off/scene05/L5__s20260820__0001.png::boost_e,scene05,off,D3b,18,D,3b,0.993532,-5.7189,0.3564,61.8831,9.8857,0
resnet50,42,resnet50_s42,OFF,off/scene05/L5__s20260820__0001.png::boost_e,scene05,off,E3b,19,E,3b,0.86471,-5.7189,0.3564,61.8831,9.8857,0
resnet50,42,resnet50_s42,OFF,off/scene05/L5__s20260820__0003.png::boost_e,scene05,off,B3b,16,B,3b,0.593905,-7.8027,0.1237,61.0834,6.3099,0
resnet50,42,resnet50_s42,OFF,off/scene05/L5__s20260820__0004.png::boost_e,scene05,off,B3b,16,B,3b,0.601494,-6.9904,-7.3983,63.483,6.1605,0
resnet50,42,resnet50_s42,OFF,off/scene05/L5__s20260820__0005.png::boost_e,scene05,off,B3b,16,B,3b,0.548874,-9.9958,-4.8864,61.371,6.2772,0
resnet50,42,resnet50_s42,OFF,off/scene05/L5__s20260820__0006.png::boost_e,scene05,off,A3b,15,A,3b,0.6753,-12.8982,-6.3539,61.1324,9.7574,0
resnet50,42,resnet50_s42,OFF,off/scene05/L5__s20260820__0006.png::boost_e,scene05,off,B3b,16,B,3b,0.98714,-12.8982,-6.3539,61.1324,9.7574,0
resnet50,42,resnet50_s42,OFF,off/scene05/L5__s20260820__0006.png::boost_e,scene05,off,C3b,17,C,3b,0.990946,-12.8982,-6.3539,61.1324,9.7574,0
resnet50,42,resnet50_s42,OFF,off/scene05/L5__s20260820__0006.png::boost_e,scene05,off,D3b,18,D,3b,0.536991,-12.8982,-6.3539,61.1324,9.7574,0
resnet50,42,resnet50_s42,OFF,off/scene05/L5__s20260820__0007.png::boost_e,scene05,off,A3b,15,A,3b,0.633561,-11.43,-6.2709,60.486,7.4493,0
resnet50,42,resnet50_s42,OFF,off/scene05/L5__s20260820__0007.png::boost_e,scene05,off,B3b,16,B,3b,0.932753,-11.43,-6.2709,60.486,7.4493,0
resnet50,42,resnet50_s42,OFF,off/scene05/L5__s20260820__0007.png::boost_e,scene05,off,C3b,17,C,3b,0.968482,-11.43,-6.2709,60.486,7.4493,0
resnet50,42,resnet50_s42,OFF,off/scene05/L5__s20260820__0007.png::boost_e,scene05,off,D3b,18,D,3b,0.92609,-11.43,-6.2709,60.486,7.4493,0
resnet50,42,resnet50_s42,OFF,off/scene05/L5__s20260820__0007.png::boost_e,scene05,off,E3b,19,E,3b,0.727668,-11.43,-6.2709,60.486,7.4493,0
resnet50,42,resnet50_s42,OFF,off/scene05/L7__s20260820__0001.png::boost_e,scene05,off,C3a,12,C,3a,0.651909,-5.7189,0.3564,61.8831,9.8857,0
resnet50,42,resnet50_s42,OFF,off/scene05/L7__s20260820__0001.png::boost_e,scene05,off,B3b,16,B,3b,0.870651,-5.7189,0.3564,61.8831,9.8857,0
resnet50,42,resnet50_s42,OFF,off/scene05/L7__s20260820__0001.png::boost_e,scene05,off,C3b,17,C,3b,0.964595,-5.7189,0.3564,61.8831,9.8857,0
resnet50,42,resnet50_s42,OFF,off/scene05/L7__s20260820__0001.png::boost_e,scene05,off,D3b,18,D,3b,0.935912,-5.7189,0.3564,61.8831,9.8857,0
resnet50,42,resnet50_s42,OFF,off/scene05/L7__s20260820__0006.png::boost_e,scene05,off,B3b,16,B,3b,0.826736,-12.8982,-6.3539,61.1324,9.7574,0
resnet50,42,resnet50_s42,OFF,off/scene05/L7__s20260820__0006.png::boost_e,scene05,off,C3b,17,C,3b,0.887631,-12.8982,-6.3539,61.1324,9.7574,0
resnet50,42,resnet50_s42,OFF,off/scene14/L5__s20260820__0000.png::boost_e,scene14,off,E3b,19,E,3b,0.510854,-8.1284,3.311,58.9789,8.9228,0
resnet50,42,resnet50_s42,OFF,off/scene14/L5__s20260820__0005.png::boost_e,scene14,off,E3a,14,E,3a,0.703399,-12.4022,9.6925,62.3957,8.1602,0
resnet50,42,resnet50_s42,OFF,off/scene14/L5__s20260820__0005.png::boost_e,scene14,off,D3b,18,D,3b,0.598406,-12.4022,9.6925,62.3957,8.1602,0
resnet50,42,resnet50_s42,OFF,off/scene15/L0__s20260820__0003.png::boost_e,scene15,off,D3b,18,D,3b,0.646889,-11.0902,-4.9586,63.1815,7.5147,0
resnet50,42,resnet50_s42,OFF,off/scene15/L0__s20260820__0007.png::boost_e,scene15,off,C3b,17,C,3b,0.513121,-9.4753,-12.4083,62.4936,8.3783,0
resnet50,42,resnet50_s42,OFF,off/scene15/L4__s20260820__0001.png::boost_e,scene15,off,C3b,17,C,3b,0.578126,-6.8068,-11.8299,63.9125,9.9013,0
resnet50,42,resnet50_s42,OFF,off/scene18/L0__s20260820__0000.png::boost_e,scene18,off,A3a,10,A,3a,0.718412,-7.1653,2.4167,61.1034,9.9477,0
resnet50,42,resnet50_s42,OFF,off/scene18/L0__s20260820__0000.png::boost_e,scene18,off,C3a,12,C,3a,0.511246,-7.1653,2.4167,61.1034,9.9477,0
resnet50,42,resnet50_s42,OFF,off/scene18/L0__s20260820__0000.png::boost_e,scene18,off,E3a,14,E,3a,0.624287,-7.1653,2.4167,61.1034,9.9477,0
resnet50,42,resnet50_s42,OFF,off/scene18/L7__s20260820__0000.png::boost_e,scene18,off,A3a,10,A,3a,0.717676,-7.1653,2.4167,61.1034,9.9477,0
resnet50,42,resnet50_s42,OFF,off/scene05/L0__s20260821__0001.png::boost_e2,scene05,off,B2,6,B,2,0.632913,-11.2173,-11.6748,62.7749,7.0431,0
resnet50,42,resnet50_s42,OFF,off/scene05/L0__s20260821__0001.png::boost_e2,scene05,off,D2,8,D,2,0.726212,-11.2173,-11.6748,62.7749,7.0431,0
resnet50,42,resnet50_s42,OFF,off/scene05/L0__s20260821__0001.png::boost_e2,scene05,off,A3a,10,A,3a,0.892152,-11.2173,-11.6748,62.7749,7.0431,0
resnet50,42,resnet50_s42,OFF,off/scene05/L0__s20260821__0001.png::boost_e2,scene05,off,C3a,12,C,3a,0.516978,-11.2173,-11.6748,62.7749,7.0431,0
resnet50,42,resnet50_s42,OFF,off/scene05/L0__s20260821__0001.png::boost_e2,scene05,off,E3a,14,E,3a,0.543895,-11.2173,-11.6748,62.7749,7.0431,0
resnet50,42,resnet50_s42,OFF,off/scene05/L0__s20260821__0002.png::boost_e2,scene05,off,A2,5,A,2,0.684179,-15.7704,1.4372,61.5149,5.9617,0
resnet50,42,resnet50_s42,OFF,off/scene05/L0__s20260821__0002.png::boost_e2,scene05,off,B2,6,B,2,0.980975,-15.7704,1.4372,61.5149,5.9617,0
resnet50,42,resnet50_s42,OFF,off/scene05/L0__s20260821__0002.png::boost_e2,scene05,off,C2,7,C,2,0.83615,-15.7704,1.4372,61.5149,5.9617,0
resnet50,42,resnet50_s42,OFF,off/scene05/L0__s20260821__0002.png::boost_e2,scene05,off,D2,8,D,2,0.986486,-15.7704,1.4372,61.5149,5.9617,0
resnet50,42,resnet50_s42,OFF,off/scene05/L0__s20260821__0002.png::boost_e2,scene05,off,E2,9,E,2,0.889867,-15.7704,1.4372,61.5149,5.9617,0
resnet50,42,resnet50_s42,OFF,off/scene05/L0__s20260821__0002.png::boost_e2,scene05,off,A3a,10,A,3a,0.999581,-15.7704,1.4372,61.5149,5.9617,0
resnet50,42,resnet50_s42,OFF,off/scene05/L0__s20260821__0002.png::boost_e2,scene05,off,B3a,11,B,3a,0.995782,-15.7704,1.4372,61.5149,5.9617,0
resnet50,42,resnet50_s42,OFF,off/scene05/L0__s20260821__0002.png::boost_e2,scene05,off,C3a,12,C,3a,0.998405,-15.7704,1.4372,61.5149,5.9617,0
resnet50,42,resnet50_s42,OFF,off/scene05/L0__s20260821__0002.png::boost_e2,scene05,off,D3a,13,D,3a,0.985074,-15.7704,1.4372,61.5149,5.9617,0
resnet50,42,resnet50_s42,OFF,off/scene05/L0__s20260821__0002.png::boost_e2,scene05,off,E3a,14,E,3a,0.997596,-15.7704,1.4372,61.5149,5.9617,0
resnet50,42,resnet50_s42,OFF,off/scene05/L0__s20260821__0002.png::boost_e2,scene05,off,A3b,15,A,3b,0.923103,-15.7704,1.4372,61.5149,5.9617,0
resnet50,42,resnet50_s42,OFF,off/scene05/L0__s20260821__0002.png::boost_e2,scene05,off,B3b,16,B,3b,0.723377,-15.7704,1.4372,61.5149,5.9617,0
resnet50,42,resnet50_s42,OFF,off/scene05/L0__s20260821__0002.png::boost_e2,scene05,off,C3b,17,C,3b,0.636273,-15.7704,1.4372,61.5149,5.9617,0
resnet50,42,resnet50_s42,OFF,off/scene05/L0__s20260821__0002.png::boost_e2,scene05,off,E3b,19,E,3b,0.743818,-15.7704,1.4372,61.5149,5.9617,0
resnet50,42,resnet50_s42,OFF,off/scene05/L0__s20260821__0005.png::boost_e2,scene05,off,C3a,12,C,3a,0.793698,-4.1908,-7.725,63.2632,5.4495,0
resnet50,42,resnet50_s42,OFF,off/scene05/L5__s20260821__0001.png::boost_e2,scene05,off,A2,5,A,2,0.657858,-11.2173,-11.6748,62.7749,7.0431,0
resnet50,42,resnet50_s42,OFF,off/scene05/L5__s20260821__0001.png::boost_e2,scene05,off,B2,6,B,2,0.883439,-11.2173,-11.6748,62.7749,7.0431,0
resnet50,42,resnet50_s42,OFF,off/scene05/L5__s20260821__0001.png::boost_e2,scene05,off,C2,7,C,2,0.595218,-11.2173,-11.6748,62.7749,7.0431,0
resnet50,42,resnet50_s42,OFF,off/scene05/L5__s20260821__0001.png::boost_e2,scene05,off,D2,8,D,2,0.85559,-11.2173,-11.6748,62.7749,7.0431,0
resnet50,42,resnet50_s42,OFF,off/scene05/L5__s20260821__0001.png::boost_e2,scene05,off,E2,9,E,2,0.735307,-11.2173,-11.6748,62.7749,7.0431,0
resnet50,42,resnet50_s42,OFF,off/scene05/L5__s20260821__0001.png::boost_e2,scene05,off,A3a,10,A,3a,0.892876,-11.2173,-11.6748,62.7749,7.0431,0
resnet50,42,resnet50_s42,OFF,off/scene05/L5__s20260821__0001.png::boost_e2,scene05,off,B3a,11,B,3a,0.628797,-11.2173,-11.6748,62.7749,7.0431,0
resnet50,42,resnet50_s42,OFF,off/scene05/L5__s20260821__0001.png::boost_e2,scene05,off,C3a,12,C,3a,0.584403,-11.2173,-11.6748,62.7749,7.0431,0
resnet50,42,resnet50_s42,OFF,off/scene05/L5__s20260821__0001.png::boost_e2,scene05,off,E3a,14,E,3a,0.58139,-11.2173,-11.6748,62.7749,7.0431,0
resnet50,42,resnet50_s42,OFF,off/scene05/L5__s20260821__0001.png::boost_e2,scene05,off,A3b,15,A,3b,0.643378,-11.2173,-11.6748,62.7749,7.0431,0
resnet50,42,resnet50_s42,OFF,off/scene05/L5__s20260821__0001.png::boost_e2,scene05,off,B3b,16,B,3b,0.687556,-11.2173,-11.6748,62.7749,7.0431,0
resnet50,42,resnet50_s42,OFF,off/scene05/L5__s20260821__0001.png::boost_e2,scene05,off,C3b,17,C,3b,0.58026,-11.2173,-11.6748,62.7749,7.0431,0
resnet50,42,resnet50_s42,OFF,off/scene05/L5__s20260821__0002.png::boost_e2,scene05,off,D2,8,D,2,0.547833,-15.7704,1.4372,61.5149,5.9617,0
resnet50,42,resnet50_s42,OFF,off/scene05/L5__s20260821__0002.png::boost_e2,scene05,off,A3a,10,A,3a,0.730687,-15.7704,1.4372,61.5149,5.9617,0
resnet50,42,resnet50_s42,OFF,off/scene05/L5__s20260821__0002.png::boost_e2,scene05,off,C3a,12,C,3a,0.842392,-15.7704,1.4372,61.5149,5.9617,0
resnet50,42,resnet50_s42,OFF,off/scene05/L5__s20260821__0002.png::boost_e2,scene05,off,E3a,14,E,3a,0.674696,-15.7704,1.4372,61.5149,5.9617,0
resnet50,42,resnet50_s42,OFF,off/scene05/L5__s20260821__0002.png::boost_e2,scene05,off,A3b,15,A,3b,0.775909,-15.7704,1.4372,61.5149,5.9617,0
resnet50,42,resnet50_s42,OFF,off/scene05/L5__s20260821__0002.png::boost_e2,scene05,off,B3b,16,B,3b,0.603295,-15.7704,1.4372,61.5149,5.9617,0
resnet50,42,resnet50_s42,OFF,off/scene05/L5__s20260821__0002.png::boost_e2,scene05,off,C3b,17,C,3b,0.759707,-15.7704,1.4372,61.5149,5.9617,0
resnet50,42,resnet50_s42,OFF,off/scene05/L5__s20260821__0002.png::boost_e2,scene05,off,E3b,19,E,3b,0.695842,-15.7704,1.4372,61.5149,5.9617,0
resnet50,42,resnet50_s42,OFF,off/scene05/L5__s20260821__0003.png::boost_e2,scene05,off,C3b,17,C,3b,0.514633,-13.9288,9.5381,64.0128,8.7159,0
resnet50,42,resnet50_s42,OFF,off/scene05/L5__s20260821__0004.png::boost_e2,scene05,off,A3a,10,A,3a,0.501089,-5.7278,-7.1228,63.154,4.5329,0
resnet50,42,resnet50_s42,OFF,off/scene05/L5__s20260821__0004.png::boost_e2,scene05,off,B3b,16,B,3b,0.940883,-5.7278,-7.1228,63.154,4.5329,0
resnet50,42,resnet50_s42,OFF,off/scene05/L5__s20260821__0004.png::boost_e2,scene05,off,C3b,17,C,3b,0.85108,-5.7278,-7.1228,63.154,4.5329,0
resnet50,42,resnet50_s42,OFF,off/scene05/L5__s20260821__0005.png::boost_e2,scene05,off,B3b,16,B,3b,0.791051,-4.1908,-7.725,63.2632,5.4495,0
resnet50,42,resnet50_s42,OFF,off/scene05/L5__s20260821__0005.png::boost_e2,scene05,off,C3b,17,C,3b,0.585718,-4.1908,-7.725,63.2632,5.4495,0
resnet50,42,resnet50_s42,OFF,off/scene05/L5__s20260821__0006.png::boost_e2,scene05,off,B3b,16,B,3b,0.811432,-4.6329,-0.5322,62.7745,5.8797,0
resnet50,42,resnet50_s42,OFF,off/scene05/L7__s20260821__0001.png::boost_e2,scene05,off,B2,6,B,2,0.533823,-11.2173,-11.6748,62.7749,7.0431,0
resnet50,42,resnet50_s42,OFF,off/scene05/L7__s20260821__0001.png::boost_e2,scene05,off,D2,8,D,2,0.535989,-11.2173,-11.6748,62.7749,7.0431,0
resnet50,42,resnet50_s42,OFF,off/scene05/L7__s20260821__0001.png::boost_e2,scene05,off,E2,9,E,2,0.503134,-11.2173,-11.6748,62.7749,7.0431,0
resnet50,42,resnet50_s42,OFF,off/scene05/L7__s20260821__0001.png::boost_e2,scene05,off,B3b,16,B,3b,0.55992,-11.2173,-11.6748,62.7749,7.0431,0
resnet50,42,resnet50_s42,OFF,off/scene05/L7__s20260821__0004.png::boost_e2,scene05,off,B3b,16,B,3b,0.511859,-5.7278,-7.1228,63.154,4.5329,0
resnet50,42,resnet50_s42,OFF,off/scene18/L0__s20260821__0001.png::boost_e2,scene18,off,B2,6,B,2,0.519728,-11.4302,-0.5328,63.721,4.691,0
resnet50,42,resnet50_s42,OFF,off/scene18/L0__s20260821__0001.png::boost_e2,scene18,off,D2,8,D,2,0.69975,-11.4302,-0.5328,63.721,4.691,0
resnet50,42,resnet50_s42,OFF,off/scene18/L0__s20260821__0001.png::boost_e2,scene18,off,A3a,10,A,3a,0.928914,-11.4302,-0.5328,63.721,4.691,0
resnet50,42,resnet50_s42,OFF,off/scene18/L0__s20260821__0001.png::boost_e2,scene18,off,B3a,11,B,3a,0.536697,-11.4302,-0.5328,63.721,4.691,0
resnet50,42,resnet50_s42,OFF,off/scene18/L0__s20260821__0001.png::boost_e2,scene18,off,E3a,14,E,3a,0.6621,-11.4302,-0.5328,63.721,4.691,0
resnet50,42,resnet50_s42,OFF,off/scene18/L0__s20260821__0003.png::boost_e2,scene18,off,A3a,10,A,3a,0.959075,-11.9451,-8.9088,61.9543,8.2439,0
resnet50,42,resnet50_s42,OFF,off/scene18/L0__s20260821__0003.png::boost_e2,scene18,off,B3a,11,B,3a,0.556871,-11.9451,-8.9088,61.9543,8.2439,0
resnet50,42,resnet50_s42,OFF,off/scene18/L0__s20260821__0003.png::boost_e2,scene18,off,E3a,14,E,3a,0.611913,-11.9451,-8.9088,61.9543,8.2439,0
resnet50,42,resnet50_s42,OFF,off/scene18/L0__s20260821__0004.png::boost_e2,scene18,off,A3a,10,A,3a,0.672086,-5.9762,12.1226,62.7369,6.2891,0
resnet50,42,resnet50_s42,OFF,off/scene18/L0__s20260821__0004.png::boost_e2,scene18,off,C3a,12,C,3a,0.640173,-5.9762,12.1226,62.7369,6.2891,0
resnet50,42,resnet50_s42,OFF,off/scene18/L0__s20260821__0004.png::boost_e2,scene18,off,D3a,13,D,3a,0.711084,-5.9762,12.1226,62.7369,6.2891,0
resnet50,42,resnet50_s42,OFF,off/scene18/L0__s20260821__0004.png::boost_e2,scene18,off,E3a,14,E,3a,0.92891,-5.9762,12.1226,62.7369,6.2891,0
resnet50,42,resnet50_s42,OFF,off/scene18/L5__s20260821__0001.png::boost_e2,scene18,off,B2,6,B,2,0.54794,-11.4302,-0.5328,63.721,4.691,0
resnet50,42,resnet50_s42,OFF,off/scene18/L5__s20260821__0001.png::boost_e2,scene18,off,D2,8,D,2,0.640693,-11.4302,-0.5328,63.721,4.691,0
resnet50,42,resnet50_s42,OFF,off/scene18/L5__s20260821__0001.png::boost_e2,scene18,off,A3a,10,A,3a,0.634927,-11.4302,-0.5328,63.721,4.691,0
resnet50,42,resnet50_s42,OFF,off/scene18/L5__s20260821__0001.png::boost_e2,scene18,off,E3a,14,E,3a,0.507589,-11.4302,-0.5328,63.721,4.691,0
resnet50,42,resnet50_s42,OFF,off/scene18/L7__s20260821__0001.png::boost_e2,scene18,off,A1,0,A,1,0.537534,-11.4302,-0.5328,63.721,4.691,0
resnet50,42,resnet50_s42,OFF,off/scene18/L7__s20260821__0001.png::boost_e2,scene18,off,E1,4,E,1,0.568538,-11.4302,-0.5328,63.721,4.691,0
resnet50,42,resnet50_s42,OFF,off/scene18/L7__s20260821__0001.png::boost_e2,scene18,off,A2,5,A,2,0.501507,-11.4302,-0.5328,63.721,4.691,0
resnet50,42,resnet50_s42,OFF,off/scene18/L7__s20260821__0001.png::boost_e2,scene18,off,B2,6,B,2,0.860574,-11.4302,-0.5328,63.721,4.691,0
resnet50,42,resnet50_s42,OFF,off/scene18/L7__s20260821__0001.png::boost_e2,scene18,off,C2,7,C,2,0.683336,-11.4302,-0.5328,63.721,4.691,0
resnet50,42,resnet50_s42,OFF,off/scene18/L7__s20260821__0001.png::boost_e2,scene18,off,D2,8,D,2,0.931918,-11.4302,-0.5328,63.721,4.691,0
resnet50,42,resnet50_s42,OFF,off/scene18/L7__s20260821__0001.png::boost_e2,scene18,off,E2,9,E,2,0.816911,-11.4302,-0.5328,63.721,4.691,0
resnet50,42,resnet50_s42,OFF,off/scene18/L7__s20260821__0001.png::boost_e2,scene18,off,A3a,10,A,3a,0.853197,-11.4302,-0.5328,63.721,4.691,0
resnet50,42,resnet50_s42,OFF,off/scene18/L7__s20260821__0001.png::boost_e2,scene18,off,E3a,14,E,3a,0.685177,-11.4302,-0.5328,63.721,4.691,0
resnet50,42,resnet50_s42,OFF,off/scene18/L7__s20260821__0003.png::boost_e2,scene18,off,D2,8,D,2,0.514849,-11.9451,-8.9088,61.9543,8.2439,0
resnet50,42,resnet50_s42,OFF,off/scene18/L7__s20260821__0003.png::boost_e2,scene18,off,A3a,10,A,3a,0.873687,-11.9451,-8.9088,61.9543,8.2439,0
resnet50,42,resnet50_s42,OFF,off/scene18/L7__s20260821__0004.png::boost_e2,scene18,off,E3a,14,E,3a,0.745023,-5.9762,12.1226,62.7369,6.2891,0
resnet50,42,resnet50_s42,OFF,off/scene18/L7__s20260821__0006.png::boost_e2,scene18,off,E3a,14,E,3a,0.575267,-14.0417,8.7955,61.3845,7.5669,0
resnet50,42,resnet50_s42,ON_NEG,on/scene05/L0__s20260819__0003.png,scene05,V,A1,0,A,1,0.632544,-16.5946,2.3699,62.213,5.261,0
resnet50,42,resnet50_s42,ON_NEG,on/scene05/L0__s20260819__0003.png,scene05,V,B1,1,B,1,0.706477,-16.5946,2.3699,62.213,5.261,0
resnet50,42,resnet50_s42,ON_NEG,on/scene05/L0__s20260819__0003.png,scene05,V,C1,2,C,1,0.601566,-16.5946,2.3699,62.213,5.261,0
resnet50,42,resnet50_s42,ON_NEG,on/scene05/L0__s20260819__0003.png,scene05,V,D1,3,D,1,0.603955,-16.5946,2.3699,62.213,5.261,0
resnet50,42,resnet50_s42,ON_NEG,on/scene05/L0__s20260819__0007.png,scene05,V,B1,1,B,1,0.500571,-11.0887,-6.1282,60.9132,3.4946,0
resnet50,42,resnet50_s42,ON_NEG,on/scene05/L5__s20260819__0003.png,scene05,V,A1,0,A,1,0.603132,-16.5946,2.3699,62.213,5.261,0
resnet50,42,resnet50_s42,ON_NEG,on/scene05/L5__s20260819__0003.png,scene05,V,B1,1,B,1,0.5019,-16.5946,2.3699,62.213,5.261,0
resnet50,42,resnet50_s42,ON_NEG,on/scene05/L7__s20260819__0003.png,scene05,V,A1,0,A,1,0.851135,-16.5946,2.3699,62.213,5.261,0
resnet50,42,resnet50_s42,ON_NEG,on/scene05/L7__s20260819__0003.png,scene05,V,B1,1,B,1,0.893266,-16.5946,2.3699,62.213,5.261,0
resnet50,42,resnet50_s42,ON_NEG,on/scene05/L7__s20260819__0003.png,scene05,V,C1,2,C,1,0.850419,-16.5946,2.3699,62.213,5.261,0
resnet50,42,resnet50_s42,ON_NEG,on/scene05/L7__s20260819__0003.png,scene05,V,D1,3,D,1,0.839759,-16.5946,2.3699,62.213,5.261,0
resnet50,42,resnet50_s42,ON_NEG,on/scene05/L7__s20260819__0003.png,scene05,V,E1,4,E,1,0.707689,-16.5946,2.3699,62.213,5.261,0
resnet50,42,resnet50_s42,ON_NEG,on/scene05/L7__s20260819__0007.png,scene05,V,A1,0,A,1,0.537018,-11.0887,-6.1282,60.9132,3.4946,0
resnet50,42,resnet50_s42,ON_NEG,on/scene05/L7__s20260819__0007.png,scene05,V,B1,1,B,1,0.676387,-11.0887,-6.1282,60.9132,3.4946,0
resnet50,42,resnet50_s42,ON_NEG,on/scene05/L7__s20260819__0007.png,scene05,V,C1,2,C,1,0.550179,-11.0887,-6.1282,60.9132,3.4946,0
resnet50,42,resnet50_s42,ON_NEG,on/scene05/L7__s20260819__0007.png,scene05,V,D1,3,D,1,0.515706,-11.0887,-6.1282,60.9132,3.4946,0
resnet50,42,resnet50_s42,ON_NEG,on/scene07/L0__s20260819__0000.png,scene07,V,B2,6,B,2,0.521835,-11.6469,5.5321,61.8564,4.6128,0
resnet50,42,resnet50_s42,ON_NEG,on/scene07/L0__s20260819__0000.png,scene07,V,A3a,10,A,3a,0.737603,-11.6469,5.5321,61.8564,4.6128,0
resnet50,42,resnet50_s42,ON_NEG,on/scene07/L0__s20260819__0000.png,scene07,V,E3a,14,E,3a,0.826183,-11.6469,5.5321,61.8564,4.6128,0
resnet50,42,resnet50_s42,ON_NEG,on/scene07/L0__s20260819__0001.png,scene07,none_in_fov,B2,6,B,2,0.888827,-12.4971,7.4345,61.4783,11.6559,0
resnet50,42,resnet50_s42,ON_NEG,on/scene07/L0__s20260819__0001.png,scene07,none_in_fov,C2,7,C,2,0.831147,-12.4971,7.4345,61.4783,11.6559,0
resnet50,42,resnet50_s42,ON_NEG,on/scene07/L0__s20260819__0001.png,scene07,none_in_fov,D2,8,D,2,0.861339,-12.4971,7.4345,61.4783,11.6559,0
resnet50,42,resnet50_s42,ON_NEG,on/scene07/L0__s20260819__0001.png,scene07,none_in_fov,B3a,11,B,3a,0.984341,-12.4971,7.4345,61.4783,11.6559,0
resnet50,42,resnet50_s42,ON_NEG,on/scene07/L0__s20260819__0001.png,scene07,none_in_fov,C3a,12,C,3a,0.999714,-12.4971,7.4345,61.4783,11.6559,0
resnet50,42,resnet50_s42,ON_NEG,on/scene07/L0__s20260819__0001.png,scene07,none_in_fov,D3a,13,D,3a,0.896784,-12.4971,7.4345,61.4783,11.6559,0
resnet50,42,resnet50_s42,ON_NEG,on/scene07/L0__s20260819__0001.png,scene07,none_in_fov,A3b,15,A,3b,0.538228,-12.4971,7.4345,61.4783,11.6559,0
resnet50,42,resnet50_s42,ON_NEG,on/scene07/L0__s20260819__0001.png,scene07,none_in_fov,B3b,16,B,3b,0.998929,-12.4971,7.4345,61.4783,11.6559,0
resnet50,42,resnet50_s42,ON_NEG,on/scene07/L0__s20260819__0001.png,scene07,none_in_fov,C3b,17,C,3b,0.999995,-12.4971,7.4345,61.4783,11.6559,0
resnet50,42,resnet50_s42,ON_NEG,on/scene07/L0__s20260819__0001.png,scene07,none_in_fov,D3b,18,D,3b,0.995711,-12.4971,7.4345,61.4783,11.6559,0
resnet50,42,resnet50_s42,ON_NEG,on/scene07/L0__s20260819__0002.png,scene07,V,B3a,11,B,3a,0.569655,-7.922,-1.0116,61.5513,7.0947,0
resnet50,42,resnet50_s42,ON_NEG,on/scene07/L0__s20260819__0002.png,scene07,V,C3a,12,C,3a,0.973093,-7.922,-1.0116,61.5513,7.0947,0
resnet50,42,resnet50_s42,ON_NEG,on/scene07/L0__s20260819__0003.png,scene07,V,A2,5,A,2,0.642506,-9.8928,4.8712,61.7741,2.4361,0
resnet50,42,resnet50_s42,ON_NEG,on/scene07/L0__s20260819__0003.png,scene07,V,E2,9,E,2,0.968087,-9.8928,4.8712,61.7741,2.4361,0
resnet50,42,resnet50_s42,ON_NEG,on/scene07/L0__s20260819__0003.png,scene07,V,E3a,14,E,3a,0.994152,-9.8928,4.8712,61.7741,2.4361,0
resnet50,42,resnet50_s42,ON_NEG,on/scene07/L0__s20260819__0003.png,scene07,V,D3b,18,D,3b,0.998001,-9.8928,4.8712,61.7741,2.4361,0
resnet50,42,resnet50_s42,ON_NEG,on/scene07/L0__s20260819__0003.png,scene07,V,E3b,19,E,3b,0.996725,-9.8928,4.8712,61.7741,2.4361,0
resnet50,42,resnet50_s42,ON_NEG,on/scene07/L0__s20260819__0004.png,scene07,V,B2,6,B,2,0.716728,-12.8155,-12.0811,63.2809,3.8019,0
resnet50,42,resnet50_s42,ON_NEG,on/scene07/L0__s20260819__0004.png,scene07,V,D2,8,D,2,0.555996,-12.8155,-12.0811,63.2809,3.8019,0
resnet50,42,resnet50_s42,ON_NEG,on/scene07/L0__s20260819__0004.png,scene07,V,C3a,12,C,3a,0.847675,-12.8155,-12.0811,63.2809,3.8019,0
resnet50,42,resnet50_s42,ON_NEG,on/scene07/L0__s20260819__0004.png,scene07,V,C3b,17,C,3b,0.922395,-12.8155,-12.0811,63.2809,3.8019,0
resnet50,42,resnet50_s42,ON_NEG,on/scene07/L0__s20260819__0005.png,scene07,V,B2,6,B,2,0.674959,-9.3221,15.6943,62.9084,4.5788,0
resnet50,42,resnet50_s42,ON_NEG,on/scene07/L0__s20260819__0005.png,scene07,V,D2,8,D,2,0.529893,-9.3221,15.6943,62.9084,4.5788,0
resnet50,42,resnet50_s42,ON_NEG,on/scene07/L0__s20260819__0005.png,scene07,V,A3b,15,A,3b,0.983673,-9.3221,15.6943,62.9084,4.5788,0
resnet50,42,resnet50_s42,ON_NEG,on/scene07/L0__s20260819__0005.png,scene07,V,E3b,19,E,3b,0.987783,-9.3221,15.6943,62.9084,4.5788,0
resnet50,42,resnet50_s42,ON_NEG,on/scene07/L0__s20260819__0006.png,scene07,V,D3b,18,D,3b,0.971106,-3.7993,3.5452,60.5677,1.5559,0
resnet50,42,resnet50_s42,ON_NEG,on/scene07/L0__s20260819__0006.png,scene07,V,E3b,19,E,3b,0.976971,-3.7993,3.5452,60.5677,1.5559,0
resnet50,42,resnet50_s42,ON_NEG,on/scene07/L0__s20260819__0007.png,scene07,V,B2,6,B,2,0.670794,-9.7299,-3.7756,59.9335,3.9995,0
resnet50,42,resnet50_s42,ON_NEG,on/scene07/L0__s20260819__0007.png,scene07,V,D2,8,D,2,0.699235,-9.7299,-3.7756,59.9335,3.9995,0
resnet50,42,resnet50_s42,ON_NEG,on/scene07/L0__s20260819__0007.png,scene07,V,E2,9,E,2,0.644494,-9.7299,-3.7756,59.9335,3.9995,0
resnet50,42,resnet50_s42,ON_NEG,on/scene07/L0__s20260819__0007.png,scene07,V,D3a,13,D,3a,0.760846,-9.7299,-3.7756,59.9335,3.9995,0
resnet50,42,resnet50_s42,ON_NEG,on/scene07/L0__s20260819__0007.png,scene07,V,E3a,14,E,3a,0.955782,-9.7299,-3.7756,59.9335,3.9995,0
resnet50,42,resnet50_s42,ON_NEG,on/scene07/L0__s20260819__0007.png,scene07,V,C3b,17,C,3b,0.958271,-9.7299,-3.7756,59.9335,3.9995,0
resnet50,42,resnet50_s42,ON_NEG,on/scene07/L5__s20260819__0000.png,scene07,V,B2,6,B,2,0.689287,-11.6469,5.5321,61.8564,4.6128,0
resnet50,42,resnet50_s42,ON_NEG,on/scene07/L5__s20260819__0000.png,scene07,V,D2,8,D,2,0.720114,-11.6469,5.5321,61.8564,4.6128,0
resnet50,42,resnet50_s42,ON_NEG,on/scene07/L5__s20260819__0001.png,scene07,none_in_fov,C3a,12,C,3a,0.859042,-12.4971,7.4345,61.4783,11.6559,0
resnet50,42,resnet50_s42,ON_NEG,on/scene07/L5__s20260819__0001.png,scene07,none_in_fov,B3b,16,B,3b,0.979769,-12.4971,7.4345,61.4783,11.6559,0
resnet50,42,resnet50_s42,ON_NEG,on/scene07/L5__s20260819__0001.png,scene07,none_in_fov,C3b,17,C,3b,0.997886,-12.4971,7.4345,61.4783,11.6559,0
resnet50,42,resnet50_s42,ON_NEG,on/scene07/L5__s20260819__0001.png,scene07,none_in_fov,D3b,18,D,3b,0.725176,-12.4971,7.4345,61.4783,11.6559,0
resnet50,42,resnet50_s42,ON_NEG,on/scene07/L5__s20260819__0002.png,scene07,V,B2,6,B,2,0.779223,-7.922,-1.0116,61.5513,7.0947,0
resnet50,42,resnet50_s42,ON_NEG,on/scene07/L5__s20260819__0002.png,scene07,V,C2,7,C,2,0.653442,-7.922,-1.0116,61.5513,7.0947,0
resnet50,42,resnet50_s42,ON_NEG,on/scene07/L5__s20260819__0002.png,scene07,V,D2,8,D,2,0.69685,-7.922,-1.0116,61.5513,7.0947,0
resnet50,42,resnet50_s42,ON_NEG,on/scene07/L5__s20260819__0002.png,scene07,V,C3a,12,C,3a,0.782122,-7.922,-1.0116,61.5513,7.0947,0
resnet50,42,resnet50_s42,ON_NEG,on/scene07/L5__s20260819__0003.png,scene07,V,E3a,14,E,3a,0.88866,-9.8928,4.8712,61.7741,2.4361,0
resnet50,42,resnet50_s42,ON_NEG,on/scene07/L5__s20260819__0003.png,scene07,V,D3b,18,D,3b,0.939853,-9.8928,4.8712,61.7741,2.4361,0
resnet50,42,resnet50_s42,ON_NEG,on/scene07/L5__s20260819__0003.png,scene07,V,E3b,19,E,3b,0.962158,-9.8928,4.8712,61.7741,2.4361,0
resnet50,42,resnet50_s42,ON_NEG,on/scene07/L5__s20260819__0005.png,scene07,V,A3b,15,A,3b,0.552843,-9.3221,15.6943,62.9084,4.5788,0
resnet50,42,resnet50_s42,ON_NEG,on/scene07/L5__s20260819__0006.png,scene07,V,D3b,18,D,3b,0.963744,-3.7993,3.5452,60.5677,1.5559,0
resnet50,42,resnet50_s42,ON_NEG,on/scene07/L5__s20260819__0006.png,scene07,V,E3b,19,E,3b,0.978013,-3.7993,3.5452,60.5677,1.5559,0
resnet50,42,resnet50_s42,ON_NEG,on/scene07/L7__s20260819__0000.png,scene07,V,B2,6,B,2,0.658531,-11.6469,5.5321,61.8564,4.6128,0
resnet50,42,resnet50_s42,ON_NEG,on/scene07/L7__s20260819__0000.png,scene07,V,D2,8,D,2,0.548084,-11.6469,5.5321,61.8564,4.6128,0
resnet50,42,resnet50_s42,ON_NEG,on/scene07/L7__s20260819__0000.png,scene07,V,A3a,10,A,3a,0.593844,-11.6469,5.5321,61.8564,4.6128,0
resnet50,42,resnet50_s42,ON_NEG,on/scene07/L7__s20260819__0000.png,scene07,V,E3a,14,E,3a,0.79479,-11.6469,5.5321,61.8564,4.6128,0
resnet50,42,resnet50_s42,ON_NEG,on/scene07/L7__s20260819__0001.png,scene07,none_in_fov,B2,6,B,2,0.736697,-12.4971,7.4345,61.4783,11.6559,0
resnet50,42,resnet50_s42,ON_NEG,on/scene07/L7__s20260819__0001.png,scene07,none_in_fov,C2,7,C,2,0.904267,-12.4971,7.4345,61.4783,11.6559,0
resnet50,42,resnet50_s42,ON_NEG,on/scene07/L7__s20260819__0001.png,scene07,none_in_fov,D2,8,D,2,0.881855,-12.4971,7.4345,61.4783,11.6559,0
resnet50,42,resnet50_s42,ON_NEG,on/scene07/L7__s20260819__0001.png,scene07,none_in_fov,B3a,11,B,3a,0.891417,-12.4971,7.4345,61.4783,11.6559,0
resnet50,42,resnet50_s42,ON_NEG,on/scene07/L7__s20260819__0001.png,scene07,none_in_fov,C3a,12,C,3a,0.999501,-12.4971,7.4345,61.4783,11.6559,0
resnet50,42,resnet50_s42,ON_NEG,on/scene07/L7__s20260819__0001.png,scene07,none_in_fov,D3a,13,D,3a,0.752861,-12.4971,7.4345,61.4783,11.6559,0
resnet50,42,resnet50_s42,ON_NEG,on/scene07/L7__s20260819__0001.png,scene07,none_in_fov,B3b,16,B,3b,0.926608,-12.4971,7.4345,61.4783,11.6559,0
resnet50,42,resnet50_s42,ON_NEG,on/scene07/L7__s20260819__0001.png,scene07,none_in_fov,C3b,17,C,3b,0.999927,-12.4971,7.4345,61.4783,11.6559,0
resnet50,42,resnet50_s42,ON_NEG,on/scene07/L7__s20260819__0001.png,scene07,none_in_fov,D3b,18,D,3b,0.946627,-12.4971,7.4345,61.4783,11.6559,0
resnet50,42,resnet50_s42,ON_NEG,on/scene07/L7__s20260819__0002.png,scene07,V,B2,6,B,2,0.563012,-7.922,-1.0116,61.5513,7.0947,0
resnet50,42,resnet50_s42,ON_NEG,on/scene07/L7__s20260819__0002.png,scene07,V,C3a,12,C,3a,0.80864,-7.922,-1.0116,61.5513,7.0947,0
resnet50,42,resnet50_s42,ON_NEG,on/scene07/L7__s20260819__0003.png,scene07,V,E2,9,E,2,0.89237,-9.8928,4.8712,61.7741,2.4361,0
resnet50,42,resnet50_s42,ON_NEG,on/scene07/L7__s20260819__0003.png,scene07,V,E3a,14,E,3a,0.919664,-9.8928,4.8712,61.7741,2.4361,0
resnet50,42,resnet50_s42,ON_NEG,on/scene07/L7__s20260819__0003.png,scene07,V,D3b,18,D,3b,0.994725,-9.8928,4.8712,61.7741,2.4361,0
resnet50,42,resnet50_s42,ON_NEG,on/scene07/L7__s20260819__0003.png,scene07,V,E3b,19,E,3b,0.990867,-9.8928,4.8712,61.7741,2.4361,0
resnet50,42,resnet50_s42,ON_NEG,on/scene07/L7__s20260819__0005.png,scene07,V,A3b,15,A,3b,0.95677,-9.3221,15.6943,62.9084,4.5788,0
resnet50,42,resnet50_s42,ON_NEG,on/scene07/L7__s20260819__0005.png,scene07,V,E3b,19,E,3b,0.936654,-9.3221,15.6943,62.9084,4.5788,0
resnet50,42,resnet50_s42,ON_NEG,on/scene07/L7__s20260819__0006.png,scene07,V,D3b,18,D,3b,0.985334,-3.7993,3.5452,60.5677,1.5559,0
resnet50,42,resnet50_s42,ON_NEG,on/scene07/L7__s20260819__0006.png,scene07,V,E3b,19,E,3b,0.987678,-3.7993,3.5452,60.5677,1.5559,0
resnet50,42,resnet50_s42,ON_NEG,on/scene07/L7__s20260819__0007.png,scene07,V,B2,6,B,2,0.573195,-9.7299,-3.7756,59.9335,3.9995,0
resnet50,42,resnet50_s42,ON_NEG,on/scene07/L7__s20260819__0007.png,scene07,V,D2,8,D,2,0.765082,-9.7299,-3.7756,59.9335,3.9995,0
resnet50,42,resnet50_s42,ON_NEG,on/scene07/L7__s20260819__0007.png,scene07,V,E2,9,E,2,0.753535,-9.7299,-3.7756,59.9335,3.9995,0
resnet50,42,resnet50_s42,ON_NEG,on/scene07/L7__s20260819__0007.png,scene07,V,D3a,13,D,3a,0.935702,-9.7299,-3.7756,59.9335,3.9995,0
resnet50,42,resnet50_s42,ON_NEG,on/scene07/L7__s20260819__0007.png,scene07,V,E3a,14,E,3a,0.990842,-9.7299,-3.7756,59.9335,3.9995,0
resnet50,42,resnet50_s42,ON_NEG,on/scene07/L7__s20260819__0007.png,scene07,V,C3b,17,C,3b,0.952219,-9.7299,-3.7756,59.9335,3.9995,0
resnet50,42,resnet50_s42,ON_NEG,on/scene14/L0__s20260819__0003.png,scene14,H,A2,5,A,2,0.522501,-3.2277,7.0829,62.9059,4.594,0
resnet50,42,resnet50_s42,ON_NEG,on/scene14/L0__s20260819__0003.png,scene14,H,B2,6,B,2,0.78094,-3.2277,7.0829,62.9059,4.594,0
resnet50,42,resnet50_s42,ON_NEG,on/scene14/L0__s20260819__0003.png,scene14,H,D2,8,D,2,0.841729,-3.2277,7.0829,62.9059,4.594,0
resnet50,42,resnet50_s42,ON_NEG,on/scene14/L0__s20260819__0003.png,scene14,H,E2,9,E,2,0.891052,-3.2277,7.0829,62.9059,4.594,0
resnet50,42,resnet50_s42,ON_NEG,on/scene14/L0__s20260819__0005.png,scene14,V,B2,6,B,2,0.795298,-11.6875,3.1562,60.5808,4.4487,0
resnet50,42,resnet50_s42,ON_NEG,on/scene14/L0__s20260819__0005.png,scene14,V,D2,8,D,2,0.884964,-11.6875,3.1562,60.5808,4.4487,0
resnet50,42,resnet50_s42,ON_NEG,on/scene14/L0__s20260819__0005.png,scene14,V,E2,9,E,2,0.909248,-11.6875,3.1562,60.5808,4.4487,0
resnet50,42,resnet50_s42,ON_NEG,on/scene14/L5__s20260819__0001.png,scene14,H,A3a,10,A,3a,0.60415,-8.9998,1.6524,61.4065,7.036,0
resnet50,42,resnet50_s42,ON_NEG,on/scene14/L5__s20260819__0003.png,scene14,H,B2,6,B,2,0.667916,-3.2277,7.0829,62.9059,4.594,0
resnet50,42,resnet50_s42,ON_NEG,on/scene14/L5__s20260819__0003.png,scene14,H,D2,8,D,2,0.720518,-3.2277,7.0829,62.9059,4.594,0
resnet50,42,resnet50_s42,ON_NEG,on/scene14/L5__s20260819__0003.png,scene14,H,E2,9,E,2,0.80171,-3.2277,7.0829,62.9059,4.594,0
resnet50,42,resnet50_s42,ON_NEG,on/scene14/L5__s20260819__0005.png,scene14,V,B2,6,B,2,0.926104,-11.6875,3.1562,60.5808,4.4487,0
resnet50,42,resnet50_s42,ON_NEG,on/scene14/L5__s20260819__0005.png,scene14,V,C2,7,C,2,0.604117,-11.6875,3.1562,60.5808,4.4487,0
resnet50,42,resnet50_s42,ON_NEG,on/scene14/L5__s20260819__0005.png,scene14,V,D2,8,D,2,0.970453,-11.6875,3.1562,60.5808,4.4487,0
resnet50,42,resnet50_s42,ON_NEG,on/scene14/L5__s20260819__0005.png,scene14,V,E2,9,E,2,0.972118,-11.6875,3.1562,60.5808,4.4487,0
resnet50,42,resnet50_s42,ON_NEG,on/scene14/L5__s20260819__0006.png,scene14,H,B2,6,B,2,0.624049,-10.0252,-0.1653,61.7917,6.5633,0
resnet50,42,resnet50_s42,ON_NEG,on/scene14/L5__s20260819__0006.png,scene14,H,D2,8,D,2,0.600554,-10.0252,-0.1653,61.7917,6.5633,0
resnet50,42,resnet50_s42,ON_NEG,on/scene14/L5__s20260819__0006.png,scene14,H,E2,9,E,2,0.612998,-10.0252,-0.1653,61.7917,6.5633,0
resnet50,42,resnet50_s42,ON_NEG,on/scene14/L7__s20260819__0001.png,scene14,H,A3a,10,A,3a,0.594785,-8.9998,1.6524,61.4065,7.036,0
resnet50,42,resnet50_s42,ON_NEG,on/scene14/L7__s20260819__0003.png,scene14,H,B2,6,B,2,0.562837,-3.2277,7.0829,62.9059,4.594,0
resnet50,42,resnet50_s42,ON_NEG,on/scene14/L7__s20260819__0003.png,scene14,H,D2,8,D,2,0.616104,-3.2277,7.0829,62.9059,4.594,0
resnet50,42,resnet50_s42,ON_NEG,on/scene14/L7__s20260819__0003.png,scene14,H,E2,9,E,2,0.72237,-3.2277,7.0829,62.9059,4.594,0
resnet50,42,resnet50_s42,ON_NEG,on/scene14/L7__s20260819__0004.png,scene14,H,A3a,10,A,3a,0.648856,-9.4161,-17.2604,60.9456,8.4208,0
resnet50,42,resnet50_s42,ON_NEG,on/scene14/L7__s20260819__0005.png,scene14,V,B2,6,B,2,0.831062,-11.6875,3.1562,60.5808,4.4487,0
resnet50,42,resnet50_s42,ON_NEG,on/scene14/L7__s20260819__0005.png,scene14,V,D2,8,D,2,0.89507,-11.6875,3.1562,60.5808,4.4487,0
resnet50,42,resnet50_s42,ON_NEG,on/scene14/L7__s20260819__0005.png,scene14,V,E2,9,E,2,0.901899,-11.6875,3.1562,60.5808,4.4487,0
resnet50,42,resnet50_s42,ON_NEG,on/scene14/L7__s20260819__0006.png,scene14,H,B2,6,B,2,0.523895,-10.0252,-0.1653,61.7917,6.5633,0
resnet50,42,resnet50_s42,ON_NEG,on/scene14/L7__s20260819__0006.png,scene14,H,D2,8,D,2,0.564634,-10.0252,-0.1653,61.7917,6.5633,0
resnet50,42,resnet50_s42,ON_NEG,on/scene14/L7__s20260819__0006.png,scene14,H,E2,9,E,2,0.625061,-10.0252,-0.1653,61.7917,6.5633,0
resnet50,42,resnet50_s42,ON_NEG,on/scene15/L0__s20260819__0000.png,scene15,H,D3b,18,D,3b,0.700828,-6.6317,-4.2143,61.8616,9.9031,0
resnet50,42,resnet50_s42,ON_NEG,on/scene15/L0__s20260819__0001.png,scene15,V,D3b,18,D,3b,0.954313,-7.5218,-9.2458,61.8359,1.858,0
resnet50,42,resnet50_s42,ON_NEG,on/scene15/L0__s20260819__0006.png,scene15,V,C3b,17,C,3b,0.972737,-9.1914,-18.2162,60.3765,2.2421,0
resnet50,42,resnet50_s42,ON_NEG,on/scene15/L4__s20260819__0002.png,scene15,V,B3b,16,B,3b,0.585762,-8.4908,3.1991,65.8023,4.6673,0
resnet50,42,resnet50_s42,ON_NEG,on/scene15/L4__s20260819__0004.png,scene15,V,B3b,16,B,3b,0.595005,-11.0394,5.5473,63.0915,5.5065,0
resnet50,42,resnet50_s42,ON_NEG,on/scene15/L4__s20260819__0004.png,scene15,V,E3b,19,E,3b,0.540929,-11.0394,5.5473,63.0915,5.5065,0
resnet50,42,resnet50_s42,ON_NEG,on/scene15/L4__s20260819__0006.png,scene15,V,C3b,17,C,3b,0.890894,-9.1914,-18.2162,60.3765,2.2421,0
resnet50,42,resnet50_s42,ON_NEG,on/scene15/L7__s20260819__0002.png,scene15,V,B3b,16,B,3b,0.66748,-8.4908,3.1991,65.8023,4.6673,0
resnet50,42,resnet50_s42,ON_NEG,on/scene15/L7__s20260819__0005.png,scene15,V,B3b,16,B,3b,0.780437,-12.9205,6.4099,63.9932,3.0224,0
resnet50,42,resnet50_s42,ON_NEG,on/scene15/L7__s20260819__0006.png,scene15,V,C3a,12,C,3a,0.510221,-9.1914,-18.2162,60.3765,2.2421,0
resnet50,42,resnet50_s42,ON_NEG,on/scene15/L7__s20260819__0006.png,scene15,V,C3b,17,C,3b,0.928446,-9.1914,-18.2162,60.3765,2.2421,0
resnet50,42,resnet50_s42,ON_NEG,on/scene15/L7__s20260819__0007.png,scene15,V,B3b,16,B,3b,0.613318,-15.2404,1.5985,63.4015,5.1525,0
resnet50,42,resnet50_s42,ON_NEG,on/scene18/L0__s20260819__0002.png,scene18,E,A3a,10,A,3a,0.631251,-17.1516,-15.9889,62.3123,10.4512,0
resnet50,42,resnet50_s42,ON_NEG,on/scene18/L0__s20260819__0006.png,scene18,E,B2,6,B,2,0.630572,-12.0517,-2.6405,64.1763,5.9593,0
resnet50,42,resnet50_s42,ON_NEG,on/scene18/L0__s20260819__0006.png,scene18,E,D2,8,D,2,0.665381,-12.0517,-2.6405,64.1763,5.9593,0
resnet50,42,resnet50_s42,ON_NEG,on/scene18/L0__s20260819__0006.png,scene18,E,E2,9,E,2,0.501955,-12.0517,-2.6405,64.1763,5.9593,0
resnet50,42,resnet50_s42,ON_NEG,on/scene18/L0__s20260819__0007.png,scene18,E,C3a,12,C,3a,0.547047,-11.7108,4.6011,63.4304,11.2418,0
resnet50,42,resnet50_s42,ON_NEG,on/scene18/L0__s20260819__0007.png,scene18,E,D3a,13,D,3a,0.564407,-11.7108,4.6011,63.4304,11.2418,0
resnet50,42,resnet50_s42,ON_NEG,on/scene18/L0__s20260819__0007.png,scene18,E,E3a,14,E,3a,0.868214,-11.7108,4.6011,63.4304,11.2418,0
resnet50,42,resnet50_s42,ON_NEG,on/scene18/L5__s20260819__0002.png,scene18,E,A3a,10,A,3a,0.77573,-17.1516,-15.9889,62.3123,10.4512,0
resnet50,42,resnet50_s42,ON_NEG,on/scene18/L7__s20260819__0002.png,scene18,E,A3a,10,A,3a,0.711804,-17.1516,-15.9889,62.3123,10.4512,0
resnet50,42,resnet50_s42,ON_NEG,on/scene18/L7__s20260819__0006.png,scene18,E,B2,6,B,2,0.541245,-12.0517,-2.6405,64.1763,5.9593,0
resnet50,42,resnet50_s42,ON_NEG,on/scene18/L7__s20260819__0006.png,scene18,E,D2,8,D,2,0.552437,-12.0517,-2.6405,64.1763,5.9593,0
resnet50,42,resnet50_s42,ON_NEG,on/scene18/L7__s20260819__0007.png,scene18,E,B2,6,B,2,0.591078,-11.7108,4.6011,63.4304,11.2418,0
resnet50,42,resnet50_s42,ON_NEG,on/scene18/L7__s20260819__0007.png,scene18,E,D2,8,D,2,0.673634,-11.7108,4.6011,63.4304,11.2418,0
resnet50,42,resnet50_s42,ON_NEG,on/scene18/L7__s20260819__0007.png,scene18,E,E2,9,E,2,0.631961,-11.7108,4.6011,63.4304,11.2418,0
resnet50,42,resnet50_s42,ON_NEG,on/scene18/L7__s20260819__0007.png,scene18,E,C3a,12,C,3a,0.583894,-11.7108,4.6011,63.4304,11.2418,0
resnet50,42,resnet50_s42,ON_NEG,on/scene18/L7__s20260819__0007.png,scene18,E,D3a,13,D,3a,0.640252,-11.7108,4.6011,63.4304,11.2418,0
resnet50,42,resnet50_s42,ON_NEG,on/scene18/L7__s20260819__0007.png,scene18,E,E3a,14,E,3a,0.865218,-11.7108,4.6011,63.4304,11.2418,0
resnet50,42,resnet50_s42,ON_NEG,on/sceneC2/L2__s20260819__0001.png,sceneC2,V,D3b,18,D,3b,0.76088,-13.4518,-13.0389,63.5306,6.8638,0
resnet50,42,resnet50_s42,ON_NEG,on/sceneC2/L2__s20260819__0002.png,sceneC2,V,C3a,12,C,3a,0.790263,-11.6494,-2.9872,60.6739,8.321,0
resnet50,42,resnet50_s42,ON_NEG,on/sceneC2/L2__s20260819__0002.png,sceneC2,V,D3b,18,D,3b,0.867098,-11.6494,-2.9872,60.6739,8.321,0
resnet50,42,resnet50_s42,ON_NEG,on/sceneC2/L2__s20260819__0005.png,sceneC2,V,B2,6,B,2,0.881618,-13.9053,-4.7076,63.4803,4.5522,0
resnet50,42,resnet50_s42,ON_NEG,on/sceneC2/L2__s20260819__0005.png,sceneC2,V,C2,7,C,2,0.937213,-13.9053,-4.7076,63.4803,4.5522,0
resnet50,42,resnet50_s42,ON_NEG,on/sceneC2/L2__s20260819__0005.png,sceneC2,V,D2,8,D,2,0.855335,-13.9053,-4.7076,63.4803,4.5522,0
resnet50,42,resnet50_s42,ON_NEG,on/sceneC2/L2__s20260819__0005.png,sceneC2,V,E2,9,E,2,0.705938,-13.9053,-4.7076,63.4803,4.5522,0
resnet50,42,resnet50_s42,ON_NEG,on/sceneC2/L3__s20260819__0001.png,sceneC2,V,D3b,18,D,3b,0.86488,-13.4518,-13.0389,63.5306,6.8638,0
resnet50,42,resnet50_s42,ON_NEG,on/sceneC2/L3__s20260819__0002.png,sceneC2,V,C2,7,C,2,0.718154,-11.6494,-2.9872,60.6739,8.321,0
resnet50,42,resnet50_s42,ON_NEG,on/sceneC2/L3__s20260819__0002.png,sceneC2,V,B3a,11,B,3a,0.686725,-11.6494,-2.9872,60.6739,8.321,0
resnet50,42,resnet50_s42,ON_NEG,on/sceneC2/L3__s20260819__0002.png,sceneC2,V,C3a,12,C,3a,0.928806,-11.6494,-2.9872,60.6739,8.321,0
resnet50,42,resnet50_s42,ON_NEG,on/sceneC2/L3__s20260819__0002.png,sceneC2,V,A3b,15,A,3b,0.812604,-11.6494,-2.9872,60.6739,8.321,0
resnet50,42,resnet50_s42,ON_NEG,on/sceneC2/L3__s20260819__0002.png,sceneC2,V,D3b,18,D,3b,0.925019,-11.6494,-2.9872,60.6739,8.321,0
resnet50,42,resnet50_s42,ON_NEG,on/sceneC2/L3__s20260819__0002.png,sceneC2,V,E3b,19,E,3b,0.52634,-11.6494,-2.9872,60.6739,8.321,0
resnet50,42,resnet50_s42,ON_NEG,on/sceneC2/L3__s20260819__0005.png,sceneC2,V,B2,6,B,2,0.902228,-13.9053,-4.7076,63.4803,4.5522,0
resnet50,42,resnet50_s42,ON_NEG,on/sceneC2/L3__s20260819__0005.png,sceneC2,V,C2,7,C,2,0.949838,-13.9053,-4.7076,63.4803,4.5522,0
resnet50,42,resnet50_s42,ON_NEG,on/sceneC2/L3__s20260819__0005.png,sceneC2,V,D2,8,D,2,0.874921,-13.9053,-4.7076,63.4803,4.5522,0
resnet50,42,resnet50_s42,ON_NEG,on/sceneC2/L3__s20260819__0005.png,sceneC2,V,E2,9,E,2,0.725267,-13.9053,-4.7076,63.4803,4.5522,0
resnet50,42,resnet50_s42,ON_NEG,on/sceneC2/L7__s20260819__0001.png,sceneC2,V,D3b,18,D,3b,0.869341,-13.4518,-13.0389,63.5306,6.8638,0
resnet50,42,resnet50_s42,ON_NEG,on/sceneC2/L7__s20260819__0002.png,sceneC2,V,C2,7,C,2,0.763471,-11.6494,-2.9872,60.6739,8.321,0
resnet50,42,resnet50_s42,ON_NEG,on/sceneC2/L7__s20260819__0002.png,sceneC2,V,B3a,11,B,3a,0.804925,-11.6494,-2.9872,60.6739,8.321,0
resnet50,42,resnet50_s42,ON_NEG,on/sceneC2/L7__s20260819__0002.png,sceneC2,V,C3a,12,C,3a,0.965863,-11.6494,-2.9872,60.6739,8.321,0
resnet50,42,resnet50_s42,ON_NEG,on/sceneC2/L7__s20260819__0002.png,sceneC2,V,A3b,15,A,3b,0.96096,-11.6494,-2.9872,60.6739,8.321,0
resnet50,42,resnet50_s42,ON_NEG,on/sceneC2/L7__s20260819__0002.png,sceneC2,V,D3b,18,D,3b,0.939699,-11.6494,-2.9872,60.6739,8.321,0
resnet50,42,resnet50_s42,ON_NEG,on/sceneC2/L7__s20260819__0002.png,sceneC2,V,E3b,19,E,3b,0.723256,-11.6494,-2.9872,60.6739,8.321,0
resnet50,42,resnet50_s42,ON_NEG,on/sceneC2/L7__s20260819__0004.png,sceneC2,V,A3a,10,A,3a,0.521005,-13.5389,11.6475,61.7574,2.2154,0
resnet50,42,resnet50_s42,ON_NEG,on/sceneC2/L7__s20260819__0005.png,sceneC2,V,B2,6,B,2,0.944346,-13.9053,-4.7076,63.4803,4.5522,0
resnet50,42,resnet50_s42,ON_NEG,on/sceneC2/L7__s20260819__0005.png,sceneC2,V,C2,7,C,2,0.968641,-13.9053,-4.7076,63.4803,4.5522,0
resnet50,42,resnet50_s42,ON_NEG,on/sceneC2/L7__s20260819__0005.png,sceneC2,V,D2,8,D,2,0.932335,-13.9053,-4.7076,63.4803,4.5522,0
resnet50,42,resnet50_s42,ON_NEG,on/sceneC2/L7__s20260819__0005.png,sceneC2,V,E2,9,E,2,0.815858,-13.9053,-4.7076,63.4803,4.5522,0
resnet50,42,resnet50_s42,ON_NEG,on/sceneN3/L0__s20260819__0006.png,sceneN3,none_in_fov,C3b,17,C,3b,0.734459,-7.7849,2.4667,60.503,4.7311,0
resnet50,42,resnet50_s42,ON_NEG,on/sceneN3/L5__s20260819__0001.png,sceneN3,none_in_fov,B3b,16,B,3b,0.554783,-12.6534,1.5439,61.04,5.2884,0
resnet50,42,resnet50_s42,ON_NEG,on/sceneN3/L5__s20260819__0001.png,sceneN3,none_in_fov,C3b,17,C,3b,0.628828,-12.6534,1.5439,61.04,5.2884,0
resnet50,42,resnet50_s42,ON_NEG,on/sceneN3/L5__s20260819__0002.png,sceneN3,none_in_fov,C3b,17,C,3b,0.825064,-13.1516,1.5693,63.1068,1.7608,0
resnet50,42,resnet50_s42,ON_NEG,on/sceneN3/L5__s20260819__0003.png,sceneN3,none_in_fov,C3b,17,C,3b,0.627079,-9.3231,5.7221,62.1685,8.3724,0
resnet50,42,resnet50_s42,ON_NEG,on/sceneN3/L5__s20260819__0003.png,sceneN3,none_in_fov,D3b,18,D,3b,0.525775,-9.3231,5.7221,62.1685,8.3724,0
resnet50,42,resnet50_s42,ON_NEG,on/sceneN3/L5__s20260819__0004.png,sceneN3,none_in_fov,B2,6,B,2,0.503524,-7.3546,-7.2186,63.4074,8.0992,0
resnet50,42,resnet50_s42,ON_NEG,on/sceneN3/L5__s20260819__0004.png,sceneN3,none_in_fov,D2,8,D,2,0.686516,-7.3546,-7.2186,63.4074,8.0992,0
resnet50,42,resnet50_s42,ON_NEG,on/sceneN3/L5__s20260819__0004.png,sceneN3,none_in_fov,E2,9,E,2,0.674579,-7.3546,-7.2186,63.4074,8.0992,0
resnet50,42,resnet50_s42,ON_NEG,on/sceneN3/L5__s20260819__0004.png,sceneN3,none_in_fov,D3a,13,D,3a,0.604059,-7.3546,-7.2186,63.4074,8.0992,0
resnet50,42,resnet50_s42,ON_NEG,on/sceneN3/L5__s20260819__0004.png,sceneN3,none_in_fov,E3a,14,E,3a,0.579993,-7.3546,-7.2186,63.4074,8.0992,0
resnet50,42,resnet50_s42,ON_NEG,on/sceneN3/L5__s20260819__0004.png,sceneN3,none_in_fov,B3b,16,B,3b,0.621199,-7.3546,-7.2186,63.4074,8.0992,0
resnet50,42,resnet50_s42,ON_NEG,on/sceneN3/L5__s20260819__0004.png,sceneN3,none_in_fov,C3b,17,C,3b,0.963047,-7.3546,-7.2186,63.4074,8.0992,0
resnet50,42,resnet50_s42,ON_NEG,on/sceneN3/L5__s20260819__0004.png,sceneN3,none_in_fov,D3b,18,D,3b,0.875166,-7.3546,-7.2186,63.4074,8.0992,0
resnet50,42,resnet50_s42,ON_NEG,on/sceneN3/L5__s20260819__0005.png,sceneN3,none_in_fov,B3b,16,B,3b,0.828127,-12.2129,-14.4798,63.1796,2.2677,0
resnet50,42,resnet50_s42,ON_NEG,on/sceneN3/L5__s20260819__0005.png,sceneN3,none_in_fov,C3b,17,C,3b,0.892206,-12.2129,-14.4798,63.1796,2.2677,0
resnet50,42,resnet50_s42,ON_NEG,on/sceneN3/L5__s20260819__0006.png,sceneN3,none_in_fov,E2,9,E,2,0.647394,-7.7849,2.4667,60.503,4.7311,0
resnet50,42,resnet50_s42,ON_NEG,on/sceneN3/L5__s20260819__0006.png,sceneN3,none_in_fov,B3b,16,B,3b,0.635764,-7.7849,2.4667,60.503,4.7311,0
resnet50,42,resnet50_s42,ON_NEG,on/sceneN3/L5__s20260819__0006.png,sceneN3,none_in_fov,C3b,17,C,3b,0.569108,-7.7849,2.4667,60.503,4.7311,0
resnet50,42,resnet50_s42,ON_NEG,on/sceneN3/L5__s20260819__0006.png,sceneN3,none_in_fov,D3b,18,D,3b,0.562096,-7.7849,2.4667,60.503,4.7311,0
resnet50,42,resnet50_s42,ON_NEG,on/sceneN3/L7__s20260819__0001.png,sceneN3,none_in_fov,B3b,16,B,3b,0.662817,-12.6534,1.5439,61.04,5.2884,0
resnet50,42,resnet50_s42,ON_NEG,on/sceneN3/L7__s20260819__0001.png,sceneN3,none_in_fov,C3b,17,C,3b,0.514533,-12.6534,1.5439,61.04,5.2884,0
resnet50,42,resnet50_s42,ON_NEG,on/sceneN3/L7__s20260819__0002.png,sceneN3,none_in_fov,C3b,17,C,3b,0.752149,-13.1516,1.5693,63.1068,1.7608,0
resnet50,42,resnet50_s42,ON_NEG,on/scene14/L0__s20260820__0002.png::boost_h,scene14,none_in_fov,B2,6,B,2,0.682326,-7.0039,2.401,63.1403,11.657,0
resnet50,42,resnet50_s42,ON_NEG,on/scene14/L0__s20260820__0002.png::boost_h,scene14,none_in_fov,C2,7,C,2,0.597573,-7.0039,2.401,63.1403,11.657,0
resnet50,42,resnet50_s42,ON_NEG,on/scene14/L0__s20260820__0002.png::boost_h,scene14,none_in_fov,D2,8,D,2,0.894992,-7.0039,2.401,63.1403,11.657,0
resnet50,42,resnet50_s42,ON_NEG,on/scene14/L0__s20260820__0002.png::boost_h,scene14,none_in_fov,E2,9,E,2,0.781379,-7.0039,2.401,63.1403,11.657,0
resnet50,42,resnet50_s42,ON_NEG,on/scene14/L0__s20260820__0002.png::boost_h,scene14,none_in_fov,C3a,12,C,3a,0.617001,-7.0039,2.401,63.1403,11.657,0
resnet50,42,resnet50_s42,ON_NEG,on/scene14/L0__s20260820__0002.png::boost_h,scene14,none_in_fov,E3a,14,E,3a,0.647784,-7.0039,2.401,63.1403,11.657,0
resnet50,42,resnet50_s42,ON_NEG,on/scene14/L5__s20260820__0002.png::boost_h,scene14,none_in_fov,B2,6,B,2,0.884472,-7.0039,2.401,63.1403,11.657,0
resnet50,42,resnet50_s42,ON_NEG,on/scene14/L5__s20260820__0002.png::boost_h,scene14,none_in_fov,C2,7,C,2,0.895056,-7.0039,2.401,63.1403,11.657,0
resnet50,42,resnet50_s42,ON_NEG,on/scene14/L5__s20260820__0002.png::boost_h,scene14,none_in_fov,D2,8,D,2,0.95181,-7.0039,2.401,63.1403,11.657,0
resnet50,42,resnet50_s42,ON_NEG,on/scene14/L5__s20260820__0002.png::boost_h,scene14,none_in_fov,E2,9,E,2,0.877521,-7.0039,2.401,63.1403,11.657,0
resnet50,42,resnet50_s42,ON_NEG,on/scene14/L5__s20260820__0007.png::boost_h,scene14,H,A2,5,A,2,0.573022,-6.1172,5.4847,60.0935,10.4613,0
resnet50,42,resnet50_s42,ON_NEG,on/scene14/L5__s20260820__0007.png::boost_h,scene14,H,B2,6,B,2,0.920723,-6.1172,5.4847,60.0935,10.4613,0
resnet50,42,resnet50_s42,ON_NEG,on/scene14/L5__s20260820__0007.png::boost_h,scene14,H,C2,7,C,2,0.88633,-6.1172,5.4847,60.0935,10.4613,0
resnet50,42,resnet50_s42,ON_NEG,on/scene14/L5__s20260820__0007.png::boost_h,scene14,H,D2,8,D,2,0.925519,-6.1172,5.4847,60.0935,10.4613,0
resnet50,42,resnet50_s42,ON_NEG,on/scene14/L5__s20260820__0007.png::boost_h,scene14,H,E2,9,E,2,0.690634,-6.1172,5.4847,60.0935,10.4613,0
resnet50,42,resnet50_s42,ON_NEG,on/scene14/L5__s20260820__0007.png::boost_h,scene14,H,A3a,10,A,3a,0.725837,-6.1172,5.4847,60.0935,10.4613,0
resnet50,42,resnet50_s42,ON_NEG,on/scene14/L5__s20260820__0007.png::boost_h,scene14,H,B3a,11,B,3a,0.741759,-6.1172,5.4847,60.0935,10.4613,0
resnet50,42,resnet50_s42,ON_NEG,on/scene14/L5__s20260820__0007.png::boost_h,scene14,H,C3a,12,C,3a,0.612798,-6.1172,5.4847,60.0935,10.4613,0
resnet50,42,resnet50_s42,ON_NEG,on/scene14/L7__s20260820__0002.png::boost_h,scene14,none_in_fov,B2,6,B,2,0.898753,-7.0039,2.401,63.1403,11.657,0
resnet50,42,resnet50_s42,ON_NEG,on/scene14/L7__s20260820__0002.png::boost_h,scene14,none_in_fov,C2,7,C,2,0.887917,-7.0039,2.401,63.1403,11.657,0
resnet50,42,resnet50_s42,ON_NEG,on/scene14/L7__s20260820__0002.png::boost_h,scene14,none_in_fov,D2,8,D,2,0.956468,-7.0039,2.401,63.1403,11.657,0
resnet50,42,resnet50_s42,ON_NEG,on/scene14/L7__s20260820__0002.png::boost_h,scene14,none_in_fov,E2,9,E,2,0.905493,-7.0039,2.401,63.1403,11.657,0
resnet50,42,resnet50_s42,ON_NEG,on/scene14/L7__s20260820__0002.png::boost_h,scene14,none_in_fov,C3a,12,C,3a,0.87239,-7.0039,2.401,63.1403,11.657,0
resnet50,42,resnet50_s42,ON_NEG,on/scene14/L7__s20260820__0002.png::boost_h,scene14,none_in_fov,D3a,13,D,3a,0.655004,-7.0039,2.401,63.1403,11.657,0
resnet50,42,resnet50_s42,ON_NEG,on/scene14/L7__s20260820__0002.png::boost_h,scene14,none_in_fov,E3a,14,E,3a,0.83859,-7.0039,2.401,63.1403,11.657,0
resnet50,42,resnet50_s42,ON_NEG,on/scene14/L7__s20260820__0002.png::boost_h,scene14,none_in_fov,D3b,18,D,3b,0.538674,-7.0039,2.401,63.1403,11.657,0
resnet50,42,resnet50_s42,ON_NEG,on/scene14/L7__s20260820__0007.png::boost_h,scene14,H,B2,6,B,2,0.58105,-6.1172,5.4847,60.0935,10.4613,0
resnet50,42,resnet50_s42,ON_NEG,on/scene14/L7__s20260820__0007.png::boost_h,scene14,H,D2,8,D,2,0.511212,-6.1172,5.4847,60.0935,10.4613,0
resnet50,42,resnet50_s42,ON_NEG,on/scene15/L0__s20260820__0003.png::boost_h,scene15,H,D3b,18,D,3b,0.576243,-11.0902,-4.9586,63.1815,7.5147,0
resnet50,42,resnet50_s42,ON_NEG,on/scene15/L0__s20260820__0007.png::boost_h,scene15,H_weak,C3b,17,C,3b,0.767335,-9.4753,-12.4083,62.4936,8.3783,0
resnet50,42,resnet50_s42,ON_NEG,on/scene15/L4__s20260820__0007.png::boost_h,scene15,H_weak,C3b,17,C,3b,0.542258,-9.4753,-12.4083,62.4936,8.3783,0
resnet50,42,resnet50_s42,ON_NEG,on/scene15/L7__s20260820__0003.png::boost_h,scene15,H,D3b,18,D,3b,0.569648,-11.0902,-4.9586,63.1815,7.5147,0
resnet50,42,resnet50_s42,ON_NEG,on/scene15/L7__s20260820__0005.png::boost_h,scene15,H,A3b,15,A,3b,0.508898,-5.4058,-7.3396,62.3314,9.8366,0
resnet50,42,resnet50_s42,ON_NEG,on/scene15/L7__s20260820__0005.png::boost_h,scene15,H,C3b,17,C,3b,0.518363,-5.4058,-7.3396,62.3314,9.8366,0
resnet50,42,resnet50_s42,ON_NEG,on/scene15/L7__s20260820__0007.png::boost_h,scene15,H_weak,C3b,17,C,3b,0.506046,-9.4753,-12.4083,62.4936,8.3783,0
resnet50,42,resnet50_s42,ON_NEG,on/scene05/L0__s20260820__0001.png::boost_e,scene05,V,C3a,12,C,3a,0.709627,-5.7189,0.3564,61.8831,9.8857,0
resnet50,42,resnet50_s42,ON_NEG,on/scene05/L0__s20260820__0002.png::boost_e,scene05,V,A2,5,A,2,0.767764,-5.4996,-9.2457,63.6695,7.7708,0
resnet50,42,resnet50_s42,ON_NEG,on/scene05/L0__s20260820__0002.png::boost_e,scene05,V,B2,6,B,2,0.92514,-5.4996,-9.2457,63.6695,7.7708,0
resnet50,42,resnet50_s42,ON_NEG,on/scene05/L0__s20260820__0002.png::boost_e,scene05,V,C2,7,C,2,0.530404,-5.4996,-9.2457,63.6695,7.7708,0
resnet50,42,resnet50_s42,ON_NEG,on/scene05/L0__s20260820__0002.png::boost_e,scene05,V,D2,8,D,2,0.771186,-5.4996,-9.2457,63.6695,7.7708,0
resnet50,42,resnet50_s42,ON_NEG,on/scene05/L0__s20260820__0003.png::boost_e,scene05,V,A1,0,A,1,0.592994,-7.8027,0.1237,61.0834,6.3099,0
resnet50,42,resnet50_s42,ON_NEG,on/scene05/L0__s20260820__0003.png::boost_e,scene05,V,B1,1,B,1,0.69574,-7.8027,0.1237,61.0834,6.3099,0
resnet50,42,resnet50_s42,ON_NEG,on/scene05/L0__s20260820__0003.png::boost_e,scene05,V,C1,2,C,1,0.535647,-7.8027,0.1237,61.0834,6.3099,0
resnet50,42,resnet50_s42,ON_NEG,on/scene05/L0__s20260820__0003.png::boost_e,scene05,V,A2,5,A,2,0.869029,-7.8027,0.1237,61.0834,6.3099,0
resnet50,42,resnet50_s42,ON_NEG,on/scene05/L0__s20260820__0003.png::boost_e,scene05,V,E2,9,E,2,0.986068,-7.8027,0.1237,61.0834,6.3099,0
resnet50,42,resnet50_s42,ON_NEG,on/scene05/L0__s20260820__0004.png::boost_e,scene05,V,D2,8,D,2,0.978777,-6.9904,-7.3983,63.483,6.1605,0
resnet50,42,resnet50_s42,ON_NEG,on/scene05/L0__s20260820__0004.png::boost_e,scene05,V,E2,9,E,2,0.854561,-6.9904,-7.3983,63.483,6.1605,0
resnet50,42,resnet50_s42,ON_NEG,on/scene05/L0__s20260820__0005.png::boost_e,scene05,V,A2,5,A,2,0.881121,-9.9958,-4.8864,61.371,6.2772,0
resnet50,42,resnet50_s42,ON_NEG,on/scene05/L0__s20260820__0005.png::boost_e,scene05,V,D2,8,D,2,0.897527,-9.9958,-4.8864,61.371,6.2772,0
resnet50,42,resnet50_s42,ON_NEG,on/scene05/L0__s20260820__0005.png::boost_e,scene05,V,E2,9,E,2,0.681097,-9.9958,-4.8864,61.371,6.2772,0
resnet50,42,resnet50_s42,ON_NEG,on/scene05/L5__s20260820__0001.png::boost_e,scene05,V,C3a,12,C,3a,0.686792,-5.7189,0.3564,61.8831,9.8857,0
resnet50,42,resnet50_s42,ON_NEG,on/scene05/L5__s20260820__0002.png::boost_e,scene05,V,A2,5,A,2,0.662519,-5.4996,-9.2457,63.6695,7.7708,0
resnet50,42,resnet50_s42,ON_NEG,on/scene05/L5__s20260820__0002.png::boost_e,scene05,V,B2,6,B,2,0.815697,-5.4996,-9.2457,63.6695,7.7708,0
resnet50,42,resnet50_s42,ON_NEG,on/scene05/L5__s20260820__0002.png::boost_e,scene05,V,D2,8,D,2,0.543967,-5.4996,-9.2457,63.6695,7.7708,0
resnet50,42,resnet50_s42,ON_NEG,on/scene05/L5__s20260820__0003.png::boost_e,scene05,V,A2,5,A,2,0.787679,-7.8027,0.1237,61.0834,6.3099,0
resnet50,42,resnet50_s42,ON_NEG,on/scene05/L5__s20260820__0003.png::boost_e,scene05,V,E2,9,E,2,0.968487,-7.8027,0.1237,61.0834,6.3099,0
resnet50,42,resnet50_s42,ON_NEG,on/scene05/L5__s20260820__0004.png::boost_e,scene05,V,D2,8,D,2,0.976359,-6.9904,-7.3983,63.483,6.1605,0
resnet50,42,resnet50_s42,ON_NEG,on/scene05/L5__s20260820__0004.png::boost_e,scene05,V,E2,9,E,2,0.948399,-6.9904,-7.3983,63.483,6.1605,0
resnet50,42,resnet50_s42,ON_NEG,on/scene05/L5__s20260820__0005.png::boost_e,scene05,V,A2,5,A,2,0.931125,-9.9958,-4.8864,61.371,6.2772,0
resnet50,42,resnet50_s42,ON_NEG,on/scene05/L5__s20260820__0005.png::boost_e,scene05,V,D2,8,D,2,0.949187,-9.9958,-4.8864,61.371,6.2772,0
resnet50,42,resnet50_s42,ON_NEG,on/scene05/L5__s20260820__0005.png::boost_e,scene05,V,E2,9,E,2,0.897468,-9.9958,-4.8864,61.371,6.2772,0
resnet50,42,resnet50_s42,ON_NEG,on/scene05/L5__s20260820__0006.png::boost_e,scene05,V,A3a,10,A,3a,0.574165,-12.8982,-6.3539,61.1324,9.7574,0
resnet50,42,resnet50_s42,ON_NEG,on/scene05/L5__s20260820__0007.png::boost_e,scene05,V,D2,8,D,2,0.604332,-11.43,-6.2709,60.486,7.4493,0
resnet50,42,resnet50_s42,ON_NEG,on/scene05/L5__s20260820__0007.png::boost_e,scene05,V,E2,9,E,2,0.701745,-11.43,-6.2709,60.486,7.4493,0
resnet50,42,resnet50_s42,ON_NEG,on/scene05/L7__s20260820__0001.png::boost_e,scene05,V,C3a,12,C,3a,0.907863,-5.7189,0.3564,61.8831,9.8857,0
resnet50,42,resnet50_s42,ON_NEG,on/scene05/L7__s20260820__0002.png::boost_e,scene05,V,B2,6,B,2,0.676109,-5.4996,-9.2457,63.6695,7.7708,0
resnet50,42,resnet50_s42,ON_NEG,on/scene05/L7__s20260820__0003.png::boost_e,scene05,V,A1,0,A,1,0.533805,-7.8027,0.1237,61.0834,6.3099,0
resnet50,42,resnet50_s42,ON_NEG,on/scene05/L7__s20260820__0003.png::boost_e,scene05,V,B1,1,B,1,0.605176,-7.8027,0.1237,61.0834,6.3099,0
resnet50,42,resnet50_s42,ON_NEG,on/scene05/L7__s20260820__0003.png::boost_e,scene05,V,A2,5,A,2,0.671736,-7.8027,0.1237,61.0834,6.3099,0
resnet50,42,resnet50_s42,ON_NEG,on/scene05/L7__s20260820__0003.png::boost_e,scene05,V,E2,9,E,2,0.982206,-7.8027,0.1237,61.0834,6.3099,0
resnet50,42,resnet50_s42,ON_NEG,on/scene05/L7__s20260820__0004.png::boost_e,scene05,V,D2,8,D,2,0.938576,-6.9904,-7.3983,63.483,6.1605,0
resnet50,42,resnet50_s42,ON_NEG,on/scene05/L7__s20260820__0004.png::boost_e,scene05,V,E2,9,E,2,0.717438,-6.9904,-7.3983,63.483,6.1605,0
resnet50,42,resnet50_s42,ON_NEG,on/scene05/L7__s20260820__0005.png::boost_e,scene05,V,A2,5,A,2,0.786906,-9.9958,-4.8864,61.371,6.2772,0
resnet50,42,resnet50_s42,ON_NEG,on/scene05/L7__s20260820__0005.png::boost_e,scene05,V,D2,8,D,2,0.865095,-9.9958,-4.8864,61.371,6.2772,0
resnet50,42,resnet50_s42,ON_NEG,on/scene05/L7__s20260820__0005.png::boost_e,scene05,V,E2,9,E,2,0.660649,-9.9958,-4.8864,61.371,6.2772,0
resnet50,42,resnet50_s42,ON_NEG,on/scene07/L0__s20260820__0000.png::boost_e,scene07,none_in_fov,B2,6,B,2,0.935512,-10.2409,14.1283,61.8254,9.3533,0
resnet50,42,resnet50_s42,ON_NEG,on/scene07/L0__s20260820__0000.png::boost_e,scene07,none_in_fov,C2,7,C,2,0.763232,-10.2409,14.1283,61.8254,9.3533,0
resnet50,42,resnet50_s42,ON_NEG,on/scene07/L0__s20260820__0000.png::boost_e,scene07,none_in_fov,D2,8,D,2,0.929345,-10.2409,14.1283,61.8254,9.3533,0
resnet50,42,resnet50_s42,ON_NEG,on/scene07/L0__s20260820__0000.png::boost_e,scene07,none_in_fov,E2,9,E,2,0.638062,-10.2409,14.1283,61.8254,9.3533,0
resnet50,42,resnet50_s42,ON_NEG,on/scene07/L0__s20260820__0000.png::boost_e,scene07,none_in_fov,B3a,11,B,3a,0.878104,-10.2409,14.1283,61.8254,9.3533,0
resnet50,42,resnet50_s42,ON_NEG,on/scene07/L0__s20260820__0000.png::boost_e,scene07,none_in_fov,C3a,12,C,3a,0.984248,-10.2409,14.1283,61.8254,9.3533,0
resnet50,42,resnet50_s42,ON_NEG,on/scene07/L0__s20260820__0000.png::boost_e,scene07,none_in_fov,D3a,13,D,3a,0.578247,-10.2409,14.1283,61.8254,9.3533,0
resnet50,42,resnet50_s42,ON_NEG,on/scene07/L0__s20260820__0000.png::boost_e,scene07,none_in_fov,A3b,15,A,3b,0.626295,-10.2409,14.1283,61.8254,9.3533,0
resnet50,42,resnet50_s42,ON_NEG,on/scene07/L0__s20260820__0000.png::boost_e,scene07,none_in_fov,B3b,16,B,3b,0.907352,-10.2409,14.1283,61.8254,9.3533,0
resnet50,42,resnet50_s42,ON_NEG,on/scene07/L0__s20260820__0000.png::boost_e,scene07,none_in_fov,C3b,17,C,3b,0.969526,-10.2409,14.1283,61.8254,9.3533,0
resnet50,42,resnet50_s42,ON_NEG,on/scene07/L0__s20260820__0000.png::boost_e,scene07,none_in_fov,D3b,18,D,3b,0.833,-10.2409,14.1283,61.8254,9.3533,0
resnet50,42,resnet50_s42,ON_NEG,on/scene07/L0__s20260820__0001.png::boost_e,scene07,none_in_fov,B2,6,B,2,0.874355,-8.7737,-1.6736,63.801,8.4933,0
resnet50,42,resnet50_s42,ON_NEG,on/scene07/L0__s20260820__0001.png::boost_e,scene07,none_in_fov,C2,7,C,2,0.877252,-8.7737,-1.6736,63.801,8.4933,0
resnet50,42,resnet50_s42,ON_NEG,on/scene07/L0__s20260820__0001.png::boost_e,scene07,none_in_fov,D2,8,D,2,0.896964,-8.7737,-1.6736,63.801,8.4933,0
resnet50,42,resnet50_s42,ON_NEG,on/scene07/L0__s20260820__0001.png::boost_e,scene07,none_in_fov,E2,9,E,2,0.653144,-8.7737,-1.6736,63.801,8.4933,0
resnet50,42,resnet50_s42,ON_NEG,on/scene07/L0__s20260820__0001.png::boost_e,scene07,none_in_fov,C3a,12,C,3a,0.782775,-8.7737,-1.6736,63.801,8.4933,0
resnet50,42,resnet50_s42,ON_NEG,on/scene07/L0__s20260820__0001.png::boost_e,scene07,none_in_fov,A3b,15,A,3b,0.81262,-8.7737,-1.6736,63.801,8.4933,0
resnet50,42,resnet50_s42,ON_NEG,on/scene07/L0__s20260820__0001.png::boost_e,scene07,none_in_fov,B3b,16,B,3b,0.821172,-8.7737,-1.6736,63.801,8.4933,0
resnet50,42,resnet50_s42,ON_NEG,on/scene07/L0__s20260820__0001.png::boost_e,scene07,none_in_fov,C3b,17,C,3b,0.948113,-8.7737,-1.6736,63.801,8.4933,0
resnet50,42,resnet50_s42,ON_NEG,on/scene07/L0__s20260820__0001.png::boost_e,scene07,none_in_fov,D3b,18,D,3b,0.969679,-8.7737,-1.6736,63.801,8.4933,0
resnet50,42,resnet50_s42,ON_NEG,on/scene07/L0__s20260820__0001.png::boost_e,scene07,none_in_fov,E3b,19,E,3b,0.930429,-8.7737,-1.6736,63.801,8.4933,0
resnet50,42,resnet50_s42,ON_NEG,on/scene07/L0__s20260820__0002.png::boost_e,scene07,none_in_fov,B2,6,B,2,0.785135,-11.7844,-0.5026,59.071,6.034,0
resnet50,42,resnet50_s42,ON_NEG,on/scene07/L0__s20260820__0002.png::boost_e,scene07,none_in_fov,C2,7,C,2,0.645458,-11.7844,-0.5026,59.071,6.034,0
resnet50,42,resnet50_s42,ON_NEG,on/scene07/L0__s20260820__0002.png::boost_e,scene07,none_in_fov,D2,8,D,2,0.692348,-11.7844,-0.5026,59.071,6.034,0
resnet50,42,resnet50_s42,ON_NEG,on/scene07/L0__s20260820__0002.png::boost_e,scene07,none_in_fov,C3a,12,C,3a,0.717405,-11.7844,-0.5026,59.071,6.034,0
resnet50,42,resnet50_s42,ON_NEG,on/scene07/L0__s20260820__0002.png::boost_e,scene07,none_in_fov,A3b,15,A,3b,0.797582,-11.7844,-0.5026,59.071,6.034,0
resnet50,42,resnet50_s42,ON_NEG,on/scene07/L0__s20260820__0002.png::boost_e,scene07,none_in_fov,B3b,16,B,3b,0.866149,-11.7844,-0.5026,59.071,6.034,0
resnet50,42,resnet50_s42,ON_NEG,on/scene07/L0__s20260820__0002.png::boost_e,scene07,none_in_fov,C3b,17,C,3b,0.888229,-11.7844,-0.5026,59.071,6.034,0
resnet50,42,resnet50_s42,ON_NEG,on/scene07/L0__s20260820__0002.png::boost_e,scene07,none_in_fov,D3b,18,D,3b,0.757149,-11.7844,-0.5026,59.071,6.034,0
resnet50,42,resnet50_s42,ON_NEG,on/scene07/L0__s20260820__0002.png::boost_e,scene07,none_in_fov,E3b,19,E,3b,0.596119,-11.7844,-0.5026,59.071,6.034,0
resnet50,42,resnet50_s42,ON_NEG,on/scene07/L0__s20260820__0003.png::boost_e,scene07,none_in_fov,B2,6,B,2,0.912853,-10.8121,7.6338,61.1751,9.743,0
resnet50,42,resnet50_s42,ON_NEG,on/scene07/L0__s20260820__0003.png::boost_e,scene07,none_in_fov,C2,7,C,2,0.633607,-10.8121,7.6338,61.1751,9.743,0
resnet50,42,resnet50_s42,ON_NEG,on/scene07/L0__s20260820__0003.png::boost_e,scene07,none_in_fov,D2,8,D,2,0.881263,-10.8121,7.6338,61.1751,9.743,0
resnet50,42,resnet50_s42,ON_NEG,on/scene07/L0__s20260820__0003.png::boost_e,scene07,none_in_fov,E2,9,E,2,0.762462,-10.8121,7.6338,61.1751,9.743,0
resnet50,42,resnet50_s42,ON_NEG,on/scene07/L0__s20260820__0003.png::boost_e,scene07,none_in_fov,A3a,10,A,3a,0.811992,-10.8121,7.6338,61.1751,9.743,0
resnet50,42,resnet50_s42,ON_NEG,on/scene07/L0__s20260820__0003.png::boost_e,scene07,none_in_fov,B3a,11,B,3a,0.930637,-10.8121,7.6338,61.1751,9.743,0
resnet50,42,resnet50_s42,ON_NEG,on/scene07/L0__s20260820__0003.png::boost_e,scene07,none_in_fov,C3a,12,C,3a,0.993436,-10.8121,7.6338,61.1751,9.743,0
resnet50,42,resnet50_s42,ON_NEG,on/scene07/L0__s20260820__0003.png::boost_e,scene07,none_in_fov,D3a,13,D,3a,0.816404,-10.8121,7.6338,61.1751,9.743,0
resnet50,42,resnet50_s42,ON_NEG,on/scene07/L0__s20260820__0003.png::boost_e,scene07,none_in_fov,E3a,14,E,3a,0.720005,-10.8121,7.6338,61.1751,9.743,0
resnet50,42,resnet50_s42,ON_NEG,on/scene07/L0__s20260820__0003.png::boost_e,scene07,none_in_fov,A3b,15,A,3b,0.974171,-10.8121,7.6338,61.1751,9.743,0
resnet50,42,resnet50_s42,ON_NEG,on/scene07/L0__s20260820__0003.png::boost_e,scene07,none_in_fov,B3b,16,B,3b,0.970958,-10.8121,7.6338,61.1751,9.743,0
resnet50,42,resnet50_s42,ON_NEG,on/scene07/L0__s20260820__0003.png::boost_e,scene07,none_in_fov,C3b,17,C,3b,0.969311,-10.8121,7.6338,61.1751,9.743,0
resnet50,42,resnet50_s42,ON_NEG,on/scene07/L0__s20260820__0003.png::boost_e,scene07,none_in_fov,D3b,18,D,3b,0.958756,-10.8121,7.6338,61.1751,9.743,0
resnet50,42,resnet50_s42,ON_NEG,on/scene07/L0__s20260820__0003.png::boost_e,scene07,none_in_fov,E3b,19,E,3b,0.944671,-10.8121,7.6338,61.1751,9.743,0
resnet50,42,resnet50_s42,ON_NEG,on/scene07/L0__s20260820__0004.png::boost_e,scene07,none_in_fov,B2,6,B,2,0.960125,-11.296,14.3304,62.4153,11.7361,0
resnet50,42,resnet50_s42,ON_NEG,on/scene07/L0__s20260820__0004.png::boost_e,scene07,none_in_fov,C2,7,C,2,0.963732,-11.296,14.3304,62.4153,11.7361,0
resnet50,42,resnet50_s42,ON_NEG,on/scene07/L0__s20260820__0004.png::boost_e,scene07,none_in_fov,D2,8,D,2,0.982371,-11.296,14.3304,62.4153,11.7361,0
resnet50,42,resnet50_s42,ON_NEG,on/scene07/L0__s20260820__0004.png::boost_e,scene07,none_in_fov,E2,9,E,2,0.721224,-11.296,14.3304,62.4153,11.7361,0
resnet50,42,resnet50_s42,ON_NEG,on/scene07/L0__s20260820__0004.png::boost_e,scene07,none_in_fov,C3a,12,C,3a,0.895566,-11.296,14.3304,62.4153,11.7361,0
resnet50,42,resnet50_s42,ON_NEG,on/scene07/L0__s20260820__0004.png::boost_e,scene07,none_in_fov,B3b,16,B,3b,0.565547,-11.296,14.3304,62.4153,11.7361,0
resnet50,42,resnet50_s42,ON_NEG,on/scene07/L0__s20260820__0004.png::boost_e,scene07,none_in_fov,C3b,17,C,3b,0.970796,-11.296,14.3304,62.4153,11.7361,0
resnet50,42,resnet50_s42,ON_NEG,on/scene07/L0__s20260820__0004.png::boost_e,scene07,none_in_fov,D3b,18,D,3b,0.676144,-11.296,14.3304,62.4153,11.7361,0
resnet50,42,resnet50_s42,ON_NEG,on/scene07/L0__s20260820__0005.png::boost_e,scene07,none_in_fov,A3a,10,A,3a,0.590377,-13.5151,3.1873,60.3528,6.7166,0
resnet50,42,resnet50_s42,ON_NEG,on/scene07/L0__s20260820__0005.png::boost_e,scene07,none_in_fov,B3a,11,B,3a,0.627701,-13.5151,3.1873,60.3528,6.7166,0
resnet50,42,resnet50_s42,ON_NEG,on/scene07/L0__s20260820__0005.png::boost_e,scene07,none_in_fov,C3a,12,C,3a,0.852319,-13.5151,3.1873,60.3528,6.7166,0
resnet50,42,resnet50_s42,ON_NEG,on/scene07/L0__s20260820__0005.png::boost_e,scene07,none_in_fov,A3b,15,A,3b,0.978803,-13.5151,3.1873,60.3528,6.7166,0
resnet50,42,resnet50_s42,ON_NEG,on/scene07/L0__s20260820__0005.png::boost_e,scene07,none_in_fov,B3b,16,B,3b,0.827762,-13.5151,3.1873,60.3528,6.7166,0
resnet50,42,resnet50_s42,ON_NEG,on/scene07/L0__s20260820__0005.png::boost_e,scene07,none_in_fov,C3b,17,C,3b,0.58401,-13.5151,3.1873,60.3528,6.7166,0
resnet50,42,resnet50_s42,ON_NEG,on/scene07/L0__s20260820__0005.png::boost_e,scene07,none_in_fov,D3b,18,D,3b,0.500689,-13.5151,3.1873,60.3528,6.7166,0
resnet50,42,resnet50_s42,ON_NEG,on/scene07/L0__s20260820__0005.png::boost_e,scene07,none_in_fov,E3b,19,E,3b,0.80823,-13.5151,3.1873,60.3528,6.7166,0
resnet50,42,resnet50_s42,ON_NEG,on/scene07/L0__s20260820__0006.png::boost_e,scene07,none_in_fov,B2,6,B,2,0.766155,-7.4676,-1.6241,59.074,6.6363,0
resnet50,42,resnet50_s42,ON_NEG,on/scene07/L0__s20260820__0006.png::boost_e,scene07,none_in_fov,C2,7,C,2,0.553442,-7.4676,-1.6241,59.074,6.6363,0
resnet50,42,resnet50_s42,ON_NEG,on/scene07/L0__s20260820__0006.png::boost_e,scene07,none_in_fov,D2,8,D,2,0.710797,-7.4676,-1.6241,59.074,6.6363,0
resnet50,42,resnet50_s42,ON_NEG,on/scene07/L0__s20260820__0006.png::boost_e,scene07,none_in_fov,E2,9,E,2,0.639631,-7.4676,-1.6241,59.074,6.6363,0
resnet50,42,resnet50_s42,ON_NEG,on/scene07/L0__s20260820__0006.png::boost_e,scene07,none_in_fov,C3a,12,C,3a,0.952188,-7.4676,-1.6241,59.074,6.6363,0
resnet50,42,resnet50_s42,ON_NEG,on/scene07/L0__s20260820__0006.png::boost_e,scene07,none_in_fov,D3a,13,D,3a,0.513288,-7.4676,-1.6241,59.074,6.6363,0
resnet50,42,resnet50_s42,ON_NEG,on/scene07/L0__s20260820__0006.png::boost_e,scene07,none_in_fov,E3a,14,E,3a,0.892856,-7.4676,-1.6241,59.074,6.6363,0
resnet50,42,resnet50_s42,ON_NEG,on/scene07/L0__s20260820__0006.png::boost_e,scene07,none_in_fov,A3b,15,A,3b,0.940539,-7.4676,-1.6241,59.074,6.6363,0
resnet50,42,resnet50_s42,ON_NEG,on/scene07/L0__s20260820__0006.png::boost_e,scene07,none_in_fov,B3b,16,B,3b,0.872285,-7.4676,-1.6241,59.074,6.6363,0
resnet50,42,resnet50_s42,ON_NEG,on/scene07/L0__s20260820__0006.png::boost_e,scene07,none_in_fov,C3b,17,C,3b,0.96518,-7.4676,-1.6241,59.074,6.6363,0
resnet50,42,resnet50_s42,ON_NEG,on/scene07/L0__s20260820__0006.png::boost_e,scene07,none_in_fov,D3b,18,D,3b,0.98246,-7.4676,-1.6241,59.074,6.6363,0
resnet50,42,resnet50_s42,ON_NEG,on/scene07/L0__s20260820__0006.png::boost_e,scene07,none_in_fov,E3b,19,E,3b,0.987331,-7.4676,-1.6241,59.074,6.6363,0
resnet50,42,resnet50_s42,ON_NEG,on/scene07/L0__s20260820__0007.png::boost_e,scene07,none_in_fov,C3a,12,C,3a,0.652126,-8.8831,-5.8973,62.4612,11.793,0
resnet50,42,resnet50_s42,ON_NEG,on/scene07/L0__s20260820__0007.png::boost_e,scene07,none_in_fov,C3b,17,C,3b,0.993767,-8.8831,-5.8973,62.4612,11.793,0
resnet50,42,resnet50_s42,ON_NEG,on/scene07/L0__s20260820__0007.png::boost_e,scene07,none_in_fov,D3b,18,D,3b,0.896065,-8.8831,-5.8973,62.4612,11.793,0
resnet50,42,resnet50_s42,ON_NEG,on/scene07/L5__s20260820__0000.png::boost_e,scene07,none_in_fov,B2,6,B,2,0.930147,-10.2409,14.1283,61.8254,9.3533,0
resnet50,42,resnet50_s42,ON_NEG,on/scene07/L5__s20260820__0000.png::boost_e,scene07,none_in_fov,C2,7,C,2,0.960075,-10.2409,14.1283,61.8254,9.3533,0
resnet50,42,resnet50_s42,ON_NEG,on/scene07/L5__s20260820__0000.png::boost_e,scene07,none_in_fov,D2,8,D,2,0.944998,-10.2409,14.1283,61.8254,9.3533,0
resnet50,42,resnet50_s42,ON_NEG,on/scene07/L5__s20260820__0000.png::boost_e,scene07,none_in_fov,B3a,11,B,3a,0.841095,-10.2409,14.1283,61.8254,9.3533,0
resnet50,42,resnet50_s42,ON_NEG,on/scene07/L5__s20260820__0000.png::boost_e,scene07,none_in_fov,C3a,12,C,3a,0.986075,-10.2409,14.1283,61.8254,9.3533,0
resnet50,42,resnet50_s42,ON_NEG,on/scene07/L5__s20260820__0000.png::boost_e,scene07,none_in_fov,B3b,16,B,3b,0.995813,-10.2409,14.1283,61.8254,9.3533,0
resnet50,42,resnet50_s42,ON_NEG,on/scene07/L5__s20260820__0000.png::boost_e,scene07,none_in_fov,C3b,17,C,3b,0.999916,-10.2409,14.1283,61.8254,9.3533,0
resnet50,42,resnet50_s42,ON_NEG,on/scene07/L5__s20260820__0000.png::boost_e,scene07,none_in_fov,D3b,18,D,3b,0.958792,-10.2409,14.1283,61.8254,9.3533,0
resnet50,42,resnet50_s42,ON_NEG,on/scene07/L5__s20260820__0001.png::boost_e,scene07,none_in_fov,B2,6,B,2,0.81153,-8.7737,-1.6736,63.801,8.4933,0
resnet50,42,resnet50_s42,ON_NEG,on/scene07/L5__s20260820__0001.png::boost_e,scene07,none_in_fov,C2,7,C,2,0.883576,-8.7737,-1.6736,63.801,8.4933,0
resnet50,42,resnet50_s42,ON_NEG,on/scene07/L5__s20260820__0001.png::boost_e,scene07,none_in_fov,D2,8,D,2,0.867774,-8.7737,-1.6736,63.801,8.4933,0
resnet50,42,resnet50_s42,ON_NEG,on/scene07/L5__s20260820__0001.png::boost_e,scene07,none_in_fov,C3a,12,C,3a,0.694661,-8.7737,-1.6736,63.801,8.4933,0
resnet50,42,resnet50_s42,ON_NEG,on/scene07/L5__s20260820__0001.png::boost_e,scene07,none_in_fov,C3b,17,C,3b,0.913324,-8.7737,-1.6736,63.801,8.4933,0
resnet50,42,resnet50_s42,ON_NEG,on/scene07/L5__s20260820__0001.png::boost_e,scene07,none_in_fov,D3b,18,D,3b,0.528853,-8.7737,-1.6736,63.801,8.4933,0
resnet50,42,resnet50_s42,ON_NEG,on/scene07/L5__s20260820__0003.png::boost_e,scene07,none_in_fov,B2,6,B,2,0.764632,-10.8121,7.6338,61.1751,9.743,0
resnet50,42,resnet50_s42,ON_NEG,on/scene07/L5__s20260820__0003.png::boost_e,scene07,none_in_fov,C2,7,C,2,0.665982,-10.8121,7.6338,61.1751,9.743,0
resnet50,42,resnet50_s42,ON_NEG,on/scene07/L5__s20260820__0003.png::boost_e,scene07,none_in_fov,D2,8,D,2,0.756236,-10.8121,7.6338,61.1751,9.743,0
resnet50,42,resnet50_s42,ON_NEG,on/scene07/L5__s20260820__0003.png::boost_e,scene07,none_in_fov,B3a,11,B,3a,0.591924,-10.8121,7.6338,61.1751,9.743,0
resnet50,42,resnet50_s42,ON_NEG,on/scene07/L5__s20260820__0003.png::boost_e,scene07,none_in_fov,C3a,12,C,3a,0.928405,-10.8121,7.6338,61.1751,9.743,0
resnet50,42,resnet50_s42,ON_NEG,on/scene07/L5__s20260820__0003.png::boost_e,scene07,none_in_fov,B3b,16,B,3b,0.859246,-10.8121,7.6338,61.1751,9.743,0
resnet50,42,resnet50_s42,ON_NEG,on/scene07/L5__s20260820__0003.png::boost_e,scene07,none_in_fov,C3b,17,C,3b,0.986414,-10.8121,7.6338,61.1751,9.743,0
resnet50,42,resnet50_s42,ON_NEG,on/scene07/L5__s20260820__0003.png::boost_e,scene07,none_in_fov,D3b,18,D,3b,0.646118,-10.8121,7.6338,61.1751,9.743,0
resnet50,42,resnet50_s42,ON_NEG,on/scene07/L5__s20260820__0004.png::boost_e,scene07,none_in_fov,B2,6,B,2,0.880372,-11.296,14.3304,62.4153,11.7361,0
resnet50,42,resnet50_s42,ON_NEG,on/scene07/L5__s20260820__0004.png::boost_e,scene07,none_in_fov,C2,7,C,2,0.961972,-11.296,14.3304,62.4153,11.7361,0
resnet50,42,resnet50_s42,ON_NEG,on/scene07/L5__s20260820__0004.png::boost_e,scene07,none_in_fov,D2,8,D,2,0.958656,-11.296,14.3304,62.4153,11.7361,0
resnet50,42,resnet50_s42,ON_NEG,on/scene07/L5__s20260820__0004.png::boost_e,scene07,none_in_fov,C3a,12,C,3a,0.681003,-11.296,14.3304,62.4153,11.7361,0
resnet50,42,resnet50_s42,ON_NEG,on/scene07/L5__s20260820__0004.png::boost_e,scene07,none_in_fov,C3b,17,C,3b,0.956005,-11.296,14.3304,62.4153,11.7361,0
resnet50,42,resnet50_s42,ON_NEG,on/scene07/L5__s20260820__0005.png::boost_e,scene07,none_in_fov,A3b,15,A,3b,0.834683,-13.5151,3.1873,60.3528,6.7166,0
resnet50,42,resnet50_s42,ON_NEG,on/scene07/L5__s20260820__0005.png::boost_e,scene07,none_in_fov,B3b,16,B,3b,0.795776,-13.5151,3.1873,60.3528,6.7166,0
resnet50,42,resnet50_s42,ON_NEG,on/scene07/L5__s20260820__0006.png::boost_e,scene07,none_in_fov,B1,1,B,1,0.600912,-7.4676,-1.6241,59.074,6.6363,0
resnet50,42,resnet50_s42,ON_NEG,on/scene07/L5__s20260820__0006.png::boost_e,scene07,none_in_fov,C1,2,C,1,0.523584,-7.4676,-1.6241,59.074,6.6363,0
resnet50,42,resnet50_s42,ON_NEG,on/scene07/L5__s20260820__0006.png::boost_e,scene07,none_in_fov,B2,6,B,2,0.847084,-7.4676,-1.6241,59.074,6.6363,0
resnet50,42,resnet50_s42,ON_NEG,on/scene07/L5__s20260820__0006.png::boost_e,scene07,none_in_fov,C2,7,C,2,0.82666,-7.4676,-1.6241,59.074,6.6363,0
resnet50,42,resnet50_s42,ON_NEG,on/scene07/L5__s20260820__0006.png::boost_e,scene07,none_in_fov,D2,8,D,2,0.789717,-7.4676,-1.6241,59.074,6.6363,0
resnet50,42,resnet50_s42,ON_NEG,on/scene07/L5__s20260820__0006.png::boost_e,scene07,none_in_fov,A3b,15,A,3b,0.67315,-7.4676,-1.6241,59.074,6.6363,0
resnet50,42,resnet50_s42,ON_NEG,on/scene07/L5__s20260820__0006.png::boost_e,scene07,none_in_fov,D3b,18,D,3b,0.50884,-7.4676,-1.6241,59.074,6.6363,0
resnet50,42,resnet50_s42,ON_NEG,on/scene07/L5__s20260820__0006.png::boost_e,scene07,none_in_fov,E3b,19,E,3b,0.729835,-7.4676,-1.6241,59.074,6.6363,0
resnet50,42,resnet50_s42,ON_NEG,on/scene07/L5__s20260820__0007.png::boost_e,scene07,none_in_fov,B2,6,B,2,0.649121,-8.8831,-5.8973,62.4612,11.793,0
resnet50,42,resnet50_s42,ON_NEG,on/scene07/L5__s20260820__0007.png::boost_e,scene07,none_in_fov,C2,7,C,2,0.702576,-8.8831,-5.8973,62.4612,11.793,0
resnet50,42,resnet50_s42,ON_NEG,on/scene07/L5__s20260820__0007.png::boost_e,scene07,none_in_fov,D2,8,D,2,0.831237,-8.8831,-5.8973,62.4612,11.793,0
resnet50,42,resnet50_s42,ON_NEG,on/scene07/L5__s20260820__0007.png::boost_e,scene07,none_in_fov,C3a,12,C,3a,0.964676,-8.8831,-5.8973,62.4612,11.793,0
resnet50,42,resnet50_s42,ON_NEG,on/scene07/L5__s20260820__0007.png::boost_e,scene07,none_in_fov,D3a,13,D,3a,0.625901,-8.8831,-5.8973,62.4612,11.793,0
resnet50,42,resnet50_s42,ON_NEG,on/scene07/L5__s20260820__0007.png::boost_e,scene07,none_in_fov,B3b,16,B,3b,0.76923,-8.8831,-5.8973,62.4612,11.793,0
resnet50,42,resnet50_s42,ON_NEG,on/scene07/L5__s20260820__0007.png::boost_e,scene07,none_in_fov,C3b,17,C,3b,0.995712,-8.8831,-5.8973,62.4612,11.793,0
resnet50,42,resnet50_s42,ON_NEG,on/scene07/L5__s20260820__0007.png::boost_e,scene07,none_in_fov,D3b,18,D,3b,0.937992,-8.8831,-5.8973,62.4612,11.793,0
resnet50,42,resnet50_s42,ON_NEG,on/scene07/L7__s20260820__0000.png::boost_e,scene07,none_in_fov,B2,6,B,2,0.562297,-10.2409,14.1283,61.8254,9.3533,0
resnet50,42,resnet50_s42,ON_NEG,on/scene07/L7__s20260820__0000.png::boost_e,scene07,none_in_fov,C2,7,C,2,0.845889,-10.2409,14.1283,61.8254,9.3533,0
resnet50,42,resnet50_s42,ON_NEG,on/scene07/L7__s20260820__0000.png::boost_e,scene07,none_in_fov,D2,8,D,2,0.6945,-10.2409,14.1283,61.8254,9.3533,0
resnet50,42,resnet50_s42,ON_NEG,on/scene07/L7__s20260820__0000.png::boost_e,scene07,none_in_fov,C3b,17,C,3b,0.631338,-10.2409,14.1283,61.8254,9.3533,0
resnet50,42,resnet50_s42,ON_NEG,on/scene07/L7__s20260820__0001.png::boost_e,scene07,none_in_fov,B2,6,B,2,0.646216,-8.7737,-1.6736,63.801,8.4933,0
resnet50,42,resnet50_s42,ON_NEG,on/scene07/L7__s20260820__0001.png::boost_e,scene07,none_in_fov,C2,7,C,2,0.8714,-8.7737,-1.6736,63.801,8.4933,0
resnet50,42,resnet50_s42,ON_NEG,on/scene07/L7__s20260820__0001.png::boost_e,scene07,none_in_fov,D2,8,D,2,0.75646,-8.7737,-1.6736,63.801,8.4933,0
resnet50,42,resnet50_s42,ON_NEG,on/scene07/L7__s20260820__0001.png::boost_e,scene07,none_in_fov,C3b,17,C,3b,0.76301,-8.7737,-1.6736,63.801,8.4933,0
resnet50,42,resnet50_s42,ON_NEG,on/scene07/L7__s20260820__0003.png::boost_e,scene07,none_in_fov,C2,7,C,2,0.690618,-10.8121,7.6338,61.1751,9.743,0
resnet50,42,resnet50_s42,ON_NEG,on/scene07/L7__s20260820__0003.png::boost_e,scene07,none_in_fov,D2,8,D,2,0.65464,-10.8121,7.6338,61.1751,9.743,0
resnet50,42,resnet50_s42,ON_NEG,on/scene07/L7__s20260820__0004.png::boost_e,scene07,none_in_fov,B2,6,B,2,0.889673,-11.296,14.3304,62.4153,11.7361,0
resnet50,42,resnet50_s42,ON_NEG,on/scene07/L7__s20260820__0004.png::boost_e,scene07,none_in_fov,C2,7,C,2,0.94007,-11.296,14.3304,62.4153,11.7361,0
resnet50,42,resnet50_s42,ON_NEG,on/scene07/L7__s20260820__0004.png::boost_e,scene07,none_in_fov,D2,8,D,2,0.919342,-11.296,14.3304,62.4153,11.7361,0
resnet50,42,resnet50_s42,ON_NEG,on/scene07/L7__s20260820__0004.png::boost_e,scene07,none_in_fov,B3a,11,B,3a,0.584894,-11.296,14.3304,62.4153,11.7361,0
resnet50,42,resnet50_s42,ON_NEG,on/scene07/L7__s20260820__0004.png::boost_e,scene07,none_in_fov,C3a,12,C,3a,0.888462,-11.296,14.3304,62.4153,11.7361,0
resnet50,42,resnet50_s42,ON_NEG,on/scene07/L7__s20260820__0004.png::boost_e,scene07,none_in_fov,B3b,16,B,3b,0.660145,-11.296,14.3304,62.4153,11.7361,0
resnet50,42,resnet50_s42,ON_NEG,on/scene07/L7__s20260820__0004.png::boost_e,scene07,none_in_fov,C3b,17,C,3b,0.982281,-11.296,14.3304,62.4153,11.7361,0
resnet50,42,resnet50_s42,ON_NEG,on/scene07/L7__s20260820__0005.png::boost_e,scene07,none_in_fov,B2,6,B,2,0.700201,-13.5151,3.1873,60.3528,6.7166,0
resnet50,42,resnet50_s42,ON_NEG,on/scene07/L7__s20260820__0005.png::boost_e,scene07,none_in_fov,A3a,10,A,3a,0.632333,-13.5151,3.1873,60.3528,6.7166,0
resnet50,42,resnet50_s42,ON_NEG,on/scene07/L7__s20260820__0005.png::boost_e,scene07,none_in_fov,B3a,11,B,3a,0.644404,-13.5151,3.1873,60.3528,6.7166,0
resnet50,42,resnet50_s42,ON_NEG,on/scene07/L7__s20260820__0005.png::boost_e,scene07,none_in_fov,C3a,12,C,3a,0.829635,-13.5151,3.1873,60.3528,6.7166,0
resnet50,42,resnet50_s42,ON_NEG,on/scene07/L7__s20260820__0005.png::boost_e,scene07,none_in_fov,A3b,15,A,3b,0.87272,-13.5151,3.1873,60.3528,6.7166,0
resnet50,42,resnet50_s42,ON_NEG,on/scene07/L7__s20260820__0005.png::boost_e,scene07,none_in_fov,B3b,16,B,3b,0.772213,-13.5151,3.1873,60.3528,6.7166,0
resnet50,42,resnet50_s42,ON_NEG,on/scene07/L7__s20260820__0005.png::boost_e,scene07,none_in_fov,C3b,17,C,3b,0.852064,-13.5151,3.1873,60.3528,6.7166,0
resnet50,42,resnet50_s42,ON_NEG,on/scene07/L7__s20260820__0005.png::boost_e,scene07,none_in_fov,D3b,18,D,3b,0.67299,-13.5151,3.1873,60.3528,6.7166,0
resnet50,42,resnet50_s42,ON_NEG,on/scene07/L7__s20260820__0005.png::boost_e,scene07,none_in_fov,E3b,19,E,3b,0.667034,-13.5151,3.1873,60.3528,6.7166,0
resnet50,42,resnet50_s42,ON_NEG,on/scene07/L7__s20260820__0006.png::boost_e,scene07,none_in_fov,B2,6,B,2,0.831874,-7.4676,-1.6241,59.074,6.6363,0
resnet50,42,resnet50_s42,ON_NEG,on/scene07/L7__s20260820__0006.png::boost_e,scene07,none_in_fov,C2,7,C,2,0.680686,-7.4676,-1.6241,59.074,6.6363,0
resnet50,42,resnet50_s42,ON_NEG,on/scene07/L7__s20260820__0006.png::boost_e,scene07,none_in_fov,D2,8,D,2,0.84261,-7.4676,-1.6241,59.074,6.6363,0
resnet50,42,resnet50_s42,ON_NEG,on/scene07/L7__s20260820__0006.png::boost_e,scene07,none_in_fov,E2,9,E,2,0.796269,-7.4676,-1.6241,59.074,6.6363,0
resnet50,42,resnet50_s42,ON_NEG,on/scene07/L7__s20260820__0006.png::boost_e,scene07,none_in_fov,C3a,12,C,3a,0.955766,-7.4676,-1.6241,59.074,6.6363,0
resnet50,42,resnet50_s42,ON_NEG,on/scene07/L7__s20260820__0006.png::boost_e,scene07,none_in_fov,D3a,13,D,3a,0.644836,-7.4676,-1.6241,59.074,6.6363,0
resnet50,42,resnet50_s42,ON_NEG,on/scene07/L7__s20260820__0006.png::boost_e,scene07,none_in_fov,E3a,14,E,3a,0.960708,-7.4676,-1.6241,59.074,6.6363,0
resnet50,42,resnet50_s42,ON_NEG,on/scene07/L7__s20260820__0006.png::boost_e,scene07,none_in_fov,A3b,15,A,3b,0.817652,-7.4676,-1.6241,59.074,6.6363,0
resnet50,42,resnet50_s42,ON_NEG,on/scene07/L7__s20260820__0006.png::boost_e,scene07,none_in_fov,B3b,16,B,3b,0.664276,-7.4676,-1.6241,59.074,6.6363,0
resnet50,42,resnet50_s42,ON_NEG,on/scene07/L7__s20260820__0006.png::boost_e,scene07,none_in_fov,C3b,17,C,3b,0.964277,-7.4676,-1.6241,59.074,6.6363,0
resnet50,42,resnet50_s42,ON_NEG,on/scene07/L7__s20260820__0006.png::boost_e,scene07,none_in_fov,D3b,18,D,3b,0.98485,-7.4676,-1.6241,59.074,6.6363,0
resnet50,42,resnet50_s42,ON_NEG,on/scene07/L7__s20260820__0006.png::boost_e,scene07,none_in_fov,E3b,19,E,3b,0.986425,-7.4676,-1.6241,59.074,6.6363,0
resnet50,42,resnet50_s42,ON_NEG,on/scene07/L7__s20260820__0007.png::boost_e,scene07,none_in_fov,B2,6,B,2,0.930368,-8.8831,-5.8973,62.4612,11.793,0
resnet50,42,resnet50_s42,ON_NEG,on/scene07/L7__s20260820__0007.png::boost_e,scene07,none_in_fov,C2,7,C,2,0.985704,-8.8831,-5.8973,62.4612,11.793,0
resnet50,42,resnet50_s42,ON_NEG,on/scene07/L7__s20260820__0007.png::boost_e,scene07,none_in_fov,D2,8,D,2,0.937507,-8.8831,-5.8973,62.4612,11.793,0
resnet50,42,resnet50_s42,ON_NEG,on/scene07/L7__s20260820__0007.png::boost_e,scene07,none_in_fov,C3a,12,C,3a,0.86536,-8.8831,-5.8973,62.4612,11.793,0
resnet50,42,resnet50_s42,ON_NEG,on/scene07/L7__s20260820__0007.png::boost_e,scene07,none_in_fov,B3b,16,B,3b,0.556931,-8.8831,-5.8973,62.4612,11.793,0
resnet50,42,resnet50_s42,ON_NEG,on/scene07/L7__s20260820__0007.png::boost_e,scene07,none_in_fov,C3b,17,C,3b,0.986448,-8.8831,-5.8973,62.4612,11.793,0
resnet50,42,resnet50_s42,ON_NEG,on/scene14/L0__s20260820__0003.png::boost_e,scene14,H,A3a,10,A,3a,0.821804,-7.2352,-9.0359,60.577,10.095,0
resnet50,42,resnet50_s42,ON_NEG,on/scene14/L0__s20260820__0003.png::boost_e,scene14,H,B3a,11,B,3a,0.656077,-7.2352,-9.0359,60.577,10.095,0
resnet50,42,resnet50_s42,ON_NEG,on/scene14/L5__s20260820__0002.png::boost_e,scene14,none_in_fov,B2,6,B,2,0.752951,-7.0039,2.401,63.1403,11.657,0
resnet50,42,resnet50_s42,ON_NEG,on/scene14/L5__s20260820__0002.png::boost_e,scene14,none_in_fov,C2,7,C,2,0.596327,-7.0039,2.401,63.1403,11.657,0
resnet50,42,resnet50_s42,ON_NEG,on/scene14/L5__s20260820__0002.png::boost_e,scene14,none_in_fov,D2,8,D,2,0.83248,-7.0039,2.401,63.1403,11.657,0
resnet50,42,resnet50_s42,ON_NEG,on/scene14/L5__s20260820__0002.png::boost_e,scene14,none_in_fov,E2,9,E,2,0.595729,-7.0039,2.401,63.1403,11.657,0
resnet50,42,resnet50_s42,ON_NEG,on/scene14/L5__s20260820__0002.png::boost_e,scene14,none_in_fov,C3a,12,C,3a,0.639035,-7.0039,2.401,63.1403,11.657,0
resnet50,42,resnet50_s42,ON_NEG,on/scene14/L5__s20260820__0002.png::boost_e,scene14,none_in_fov,A3b,15,A,3b,0.632075,-7.0039,2.401,63.1403,11.657,0
resnet50,42,resnet50_s42,ON_NEG,on/scene14/L5__s20260820__0002.png::boost_e,scene14,none_in_fov,B3b,16,B,3b,0.67425,-7.0039,2.401,63.1403,11.657,0
resnet50,42,resnet50_s42,ON_NEG,on/scene14/L5__s20260820__0002.png::boost_e,scene14,none_in_fov,C3b,17,C,3b,0.653107,-7.0039,2.401,63.1403,11.657,0
resnet50,42,resnet50_s42,ON_NEG,on/scene14/L5__s20260820__0002.png::boost_e,scene14,none_in_fov,D3b,18,D,3b,0.790411,-7.0039,2.401,63.1403,11.657,0
resnet50,42,resnet50_s42,ON_NEG,on/scene14/L5__s20260820__0002.png::boost_e,scene14,none_in_fov,E3b,19,E,3b,0.607078,-7.0039,2.401,63.1403,11.657,0
resnet50,42,resnet50_s42,ON_NEG,on/scene14/L5__s20260820__0003.png::boost_e,scene14,H,A3a,10,A,3a,0.644037,-7.2352,-9.0359,60.577,10.095,0
resnet50,42,resnet50_s42,ON_NEG,on/scene14/L5__s20260820__0003.png::boost_e,scene14,H,E3b,19,E,3b,0.580588,-7.2352,-9.0359,60.577,10.095,0
resnet50,42,resnet50_s42,ON_NEG,on/scene14/L5__s20260820__0005.png::boost_e,scene14,H,D2,8,D,2,0.519464,-12.4022,9.6925,62.3957,8.1602,0
resnet50,42,resnet50_s42,ON_NEG,on/scene14/L5__s20260820__0005.png::boost_e,scene14,H,E2,9,E,2,0.557592,-12.4022,9.6925,62.3957,8.1602,0
resnet50,42,resnet50_s42,ON_NEG,on/scene14/L5__s20260820__0005.png::boost_e,scene14,H,D3a,13,D,3a,0.631426,-12.4022,9.6925,62.3957,8.1602,0
resnet50,42,resnet50_s42,ON_NEG,on/scene14/L5__s20260820__0005.png::boost_e,scene14,H,E3a,14,E,3a,0.810245,-12.4022,9.6925,62.3957,8.1602,0
resnet50,42,resnet50_s42,ON_NEG,on/scene14/L7__s20260820__0002.png::boost_e,scene14,none_in_fov,A3b,15,A,3b,0.753931,-7.0039,2.401,63.1403,11.657,0
resnet50,42,resnet50_s42,ON_NEG,on/scene14/L7__s20260820__0002.png::boost_e,scene14,none_in_fov,B3b,16,B,3b,0.707181,-7.0039,2.401,63.1403,11.657,0
resnet50,42,resnet50_s42,ON_NEG,on/scene14/L7__s20260820__0002.png::boost_e,scene14,none_in_fov,C3b,17,C,3b,0.534969,-7.0039,2.401,63.1403,11.657,0
resnet50,42,resnet50_s42,ON_NEG,on/scene14/L7__s20260820__0002.png::boost_e,scene14,none_in_fov,D3b,18,D,3b,0.756187,-7.0039,2.401,63.1403,11.657,0
resnet50,42,resnet50_s42,ON_NEG,on/scene14/L7__s20260820__0002.png::boost_e,scene14,none_in_fov,E3b,19,E,3b,0.742482,-7.0039,2.401,63.1403,11.657,0
resnet50,42,resnet50_s42,ON_NEG,on/scene14/L7__s20260820__0003.png::boost_e,scene14,H,A3a,10,A,3a,0.69138,-7.2352,-9.0359,60.577,10.095,0
resnet50,42,resnet50_s42,ON_NEG,on/scene14/L7__s20260820__0003.png::boost_e,scene14,H,B3a,11,B,3a,0.594411,-7.2352,-9.0359,60.577,10.095,0
resnet50,42,resnet50_s42,ON_NEG,on/scene14/L7__s20260820__0003.png::boost_e,scene14,H,E3b,19,E,3b,0.827389,-7.2352,-9.0359,60.577,10.095,0
resnet50,42,resnet50_s42,ON_NEG,on/scene14/L7__s20260820__0007.png::boost_e,scene14,H,A3a,10,A,3a,0.550675,-6.1172,5.4847,60.0935,10.4613,0
resnet50,42,resnet50_s42,ON_NEG,on/scene15/L0__s20260820__0001.png::boost_e,scene15,H_weak,C3b,17,C,3b,0.739137,-6.8068,-11.8299,63.9125,9.9013,0
resnet50,42,resnet50_s42,ON_NEG,on/scene15/L0__s20260820__0002.png::boost_e,scene15,V,D3b,18,D,3b,0.536878,-8.6096,-4.0107,63.6728,6.6026,0
resnet50,42,resnet50_s42,ON_NEG,on/scene15/L0__s20260820__0003.png::boost_e,scene15,H,D3b,18,D,3b,0.621843,-11.0902,-4.9586,63.1815,7.5147,0
resnet50,42,resnet50_s42,ON_NEG,on/scene15/L0__s20260820__0004.png::boost_e,scene15,H,D3b,18,D,3b,0.5086,-12.6937,-3.4861,58.1207,9.9583,0
resnet50,42,resnet50_s42,ON_NEG,on/scene15/L0__s20260820__0007.png::boost_e,scene15,V,C3b,17,C,3b,0.846973,-9.4753,-12.4083,62.4936,8.3783,0
resnet50,42,resnet50_s42,ON_NEG,on/scene15/L4__s20260820__0001.png::boost_e,scene15,H_weak,C3b,17,C,3b,0.658145,-6.8068,-11.8299,63.9125,9.9013,0
resnet50,42,resnet50_s42,ON_NEG,on/scene15/L4__s20260820__0007.png::boost_e,scene15,V,C3b,17,C,3b,0.612296,-9.4753,-12.4083,62.4936,8.3783,0
resnet50,42,resnet50_s42,ON_NEG,on/scene15/L4__s20260820__0007.png::boost_e,scene15,V,D3b,18,D,3b,0.52186,-9.4753,-12.4083,62.4936,8.3783,0
resnet50,42,resnet50_s42,ON_NEG,on/scene15/L7__s20260820__0001.png::boost_e,scene15,H_weak,C3b,17,C,3b,0.629102,-6.8068,-11.8299,63.9125,9.9013,0
resnet50,42,resnet50_s42,ON_NEG,on/scene15/L7__s20260820__0007.png::boost_e,scene15,V,C3b,17,C,3b,0.701932,-9.4753,-12.4083,62.4936,8.3783,0
resnet50,42,resnet50_s42,ON_NEG,on/scene18/L0__s20260820__0005.png::boost_e,scene18,V,D2,8,D,2,0.618145,-10.8924,-2.0965,60.6044,6.3047,0
resnet50,42,resnet50_s42,ON_NEG,on/scene18/L0__s20260820__0006.png::boost_e,scene18,V,B2,6,B,2,0.710312,-9.0932,1.6737,60.8772,6.4479,0
resnet50,42,resnet50_s42,ON_NEG,on/scene18/L0__s20260820__0006.png::boost_e,scene18,V,D2,8,D,2,0.885533,-9.0932,1.6737,60.8772,6.4479,0
resnet50,42,resnet50_s42,ON_NEG,on/scene18/L0__s20260820__0006.png::boost_e,scene18,V,E2,9,E,2,0.682603,-9.0932,1.6737,60.8772,6.4479,0
resnet50,42,resnet50_s42,ON_NEG,on/scene18/L5__s20260820__0000.png::boost_e,scene18,E,E3a,14,E,3a,0.525363,-7.1653,2.4167,61.1034,9.9477,0
resnet50,42,resnet50_s42,ON_NEG,on/scene18/L5__s20260820__0001.png::boost_e,scene18,E,E3a,14,E,3a,0.806933,-10.1204,15.1866,63.5385,10.0506,0
resnet50,42,resnet50_s42,ON_NEG,on/scene18/L5__s20260820__0003.png::boost_e,scene18,V,A3a,10,A,3a,0.563381,-8.8448,-3.6128,59.415,8.964,0
resnet50,42,resnet50_s42,ON_NEG,on/scene18/L5__s20260820__0005.png::boost_e,scene18,V,D2,8,D,2,0.682445,-10.8924,-2.0965,60.6044,6.3047,0
resnet50,42,resnet50_s42,ON_NEG,on/scene18/L5__s20260820__0005.png::boost_e,scene18,V,E2,9,E,2,0.567029,-10.8924,-2.0965,60.6044,6.3047,0
resnet50,42,resnet50_s42,ON_NEG,on/scene18/L5__s20260820__0006.png::boost_e,scene18,V,B2,6,B,2,0.510035,-9.0932,1.6737,60.8772,6.4479,0
resnet50,42,resnet50_s42,ON_NEG,on/scene18/L5__s20260820__0006.png::boost_e,scene18,V,D2,8,D,2,0.812937,-9.0932,1.6737,60.8772,6.4479,0
resnet50,42,resnet50_s42,ON_NEG,on/scene18/L7__s20260820__0006.png::boost_e,scene18,V,D2,8,D,2,0.827414,-9.0932,1.6737,60.8772,6.4479,0
resnet50,42,resnet50_s42,ON_NEG,on/scene05/L0__s20260821__0002.png::boost_e2,scene05,V,E2,9,E,2,0.5593,-15.7704,1.4372,61.5149,5.9617,0
resnet50,42,resnet50_s42,ON_NEG,on/scene05/L5__s20260821__0001.png::boost_e2,scene05,V,B2,6,B,2,0.561968,-11.2173,-11.6748,62.7749,7.0431,0
resnet50,42,resnet50_s42,ON_NEG,on/scene05/L5__s20260821__0001.png::boost_e2,scene05,V,D2,8,D,2,0.575118,-11.2173,-11.6748,62.7749,7.0431,0
resnet50,42,resnet50_s42,ON_NEG,on/scene05/L5__s20260821__0001.png::boost_e2,scene05,V,E2,9,E,2,0.523235,-11.2173,-11.6748,62.7749,7.0431,0
resnet50,42,resnet50_s42,ON_NEG,on/scene05/L5__s20260821__0001.png::boost_e2,scene05,V,E3a,14,E,3a,0.524003,-11.2173,-11.6748,62.7749,7.0431,0
resnet50,42,resnet50_s42,ON_NEG,on/scene05/L5__s20260821__0002.png::boost_e2,scene05,V,A2,5,A,2,0.624097,-15.7704,1.4372,61.5149,5.9617,0
resnet50,42,resnet50_s42,ON_NEG,on/scene05/L5__s20260821__0002.png::boost_e2,scene05,V,E2,9,E,2,0.849704,-15.7704,1.4372,61.5149,5.9617,0
resnet50,42,resnet50_s42,ON_NEG,on/scene05/L5__s20260821__0006.png::boost_e2,scene05,V,E2,9,E,2,0.750136,-4.6329,-0.5322,62.7745,5.8797,0
resnet50,42,resnet50_s42,ON_NEG,on/scene05/L7__s20260821__0001.png::boost_e2,scene05,V,A2,5,A,2,0.537656,-11.2173,-11.6748,62.7749,7.0431,0
resnet50,42,resnet50_s42,ON_NEG,on/scene05/L7__s20260821__0001.png::boost_e2,scene05,V,B2,6,B,2,0.716801,-11.2173,-11.6748,62.7749,7.0431,0
resnet50,42,resnet50_s42,ON_NEG,on/scene05/L7__s20260821__0001.png::boost_e2,scene05,V,D2,8,D,2,0.655281,-11.2173,-11.6748,62.7749,7.0431,0
resnet50,42,resnet50_s42,ON_NEG,on/scene05/L7__s20260821__0001.png::boost_e2,scene05,V,E2,9,E,2,0.604286,-11.2173,-11.6748,62.7749,7.0431,0
resnet50,42,resnet50_s42,ON_NEG,on/scene05/L7__s20260821__0001.png::boost_e2,scene05,V,E3a,14,E,3a,0.555974,-11.2173,-11.6748,62.7749,7.0431,0
resnet50,42,resnet50_s42,ON_NEG,on/scene05/L7__s20260821__0002.png::boost_e2,scene05,V,E2,9,E,2,0.562896,-15.7704,1.4372,61.5149,5.9617,0
resnet50,42,resnet50_s42,ON_NEG,on/scene05/L7__s20260821__0005.png::boost_e2,scene05,V,E2,9,E,2,0.684926,-4.1908,-7.725,63.2632,5.4495,0
resnet50,42,resnet50_s42,ON_NEG,on/scene05/L7__s20260821__0006.png::boost_e2,scene05,V,E2,9,E,2,0.538452,-4.6329,-0.5322,62.7745,5.8797,0
resnet50,42,resnet50_s42,ON_NEG,on/scene07/L0__s20260821__0000.png::boost_e2,scene07,none_in_fov,C3a,12,C,3a,0.946046,-9.0864,4.975,60.5839,4.6498,0
resnet50,42,resnet50_s42,ON_NEG,on/scene07/L0__s20260821__0000.png::boost_e2,scene07,none_in_fov,A3b,15,A,3b,0.946811,-9.0864,4.975,60.5839,4.6498,0
resnet50,42,resnet50_s42,ON_NEG,on/scene07/L0__s20260821__0000.png::boost_e2,scene07,none_in_fov,B3b,16,B,3b,0.923811,-9.0864,4.975,60.5839,4.6498,0
resnet50,42,resnet50_s42,ON_NEG,on/scene07/L0__s20260821__0000.png::boost_e2,scene07,none_in_fov,C3b,17,C,3b,0.899102,-9.0864,4.975,60.5839,4.6498,0
resnet50,42,resnet50_s42,ON_NEG,on/scene07/L0__s20260821__0000.png::boost_e2,scene07,none_in_fov,D3b,18,D,3b,0.960004,-9.0864,4.975,60.5839,4.6498,0
resnet50,42,resnet50_s42,ON_NEG,on/scene07/L0__s20260821__0000.png::boost_e2,scene07,none_in_fov,E3b,19,E,3b,0.97024,-9.0864,4.975,60.5839,4.6498,0
resnet50,42,resnet50_s42,ON_NEG,on/scene07/L0__s20260821__0001.png::boost_e2,scene07,none_in_fov,B2,6,B,2,0.878951,-8.6491,14.3681,62.653,6.526,0
resnet50,42,resnet50_s42,ON_NEG,on/scene07/L0__s20260821__0001.png::boost_e2,scene07,none_in_fov,C2,7,C,2,0.599323,-8.6491,14.3681,62.653,6.526,0
resnet50,42,resnet50_s42,ON_NEG,on/scene07/L0__s20260821__0001.png::boost_e2,scene07,none_in_fov,D2,8,D,2,0.805481,-8.6491,14.3681,62.653,6.526,0
resnet50,42,resnet50_s42,ON_NEG,on/scene07/L0__s20260821__0001.png::boost_e2,scene07,none_in_fov,E2,9,E,2,0.7608,-8.6491,14.3681,62.653,6.526,0
resnet50,42,resnet50_s42,ON_NEG,on/scene07/L0__s20260821__0001.png::boost_e2,scene07,none_in_fov,A3a,10,A,3a,0.78833,-8.6491,14.3681,62.653,6.526,0
resnet50,42,resnet50_s42,ON_NEG,on/scene07/L0__s20260821__0001.png::boost_e2,scene07,none_in_fov,B3a,11,B,3a,0.605745,-8.6491,14.3681,62.653,6.526,0
resnet50,42,resnet50_s42,ON_NEG,on/scene07/L0__s20260821__0001.png::boost_e2,scene07,none_in_fov,C3a,12,C,3a,0.978637,-8.6491,14.3681,62.653,6.526,0
resnet50,42,resnet50_s42,ON_NEG,on/scene07/L0__s20260821__0001.png::boost_e2,scene07,none_in_fov,D3a,13,D,3a,0.605676,-8.6491,14.3681,62.653,6.526,0
resnet50,42,resnet50_s42,ON_NEG,on/scene07/L0__s20260821__0001.png::boost_e2,scene07,none_in_fov,E3a,14,E,3a,0.911245,-8.6491,14.3681,62.653,6.526,0
resnet50,42,resnet50_s42,ON_NEG,on/scene07/L0__s20260821__0001.png::boost_e2,scene07,none_in_fov,A3b,15,A,3b,0.976165,-8.6491,14.3681,62.653,6.526,0
resnet50,42,resnet50_s42,ON_NEG,on/scene07/L0__s20260821__0001.png::boost_e2,scene07,none_in_fov,B3b,16,B,3b,0.924132,-8.6491,14.3681,62.653,6.526,0
resnet50,42,resnet50_s42,ON_NEG,on/scene07/L0__s20260821__0001.png::boost_e2,scene07,none_in_fov,C3b,17,C,3b,0.959228,-8.6491,14.3681,62.653,6.526,0
resnet50,42,resnet50_s42,ON_NEG,on/scene07/L0__s20260821__0001.png::boost_e2,scene07,none_in_fov,D3b,18,D,3b,0.974831,-8.6491,14.3681,62.653,6.526,0
resnet50,42,resnet50_s42,ON_NEG,on/scene07/L0__s20260821__0001.png::boost_e2,scene07,none_in_fov,E3b,19,E,3b,0.984517,-8.6491,14.3681,62.653,6.526,0
resnet50,42,resnet50_s42,ON_NEG,on/scene07/L0__s20260821__0002.png::boost_e2,scene07,none_in_fov,A2,5,A,2,0.678976,-11.7553,7.174,61.7523,8.5736,0
resnet50,42,resnet50_s42,ON_NEG,on/scene07/L0__s20260821__0002.png::boost_e2,scene07,none_in_fov,B2,6,B,2,0.736507,-11.7553,7.174,61.7523,8.5736,0
resnet50,42,resnet50_s42,ON_NEG,on/scene07/L0__s20260821__0002.png::boost_e2,scene07,none_in_fov,D2,8,D,2,0.653502,-11.7553,7.174,61.7523,8.5736,0
resnet50,42,resnet50_s42,ON_NEG,on/scene07/L0__s20260821__0002.png::boost_e2,scene07,none_in_fov,E2,9,E,2,0.756264,-11.7553,7.174,61.7523,8.5736,0
resnet50,42,resnet50_s42,ON_NEG,on/scene07/L0__s20260821__0002.png::boost_e2,scene07,none_in_fov,A3a,10,A,3a,0.655122,-11.7553,7.174,61.7523,8.5736,0
resnet50,42,resnet50_s42,ON_NEG,on/scene07/L0__s20260821__0002.png::boost_e2,scene07,none_in_fov,B3a,11,B,3a,0.814403,-11.7553,7.174,61.7523,8.5736,0
resnet50,42,resnet50_s42,ON_NEG,on/scene07/L0__s20260821__0002.png::boost_e2,scene07,none_in_fov,C3a,12,C,3a,0.884086,-11.7553,7.174,61.7523,8.5736,0
resnet50,42,resnet50_s42,ON_NEG,on/scene07/L0__s20260821__0002.png::boost_e2,scene07,none_in_fov,D3a,13,D,3a,0.695594,-11.7553,7.174,61.7523,8.5736,0
resnet50,42,resnet50_s42,ON_NEG,on/scene07/L0__s20260821__0002.png::boost_e2,scene07,none_in_fov,E3a,14,E,3a,0.601527,-11.7553,7.174,61.7523,8.5736,0
resnet50,42,resnet50_s42,ON_NEG,on/scene07/L0__s20260821__0002.png::boost_e2,scene07,none_in_fov,A3b,15,A,3b,0.513367,-11.7553,7.174,61.7523,8.5736,0
resnet50,42,resnet50_s42,ON_NEG,on/scene07/L0__s20260821__0002.png::boost_e2,scene07,none_in_fov,B3b,16,B,3b,0.968389,-11.7553,7.174,61.7523,8.5736,0
resnet50,42,resnet50_s42,ON_NEG,on/scene07/L0__s20260821__0002.png::boost_e2,scene07,none_in_fov,C3b,17,C,3b,0.99112,-11.7553,7.174,61.7523,8.5736,0
resnet50,42,resnet50_s42,ON_NEG,on/scene07/L0__s20260821__0002.png::boost_e2,scene07,none_in_fov,D3b,18,D,3b,0.903011,-11.7553,7.174,61.7523,8.5736,0
resnet50,42,resnet50_s42,ON_NEG,on/scene07/L0__s20260821__0003.png::boost_e2,scene07,none_in_fov,B2,6,B,2,0.910301,-11.0113,-0.6132,62.5016,7.1387,0
resnet50,42,resnet50_s42,ON_NEG,on/scene07/L0__s20260821__0003.png::boost_e2,scene07,none_in_fov,C2,7,C,2,0.639853,-11.0113,-0.6132,62.5016,7.1387,0
resnet50,42,resnet50_s42,ON_NEG,on/scene07/L0__s20260821__0003.png::boost_e2,scene07,none_in_fov,D2,8,D,2,0.864354,-11.0113,-0.6132,62.5016,7.1387,0
resnet50,42,resnet50_s42,ON_NEG,on/scene07/L0__s20260821__0003.png::boost_e2,scene07,none_in_fov,E2,9,E,2,0.80557,-11.0113,-0.6132,62.5016,7.1387,0
resnet50,42,resnet50_s42,ON_NEG,on/scene07/L0__s20260821__0003.png::boost_e2,scene07,none_in_fov,A3a,10,A,3a,0.98376,-11.0113,-0.6132,62.5016,7.1387,0
resnet50,42,resnet50_s42,ON_NEG,on/scene07/L0__s20260821__0003.png::boost_e2,scene07,none_in_fov,B3a,11,B,3a,0.978552,-11.0113,-0.6132,62.5016,7.1387,0
resnet50,42,resnet50_s42,ON_NEG,on/scene07/L0__s20260821__0003.png::boost_e2,scene07,none_in_fov,C3a,12,C,3a,0.99884,-11.0113,-0.6132,62.5016,7.1387,0
resnet50,42,resnet50_s42,ON_NEG,on/scene07/L0__s20260821__0003.png::boost_e2,scene07,none_in_fov,D3a,13,D,3a,0.977589,-11.0113,-0.6132,62.5016,7.1387,0
resnet50,42,resnet50_s42,ON_NEG,on/scene07/L0__s20260821__0003.png::boost_e2,scene07,none_in_fov,E3a,14,E,3a,0.995462,-11.0113,-0.6132,62.5016,7.1387,0
resnet50,42,resnet50_s42,ON_NEG,on/scene07/L0__s20260821__0003.png::boost_e2,scene07,none_in_fov,A3b,15,A,3b,0.999147,-11.0113,-0.6132,62.5016,7.1387,0
resnet50,42,resnet50_s42,ON_NEG,on/scene07/L0__s20260821__0003.png::boost_e2,scene07,none_in_fov,B3b,16,B,3b,0.999239,-11.0113,-0.6132,62.5016,7.1387,0
resnet50,42,resnet50_s42,ON_NEG,on/scene07/L0__s20260821__0003.png::boost_e2,scene07,none_in_fov,C3b,17,C,3b,0.999709,-11.0113,-0.6132,62.5016,7.1387,0
resnet50,42,resnet50_s42,ON_NEG,on/scene07/L0__s20260821__0003.png::boost_e2,scene07,none_in_fov,D3b,18,D,3b,0.999528,-11.0113,-0.6132,62.5016,7.1387,0
resnet50,42,resnet50_s42,ON_NEG,on/scene07/L0__s20260821__0003.png::boost_e2,scene07,none_in_fov,E3b,19,E,3b,0.999536,-11.0113,-0.6132,62.5016,7.1387,0
resnet50,42,resnet50_s42,ON_NEG,on/scene07/L0__s20260821__0004.png::boost_e2,scene07,none_in_fov,A3a,10,A,3a,0.936408,-13.3275,-0.1348,64.6075,6.5636,0
resnet50,42,resnet50_s42,ON_NEG,on/scene07/L0__s20260821__0004.png::boost_e2,scene07,none_in_fov,B3a,11,B,3a,0.899598,-13.3275,-0.1348,64.6075,6.5636,0
resnet50,42,resnet50_s42,ON_NEG,on/scene07/L0__s20260821__0004.png::boost_e2,scene07,none_in_fov,C3a,12,C,3a,0.880947,-13.3275,-0.1348,64.6075,6.5636,0
resnet50,42,resnet50_s42,ON_NEG,on/scene07/L0__s20260821__0004.png::boost_e2,scene07,none_in_fov,A3b,15,A,3b,0.998383,-13.3275,-0.1348,64.6075,6.5636,0
resnet50,42,resnet50_s42,ON_NEG,on/scene07/L0__s20260821__0004.png::boost_e2,scene07,none_in_fov,B3b,16,B,3b,0.994381,-13.3275,-0.1348,64.6075,6.5636,0
resnet50,42,resnet50_s42,ON_NEG,on/scene07/L0__s20260821__0004.png::boost_e2,scene07,none_in_fov,C3b,17,C,3b,0.939791,-13.3275,-0.1348,64.6075,6.5636,0
resnet50,42,resnet50_s42,ON_NEG,on/scene07/L0__s20260821__0004.png::boost_e2,scene07,none_in_fov,D3b,18,D,3b,0.508492,-13.3275,-0.1348,64.6075,6.5636,0
resnet50,42,resnet50_s42,ON_NEG,on/scene07/L0__s20260821__0004.png::boost_e2,scene07,none_in_fov,E3b,19,E,3b,0.709408,-13.3275,-0.1348,64.6075,6.5636,0
resnet50,42,resnet50_s42,ON_NEG,on/scene07/L0__s20260821__0005.png::boost_e2,scene07,none_in_fov,B1,1,B,1,0.511684,-5.0214,-1.8091,62.1167,8.8712,0
resnet50,42,resnet50_s42,ON_NEG,on/scene07/L0__s20260821__0005.png::boost_e2,scene07,none_in_fov,A2,5,A,2,0.780194,-5.0214,-1.8091,62.1167,8.8712,0
resnet50,42,resnet50_s42,ON_NEG,on/scene07/L0__s20260821__0005.png::boost_e2,scene07,none_in_fov,B2,6,B,2,0.978332,-5.0214,-1.8091,62.1167,8.8712,0
resnet50,42,resnet50_s42,ON_NEG,on/scene07/L0__s20260821__0005.png::boost_e2,scene07,none_in_fov,C2,7,C,2,0.955861,-5.0214,-1.8091,62.1167,8.8712,0
resnet50,42,resnet50_s42,ON_NEG,on/scene07/L0__s20260821__0005.png::boost_e2,scene07,none_in_fov,D2,8,D,2,0.966621,-5.0214,-1.8091,62.1167,8.8712,0
resnet50,42,resnet50_s42,ON_NEG,on/scene07/L0__s20260821__0005.png::boost_e2,scene07,none_in_fov,E2,9,E,2,0.887306,-5.0214,-1.8091,62.1167,8.8712,0
resnet50,42,resnet50_s42,ON_NEG,on/scene07/L0__s20260821__0005.png::boost_e2,scene07,none_in_fov,B3a,11,B,3a,0.639737,-5.0214,-1.8091,62.1167,8.8712,0
resnet50,42,resnet50_s42,ON_NEG,on/scene07/L0__s20260821__0005.png::boost_e2,scene07,none_in_fov,C3a,12,C,3a,0.885232,-5.0214,-1.8091,62.1167,8.8712,0
resnet50,42,resnet50_s42,ON_NEG,on/scene07/L0__s20260821__0005.png::boost_e2,scene07,none_in_fov,A3b,15,A,3b,0.580663,-5.0214,-1.8091,62.1167,8.8712,0
resnet50,42,resnet50_s42,ON_NEG,on/scene07/L0__s20260821__0005.png::boost_e2,scene07,none_in_fov,B3b,16,B,3b,0.923663,-5.0214,-1.8091,62.1167,8.8712,0
resnet50,42,resnet50_s42,ON_NEG,on/scene07/L0__s20260821__0005.png::boost_e2,scene07,none_in_fov,C3b,17,C,3b,0.912815,-5.0214,-1.8091,62.1167,8.8712,0
resnet50,42,resnet50_s42,ON_NEG,on/scene07/L0__s20260821__0005.png::boost_e2,scene07,none_in_fov,D3b,18,D,3b,0.649471,-5.0214,-1.8091,62.1167,8.8712,0
resnet50,42,resnet50_s42,ON_NEG,on/scene07/L0__s20260821__0006.png::boost_e2,scene07,none_in_fov,B2,6,B,2,0.60686,-12.1066,0.0159,62.3073,6.0804,0
resnet50,42,resnet50_s42,ON_NEG,on/scene07/L0__s20260821__0006.png::boost_e2,scene07,none_in_fov,A3a,10,A,3a,0.786792,-12.1066,0.0159,62.3073,6.0804,0
resnet50,42,resnet50_s42,ON_NEG,on/scene07/L0__s20260821__0006.png::boost_e2,scene07,none_in_fov,B3a,11,B,3a,0.872962,-12.1066,0.0159,62.3073,6.0804,0
resnet50,42,resnet50_s42,ON_NEG,on/scene07/L0__s20260821__0006.png::boost_e2,scene07,none_in_fov,C3a,12,C,3a,0.955735,-12.1066,0.0159,62.3073,6.0804,0
resnet50,42,resnet50_s42,ON_NEG,on/scene07/L0__s20260821__0006.png::boost_e2,scene07,none_in_fov,A3b,15,A,3b,0.961555,-12.1066,0.0159,62.3073,6.0804,0
resnet50,42,resnet50_s42,ON_NEG,on/scene07/L0__s20260821__0006.png::boost_e2,scene07,none_in_fov,B3b,16,B,3b,0.976993,-12.1066,0.0159,62.3073,6.0804,0
resnet50,42,resnet50_s42,ON_NEG,on/scene07/L0__s20260821__0006.png::boost_e2,scene07,none_in_fov,C3b,17,C,3b,0.972095,-12.1066,0.0159,62.3073,6.0804,0
resnet50,42,resnet50_s42,ON_NEG,on/scene07/L0__s20260821__0006.png::boost_e2,scene07,none_in_fov,D3b,18,D,3b,0.776112,-12.1066,0.0159,62.3073,6.0804,0
resnet50,42,resnet50_s42,ON_NEG,on/scene07/L0__s20260821__0006.png::boost_e2,scene07,none_in_fov,E3b,19,E,3b,0.605724,-12.1066,0.0159,62.3073,6.0804,0
resnet50,42,resnet50_s42,ON_NEG,on/scene07/L0__s20260821__0007.png::boost_e2,scene07,none_in_fov,B2,6,B,2,0.845081,-12.7675,1.6425,64.5249,4.4163,0
resnet50,42,resnet50_s42,ON_NEG,on/scene07/L0__s20260821__0007.png::boost_e2,scene07,none_in_fov,C2,7,C,2,0.797818,-12.7675,1.6425,64.5249,4.4163,0
resnet50,42,resnet50_s42,ON_NEG,on/scene07/L0__s20260821__0007.png::boost_e2,scene07,none_in_fov,D2,8,D,2,0.815943,-12.7675,1.6425,64.5249,4.4163,0
resnet50,42,resnet50_s42,ON_NEG,on/scene07/L0__s20260821__0007.png::boost_e2,scene07,none_in_fov,B3a,11,B,3a,0.72658,-12.7675,1.6425,64.5249,4.4163,0
resnet50,42,resnet50_s42,ON_NEG,on/scene07/L0__s20260821__0007.png::boost_e2,scene07,none_in_fov,C3a,12,C,3a,0.979979,-12.7675,1.6425,64.5249,4.4163,0
resnet50,42,resnet50_s42,ON_NEG,on/scene07/L0__s20260821__0007.png::boost_e2,scene07,none_in_fov,D3a,13,D,3a,0.704806,-12.7675,1.6425,64.5249,4.4163,0
resnet50,42,resnet50_s42,ON_NEG,on/scene07/L0__s20260821__0007.png::boost_e2,scene07,none_in_fov,E3a,14,E,3a,0.741125,-12.7675,1.6425,64.5249,4.4163,0
resnet50,42,resnet50_s42,ON_NEG,on/scene07/L0__s20260821__0007.png::boost_e2,scene07,none_in_fov,A3b,15,A,3b,0.953644,-12.7675,1.6425,64.5249,4.4163,0
resnet50,42,resnet50_s42,ON_NEG,on/scene07/L0__s20260821__0007.png::boost_e2,scene07,none_in_fov,B3b,16,B,3b,0.989082,-12.7675,1.6425,64.5249,4.4163,0
resnet50,42,resnet50_s42,ON_NEG,on/scene07/L0__s20260821__0007.png::boost_e2,scene07,none_in_fov,C3b,17,C,3b,0.99938,-12.7675,1.6425,64.5249,4.4163,0
resnet50,42,resnet50_s42,ON_NEG,on/scene07/L0__s20260821__0007.png::boost_e2,scene07,none_in_fov,D3b,18,D,3b,0.996635,-12.7675,1.6425,64.5249,4.4163,0
resnet50,42,resnet50_s42,ON_NEG,on/scene07/L0__s20260821__0007.png::boost_e2,scene07,none_in_fov,E3b,19,E,3b,0.981134,-12.7675,1.6425,64.5249,4.4163,0
resnet50,42,resnet50_s42,ON_NEG,on/scene07/L5__s20260821__0001.png::boost_e2,scene07,none_in_fov,C3a,12,C,3a,0.773797,-8.6491,14.3681,62.653,6.526,0
resnet50,42,resnet50_s42,ON_NEG,on/scene07/L5__s20260821__0001.png::boost_e2,scene07,none_in_fov,A3b,15,A,3b,0.841782,-8.6491,14.3681,62.653,6.526,0
resnet50,42,resnet50_s42,ON_NEG,on/scene07/L5__s20260821__0001.png::boost_e2,scene07,none_in_fov,D3b,18,D,3b,0.838951,-8.6491,14.3681,62.653,6.526,0
resnet50,42,resnet50_s42,ON_NEG,on/scene07/L5__s20260821__0001.png::boost_e2,scene07,none_in_fov,E3b,19,E,3b,0.941503,-8.6491,14.3681,62.653,6.526,0
resnet50,42,resnet50_s42,ON_NEG,on/scene07/L5__s20260821__0002.png::boost_e2,scene07,none_in_fov,B2,6,B,2,0.739679,-11.7553,7.174,61.7523,8.5736,0
resnet50,42,resnet50_s42,ON_NEG,on/scene07/L5__s20260821__0002.png::boost_e2,scene07,none_in_fov,C2,7,C,2,0.625552,-11.7553,7.174,61.7523,8.5736,0
resnet50,42,resnet50_s42,ON_NEG,on/scene07/L5__s20260821__0002.png::boost_e2,scene07,none_in_fov,D2,8,D,2,0.818035,-11.7553,7.174,61.7523,8.5736,0
resnet50,42,resnet50_s42,ON_NEG,on/scene07/L5__s20260821__0002.png::boost_e2,scene07,none_in_fov,E2,9,E,2,0.811675,-11.7553,7.174,61.7523,8.5736,0
resnet50,42,resnet50_s42,ON_NEG,on/scene07/L5__s20260821__0002.png::boost_e2,scene07,none_in_fov,B3a,11,B,3a,0.671096,-11.7553,7.174,61.7523,8.5736,0
resnet50,42,resnet50_s42,ON_NEG,on/scene07/L5__s20260821__0002.png::boost_e2,scene07,none_in_fov,C3a,12,C,3a,0.974223,-11.7553,7.174,61.7523,8.5736,0
resnet50,42,resnet50_s42,ON_NEG,on/scene07/L5__s20260821__0002.png::boost_e2,scene07,none_in_fov,D3a,13,D,3a,0.903259,-11.7553,7.174,61.7523,8.5736,0
resnet50,42,resnet50_s42,ON_NEG,on/scene07/L5__s20260821__0002.png::boost_e2,scene07,none_in_fov,E3a,14,E,3a,0.589866,-11.7553,7.174,61.7523,8.5736,0
resnet50,42,resnet50_s42,ON_NEG,on/scene07/L5__s20260821__0002.png::boost_e2,scene07,none_in_fov,B3b,16,B,3b,0.752156,-11.7553,7.174,61.7523,8.5736,0
resnet50,42,resnet50_s42,ON_NEG,on/scene07/L5__s20260821__0002.png::boost_e2,scene07,none_in_fov,C3b,17,C,3b,0.993151,-11.7553,7.174,61.7523,8.5736,0
resnet50,42,resnet50_s42,ON_NEG,on/scene07/L5__s20260821__0002.png::boost_e2,scene07,none_in_fov,D3b,18,D,3b,0.938089,-11.7553,7.174,61.7523,8.5736,0
resnet50,42,resnet50_s42,ON_NEG,on/scene07/L5__s20260821__0003.png::boost_e2,scene07,none_in_fov,B2,6,B,2,0.718856,-11.0113,-0.6132,62.5016,7.1387,0
resnet50,42,resnet50_s42,ON_NEG,on/scene07/L5__s20260821__0003.png::boost_e2,scene07,none_in_fov,D2,8,D,2,0.618168,-11.0113,-0.6132,62.5016,7.1387,0
resnet50,42,resnet50_s42,ON_NEG,on/scene07/L5__s20260821__0003.png::boost_e2,scene07,none_in_fov,B3a,11,B,3a,0.535577,-11.0113,-0.6132,62.5016,7.1387,0
resnet50,42,resnet50_s42,ON_NEG,on/scene07/L5__s20260821__0003.png::boost_e2,scene07,none_in_fov,C3a,12,C,3a,0.800473,-11.0113,-0.6132,62.5016,7.1387,0
resnet50,42,resnet50_s42,ON_NEG,on/scene07/L5__s20260821__0003.png::boost_e2,scene07,none_in_fov,A3b,15,A,3b,0.595677,-11.0113,-0.6132,62.5016,7.1387,0
resnet50,42,resnet50_s42,ON_NEG,on/scene07/L5__s20260821__0003.png::boost_e2,scene07,none_in_fov,D3b,18,D,3b,0.655713,-11.0113,-0.6132,62.5016,7.1387,0
resnet50,42,resnet50_s42,ON_NEG,on/scene07/L5__s20260821__0003.png::boost_e2,scene07,none_in_fov,E3b,19,E,3b,0.733025,-11.0113,-0.6132,62.5016,7.1387,0
resnet50,42,resnet50_s42,ON_NEG,on/scene07/L5__s20260821__0004.png::boost_e2,scene07,none_in_fov,B2,6,B,2,0.573325,-13.3275,-0.1348,64.6075,6.5636,0
resnet50,42,resnet50_s42,ON_NEG,on/scene07/L5__s20260821__0004.png::boost_e2,scene07,none_in_fov,C3a,12,C,3a,0.532644,-13.3275,-0.1348,64.6075,6.5636,0
resnet50,42,resnet50_s42,ON_NEG,on/scene07/L5__s20260821__0004.png::boost_e2,scene07,none_in_fov,A3b,15,A,3b,0.777576,-13.3275,-0.1348,64.6075,6.5636,0
resnet50,42,resnet50_s42,ON_NEG,on/scene07/L5__s20260821__0004.png::boost_e2,scene07,none_in_fov,E3b,19,E,3b,0.589795,-13.3275,-0.1348,64.6075,6.5636,0
resnet50,42,resnet50_s42,ON_NEG,on/scene07/L5__s20260821__0005.png::boost_e2,scene07,none_in_fov,A2,5,A,2,0.592299,-5.0214,-1.8091,62.1167,8.8712,0
resnet50,42,resnet50_s42,ON_NEG,on/scene07/L5__s20260821__0005.png::boost_e2,scene07,none_in_fov,B2,6,B,2,0.925595,-5.0214,-1.8091,62.1167,8.8712,0
resnet50,42,resnet50_s42,ON_NEG,on/scene07/L5__s20260821__0005.png::boost_e2,scene07,none_in_fov,C2,7,C,2,0.867686,-5.0214,-1.8091,62.1167,8.8712,0
resnet50,42,resnet50_s42,ON_NEG,on/scene07/L5__s20260821__0005.png::boost_e2,scene07,none_in_fov,D2,8,D,2,0.906855,-5.0214,-1.8091,62.1167,8.8712,0
resnet50,42,resnet50_s42,ON_NEG,on/scene07/L5__s20260821__0005.png::boost_e2,scene07,none_in_fov,E2,9,E,2,0.809285,-5.0214,-1.8091,62.1167,8.8712,0
resnet50,42,resnet50_s42,ON_NEG,on/scene07/L5__s20260821__0005.png::boost_e2,scene07,none_in_fov,B3a,11,B,3a,0.932475,-5.0214,-1.8091,62.1167,8.8712,0
resnet50,42,resnet50_s42,ON_NEG,on/scene07/L5__s20260821__0005.png::boost_e2,scene07,none_in_fov,C3a,12,C,3a,0.991076,-5.0214,-1.8091,62.1167,8.8712,0
resnet50,42,resnet50_s42,ON_NEG,on/scene07/L5__s20260821__0005.png::boost_e2,scene07,none_in_fov,D3a,13,D,3a,0.8061,-5.0214,-1.8091,62.1167,8.8712,0
resnet50,42,resnet50_s42,ON_NEG,on/scene07/L5__s20260821__0005.png::boost_e2,scene07,none_in_fov,A3b,15,A,3b,0.854178,-5.0214,-1.8091,62.1167,8.8712,0
resnet50,42,resnet50_s42,ON_NEG,on/scene07/L5__s20260821__0005.png::boost_e2,scene07,none_in_fov,B3b,16,B,3b,0.994831,-5.0214,-1.8091,62.1167,8.8712,0
resnet50,42,resnet50_s42,ON_NEG,on/scene07/L5__s20260821__0005.png::boost_e2,scene07,none_in_fov,C3b,17,C,3b,0.998749,-5.0214,-1.8091,62.1167,8.8712,0
resnet50,42,resnet50_s42,ON_NEG,on/scene07/L5__s20260821__0005.png::boost_e2,scene07,none_in_fov,D3b,18,D,3b,0.978752,-5.0214,-1.8091,62.1167,8.8712,0
resnet50,42,resnet50_s42,ON_NEG,on/scene07/L5__s20260821__0005.png::boost_e2,scene07,none_in_fov,E3b,19,E,3b,0.696954,-5.0214,-1.8091,62.1167,8.8712,0
resnet50,42,resnet50_s42,ON_NEG,on/scene07/L5__s20260821__0006.png::boost_e2,scene07,none_in_fov,B2,6,B,2,0.68119,-12.1066,0.0159,62.3073,6.0804,0
resnet50,42,resnet50_s42,ON_NEG,on/scene07/L5__s20260821__0006.png::boost_e2,scene07,none_in_fov,D2,8,D,2,0.511527,-12.1066,0.0159,62.3073,6.0804,0
resnet50,42,resnet50_s42,ON_NEG,on/scene07/L5__s20260821__0006.png::boost_e2,scene07,none_in_fov,A3b,15,A,3b,0.595284,-12.1066,0.0159,62.3073,6.0804,0
resnet50,42,resnet50_s42,ON_NEG,on/scene07/L5__s20260821__0007.png::boost_e2,scene07,none_in_fov,C3a,12,C,3a,0.66641,-12.7675,1.6425,64.5249,4.4163,0
resnet50,42,resnet50_s42,ON_NEG,on/scene07/L5__s20260821__0007.png::boost_e2,scene07,none_in_fov,C3b,17,C,3b,0.588849,-12.7675,1.6425,64.5249,4.4163,0
resnet50,42,resnet50_s42,ON_NEG,on/scene07/L5__s20260821__0007.png::boost_e2,scene07,none_in_fov,D3b,18,D,3b,0.548271,-12.7675,1.6425,64.5249,4.4163,0
resnet50,42,resnet50_s42,ON_NEG,on/scene07/L5__s20260821__0007.png::boost_e2,scene07,none_in_fov,E3b,19,E,3b,0.50178,-12.7675,1.6425,64.5249,4.4163,0
resnet50,42,resnet50_s42,ON_NEG,on/scene07/L7__s20260821__0000.png::boost_e2,scene07,none_in_fov,C3a,12,C,3a,0.639036,-9.0864,4.975,60.5839,4.6498,0
resnet50,42,resnet50_s42,ON_NEG,on/scene07/L7__s20260821__0000.png::boost_e2,scene07,none_in_fov,A3b,15,A,3b,0.705656,-9.0864,4.975,60.5839,4.6498,0
resnet50,42,resnet50_s42,ON_NEG,on/scene07/L7__s20260821__0000.png::boost_e2,scene07,none_in_fov,D3b,18,D,3b,0.754782,-9.0864,4.975,60.5839,4.6498,0
resnet50,42,resnet50_s42,ON_NEG,on/scene07/L7__s20260821__0000.png::boost_e2,scene07,none_in_fov,E3b,19,E,3b,0.883047,-9.0864,4.975,60.5839,4.6498,0
resnet50,42,resnet50_s42,ON_NEG,on/scene07/L7__s20260821__0001.png::boost_e2,scene07,none_in_fov,C3a,12,C,3a,0.955934,-8.6491,14.3681,62.653,6.526,0
resnet50,42,resnet50_s42,ON_NEG,on/scene07/L7__s20260821__0001.png::boost_e2,scene07,none_in_fov,D3a,13,D,3a,0.711378,-8.6491,14.3681,62.653,6.526,0
resnet50,42,resnet50_s42,ON_NEG,on/scene07/L7__s20260821__0001.png::boost_e2,scene07,none_in_fov,E3a,14,E,3a,0.913115,-8.6491,14.3681,62.653,6.526,0
resnet50,42,resnet50_s42,ON_NEG,on/scene07/L7__s20260821__0001.png::boost_e2,scene07,none_in_fov,A3b,15,A,3b,0.934536,-8.6491,14.3681,62.653,6.526,0
resnet50,42,resnet50_s42,ON_NEG,on/scene07/L7__s20260821__0001.png::boost_e2,scene07,none_in_fov,B3b,16,B,3b,0.757444,-8.6491,14.3681,62.653,6.526,0
resnet50,42,resnet50_s42,ON_NEG,on/scene07/L7__s20260821__0001.png::boost_e2,scene07,none_in_fov,C3b,17,C,3b,0.972722,-8.6491,14.3681,62.653,6.526,0
resnet50,42,resnet50_s42,ON_NEG,on/scene07/L7__s20260821__0001.png::boost_e2,scene07,none_in_fov,D3b,18,D,3b,0.996472,-8.6491,14.3681,62.653,6.526,0
resnet50,42,resnet50_s42,ON_NEG,on/scene07/L7__s20260821__0001.png::boost_e2,scene07,none_in_fov,E3b,19,E,3b,0.997308,-8.6491,14.3681,62.653,6.526,0
resnet50,42,resnet50_s42,ON_NEG,on/scene07/L7__s20260821__0002.png::boost_e2,scene07,none_in_fov,B2,6,B,2,0.562117,-11.7553,7.174,61.7523,8.5736,0
resnet50,42,resnet50_s42,ON_NEG,on/scene07/L7__s20260821__0002.png::boost_e2,scene07,none_in_fov,C2,7,C,2,0.530416,-11.7553,7.174,61.7523,8.5736,0
resnet50,42,resnet50_s42,ON_NEG,on/scene07/L7__s20260821__0002.png::boost_e2,scene07,none_in_fov,D2,8,D,2,0.6747,-11.7553,7.174,61.7523,8.5736,0
resnet50,42,resnet50_s42,ON_NEG,on/scene07/L7__s20260821__0002.png::boost_e2,scene07,none_in_fov,B3a,11,B,3a,0.660823,-11.7553,7.174,61.7523,8.5736,0
resnet50,42,resnet50_s42,ON_NEG,on/scene07/L7__s20260821__0002.png::boost_e2,scene07,none_in_fov,C3a,12,C,3a,0.977309,-11.7553,7.174,61.7523,8.5736,0
resnet50,42,resnet50_s42,ON_NEG,on/scene07/L7__s20260821__0002.png::boost_e2,scene07,none_in_fov,D3a,13,D,3a,0.717645,-11.7553,7.174,61.7523,8.5736,0
resnet50,42,resnet50_s42,ON_NEG,on/scene07/L7__s20260821__0002.png::boost_e2,scene07,none_in_fov,B3b,16,B,3b,0.718218,-11.7553,7.174,61.7523,8.5736,0
resnet50,42,resnet50_s42,ON_NEG,on/scene07/L7__s20260821__0002.png::boost_e2,scene07,none_in_fov,C3b,17,C,3b,0.991435,-11.7553,7.174,61.7523,8.5736,0
resnet50,42,resnet50_s42,ON_NEG,on/scene07/L7__s20260821__0002.png::boost_e2,scene07,none_in_fov,D3b,18,D,3b,0.756496,-11.7553,7.174,61.7523,8.5736,0
resnet50,42,resnet50_s42,ON_NEG,on/scene07/L7__s20260821__0003.png::boost_e2,scene07,none_in_fov,D2,8,D,2,0.521629,-11.0113,-0.6132,62.5016,7.1387,0
resnet50,42,resnet50_s42,ON_NEG,on/scene07/L7__s20260821__0003.png::boost_e2,scene07,none_in_fov,E2,9,E,2,0.501221,-11.0113,-0.6132,62.5016,7.1387,0
resnet50,42,resnet50_s42,ON_NEG,on/scene07/L7__s20260821__0003.png::boost_e2,scene07,none_in_fov,B3a,11,B,3a,0.705199,-11.0113,-0.6132,62.5016,7.1387,0
resnet50,42,resnet50_s42,ON_NEG,on/scene07/L7__s20260821__0003.png::boost_e2,scene07,none_in_fov,C3a,12,C,3a,0.993948,-11.0113,-0.6132,62.5016,7.1387,0
resnet50,42,resnet50_s42,ON_NEG,on/scene07/L7__s20260821__0003.png::boost_e2,scene07,none_in_fov,D3a,13,D,3a,0.956585,-11.0113,-0.6132,62.5016,7.1387,0
resnet50,42,resnet50_s42,ON_NEG,on/scene07/L7__s20260821__0003.png::boost_e2,scene07,none_in_fov,E3a,14,E,3a,0.992061,-11.0113,-0.6132,62.5016,7.1387,0
resnet50,42,resnet50_s42,ON_NEG,on/scene07/L7__s20260821__0003.png::boost_e2,scene07,none_in_fov,A3b,15,A,3b,0.993553,-11.0113,-0.6132,62.5016,7.1387,0
resnet50,42,resnet50_s42,ON_NEG,on/scene07/L7__s20260821__0003.png::boost_e2,scene07,none_in_fov,B3b,16,B,3b,0.976021,-11.0113,-0.6132,62.5016,7.1387,0
resnet50,42,resnet50_s42,ON_NEG,on/scene07/L7__s20260821__0003.png::boost_e2,scene07,none_in_fov,C3b,17,C,3b,0.997708,-11.0113,-0.6132,62.5016,7.1387,0
resnet50,42,resnet50_s42,ON_NEG,on/scene07/L7__s20260821__0003.png::boost_e2,scene07,none_in_fov,D3b,18,D,3b,0.999684,-11.0113,-0.6132,62.5016,7.1387,0
resnet50,42,resnet50_s42,ON_NEG,on/scene07/L7__s20260821__0003.png::boost_e2,scene07,none_in_fov,E3b,19,E,3b,0.999827,-11.0113,-0.6132,62.5016,7.1387,0
resnet50,42,resnet50_s42,ON_NEG,on/scene07/L7__s20260821__0004.png::boost_e2,scene07,none_in_fov,B2,6,B,2,0.707603,-13.3275,-0.1348,64.6075,6.5636,0
resnet50,42,resnet50_s42,ON_NEG,on/scene07/L7__s20260821__0004.png::boost_e2,scene07,none_in_fov,A3a,10,A,3a,0.944813,-13.3275,-0.1348,64.6075,6.5636,0
resnet50,42,resnet50_s42,ON_NEG,on/scene07/L7__s20260821__0004.png::boost_e2,scene07,none_in_fov,B3a,11,B,3a,0.906965,-13.3275,-0.1348,64.6075,6.5636,0
resnet50,42,resnet50_s42,ON_NEG,on/scene07/L7__s20260821__0004.png::boost_e2,scene07,none_in_fov,C3a,12,C,3a,0.9038,-13.3275,-0.1348,64.6075,6.5636,0
resnet50,42,resnet50_s42,ON_NEG,on/scene07/L7__s20260821__0004.png::boost_e2,scene07,none_in_fov,A3b,15,A,3b,0.994323,-13.3275,-0.1348,64.6075,6.5636,0
resnet50,42,resnet50_s42,ON_NEG,on/scene07/L7__s20260821__0004.png::boost_e2,scene07,none_in_fov,B3b,16,B,3b,0.972036,-13.3275,-0.1348,64.6075,6.5636,0
resnet50,42,resnet50_s42,ON_NEG,on/scene07/L7__s20260821__0004.png::boost_e2,scene07,none_in_fov,C3b,17,C,3b,0.917736,-13.3275,-0.1348,64.6075,6.5636,0
resnet50,42,resnet50_s42,ON_NEG,on/scene07/L7__s20260821__0004.png::boost_e2,scene07,none_in_fov,D3b,18,D,3b,0.532199,-13.3275,-0.1348,64.6075,6.5636,0
resnet50,42,resnet50_s42,ON_NEG,on/scene07/L7__s20260821__0004.png::boost_e2,scene07,none_in_fov,E3b,19,E,3b,0.754611,-13.3275,-0.1348,64.6075,6.5636,0
resnet50,42,resnet50_s42,ON_NEG,on/scene07/L7__s20260821__0005.png::boost_e2,scene07,none_in_fov,B2,6,B,2,0.872236,-5.0214,-1.8091,62.1167,8.8712,0
resnet50,42,resnet50_s42,ON_NEG,on/scene07/L7__s20260821__0005.png::boost_e2,scene07,none_in_fov,C2,7,C,2,0.930231,-5.0214,-1.8091,62.1167,8.8712,0
resnet50,42,resnet50_s42,ON_NEG,on/scene07/L7__s20260821__0005.png::boost_e2,scene07,none_in_fov,D2,8,D,2,0.901943,-5.0214,-1.8091,62.1167,8.8712,0
resnet50,42,resnet50_s42,ON_NEG,on/scene07/L7__s20260821__0005.png::boost_e2,scene07,none_in_fov,E2,9,E,2,0.507874,-5.0214,-1.8091,62.1167,8.8712,0
resnet50,42,resnet50_s42,ON_NEG,on/scene07/L7__s20260821__0005.png::boost_e2,scene07,none_in_fov,C3a,12,C,3a,0.955496,-5.0214,-1.8091,62.1167,8.8712,0
resnet50,42,resnet50_s42,ON_NEG,on/scene07/L7__s20260821__0005.png::boost_e2,scene07,none_in_fov,B3b,16,B,3b,0.906839,-5.0214,-1.8091,62.1167,8.8712,0
resnet50,42,resnet50_s42,ON_NEG,on/scene07/L7__s20260821__0005.png::boost_e2,scene07,none_in_fov,C3b,17,C,3b,0.998035,-5.0214,-1.8091,62.1167,8.8712,0
resnet50,42,resnet50_s42,ON_NEG,on/scene07/L7__s20260821__0005.png::boost_e2,scene07,none_in_fov,D3b,18,D,3b,0.86966,-5.0214,-1.8091,62.1167,8.8712,0
resnet50,42,resnet50_s42,ON_NEG,on/scene07/L7__s20260821__0006.png::boost_e2,scene07,none_in_fov,B2,6,B,2,0.76777,-12.1066,0.0159,62.3073,6.0804,0
resnet50,42,resnet50_s42,ON_NEG,on/scene07/L7__s20260821__0006.png::boost_e2,scene07,none_in_fov,D2,8,D,2,0.546195,-12.1066,0.0159,62.3073,6.0804,0
resnet50,42,resnet50_s42,ON_NEG,on/scene07/L7__s20260821__0006.png::boost_e2,scene07,none_in_fov,A3a,10,A,3a,0.806876,-12.1066,0.0159,62.3073,6.0804,0
resnet50,42,resnet50_s42,ON_NEG,on/scene07/L7__s20260821__0006.png::boost_e2,scene07,none_in_fov,B3a,11,B,3a,0.885163,-12.1066,0.0159,62.3073,6.0804,0
resnet50,42,resnet50_s42,ON_NEG,on/scene07/L7__s20260821__0006.png::boost_e2,scene07,none_in_fov,C3a,12,C,3a,0.963744,-12.1066,0.0159,62.3073,6.0804,0
resnet50,42,resnet50_s42,ON_NEG,on/scene07/L7__s20260821__0006.png::boost_e2,scene07,none_in_fov,A3b,15,A,3b,0.952527,-12.1066,0.0159,62.3073,6.0804,0
resnet50,42,resnet50_s42,ON_NEG,on/scene07/L7__s20260821__0006.png::boost_e2,scene07,none_in_fov,B3b,16,B,3b,0.947568,-12.1066,0.0159,62.3073,6.0804,0
resnet50,42,resnet50_s42,ON_NEG,on/scene07/L7__s20260821__0006.png::boost_e2,scene07,none_in_fov,C3b,17,C,3b,0.948566,-12.1066,0.0159,62.3073,6.0804,0
resnet50,42,resnet50_s42,ON_NEG,on/scene07/L7__s20260821__0006.png::boost_e2,scene07,none_in_fov,D3b,18,D,3b,0.842745,-12.1066,0.0159,62.3073,6.0804,0
resnet50,42,resnet50_s42,ON_NEG,on/scene07/L7__s20260821__0006.png::boost_e2,scene07,none_in_fov,E3b,19,E,3b,0.838061,-12.1066,0.0159,62.3073,6.0804,0
resnet50,42,resnet50_s42,ON_NEG,on/scene07/L7__s20260821__0007.png::boost_e2,scene07,none_in_fov,B2,6,B,2,0.882687,-12.7675,1.6425,64.5249,4.4163,0
resnet50,42,resnet50_s42,ON_NEG,on/scene07/L7__s20260821__0007.png::boost_e2,scene07,none_in_fov,C2,7,C,2,0.78973,-12.7675,1.6425,64.5249,4.4163,0
resnet50,42,resnet50_s42,ON_NEG,on/scene07/L7__s20260821__0007.png::boost_e2,scene07,none_in_fov,D2,8,D,2,0.865105,-12.7675,1.6425,64.5249,4.4163,0
resnet50,42,resnet50_s42,ON_NEG,on/scene07/L7__s20260821__0007.png::boost_e2,scene07,none_in_fov,E2,9,E,2,0.663845,-12.7675,1.6425,64.5249,4.4163,0
resnet50,42,resnet50_s42,ON_NEG,on/scene07/L7__s20260821__0007.png::boost_e2,scene07,none_in_fov,B3a,11,B,3a,0.557912,-12.7675,1.6425,64.5249,4.4163,0
resnet50,42,resnet50_s42,ON_NEG,on/scene07/L7__s20260821__0007.png::boost_e2,scene07,none_in_fov,C3a,12,C,3a,0.955484,-12.7675,1.6425,64.5249,4.4163,0
resnet50,42,resnet50_s42,ON_NEG,on/scene07/L7__s20260821__0007.png::boost_e2,scene07,none_in_fov,D3a,13,D,3a,0.73986,-12.7675,1.6425,64.5249,4.4163,0
resnet50,42,resnet50_s42,ON_NEG,on/scene07/L7__s20260821__0007.png::boost_e2,scene07,none_in_fov,E3a,14,E,3a,0.902874,-12.7675,1.6425,64.5249,4.4163,0
resnet50,42,resnet50_s42,ON_NEG,on/scene07/L7__s20260821__0007.png::boost_e2,scene07,none_in_fov,A3b,15,A,3b,0.890215,-12.7675,1.6425,64.5249,4.4163,0
resnet50,42,resnet50_s42,ON_NEG,on/scene07/L7__s20260821__0007.png::boost_e2,scene07,none_in_fov,B3b,16,B,3b,0.892026,-12.7675,1.6425,64.5249,4.4163,0
resnet50,42,resnet50_s42,ON_NEG,on/scene07/L7__s20260821__0007.png::boost_e2,scene07,none_in_fov,C3b,17,C,3b,0.993526,-12.7675,1.6425,64.5249,4.4163,0
resnet50,42,resnet50_s42,ON_NEG,on/scene07/L7__s20260821__0007.png::boost_e2,scene07,none_in_fov,D3b,18,D,3b,0.994036,-12.7675,1.6425,64.5249,4.4163,0
resnet50,42,resnet50_s42,ON_NEG,on/scene07/L7__s20260821__0007.png::boost_e2,scene07,none_in_fov,E3b,19,E,3b,0.987275,-12.7675,1.6425,64.5249,4.4163,0
resnet50,42,resnet50_s42,ON_NEG,on/scene18/L0__s20260821__0000.png::boost_e2,scene18,E,B2,6,B,2,0.736054,-8.1314,-6.8834,61.6424,6.9167,0
resnet50,42,resnet50_s42,ON_NEG,on/scene18/L0__s20260821__0000.png::boost_e2,scene18,E,D2,8,D,2,0.835333,-8.1314,-6.8834,61.6424,6.9167,0
resnet50,42,resnet50_s42,ON_NEG,on/scene18/L0__s20260821__0000.png::boost_e2,scene18,E,E2,9,E,2,0.623764,-8.1314,-6.8834,61.6424,6.9167,0
resnet50,42,resnet50_s42,ON_NEG,on/scene18/L0__s20260821__0002.png::boost_e2,scene18,E,B2,6,B,2,0.556399,-8.9683,14.9838,61.9861,5.8493,0
resnet50,42,resnet50_s42,ON_NEG,on/scene18/L0__s20260821__0002.png::boost_e2,scene18,E,D2,8,D,2,0.753739,-8.9683,14.9838,61.9861,5.8493,0
resnet50,42,resnet50_s42,ON_NEG,on/scene18/L0__s20260821__0002.png::boost_e2,scene18,E,E2,9,E,2,0.687451,-8.9683,14.9838,61.9861,5.8493,0
resnet50,42,resnet50_s42,ON_NEG,on/scene18/L0__s20260821__0003.png::boost_e2,scene18,E,A3a,10,A,3a,0.818894,-11.9451,-8.9088,61.9543,8.2439,0
resnet50,42,resnet50_s42,ON_NEG,on/scene18/L0__s20260821__0005.png::boost_e2,scene18,E,B2,6,B,2,0.662304,-9.7583,2.6568,60.7358,7.2478,0
resnet50,42,resnet50_s42,ON_NEG,on/scene18/L0__s20260821__0005.png::boost_e2,scene18,E,D2,8,D,2,0.625315,-9.7583,2.6568,60.7358,7.2478,0
resnet50,42,resnet50_s42,ON_NEG,on/scene18/L0__s20260821__0006.png::boost_e2,scene18,E,D2,8,D,2,0.507306,-14.0417,8.7955,61.3845,7.5669,0
resnet50,42,resnet50_s42,ON_NEG,on/scene18/L0__s20260821__0006.png::boost_e2,scene18,E,E2,9,E,2,0.530174,-14.0417,8.7955,61.3845,7.5669,0
resnet50,42,resnet50_s42,ON_NEG,on/scene18/L0__s20260821__0007.png::boost_e2,scene18,E,B2,6,B,2,0.770023,-10.8723,-9.5014,63.9457,6.7865,0
resnet50,42,resnet50_s42,ON_NEG,on/scene18/L0__s20260821__0007.png::boost_e2,scene18,E,C2,7,C,2,0.626615,-10.8723,-9.5014,63.9457,6.7865,0
resnet50,42,resnet50_s42,ON_NEG,on/scene18/L0__s20260821__0007.png::boost_e2,scene18,E,D2,8,D,2,0.776875,-10.8723,-9.5014,63.9457,6.7865,0
resnet50,42,resnet50_s42,ON_NEG,on/scene18/L0__s20260821__0007.png::boost_e2,scene18,E,E2,9,E,2,0.563032,-10.8723,-9.5014,63.9457,6.7865,0
resnet50,42,resnet50_s42,ON_NEG,on/scene18/L5__s20260821__0000.png::boost_e2,scene18,E,B2,6,B,2,0.619405,-8.1314,-6.8834,61.6424,6.9167,0
resnet50,42,resnet50_s42,ON_NEG,on/scene18/L5__s20260821__0000.png::boost_e2,scene18,E,D2,8,D,2,0.716676,-8.1314,-6.8834,61.6424,6.9167,0
resnet50,42,resnet50_s42,ON_NEG,on/scene18/L5__s20260821__0000.png::boost_e2,scene18,E,E2,9,E,2,0.539421,-8.1314,-6.8834,61.6424,6.9167,0
resnet50,42,resnet50_s42,ON_NEG,on/scene18/L5__s20260821__0003.png::boost_e2,scene18,E,A3a,10,A,3a,0.764114,-11.9451,-8.9088,61.9543,8.2439,0
resnet50,42,resnet50_s42,ON_NEG,on/scene18/L5__s20260821__0007.png::boost_e2,scene18,E,B2,6,B,2,0.543718,-10.8723,-9.5014,63.9457,6.7865,0
resnet50,42,resnet50_s42,ON_NEG,on/scene18/L5__s20260821__0007.png::boost_e2,scene18,E,D2,8,D,2,0.511243,-10.8723,-9.5014,63.9457,6.7865,0
resnet50,42,resnet50_s42,ON_NEG,on/scene18/L7__s20260821__0000.png::boost_e2,scene18,E,B2,6,B,2,0.676413,-8.1314,-6.8834,61.6424,6.9167,0
resnet50,42,resnet50_s42,ON_NEG,on/scene18/L7__s20260821__0000.png::boost_e2,scene18,E,D2,8,D,2,0.790128,-8.1314,-6.8834,61.6424,6.9167,0
resnet50,42,resnet50_s42,ON_NEG,on/scene18/L7__s20260821__0000.png::boost_e2,scene18,E,E2,9,E,2,0.628494,-8.1314,-6.8834,61.6424,6.9167,0
resnet50,42,resnet50_s42,ON_NEG,on/scene18/L7__s20260821__0002.png::boost_e2,scene18,E,D2,8,D,2,0.734015,-8.9683,14.9838,61.9861,5.8493,0
resnet50,42,resnet50_s42,ON_NEG,on/scene18/L7__s20260821__0002.png::boost_e2,scene18,E,E2,9,E,2,0.669428,-8.9683,14.9838,61.9861,5.8493,0
resnet50,42,resnet50_s42,ON_NEG,on/scene18/L7__s20260821__0003.png::boost_e2,scene18,E,A3a,10,A,3a,0.637017,-11.9451,-8.9088,61.9543,8.2439,0
resnet50,42,resnet50_s42,ON_NEG,on/scene18/L7__s20260821__0005.png::boost_e2,scene18,E,B2,6,B,2,0.64079,-9.7583,2.6568,60.7358,7.2478,0
resnet50,42,resnet50_s42,ON_NEG,on/scene18/L7__s20260821__0005.png::boost_e2,scene18,E,C2,7,C,2,0.513204,-9.7583,2.6568,60.7358,7.2478,0
resnet50,42,resnet50_s42,ON_NEG,on/scene18/L7__s20260821__0005.png::boost_e2,scene18,E,D2,8,D,2,0.696328,-9.7583,2.6568,60.7358,7.2478,0
resnet50,42,resnet50_s42,ON_NEG,on/scene18/L7__s20260821__0005.png::boost_e2,scene18,E,E2,9,E,2,0.613522,-9.7583,2.6568,60.7358,7.2478,0
resnet50,42,resnet50_s42,ON_NEG,on/scene18/L7__s20260821__0007.png::boost_e2,scene18,E,A2,5,A,2,0.54626,-10.8723,-9.5014,63.9457,6.7865,0
resnet50,42,resnet50_s42,ON_NEG,on/scene18/L7__s20260821__0007.png::boost_e2,scene18,E,B2,6,B,2,0.791729,-10.8723,-9.5014,63.9457,6.7865,0
resnet50,42,resnet50_s42,ON_NEG,on/scene18/L7__s20260821__0007.png::boost_e2,scene18,E,C2,7,C,2,0.678439,-10.8723,-9.5014,63.9457,6.7865,0
resnet50,42,resnet50_s42,ON_NEG,on/scene18/L7__s20260821__0007.png::boost_e2,scene18,E,D2,8,D,2,0.790398,-10.8723,-9.5014,63.9457,6.7865,0
resnet50,42,resnet50_s42,ON_NEG,on/scene18/L7__s20260821__0007.png::boost_e2,scene18,E,E2,9,E,2,0.685158,-10.8723,-9.5014,63.9457,6.7865,0
resnet50,43,resnet50_s43,OFF,off/scene05/L0__s20260819__0001.png,scene05,off,B3b,16,B,3b,0.512134,-15.173,12.161,60.0807,9.829,0
resnet50,43,resnet50_s43,OFF,off/scene05/L0__s20260819__0001.png,scene05,off,C3b,17,C,3b,0.532427,-15.173,12.161,60.0807,9.829,0
resnet50,43,resnet50_s43,OFF,off/scene05/L0__s20260819__0002.png,scene05,off,B3b,16,B,3b,0.957413,-10.3814,-5.3811,61.849,10.1547,0
resnet50,43,resnet50_s43,OFF,off/scene05/L0__s20260819__0002.png,scene05,off,C3b,17,C,3b,0.98065,-10.3814,-5.3811,61.849,10.1547,0
resnet50,43,resnet50_s43,OFF,off/scene05/L0__s20260819__0002.png,scene05,off,D3b,18,D,3b,0.536264,-10.3814,-5.3811,61.849,10.1547,0
resnet50,43,resnet50_s43,OFF,off/scene05/L0__s20260819__0005.png,scene05,off,C3b,17,C,3b,0.865458,-7.0259,1.6918,62.8815,1.4988,0
resnet50,43,resnet50_s43,OFF,off/scene05/L0__s20260819__0005.png,scene05,off,D3b,18,D,3b,0.748006,-7.0259,1.6918,62.8815,1.4988,0
resnet50,43,resnet50_s43,OFF,off/scene05/L0__s20260819__0006.png,scene05,off,C3b,17,C,3b,0.708145,-7.598,-3.6478,63.1397,4.3849,0
resnet50,43,resnet50_s43,OFF,off/scene05/L0__s20260819__0007.png,scene05,off,C3b,17,C,3b,0.72368,-11.0887,-6.1282,60.9132,3.4946,0
resnet50,43,resnet50_s43,OFF,off/scene05/L5__s20260819__0001.png,scene05,off,A3b,15,A,3b,0.596972,-15.173,12.161,60.0807,9.829,0
resnet50,43,resnet50_s43,OFF,off/scene05/L5__s20260819__0001.png,scene05,off,B3b,16,B,3b,0.705953,-15.173,12.161,60.0807,9.829,0
resnet50,43,resnet50_s43,OFF,off/scene05/L5__s20260819__0001.png,scene05,off,C3b,17,C,3b,0.784211,-15.173,12.161,60.0807,9.829,0
resnet50,43,resnet50_s43,OFF,off/scene05/L5__s20260819__0001.png,scene05,off,D3b,18,D,3b,0.693425,-15.173,12.161,60.0807,9.829,0
resnet50,43,resnet50_s43,OFF,off/scene05/L5__s20260819__0002.png,scene05,off,B3a,11,B,3a,0.820006,-10.3814,-5.3811,61.849,10.1547,0
resnet50,43,resnet50_s43,OFF,off/scene05/L5__s20260819__0002.png,scene05,off,A3b,15,A,3b,0.761609,-10.3814,-5.3811,61.849,10.1547,0
resnet50,43,resnet50_s43,OFF,off/scene05/L5__s20260819__0002.png,scene05,off,B3b,16,B,3b,0.983503,-10.3814,-5.3811,61.849,10.1547,0
resnet50,43,resnet50_s43,OFF,off/scene05/L5__s20260819__0002.png,scene05,off,C3b,17,C,3b,0.992882,-10.3814,-5.3811,61.849,10.1547,0
resnet50,43,resnet50_s43,OFF,off/scene05/L5__s20260819__0002.png,scene05,off,D3b,18,D,3b,0.818179,-10.3814,-5.3811,61.849,10.1547,0
resnet50,43,resnet50_s43,OFF,off/scene05/L5__s20260819__0005.png,scene05,off,B3b,16,B,3b,0.740627,-7.0259,1.6918,62.8815,1.4988,0
resnet50,43,resnet50_s43,OFF,off/scene05/L5__s20260819__0005.png,scene05,off,C3b,17,C,3b,0.943541,-7.0259,1.6918,62.8815,1.4988,0
resnet50,43,resnet50_s43,OFF,off/scene05/L5__s20260819__0005.png,scene05,off,D3b,18,D,3b,0.878236,-7.0259,1.6918,62.8815,1.4988,0
resnet50,43,resnet50_s43,OFF,off/scene05/L5__s20260819__0006.png,scene05,off,C3b,17,C,3b,0.550551,-7.598,-3.6478,63.1397,4.3849,0
resnet50,43,resnet50_s43,OFF,off/scene05/L5__s20260819__0007.png,scene05,off,B3b,16,B,3b,0.567165,-11.0887,-6.1282,60.9132,3.4946,0
resnet50,43,resnet50_s43,OFF,off/scene05/L5__s20260819__0007.png,scene05,off,C3b,17,C,3b,0.724259,-11.0887,-6.1282,60.9132,3.4946,0
resnet50,43,resnet50_s43,OFF,off/scene05/L7__s20260819__0002.png,scene05,off,B3b,16,B,3b,0.861704,-10.3814,-5.3811,61.849,10.1547,0
resnet50,43,resnet50_s43,OFF,off/scene05/L7__s20260819__0002.png,scene05,off,C3b,17,C,3b,0.899936,-10.3814,-5.3811,61.849,10.1547,0
resnet50,43,resnet50_s43,OFF,off/scene05/L7__s20260819__0005.png,scene05,off,C3b,17,C,3b,0.597157,-7.0259,1.6918,62.8815,1.4988,0
resnet50,43,resnet50_s43,OFF,off/scene05/L7__s20260819__0006.png,scene05,off,C3b,17,C,3b,0.512338,-7.598,-3.6478,63.1397,4.3849,0
resnet50,43,resnet50_s43,OFF,off/scene05/L7__s20260819__0007.png,scene05,off,C3b,17,C,3b,0.542325,-11.0887,-6.1282,60.9132,3.4946,0
resnet50,43,resnet50_s43,OFF,off/scene07/L0__s20260819__0000.png,scene07,off,C3b,17,C,3b,0.733686,-11.6469,5.5321,61.8564,4.6128,0
resnet50,43,resnet50_s43,OFF,off/scene07/L0__s20260819__0000.png,scene07,off,D3b,18,D,3b,0.730407,-11.6469,5.5321,61.8564,4.6128,0
resnet50,43,resnet50_s43,OFF,off/scene07/L0__s20260819__0001.png,scene07,off,A3b,15,A,3b,0.50147,-12.4971,7.4345,61.4783,11.6559,0
resnet50,43,resnet50_s43,OFF,off/scene07/L0__s20260819__0001.png,scene07,off,B3b,16,B,3b,0.528703,-12.4971,7.4345,61.4783,11.6559,0
resnet50,43,resnet50_s43,OFF,off/scene07/L0__s20260819__0001.png,scene07,off,C3b,17,C,3b,0.864152,-12.4971,7.4345,61.4783,11.6559,0
resnet50,43,resnet50_s43,OFF,off/scene07/L0__s20260819__0001.png,scene07,off,D3b,18,D,3b,0.826877,-12.4971,7.4345,61.4783,11.6559,0
resnet50,43,resnet50_s43,OFF,off/scene07/L0__s20260819__0001.png,scene07,off,E3b,19,E,3b,0.53154,-12.4971,7.4345,61.4783,11.6559,0
resnet50,43,resnet50_s43,OFF,off/scene07/L0__s20260819__0002.png,scene07,off,B3b,16,B,3b,0.565582,-7.922,-1.0116,61.5513,7.0947,0
resnet50,43,resnet50_s43,OFF,off/scene07/L0__s20260819__0002.png,scene07,off,C3b,17,C,3b,0.801304,-7.922,-1.0116,61.5513,7.0947,0
resnet50,43,resnet50_s43,OFF,off/scene07/L0__s20260819__0002.png,scene07,off,D3b,18,D,3b,0.785732,-7.922,-1.0116,61.5513,7.0947,0
resnet50,43,resnet50_s43,OFF,off/scene07/L0__s20260819__0003.png,scene07,off,C3b,17,C,3b,0.73538,-9.8928,4.8712,61.7741,2.4361,0
resnet50,43,resnet50_s43,OFF,off/scene07/L0__s20260819__0003.png,scene07,off,D3b,18,D,3b,0.695817,-9.8928,4.8712,61.7741,2.4361,0
resnet50,43,resnet50_s43,OFF,off/scene07/L0__s20260819__0005.png,scene07,off,C3b,17,C,3b,0.803112,-9.3221,15.6943,62.9084,4.5788,0
resnet50,43,resnet50_s43,OFF,off/scene07/L0__s20260819__0005.png,scene07,off,D3b,18,D,3b,0.77086,-9.3221,15.6943,62.9084,4.5788,0
resnet50,43,resnet50_s43,OFF,off/scene07/L5__s20260819__0001.png,scene07,off,C3b,17,C,3b,0.518779,-12.4971,7.4345,61.4783,11.6559,0
resnet50,43,resnet50_s43,OFF,off/scene07/L5__s20260819__0001.png,scene07,off,D3b,18,D,3b,0.584454,-12.4971,7.4345,61.4783,11.6559,0
resnet50,43,resnet50_s43,OFF,off/scene07/L5__s20260819__0005.png,scene07,off,C3b,17,C,3b,0.579868,-9.3221,15.6943,62.9084,4.5788,0
resnet50,43,resnet50_s43,OFF,off/scene07/L5__s20260819__0005.png,scene07,off,D3b,18,D,3b,0.595864,-9.3221,15.6943,62.9084,4.5788,0
resnet50,43,resnet50_s43,OFF,off/scene15/L0__s20260819__0000.png,scene15,off,B3b,16,B,3b,0.657392,-6.6317,-4.2143,61.8616,9.9031,0
resnet50,43,resnet50_s43,OFF,off/scene15/L0__s20260819__0000.png,scene15,off,C3b,17,C,3b,0.894211,-6.6317,-4.2143,61.8616,9.9031,0
resnet50,43,resnet50_s43,OFF,off/scene15/L0__s20260819__0000.png,scene15,off,D3b,18,D,3b,0.884417,-6.6317,-4.2143,61.8616,9.9031,0
resnet50,43,resnet50_s43,OFF,off/scene15/L0__s20260819__0001.png,scene15,off,B3b,16,B,3b,0.520911,-7.5218,-9.2458,61.8359,1.858,0
resnet50,43,resnet50_s43,OFF,off/scene15/L0__s20260819__0001.png,scene15,off,C3b,17,C,3b,0.756816,-7.5218,-9.2458,61.8359,1.858,0
resnet50,43,resnet50_s43,OFF,off/scene15/L0__s20260819__0001.png,scene15,off,D3b,18,D,3b,0.61992,-7.5218,-9.2458,61.8359,1.858,0
resnet50,43,resnet50_s43,OFF,off/scene15/L0__s20260819__0002.png,scene15,off,C3b,17,C,3b,0.676908,-8.4908,3.1991,65.8023,4.6673,0
resnet50,43,resnet50_s43,OFF,off/scene15/L0__s20260819__0002.png,scene15,off,D3b,18,D,3b,0.597019,-8.4908,3.1991,65.8023,4.6673,0
resnet50,43,resnet50_s43,OFF,off/scene15/L0__s20260819__0003.png,scene15,off,C3b,17,C,3b,0.726762,-13.9162,-3.4361,63.7846,1.3693,0
resnet50,43,resnet50_s43,OFF,off/scene15/L0__s20260819__0003.png,scene15,off,D3b,18,D,3b,0.589081,-13.9162,-3.4361,63.7846,1.3693,0
resnet50,43,resnet50_s43,OFF,off/scene15/L0__s20260819__0004.png,scene15,off,C3b,17,C,3b,0.543196,-11.0394,5.5473,63.0915,5.5065,0
resnet50,43,resnet50_s43,OFF,off/scene15/L0__s20260819__0005.png,scene15,off,B3b,16,B,3b,0.708059,-12.9205,6.4099,63.9932,3.0224,0
resnet50,43,resnet50_s43,OFF,off/scene15/L0__s20260819__0005.png,scene15,off,C3b,17,C,3b,0.770776,-12.9205,6.4099,63.9932,3.0224,0
resnet50,43,resnet50_s43,OFF,off/scene15/L0__s20260819__0005.png,scene15,off,D3b,18,D,3b,0.519371,-12.9205,6.4099,63.9932,3.0224,0
resnet50,43,resnet50_s43,OFF,off/scene15/L0__s20260819__0006.png,scene15,off,B3b,16,B,3b,0.698504,-9.1914,-18.2162,60.3765,2.2421,0
resnet50,43,resnet50_s43,OFF,off/scene15/L0__s20260819__0006.png,scene15,off,C3b,17,C,3b,0.742026,-9.1914,-18.2162,60.3765,2.2421,0
resnet50,43,resnet50_s43,OFF,off/scene15/L0__s20260819__0007.png,scene15,off,C3b,17,C,3b,0.539308,-15.2404,1.5985,63.4015,5.1525,0
resnet50,43,resnet50_s43,OFF,off/scene15/L0__s20260819__0007.png,scene15,off,D3b,18,D,3b,0.530869,-15.2404,1.5985,63.4015,5.1525,0
resnet50,43,resnet50_s43,OFF,off/scene15/L4__s20260819__0000.png,scene15,off,C3b,17,C,3b,0.552921,-6.6317,-4.2143,61.8616,9.9031,0
resnet50,43,resnet50_s43,OFF,off/scene15/L4__s20260819__0000.png,scene15,off,D3b,18,D,3b,0.683163,-6.6317,-4.2143,61.8616,9.9031,0
resnet50,43,resnet50_s43,OFF,off/scene15/L4__s20260819__0001.png,scene15,off,C3b,17,C,3b,0.740367,-7.5218,-9.2458,61.8359,1.858,0
resnet50,43,resnet50_s43,OFF,off/scene15/L4__s20260819__0001.png,scene15,off,D3b,18,D,3b,0.558898,-7.5218,-9.2458,61.8359,1.858,0
resnet50,43,resnet50_s43,OFF,off/scene15/L4__s20260819__0002.png,scene15,off,C3b,17,C,3b,0.648899,-8.4908,3.1991,65.8023,4.6673,0
resnet50,43,resnet50_s43,OFF,off/scene15/L4__s20260819__0002.png,scene15,off,D3b,18,D,3b,0.703701,-8.4908,3.1991,65.8023,4.6673,0
resnet50,43,resnet50_s43,OFF,off/scene15/L4__s20260819__0003.png,scene15,off,C3b,17,C,3b,0.666753,-13.9162,-3.4361,63.7846,1.3693,0
resnet50,43,resnet50_s43,OFF,off/scene15/L4__s20260819__0003.png,scene15,off,D3b,18,D,3b,0.591626,-13.9162,-3.4361,63.7846,1.3693,0
resnet50,43,resnet50_s43,OFF,off/scene15/L4__s20260819__0004.png,scene15,off,C3b,17,C,3b,0.509912,-11.0394,5.5473,63.0915,5.5065,0
resnet50,43,resnet50_s43,OFF,off/scene15/L4__s20260819__0004.png,scene15,off,D3b,18,D,3b,0.695857,-11.0394,5.5473,63.0915,5.5065,0
resnet50,43,resnet50_s43,OFF,off/scene15/L4__s20260819__0005.png,scene15,off,C3b,17,C,3b,0.778065,-12.9205,6.4099,63.9932,3.0224,0
resnet50,43,resnet50_s43,OFF,off/scene15/L4__s20260819__0005.png,scene15,off,D3b,18,D,3b,0.748792,-12.9205,6.4099,63.9932,3.0224,0
resnet50,43,resnet50_s43,OFF,off/scene15/L4__s20260819__0006.png,scene15,off,C3b,17,C,3b,0.689403,-9.1914,-18.2162,60.3765,2.2421,0
resnet50,43,resnet50_s43,OFF,off/scene15/L4__s20260819__0006.png,scene15,off,D3b,18,D,3b,0.522593,-9.1914,-18.2162,60.3765,2.2421,0
resnet50,43,resnet50_s43,OFF,off/scene15/L4__s20260819__0007.png,scene15,off,C3b,17,C,3b,0.635478,-15.2404,1.5985,63.4015,5.1525,0
resnet50,43,resnet50_s43,OFF,off/scene15/L4__s20260819__0007.png,scene15,off,D3b,18,D,3b,0.690069,-15.2404,1.5985,63.4015,5.1525,0
resnet50,43,resnet50_s43,OFF,off/scene15/L7__s20260819__0000.png,scene15,off,D3b,18,D,3b,0.568939,-6.6317,-4.2143,61.8616,9.9031,0
resnet50,43,resnet50_s43,OFF,off/scene15/L7__s20260819__0001.png,scene15,off,C3b,17,C,3b,0.752748,-7.5218,-9.2458,61.8359,1.858,0
resnet50,43,resnet50_s43,OFF,off/scene15/L7__s20260819__0001.png,scene15,off,D3b,18,D,3b,0.594128,-7.5218,-9.2458,61.8359,1.858,0
resnet50,43,resnet50_s43,OFF,off/scene15/L7__s20260819__0002.png,scene15,off,C3b,17,C,3b,0.659296,-8.4908,3.1991,65.8023,4.6673,0
resnet50,43,resnet50_s43,OFF,off/scene15/L7__s20260819__0002.png,scene15,off,D3b,18,D,3b,0.678031,-8.4908,3.1991,65.8023,4.6673,0
resnet50,43,resnet50_s43,OFF,off/scene15/L7__s20260819__0003.png,scene15,off,C3b,17,C,3b,0.740377,-13.9162,-3.4361,63.7846,1.3693,0
resnet50,43,resnet50_s43,OFF,off/scene15/L7__s20260819__0004.png,scene15,off,C3b,17,C,3b,0.647322,-11.0394,5.5473,63.0915,5.5065,0
resnet50,43,resnet50_s43,OFF,off/scene15/L7__s20260819__0004.png,scene15,off,D3b,18,D,3b,0.625016,-11.0394,5.5473,63.0915,5.5065,0
resnet50,43,resnet50_s43,OFF,off/scene15/L7__s20260819__0005.png,scene15,off,B3b,16,B,3b,0.766812,-12.9205,6.4099,63.9932,3.0224,0
resnet50,43,resnet50_s43,OFF,off/scene15/L7__s20260819__0005.png,scene15,off,C3b,17,C,3b,0.871074,-12.9205,6.4099,63.9932,3.0224,0
resnet50,43,resnet50_s43,OFF,off/scene15/L7__s20260819__0005.png,scene15,off,D3b,18,D,3b,0.798866,-12.9205,6.4099,63.9932,3.0224,0
resnet50,43,resnet50_s43,OFF,off/scene15/L7__s20260819__0006.png,scene15,off,C3b,17,C,3b,0.567749,-9.1914,-18.2162,60.3765,2.2421,0
resnet50,43,resnet50_s43,OFF,off/scene15/L7__s20260819__0007.png,scene15,off,B3b,16,B,3b,0.593899,-15.2404,1.5985,63.4015,5.1525,0
resnet50,43,resnet50_s43,OFF,off/scene15/L7__s20260819__0007.png,scene15,off,C3b,17,C,3b,0.736981,-15.2404,1.5985,63.4015,5.1525,0
resnet50,43,resnet50_s43,OFF,off/scene15/L7__s20260819__0007.png,scene15,off,D3b,18,D,3b,0.636734,-15.2404,1.5985,63.4015,5.1525,0
resnet50,43,resnet50_s43,OFF,off/sceneC2/L2__s20260819__0001.png,sceneC2,off,B3b,16,B,3b,0.646083,-13.4518,-13.0389,63.5306,6.8638,0
resnet50,43,resnet50_s43,OFF,off/sceneC2/L2__s20260819__0001.png,sceneC2,off,C3b,17,C,3b,0.641422,-13.4518,-13.0389,63.5306,6.8638,0
resnet50,43,resnet50_s43,OFF,off/sceneC2/L2__s20260819__0002.png,sceneC2,off,B3b,16,B,3b,0.576335,-11.6494,-2.9872,60.6739,8.321,0
resnet50,43,resnet50_s43,OFF,off/sceneC2/L2__s20260819__0002.png,sceneC2,off,C3b,17,C,3b,0.580254,-11.6494,-2.9872,60.6739,8.321,0
resnet50,43,resnet50_s43,OFF,off/sceneC2/L2__s20260819__0004.png,sceneC2,off,B3a,11,B,3a,0.53717,-13.5389,11.6475,61.7574,2.2154,0
resnet50,43,resnet50_s43,OFF,off/sceneC2/L2__s20260819__0004.png,sceneC2,off,B3b,16,B,3b,0.879023,-13.5389,11.6475,61.7574,2.2154,0
resnet50,43,resnet50_s43,OFF,off/sceneC2/L2__s20260819__0004.png,sceneC2,off,C3b,17,C,3b,0.964953,-13.5389,11.6475,61.7574,2.2154,0
resnet50,43,resnet50_s43,OFF,off/sceneC2/L2__s20260819__0004.png,sceneC2,off,D3b,18,D,3b,0.747809,-13.5389,11.6475,61.7574,2.2154,0
resnet50,43,resnet50_s43,OFF,off/sceneC2/L2__s20260819__0005.png,sceneC2,off,B3a,11,B,3a,0.777837,-13.9053,-4.7076,63.4803,4.5522,0
resnet50,43,resnet50_s43,OFF,off/sceneC2/L2__s20260819__0005.png,sceneC2,off,C3a,12,C,3a,0.863405,-13.9053,-4.7076,63.4803,4.5522,0
resnet50,43,resnet50_s43,OFF,off/sceneC2/L2__s20260819__0005.png,sceneC2,off,D3a,13,D,3a,0.599839,-13.9053,-4.7076,63.4803,4.5522,0
resnet50,43,resnet50_s43,OFF,off/sceneC2/L2__s20260819__0005.png,sceneC2,off,B3b,16,B,3b,0.971263,-13.9053,-4.7076,63.4803,4.5522,0
resnet50,43,resnet50_s43,OFF,off/sceneC2/L2__s20260819__0005.png,sceneC2,off,C3b,17,C,3b,0.997309,-13.9053,-4.7076,63.4803,4.5522,0
resnet50,43,resnet50_s43,OFF,off/sceneC2/L2__s20260819__0005.png,sceneC2,off,D3b,18,D,3b,0.953674,-13.9053,-4.7076,63.4803,4.5522,0
resnet50,43,resnet50_s43,OFF,off/sceneC2/L3__s20260819__0001.png,sceneC2,off,B3a,11,B,3a,0.511312,-13.4518,-13.0389,63.5306,6.8638,0
resnet50,43,resnet50_s43,OFF,off/sceneC2/L3__s20260819__0001.png,sceneC2,off,B3b,16,B,3b,0.683094,-13.4518,-13.0389,63.5306,6.8638,0
resnet50,43,resnet50_s43,OFF,off/sceneC2/L3__s20260819__0001.png,sceneC2,off,C3b,17,C,3b,0.683325,-13.4518,-13.0389,63.5306,6.8638,0
resnet50,43,resnet50_s43,OFF,off/sceneC2/L3__s20260819__0001.png,sceneC2,off,D3b,18,D,3b,0.50731,-13.4518,-13.0389,63.5306,6.8638,0
resnet50,43,resnet50_s43,OFF,off/sceneC2/L3__s20260819__0002.png,sceneC2,off,B3b,16,B,3b,0.526314,-11.6494,-2.9872,60.6739,8.321,0
resnet50,43,resnet50_s43,OFF,off/sceneC2/L3__s20260819__0002.png,sceneC2,off,C3b,17,C,3b,0.566378,-11.6494,-2.9872,60.6739,8.321,0
resnet50,43,resnet50_s43,OFF,off/sceneC2/L3__s20260819__0004.png,sceneC2,off,B3a,11,B,3a,0.568425,-13.5389,11.6475,61.7574,2.2154,0
resnet50,43,resnet50_s43,OFF,off/sceneC2/L3__s20260819__0004.png,sceneC2,off,B3b,16,B,3b,0.890586,-13.5389,11.6475,61.7574,2.2154,0
resnet50,43,resnet50_s43,OFF,off/sceneC2/L3__s20260819__0004.png,sceneC2,off,C3b,17,C,3b,0.970278,-13.5389,11.6475,61.7574,2.2154,0
resnet50,43,resnet50_s43,OFF,off/sceneC2/L3__s20260819__0004.png,sceneC2,off,D3b,18,D,3b,0.7573,-13.5389,11.6475,61.7574,2.2154,0
resnet50,43,resnet50_s43,OFF,off/sceneC2/L3__s20260819__0005.png,sceneC2,off,B3a,11,B,3a,0.800809,-13.9053,-4.7076,63.4803,4.5522,0
resnet50,43,resnet50_s43,OFF,off/sceneC2/L3__s20260819__0005.png,sceneC2,off,C3a,12,C,3a,0.891515,-13.9053,-4.7076,63.4803,4.5522,0
resnet50,43,resnet50_s43,OFF,off/sceneC2/L3__s20260819__0005.png,sceneC2,off,D3a,13,D,3a,0.643657,-13.9053,-4.7076,63.4803,4.5522,0
resnet50,43,resnet50_s43,OFF,off/sceneC2/L3__s20260819__0005.png,sceneC2,off,B3b,16,B,3b,0.977425,-13.9053,-4.7076,63.4803,4.5522,0
resnet50,43,resnet50_s43,OFF,off/sceneC2/L3__s20260819__0005.png,sceneC2,off,C3b,17,C,3b,0.998351,-13.9053,-4.7076,63.4803,4.5522,0
resnet50,43,resnet50_s43,OFF,off/sceneC2/L3__s20260819__0005.png,sceneC2,off,D3b,18,D,3b,0.965675,-13.9053,-4.7076,63.4803,4.5522,0
resnet50,43,resnet50_s43,OFF,off/sceneC2/L7__s20260819__0001.png,sceneC2,off,B3b,16,B,3b,0.645816,-13.4518,-13.0389,63.5306,6.8638,0
resnet50,43,resnet50_s43,OFF,off/sceneC2/L7__s20260819__0001.png,sceneC2,off,C3b,17,C,3b,0.733713,-13.4518,-13.0389,63.5306,6.8638,0
resnet50,43,resnet50_s43,OFF,off/sceneC2/L7__s20260819__0002.png,sceneC2,off,C3b,17,C,3b,0.571917,-11.6494,-2.9872,60.6739,8.321,0
resnet50,43,resnet50_s43,OFF,off/sceneC2/L7__s20260819__0004.png,sceneC2,off,B3a,11,B,3a,0.527469,-13.5389,11.6475,61.7574,2.2154,0
resnet50,43,resnet50_s43,OFF,off/sceneC2/L7__s20260819__0004.png,sceneC2,off,B3b,16,B,3b,0.875515,-13.5389,11.6475,61.7574,2.2154,0
resnet50,43,resnet50_s43,OFF,off/sceneC2/L7__s20260819__0004.png,sceneC2,off,C3b,17,C,3b,0.972664,-13.5389,11.6475,61.7574,2.2154,0
resnet50,43,resnet50_s43,OFF,off/sceneC2/L7__s20260819__0004.png,sceneC2,off,D3b,18,D,3b,0.755478,-13.5389,11.6475,61.7574,2.2154,0
resnet50,43,resnet50_s43,OFF,off/sceneC2/L7__s20260819__0005.png,sceneC2,off,B3a,11,B,3a,0.831023,-13.9053,-4.7076,63.4803,4.5522,0
resnet50,43,resnet50_s43,OFF,off/sceneC2/L7__s20260819__0005.png,sceneC2,off,C3a,12,C,3a,0.924332,-13.9053,-4.7076,63.4803,4.5522,0
resnet50,43,resnet50_s43,OFF,off/sceneC2/L7__s20260819__0005.png,sceneC2,off,D3a,13,D,3a,0.699648,-13.9053,-4.7076,63.4803,4.5522,0
resnet50,43,resnet50_s43,OFF,off/sceneC2/L7__s20260819__0005.png,sceneC2,off,B3b,16,B,3b,0.982306,-13.9053,-4.7076,63.4803,4.5522,0
resnet50,43,resnet50_s43,OFF,off/sceneC2/L7__s20260819__0005.png,sceneC2,off,C3b,17,C,3b,0.999167,-13.9053,-4.7076,63.4803,4.5522,0
resnet50,43,resnet50_s43,OFF,off/sceneC2/L7__s20260819__0005.png,sceneC2,off,D3b,18,D,3b,0.975712,-13.9053,-4.7076,63.4803,4.5522,0
resnet50,43,resnet50_s43,OFF,off/sceneN3/L0__s20260819__0000.png,sceneN3,off,B3a,11,B,3a,0.503529,-16.2467,-6.5053,60.6518,9.1828,0
resnet50,43,resnet50_s43,OFF,off/sceneN3/L0__s20260819__0000.png,sceneN3,off,C3a,12,C,3a,0.687754,-16.2467,-6.5053,60.6518,9.1828,0
resnet50,43,resnet50_s43,OFF,off/sceneN3/L0__s20260819__0001.png,sceneN3,off,B3a,11,B,3a,0.523346,-12.6534,1.5439,61.04,5.2884,0
resnet50,43,resnet50_s43,OFF,off/sceneN3/L0__s20260819__0001.png,sceneN3,off,C3a,12,C,3a,0.579388,-12.6534,1.5439,61.04,5.2884,0
resnet50,43,resnet50_s43,OFF,off/sceneN3/L0__s20260819__0003.png,sceneN3,off,B3a,11,B,3a,0.511399,-9.3231,5.7221,62.1685,8.3724,0
resnet50,43,resnet50_s43,OFF,off/sceneN3/L0__s20260819__0003.png,sceneN3,off,C3a,12,C,3a,0.615876,-9.3231,5.7221,62.1685,8.3724,0
resnet50,43,resnet50_s43,OFF,off/sceneN3/L0__s20260819__0003.png,sceneN3,off,C3b,17,C,3b,0.53207,-9.3231,5.7221,62.1685,8.3724,0
resnet50,43,resnet50_s43,OFF,off/sceneN3/L0__s20260819__0004.png,sceneN3,off,B3a,11,B,3a,0.522138,-7.3546,-7.2186,63.4074,8.0992,0
resnet50,43,resnet50_s43,OFF,off/sceneN3/L0__s20260819__0004.png,sceneN3,off,C3a,12,C,3a,0.658728,-7.3546,-7.2186,63.4074,8.0992,0
resnet50,43,resnet50_s43,OFF,off/sceneN3/L0__s20260819__0005.png,sceneN3,off,B3a,11,B,3a,0.861508,-12.2129,-14.4798,63.1796,2.2677,0
resnet50,43,resnet50_s43,OFF,off/sceneN3/L0__s20260819__0005.png,sceneN3,off,C3a,12,C,3a,0.925482,-12.2129,-14.4798,63.1796,2.2677,0
resnet50,43,resnet50_s43,OFF,off/sceneN3/L5__s20260819__0001.png,sceneN3,off,C3b,17,C,3b,0.54738,-12.6534,1.5439,61.04,5.2884,0
resnet50,43,resnet50_s43,OFF,off/sceneN3/L5__s20260819__0002.png,sceneN3,off,C3b,17,C,3b,0.626768,-13.1516,1.5693,63.1068,1.7608,0
resnet50,43,resnet50_s43,OFF,off/sceneN3/L5__s20260819__0003.png,sceneN3,off,C3b,17,C,3b,0.71564,-9.3231,5.7221,62.1685,8.3724,0
resnet50,43,resnet50_s43,OFF,off/sceneN3/L5__s20260819__0003.png,sceneN3,off,D3b,18,D,3b,0.616352,-9.3231,5.7221,62.1685,8.3724,0
resnet50,43,resnet50_s43,OFF,off/sceneN3/L5__s20260819__0004.png,sceneN3,off,B3a,11,B,3a,0.503168,-7.3546,-7.2186,63.4074,8.0992,0
resnet50,43,resnet50_s43,OFF,off/sceneN3/L5__s20260819__0005.png,sceneN3,off,B3b,16,B,3b,0.613897,-12.2129,-14.4798,63.1796,2.2677,0
resnet50,43,resnet50_s43,OFF,off/sceneN3/L5__s20260819__0005.png,sceneN3,off,C3b,17,C,3b,0.769054,-12.2129,-14.4798,63.1796,2.2677,0
resnet50,43,resnet50_s43,OFF,off/sceneN3/L5__s20260819__0006.png,sceneN3,off,B3b,16,B,3b,0.607701,-7.7849,2.4667,60.503,4.7311,0
resnet50,43,resnet50_s43,OFF,off/sceneN3/L5__s20260819__0006.png,sceneN3,off,C3b,17,C,3b,0.853992,-7.7849,2.4667,60.503,4.7311,0
resnet50,43,resnet50_s43,OFF,off/sceneN3/L5__s20260819__0006.png,sceneN3,off,D3b,18,D,3b,0.672336,-7.7849,2.4667,60.503,4.7311,0
resnet50,43,resnet50_s43,OFF,off/sceneN3/L7__s20260819__0000.png,sceneN3,off,B3a,11,B,3a,0.76921,-16.2467,-6.5053,60.6518,9.1828,0
resnet50,43,resnet50_s43,OFF,off/sceneN3/L7__s20260819__0000.png,sceneN3,off,C3a,12,C,3a,0.900657,-16.2467,-6.5053,60.6518,9.1828,0
resnet50,43,resnet50_s43,OFF,off/sceneN3/L7__s20260819__0000.png,sceneN3,off,D3a,13,D,3a,0.734414,-16.2467,-6.5053,60.6518,9.1828,0
resnet50,43,resnet50_s43,OFF,off/sceneN3/L7__s20260819__0003.png,sceneN3,off,C3b,17,C,3b,0.686617,-9.3231,5.7221,62.1685,8.3724,0
resnet50,43,resnet50_s43,OFF,off/sceneN3/L7__s20260819__0003.png,sceneN3,off,D3b,18,D,3b,0.610406,-9.3231,5.7221,62.1685,8.3724,0
resnet50,43,resnet50_s43,OFF,off/sceneN3/L7__s20260819__0004.png,sceneN3,off,B3a,11,B,3a,0.753227,-7.3546,-7.2186,63.4074,8.0992,0
resnet50,43,resnet50_s43,OFF,off/sceneN3/L7__s20260819__0004.png,sceneN3,off,C3a,12,C,3a,0.773239,-7.3546,-7.2186,63.4074,8.0992,0
resnet50,43,resnet50_s43,OFF,off/sceneN3/L7__s20260819__0005.png,sceneN3,off,B3a,11,B,3a,0.738106,-12.2129,-14.4798,63.1796,2.2677,0
resnet50,43,resnet50_s43,OFF,off/sceneN3/L7__s20260819__0005.png,sceneN3,off,C3a,12,C,3a,0.803773,-12.2129,-14.4798,63.1796,2.2677,0
resnet50,43,resnet50_s43,OFF,off/scene15/L0__s20260820__0000.png::boost_h,scene15,off,B2,6,B,2,0.630589,-13.637,-17.7914,62.7559,10.9914,0
resnet50,43,resnet50_s43,OFF,off/scene15/L0__s20260820__0000.png::boost_h,scene15,off,C2,7,C,2,0.609007,-13.637,-17.7914,62.7559,10.9914,0
resnet50,43,resnet50_s43,OFF,off/scene15/L0__s20260820__0000.png::boost_h,scene15,off,D2,8,D,2,0.614282,-13.637,-17.7914,62.7559,10.9914,0
resnet50,43,resnet50_s43,OFF,off/scene15/L0__s20260820__0000.png::boost_h,scene15,off,B3b,16,B,3b,0.722119,-13.637,-17.7914,62.7559,10.9914,0
resnet50,43,resnet50_s43,OFF,off/scene15/L0__s20260820__0000.png::boost_h,scene15,off,C3b,17,C,3b,0.755238,-13.637,-17.7914,62.7559,10.9914,0
resnet50,43,resnet50_s43,OFF,off/scene15/L0__s20260820__0000.png::boost_h,scene15,off,D3b,18,D,3b,0.678044,-13.637,-17.7914,62.7559,10.9914,0
resnet50,43,resnet50_s43,OFF,off/scene15/L0__s20260820__0001.png::boost_h,scene15,off,C3b,17,C,3b,0.616494,-6.8068,-11.8299,63.9125,9.9013,0
resnet50,43,resnet50_s43,OFF,off/scene15/L0__s20260820__0001.png::boost_h,scene15,off,D3b,18,D,3b,0.647459,-6.8068,-11.8299,63.9125,9.9013,0
resnet50,43,resnet50_s43,OFF,off/scene15/L0__s20260820__0003.png::boost_h,scene15,off,D3b,18,D,3b,0.522619,-11.0902,-4.9586,63.1815,7.5147,0
resnet50,43,resnet50_s43,OFF,off/scene15/L0__s20260820__0004.png::boost_h,scene15,off,D3b,18,D,3b,0.604817,-12.6937,-3.4861,58.1207,9.9583,0
resnet50,43,resnet50_s43,OFF,off/scene15/L0__s20260820__0005.png::boost_h,scene15,off,C3b,17,C,3b,0.702699,-5.4058,-7.3396,62.3314,9.8366,0
resnet50,43,resnet50_s43,OFF,off/scene15/L0__s20260820__0005.png::boost_h,scene15,off,D3b,18,D,3b,0.664024,-5.4058,-7.3396,62.3314,9.8366,0
resnet50,43,resnet50_s43,OFF,off/scene15/L0__s20260820__0006.png::boost_h,scene15,off,B3b,16,B,3b,0.559383,-5.1828,6.8137,59.5209,6.9519,0
resnet50,43,resnet50_s43,OFF,off/scene15/L0__s20260820__0006.png::boost_h,scene15,off,C3b,17,C,3b,0.832563,-5.1828,6.8137,59.5209,6.9519,0
resnet50,43,resnet50_s43,OFF,off/scene15/L0__s20260820__0006.png::boost_h,scene15,off,D3b,18,D,3b,0.810474,-5.1828,6.8137,59.5209,6.9519,0
resnet50,43,resnet50_s43,OFF,off/scene15/L4__s20260820__0001.png::boost_h,scene15,off,C3b,17,C,3b,0.62118,-6.8068,-11.8299,63.9125,9.9013,0
resnet50,43,resnet50_s43,OFF,off/scene15/L4__s20260820__0001.png::boost_h,scene15,off,D3b,18,D,3b,0.611755,-6.8068,-11.8299,63.9125,9.9013,0
resnet50,43,resnet50_s43,OFF,off/scene15/L4__s20260820__0004.png::boost_h,scene15,off,D3b,18,D,3b,0.567281,-12.6937,-3.4861,58.1207,9.9583,0
resnet50,43,resnet50_s43,OFF,off/scene15/L4__s20260820__0005.png::boost_h,scene15,off,B3b,16,B,3b,0.534664,-5.4058,-7.3396,62.3314,9.8366,0
resnet50,43,resnet50_s43,OFF,off/scene15/L4__s20260820__0005.png::boost_h,scene15,off,C3b,17,C,3b,0.528008,-5.4058,-7.3396,62.3314,9.8366,0
resnet50,43,resnet50_s43,OFF,off/scene15/L4__s20260820__0006.png::boost_h,scene15,off,C3b,17,C,3b,0.665711,-5.1828,6.8137,59.5209,6.9519,0
resnet50,43,resnet50_s43,OFF,off/scene15/L4__s20260820__0006.png::boost_h,scene15,off,D3b,18,D,3b,0.817126,-5.1828,6.8137,59.5209,6.9519,0
resnet50,43,resnet50_s43,OFF,off/scene15/L7__s20260820__0001.png::boost_h,scene15,off,C3b,17,C,3b,0.619171,-6.8068,-11.8299,63.9125,9.9013,0
resnet50,43,resnet50_s43,OFF,off/scene15/L7__s20260820__0001.png::boost_h,scene15,off,D3b,18,D,3b,0.607032,-6.8068,-11.8299,63.9125,9.9013,0
resnet50,43,resnet50_s43,OFF,off/scene15/L7__s20260820__0002.png::boost_h,scene15,off,C3b,17,C,3b,0.501931,-8.6096,-4.0107,63.6728,6.6026,0
resnet50,43,resnet50_s43,OFF,off/scene15/L7__s20260820__0002.png::boost_h,scene15,off,D3b,18,D,3b,0.549574,-8.6096,-4.0107,63.6728,6.6026,0
resnet50,43,resnet50_s43,OFF,off/scene15/L7__s20260820__0003.png::boost_h,scene15,off,D3b,18,D,3b,0.526783,-11.0902,-4.9586,63.1815,7.5147,0
resnet50,43,resnet50_s43,OFF,off/scene15/L7__s20260820__0004.png::boost_h,scene15,off,D3b,18,D,3b,0.605403,-12.6937,-3.4861,58.1207,9.9583,0
resnet50,43,resnet50_s43,OFF,off/scene15/L7__s20260820__0005.png::boost_h,scene15,off,B3b,16,B,3b,0.729822,-5.4058,-7.3396,62.3314,9.8366,0
resnet50,43,resnet50_s43,OFF,off/scene15/L7__s20260820__0005.png::boost_h,scene15,off,C3b,17,C,3b,0.701368,-5.4058,-7.3396,62.3314,9.8366,0
resnet50,43,resnet50_s43,OFF,off/scene15/L7__s20260820__0006.png::boost_h,scene15,off,C3b,17,C,3b,0.763474,-5.1828,6.8137,59.5209,6.9519,0
resnet50,43,resnet50_s43,OFF,off/scene15/L7__s20260820__0006.png::boost_h,scene15,off,D3b,18,D,3b,0.84012,-5.1828,6.8137,59.5209,6.9519,0
resnet50,43,resnet50_s43,OFF,off/scene15/L7__s20260820__0007.png::boost_h,scene15,off,C3b,17,C,3b,0.520207,-9.4753,-12.4083,62.4936,8.3783,0
resnet50,43,resnet50_s43,OFF,off/scene05/L0__s20260820__0001.png::boost_e,scene05,off,A3b,15,A,3b,0.635925,-5.7189,0.3564,61.8831,9.8857,0
resnet50,43,resnet50_s43,OFF,off/scene05/L0__s20260820__0001.png::boost_e,scene05,off,B3b,16,B,3b,0.928783,-5.7189,0.3564,61.8831,9.8857,0
resnet50,43,resnet50_s43,OFF,off/scene05/L0__s20260820__0001.png::boost_e,scene05,off,C3b,17,C,3b,0.95882,-5.7189,0.3564,61.8831,9.8857,0
resnet50,43,resnet50_s43,OFF,off/scene05/L0__s20260820__0001.png::boost_e,scene05,off,D3b,18,D,3b,0.686237,-5.7189,0.3564,61.8831,9.8857,0
resnet50,43,resnet50_s43,OFF,off/scene05/L0__s20260820__0002.png::boost_e,scene05,off,C3b,17,C,3b,0.706942,-5.4996,-9.2457,63.6695,7.7708,0
resnet50,43,resnet50_s43,OFF,off/scene05/L0__s20260820__0006.png::boost_e,scene05,off,A3b,15,A,3b,0.533321,-12.8982,-6.3539,61.1324,9.7574,0
resnet50,43,resnet50_s43,OFF,off/scene05/L0__s20260820__0006.png::boost_e,scene05,off,B3b,16,B,3b,0.891619,-12.8982,-6.3539,61.1324,9.7574,0
resnet50,43,resnet50_s43,OFF,off/scene05/L0__s20260820__0006.png::boost_e,scene05,off,C3b,17,C,3b,0.899584,-12.8982,-6.3539,61.1324,9.7574,0
resnet50,43,resnet50_s43,OFF,off/scene05/L5__s20260820__0001.png::boost_e,scene05,off,B3b,16,B,3b,0.80099,-5.7189,0.3564,61.8831,9.8857,0
resnet50,43,resnet50_s43,OFF,off/scene05/L5__s20260820__0001.png::boost_e,scene05,off,C3b,17,C,3b,0.962846,-5.7189,0.3564,61.8831,9.8857,0
resnet50,43,resnet50_s43,OFF,off/scene05/L5__s20260820__0001.png::boost_e,scene05,off,D3b,18,D,3b,0.900559,-5.7189,0.3564,61.8831,9.8857,0
resnet50,43,resnet50_s43,OFF,off/scene05/L5__s20260820__0002.png::boost_e,scene05,off,B3b,16,B,3b,0.846883,-5.4996,-9.2457,63.6695,7.7708,0
resnet50,43,resnet50_s43,OFF,off/scene05/L5__s20260820__0002.png::boost_e,scene05,off,C3b,17,C,3b,0.947324,-5.4996,-9.2457,63.6695,7.7708,0
resnet50,43,resnet50_s43,OFF,off/scene05/L5__s20260820__0004.png::boost_e,scene05,off,B3b,16,B,3b,0.611171,-6.9904,-7.3983,63.483,6.1605,0
resnet50,43,resnet50_s43,OFF,off/scene05/L5__s20260820__0004.png::boost_e,scene05,off,C3b,17,C,3b,0.810394,-6.9904,-7.3983,63.483,6.1605,0
resnet50,43,resnet50_s43,OFF,off/scene05/L5__s20260820__0005.png::boost_e,scene05,off,B3b,16,B,3b,0.7952,-9.9958,-4.8864,61.371,6.2772,0
resnet50,43,resnet50_s43,OFF,off/scene05/L5__s20260820__0005.png::boost_e,scene05,off,C3b,17,C,3b,0.868273,-9.9958,-4.8864,61.371,6.2772,0
resnet50,43,resnet50_s43,OFF,off/scene05/L5__s20260820__0005.png::boost_e,scene05,off,D3b,18,D,3b,0.565775,-9.9958,-4.8864,61.371,6.2772,0
resnet50,43,resnet50_s43,OFF,off/scene05/L5__s20260820__0006.png::boost_e,scene05,off,A3b,15,A,3b,0.677794,-12.8982,-6.3539,61.1324,9.7574,0
resnet50,43,resnet50_s43,OFF,off/scene05/L5__s20260820__0006.png::boost_e,scene05,off,B3b,16,B,3b,0.934846,-12.8982,-6.3539,61.1324,9.7574,0
resnet50,43,resnet50_s43,OFF,off/scene05/L5__s20260820__0006.png::boost_e,scene05,off,C3b,17,C,3b,0.94908,-12.8982,-6.3539,61.1324,9.7574,0
resnet50,43,resnet50_s43,OFF,off/scene05/L5__s20260820__0006.png::boost_e,scene05,off,D3b,18,D,3b,0.655853,-12.8982,-6.3539,61.1324,9.7574,0
resnet50,43,resnet50_s43,OFF,off/scene05/L5__s20260820__0007.png::boost_e,scene05,off,B3b,16,B,3b,0.500737,-11.43,-6.2709,60.486,7.4493,0
resnet50,43,resnet50_s43,OFF,off/scene05/L5__s20260820__0007.png::boost_e,scene05,off,C3b,17,C,3b,0.721282,-11.43,-6.2709,60.486,7.4493,0
resnet50,43,resnet50_s43,OFF,off/scene05/L5__s20260820__0007.png::boost_e,scene05,off,D3b,18,D,3b,0.585179,-11.43,-6.2709,60.486,7.4493,0
resnet50,43,resnet50_s43,OFF,off/scene05/L7__s20260820__0001.png::boost_e,scene05,off,B3b,16,B,3b,0.770821,-5.7189,0.3564,61.8831,9.8857,0
resnet50,43,resnet50_s43,OFF,off/scene05/L7__s20260820__0001.png::boost_e,scene05,off,C3b,17,C,3b,0.854176,-5.7189,0.3564,61.8831,9.8857,0
resnet50,43,resnet50_s43,OFF,off/scene05/L7__s20260820__0001.png::boost_e,scene05,off,D3b,18,D,3b,0.510478,-5.7189,0.3564,61.8831,9.8857,0
resnet50,43,resnet50_s43,OFF,off/scene05/L7__s20260820__0002.png::boost_e,scene05,off,C3b,17,C,3b,0.723666,-5.4996,-9.2457,63.6695,7.7708,0
resnet50,43,resnet50_s43,OFF,off/scene05/L7__s20260820__0006.png::boost_e,scene05,off,A3b,15,A,3b,0.572226,-12.8982,-6.3539,61.1324,9.7574,0
resnet50,43,resnet50_s43,OFF,off/scene05/L7__s20260820__0006.png::boost_e,scene05,off,B3b,16,B,3b,0.829626,-12.8982,-6.3539,61.1324,9.7574,0
resnet50,43,resnet50_s43,OFF,off/scene05/L7__s20260820__0006.png::boost_e,scene05,off,C3b,17,C,3b,0.851592,-12.8982,-6.3539,61.1324,9.7574,0
resnet50,43,resnet50_s43,OFF,off/scene07/L0__s20260820__0000.png::boost_e,scene07,off,D3b,18,D,3b,0.51007,-10.2409,14.1283,61.8254,9.3533,0
resnet50,43,resnet50_s43,OFF,off/scene07/L0__s20260820__0002.png::boost_e,scene07,off,C3b,17,C,3b,0.646542,-11.7844,-0.5026,59.071,6.034,0
resnet50,43,resnet50_s43,OFF,off/scene07/L0__s20260820__0002.png::boost_e,scene07,off,D3b,18,D,3b,0.689309,-11.7844,-0.5026,59.071,6.034,0
resnet50,43,resnet50_s43,OFF,off/scene07/L0__s20260820__0004.png::boost_e,scene07,off,C3b,17,C,3b,0.569457,-11.296,14.3304,62.4153,11.7361,0
resnet50,43,resnet50_s43,OFF,off/scene07/L0__s20260820__0004.png::boost_e,scene07,off,D3b,18,D,3b,0.555114,-11.296,14.3304,62.4153,11.7361,0
resnet50,43,resnet50_s43,OFF,off/scene07/L5__s20260820__0000.png::boost_e,scene07,off,D3b,18,D,3b,0.539908,-10.2409,14.1283,61.8254,9.3533,0
resnet50,43,resnet50_s43,OFF,off/scene15/L0__s20260820__0000.png::boost_e,scene15,off,B2,6,B,2,0.581699,-13.637,-17.7914,62.7559,10.9914,0
resnet50,43,resnet50_s43,OFF,off/scene15/L0__s20260820__0000.png::boost_e,scene15,off,C2,7,C,2,0.565483,-13.637,-17.7914,62.7559,10.9914,0
resnet50,43,resnet50_s43,OFF,off/scene15/L0__s20260820__0000.png::boost_e,scene15,off,D2,8,D,2,0.560333,-13.637,-17.7914,62.7559,10.9914,0
resnet50,43,resnet50_s43,OFF,off/scene15/L0__s20260820__0000.png::boost_e,scene15,off,B3b,16,B,3b,0.765904,-13.637,-17.7914,62.7559,10.9914,0
resnet50,43,resnet50_s43,OFF,off/scene15/L0__s20260820__0000.png::boost_e,scene15,off,C3b,17,C,3b,0.805811,-13.637,-17.7914,62.7559,10.9914,0
resnet50,43,resnet50_s43,OFF,off/scene15/L0__s20260820__0000.png::boost_e,scene15,off,D3b,18,D,3b,0.722286,-13.637,-17.7914,62.7559,10.9914,0
resnet50,43,resnet50_s43,OFF,off/scene15/L0__s20260820__0001.png::boost_e,scene15,off,C3b,17,C,3b,0.756494,-6.8068,-11.8299,63.9125,9.9013,0
resnet50,43,resnet50_s43,OFF,off/scene15/L0__s20260820__0001.png::boost_e,scene15,off,D3b,18,D,3b,0.718611,-6.8068,-11.8299,63.9125,9.9013,0
resnet50,43,resnet50_s43,OFF,off/scene15/L0__s20260820__0002.png::boost_e,scene15,off,C3b,17,C,3b,0.517842,-8.6096,-4.0107,63.6728,6.6026,0
resnet50,43,resnet50_s43,OFF,off/scene15/L0__s20260820__0003.png::boost_e,scene15,off,C3b,17,C,3b,0.575758,-11.0902,-4.9586,63.1815,7.5147,0
resnet50,43,resnet50_s43,OFF,off/scene15/L0__s20260820__0003.png::boost_e,scene15,off,D3b,18,D,3b,0.566029,-11.0902,-4.9586,63.1815,7.5147,0
resnet50,43,resnet50_s43,OFF,off/scene15/L0__s20260820__0004.png::boost_e,scene15,off,C3b,17,C,3b,0.542637,-12.6937,-3.4861,58.1207,9.9583,0
resnet50,43,resnet50_s43,OFF,off/scene15/L0__s20260820__0004.png::boost_e,scene15,off,D3b,18,D,3b,0.629563,-12.6937,-3.4861,58.1207,9.9583,0
resnet50,43,resnet50_s43,OFF,off/scene15/L0__s20260820__0005.png::boost_e,scene15,off,C3b,17,C,3b,0.719513,-5.4058,-7.3396,62.3314,9.8366,0
resnet50,43,resnet50_s43,OFF,off/scene15/L0__s20260820__0005.png::boost_e,scene15,off,D3b,18,D,3b,0.707565,-5.4058,-7.3396,62.3314,9.8366,0
resnet50,43,resnet50_s43,OFF,off/scene15/L0__s20260820__0006.png::boost_e,scene15,off,B3b,16,B,3b,0.610752,-5.1828,6.8137,59.5209,6.9519,0
resnet50,43,resnet50_s43,OFF,off/scene15/L0__s20260820__0006.png::boost_e,scene15,off,C3b,17,C,3b,0.867043,-5.1828,6.8137,59.5209,6.9519,0
resnet50,43,resnet50_s43,OFF,off/scene15/L0__s20260820__0006.png::boost_e,scene15,off,D3b,18,D,3b,0.830935,-5.1828,6.8137,59.5209,6.9519,0
resnet50,43,resnet50_s43,OFF,off/scene15/L0__s20260820__0007.png::boost_e,scene15,off,B3b,16,B,3b,0.583438,-9.4753,-12.4083,62.4936,8.3783,0
resnet50,43,resnet50_s43,OFF,off/scene15/L0__s20260820__0007.png::boost_e,scene15,off,C3b,17,C,3b,0.633087,-9.4753,-12.4083,62.4936,8.3783,0
resnet50,43,resnet50_s43,OFF,off/scene15/L4__s20260820__0000.png::boost_e,scene15,off,C3b,17,C,3b,0.528586,-13.637,-17.7914,62.7559,10.9914,0
resnet50,43,resnet50_s43,OFF,off/scene15/L4__s20260820__0000.png::boost_e,scene15,off,D3b,18,D,3b,0.546845,-13.637,-17.7914,62.7559,10.9914,0
resnet50,43,resnet50_s43,OFF,off/scene15/L4__s20260820__0001.png::boost_e,scene15,off,C3b,17,C,3b,0.727375,-6.8068,-11.8299,63.9125,9.9013,0
resnet50,43,resnet50_s43,OFF,off/scene15/L4__s20260820__0001.png::boost_e,scene15,off,D3b,18,D,3b,0.692731,-6.8068,-11.8299,63.9125,9.9013,0
resnet50,43,resnet50_s43,OFF,off/scene15/L4__s20260820__0002.png::boost_e,scene15,off,D3b,18,D,3b,0.60173,-8.6096,-4.0107,63.6728,6.6026,0
resnet50,43,resnet50_s43,OFF,off/scene15/L4__s20260820__0004.png::boost_e,scene15,off,D3b,18,D,3b,0.674277,-12.6937,-3.4861,58.1207,9.9583,0
resnet50,43,resnet50_s43,OFF,off/scene15/L4__s20260820__0005.png::boost_e,scene15,off,C3b,17,C,3b,0.502415,-5.4058,-7.3396,62.3314,9.8366,0
resnet50,43,resnet50_s43,OFF,off/scene15/L4__s20260820__0006.png::boost_e,scene15,off,C3b,17,C,3b,0.537151,-5.1828,6.8137,59.5209,6.9519,0
resnet50,43,resnet50_s43,OFF,off/scene15/L4__s20260820__0006.png::boost_e,scene15,off,D3b,18,D,3b,0.70005,-5.1828,6.8137,59.5209,6.9519,0
resnet50,43,resnet50_s43,OFF,off/scene15/L4__s20260820__0007.png::boost_e,scene15,off,C3b,17,C,3b,0.647965,-9.4753,-12.4083,62.4936,8.3783,0
resnet50,43,resnet50_s43,OFF,off/scene15/L4__s20260820__0007.png::boost_e,scene15,off,D3b,18,D,3b,0.53384,-9.4753,-12.4083,62.4936,8.3783,0
resnet50,43,resnet50_s43,OFF,off/scene15/L7__s20260820__0000.png::boost_e,scene15,off,C3b,17,C,3b,0.554756,-13.637,-17.7914,62.7559,10.9914,0
resnet50,43,resnet50_s43,OFF,off/scene15/L7__s20260820__0000.png::boost_e,scene15,off,D3b,18,D,3b,0.562576,-13.637,-17.7914,62.7559,10.9914,0
resnet50,43,resnet50_s43,OFF,off/scene15/L7__s20260820__0001.png::boost_e,scene15,off,C3b,17,C,3b,0.731041,-6.8068,-11.8299,63.9125,9.9013,0
resnet50,43,resnet50_s43,OFF,off/scene15/L7__s20260820__0001.png::boost_e,scene15,off,D3b,18,D,3b,0.642929,-6.8068,-11.8299,63.9125,9.9013,0
resnet50,43,resnet50_s43,OFF,off/scene15/L7__s20260820__0002.png::boost_e,scene15,off,C3b,17,C,3b,0.617144,-8.6096,-4.0107,63.6728,6.6026,0
resnet50,43,resnet50_s43,OFF,off/scene15/L7__s20260820__0002.png::boost_e,scene15,off,D3b,18,D,3b,0.660496,-8.6096,-4.0107,63.6728,6.6026,0
resnet50,43,resnet50_s43,OFF,off/scene15/L7__s20260820__0003.png::boost_e,scene15,off,D3b,18,D,3b,0.504782,-11.0902,-4.9586,63.1815,7.5147,0
resnet50,43,resnet50_s43,OFF,off/scene15/L7__s20260820__0004.png::boost_e,scene15,off,C3b,17,C,3b,0.527757,-12.6937,-3.4861,58.1207,9.9583,0
resnet50,43,resnet50_s43,OFF,off/scene15/L7__s20260820__0004.png::boost_e,scene15,off,D3b,18,D,3b,0.607177,-12.6937,-3.4861,58.1207,9.9583,0
resnet50,43,resnet50_s43,OFF,off/scene15/L7__s20260820__0005.png::boost_e,scene15,off,B3b,16,B,3b,0.695394,-5.4058,-7.3396,62.3314,9.8366,0
resnet50,43,resnet50_s43,OFF,off/scene15/L7__s20260820__0005.png::boost_e,scene15,off,C3b,17,C,3b,0.710909,-5.4058,-7.3396,62.3314,9.8366,0
resnet50,43,resnet50_s43,OFF,off/scene15/L7__s20260820__0005.png::boost_e,scene15,off,D3b,18,D,3b,0.525055,-5.4058,-7.3396,62.3314,9.8366,0
resnet50,43,resnet50_s43,OFF,off/scene15/L7__s20260820__0006.png::boost_e,scene15,off,C3b,17,C,3b,0.699305,-5.1828,6.8137,59.5209,6.9519,0
resnet50,43,resnet50_s43,OFF,off/scene15/L7__s20260820__0006.png::boost_e,scene15,off,D3b,18,D,3b,0.750434,-5.1828,6.8137,59.5209,6.9519,0
resnet50,43,resnet50_s43,OFF,off/scene15/L7__s20260820__0007.png::boost_e,scene15,off,C2,7,C,2,0.505203,-9.4753,-12.4083,62.4936,8.3783,0
resnet50,43,resnet50_s43,OFF,off/scene15/L7__s20260820__0007.png::boost_e,scene15,off,B3b,16,B,3b,0.627506,-9.4753,-12.4083,62.4936,8.3783,0
resnet50,43,resnet50_s43,OFF,off/scene15/L7__s20260820__0007.png::boost_e,scene15,off,C3b,17,C,3b,0.726266,-9.4753,-12.4083,62.4936,8.3783,0
resnet50,43,resnet50_s43,OFF,off/scene15/L7__s20260820__0007.png::boost_e,scene15,off,D3b,18,D,3b,0.511352,-9.4753,-12.4083,62.4936,8.3783,0
resnet50,43,resnet50_s43,OFF,off/scene05/L0__s20260821__0002.png::boost_e2,scene05,off,A3b,15,A,3b,0.646468,-15.7704,1.4372,61.5149,5.9617,0
resnet50,43,resnet50_s43,OFF,off/scene05/L0__s20260821__0002.png::boost_e2,scene05,off,B3b,16,B,3b,0.561745,-15.7704,1.4372,61.5149,5.9617,0
resnet50,43,resnet50_s43,OFF,off/scene05/L0__s20260821__0002.png::boost_e2,scene05,off,C3b,17,C,3b,0.777462,-15.7704,1.4372,61.5149,5.9617,0
resnet50,43,resnet50_s43,OFF,off/scene05/L0__s20260821__0002.png::boost_e2,scene05,off,D3b,18,D,3b,0.62948,-15.7704,1.4372,61.5149,5.9617,0
resnet50,43,resnet50_s43,OFF,off/scene05/L0__s20260821__0005.png::boost_e2,scene05,off,A3b,15,A,3b,0.625237,-4.1908,-7.725,63.2632,5.4495,0
resnet50,43,resnet50_s43,OFF,off/scene05/L0__s20260821__0005.png::boost_e2,scene05,off,B3b,16,B,3b,0.817371,-4.1908,-7.725,63.2632,5.4495,0
resnet50,43,resnet50_s43,OFF,off/scene05/L0__s20260821__0005.png::boost_e2,scene05,off,C3b,17,C,3b,0.900132,-4.1908,-7.725,63.2632,5.4495,0
resnet50,43,resnet50_s43,OFF,off/scene05/L0__s20260821__0005.png::boost_e2,scene05,off,D3b,18,D,3b,0.573317,-4.1908,-7.725,63.2632,5.4495,0
resnet50,43,resnet50_s43,OFF,off/scene05/L5__s20260821__0000.png::boost_e2,scene05,off,B3b,16,B,3b,0.533232,-9.2269,3.34,61.3567,7.9689,0
resnet50,43,resnet50_s43,OFF,off/scene05/L5__s20260821__0000.png::boost_e2,scene05,off,C3b,17,C,3b,0.694368,-9.2269,3.34,61.3567,7.9689,0
resnet50,43,resnet50_s43,OFF,off/scene05/L5__s20260821__0002.png::boost_e2,scene05,off,B3b,16,B,3b,0.555797,-15.7704,1.4372,61.5149,5.9617,0
resnet50,43,resnet50_s43,OFF,off/scene05/L5__s20260821__0002.png::boost_e2,scene05,off,C3b,17,C,3b,0.840838,-15.7704,1.4372,61.5149,5.9617,0
resnet50,43,resnet50_s43,OFF,off/scene05/L5__s20260821__0002.png::boost_e2,scene05,off,D3b,18,D,3b,0.853082,-15.7704,1.4372,61.5149,5.9617,0
resnet50,43,resnet50_s43,OFF,off/scene05/L5__s20260821__0004.png::boost_e2,scene05,off,C3b,17,C,3b,0.530937,-5.7278,-7.1228,63.154,4.5329,0
resnet50,43,resnet50_s43,OFF,off/scene05/L5__s20260821__0005.png::boost_e2,scene05,off,C3b,17,C,3b,0.537879,-4.1908,-7.725,63.2632,5.4495,0
resnet50,43,resnet50_s43,OFF,off/scene05/L7__s20260821__0002.png::boost_e2,scene05,off,C3b,17,C,3b,0.500354,-15.7704,1.4372,61.5149,5.9617,0
resnet50,43,resnet50_s43,OFF,off/scene05/L7__s20260821__0002.png::boost_e2,scene05,off,D3b,18,D,3b,0.511806,-15.7704,1.4372,61.5149,5.9617,0
resnet50,43,resnet50_s43,OFF,off/scene05/L7__s20260821__0005.png::boost_e2,scene05,off,B3b,16,B,3b,0.52883,-4.1908,-7.725,63.2632,5.4495,0
resnet50,43,resnet50_s43,OFF,off/scene05/L7__s20260821__0005.png::boost_e2,scene05,off,C3b,17,C,3b,0.684033,-4.1908,-7.725,63.2632,5.4495,0
resnet50,43,resnet50_s43,OFF,off/scene07/L0__s20260821__0000.png::boost_e2,scene07,off,C3b,17,C,3b,0.772985,-9.0864,4.975,60.5839,4.6498,0
resnet50,43,resnet50_s43,OFF,off/scene07/L0__s20260821__0000.png::boost_e2,scene07,off,D3b,18,D,3b,0.704421,-9.0864,4.975,60.5839,4.6498,0
resnet50,43,resnet50_s43,OFF,off/scene07/L0__s20260821__0001.png::boost_e2,scene07,off,A3b,15,A,3b,0.551119,-8.6491,14.3681,62.653,6.526,0
resnet50,43,resnet50_s43,OFF,off/scene07/L0__s20260821__0001.png::boost_e2,scene07,off,B3b,16,B,3b,0.583609,-8.6491,14.3681,62.653,6.526,0
resnet50,43,resnet50_s43,OFF,off/scene07/L0__s20260821__0001.png::boost_e2,scene07,off,C3b,17,C,3b,0.867344,-8.6491,14.3681,62.653,6.526,0
resnet50,43,resnet50_s43,OFF,off/scene07/L0__s20260821__0001.png::boost_e2,scene07,off,D3b,18,D,3b,0.801283,-8.6491,14.3681,62.653,6.526,0
resnet50,43,resnet50_s43,OFF,off/scene07/L0__s20260821__0001.png::boost_e2,scene07,off,E3b,19,E,3b,0.510049,-8.6491,14.3681,62.653,6.526,0
resnet50,43,resnet50_s43,OFF,off/scene07/L0__s20260821__0002.png::boost_e2,scene07,off,C3b,17,C,3b,0.514614,-11.7553,7.174,61.7523,8.5736,0
resnet50,43,resnet50_s43,OFF,off/scene07/L0__s20260821__0002.png::boost_e2,scene07,off,D3b,18,D,3b,0.526165,-11.7553,7.174,61.7523,8.5736,0
resnet50,43,resnet50_s43,OFF,off/scene07/L0__s20260821__0003.png::boost_e2,scene07,off,C3b,17,C,3b,0.614244,-11.0113,-0.6132,62.5016,7.1387,0
resnet50,43,resnet50_s43,OFF,off/scene07/L0__s20260821__0003.png::boost_e2,scene07,off,D3b,18,D,3b,0.559271,-11.0113,-0.6132,62.5016,7.1387,0
resnet50,43,resnet50_s43,ON_NEG,on/scene05/L0__s20260819__0001.png,scene05,V,B3a,11,B,3a,0.574612,-15.173,12.161,60.0807,9.829,0
resnet50,43,resnet50_s43,ON_NEG,on/scene05/L0__s20260819__0001.png,scene05,V,C3a,12,C,3a,0.723725,-15.173,12.161,60.0807,9.829,0
resnet50,43,resnet50_s43,ON_NEG,on/scene05/L0__s20260819__0001.png,scene05,V,D3a,13,D,3a,0.567008,-15.173,12.161,60.0807,9.829,0
resnet50,43,resnet50_s43,ON_NEG,on/scene05/L0__s20260819__0001.png,scene05,V,A3b,15,A,3b,0.579542,-15.173,12.161,60.0807,9.829,0
resnet50,43,resnet50_s43,ON_NEG,on/scene05/L5__s20260819__0001.png,scene05,V,B3a,11,B,3a,0.506331,-15.173,12.161,60.0807,9.829,0
resnet50,43,resnet50_s43,ON_NEG,on/scene05/L5__s20260819__0001.png,scene05,V,C3a,12,C,3a,0.548155,-15.173,12.161,60.0807,9.829,0
resnet50,43,resnet50_s43,ON_NEG,on/scene05/L5__s20260819__0002.png,scene05,V,B3a,11,B,3a,0.812554,-10.3814,-5.3811,61.849,10.1547,0
resnet50,43,resnet50_s43,ON_NEG,on/scene05/L5__s20260819__0002.png,scene05,V,C3a,12,C,3a,0.603211,-10.3814,-5.3811,61.849,10.1547,0
resnet50,43,resnet50_s43,ON_NEG,on/scene07/L0__s20260819__0001.png,scene07,none_in_fov,B3a,11,B,3a,0.576748,-12.4971,7.4345,61.4783,11.6559,0
resnet50,43,resnet50_s43,ON_NEG,on/scene07/L0__s20260819__0001.png,scene07,none_in_fov,C3a,12,C,3a,0.70333,-12.4971,7.4345,61.4783,11.6559,0
resnet50,43,resnet50_s43,ON_NEG,on/scene07/L0__s20260819__0001.png,scene07,none_in_fov,D3a,13,D,3a,0.621144,-12.4971,7.4345,61.4783,11.6559,0
resnet50,43,resnet50_s43,ON_NEG,on/scene07/L0__s20260819__0001.png,scene07,none_in_fov,A3b,15,A,3b,0.580477,-12.4971,7.4345,61.4783,11.6559,0
resnet50,43,resnet50_s43,ON_NEG,on/scene07/L0__s20260819__0001.png,scene07,none_in_fov,B3b,16,B,3b,0.970691,-12.4971,7.4345,61.4783,11.6559,0
resnet50,43,resnet50_s43,ON_NEG,on/scene07/L0__s20260819__0001.png,scene07,none_in_fov,C3b,17,C,3b,0.998083,-12.4971,7.4345,61.4783,11.6559,0
resnet50,43,resnet50_s43,ON_NEG,on/scene07/L0__s20260819__0001.png,scene07,none_in_fov,D3b,18,D,3b,0.989636,-12.4971,7.4345,61.4783,11.6559,0
resnet50,43,resnet50_s43,ON_NEG,on/scene07/L0__s20260819__0001.png,scene07,none_in_fov,E3b,19,E,3b,0.641864,-12.4971,7.4345,61.4783,11.6559,0
resnet50,43,resnet50_s43,ON_NEG,on/scene07/L0__s20260819__0002.png,scene07,V,A3a,10,A,3a,0.550582,-7.922,-1.0116,61.5513,7.0947,0
resnet50,43,resnet50_s43,ON_NEG,on/scene07/L0__s20260819__0002.png,scene07,V,B3a,11,B,3a,0.675653,-7.922,-1.0116,61.5513,7.0947,0
resnet50,43,resnet50_s43,ON_NEG,on/scene07/L0__s20260819__0002.png,scene07,V,C3a,12,C,3a,0.73266,-7.922,-1.0116,61.5513,7.0947,0
resnet50,43,resnet50_s43,ON_NEG,on/scene07/L0__s20260819__0002.png,scene07,V,D3a,13,D,3a,0.506054,-7.922,-1.0116,61.5513,7.0947,0
resnet50,43,resnet50_s43,ON_NEG,on/scene07/L0__s20260819__0003.png,scene07,V,D3b,18,D,3b,0.923301,-9.8928,4.8712,61.7741,2.4361,0
resnet50,43,resnet50_s43,ON_NEG,on/scene07/L0__s20260819__0003.png,scene07,V,E3b,19,E,3b,0.601563,-9.8928,4.8712,61.7741,2.4361,0
resnet50,43,resnet50_s43,ON_NEG,on/scene07/L0__s20260819__0004.png,scene07,V,C3a,12,C,3a,0.630981,-12.8155,-12.0811,63.2809,3.8019,0
resnet50,43,resnet50_s43,ON_NEG,on/scene07/L0__s20260819__0004.png,scene07,V,C3b,17,C,3b,0.948325,-12.8155,-12.0811,63.2809,3.8019,0
resnet50,43,resnet50_s43,ON_NEG,on/scene07/L0__s20260819__0005.png,scene07,V,A3b,15,A,3b,0.951017,-9.3221,15.6943,62.9084,4.5788,0
resnet50,43,resnet50_s43,ON_NEG,on/scene07/L0__s20260819__0005.png,scene07,V,E3b,19,E,3b,0.871081,-9.3221,15.6943,62.9084,4.5788,0
resnet50,43,resnet50_s43,ON_NEG,on/scene07/L0__s20260819__0006.png,scene07,V,D3b,18,D,3b,0.703908,-3.7993,3.5452,60.5677,1.5559,0
resnet50,43,resnet50_s43,ON_NEG,on/scene07/L5__s20260819__0001.png,scene07,none_in_fov,C3a,12,C,3a,0.599303,-12.4971,7.4345,61.4783,11.6559,0
resnet50,43,resnet50_s43,ON_NEG,on/scene07/L5__s20260819__0001.png,scene07,none_in_fov,D3a,13,D,3a,0.547501,-12.4971,7.4345,61.4783,11.6559,0
resnet50,43,resnet50_s43,ON_NEG,on/scene07/L5__s20260819__0001.png,scene07,none_in_fov,B3b,16,B,3b,0.880873,-12.4971,7.4345,61.4783,11.6559,0
resnet50,43,resnet50_s43,ON_NEG,on/scene07/L5__s20260819__0001.png,scene07,none_in_fov,C3b,17,C,3b,0.984313,-12.4971,7.4345,61.4783,11.6559,0
resnet50,43,resnet50_s43,ON_NEG,on/scene07/L5__s20260819__0001.png,scene07,none_in_fov,D3b,18,D,3b,0.959133,-12.4971,7.4345,61.4783,11.6559,0
resnet50,43,resnet50_s43,ON_NEG,on/scene07/L5__s20260819__0002.png,scene07,V,C3a,12,C,3a,0.845413,-7.922,-1.0116,61.5513,7.0947,0
resnet50,43,resnet50_s43,ON_NEG,on/scene07/L5__s20260819__0003.png,scene07,V,D3b,18,D,3b,0.727937,-9.8928,4.8712,61.7741,2.4361,0
resnet50,43,resnet50_s43,ON_NEG,on/scene07/L5__s20260819__0004.png,scene07,V,C3b,17,C,3b,0.634043,-12.8155,-12.0811,63.2809,3.8019,0
resnet50,43,resnet50_s43,ON_NEG,on/scene07/L5__s20260819__0005.png,scene07,V,A3b,15,A,3b,0.561716,-9.3221,15.6943,62.9084,4.5788,0
resnet50,43,resnet50_s43,ON_NEG,on/scene07/L5__s20260819__0006.png,scene07,V,D3b,18,D,3b,0.876257,-3.7993,3.5452,60.5677,1.5559,0
resnet50,43,resnet50_s43,ON_NEG,on/scene07/L5__s20260819__0007.png,scene07,V,C3b,17,C,3b,0.543232,-9.7299,-3.7756,59.9335,3.9995,0
resnet50,43,resnet50_s43,ON_NEG,on/scene07/L7__s20260819__0001.png,scene07,none_in_fov,C3a,12,C,3a,0.524482,-12.4971,7.4345,61.4783,11.6559,0
resnet50,43,resnet50_s43,ON_NEG,on/scene07/L7__s20260819__0001.png,scene07,none_in_fov,D3a,13,D,3a,0.512843,-12.4971,7.4345,61.4783,11.6559,0
resnet50,43,resnet50_s43,ON_NEG,on/scene07/L7__s20260819__0001.png,scene07,none_in_fov,B3b,16,B,3b,0.884412,-12.4971,7.4345,61.4783,11.6559,0
resnet50,43,resnet50_s43,ON_NEG,on/scene07/L7__s20260819__0001.png,scene07,none_in_fov,C3b,17,C,3b,0.992412,-12.4971,7.4345,61.4783,11.6559,0
resnet50,43,resnet50_s43,ON_NEG,on/scene07/L7__s20260819__0001.png,scene07,none_in_fov,D3b,18,D,3b,0.974171,-12.4971,7.4345,61.4783,11.6559,0
resnet50,43,resnet50_s43,ON_NEG,on/scene07/L7__s20260819__0003.png,scene07,V,D3b,18,D,3b,0.920702,-9.8928,4.8712,61.7741,2.4361,0
resnet50,43,resnet50_s43,ON_NEG,on/scene07/L7__s20260819__0003.png,scene07,V,E3b,19,E,3b,0.671538,-9.8928,4.8712,61.7741,2.4361,0
resnet50,43,resnet50_s43,ON_NEG,on/scene07/L7__s20260819__0005.png,scene07,V,A3b,15,A,3b,0.527871,-9.3221,15.6943,62.9084,4.5788,0
resnet50,43,resnet50_s43,ON_NEG,on/scene07/L7__s20260819__0006.png,scene07,V,D3b,18,D,3b,0.679699,-3.7993,3.5452,60.5677,1.5559,0
resnet50,43,resnet50_s43,ON_NEG,on/scene15/L0__s20260819__0000.png,scene15,H,B3b,16,B,3b,0.644425,-6.6317,-4.2143,61.8616,9.9031,0
resnet50,43,resnet50_s43,ON_NEG,on/scene15/L0__s20260819__0000.png,scene15,H,D3b,18,D,3b,0.87745,-6.6317,-4.2143,61.8616,9.9031,0
resnet50,43,resnet50_s43,ON_NEG,on/scene15/L0__s20260819__0001.png,scene15,V,D3b,18,D,3b,0.937094,-7.5218,-9.2458,61.8359,1.858,0
resnet50,43,resnet50_s43,ON_NEG,on/scene15/L0__s20260819__0002.png,scene15,V,B3b,16,B,3b,0.607368,-8.4908,3.1991,65.8023,4.6673,0
resnet50,43,resnet50_s43,ON_NEG,on/scene15/L0__s20260819__0003.png,scene15,V,B3b,16,B,3b,0.584265,-13.9162,-3.4361,63.7846,1.3693,0
resnet50,43,resnet50_s43,ON_NEG,on/scene15/L0__s20260819__0003.png,scene15,V,D3b,18,D,3b,0.845783,-13.9162,-3.4361,63.7846,1.3693,0
resnet50,43,resnet50_s43,ON_NEG,on/scene15/L0__s20260819__0005.png,scene15,V,B3b,16,B,3b,0.839936,-12.9205,6.4099,63.9932,3.0224,0
resnet50,43,resnet50_s43,ON_NEG,on/scene15/L0__s20260819__0006.png,scene15,V,C3b,17,C,3b,0.991466,-9.1914,-18.2162,60.3765,2.2421,0
resnet50,43,resnet50_s43,ON_NEG,on/scene15/L0__s20260819__0006.png,scene15,V,D3b,18,D,3b,0.872,-9.1914,-18.2162,60.3765,2.2421,0
resnet50,43,resnet50_s43,ON_NEG,on/scene15/L0__s20260819__0007.png,scene15,V,B3b,16,B,3b,0.500906,-15.2404,1.5985,63.4015,5.1525,0
resnet50,43,resnet50_s43,ON_NEG,on/scene15/L0__s20260819__0007.png,scene15,V,D3b,18,D,3b,0.688522,-15.2404,1.5985,63.4015,5.1525,0
resnet50,43,resnet50_s43,ON_NEG,on/scene15/L4__s20260819__0000.png,scene15,H,D3b,18,D,3b,0.672346,-6.6317,-4.2143,61.8616,9.9031,0
resnet50,43,resnet50_s43,ON_NEG,on/scene15/L4__s20260819__0001.png,scene15,V,D3b,18,D,3b,0.893501,-7.5218,-9.2458,61.8359,1.858,0
resnet50,43,resnet50_s43,ON_NEG,on/scene15/L4__s20260819__0003.png,scene15,V,B3b,16,B,3b,0.68043,-13.9162,-3.4361,63.7846,1.3693,0
resnet50,43,resnet50_s43,ON_NEG,on/scene15/L4__s20260819__0003.png,scene15,V,D3b,18,D,3b,0.858723,-13.9162,-3.4361,63.7846,1.3693,0
resnet50,43,resnet50_s43,ON_NEG,on/scene15/L4__s20260819__0005.png,scene15,V,B3b,16,B,3b,0.66632,-12.9205,6.4099,63.9932,3.0224,0
resnet50,43,resnet50_s43,ON_NEG,on/scene15/L4__s20260819__0006.png,scene15,V,C3b,17,C,3b,0.986134,-9.1914,-18.2162,60.3765,2.2421,0
resnet50,43,resnet50_s43,ON_NEG,on/scene15/L4__s20260819__0006.png,scene15,V,D3b,18,D,3b,0.94175,-9.1914,-18.2162,60.3765,2.2421,0
resnet50,43,resnet50_s43,ON_NEG,on/scene15/L4__s20260819__0007.png,scene15,V,B3b,16,B,3b,0.514541,-15.2404,1.5985,63.4015,5.1525,0
resnet50,43,resnet50_s43,ON_NEG,on/scene15/L4__s20260819__0007.png,scene15,V,D3b,18,D,3b,0.838677,-15.2404,1.5985,63.4015,5.1525,0
resnet50,43,resnet50_s43,ON_NEG,on/scene15/L7__s20260819__0000.png,scene15,H,D3b,18,D,3b,0.710826,-6.6317,-4.2143,61.8616,9.9031,0
resnet50,43,resnet50_s43,ON_NEG,on/scene15/L7__s20260819__0001.png,scene15,V,D3b,18,D,3b,0.919819,-7.5218,-9.2458,61.8359,1.858,0
resnet50,43,resnet50_s43,ON_NEG,on/scene15/L7__s20260819__0002.png,scene15,V,B3b,16,B,3b,0.543832,-8.4908,3.1991,65.8023,4.6673,0
resnet50,43,resnet50_s43,ON_NEG,on/scene15/L7__s20260819__0002.png,scene15,V,E3b,19,E,3b,0.516382,-8.4908,3.1991,65.8023,4.6673,0
resnet50,43,resnet50_s43,ON_NEG,on/scene15/L7__s20260819__0003.png,scene15,V,B3b,16,B,3b,0.8482,-13.9162,-3.4361,63.7846,1.3693,0
resnet50,43,resnet50_s43,ON_NEG,on/scene15/L7__s20260819__0003.png,scene15,V,D3b,18,D,3b,0.808321,-13.9162,-3.4361,63.7846,1.3693,0
resnet50,43,resnet50_s43,ON_NEG,on/scene15/L7__s20260819__0004.png,scene15,V,B3b,16,B,3b,0.686289,-11.0394,5.5473,63.0915,5.5065,0
resnet50,43,resnet50_s43,ON_NEG,on/scene15/L7__s20260819__0005.png,scene15,V,B3b,16,B,3b,0.892261,-12.9205,6.4099,63.9932,3.0224,0
resnet50,43,resnet50_s43,ON_NEG,on/scene15/L7__s20260819__0006.png,scene15,V,C3b,17,C,3b,0.982401,-9.1914,-18.2162,60.3765,2.2421,0
resnet50,43,resnet50_s43,ON_NEG,on/scene15/L7__s20260819__0006.png,scene15,V,D3b,18,D,3b,0.897424,-9.1914,-18.2162,60.3765,2.2421,0
resnet50,43,resnet50_s43,ON_NEG,on/scene15/L7__s20260819__0007.png,scene15,V,A3b,15,A,3b,0.502609,-15.2404,1.5985,63.4015,5.1525,0
resnet50,43,resnet50_s43,ON_NEG,on/scene15/L7__s20260819__0007.png,scene15,V,B3b,16,B,3b,0.746162,-15.2404,1.5985,63.4015,5.1525,0
resnet50,43,resnet50_s43,ON_NEG,on/scene15/L7__s20260819__0007.png,scene15,V,D3b,18,D,3b,0.777404,-15.2404,1.5985,63.4015,5.1525,0
resnet50,43,resnet50_s43,ON_NEG,on/sceneC2/L2__s20260819__0000.png,sceneC2,V,D2,8,D,2,0.714302,-3.8125,-12.3059,62.9162,2.4832,0
resnet50,43,resnet50_s43,ON_NEG,on/sceneC2/L2__s20260819__0000.png,sceneC2,V,E2,9,E,2,0.581361,-3.8125,-12.3059,62.9162,2.4832,0
resnet50,43,resnet50_s43,ON_NEG,on/sceneC2/L2__s20260819__0000.png,sceneC2,V,E3a,14,E,3a,0.835866,-3.8125,-12.3059,62.9162,2.4832,0
resnet50,43,resnet50_s43,ON_NEG,on/sceneC2/L2__s20260819__0001.png,sceneC2,V,C2,7,C,2,0.538014,-13.4518,-13.0389,63.5306,6.8638,0
resnet50,43,resnet50_s43,ON_NEG,on/sceneC2/L2__s20260819__0001.png,sceneC2,V,D2,8,D,2,0.537658,-13.4518,-13.0389,63.5306,6.8638,0
resnet50,43,resnet50_s43,ON_NEG,on/sceneC2/L2__s20260819__0001.png,sceneC2,V,D3b,18,D,3b,0.744714,-13.4518,-13.0389,63.5306,6.8638,0
resnet50,43,resnet50_s43,ON_NEG,on/sceneC2/L2__s20260819__0002.png,sceneC2,V,B3a,11,B,3a,0.565113,-11.6494,-2.9872,60.6739,8.321,0
resnet50,43,resnet50_s43,ON_NEG,on/sceneC2/L2__s20260819__0002.png,sceneC2,V,C3a,12,C,3a,0.595617,-11.6494,-2.9872,60.6739,8.321,0
resnet50,43,resnet50_s43,ON_NEG,on/sceneC2/L2__s20260819__0002.png,sceneC2,V,A3b,15,A,3b,0.646293,-11.6494,-2.9872,60.6739,8.321,0
resnet50,43,resnet50_s43,ON_NEG,on/sceneC2/L2__s20260819__0002.png,sceneC2,V,D3b,18,D,3b,0.851929,-11.6494,-2.9872,60.6739,8.321,0
resnet50,43,resnet50_s43,ON_NEG,on/sceneC2/L2__s20260819__0002.png,sceneC2,V,E3b,19,E,3b,0.520118,-11.6494,-2.9872,60.6739,8.321,0
resnet50,43,resnet50_s43,ON_NEG,on/sceneC2/L2__s20260819__0006.png,sceneC2,V,B2,6,B,2,0.566379,-11.6055,-2.8331,61.0412,4.3157,0
resnet50,43,resnet50_s43,ON_NEG,on/sceneC2/L2__s20260819__0006.png,sceneC2,V,C2,7,C,2,0.583534,-11.6055,-2.8331,61.0412,4.3157,0
resnet50,43,resnet50_s43,ON_NEG,on/sceneC2/L2__s20260819__0006.png,sceneC2,V,D2,8,D,2,0.623426,-11.6055,-2.8331,61.0412,4.3157,0
resnet50,43,resnet50_s43,ON_NEG,on/sceneC2/L3__s20260819__0001.png,sceneC2,V,C2,7,C,2,0.53367,-13.4518,-13.0389,63.5306,6.8638,0
resnet50,43,resnet50_s43,ON_NEG,on/sceneC2/L3__s20260819__0001.png,sceneC2,V,D2,8,D,2,0.53318,-13.4518,-13.0389,63.5306,6.8638,0
resnet50,43,resnet50_s43,ON_NEG,on/sceneC2/L3__s20260819__0001.png,sceneC2,V,D3b,18,D,3b,0.763906,-13.4518,-13.0389,63.5306,6.8638,0
resnet50,43,resnet50_s43,ON_NEG,on/sceneC2/L3__s20260819__0002.png,sceneC2,V,A3b,15,A,3b,0.558436,-11.6494,-2.9872,60.6739,8.321,0
resnet50,43,resnet50_s43,ON_NEG,on/sceneC2/L3__s20260819__0002.png,sceneC2,V,D3b,18,D,3b,0.841119,-11.6494,-2.9872,60.6739,8.321,0
resnet50,43,resnet50_s43,ON_NEG,on/sceneC2/L3__s20260819__0005.png,sceneC2,V,D2,8,D,2,0.517271,-13.9053,-4.7076,63.4803,4.5522,0
resnet50,43,resnet50_s43,ON_NEG,on/sceneC2/L3__s20260819__0005.png,sceneC2,V,E2,9,E,2,0.506016,-13.9053,-4.7076,63.4803,4.5522,0
resnet50,43,resnet50_s43,ON_NEG,on/sceneC2/L7__s20260819__0001.png,sceneC2,V,C2,7,C,2,0.534183,-13.4518,-13.0389,63.5306,6.8638,0
resnet50,43,resnet50_s43,ON_NEG,on/sceneC2/L7__s20260819__0001.png,sceneC2,V,D2,8,D,2,0.539859,-13.4518,-13.0389,63.5306,6.8638,0
resnet50,43,resnet50_s43,ON_NEG,on/sceneC2/L7__s20260819__0001.png,sceneC2,V,D3b,18,D,3b,0.753653,-13.4518,-13.0389,63.5306,6.8638,0
resnet50,43,resnet50_s43,ON_NEG,on/sceneC2/L7__s20260819__0002.png,sceneC2,V,B3a,11,B,3a,0.523982,-11.6494,-2.9872,60.6739,8.321,0
resnet50,43,resnet50_s43,ON_NEG,on/sceneC2/L7__s20260819__0002.png,sceneC2,V,C3a,12,C,3a,0.569217,-11.6494,-2.9872,60.6739,8.321,0
resnet50,43,resnet50_s43,ON_NEG,on/sceneC2/L7__s20260819__0002.png,sceneC2,V,D3b,18,D,3b,0.848465,-11.6494,-2.9872,60.6739,8.321,0
resnet50,43,resnet50_s43,ON_NEG,on/sceneC2/L7__s20260819__0004.png,sceneC2,V,A2,5,A,2,0.539614,-13.5389,11.6475,61.7574,2.2154,0
resnet50,43,resnet50_s43,ON_NEG,on/sceneC2/L7__s20260819__0005.png,sceneC2,V,B2,6,B,2,0.575761,-13.9053,-4.7076,63.4803,4.5522,0
resnet50,43,resnet50_s43,ON_NEG,on/sceneC2/L7__s20260819__0005.png,sceneC2,V,C2,7,C,2,0.578789,-13.9053,-4.7076,63.4803,4.5522,0
resnet50,43,resnet50_s43,ON_NEG,on/sceneC2/L7__s20260819__0005.png,sceneC2,V,D2,8,D,2,0.618062,-13.9053,-4.7076,63.4803,4.5522,0
resnet50,43,resnet50_s43,ON_NEG,on/sceneC2/L7__s20260819__0005.png,sceneC2,V,E2,9,E,2,0.568278,-13.9053,-4.7076,63.4803,4.5522,0
resnet50,43,resnet50_s43,ON_NEG,on/sceneC2/L7__s20260819__0006.png,sceneC2,V,C2,7,C,2,0.502225,-11.6055,-2.8331,61.0412,4.3157,0
resnet50,43,resnet50_s43,ON_NEG,on/sceneC2/L7__s20260819__0006.png,sceneC2,V,D2,8,D,2,0.530439,-11.6055,-2.8331,61.0412,4.3157,0
resnet50,43,resnet50_s43,ON_NEG,on/sceneN3/L0__s20260819__0000.png,sceneN3,none_in_fov,B3a,11,B,3a,0.573693,-16.2467,-6.5053,60.6518,9.1828,0
resnet50,43,resnet50_s43,ON_NEG,on/sceneN3/L0__s20260819__0000.png,sceneN3,none_in_fov,C3a,12,C,3a,0.749433,-16.2467,-6.5053,60.6518,9.1828,0
resnet50,43,resnet50_s43,ON_NEG,on/sceneN3/L0__s20260819__0001.png,sceneN3,none_in_fov,B3a,11,B,3a,0.686139,-12.6534,1.5439,61.04,5.2884,0
resnet50,43,resnet50_s43,ON_NEG,on/sceneN3/L0__s20260819__0001.png,sceneN3,none_in_fov,C3a,12,C,3a,0.688744,-12.6534,1.5439,61.04,5.2884,0
resnet50,43,resnet50_s43,ON_NEG,on/sceneN3/L0__s20260819__0002.png,sceneN3,none_in_fov,B3a,11,B,3a,0.773878,-13.1516,1.5693,63.1068,1.7608,0
resnet50,43,resnet50_s43,ON_NEG,on/sceneN3/L0__s20260819__0002.png,sceneN3,none_in_fov,B3b,16,B,3b,0.767682,-13.1516,1.5693,63.1068,1.7608,0
resnet50,43,resnet50_s43,ON_NEG,on/sceneN3/L0__s20260819__0002.png,sceneN3,none_in_fov,C3b,17,C,3b,0.857122,-13.1516,1.5693,63.1068,1.7608,0
resnet50,43,resnet50_s43,ON_NEG,on/sceneN3/L0__s20260819__0003.png,sceneN3,none_in_fov,B3a,11,B,3a,0.562285,-9.3231,5.7221,62.1685,8.3724,0
resnet50,43,resnet50_s43,ON_NEG,on/sceneN3/L0__s20260819__0003.png,sceneN3,none_in_fov,C3a,12,C,3a,0.660283,-9.3231,5.7221,62.1685,8.3724,0
resnet50,43,resnet50_s43,ON_NEG,on/sceneN3/L0__s20260819__0003.png,sceneN3,none_in_fov,C3b,17,C,3b,0.598836,-9.3231,5.7221,62.1685,8.3724,0
resnet50,43,resnet50_s43,ON_NEG,on/sceneN3/L0__s20260819__0004.png,sceneN3,none_in_fov,B3a,11,B,3a,0.590263,-7.3546,-7.2186,63.4074,8.0992,0
resnet50,43,resnet50_s43,ON_NEG,on/sceneN3/L0__s20260819__0004.png,sceneN3,none_in_fov,C3a,12,C,3a,0.724111,-7.3546,-7.2186,63.4074,8.0992,0
resnet50,43,resnet50_s43,ON_NEG,on/sceneN3/L0__s20260819__0005.png,sceneN3,none_in_fov,B3a,11,B,3a,0.965648,-12.2129,-14.4798,63.1796,2.2677,0
resnet50,43,resnet50_s43,ON_NEG,on/sceneN3/L0__s20260819__0005.png,sceneN3,none_in_fov,C3a,12,C,3a,0.841534,-12.2129,-14.4798,63.1796,2.2677,0
resnet50,43,resnet50_s43,ON_NEG,on/sceneN3/L0__s20260819__0005.png,sceneN3,none_in_fov,B3b,16,B,3b,0.948871,-12.2129,-14.4798,63.1796,2.2677,0
resnet50,43,resnet50_s43,ON_NEG,on/sceneN3/L0__s20260819__0005.png,sceneN3,none_in_fov,C3b,17,C,3b,0.964519,-12.2129,-14.4798,63.1796,2.2677,0
resnet50,43,resnet50_s43,ON_NEG,on/sceneN3/L0__s20260819__0006.png,sceneN3,none_in_fov,B3a,11,B,3a,0.568134,-7.7849,2.4667,60.503,4.7311,0
resnet50,43,resnet50_s43,ON_NEG,on/sceneN3/L0__s20260819__0006.png,sceneN3,none_in_fov,C3a,12,C,3a,0.52247,-7.7849,2.4667,60.503,4.7311,0
resnet50,43,resnet50_s43,ON_NEG,on/sceneN3/L0__s20260819__0006.png,sceneN3,none_in_fov,B3b,16,B,3b,0.705391,-7.7849,2.4667,60.503,4.7311,0
resnet50,43,resnet50_s43,ON_NEG,on/sceneN3/L0__s20260819__0006.png,sceneN3,none_in_fov,C3b,17,C,3b,0.855051,-7.7849,2.4667,60.503,4.7311,0
resnet50,43,resnet50_s43,ON_NEG,on/sceneN3/L0__s20260819__0007.png,sceneN3,none_in_fov,C2,7,C,2,0.515728,-12.6477,6.8749,62.3125,1.3919,0
resnet50,43,resnet50_s43,ON_NEG,on/sceneN3/L0__s20260819__0007.png,sceneN3,none_in_fov,D2,8,D,2,0.593594,-12.6477,6.8749,62.3125,1.3919,0
resnet50,43,resnet50_s43,ON_NEG,on/sceneN3/L0__s20260819__0007.png,sceneN3,none_in_fov,B3a,11,B,3a,0.727532,-12.6477,6.8749,62.3125,1.3919,0
resnet50,43,resnet50_s43,ON_NEG,on/sceneN3/L0__s20260819__0007.png,sceneN3,none_in_fov,C3a,12,C,3a,0.675561,-12.6477,6.8749,62.3125,1.3919,0
resnet50,43,resnet50_s43,ON_NEG,on/sceneN3/L0__s20260819__0007.png,sceneN3,none_in_fov,B3b,16,B,3b,0.789733,-12.6477,6.8749,62.3125,1.3919,0
resnet50,43,resnet50_s43,ON_NEG,on/sceneN3/L0__s20260819__0007.png,sceneN3,none_in_fov,C3b,17,C,3b,0.937268,-12.6477,6.8749,62.3125,1.3919,0
resnet50,43,resnet50_s43,ON_NEG,on/sceneN3/L0__s20260819__0007.png,sceneN3,none_in_fov,D3b,18,D,3b,0.672219,-12.6477,6.8749,62.3125,1.3919,0
resnet50,43,resnet50_s43,ON_NEG,on/sceneN3/L5__s20260819__0001.png,sceneN3,none_in_fov,C3b,17,C,3b,0.599652,-12.6534,1.5439,61.04,5.2884,0
resnet50,43,resnet50_s43,ON_NEG,on/sceneN3/L5__s20260819__0002.png,sceneN3,none_in_fov,B3a,11,B,3a,0.694246,-13.1516,1.5693,63.1068,1.7608,0
resnet50,43,resnet50_s43,ON_NEG,on/sceneN3/L5__s20260819__0002.png,sceneN3,none_in_fov,C3a,12,C,3a,0.508783,-13.1516,1.5693,63.1068,1.7608,0
resnet50,43,resnet50_s43,ON_NEG,on/sceneN3/L5__s20260819__0002.png,sceneN3,none_in_fov,B3b,16,B,3b,0.836227,-13.1516,1.5693,63.1068,1.7608,0
resnet50,43,resnet50_s43,ON_NEG,on/sceneN3/L5__s20260819__0002.png,sceneN3,none_in_fov,C3b,17,C,3b,0.925924,-13.1516,1.5693,63.1068,1.7608,0
resnet50,43,resnet50_s43,ON_NEG,on/sceneN3/L5__s20260819__0003.png,sceneN3,none_in_fov,C3b,17,C,3b,0.829059,-9.3231,5.7221,62.1685,8.3724,0
resnet50,43,resnet50_s43,ON_NEG,on/sceneN3/L5__s20260819__0003.png,sceneN3,none_in_fov,D3b,18,D,3b,0.744091,-9.3231,5.7221,62.1685,8.3724,0
resnet50,43,resnet50_s43,ON_NEG,on/sceneN3/L5__s20260819__0004.png,sceneN3,none_in_fov,B3a,11,B,3a,0.634112,-7.3546,-7.2186,63.4074,8.0992,0
resnet50,43,resnet50_s43,ON_NEG,on/sceneN3/L5__s20260819__0004.png,sceneN3,none_in_fov,C3a,12,C,3a,0.631244,-7.3546,-7.2186,63.4074,8.0992,0
resnet50,43,resnet50_s43,ON_NEG,on/sceneN3/L5__s20260819__0005.png,sceneN3,none_in_fov,B3a,11,B,3a,0.912996,-12.2129,-14.4798,63.1796,2.2677,0
resnet50,43,resnet50_s43,ON_NEG,on/sceneN3/L5__s20260819__0005.png,sceneN3,none_in_fov,C3a,12,C,3a,0.582589,-12.2129,-14.4798,63.1796,2.2677,0
resnet50,43,resnet50_s43,ON_NEG,on/sceneN3/L5__s20260819__0005.png,sceneN3,none_in_fov,B3b,16,B,3b,0.963437,-12.2129,-14.4798,63.1796,2.2677,0
resnet50,43,resnet50_s43,ON_NEG,on/sceneN3/L5__s20260819__0005.png,sceneN3,none_in_fov,C3b,17,C,3b,0.974813,-12.2129,-14.4798,63.1796,2.2677,0
resnet50,43,resnet50_s43,ON_NEG,on/sceneN3/L5__s20260819__0006.png,sceneN3,none_in_fov,B3b,16,B,3b,0.735106,-7.7849,2.4667,60.503,4.7311,0
resnet50,43,resnet50_s43,ON_NEG,on/sceneN3/L5__s20260819__0006.png,sceneN3,none_in_fov,C3b,17,C,3b,0.895037,-7.7849,2.4667,60.503,4.7311,0
resnet50,43,resnet50_s43,ON_NEG,on/sceneN3/L5__s20260819__0006.png,sceneN3,none_in_fov,D3b,18,D,3b,0.726235,-7.7849,2.4667,60.503,4.7311,0
resnet50,43,resnet50_s43,ON_NEG,on/sceneN3/L5__s20260819__0007.png,sceneN3,none_in_fov,D2,8,D,2,0.54488,-12.6477,6.8749,62.3125,1.3919,0
resnet50,43,resnet50_s43,ON_NEG,on/sceneN3/L5__s20260819__0007.png,sceneN3,none_in_fov,B3a,11,B,3a,0.681617,-12.6477,6.8749,62.3125,1.3919,0
resnet50,43,resnet50_s43,ON_NEG,on/sceneN3/L5__s20260819__0007.png,sceneN3,none_in_fov,C3a,12,C,3a,0.607697,-12.6477,6.8749,62.3125,1.3919,0
resnet50,43,resnet50_s43,ON_NEG,on/sceneN3/L5__s20260819__0007.png,sceneN3,none_in_fov,B3b,16,B,3b,0.765351,-12.6477,6.8749,62.3125,1.3919,0
resnet50,43,resnet50_s43,ON_NEG,on/sceneN3/L5__s20260819__0007.png,sceneN3,none_in_fov,C3b,17,C,3b,0.917875,-12.6477,6.8749,62.3125,1.3919,0
resnet50,43,resnet50_s43,ON_NEG,on/sceneN3/L5__s20260819__0007.png,sceneN3,none_in_fov,D3b,18,D,3b,0.642342,-12.6477,6.8749,62.3125,1.3919,0
resnet50,43,resnet50_s43,ON_NEG,on/sceneN3/L7__s20260819__0000.png,sceneN3,none_in_fov,B3a,11,B,3a,0.779041,-16.2467,-6.5053,60.6518,9.1828,0
resnet50,43,resnet50_s43,ON_NEG,on/sceneN3/L7__s20260819__0000.png,sceneN3,none_in_fov,C3a,12,C,3a,0.904151,-16.2467,-6.5053,60.6518,9.1828,0
resnet50,43,resnet50_s43,ON_NEG,on/sceneN3/L7__s20260819__0000.png,sceneN3,none_in_fov,D3a,13,D,3a,0.734182,-16.2467,-6.5053,60.6518,9.1828,0
resnet50,43,resnet50_s43,ON_NEG,on/sceneN3/L7__s20260819__0001.png,sceneN3,none_in_fov,B3a,11,B,3a,0.5347,-12.6534,1.5439,61.04,5.2884,0
resnet50,43,resnet50_s43,ON_NEG,on/sceneN3/L7__s20260819__0001.png,sceneN3,none_in_fov,C3a,12,C,3a,0.566334,-12.6534,1.5439,61.04,5.2884,0
resnet50,43,resnet50_s43,ON_NEG,on/sceneN3/L7__s20260819__0002.png,sceneN3,none_in_fov,B3a,11,B,3a,0.700708,-13.1516,1.5693,63.1068,1.7608,0
resnet50,43,resnet50_s43,ON_NEG,on/sceneN3/L7__s20260819__0002.png,sceneN3,none_in_fov,B3b,16,B,3b,0.752317,-13.1516,1.5693,63.1068,1.7608,0
resnet50,43,resnet50_s43,ON_NEG,on/sceneN3/L7__s20260819__0002.png,sceneN3,none_in_fov,C3b,17,C,3b,0.831689,-13.1516,1.5693,63.1068,1.7608,0
resnet50,43,resnet50_s43,ON_NEG,on/sceneN3/L7__s20260819__0003.png,sceneN3,none_in_fov,C3a,12,C,3a,0.506347,-9.3231,5.7221,62.1685,8.3724,0
resnet50,43,resnet50_s43,ON_NEG,on/sceneN3/L7__s20260819__0003.png,sceneN3,none_in_fov,C3b,17,C,3b,0.738973,-9.3231,5.7221,62.1685,8.3724,0
resnet50,43,resnet50_s43,ON_NEG,on/sceneN3/L7__s20260819__0003.png,sceneN3,none_in_fov,D3b,18,D,3b,0.656585,-9.3231,5.7221,62.1685,8.3724,0
resnet50,43,resnet50_s43,ON_NEG,on/sceneN3/L7__s20260819__0004.png,sceneN3,none_in_fov,B3a,11,B,3a,0.84521,-7.3546,-7.2186,63.4074,8.0992,0
resnet50,43,resnet50_s43,ON_NEG,on/sceneN3/L7__s20260819__0004.png,sceneN3,none_in_fov,C3a,12,C,3a,0.861134,-7.3546,-7.2186,63.4074,8.0992,0
resnet50,43,resnet50_s43,ON_NEG,on/sceneN3/L7__s20260819__0004.png,sceneN3,none_in_fov,D3a,13,D,3a,0.553308,-7.3546,-7.2186,63.4074,8.0992,0
resnet50,43,resnet50_s43,ON_NEG,on/sceneN3/L7__s20260819__0004.png,sceneN3,none_in_fov,B3b,16,B,3b,0.530414,-7.3546,-7.2186,63.4074,8.0992,0
resnet50,43,resnet50_s43,ON_NEG,on/sceneN3/L7__s20260819__0004.png,sceneN3,none_in_fov,C3b,17,C,3b,0.573534,-7.3546,-7.2186,63.4074,8.0992,0
resnet50,43,resnet50_s43,ON_NEG,on/sceneN3/L7__s20260819__0005.png,sceneN3,none_in_fov,B3a,11,B,3a,0.9521,-12.2129,-14.4798,63.1796,2.2677,0
resnet50,43,resnet50_s43,ON_NEG,on/sceneN3/L7__s20260819__0005.png,sceneN3,none_in_fov,C3a,12,C,3a,0.761515,-12.2129,-14.4798,63.1796,2.2677,0
resnet50,43,resnet50_s43,ON_NEG,on/sceneN3/L7__s20260819__0005.png,sceneN3,none_in_fov,B3b,16,B,3b,0.916116,-12.2129,-14.4798,63.1796,2.2677,0
resnet50,43,resnet50_s43,ON_NEG,on/sceneN3/L7__s20260819__0005.png,sceneN3,none_in_fov,C3b,17,C,3b,0.924467,-12.2129,-14.4798,63.1796,2.2677,0
resnet50,43,resnet50_s43,ON_NEG,on/sceneN3/L7__s20260819__0006.png,sceneN3,none_in_fov,B3b,16,B,3b,0.518473,-7.7849,2.4667,60.503,4.7311,0
resnet50,43,resnet50_s43,ON_NEG,on/sceneN3/L7__s20260819__0006.png,sceneN3,none_in_fov,C3b,17,C,3b,0.720666,-7.7849,2.4667,60.503,4.7311,0
resnet50,43,resnet50_s43,ON_NEG,on/sceneN3/L7__s20260819__0006.png,sceneN3,none_in_fov,D3b,18,D,3b,0.503265,-7.7849,2.4667,60.503,4.7311,0
resnet50,43,resnet50_s43,ON_NEG,on/sceneN3/L7__s20260819__0007.png,sceneN3,none_in_fov,C2,7,C,2,0.528261,-12.6477,6.8749,62.3125,1.3919,0
resnet50,43,resnet50_s43,ON_NEG,on/sceneN3/L7__s20260819__0007.png,sceneN3,none_in_fov,D2,8,D,2,0.600738,-12.6477,6.8749,62.3125,1.3919,0
resnet50,43,resnet50_s43,ON_NEG,on/sceneN3/L7__s20260819__0007.png,sceneN3,none_in_fov,B3a,11,B,3a,0.661922,-12.6477,6.8749,62.3125,1.3919,0
resnet50,43,resnet50_s43,ON_NEG,on/sceneN3/L7__s20260819__0007.png,sceneN3,none_in_fov,C3a,12,C,3a,0.60192,-12.6477,6.8749,62.3125,1.3919,0
resnet50,43,resnet50_s43,ON_NEG,on/sceneN3/L7__s20260819__0007.png,sceneN3,none_in_fov,B3b,16,B,3b,0.735946,-12.6477,6.8749,62.3125,1.3919,0
resnet50,43,resnet50_s43,ON_NEG,on/sceneN3/L7__s20260819__0007.png,sceneN3,none_in_fov,C3b,17,C,3b,0.914159,-12.6477,6.8749,62.3125,1.3919,0
resnet50,43,resnet50_s43,ON_NEG,on/sceneN3/L7__s20260819__0007.png,sceneN3,none_in_fov,D3b,18,D,3b,0.633476,-12.6477,6.8749,62.3125,1.3919,0
resnet50,43,resnet50_s43,ON_NEG,on/scene15/L0__s20260820__0000.png::boost_h,scene15,H,B2,6,B,2,0.632542,-13.637,-17.7914,62.7559,10.9914,0
resnet50,43,resnet50_s43,ON_NEG,on/scene15/L0__s20260820__0000.png::boost_h,scene15,H,C2,7,C,2,0.611468,-13.637,-17.7914,62.7559,10.9914,0
resnet50,43,resnet50_s43,ON_NEG,on/scene15/L0__s20260820__0000.png::boost_h,scene15,H,D2,8,D,2,0.617626,-13.637,-17.7914,62.7559,10.9914,0
resnet50,43,resnet50_s43,ON_NEG,on/scene15/L0__s20260820__0000.png::boost_h,scene15,H,C3b,17,C,3b,0.701627,-13.637,-17.7914,62.7559,10.9914,0
resnet50,43,resnet50_s43,ON_NEG,on/scene15/L0__s20260820__0000.png::boost_h,scene15,H,D3b,18,D,3b,0.619321,-13.637,-17.7914,62.7559,10.9914,0
resnet50,43,resnet50_s43,ON_NEG,on/scene15/L0__s20260820__0001.png::boost_h,scene15,H,C3b,17,C,3b,0.626295,-6.8068,-11.8299,63.9125,9.9013,0
resnet50,43,resnet50_s43,ON_NEG,on/scene15/L0__s20260820__0001.png::boost_h,scene15,H,D3b,18,D,3b,0.631077,-6.8068,-11.8299,63.9125,9.9013,0
resnet50,43,resnet50_s43,ON_NEG,on/scene15/L0__s20260820__0003.png::boost_h,scene15,H,D3b,18,D,3b,0.567383,-11.0902,-4.9586,63.1815,7.5147,0
resnet50,43,resnet50_s43,ON_NEG,on/scene15/L0__s20260820__0004.png::boost_h,scene15,H,D3b,18,D,3b,0.622311,-12.6937,-3.4861,58.1207,9.9583,0
resnet50,43,resnet50_s43,ON_NEG,on/scene15/L0__s20260820__0005.png::boost_h,scene15,H,C3b,17,C,3b,0.521514,-5.4058,-7.3396,62.3314,9.8366,0
resnet50,43,resnet50_s43,ON_NEG,on/scene15/L0__s20260820__0005.png::boost_h,scene15,H,D3b,18,D,3b,0.501112,-5.4058,-7.3396,62.3314,9.8366,0
resnet50,43,resnet50_s43,ON_NEG,on/scene15/L0__s20260820__0006.png::boost_h,scene15,H,B3b,16,B,3b,0.718779,-5.1828,6.8137,59.5209,6.9519,0
resnet50,43,resnet50_s43,ON_NEG,on/scene15/L0__s20260820__0007.png::boost_h,scene15,H_weak,C3b,17,C,3b,0.688013,-9.4753,-12.4083,62.4936,8.3783,0
resnet50,43,resnet50_s43,ON_NEG,on/scene15/L4__s20260820__0001.png::boost_h,scene15,H,C3b,17,C,3b,0.613447,-6.8068,-11.8299,63.9125,9.9013,0
resnet50,43,resnet50_s43,ON_NEG,on/scene15/L4__s20260820__0001.png::boost_h,scene15,H,D3b,18,D,3b,0.603062,-6.8068,-11.8299,63.9125,9.9013,0
resnet50,43,resnet50_s43,ON_NEG,on/scene15/L4__s20260820__0003.png::boost_h,scene15,H,D3b,18,D,3b,0.518677,-11.0902,-4.9586,63.1815,7.5147,0
resnet50,43,resnet50_s43,ON_NEG,on/scene15/L4__s20260820__0004.png::boost_h,scene15,H,D3b,18,D,3b,0.568,-12.6937,-3.4861,58.1207,9.9583,0
resnet50,43,resnet50_s43,ON_NEG,on/scene15/L4__s20260820__0005.png::boost_h,scene15,H,C3b,17,C,3b,0.608812,-5.4058,-7.3396,62.3314,9.8366,0
resnet50,43,resnet50_s43,ON_NEG,on/scene15/L4__s20260820__0007.png::boost_h,scene15,H_weak,C3b,17,C,3b,0.610379,-9.4753,-12.4083,62.4936,8.3783,0
resnet50,43,resnet50_s43,ON_NEG,on/scene15/L4__s20260820__0007.png::boost_h,scene15,H_weak,D3b,18,D,3b,0.543256,-9.4753,-12.4083,62.4936,8.3783,0
resnet50,43,resnet50_s43,ON_NEG,on/scene15/L7__s20260820__0001.png::boost_h,scene15,H,C3b,17,C,3b,0.632896,-6.8068,-11.8299,63.9125,9.9013,0
resnet50,43,resnet50_s43,ON_NEG,on/scene15/L7__s20260820__0001.png::boost_h,scene15,H,D3b,18,D,3b,0.623689,-6.8068,-11.8299,63.9125,9.9013,0
resnet50,43,resnet50_s43,ON_NEG,on/scene15/L7__s20260820__0002.png::boost_h,scene15,V,D3b,18,D,3b,0.536842,-8.6096,-4.0107,63.6728,6.6026,0
resnet50,43,resnet50_s43,ON_NEG,on/scene15/L7__s20260820__0003.png::boost_h,scene15,H,D3b,18,D,3b,0.571441,-11.0902,-4.9586,63.1815,7.5147,0
resnet50,43,resnet50_s43,ON_NEG,on/scene15/L7__s20260820__0004.png::boost_h,scene15,H,D3b,18,D,3b,0.644349,-12.6937,-3.4861,58.1207,9.9583,0
resnet50,43,resnet50_s43,ON_NEG,on/scene15/L7__s20260820__0005.png::boost_h,scene15,H,C3b,17,C,3b,0.710763,-5.4058,-7.3396,62.3314,9.8366,0
resnet50,43,resnet50_s43,ON_NEG,on/scene15/L7__s20260820__0006.png::boost_h,scene15,H,B3b,16,B,3b,0.530448,-5.1828,6.8137,59.5209,6.9519,0
resnet50,43,resnet50_s43,ON_NEG,on/scene15/L7__s20260820__0007.png::boost_h,scene15,H_weak,C3b,17,C,3b,0.674546,-9.4753,-12.4083,62.4936,8.3783,0
resnet50,43,resnet50_s43,ON_NEG,on/scene15/L7__s20260820__0007.png::boost_h,scene15,H_weak,D3b,18,D,3b,0.536876,-9.4753,-12.4083,62.4936,8.3783,0
resnet50,43,resnet50_s43,ON_NEG,on/scene05/L0__s20260820__0005.png::boost_e,scene05,V,A2,5,A,2,0.541154,-9.9958,-4.8864,61.371,6.2772,0
resnet50,43,resnet50_s43,ON_NEG,on/scene05/L0__s20260820__0005.png::boost_e,scene05,V,D2,8,D,2,0.743919,-9.9958,-4.8864,61.371,6.2772,0
resnet50,43,resnet50_s43,ON_NEG,on/scene05/L5__s20260820__0004.png::boost_e,scene05,V,D2,8,D,2,0.571023,-6.9904,-7.3983,63.483,6.1605,0
resnet50,43,resnet50_s43,ON_NEG,on/scene05/L7__s20260820__0005.png::boost_e,scene05,V,D2,8,D,2,0.574782,-9.9958,-4.8864,61.371,6.2772,0
resnet50,43,resnet50_s43,ON_NEG,on/scene07/L0__s20260820__0000.png::boost_e,scene07,none_in_fov,B2,6,B,2,0.522609,-10.2409,14.1283,61.8254,9.3533,0
resnet50,43,resnet50_s43,ON_NEG,on/scene07/L0__s20260820__0000.png::boost_e,scene07,none_in_fov,C2,7,C,2,0.550152,-10.2409,14.1283,61.8254,9.3533,0
resnet50,43,resnet50_s43,ON_NEG,on/scene07/L0__s20260820__0000.png::boost_e,scene07,none_in_fov,D2,8,D,2,0.578459,-10.2409,14.1283,61.8254,9.3533,0
resnet50,43,resnet50_s43,ON_NEG,on/scene07/L0__s20260820__0000.png::boost_e,scene07,none_in_fov,B3a,11,B,3a,0.680686,-10.2409,14.1283,61.8254,9.3533,0
resnet50,43,resnet50_s43,ON_NEG,on/scene07/L0__s20260820__0000.png::boost_e,scene07,none_in_fov,C3a,12,C,3a,0.855093,-10.2409,14.1283,61.8254,9.3533,0
resnet50,43,resnet50_s43,ON_NEG,on/scene07/L0__s20260820__0000.png::boost_e,scene07,none_in_fov,D3a,13,D,3a,0.758097,-10.2409,14.1283,61.8254,9.3533,0
resnet50,43,resnet50_s43,ON_NEG,on/scene07/L0__s20260820__0000.png::boost_e,scene07,none_in_fov,B3b,16,B,3b,0.882736,-10.2409,14.1283,61.8254,9.3533,0
resnet50,43,resnet50_s43,ON_NEG,on/scene07/L0__s20260820__0000.png::boost_e,scene07,none_in_fov,C3b,17,C,3b,0.981198,-10.2409,14.1283,61.8254,9.3533,0
resnet50,43,resnet50_s43,ON_NEG,on/scene07/L0__s20260820__0000.png::boost_e,scene07,none_in_fov,D3b,18,D,3b,0.957247,-10.2409,14.1283,61.8254,9.3533,0
resnet50,43,resnet50_s43,ON_NEG,on/scene07/L0__s20260820__0001.png::boost_e,scene07,none_in_fov,B2,6,B,2,0.60129,-8.7737,-1.6736,63.801,8.4933,0
resnet50,43,resnet50_s43,ON_NEG,on/scene07/L0__s20260820__0001.png::boost_e,scene07,none_in_fov,C2,7,C,2,0.595176,-8.7737,-1.6736,63.801,8.4933,0
resnet50,43,resnet50_s43,ON_NEG,on/scene07/L0__s20260820__0001.png::boost_e,scene07,none_in_fov,D2,8,D,2,0.630527,-8.7737,-1.6736,63.801,8.4933,0
resnet50,43,resnet50_s43,ON_NEG,on/scene07/L0__s20260820__0001.png::boost_e,scene07,none_in_fov,B3a,11,B,3a,0.813113,-8.7737,-1.6736,63.801,8.4933,0
resnet50,43,resnet50_s43,ON_NEG,on/scene07/L0__s20260820__0001.png::boost_e,scene07,none_in_fov,C3a,12,C,3a,0.873083,-8.7737,-1.6736,63.801,8.4933,0
resnet50,43,resnet50_s43,ON_NEG,on/scene07/L0__s20260820__0001.png::boost_e,scene07,none_in_fov,B3b,16,B,3b,0.950182,-8.7737,-1.6736,63.801,8.4933,0
resnet50,43,resnet50_s43,ON_NEG,on/scene07/L0__s20260820__0001.png::boost_e,scene07,none_in_fov,C3b,17,C,3b,0.98112,-8.7737,-1.6736,63.801,8.4933,0
resnet50,43,resnet50_s43,ON_NEG,on/scene07/L0__s20260820__0001.png::boost_e,scene07,none_in_fov,D3b,18,D,3b,0.870016,-8.7737,-1.6736,63.801,8.4933,0
resnet50,43,resnet50_s43,ON_NEG,on/scene07/L0__s20260820__0002.png::boost_e,scene07,none_in_fov,B3a,11,B,3a,0.520754,-11.7844,-0.5026,59.071,6.034,0
resnet50,43,resnet50_s43,ON_NEG,on/scene07/L0__s20260820__0002.png::boost_e,scene07,none_in_fov,C3a,12,C,3a,0.607535,-11.7844,-0.5026,59.071,6.034,0
resnet50,43,resnet50_s43,ON_NEG,on/scene07/L0__s20260820__0002.png::boost_e,scene07,none_in_fov,A3b,15,A,3b,0.677241,-11.7844,-0.5026,59.071,6.034,0
resnet50,43,resnet50_s43,ON_NEG,on/scene07/L0__s20260820__0002.png::boost_e,scene07,none_in_fov,B3b,16,B,3b,0.895922,-11.7844,-0.5026,59.071,6.034,0
resnet50,43,resnet50_s43,ON_NEG,on/scene07/L0__s20260820__0002.png::boost_e,scene07,none_in_fov,C3b,17,C,3b,0.943768,-11.7844,-0.5026,59.071,6.034,0
resnet50,43,resnet50_s43,ON_NEG,on/scene07/L0__s20260820__0002.png::boost_e,scene07,none_in_fov,D3b,18,D,3b,0.824369,-11.7844,-0.5026,59.071,6.034,0
resnet50,43,resnet50_s43,ON_NEG,on/scene07/L0__s20260820__0003.png::boost_e,scene07,none_in_fov,B2,6,B,2,0.609893,-10.8121,7.6338,61.1751,9.743,0
resnet50,43,resnet50_s43,ON_NEG,on/scene07/L0__s20260820__0003.png::boost_e,scene07,none_in_fov,C2,7,C,2,0.633742,-10.8121,7.6338,61.1751,9.743,0
resnet50,43,resnet50_s43,ON_NEG,on/scene07/L0__s20260820__0003.png::boost_e,scene07,none_in_fov,D2,8,D,2,0.667052,-10.8121,7.6338,61.1751,9.743,0
resnet50,43,resnet50_s43,ON_NEG,on/scene07/L0__s20260820__0003.png::boost_e,scene07,none_in_fov,B3a,11,B,3a,0.813163,-10.8121,7.6338,61.1751,9.743,0
resnet50,43,resnet50_s43,ON_NEG,on/scene07/L0__s20260820__0003.png::boost_e,scene07,none_in_fov,C3a,12,C,3a,0.886265,-10.8121,7.6338,61.1751,9.743,0
resnet50,43,resnet50_s43,ON_NEG,on/scene07/L0__s20260820__0003.png::boost_e,scene07,none_in_fov,D3a,13,D,3a,0.602178,-10.8121,7.6338,61.1751,9.743,0
resnet50,43,resnet50_s43,ON_NEG,on/scene07/L0__s20260820__0003.png::boost_e,scene07,none_in_fov,B3b,16,B,3b,0.942371,-10.8121,7.6338,61.1751,9.743,0
resnet50,43,resnet50_s43,ON_NEG,on/scene07/L0__s20260820__0003.png::boost_e,scene07,none_in_fov,C3b,17,C,3b,0.983236,-10.8121,7.6338,61.1751,9.743,0
resnet50,43,resnet50_s43,ON_NEG,on/scene07/L0__s20260820__0003.png::boost_e,scene07,none_in_fov,D3b,18,D,3b,0.910387,-10.8121,7.6338,61.1751,9.743,0
resnet50,43,resnet50_s43,ON_NEG,on/scene07/L0__s20260820__0004.png::boost_e,scene07,none_in_fov,C3a,12,C,3a,0.693648,-11.296,14.3304,62.4153,11.7361,0
resnet50,43,resnet50_s43,ON_NEG,on/scene07/L0__s20260820__0004.png::boost_e,scene07,none_in_fov,D3a,13,D,3a,0.637213,-11.296,14.3304,62.4153,11.7361,0
resnet50,43,resnet50_s43,ON_NEG,on/scene07/L0__s20260820__0004.png::boost_e,scene07,none_in_fov,B3b,16,B,3b,0.902331,-11.296,14.3304,62.4153,11.7361,0
resnet50,43,resnet50_s43,ON_NEG,on/scene07/L0__s20260820__0004.png::boost_e,scene07,none_in_fov,C3b,17,C,3b,0.996183,-11.296,14.3304,62.4153,11.7361,0
resnet50,43,resnet50_s43,ON_NEG,on/scene07/L0__s20260820__0004.png::boost_e,scene07,none_in_fov,D3b,18,D,3b,0.986291,-11.296,14.3304,62.4153,11.7361,0
resnet50,43,resnet50_s43,ON_NEG,on/scene07/L0__s20260820__0005.png::boost_e,scene07,none_in_fov,B3b,16,B,3b,0.535711,-13.5151,3.1873,60.3528,6.7166,0
resnet50,43,resnet50_s43,ON_NEG,on/scene07/L0__s20260820__0005.png::boost_e,scene07,none_in_fov,C3b,17,C,3b,0.607243,-13.5151,3.1873,60.3528,6.7166,0
resnet50,43,resnet50_s43,ON_NEG,on/scene07/L0__s20260820__0006.png::boost_e,scene07,none_in_fov,B3b,16,B,3b,0.602211,-7.4676,-1.6241,59.074,6.6363,0
resnet50,43,resnet50_s43,ON_NEG,on/scene07/L0__s20260820__0006.png::boost_e,scene07,none_in_fov,C3b,17,C,3b,0.579911,-7.4676,-1.6241,59.074,6.6363,0
resnet50,43,resnet50_s43,ON_NEG,on/scene07/L0__s20260820__0007.png::boost_e,scene07,none_in_fov,B3a,11,B,3a,0.640221,-8.8831,-5.8973,62.4612,11.793,0
resnet50,43,resnet50_s43,ON_NEG,on/scene07/L0__s20260820__0007.png::boost_e,scene07,none_in_fov,C3a,12,C,3a,0.713121,-8.8831,-5.8973,62.4612,11.793,0
resnet50,43,resnet50_s43,ON_NEG,on/scene07/L0__s20260820__0007.png::boost_e,scene07,none_in_fov,B3b,16,B,3b,0.90683,-8.8831,-5.8973,62.4612,11.793,0
resnet50,43,resnet50_s43,ON_NEG,on/scene07/L0__s20260820__0007.png::boost_e,scene07,none_in_fov,C3b,17,C,3b,0.98322,-8.8831,-5.8973,62.4612,11.793,0
resnet50,43,resnet50_s43,ON_NEG,on/scene07/L0__s20260820__0007.png::boost_e,scene07,none_in_fov,D3b,18,D,3b,0.880182,-8.8831,-5.8973,62.4612,11.793,0
resnet50,43,resnet50_s43,ON_NEG,on/scene07/L5__s20260820__0000.png::boost_e,scene07,none_in_fov,B2,6,B,2,0.501193,-10.2409,14.1283,61.8254,9.3533,0
resnet50,43,resnet50_s43,ON_NEG,on/scene07/L5__s20260820__0000.png::boost_e,scene07,none_in_fov,C2,7,C,2,0.524256,-10.2409,14.1283,61.8254,9.3533,0
resnet50,43,resnet50_s43,ON_NEG,on/scene07/L5__s20260820__0000.png::boost_e,scene07,none_in_fov,D2,8,D,2,0.540323,-10.2409,14.1283,61.8254,9.3533,0
resnet50,43,resnet50_s43,ON_NEG,on/scene07/L5__s20260820__0000.png::boost_e,scene07,none_in_fov,C3a,12,C,3a,0.573865,-10.2409,14.1283,61.8254,9.3533,0
resnet50,43,resnet50_s43,ON_NEG,on/scene07/L5__s20260820__0000.png::boost_e,scene07,none_in_fov,B3b,16,B,3b,0.515306,-10.2409,14.1283,61.8254,9.3533,0
resnet50,43,resnet50_s43,ON_NEG,on/scene07/L5__s20260820__0000.png::boost_e,scene07,none_in_fov,C3b,17,C,3b,0.8569,-10.2409,14.1283,61.8254,9.3533,0
resnet50,43,resnet50_s43,ON_NEG,on/scene07/L5__s20260820__0000.png::boost_e,scene07,none_in_fov,D3b,18,D,3b,0.770516,-10.2409,14.1283,61.8254,9.3533,0
resnet50,43,resnet50_s43,ON_NEG,on/scene07/L5__s20260820__0001.png::boost_e,scene07,none_in_fov,A2,5,A,2,0.523614,-8.7737,-1.6736,63.801,8.4933,0
resnet50,43,resnet50_s43,ON_NEG,on/scene07/L5__s20260820__0001.png::boost_e,scene07,none_in_fov,B2,6,B,2,0.708805,-8.7737,-1.6736,63.801,8.4933,0
resnet50,43,resnet50_s43,ON_NEG,on/scene07/L5__s20260820__0001.png::boost_e,scene07,none_in_fov,C2,7,C,2,0.700207,-8.7737,-1.6736,63.801,8.4933,0
resnet50,43,resnet50_s43,ON_NEG,on/scene07/L5__s20260820__0001.png::boost_e,scene07,none_in_fov,D2,8,D,2,0.743037,-8.7737,-1.6736,63.801,8.4933,0
resnet50,43,resnet50_s43,ON_NEG,on/scene07/L5__s20260820__0001.png::boost_e,scene07,none_in_fov,E2,9,E,2,0.570936,-8.7737,-1.6736,63.801,8.4933,0
resnet50,43,resnet50_s43,ON_NEG,on/scene07/L5__s20260820__0001.png::boost_e,scene07,none_in_fov,B3a,11,B,3a,0.568229,-8.7737,-1.6736,63.801,8.4933,0
resnet50,43,resnet50_s43,ON_NEG,on/scene07/L5__s20260820__0001.png::boost_e,scene07,none_in_fov,C3a,12,C,3a,0.66362,-8.7737,-1.6736,63.801,8.4933,0
resnet50,43,resnet50_s43,ON_NEG,on/scene07/L5__s20260820__0001.png::boost_e,scene07,none_in_fov,B3b,16,B,3b,0.797984,-8.7737,-1.6736,63.801,8.4933,0
resnet50,43,resnet50_s43,ON_NEG,on/scene07/L5__s20260820__0001.png::boost_e,scene07,none_in_fov,C3b,17,C,3b,0.916641,-8.7737,-1.6736,63.801,8.4933,0
resnet50,43,resnet50_s43,ON_NEG,on/scene07/L5__s20260820__0001.png::boost_e,scene07,none_in_fov,D3b,18,D,3b,0.727595,-8.7737,-1.6736,63.801,8.4933,0
resnet50,43,resnet50_s43,ON_NEG,on/scene07/L5__s20260820__0003.png::boost_e,scene07,none_in_fov,A2,5,A,2,0.609685,-10.8121,7.6338,61.1751,9.743,0
resnet50,43,resnet50_s43,ON_NEG,on/scene07/L5__s20260820__0003.png::boost_e,scene07,none_in_fov,B2,6,B,2,0.796673,-10.8121,7.6338,61.1751,9.743,0
resnet50,43,resnet50_s43,ON_NEG,on/scene07/L5__s20260820__0003.png::boost_e,scene07,none_in_fov,C2,7,C,2,0.802748,-10.8121,7.6338,61.1751,9.743,0
resnet50,43,resnet50_s43,ON_NEG,on/scene07/L5__s20260820__0003.png::boost_e,scene07,none_in_fov,D2,8,D,2,0.830407,-10.8121,7.6338,61.1751,9.743,0
resnet50,43,resnet50_s43,ON_NEG,on/scene07/L5__s20260820__0003.png::boost_e,scene07,none_in_fov,E2,9,E,2,0.699595,-10.8121,7.6338,61.1751,9.743,0
resnet50,43,resnet50_s43,ON_NEG,on/scene07/L5__s20260820__0003.png::boost_e,scene07,none_in_fov,B3a,11,B,3a,0.524717,-10.8121,7.6338,61.1751,9.743,0
resnet50,43,resnet50_s43,ON_NEG,on/scene07/L5__s20260820__0003.png::boost_e,scene07,none_in_fov,C3a,12,C,3a,0.66043,-10.8121,7.6338,61.1751,9.743,0
resnet50,43,resnet50_s43,ON_NEG,on/scene07/L5__s20260820__0003.png::boost_e,scene07,none_in_fov,D3a,13,D,3a,0.508319,-10.8121,7.6338,61.1751,9.743,0
resnet50,43,resnet50_s43,ON_NEG,on/scene07/L5__s20260820__0003.png::boost_e,scene07,none_in_fov,B3b,16,B,3b,0.709178,-10.8121,7.6338,61.1751,9.743,0
resnet50,43,resnet50_s43,ON_NEG,on/scene07/L5__s20260820__0003.png::boost_e,scene07,none_in_fov,C3b,17,C,3b,0.908833,-10.8121,7.6338,61.1751,9.743,0
resnet50,43,resnet50_s43,ON_NEG,on/scene07/L5__s20260820__0003.png::boost_e,scene07,none_in_fov,D3b,18,D,3b,0.80335,-10.8121,7.6338,61.1751,9.743,0
resnet50,43,resnet50_s43,ON_NEG,on/scene07/L5__s20260820__0004.png::boost_e,scene07,none_in_fov,C3a,12,C,3a,0.623167,-11.296,14.3304,62.4153,11.7361,0
resnet50,43,resnet50_s43,ON_NEG,on/scene07/L5__s20260820__0004.png::boost_e,scene07,none_in_fov,D3a,13,D,3a,0.522154,-11.296,14.3304,62.4153,11.7361,0
resnet50,43,resnet50_s43,ON_NEG,on/scene07/L5__s20260820__0004.png::boost_e,scene07,none_in_fov,B3b,16,B,3b,0.536308,-11.296,14.3304,62.4153,11.7361,0
resnet50,43,resnet50_s43,ON_NEG,on/scene07/L5__s20260820__0004.png::boost_e,scene07,none_in_fov,C3b,17,C,3b,0.91424,-11.296,14.3304,62.4153,11.7361,0
resnet50,43,resnet50_s43,ON_NEG,on/scene07/L5__s20260820__0004.png::boost_e,scene07,none_in_fov,D3b,18,D,3b,0.850199,-11.296,14.3304,62.4153,11.7361,0
resnet50,43,resnet50_s43,ON_NEG,on/scene07/L5__s20260820__0005.png::boost_e,scene07,none_in_fov,B3b,16,B,3b,0.659844,-13.5151,3.1873,60.3528,6.7166,0
resnet50,43,resnet50_s43,ON_NEG,on/scene07/L5__s20260820__0005.png::boost_e,scene07,none_in_fov,C3b,17,C,3b,0.74072,-13.5151,3.1873,60.3528,6.7166,0
resnet50,43,resnet50_s43,ON_NEG,on/scene07/L5__s20260820__0005.png::boost_e,scene07,none_in_fov,D3b,18,D,3b,0.569127,-13.5151,3.1873,60.3528,6.7166,0
resnet50,43,resnet50_s43,ON_NEG,on/scene07/L5__s20260820__0006.png::boost_e,scene07,none_in_fov,C3a,12,C,3a,0.902071,-7.4676,-1.6241,59.074,6.6363,0
resnet50,43,resnet50_s43,ON_NEG,on/scene07/L5__s20260820__0007.png::boost_e,scene07,none_in_fov,B3b,16,B,3b,0.702483,-8.8831,-5.8973,62.4612,11.793,0
resnet50,43,resnet50_s43,ON_NEG,on/scene07/L5__s20260820__0007.png::boost_e,scene07,none_in_fov,C3b,17,C,3b,0.902587,-8.8831,-5.8973,62.4612,11.793,0
resnet50,43,resnet50_s43,ON_NEG,on/scene07/L5__s20260820__0007.png::boost_e,scene07,none_in_fov,D3b,18,D,3b,0.755762,-8.8831,-5.8973,62.4612,11.793,0
resnet50,43,resnet50_s43,ON_NEG,on/scene07/L7__s20260820__0000.png::boost_e,scene07,none_in_fov,C3a,12,C,3a,0.571262,-10.2409,14.1283,61.8254,9.3533,0
resnet50,43,resnet50_s43,ON_NEG,on/scene07/L7__s20260820__0000.png::boost_e,scene07,none_in_fov,C3b,17,C,3b,0.606106,-10.2409,14.1283,61.8254,9.3533,0
resnet50,43,resnet50_s43,ON_NEG,on/scene07/L7__s20260820__0001.png::boost_e,scene07,none_in_fov,B3a,11,B,3a,0.717,-8.7737,-1.6736,63.801,8.4933,0
resnet50,43,resnet50_s43,ON_NEG,on/scene07/L7__s20260820__0001.png::boost_e,scene07,none_in_fov,C3a,12,C,3a,0.877682,-8.7737,-1.6736,63.801,8.4933,0
resnet50,43,resnet50_s43,ON_NEG,on/scene07/L7__s20260820__0001.png::boost_e,scene07,none_in_fov,D3a,13,D,3a,0.523799,-8.7737,-1.6736,63.801,8.4933,0
resnet50,43,resnet50_s43,ON_NEG,on/scene07/L7__s20260820__0001.png::boost_e,scene07,none_in_fov,B3b,16,B,3b,0.726812,-8.7737,-1.6736,63.801,8.4933,0
resnet50,43,resnet50_s43,ON_NEG,on/scene07/L7__s20260820__0001.png::boost_e,scene07,none_in_fov,C3b,17,C,3b,0.927677,-8.7737,-1.6736,63.801,8.4933,0
resnet50,43,resnet50_s43,ON_NEG,on/scene07/L7__s20260820__0001.png::boost_e,scene07,none_in_fov,D3b,18,D,3b,0.623403,-8.7737,-1.6736,63.801,8.4933,0
resnet50,43,resnet50_s43,ON_NEG,on/scene07/L7__s20260820__0002.png::boost_e,scene07,none_in_fov,B3b,16,B,3b,0.557314,-11.7844,-0.5026,59.071,6.034,0
resnet50,43,resnet50_s43,ON_NEG,on/scene07/L7__s20260820__0002.png::boost_e,scene07,none_in_fov,C3b,17,C,3b,0.627577,-11.7844,-0.5026,59.071,6.034,0
resnet50,43,resnet50_s43,ON_NEG,on/scene07/L7__s20260820__0003.png::boost_e,scene07,none_in_fov,B2,6,B,2,0.550935,-10.8121,7.6338,61.1751,9.743,0
resnet50,43,resnet50_s43,ON_NEG,on/scene07/L7__s20260820__0003.png::boost_e,scene07,none_in_fov,C2,7,C,2,0.554741,-10.8121,7.6338,61.1751,9.743,0
resnet50,43,resnet50_s43,ON_NEG,on/scene07/L7__s20260820__0003.png::boost_e,scene07,none_in_fov,D2,8,D,2,0.603585,-10.8121,7.6338,61.1751,9.743,0
resnet50,43,resnet50_s43,ON_NEG,on/scene07/L7__s20260820__0003.png::boost_e,scene07,none_in_fov,B3a,11,B,3a,0.623238,-10.8121,7.6338,61.1751,9.743,0
resnet50,43,resnet50_s43,ON_NEG,on/scene07/L7__s20260820__0003.png::boost_e,scene07,none_in_fov,C3a,12,C,3a,0.787622,-10.8121,7.6338,61.1751,9.743,0
resnet50,43,resnet50_s43,ON_NEG,on/scene07/L7__s20260820__0003.png::boost_e,scene07,none_in_fov,B3b,16,B,3b,0.73731,-10.8121,7.6338,61.1751,9.743,0
resnet50,43,resnet50_s43,ON_NEG,on/scene07/L7__s20260820__0003.png::boost_e,scene07,none_in_fov,C3b,17,C,3b,0.923089,-10.8121,7.6338,61.1751,9.743,0
resnet50,43,resnet50_s43,ON_NEG,on/scene07/L7__s20260820__0003.png::boost_e,scene07,none_in_fov,D3b,18,D,3b,0.672702,-10.8121,7.6338,61.1751,9.743,0
resnet50,43,resnet50_s43,ON_NEG,on/scene07/L7__s20260820__0004.png::boost_e,scene07,none_in_fov,C3a,12,C,3a,0.605464,-11.296,14.3304,62.4153,11.7361,0
resnet50,43,resnet50_s43,ON_NEG,on/scene07/L7__s20260820__0004.png::boost_e,scene07,none_in_fov,D3a,13,D,3a,0.543453,-11.296,14.3304,62.4153,11.7361,0
resnet50,43,resnet50_s43,ON_NEG,on/scene07/L7__s20260820__0004.png::boost_e,scene07,none_in_fov,B3b,16,B,3b,0.693008,-11.296,14.3304,62.4153,11.7361,0
resnet50,43,resnet50_s43,ON_NEG,on/scene07/L7__s20260820__0004.png::boost_e,scene07,none_in_fov,C3b,17,C,3b,0.968127,-11.296,14.3304,62.4153,11.7361,0
resnet50,43,resnet50_s43,ON_NEG,on/scene07/L7__s20260820__0004.png::boost_e,scene07,none_in_fov,D3b,18,D,3b,0.929736,-11.296,14.3304,62.4153,11.7361,0
resnet50,43,resnet50_s43,ON_NEG,on/scene07/L7__s20260820__0005.png::boost_e,scene07,none_in_fov,C3b,17,C,3b,0.594893,-13.5151,3.1873,60.3528,6.7166,0
resnet50,43,resnet50_s43,ON_NEG,on/scene07/L7__s20260820__0006.png::boost_e,scene07,none_in_fov,C3a,12,C,3a,0.511351,-7.4676,-1.6241,59.074,6.6363,0
resnet50,43,resnet50_s43,ON_NEG,on/scene07/L7__s20260820__0007.png::boost_e,scene07,none_in_fov,B3a,11,B,3a,0.586948,-8.8831,-5.8973,62.4612,11.793,0
resnet50,43,resnet50_s43,ON_NEG,on/scene07/L7__s20260820__0007.png::boost_e,scene07,none_in_fov,C3a,12,C,3a,0.726337,-8.8831,-5.8973,62.4612,11.793,0
resnet50,43,resnet50_s43,ON_NEG,on/scene07/L7__s20260820__0007.png::boost_e,scene07,none_in_fov,B3b,16,B,3b,0.86644,-8.8831,-5.8973,62.4612,11.793,0
resnet50,43,resnet50_s43,ON_NEG,on/scene07/L7__s20260820__0007.png::boost_e,scene07,none_in_fov,C3b,17,C,3b,0.976685,-8.8831,-5.8973,62.4612,11.793,0
resnet50,43,resnet50_s43,ON_NEG,on/scene07/L7__s20260820__0007.png::boost_e,scene07,none_in_fov,D3b,18,D,3b,0.873982,-8.8831,-5.8973,62.4612,11.793,0
resnet50,43,resnet50_s43,ON_NEG,on/scene14/L5__s20260820__0005.png::boost_e,scene14,H,C3a,12,C,3a,0.668669,-12.4022,9.6925,62.3957,8.1602,0
resnet50,43,resnet50_s43,ON_NEG,on/scene15/L0__s20260820__0000.png::boost_e,scene15,H,B2,6,B,2,0.588543,-13.637,-17.7914,62.7559,10.9914,0
resnet50,43,resnet50_s43,ON_NEG,on/scene15/L0__s20260820__0000.png::boost_e,scene15,H,C2,7,C,2,0.569957,-13.637,-17.7914,62.7559,10.9914,0
resnet50,43,resnet50_s43,ON_NEG,on/scene15/L0__s20260820__0000.png::boost_e,scene15,H,D2,8,D,2,0.566238,-13.637,-17.7914,62.7559,10.9914,0
resnet50,43,resnet50_s43,ON_NEG,on/scene15/L0__s20260820__0000.png::boost_e,scene15,H,C3b,17,C,3b,0.782766,-13.637,-17.7914,62.7559,10.9914,0
resnet50,43,resnet50_s43,ON_NEG,on/scene15/L0__s20260820__0000.png::boost_e,scene15,H,D3b,18,D,3b,0.701879,-13.637,-17.7914,62.7559,10.9914,0
resnet50,43,resnet50_s43,ON_NEG,on/scene15/L0__s20260820__0001.png::boost_e,scene15,H_weak,C3b,17,C,3b,0.771978,-6.8068,-11.8299,63.9125,9.9013,0
resnet50,43,resnet50_s43,ON_NEG,on/scene15/L0__s20260820__0001.png::boost_e,scene15,H_weak,D3b,18,D,3b,0.737172,-6.8068,-11.8299,63.9125,9.9013,0
resnet50,43,resnet50_s43,ON_NEG,on/scene15/L0__s20260820__0002.png::boost_e,scene15,V,D3b,18,D,3b,0.644117,-8.6096,-4.0107,63.6728,6.6026,0
resnet50,43,resnet50_s43,ON_NEG,on/scene15/L0__s20260820__0003.png::boost_e,scene15,H,D3b,18,D,3b,0.578674,-11.0902,-4.9586,63.1815,7.5147,0
resnet50,43,resnet50_s43,ON_NEG,on/scene15/L0__s20260820__0004.png::boost_e,scene15,H,D3b,18,D,3b,0.64032,-12.6937,-3.4861,58.1207,9.9583,0
resnet50,43,resnet50_s43,ON_NEG,on/scene15/L0__s20260820__0005.png::boost_e,scene15,H,C3b,17,C,3b,0.53717,-5.4058,-7.3396,62.3314,9.8366,0
resnet50,43,resnet50_s43,ON_NEG,on/scene15/L0__s20260820__0005.png::boost_e,scene15,H,D3b,18,D,3b,0.574975,-5.4058,-7.3396,62.3314,9.8366,0
resnet50,43,resnet50_s43,ON_NEG,on/scene15/L0__s20260820__0006.png::boost_e,scene15,H,B3b,16,B,3b,0.663563,-5.1828,6.8137,59.5209,6.9519,0
resnet50,43,resnet50_s43,ON_NEG,on/scene15/L0__s20260820__0007.png::boost_e,scene15,V,C3b,17,C,3b,0.652917,-9.4753,-12.4083,62.4936,8.3783,0
resnet50,43,resnet50_s43,ON_NEG,on/scene15/L4__s20260820__0001.png::boost_e,scene15,H_weak,C3b,17,C,3b,0.744426,-6.8068,-11.8299,63.9125,9.9013,0
resnet50,43,resnet50_s43,ON_NEG,on/scene15/L4__s20260820__0001.png::boost_e,scene15,H_weak,D3b,18,D,3b,0.713635,-6.8068,-11.8299,63.9125,9.9013,0
resnet50,43,resnet50_s43,ON_NEG,on/scene15/L4__s20260820__0002.png::boost_e,scene15,V,D3b,18,D,3b,0.761245,-8.6096,-4.0107,63.6728,6.6026,0
resnet50,43,resnet50_s43,ON_NEG,on/scene15/L4__s20260820__0004.png::boost_e,scene15,H,D3b,18,D,3b,0.616993,-12.6937,-3.4861,58.1207,9.9583,0
resnet50,43,resnet50_s43,ON_NEG,on/scene15/L4__s20260820__0005.png::boost_e,scene15,H,C3b,17,C,3b,0.524832,-5.4058,-7.3396,62.3314,9.8366,0
resnet50,43,resnet50_s43,ON_NEG,on/scene15/L4__s20260820__0007.png::boost_e,scene15,V,C3b,17,C,3b,0.643033,-9.4753,-12.4083,62.4936,8.3783,0
resnet50,43,resnet50_s43,ON_NEG,on/scene15/L4__s20260820__0007.png::boost_e,scene15,V,D3b,18,D,3b,0.536792,-9.4753,-12.4083,62.4936,8.3783,0
resnet50,43,resnet50_s43,ON_NEG,on/scene15/L7__s20260820__0000.png::boost_e,scene15,H,C3b,17,C,3b,0.582666,-13.637,-17.7914,62.7559,10.9914,0
resnet50,43,resnet50_s43,ON_NEG,on/scene15/L7__s20260820__0000.png::boost_e,scene15,H,D3b,18,D,3b,0.57659,-13.637,-17.7914,62.7559,10.9914,0
resnet50,43,resnet50_s43,ON_NEG,on/scene15/L7__s20260820__0001.png::boost_e,scene15,H_weak,C3b,17,C,3b,0.717743,-6.8068,-11.8299,63.9125,9.9013,0
resnet50,43,resnet50_s43,ON_NEG,on/scene15/L7__s20260820__0001.png::boost_e,scene15,H_weak,D3b,18,D,3b,0.634652,-6.8068,-11.8299,63.9125,9.9013,0
resnet50,43,resnet50_s43,ON_NEG,on/scene15/L7__s20260820__0002.png::boost_e,scene15,V,D3b,18,D,3b,0.780403,-8.6096,-4.0107,63.6728,6.6026,0
resnet50,43,resnet50_s43,ON_NEG,on/scene15/L7__s20260820__0003.png::boost_e,scene15,H,D3b,18,D,3b,0.54039,-11.0902,-4.9586,63.1815,7.5147,0
resnet50,43,resnet50_s43,ON_NEG,on/scene15/L7__s20260820__0004.png::boost_e,scene15,H,D3b,18,D,3b,0.599188,-12.6937,-3.4861,58.1207,9.9583,0
resnet50,43,resnet50_s43,ON_NEG,on/scene15/L7__s20260820__0005.png::boost_e,scene15,H,C3b,17,C,3b,0.692695,-5.4058,-7.3396,62.3314,9.8366,0
resnet50,43,resnet50_s43,ON_NEG,on/scene15/L7__s20260820__0005.png::boost_e,scene15,H,D3b,18,D,3b,0.512969,-5.4058,-7.3396,62.3314,9.8366,0
resnet50,43,resnet50_s43,ON_NEG,on/scene15/L7__s20260820__0007.png::boost_e,scene15,V,C3b,17,C,3b,0.726155,-9.4753,-12.4083,62.4936,8.3783,0
resnet50,43,resnet50_s43,ON_NEG,on/scene15/L7__s20260820__0007.png::boost_e,scene15,V,D3b,18,D,3b,0.557058,-9.4753,-12.4083,62.4936,8.3783,0
resnet50,43,resnet50_s43,ON_NEG,on/scene18/L5__s20260820__0001.png::boost_e,scene18,E,D3a,13,D,3a,0.560181,-10.1204,15.1866,63.5385,10.0506,0
resnet50,43,resnet50_s43,ON_NEG,on/scene18/L5__s20260820__0001.png::boost_e,scene18,E,E3a,14,E,3a,0.604313,-10.1204,15.1866,63.5385,10.0506,0
resnet50,43,resnet50_s43,ON_NEG,on/scene07/L0__s20260821__0000.png::boost_e2,scene07,none_in_fov,B3a,11,B,3a,0.545469,-9.0864,4.975,60.5839,4.6498,0
resnet50,43,resnet50_s43,ON_NEG,on/scene07/L0__s20260821__0000.png::boost_e2,scene07,none_in_fov,C3a,12,C,3a,0.638018,-9.0864,4.975,60.5839,4.6498,0
resnet50,43,resnet50_s43,ON_NEG,on/scene07/L0__s20260821__0000.png::boost_e2,scene07,none_in_fov,A3b,15,A,3b,0.875869,-9.0864,4.975,60.5839,4.6498,0
resnet50,43,resnet50_s43,ON_NEG,on/scene07/L0__s20260821__0000.png::boost_e2,scene07,none_in_fov,B3b,16,B,3b,0.954674,-9.0864,4.975,60.5839,4.6498,0
resnet50,43,resnet50_s43,ON_NEG,on/scene07/L0__s20260821__0000.png::boost_e2,scene07,none_in_fov,C3b,17,C,3b,0.965063,-9.0864,4.975,60.5839,4.6498,0
resnet50,43,resnet50_s43,ON_NEG,on/scene07/L0__s20260821__0000.png::boost_e2,scene07,none_in_fov,D3b,18,D,3b,0.928185,-9.0864,4.975,60.5839,4.6498,0
resnet50,43,resnet50_s43,ON_NEG,on/scene07/L0__s20260821__0000.png::boost_e2,scene07,none_in_fov,E3b,19,E,3b,0.738434,-9.0864,4.975,60.5839,4.6498,0
resnet50,43,resnet50_s43,ON_NEG,on/scene07/L0__s20260821__0001.png::boost_e2,scene07,none_in_fov,C3a,12,C,3a,0.569613,-8.6491,14.3681,62.653,6.526,0
resnet50,43,resnet50_s43,ON_NEG,on/scene07/L0__s20260821__0001.png::boost_e2,scene07,none_in_fov,D3a,13,D,3a,0.525986,-8.6491,14.3681,62.653,6.526,0
resnet50,43,resnet50_s43,ON_NEG,on/scene07/L0__s20260821__0001.png::boost_e2,scene07,none_in_fov,A3b,15,A,3b,0.889838,-8.6491,14.3681,62.653,6.526,0
resnet50,43,resnet50_s43,ON_NEG,on/scene07/L0__s20260821__0001.png::boost_e2,scene07,none_in_fov,B3b,16,B,3b,0.948552,-8.6491,14.3681,62.653,6.526,0
resnet50,43,resnet50_s43,ON_NEG,on/scene07/L0__s20260821__0001.png::boost_e2,scene07,none_in_fov,C3b,17,C,3b,0.985654,-8.6491,14.3681,62.653,6.526,0
resnet50,43,resnet50_s43,ON_NEG,on/scene07/L0__s20260821__0001.png::boost_e2,scene07,none_in_fov,D3b,18,D,3b,0.970414,-8.6491,14.3681,62.653,6.526,0
resnet50,43,resnet50_s43,ON_NEG,on/scene07/L0__s20260821__0001.png::boost_e2,scene07,none_in_fov,E3b,19,E,3b,0.886613,-8.6491,14.3681,62.653,6.526,0
resnet50,43,resnet50_s43,ON_NEG,on/scene07/L0__s20260821__0002.png::boost_e2,scene07,none_in_fov,B3a,11,B,3a,0.726726,-11.7553,7.174,61.7523,8.5736,0
resnet50,43,resnet50_s43,ON_NEG,on/scene07/L0__s20260821__0002.png::boost_e2,scene07,none_in_fov,C3a,12,C,3a,0.846475,-11.7553,7.174,61.7523,8.5736,0
resnet50,43,resnet50_s43,ON_NEG,on/scene07/L0__s20260821__0002.png::boost_e2,scene07,none_in_fov,D3a,13,D,3a,0.505046,-11.7553,7.174,61.7523,8.5736,0
resnet50,43,resnet50_s43,ON_NEG,on/scene07/L0__s20260821__0002.png::boost_e2,scene07,none_in_fov,B3b,16,B,3b,0.966195,-11.7553,7.174,61.7523,8.5736,0
resnet50,43,resnet50_s43,ON_NEG,on/scene07/L0__s20260821__0002.png::boost_e2,scene07,none_in_fov,C3b,17,C,3b,0.992157,-11.7553,7.174,61.7523,8.5736,0
resnet50,43,resnet50_s43,ON_NEG,on/scene07/L0__s20260821__0002.png::boost_e2,scene07,none_in_fov,D3b,18,D,3b,0.943852,-11.7553,7.174,61.7523,8.5736,0
resnet50,43,resnet50_s43,ON_NEG,on/scene07/L0__s20260821__0003.png::boost_e2,scene07,none_in_fov,B3a,11,B,3a,0.764052,-11.0113,-0.6132,62.5016,7.1387,0
resnet50,43,resnet50_s43,ON_NEG,on/scene07/L0__s20260821__0003.png::boost_e2,scene07,none_in_fov,C3a,12,C,3a,0.850304,-11.0113,-0.6132,62.5016,7.1387,0
resnet50,43,resnet50_s43,ON_NEG,on/scene07/L0__s20260821__0003.png::boost_e2,scene07,none_in_fov,D3a,13,D,3a,0.665514,-11.0113,-0.6132,62.5016,7.1387,0
resnet50,43,resnet50_s43,ON_NEG,on/scene07/L0__s20260821__0003.png::boost_e2,scene07,none_in_fov,A3b,15,A,3b,0.911098,-11.0113,-0.6132,62.5016,7.1387,0
resnet50,43,resnet50_s43,ON_NEG,on/scene07/L0__s20260821__0003.png::boost_e2,scene07,none_in_fov,B3b,16,B,3b,0.977815,-11.0113,-0.6132,62.5016,7.1387,0
resnet50,43,resnet50_s43,ON_NEG,on/scene07/L0__s20260821__0003.png::boost_e2,scene07,none_in_fov,C3b,17,C,3b,0.992995,-11.0113,-0.6132,62.5016,7.1387,0
resnet50,43,resnet50_s43,ON_NEG,on/scene07/L0__s20260821__0003.png::boost_e2,scene07,none_in_fov,D3b,18,D,3b,0.965914,-11.0113,-0.6132,62.5016,7.1387,0
resnet50,43,resnet50_s43,ON_NEG,on/scene07/L0__s20260821__0003.png::boost_e2,scene07,none_in_fov,E3b,19,E,3b,0.748483,-11.0113,-0.6132,62.5016,7.1387,0
resnet50,43,resnet50_s43,ON_NEG,on/scene07/L0__s20260821__0005.png::boost_e2,scene07,none_in_fov,B2,6,B,2,0.508498,-5.0214,-1.8091,62.1167,8.8712,0
resnet50,43,resnet50_s43,ON_NEG,on/scene07/L0__s20260821__0005.png::boost_e2,scene07,none_in_fov,C2,7,C,2,0.517591,-5.0214,-1.8091,62.1167,8.8712,0
resnet50,43,resnet50_s43,ON_NEG,on/scene07/L0__s20260821__0005.png::boost_e2,scene07,none_in_fov,D2,8,D,2,0.552414,-5.0214,-1.8091,62.1167,8.8712,0
resnet50,43,resnet50_s43,ON_NEG,on/scene07/L0__s20260821__0005.png::boost_e2,scene07,none_in_fov,B3a,11,B,3a,0.673425,-5.0214,-1.8091,62.1167,8.8712,0
resnet50,43,resnet50_s43,ON_NEG,on/scene07/L0__s20260821__0005.png::boost_e2,scene07,none_in_fov,C3a,12,C,3a,0.854615,-5.0214,-1.8091,62.1167,8.8712,0
resnet50,43,resnet50_s43,ON_NEG,on/scene07/L0__s20260821__0005.png::boost_e2,scene07,none_in_fov,D3a,13,D,3a,0.562449,-5.0214,-1.8091,62.1167,8.8712,0
resnet50,43,resnet50_s43,ON_NEG,on/scene07/L0__s20260821__0005.png::boost_e2,scene07,none_in_fov,B3b,16,B,3b,0.907584,-5.0214,-1.8091,62.1167,8.8712,0
resnet50,43,resnet50_s43,ON_NEG,on/scene07/L0__s20260821__0005.png::boost_e2,scene07,none_in_fov,C3b,17,C,3b,0.983212,-5.0214,-1.8091,62.1167,8.8712,0
resnet50,43,resnet50_s43,ON_NEG,on/scene07/L0__s20260821__0005.png::boost_e2,scene07,none_in_fov,D3b,18,D,3b,0.906286,-5.0214,-1.8091,62.1167,8.8712,0
resnet50,43,resnet50_s43,ON_NEG,on/scene07/L0__s20260821__0006.png::boost_e2,scene07,none_in_fov,B3b,16,B,3b,0.702348,-12.1066,0.0159,62.3073,6.0804,0
resnet50,43,resnet50_s43,ON_NEG,on/scene07/L0__s20260821__0006.png::boost_e2,scene07,none_in_fov,C3b,17,C,3b,0.791467,-12.1066,0.0159,62.3073,6.0804,0
resnet50,43,resnet50_s43,ON_NEG,on/scene07/L0__s20260821__0006.png::boost_e2,scene07,none_in_fov,D3b,18,D,3b,0.628212,-12.1066,0.0159,62.3073,6.0804,0
resnet50,43,resnet50_s43,ON_NEG,on/scene07/L0__s20260821__0007.png::boost_e2,scene07,none_in_fov,C3a,12,C,3a,0.515866,-12.7675,1.6425,64.5249,4.4163,0
resnet50,43,resnet50_s43,ON_NEG,on/scene07/L0__s20260821__0007.png::boost_e2,scene07,none_in_fov,A3b,15,A,3b,0.75945,-12.7675,1.6425,64.5249,4.4163,0
resnet50,43,resnet50_s43,ON_NEG,on/scene07/L0__s20260821__0007.png::boost_e2,scene07,none_in_fov,B3b,16,B,3b,0.903372,-12.7675,1.6425,64.5249,4.4163,0
resnet50,43,resnet50_s43,ON_NEG,on/scene07/L0__s20260821__0007.png::boost_e2,scene07,none_in_fov,C3b,17,C,3b,0.935401,-12.7675,1.6425,64.5249,4.4163,0
resnet50,43,resnet50_s43,ON_NEG,on/scene07/L0__s20260821__0007.png::boost_e2,scene07,none_in_fov,D3b,18,D,3b,0.844015,-12.7675,1.6425,64.5249,4.4163,0
resnet50,43,resnet50_s43,ON_NEG,on/scene07/L0__s20260821__0007.png::boost_e2,scene07,none_in_fov,E3b,19,E,3b,0.540982,-12.7675,1.6425,64.5249,4.4163,0
resnet50,43,resnet50_s43,ON_NEG,on/scene07/L5__s20260821__0000.png::boost_e2,scene07,none_in_fov,B3b,16,B,3b,0.707087,-9.0864,4.975,60.5839,4.6498,0
resnet50,43,resnet50_s43,ON_NEG,on/scene07/L5__s20260821__0000.png::boost_e2,scene07,none_in_fov,C3b,17,C,3b,0.748249,-9.0864,4.975,60.5839,4.6498,0
resnet50,43,resnet50_s43,ON_NEG,on/scene07/L5__s20260821__0000.png::boost_e2,scene07,none_in_fov,D3b,18,D,3b,0.649995,-9.0864,4.975,60.5839,4.6498,0
resnet50,43,resnet50_s43,ON_NEG,on/scene07/L5__s20260821__0001.png::boost_e2,scene07,none_in_fov,C3a,12,C,3a,0.627425,-8.6491,14.3681,62.653,6.526,0
resnet50,43,resnet50_s43,ON_NEG,on/scene07/L5__s20260821__0002.png::boost_e2,scene07,none_in_fov,B3b,16,B,3b,0.576519,-11.7553,7.174,61.7523,8.5736,0
resnet50,43,resnet50_s43,ON_NEG,on/scene07/L5__s20260821__0002.png::boost_e2,scene07,none_in_fov,C3b,17,C,3b,0.824409,-11.7553,7.174,61.7523,8.5736,0
resnet50,43,resnet50_s43,ON_NEG,on/scene07/L5__s20260821__0002.png::boost_e2,scene07,none_in_fov,D3b,18,D,3b,0.688366,-11.7553,7.174,61.7523,8.5736,0
resnet50,43,resnet50_s43,ON_NEG,on/scene07/L5__s20260821__0003.png::boost_e2,scene07,none_in_fov,C3a,12,C,3a,0.648377,-11.0113,-0.6132,62.5016,7.1387,0
resnet50,43,resnet50_s43,ON_NEG,on/scene07/L5__s20260821__0004.png::boost_e2,scene07,none_in_fov,C3a,12,C,3a,0.788213,-13.3275,-0.1348,64.6075,6.5636,0
resnet50,43,resnet50_s43,ON_NEG,on/scene07/L5__s20260821__0005.png::boost_e2,scene07,none_in_fov,B2,6,B,2,0.607474,-5.0214,-1.8091,62.1167,8.8712,0
resnet50,43,resnet50_s43,ON_NEG,on/scene07/L5__s20260821__0005.png::boost_e2,scene07,none_in_fov,C2,7,C,2,0.624883,-5.0214,-1.8091,62.1167,8.8712,0
resnet50,43,resnet50_s43,ON_NEG,on/scene07/L5__s20260821__0005.png::boost_e2,scene07,none_in_fov,D2,8,D,2,0.66148,-5.0214,-1.8091,62.1167,8.8712,0
resnet50,43,resnet50_s43,ON_NEG,on/scene07/L5__s20260821__0005.png::boost_e2,scene07,none_in_fov,B3a,11,B,3a,0.592933,-5.0214,-1.8091,62.1167,8.8712,0
resnet50,43,resnet50_s43,ON_NEG,on/scene07/L5__s20260821__0005.png::boost_e2,scene07,none_in_fov,C3a,12,C,3a,0.781499,-5.0214,-1.8091,62.1167,8.8712,0
resnet50,43,resnet50_s43,ON_NEG,on/scene07/L5__s20260821__0005.png::boost_e2,scene07,none_in_fov,B3b,16,B,3b,0.894097,-5.0214,-1.8091,62.1167,8.8712,0
resnet50,43,resnet50_s43,ON_NEG,on/scene07/L5__s20260821__0005.png::boost_e2,scene07,none_in_fov,C3b,17,C,3b,0.968128,-5.0214,-1.8091,62.1167,8.8712,0
resnet50,43,resnet50_s43,ON_NEG,on/scene07/L5__s20260821__0005.png::boost_e2,scene07,none_in_fov,D3b,18,D,3b,0.875131,-5.0214,-1.8091,62.1167,8.8712,0
resnet50,43,resnet50_s43,ON_NEG,on/scene07/L5__s20260821__0007.png::boost_e2,scene07,none_in_fov,C3a,12,C,3a,0.506111,-12.7675,1.6425,64.5249,4.4163,0
resnet50,43,resnet50_s43,ON_NEG,on/scene07/L7__s20260821__0001.png::boost_e2,scene07,none_in_fov,A3b,15,A,3b,0.500193,-8.6491,14.3681,62.653,6.526,0
resnet50,43,resnet50_s43,ON_NEG,on/scene07/L7__s20260821__0001.png::boost_e2,scene07,none_in_fov,B3b,16,B,3b,0.669319,-8.6491,14.3681,62.653,6.526,0
resnet50,43,resnet50_s43,ON_NEG,on/scene07/L7__s20260821__0001.png::boost_e2,scene07,none_in_fov,C3b,17,C,3b,0.825197,-8.6491,14.3681,62.653,6.526,0
resnet50,43,resnet50_s43,ON_NEG,on/scene07/L7__s20260821__0001.png::boost_e2,scene07,none_in_fov,D3b,18,D,3b,0.778755,-8.6491,14.3681,62.653,6.526,0
resnet50,43,resnet50_s43,ON_NEG,on/scene07/L7__s20260821__0001.png::boost_e2,scene07,none_in_fov,E3b,19,E,3b,0.569993,-8.6491,14.3681,62.653,6.526,0
resnet50,43,resnet50_s43,ON_NEG,on/scene07/L7__s20260821__0002.png::boost_e2,scene07,none_in_fov,C3b,17,C,3b,0.735456,-11.7553,7.174,61.7523,8.5736,0
resnet50,43,resnet50_s43,ON_NEG,on/scene07/L7__s20260821__0003.png::boost_e2,scene07,none_in_fov,B3a,11,B,3a,0.532209,-11.0113,-0.6132,62.5016,7.1387,0
resnet50,43,resnet50_s43,ON_NEG,on/scene07/L7__s20260821__0003.png::boost_e2,scene07,none_in_fov,C3a,12,C,3a,0.694313,-11.0113,-0.6132,62.5016,7.1387,0
resnet50,43,resnet50_s43,ON_NEG,on/scene07/L7__s20260821__0003.png::boost_e2,scene07,none_in_fov,B3b,16,B,3b,0.692298,-11.0113,-0.6132,62.5016,7.1387,0
resnet50,43,resnet50_s43,ON_NEG,on/scene07/L7__s20260821__0003.png::boost_e2,scene07,none_in_fov,C3b,17,C,3b,0.815233,-11.0113,-0.6132,62.5016,7.1387,0
resnet50,43,resnet50_s43,ON_NEG,on/scene07/L7__s20260821__0003.png::boost_e2,scene07,none_in_fov,D3b,18,D,3b,0.602421,-11.0113,-0.6132,62.5016,7.1387,0
resnet50,43,resnet50_s43,ON_NEG,on/scene07/L7__s20260821__0005.png::boost_e2,scene07,none_in_fov,B3a,11,B,3a,0.840622,-5.0214,-1.8091,62.1167,8.8712,0
resnet50,43,resnet50_s43,ON_NEG,on/scene07/L7__s20260821__0005.png::boost_e2,scene07,none_in_fov,C3a,12,C,3a,0.932633,-5.0214,-1.8091,62.1167,8.8712,0
resnet50,43,resnet50_s43,ON_NEG,on/scene07/L7__s20260821__0005.png::boost_e2,scene07,none_in_fov,D3a,13,D,3a,0.57409,-5.0214,-1.8091,62.1167,8.8712,0
resnet50,43,resnet50_s43,ON_NEG,on/scene07/L7__s20260821__0005.png::boost_e2,scene07,none_in_fov,B3b,16,B,3b,0.898818,-5.0214,-1.8091,62.1167,8.8712,0
resnet50,43,resnet50_s43,ON_NEG,on/scene07/L7__s20260821__0005.png::boost_e2,scene07,none_in_fov,C3b,17,C,3b,0.977156,-5.0214,-1.8091,62.1167,8.8712,0
resnet50,43,resnet50_s43,ON_NEG,on/scene07/L7__s20260821__0005.png::boost_e2,scene07,none_in_fov,D3b,18,D,3b,0.818776,-5.0214,-1.8091,62.1167,8.8712,0
resnet50,43,resnet50_s43,ON_NEG,on/scene07/L7__s20260821__0006.png::boost_e2,scene07,none_in_fov,B3b,16,B,3b,0.57315,-12.1066,0.0159,62.3073,6.0804,0
resnet50,43,resnet50_s43,ON_NEG,on/scene07/L7__s20260821__0006.png::boost_e2,scene07,none_in_fov,C3b,17,C,3b,0.722062,-12.1066,0.0159,62.3073,6.0804,0
resnet50,43,resnet50_s43,ON_NEG,on/scene07/L7__s20260821__0006.png::boost_e2,scene07,none_in_fov,D3b,18,D,3b,0.508559,-12.1066,0.0159,62.3073,6.0804,0
resnet50,43,resnet50_s43,ON_NEG,on/scene07/L7__s20260821__0007.png::boost_e2,scene07,none_in_fov,C3b,17,C,3b,0.501786,-12.7675,1.6425,64.5249,4.4163,0
resnet50,44,resnet50_s44,OFF,off/scene05/L0__s20260819__0001.png,scene05,off,D3a,13,D,3a,0.772921,-15.173,12.161,60.0807,9.829,0
resnet50,44,resnet50_s44,OFF,off/scene05/L0__s20260819__0001.png,scene05,off,C3b,17,C,3b,0.592621,-15.173,12.161,60.0807,9.829,0
resnet50,44,resnet50_s44,OFF,off/scene05/L0__s20260819__0002.png,scene05,off,B3b,16,B,3b,0.71093,-10.3814,-5.3811,61.849,10.1547,0
resnet50,44,resnet50_s44,OFF,off/scene05/L0__s20260819__0002.png,scene05,off,C3b,17,C,3b,0.949533,-10.3814,-5.3811,61.849,10.1547,0
resnet50,44,resnet50_s44,OFF,off/scene05/L0__s20260819__0002.png,scene05,off,D3b,18,D,3b,0.717171,-10.3814,-5.3811,61.849,10.1547,0
resnet50,44,resnet50_s44,OFF,off/scene05/L5__s20260819__0001.png,scene05,off,D3a,13,D,3a,0.555144,-15.173,12.161,60.0807,9.829,0
resnet50,44,resnet50_s44,OFF,off/scene05/L5__s20260819__0001.png,scene05,off,B3b,16,B,3b,0.606715,-15.173,12.161,60.0807,9.829,0
resnet50,44,resnet50_s44,OFF,off/scene05/L5__s20260819__0001.png,scene05,off,C3b,17,C,3b,0.965824,-15.173,12.161,60.0807,9.829,0
resnet50,44,resnet50_s44,OFF,off/scene05/L5__s20260819__0001.png,scene05,off,D3b,18,D,3b,0.899588,-15.173,12.161,60.0807,9.829,0
resnet50,44,resnet50_s44,OFF,off/scene05/L5__s20260819__0001.png,scene05,off,E3b,19,E,3b,0.582739,-15.173,12.161,60.0807,9.829,0
resnet50,44,resnet50_s44,OFF,off/scene05/L5__s20260819__0002.png,scene05,off,A3b,15,A,3b,0.898485,-10.3814,-5.3811,61.849,10.1547,0
resnet50,44,resnet50_s44,OFF,off/scene05/L5__s20260819__0002.png,scene05,off,B3b,16,B,3b,0.972815,-10.3814,-5.3811,61.849,10.1547,0
resnet50,44,resnet50_s44,OFF,off/scene05/L5__s20260819__0002.png,scene05,off,C3b,17,C,3b,0.996626,-10.3814,-5.3811,61.849,10.1547,0
resnet50,44,resnet50_s44,OFF,off/scene05/L5__s20260819__0002.png,scene05,off,D3b,18,D,3b,0.951605,-10.3814,-5.3811,61.849,10.1547,0
resnet50,44,resnet50_s44,OFF,off/scene05/L5__s20260819__0002.png,scene05,off,E3b,19,E,3b,0.822947,-10.3814,-5.3811,61.849,10.1547,0
resnet50,44,resnet50_s44,OFF,off/scene05/L5__s20260819__0003.png,scene05,off,C3b,17,C,3b,0.513805,-16.5946,2.3699,62.213,5.261,0
resnet50,44,resnet50_s44,OFF,off/scene05/L5__s20260819__0003.png,scene05,off,E3b,19,E,3b,0.555095,-16.5946,2.3699,62.213,5.261,0
resnet50,44,resnet50_s44,OFF,off/scene05/L5__s20260819__0004.png,scene05,off,C3b,17,C,3b,0.670332,-12.9429,6.4312,60.6761,2.7145,0
resnet50,44,resnet50_s44,OFF,off/scene05/L5__s20260819__0004.png,scene05,off,D3b,18,D,3b,0.578673,-12.9429,6.4312,60.6761,2.7145,0
resnet50,44,resnet50_s44,OFF,off/scene05/L5__s20260819__0004.png,scene05,off,E3b,19,E,3b,0.533431,-12.9429,6.4312,60.6761,2.7145,0
resnet50,44,resnet50_s44,OFF,off/scene05/L5__s20260819__0005.png,scene05,off,A3b,15,A,3b,0.878453,-7.0259,1.6918,62.8815,1.4988,0
resnet50,44,resnet50_s44,OFF,off/scene05/L5__s20260819__0005.png,scene05,off,B3b,16,B,3b,0.878627,-7.0259,1.6918,62.8815,1.4988,0
resnet50,44,resnet50_s44,OFF,off/scene05/L5__s20260819__0005.png,scene05,off,C3b,17,C,3b,0.957485,-7.0259,1.6918,62.8815,1.4988,0
resnet50,44,resnet50_s44,OFF,off/scene05/L5__s20260819__0005.png,scene05,off,D3b,18,D,3b,0.886904,-7.0259,1.6918,62.8815,1.4988,0
resnet50,44,resnet50_s44,OFF,off/scene05/L5__s20260819__0005.png,scene05,off,E3b,19,E,3b,0.85527,-7.0259,1.6918,62.8815,1.4988,0
resnet50,44,resnet50_s44,OFF,off/scene05/L5__s20260819__0006.png,scene05,off,A3b,15,A,3b,0.517308,-7.598,-3.6478,63.1397,4.3849,0
resnet50,44,resnet50_s44,OFF,off/scene05/L5__s20260819__0006.png,scene05,off,B3b,16,B,3b,0.826488,-7.598,-3.6478,63.1397,4.3849,0
resnet50,44,resnet50_s44,OFF,off/scene05/L5__s20260819__0006.png,scene05,off,C3b,17,C,3b,0.970061,-7.598,-3.6478,63.1397,4.3849,0
resnet50,44,resnet50_s44,OFF,off/scene05/L5__s20260819__0006.png,scene05,off,D3b,18,D,3b,0.876448,-7.598,-3.6478,63.1397,4.3849,0
resnet50,44,resnet50_s44,OFF,off/scene05/L5__s20260819__0006.png,scene05,off,E3b,19,E,3b,0.711591,-7.598,-3.6478,63.1397,4.3849,0
resnet50,44,resnet50_s44,OFF,off/scene05/L5__s20260819__0007.png,scene05,off,B3b,16,B,3b,0.691656,-11.0887,-6.1282,60.9132,3.4946,0
resnet50,44,resnet50_s44,OFF,off/scene05/L5__s20260819__0007.png,scene05,off,C3b,17,C,3b,0.889647,-11.0887,-6.1282,60.9132,3.4946,0
resnet50,44,resnet50_s44,OFF,off/scene05/L5__s20260819__0007.png,scene05,off,D3b,18,D,3b,0.541283,-11.0887,-6.1282,60.9132,3.4946,0
resnet50,44,resnet50_s44,OFF,off/scene05/L7__s20260819__0002.png,scene05,off,B3b,16,B,3b,0.706281,-10.3814,-5.3811,61.849,10.1547,0
resnet50,44,resnet50_s44,OFF,off/scene05/L7__s20260819__0002.png,scene05,off,C3b,17,C,3b,0.9196,-10.3814,-5.3811,61.849,10.1547,0
resnet50,44,resnet50_s44,OFF,off/scene05/L7__s20260819__0002.png,scene05,off,D3b,18,D,3b,0.558795,-10.3814,-5.3811,61.849,10.1547,0
resnet50,44,resnet50_s44,OFF,off/scene14/L5__s20260819__0002.png,scene14,off,A3b,15,A,3b,0.500575,-13.2604,4.4652,60.6011,1.3141,0
resnet50,44,resnet50_s44,OFF,off/scene14/L5__s20260819__0003.png,scene14,off,A3a,10,A,3a,0.759008,-3.2277,7.0829,62.9059,4.594,0
resnet50,44,resnet50_s44,OFF,off/scene14/L5__s20260819__0003.png,scene14,off,B3a,11,B,3a,0.830347,-3.2277,7.0829,62.9059,4.594,0
resnet50,44,resnet50_s44,OFF,off/scene14/L5__s20260819__0003.png,scene14,off,C3a,12,C,3a,0.914305,-3.2277,7.0829,62.9059,4.594,0
resnet50,44,resnet50_s44,OFF,off/scene14/L5__s20260819__0003.png,scene14,off,D3a,13,D,3a,0.899617,-3.2277,7.0829,62.9059,4.594,0
resnet50,44,resnet50_s44,OFF,off/scene14/L5__s20260819__0003.png,scene14,off,E3a,14,E,3a,0.83506,-3.2277,7.0829,62.9059,4.594,0
resnet50,44,resnet50_s44,OFF,off/scene14/L5__s20260819__0003.png,scene14,off,A3b,15,A,3b,0.859497,-3.2277,7.0829,62.9059,4.594,0
resnet50,44,resnet50_s44,OFF,off/scene14/L5__s20260819__0003.png,scene14,off,B3b,16,B,3b,0.658907,-3.2277,7.0829,62.9059,4.594,0
resnet50,44,resnet50_s44,OFF,off/scene14/L5__s20260819__0003.png,scene14,off,C3b,17,C,3b,0.846445,-3.2277,7.0829,62.9059,4.594,0
resnet50,44,resnet50_s44,OFF,off/scene14/L5__s20260819__0003.png,scene14,off,D3b,18,D,3b,0.774101,-3.2277,7.0829,62.9059,4.594,0
resnet50,44,resnet50_s44,OFF,off/scene14/L5__s20260819__0003.png,scene14,off,E3b,19,E,3b,0.857587,-3.2277,7.0829,62.9059,4.594,0
resnet50,44,resnet50_s44,OFF,off/scene14/L5__s20260819__0005.png,scene14,off,C3a,12,C,3a,0.605114,-11.6875,3.1562,60.5808,4.4487,0
resnet50,44,resnet50_s44,OFF,off/scene15/L0__s20260819__0003.png,scene15,off,B3b,16,B,3b,0.553278,-13.9162,-3.4361,63.7846,1.3693,0
resnet50,44,resnet50_s44,OFF,off/scene15/L7__s20260819__0003.png,scene15,off,B3b,16,B,3b,0.533984,-13.9162,-3.4361,63.7846,1.3693,0
resnet50,44,resnet50_s44,OFF,off/scene18/L5__s20260819__0006.png,scene18,off,C3a,12,C,3a,0.564444,-12.0517,-2.6405,64.1763,5.9593,0
resnet50,44,resnet50_s44,OFF,off/sceneC2/L2__s20260819__0004.png,sceneC2,off,D3a,13,D,3a,0.531041,-13.5389,11.6475,61.7574,2.2154,0
resnet50,44,resnet50_s44,OFF,off/sceneC2/L2__s20260819__0004.png,sceneC2,off,C3b,17,C,3b,0.91896,-13.5389,11.6475,61.7574,2.2154,0
resnet50,44,resnet50_s44,OFF,off/sceneC2/L2__s20260819__0005.png,sceneC2,off,B3a,11,B,3a,0.858522,-13.9053,-4.7076,63.4803,4.5522,0
resnet50,44,resnet50_s44,OFF,off/sceneC2/L2__s20260819__0005.png,sceneC2,off,C3a,12,C,3a,0.924846,-13.9053,-4.7076,63.4803,4.5522,0
resnet50,44,resnet50_s44,OFF,off/sceneC2/L2__s20260819__0005.png,sceneC2,off,D3a,13,D,3a,0.981007,-13.9053,-4.7076,63.4803,4.5522,0
resnet50,44,resnet50_s44,OFF,off/sceneC2/L2__s20260819__0005.png,sceneC2,off,B3b,16,B,3b,0.805352,-13.9053,-4.7076,63.4803,4.5522,0
resnet50,44,resnet50_s44,OFF,off/sceneC2/L2__s20260819__0005.png,sceneC2,off,C3b,17,C,3b,0.998434,-13.9053,-4.7076,63.4803,4.5522,0
resnet50,44,resnet50_s44,OFF,off/sceneC2/L2__s20260819__0005.png,sceneC2,off,D3b,18,D,3b,0.939617,-13.9053,-4.7076,63.4803,4.5522,0
resnet50,44,resnet50_s44,OFF,off/sceneC2/L3__s20260819__0004.png,sceneC2,off,D3a,13,D,3a,0.612703,-13.5389,11.6475,61.7574,2.2154,0
resnet50,44,resnet50_s44,OFF,off/sceneC2/L3__s20260819__0004.png,sceneC2,off,C3b,17,C,3b,0.935882,-13.5389,11.6475,61.7574,2.2154,0
resnet50,44,resnet50_s44,OFF,off/sceneC2/L3__s20260819__0005.png,sceneC2,off,B3a,11,B,3a,0.877302,-13.9053,-4.7076,63.4803,4.5522,0
resnet50,44,resnet50_s44,OFF,off/sceneC2/L3__s20260819__0005.png,sceneC2,off,C3a,12,C,3a,0.945769,-13.9053,-4.7076,63.4803,4.5522,0
resnet50,44,resnet50_s44,OFF,off/sceneC2/L3__s20260819__0005.png,sceneC2,off,D3a,13,D,3a,0.989797,-13.9053,-4.7076,63.4803,4.5522,0
resnet50,44,resnet50_s44,OFF,off/sceneC2/L3__s20260819__0005.png,sceneC2,off,B3b,16,B,3b,0.808113,-13.9053,-4.7076,63.4803,4.5522,0
resnet50,44,resnet50_s44,OFF,off/sceneC2/L3__s20260819__0005.png,sceneC2,off,C3b,17,C,3b,0.999135,-13.9053,-4.7076,63.4803,4.5522,0
resnet50,44,resnet50_s44,OFF,off/sceneC2/L3__s20260819__0005.png,sceneC2,off,D3b,18,D,3b,0.954911,-13.9053,-4.7076,63.4803,4.5522,0
resnet50,44,resnet50_s44,OFF,off/sceneC2/L3__s20260819__0007.png,sceneC2,off,C3b,17,C,3b,0.52442,-12.5459,-0.5423,62.1216,1.5671,0
resnet50,44,resnet50_s44,OFF,off/sceneC2/L7__s20260819__0004.png,sceneC2,off,C3a,12,C,3a,0.55957,-13.5389,11.6475,61.7574,2.2154,0
resnet50,44,resnet50_s44,OFF,off/sceneC2/L7__s20260819__0004.png,sceneC2,off,D3a,13,D,3a,0.783754,-13.5389,11.6475,61.7574,2.2154,0
resnet50,44,resnet50_s44,OFF,off/sceneC2/L7__s20260819__0004.png,sceneC2,off,C3b,17,C,3b,0.963884,-13.5389,11.6475,61.7574,2.2154,0
resnet50,44,resnet50_s44,OFF,off/sceneC2/L7__s20260819__0005.png,sceneC2,off,B3a,11,B,3a,0.876913,-13.9053,-4.7076,63.4803,4.5522,0
resnet50,44,resnet50_s44,OFF,off/sceneC2/L7__s20260819__0005.png,sceneC2,off,C3a,12,C,3a,0.957787,-13.9053,-4.7076,63.4803,4.5522,0
resnet50,44,resnet50_s44,OFF,off/sceneC2/L7__s20260819__0005.png,sceneC2,off,D3a,13,D,3a,0.990731,-13.9053,-4.7076,63.4803,4.5522,0
resnet50,44,resnet50_s44,OFF,off/sceneC2/L7__s20260819__0005.png,sceneC2,off,B3b,16,B,3b,0.808819,-13.9053,-4.7076,63.4803,4.5522,0
resnet50,44,resnet50_s44,OFF,off/sceneC2/L7__s20260819__0005.png,sceneC2,off,C3b,17,C,3b,0.999151,-13.9053,-4.7076,63.4803,4.5522,0
resnet50,44,resnet50_s44,OFF,off/sceneC2/L7__s20260819__0005.png,sceneC2,off,D3b,18,D,3b,0.951384,-13.9053,-4.7076,63.4803,4.5522,0
resnet50,44,resnet50_s44,OFF,off/sceneC2/L7__s20260819__0007.png,sceneC2,off,C3b,17,C,3b,0.531303,-12.5459,-0.5423,62.1216,1.5671,0
resnet50,44,resnet50_s44,OFF,off/sceneN3/L0__s20260819__0002.png,sceneN3,off,C3b,17,C,3b,0.685128,-13.1516,1.5693,63.1068,1.7608,0
resnet50,44,resnet50_s44,OFF,off/sceneN3/L0__s20260819__0005.png,sceneN3,off,B3b,16,B,3b,0.571948,-12.2129,-14.4798,63.1796,2.2677,0
resnet50,44,resnet50_s44,OFF,off/sceneN3/L0__s20260819__0005.png,sceneN3,off,C3b,17,C,3b,0.677558,-12.2129,-14.4798,63.1796,2.2677,0
resnet50,44,resnet50_s44,OFF,off/sceneN3/L0__s20260819__0006.png,sceneN3,off,B3b,16,B,3b,0.598135,-7.7849,2.4667,60.503,4.7311,0
resnet50,44,resnet50_s44,OFF,off/sceneN3/L0__s20260819__0006.png,sceneN3,off,C3b,17,C,3b,0.917499,-7.7849,2.4667,60.503,4.7311,0
resnet50,44,resnet50_s44,OFF,off/sceneN3/L0__s20260819__0006.png,sceneN3,off,D3b,18,D,3b,0.581891,-7.7849,2.4667,60.503,4.7311,0
resnet50,44,resnet50_s44,OFF,off/sceneN3/L5__s20260819__0000.png,sceneN3,off,B3b,16,B,3b,0.610036,-16.2467,-6.5053,60.6518,9.1828,0
resnet50,44,resnet50_s44,OFF,off/sceneN3/L5__s20260819__0000.png,sceneN3,off,C3b,17,C,3b,0.553588,-16.2467,-6.5053,60.6518,9.1828,0
resnet50,44,resnet50_s44,OFF,off/sceneN3/L5__s20260819__0001.png,sceneN3,off,C3b,17,C,3b,0.521623,-12.6534,1.5439,61.04,5.2884,0
resnet50,44,resnet50_s44,OFF,off/sceneN3/L5__s20260819__0002.png,sceneN3,off,B3b,16,B,3b,0.637684,-13.1516,1.5693,63.1068,1.7608,0
resnet50,44,resnet50_s44,OFF,off/sceneN3/L5__s20260819__0002.png,sceneN3,off,C3b,17,C,3b,0.899579,-13.1516,1.5693,63.1068,1.7608,0
resnet50,44,resnet50_s44,OFF,off/sceneN3/L5__s20260819__0004.png,sceneN3,off,C3b,17,C,3b,0.609756,-7.3546,-7.2186,63.4074,8.0992,0
resnet50,44,resnet50_s44,OFF,off/sceneN3/L5__s20260819__0005.png,sceneN3,off,C3b,17,C,3b,0.658413,-12.2129,-14.4798,63.1796,2.2677,0
resnet50,44,resnet50_s44,OFF,off/sceneN3/L5__s20260819__0006.png,sceneN3,off,B3b,16,B,3b,0.558341,-7.7849,2.4667,60.503,4.7311,0
resnet50,44,resnet50_s44,OFF,off/sceneN3/L5__s20260819__0006.png,sceneN3,off,C3b,17,C,3b,0.934098,-7.7849,2.4667,60.503,4.7311,0
resnet50,44,resnet50_s44,OFF,off/sceneN3/L5__s20260819__0006.png,sceneN3,off,D3b,18,D,3b,0.660038,-7.7849,2.4667,60.503,4.7311,0
resnet50,44,resnet50_s44,OFF,off/sceneN3/L5__s20260819__0007.png,sceneN3,off,C3b,17,C,3b,0.503963,-12.6477,6.8749,62.3125,1.3919,0
resnet50,44,resnet50_s44,OFF,off/sceneN3/L7__s20260819__0000.png,sceneN3,off,B3b,16,B,3b,0.507854,-16.2467,-6.5053,60.6518,9.1828,0
resnet50,44,resnet50_s44,OFF,off/sceneN3/L7__s20260819__0002.png,sceneN3,off,C3b,17,C,3b,0.835236,-13.1516,1.5693,63.1068,1.7608,0
resnet50,44,resnet50_s44,OFF,off/sceneN3/L7__s20260819__0005.png,sceneN3,off,C3b,17,C,3b,0.650605,-12.2129,-14.4798,63.1796,2.2677,0
resnet50,44,resnet50_s44,OFF,off/sceneN3/L7__s20260819__0006.png,sceneN3,off,B3b,16,B,3b,0.576418,-7.7849,2.4667,60.503,4.7311,0
resnet50,44,resnet50_s44,OFF,off/sceneN3/L7__s20260819__0006.png,sceneN3,off,C3b,17,C,3b,0.878334,-7.7849,2.4667,60.503,4.7311,0
resnet50,44,resnet50_s44,OFF,off/sceneN3/L7__s20260819__0006.png,sceneN3,off,D3b,18,D,3b,0.540977,-7.7849,2.4667,60.503,4.7311,0
resnet50,44,resnet50_s44,OFF,off/scene14/L7__s20260820__0002.png::boost_h,scene14,off,C3a,12,C,3a,0.544942,-7.0039,2.401,63.1403,11.657,0
resnet50,44,resnet50_s44,OFF,off/scene14/L7__s20260820__0002.png::boost_h,scene14,off,D3a,13,D,3a,0.538778,-7.0039,2.401,63.1403,11.657,0
resnet50,44,resnet50_s44,OFF,off/scene15/L0__s20260820__0000.png::boost_h,scene15,off,B3a,11,B,3a,0.519449,-13.637,-17.7914,62.7559,10.9914,0
resnet50,44,resnet50_s44,OFF,off/scene15/L0__s20260820__0000.png::boost_h,scene15,off,B3b,16,B,3b,0.545619,-13.637,-17.7914,62.7559,10.9914,0
resnet50,44,resnet50_s44,OFF,off/scene15/L4__s20260820__0000.png::boost_h,scene15,off,B3b,16,B,3b,0.552212,-13.637,-17.7914,62.7559,10.9914,0
resnet50,44,resnet50_s44,OFF,off/scene15/L4__s20260820__0005.png::boost_h,scene15,off,B3b,16,B,3b,0.661115,-5.4058,-7.3396,62.3314,9.8366,0
resnet50,44,resnet50_s44,OFF,off/scene15/L7__s20260820__0000.png::boost_h,scene15,off,B3a,11,B,3a,0.502335,-13.637,-17.7914,62.7559,10.9914,0
resnet50,44,resnet50_s44,OFF,off/scene15/L7__s20260820__0005.png::boost_h,scene15,off,B3b,16,B,3b,0.617115,-5.4058,-7.3396,62.3314,9.8366,0
resnet50,44,resnet50_s44,OFF,off/scene05/L0__s20260820__0001.png::boost_e,scene05,off,A3b,15,A,3b,0.7456,-5.7189,0.3564,61.8831,9.8857,0
resnet50,44,resnet50_s44,OFF,off/scene05/L0__s20260820__0001.png::boost_e,scene05,off,B3b,16,B,3b,0.916876,-5.7189,0.3564,61.8831,9.8857,0
resnet50,44,resnet50_s44,OFF,off/scene05/L0__s20260820__0001.png::boost_e,scene05,off,C3b,17,C,3b,0.969772,-5.7189,0.3564,61.8831,9.8857,0
resnet50,44,resnet50_s44,OFF,off/scene05/L0__s20260820__0001.png::boost_e,scene05,off,D3b,18,D,3b,0.666477,-5.7189,0.3564,61.8831,9.8857,0
resnet50,44,resnet50_s44,OFF,off/scene05/L0__s20260820__0002.png::boost_e,scene05,off,B3a,11,B,3a,0.517664,-5.4996,-9.2457,63.6695,7.7708,0
resnet50,44,resnet50_s44,OFF,off/scene05/L0__s20260820__0002.png::boost_e,scene05,off,B3b,16,B,3b,0.71624,-5.4996,-9.2457,63.6695,7.7708,0
resnet50,44,resnet50_s44,OFF,off/scene05/L0__s20260820__0002.png::boost_e,scene05,off,C3b,17,C,3b,0.903593,-5.4996,-9.2457,63.6695,7.7708,0
resnet50,44,resnet50_s44,OFF,off/scene05/L5__s20260820__0000.png::boost_e,scene05,off,A3b,15,A,3b,0.805719,-10.3105,7.3985,60.3309,7.0354,0
resnet50,44,resnet50_s44,OFF,off/scene05/L5__s20260820__0000.png::boost_e,scene05,off,B3b,16,B,3b,0.8789,-10.3105,7.3985,60.3309,7.0354,0
resnet50,44,resnet50_s44,OFF,off/scene05/L5__s20260820__0000.png::boost_e,scene05,off,C3b,17,C,3b,0.955585,-10.3105,7.3985,60.3309,7.0354,0
resnet50,44,resnet50_s44,OFF,off/scene05/L5__s20260820__0000.png::boost_e,scene05,off,D3b,18,D,3b,0.865232,-10.3105,7.3985,60.3309,7.0354,0
resnet50,44,resnet50_s44,OFF,off/scene05/L5__s20260820__0000.png::boost_e,scene05,off,E3b,19,E,3b,0.833352,-10.3105,7.3985,60.3309,7.0354,0
resnet50,44,resnet50_s44,OFF,off/scene05/L5__s20260820__0001.png::boost_e,scene05,off,B3a,11,B,3a,0.65358,-5.7189,0.3564,61.8831,9.8857,0
resnet50,44,resnet50_s44,OFF,off/scene05/L5__s20260820__0001.png::boost_e,scene05,off,C3a,12,C,3a,0.799515,-5.7189,0.3564,61.8831,9.8857,0
resnet50,44,resnet50_s44,OFF,off/scene05/L5__s20260820__0001.png::boost_e,scene05,off,D3a,13,D,3a,0.627307,-5.7189,0.3564,61.8831,9.8857,0
resnet50,44,resnet50_s44,OFF,off/scene05/L5__s20260820__0001.png::boost_e,scene05,off,A3b,15,A,3b,0.929832,-5.7189,0.3564,61.8831,9.8857,0
resnet50,44,resnet50_s44,OFF,off/scene05/L5__s20260820__0001.png::boost_e,scene05,off,B3b,16,B,3b,0.970436,-5.7189,0.3564,61.8831,9.8857,0
resnet50,44,resnet50_s44,OFF,off/scene05/L5__s20260820__0001.png::boost_e,scene05,off,C3b,17,C,3b,0.990113,-5.7189,0.3564,61.8831,9.8857,0
resnet50,44,resnet50_s44,OFF,off/scene05/L5__s20260820__0001.png::boost_e,scene05,off,D3b,18,D,3b,0.922896,-5.7189,0.3564,61.8831,9.8857,0
resnet50,44,resnet50_s44,OFF,off/scene05/L5__s20260820__0001.png::boost_e,scene05,off,E3b,19,E,3b,0.858534,-5.7189,0.3564,61.8831,9.8857,0
resnet50,44,resnet50_s44,OFF,off/scene05/L5__s20260820__0002.png::boost_e,scene05,off,A3b,15,A,3b,0.577294,-5.4996,-9.2457,63.6695,7.7708,0
resnet50,44,resnet50_s44,OFF,off/scene05/L5__s20260820__0002.png::boost_e,scene05,off,B3b,16,B,3b,0.900644,-5.4996,-9.2457,63.6695,7.7708,0
resnet50,44,resnet50_s44,OFF,off/scene05/L5__s20260820__0002.png::boost_e,scene05,off,C3b,17,C,3b,0.984018,-5.4996,-9.2457,63.6695,7.7708,0
resnet50,44,resnet50_s44,OFF,off/scene05/L5__s20260820__0002.png::boost_e,scene05,off,D3b,18,D,3b,0.798264,-5.4996,-9.2457,63.6695,7.7708,0
resnet50,44,resnet50_s44,OFF,off/scene05/L5__s20260820__0003.png::boost_e,scene05,off,B3b,16,B,3b,0.540821,-7.8027,0.1237,61.0834,6.3099,0
resnet50,44,resnet50_s44,OFF,off/scene05/L5__s20260820__0003.png::boost_e,scene05,off,C3b,17,C,3b,0.799003,-7.8027,0.1237,61.0834,6.3099,0
resnet50,44,resnet50_s44,OFF,off/scene05/L5__s20260820__0003.png::boost_e,scene05,off,D3b,18,D,3b,0.507691,-7.8027,0.1237,61.0834,6.3099,0
resnet50,44,resnet50_s44,OFF,off/scene05/L5__s20260820__0004.png::boost_e,scene05,off,A3b,15,A,3b,0.823391,-6.9904,-7.3983,63.483,6.1605,0
resnet50,44,resnet50_s44,OFF,off/scene05/L5__s20260820__0004.png::boost_e,scene05,off,B3b,16,B,3b,0.856239,-6.9904,-7.3983,63.483,6.1605,0
resnet50,44,resnet50_s44,OFF,off/scene05/L5__s20260820__0004.png::boost_e,scene05,off,C3b,17,C,3b,0.889256,-6.9904,-7.3983,63.483,6.1605,0
resnet50,44,resnet50_s44,OFF,off/scene05/L5__s20260820__0004.png::boost_e,scene05,off,D3b,18,D,3b,0.501145,-6.9904,-7.3983,63.483,6.1605,0
resnet50,44,resnet50_s44,OFF,off/scene05/L5__s20260820__0004.png::boost_e,scene05,off,E3b,19,E,3b,0.522797,-6.9904,-7.3983,63.483,6.1605,0
resnet50,44,resnet50_s44,OFF,off/scene05/L5__s20260820__0006.png::boost_e,scene05,off,B3b,16,B,3b,0.582876,-12.8982,-6.3539,61.1324,9.7574,0
resnet50,44,resnet50_s44,OFF,off/scene05/L5__s20260820__0006.png::boost_e,scene05,off,C3b,17,C,3b,0.775586,-12.8982,-6.3539,61.1324,9.7574,0
resnet50,44,resnet50_s44,OFF,off/scene05/L5__s20260820__0007.png::boost_e,scene05,off,A3b,15,A,3b,0.873244,-11.43,-6.2709,60.486,7.4493,0
resnet50,44,resnet50_s44,OFF,off/scene05/L5__s20260820__0007.png::boost_e,scene05,off,B3b,16,B,3b,0.914474,-11.43,-6.2709,60.486,7.4493,0
resnet50,44,resnet50_s44,OFF,off/scene05/L5__s20260820__0007.png::boost_e,scene05,off,C3b,17,C,3b,0.973755,-11.43,-6.2709,60.486,7.4493,0
resnet50,44,resnet50_s44,OFF,off/scene05/L5__s20260820__0007.png::boost_e,scene05,off,D3b,18,D,3b,0.877982,-11.43,-6.2709,60.486,7.4493,0
resnet50,44,resnet50_s44,OFF,off/scene05/L5__s20260820__0007.png::boost_e,scene05,off,E3b,19,E,3b,0.831962,-11.43,-6.2709,60.486,7.4493,0
resnet50,44,resnet50_s44,OFF,off/scene05/L7__s20260820__0000.png::boost_e,scene05,off,B3b,16,B,3b,0.511607,-10.3105,7.3985,60.3309,7.0354,0
resnet50,44,resnet50_s44,OFF,off/scene05/L7__s20260820__0000.png::boost_e,scene05,off,C3b,17,C,3b,0.753172,-10.3105,7.3985,60.3309,7.0354,0
resnet50,44,resnet50_s44,OFF,off/scene05/L7__s20260820__0000.png::boost_e,scene05,off,D3b,18,D,3b,0.524041,-10.3105,7.3985,60.3309,7.0354,0
resnet50,44,resnet50_s44,OFF,off/scene05/L7__s20260820__0001.png::boost_e,scene05,off,A3b,15,A,3b,0.813469,-5.7189,0.3564,61.8831,9.8857,0
resnet50,44,resnet50_s44,OFF,off/scene05/L7__s20260820__0001.png::boost_e,scene05,off,B3b,16,B,3b,0.941481,-5.7189,0.3564,61.8831,9.8857,0
resnet50,44,resnet50_s44,OFF,off/scene05/L7__s20260820__0001.png::boost_e,scene05,off,C3b,17,C,3b,0.952794,-5.7189,0.3564,61.8831,9.8857,0
resnet50,44,resnet50_s44,OFF,off/scene05/L7__s20260820__0002.png::boost_e,scene05,off,B3b,16,B,3b,0.713857,-5.4996,-9.2457,63.6695,7.7708,0
resnet50,44,resnet50_s44,OFF,off/scene05/L7__s20260820__0002.png::boost_e,scene05,off,C3b,17,C,3b,0.928563,-5.4996,-9.2457,63.6695,7.7708,0
resnet50,44,resnet50_s44,OFF,off/scene05/L7__s20260820__0007.png::boost_e,scene05,off,A3b,15,A,3b,0.836821,-11.43,-6.2709,60.486,7.4493,0
resnet50,44,resnet50_s44,OFF,off/scene05/L7__s20260820__0007.png::boost_e,scene05,off,B3b,16,B,3b,0.850296,-11.43,-6.2709,60.486,7.4493,0
resnet50,44,resnet50_s44,OFF,off/scene05/L7__s20260820__0007.png::boost_e,scene05,off,C3b,17,C,3b,0.955205,-11.43,-6.2709,60.486,7.4493,0
resnet50,44,resnet50_s44,OFF,off/scene05/L7__s20260820__0007.png::boost_e,scene05,off,D3b,18,D,3b,0.761441,-11.43,-6.2709,60.486,7.4493,0
resnet50,44,resnet50_s44,OFF,off/scene05/L7__s20260820__0007.png::boost_e,scene05,off,E3b,19,E,3b,0.735828,-11.43,-6.2709,60.486,7.4493,0
resnet50,44,resnet50_s44,OFF,off/scene15/L0__s20260820__0000.png::boost_e,scene15,off,B3a,11,B,3a,0.505247,-13.637,-17.7914,62.7559,10.9914,0
resnet50,44,resnet50_s44,OFF,off/scene15/L0__s20260820__0000.png::boost_e,scene15,off,B3b,16,B,3b,0.54688,-13.637,-17.7914,62.7559,10.9914,0
resnet50,44,resnet50_s44,OFF,off/scene15/L4__s20260820__0000.png::boost_e,scene15,off,B3b,16,B,3b,0.574012,-13.637,-17.7914,62.7559,10.9914,0
resnet50,44,resnet50_s44,OFF,off/scene15/L4__s20260820__0005.png::boost_e,scene15,off,B3b,16,B,3b,0.694607,-5.4058,-7.3396,62.3314,9.8366,0
resnet50,44,resnet50_s44,OFF,off/scene15/L4__s20260820__0007.png::boost_e,scene15,off,B3b,16,B,3b,0.681108,-9.4753,-12.4083,62.4936,8.3783,0
resnet50,44,resnet50_s44,OFF,off/scene15/L7__s20260820__0005.png::boost_e,scene15,off,B3b,16,B,3b,0.648678,-5.4058,-7.3396,62.3314,9.8366,0
resnet50,44,resnet50_s44,OFF,off/scene15/L7__s20260820__0007.png::boost_e,scene15,off,B3b,16,B,3b,0.548944,-9.4753,-12.4083,62.4936,8.3783,0
resnet50,44,resnet50_s44,OFF,off/scene18/L5__s20260820__0005.png::boost_e,scene18,off,C3a,12,C,3a,0.664782,-10.8924,-2.0965,60.6044,6.3047,0
resnet50,44,resnet50_s44,OFF,off/scene18/L5__s20260820__0006.png::boost_e,scene18,off,C3a,12,C,3a,0.652849,-9.0932,1.6737,60.8772,6.4479,0
resnet50,44,resnet50_s44,OFF,off/scene05/L0__s20260821__0006.png::boost_e2,scene05,off,C3a,12,C,3a,0.55555,-4.6329,-0.5322,62.7745,5.8797,0
resnet50,44,resnet50_s44,OFF,off/scene05/L0__s20260821__0006.png::boost_e2,scene05,off,A3b,15,A,3b,0.850049,-4.6329,-0.5322,62.7745,5.8797,0
resnet50,44,resnet50_s44,OFF,off/scene05/L0__s20260821__0006.png::boost_e2,scene05,off,B3b,16,B,3b,0.717901,-4.6329,-0.5322,62.7745,5.8797,0
resnet50,44,resnet50_s44,OFF,off/scene05/L0__s20260821__0006.png::boost_e2,scene05,off,C3b,17,C,3b,0.726531,-4.6329,-0.5322,62.7745,5.8797,0
resnet50,44,resnet50_s44,OFF,off/scene05/L0__s20260821__0006.png::boost_e2,scene05,off,D3b,18,D,3b,0.541974,-4.6329,-0.5322,62.7745,5.8797,0
resnet50,44,resnet50_s44,OFF,off/scene05/L0__s20260821__0006.png::boost_e2,scene05,off,E3b,19,E,3b,0.764181,-4.6329,-0.5322,62.7745,5.8797,0
resnet50,44,resnet50_s44,OFF,off/scene05/L0__s20260821__0007.png::boost_e2,scene05,off,B3a,11,B,3a,0.540355,-3.79,-2.1479,63.1629,5.4524,0
resnet50,44,resnet50_s44,OFF,off/scene05/L0__s20260821__0007.png::boost_e2,scene05,off,C3a,12,C,3a,0.812425,-3.79,-2.1479,63.1629,5.4524,0
resnet50,44,resnet50_s44,OFF,off/scene05/L0__s20260821__0007.png::boost_e2,scene05,off,D3a,13,D,3a,0.708197,-3.79,-2.1479,63.1629,5.4524,0
resnet50,44,resnet50_s44,OFF,off/scene05/L0__s20260821__0007.png::boost_e2,scene05,off,E3a,14,E,3a,0.584408,-3.79,-2.1479,63.1629,5.4524,0
resnet50,44,resnet50_s44,OFF,off/scene05/L0__s20260821__0007.png::boost_e2,scene05,off,A3b,15,A,3b,0.936412,-3.79,-2.1479,63.1629,5.4524,0
resnet50,44,resnet50_s44,OFF,off/scene05/L0__s20260821__0007.png::boost_e2,scene05,off,B3b,16,B,3b,0.812063,-3.79,-2.1479,63.1629,5.4524,0
resnet50,44,resnet50_s44,OFF,off/scene05/L0__s20260821__0007.png::boost_e2,scene05,off,C3b,17,C,3b,0.865535,-3.79,-2.1479,63.1629,5.4524,0
resnet50,44,resnet50_s44,OFF,off/scene05/L0__s20260821__0007.png::boost_e2,scene05,off,D3b,18,D,3b,0.756965,-3.79,-2.1479,63.1629,5.4524,0
resnet50,44,resnet50_s44,OFF,off/scene05/L0__s20260821__0007.png::boost_e2,scene05,off,E3b,19,E,3b,0.927575,-3.79,-2.1479,63.1629,5.4524,0
resnet50,44,resnet50_s44,OFF,off/scene05/L5__s20260821__0000.png::boost_e2,scene05,off,C3b,17,C,3b,0.504791,-9.2269,3.34,61.3567,7.9689,0
resnet50,44,resnet50_s44,OFF,off/scene05/L5__s20260821__0002.png::boost_e2,scene05,off,A3b,15,A,3b,0.50716,-15.7704,1.4372,61.5149,5.9617,0
resnet50,44,resnet50_s44,OFF,off/scene05/L5__s20260821__0002.png::boost_e2,scene05,off,E3b,19,E,3b,0.590295,-15.7704,1.4372,61.5149,5.9617,0
resnet50,44,resnet50_s44,OFF,off/scene05/L5__s20260821__0006.png::boost_e2,scene05,off,A3b,15,A,3b,0.791839,-4.6329,-0.5322,62.7745,5.8797,0
resnet50,44,resnet50_s44,OFF,off/scene05/L5__s20260821__0006.png::boost_e2,scene05,off,B3b,16,B,3b,0.759162,-4.6329,-0.5322,62.7745,5.8797,0
resnet50,44,resnet50_s44,OFF,off/scene05/L5__s20260821__0006.png::boost_e2,scene05,off,C3b,17,C,3b,0.805485,-4.6329,-0.5322,62.7745,5.8797,0
resnet50,44,resnet50_s44,OFF,off/scene05/L5__s20260821__0006.png::boost_e2,scene05,off,D3b,18,D,3b,0.609526,-4.6329,-0.5322,62.7745,5.8797,0
resnet50,44,resnet50_s44,OFF,off/scene05/L5__s20260821__0006.png::boost_e2,scene05,off,E3b,19,E,3b,0.713276,-4.6329,-0.5322,62.7745,5.8797,0
resnet50,44,resnet50_s44,OFF,off/scene05/L5__s20260821__0007.png::boost_e2,scene05,off,A3b,15,A,3b,0.52249,-3.79,-2.1479,63.1629,5.4524,0
resnet50,44,resnet50_s44,OFF,off/scene05/L5__s20260821__0007.png::boost_e2,scene05,off,C3b,17,C,3b,0.59842,-3.79,-2.1479,63.1629,5.4524,0
resnet50,44,resnet50_s44,OFF,off/scene05/L5__s20260821__0007.png::boost_e2,scene05,off,E3b,19,E,3b,0.636502,-3.79,-2.1479,63.1629,5.4524,0
resnet50,44,resnet50_s44,OFF,off/scene05/L7__s20260821__0004.png::boost_e2,scene05,off,B3a,11,B,3a,0.62672,-5.7278,-7.1228,63.154,4.5329,0
resnet50,44,resnet50_s44,OFF,off/scene05/L7__s20260821__0004.png::boost_e2,scene05,off,C3a,12,C,3a,0.643087,-5.7278,-7.1228,63.154,4.5329,0
resnet50,44,resnet50_s44,OFF,off/scene05/L7__s20260821__0004.png::boost_e2,scene05,off,A3b,15,A,3b,0.776066,-5.7278,-7.1228,63.154,4.5329,0
resnet50,44,resnet50_s44,OFF,off/scene05/L7__s20260821__0004.png::boost_e2,scene05,off,B3b,16,B,3b,0.688488,-5.7278,-7.1228,63.154,4.5329,0
resnet50,44,resnet50_s44,OFF,off/scene05/L7__s20260821__0004.png::boost_e2,scene05,off,C3b,17,C,3b,0.735694,-5.7278,-7.1228,63.154,4.5329,0
resnet50,44,resnet50_s44,OFF,off/scene05/L7__s20260821__0006.png::boost_e2,scene05,off,A3b,15,A,3b,0.756802,-4.6329,-0.5322,62.7745,5.8797,0
resnet50,44,resnet50_s44,OFF,off/scene05/L7__s20260821__0006.png::boost_e2,scene05,off,B3b,16,B,3b,0.647883,-4.6329,-0.5322,62.7745,5.8797,0
resnet50,44,resnet50_s44,OFF,off/scene05/L7__s20260821__0006.png::boost_e2,scene05,off,C3b,17,C,3b,0.583175,-4.6329,-0.5322,62.7745,5.8797,0
resnet50,44,resnet50_s44,OFF,off/scene05/L7__s20260821__0006.png::boost_e2,scene05,off,E3b,19,E,3b,0.701902,-4.6329,-0.5322,62.7745,5.8797,0
resnet50,44,resnet50_s44,OFF,off/scene18/L5__s20260821__0002.png::boost_e2,scene18,off,C3a,12,C,3a,0.802422,-8.9683,14.9838,61.9861,5.8493,0
resnet50,44,resnet50_s44,OFF,off/scene18/L5__s20260821__0002.png::boost_e2,scene18,off,D3a,13,D,3a,0.886507,-8.9683,14.9838,61.9861,5.8493,0
resnet50,44,resnet50_s44,OFF,off/scene18/L5__s20260821__0002.png::boost_e2,scene18,off,E3a,14,E,3a,0.883613,-8.9683,14.9838,61.9861,5.8493,0
resnet50,44,resnet50_s44,OFF,off/scene18/L5__s20260821__0002.png::boost_e2,scene18,off,E3b,19,E,3b,0.567614,-8.9683,14.9838,61.9861,5.8493,0
resnet50,44,resnet50_s44,OFF,off/scene18/L5__s20260821__0004.png::boost_e2,scene18,off,B3a,11,B,3a,0.691541,-5.9762,12.1226,62.7369,6.2891,0
resnet50,44,resnet50_s44,OFF,off/scene18/L5__s20260821__0004.png::boost_e2,scene18,off,C3a,12,C,3a,0.88909,-5.9762,12.1226,62.7369,6.2891,0
resnet50,44,resnet50_s44,OFF,off/scene18/L5__s20260821__0004.png::boost_e2,scene18,off,D3a,13,D,3a,0.93302,-5.9762,12.1226,62.7369,6.2891,0
resnet50,44,resnet50_s44,OFF,off/scene18/L5__s20260821__0004.png::boost_e2,scene18,off,E3a,14,E,3a,0.919524,-5.9762,12.1226,62.7369,6.2891,0
resnet50,44,resnet50_s44,OFF,off/scene18/L5__s20260821__0004.png::boost_e2,scene18,off,E3b,19,E,3b,0.764797,-5.9762,12.1226,62.7369,6.2891,0
resnet50,44,resnet50_s44,OFF,off/scene18/L5__s20260821__0005.png::boost_e2,scene18,off,C3a,12,C,3a,0.51659,-9.7583,2.6568,60.7358,7.2478,0
resnet50,44,resnet50_s44,OFF,off/scene18/L5__s20260821__0005.png::boost_e2,scene18,off,D3a,13,D,3a,0.584759,-9.7583,2.6568,60.7358,7.2478,0
resnet50,44,resnet50_s44,OFF,off/scene18/L5__s20260821__0005.png::boost_e2,scene18,off,E3a,14,E,3a,0.534762,-9.7583,2.6568,60.7358,7.2478,0
resnet50,44,resnet50_s44,OFF,off/scene18/L5__s20260821__0007.png::boost_e2,scene18,off,C3a,12,C,3a,0.561817,-10.8723,-9.5014,63.9457,6.7865,0
resnet50,44,resnet50_s44,OFF,off/scene18/L5__s20260821__0007.png::boost_e2,scene18,off,D3a,13,D,3a,0.56912,-10.8723,-9.5014,63.9457,6.7865,0
resnet50,44,resnet50_s44,OFF,off/scene18/L5__s20260821__0007.png::boost_e2,scene18,off,E3a,14,E,3a,0.503432,-10.8723,-9.5014,63.9457,6.7865,0
resnet50,44,resnet50_s44,OFF,off/scene18/L7__s20260821__0002.png::boost_e2,scene18,off,D3a,13,D,3a,0.603404,-8.9683,14.9838,61.9861,5.8493,0
resnet50,44,resnet50_s44,OFF,off/scene18/L7__s20260821__0002.png::boost_e2,scene18,off,E3a,14,E,3a,0.602947,-8.9683,14.9838,61.9861,5.8493,0
resnet50,44,resnet50_s44,ON_NEG,on/scene05/L0__s20260819__0001.png,scene05,V,C3a,12,C,3a,0.640062,-15.173,12.161,60.0807,9.829,0
resnet50,44,resnet50_s44,ON_NEG,on/scene05/L0__s20260819__0001.png,scene05,V,D3a,13,D,3a,0.800061,-15.173,12.161,60.0807,9.829,0
resnet50,44,resnet50_s44,ON_NEG,on/scene05/L0__s20260819__0001.png,scene05,V,E3a,14,E,3a,0.588318,-15.173,12.161,60.0807,9.829,0
resnet50,44,resnet50_s44,ON_NEG,on/scene05/L5__s20260819__0001.png,scene05,V,D3a,13,D,3a,0.530677,-15.173,12.161,60.0807,9.829,0
resnet50,44,resnet50_s44,ON_NEG,on/scene05/L5__s20260819__0002.png,scene05,V,B3a,11,B,3a,0.682816,-10.3814,-5.3811,61.849,10.1547,0
resnet50,44,resnet50_s44,ON_NEG,on/scene05/L5__s20260819__0002.png,scene05,V,C3a,12,C,3a,0.55477,-10.3814,-5.3811,61.849,10.1547,0
resnet50,44,resnet50_s44,ON_NEG,on/scene05/L5__s20260819__0002.png,scene05,V,D3a,13,D,3a,0.650047,-10.3814,-5.3811,61.849,10.1547,0
resnet50,44,resnet50_s44,ON_NEG,on/scene05/L7__s20260819__0001.png,scene05,V,C3a,12,C,3a,0.732901,-15.173,12.161,60.0807,9.829,0
resnet50,44,resnet50_s44,ON_NEG,on/scene05/L7__s20260819__0001.png,scene05,V,D3a,13,D,3a,0.907503,-15.173,12.161,60.0807,9.829,0
resnet50,44,resnet50_s44,ON_NEG,on/scene05/L7__s20260819__0001.png,scene05,V,E3a,14,E,3a,0.72798,-15.173,12.161,60.0807,9.829,0
resnet50,44,resnet50_s44,ON_NEG,on/scene07/L0__s20260819__0001.png,scene07,none_in_fov,C3a,12,C,3a,0.651936,-12.4971,7.4345,61.4783,11.6559,0
resnet50,44,resnet50_s44,ON_NEG,on/scene07/L0__s20260819__0001.png,scene07,none_in_fov,D3a,13,D,3a,0.545316,-12.4971,7.4345,61.4783,11.6559,0
resnet50,44,resnet50_s44,ON_NEG,on/scene07/L0__s20260819__0001.png,scene07,none_in_fov,B3b,16,B,3b,0.504624,-12.4971,7.4345,61.4783,11.6559,0
resnet50,44,resnet50_s44,ON_NEG,on/scene07/L0__s20260819__0001.png,scene07,none_in_fov,C3b,17,C,3b,0.965729,-12.4971,7.4345,61.4783,11.6559,0
resnet50,44,resnet50_s44,ON_NEG,on/scene07/L0__s20260819__0002.png,scene07,V,C3a,12,C,3a,0.561983,-7.922,-1.0116,61.5513,7.0947,0
resnet50,44,resnet50_s44,ON_NEG,on/scene07/L0__s20260819__0002.png,scene07,V,D3a,13,D,3a,0.59664,-7.922,-1.0116,61.5513,7.0947,0
resnet50,44,resnet50_s44,ON_NEG,on/scene07/L0__s20260819__0003.png,scene07,V,E2,9,E,2,0.558188,-9.8928,4.8712,61.7741,2.4361,0
resnet50,44,resnet50_s44,ON_NEG,on/scene07/L0__s20260819__0003.png,scene07,V,E3a,14,E,3a,0.791512,-9.8928,4.8712,61.7741,2.4361,0
resnet50,44,resnet50_s44,ON_NEG,on/scene07/L0__s20260819__0003.png,scene07,V,D3b,18,D,3b,0.94837,-9.8928,4.8712,61.7741,2.4361,0
resnet50,44,resnet50_s44,ON_NEG,on/scene07/L0__s20260819__0003.png,scene07,V,E3b,19,E,3b,0.939968,-9.8928,4.8712,61.7741,2.4361,0
resnet50,44,resnet50_s44,ON_NEG,on/scene07/L0__s20260819__0004.png,scene07,V,C3b,17,C,3b,0.518722,-12.8155,-12.0811,63.2809,3.8019,0
resnet50,44,resnet50_s44,ON_NEG,on/scene07/L0__s20260819__0007.png,scene07,V,C3b,17,C,3b,0.615882,-9.7299,-3.7756,59.9335,3.9995,0
resnet50,44,resnet50_s44,ON_NEG,on/scene07/L5__s20260819__0001.png,scene07,none_in_fov,B3a,11,B,3a,0.633205,-12.4971,7.4345,61.4783,11.6559,0
resnet50,44,resnet50_s44,ON_NEG,on/scene07/L5__s20260819__0001.png,scene07,none_in_fov,C3a,12,C,3a,0.773237,-12.4971,7.4345,61.4783,11.6559,0
resnet50,44,resnet50_s44,ON_NEG,on/scene07/L5__s20260819__0001.png,scene07,none_in_fov,D3a,13,D,3a,0.7211,-12.4971,7.4345,61.4783,11.6559,0
resnet50,44,resnet50_s44,ON_NEG,on/scene07/L5__s20260819__0001.png,scene07,none_in_fov,B3b,16,B,3b,0.543743,-12.4971,7.4345,61.4783,11.6559,0
resnet50,44,resnet50_s44,ON_NEG,on/scene07/L5__s20260819__0001.png,scene07,none_in_fov,C3b,17,C,3b,0.968332,-12.4971,7.4345,61.4783,11.6559,0
resnet50,44,resnet50_s44,ON_NEG,on/scene07/L5__s20260819__0001.png,scene07,none_in_fov,D3b,18,D,3b,0.532769,-12.4971,7.4345,61.4783,11.6559,0
resnet50,44,resnet50_s44,ON_NEG,on/scene07/L5__s20260819__0003.png,scene07,V,E3a,14,E,3a,0.568203,-9.8928,4.8712,61.7741,2.4361,0
resnet50,44,resnet50_s44,ON_NEG,on/scene07/L5__s20260819__0003.png,scene07,V,D3b,18,D,3b,0.873909,-9.8928,4.8712,61.7741,2.4361,0
resnet50,44,resnet50_s44,ON_NEG,on/scene07/L5__s20260819__0003.png,scene07,V,E3b,19,E,3b,0.835539,-9.8928,4.8712,61.7741,2.4361,0
resnet50,44,resnet50_s44,ON_NEG,on/scene07/L7__s20260819__0001.png,scene07,none_in_fov,C3b,17,C,3b,0.844034,-12.4971,7.4345,61.4783,11.6559,0
resnet50,44,resnet50_s44,ON_NEG,on/scene07/L7__s20260819__0003.png,scene07,V,A2,5,A,2,0.631396,-9.8928,4.8712,61.7741,2.4361,0
resnet50,44,resnet50_s44,ON_NEG,on/scene07/L7__s20260819__0003.png,scene07,V,E2,9,E,2,0.688038,-9.8928,4.8712,61.7741,2.4361,0
resnet50,44,resnet50_s44,ON_NEG,on/scene07/L7__s20260819__0003.png,scene07,V,E3a,14,E,3a,0.78396,-9.8928,4.8712,61.7741,2.4361,0
resnet50,44,resnet50_s44,ON_NEG,on/scene07/L7__s20260819__0003.png,scene07,V,D3b,18,D,3b,0.9269,-9.8928,4.8712,61.7741,2.4361,0
resnet50,44,resnet50_s44,ON_NEG,on/scene07/L7__s20260819__0003.png,scene07,V,E3b,19,E,3b,0.930344,-9.8928,4.8712,61.7741,2.4361,0
resnet50,44,resnet50_s44,ON_NEG,on/scene15/L4__s20260819__0003.png,scene15,V,B3b,16,B,3b,0.784368,-13.9162,-3.4361,63.7846,1.3693,0
resnet50,44,resnet50_s44,ON_NEG,on/scene15/L4__s20260819__0005.png,scene15,V,B3b,16,B,3b,0.698123,-12.9205,6.4099,63.9932,3.0224,0
resnet50,44,resnet50_s44,ON_NEG,on/scene15/L4__s20260819__0006.png,scene15,V,C3b,17,C,3b,0.789968,-9.1914,-18.2162,60.3765,2.2421,0
resnet50,44,resnet50_s44,ON_NEG,on/scene15/L7__s20260819__0003.png,scene15,V,B3b,16,B,3b,0.882998,-13.9162,-3.4361,63.7846,1.3693,0
resnet50,44,resnet50_s44,ON_NEG,on/scene15/L7__s20260819__0005.png,scene15,V,B3b,16,B,3b,0.630834,-12.9205,6.4099,63.9932,3.0224,0
resnet50,44,resnet50_s44,ON_NEG,on/scene15/L7__s20260819__0006.png,scene15,V,C3b,17,C,3b,0.641,-9.1914,-18.2162,60.3765,2.2421,0
resnet50,44,resnet50_s44,ON_NEG,on/scene18/L0__s20260819__0002.png,scene18,E,E3b,19,E,3b,0.51937,-17.1516,-15.9889,62.3123,10.4512,0
resnet50,44,resnet50_s44,ON_NEG,on/scene18/L0__s20260819__0006.png,scene18,E,B2,6,B,2,0.591917,-12.0517,-2.6405,64.1763,5.9593,0
resnet50,44,resnet50_s44,ON_NEG,on/scene18/L0__s20260819__0006.png,scene18,E,C2,7,C,2,0.643972,-12.0517,-2.6405,64.1763,5.9593,0
resnet50,44,resnet50_s44,ON_NEG,on/scene18/L0__s20260819__0006.png,scene18,E,D2,8,D,2,0.605087,-12.0517,-2.6405,64.1763,5.9593,0
resnet50,44,resnet50_s44,ON_NEG,on/scene18/L0__s20260819__0007.png,scene18,E,A3a,10,A,3a,0.559148,-11.7108,4.6011,63.4304,11.2418,0
resnet50,44,resnet50_s44,ON_NEG,on/scene18/L0__s20260819__0007.png,scene18,E,B3a,11,B,3a,0.752122,-11.7108,4.6011,63.4304,11.2418,0
resnet50,44,resnet50_s44,ON_NEG,on/scene18/L0__s20260819__0007.png,scene18,E,C3a,12,C,3a,0.835013,-11.7108,4.6011,63.4304,11.2418,0
resnet50,44,resnet50_s44,ON_NEG,on/scene18/L0__s20260819__0007.png,scene18,E,D3a,13,D,3a,0.854561,-11.7108,4.6011,63.4304,11.2418,0
resnet50,44,resnet50_s44,ON_NEG,on/scene18/L0__s20260819__0007.png,scene18,E,E3a,14,E,3a,0.757927,-11.7108,4.6011,63.4304,11.2418,0
resnet50,44,resnet50_s44,ON_NEG,on/scene18/L0__s20260819__0007.png,scene18,E,A3b,15,A,3b,0.852796,-11.7108,4.6011,63.4304,11.2418,0
resnet50,44,resnet50_s44,ON_NEG,on/scene18/L5__s20260819__0007.png,scene18,E,C3a,12,C,3a,0.621846,-11.7108,4.6011,63.4304,11.2418,0
resnet50,44,resnet50_s44,ON_NEG,on/scene18/L5__s20260819__0007.png,scene18,E,D3a,13,D,3a,0.696403,-11.7108,4.6011,63.4304,11.2418,0
resnet50,44,resnet50_s44,ON_NEG,on/scene18/L5__s20260819__0007.png,scene18,E,E3a,14,E,3a,0.650853,-11.7108,4.6011,63.4304,11.2418,0
resnet50,44,resnet50_s44,ON_NEG,on/scene18/L5__s20260819__0007.png,scene18,E,A3b,15,A,3b,0.533025,-11.7108,4.6011,63.4304,11.2418,0
resnet50,44,resnet50_s44,ON_NEG,on/scene18/L7__s20260819__0002.png,scene18,E,E3b,19,E,3b,0.568268,-17.1516,-15.9889,62.3123,10.4512,0
resnet50,44,resnet50_s44,ON_NEG,on/scene18/L7__s20260819__0006.png,scene18,E,B2,6,B,2,0.519598,-12.0517,-2.6405,64.1763,5.9593,0
resnet50,44,resnet50_s44,ON_NEG,on/scene18/L7__s20260819__0006.png,scene18,E,C2,7,C,2,0.558895,-12.0517,-2.6405,64.1763,5.9593,0
resnet50,44,resnet50_s44,ON_NEG,on/scene18/L7__s20260819__0006.png,scene18,E,D2,8,D,2,0.514116,-12.0517,-2.6405,64.1763,5.9593,0
resnet50,44,resnet50_s44,ON_NEG,on/scene18/L7__s20260819__0007.png,scene18,E,B3a,11,B,3a,0.688162,-11.7108,4.6011,63.4304,11.2418,0
resnet50,44,resnet50_s44,ON_NEG,on/scene18/L7__s20260819__0007.png,scene18,E,C3a,12,C,3a,0.778495,-11.7108,4.6011,63.4304,11.2418,0
resnet50,44,resnet50_s44,ON_NEG,on/scene18/L7__s20260819__0007.png,scene18,E,D3a,13,D,3a,0.811319,-11.7108,4.6011,63.4304,11.2418,0
resnet50,44,resnet50_s44,ON_NEG,on/scene18/L7__s20260819__0007.png,scene18,E,E3a,14,E,3a,0.709652,-11.7108,4.6011,63.4304,11.2418,0
resnet50,44,resnet50_s44,ON_NEG,on/scene18/L7__s20260819__0007.png,scene18,E,A3b,15,A,3b,0.779251,-11.7108,4.6011,63.4304,11.2418,0
resnet50,44,resnet50_s44,ON_NEG,on/sceneC2/L2__s20260819__0001.png,sceneC2,V,D3b,18,D,3b,0.854604,-13.4518,-13.0389,63.5306,6.8638,0
resnet50,44,resnet50_s44,ON_NEG,on/sceneC2/L2__s20260819__0001.png,sceneC2,V,E3b,19,E,3b,0.873549,-13.4518,-13.0389,63.5306,6.8638,0
resnet50,44,resnet50_s44,ON_NEG,on/sceneC2/L2__s20260819__0002.png,sceneC2,V,B3a,11,B,3a,0.714829,-11.6494,-2.9872,60.6739,8.321,0
resnet50,44,resnet50_s44,ON_NEG,on/sceneC2/L2__s20260819__0002.png,sceneC2,V,C3a,12,C,3a,0.739195,-11.6494,-2.9872,60.6739,8.321,0
resnet50,44,resnet50_s44,ON_NEG,on/sceneC2/L2__s20260819__0002.png,sceneC2,V,D3a,13,D,3a,0.643906,-11.6494,-2.9872,60.6739,8.321,0
resnet50,44,resnet50_s44,ON_NEG,on/sceneC2/L2__s20260819__0002.png,sceneC2,V,A3b,15,A,3b,0.972792,-11.6494,-2.9872,60.6739,8.321,0
resnet50,44,resnet50_s44,ON_NEG,on/sceneC2/L2__s20260819__0002.png,sceneC2,V,D3b,18,D,3b,0.935957,-11.6494,-2.9872,60.6739,8.321,0
resnet50,44,resnet50_s44,ON_NEG,on/sceneC2/L2__s20260819__0002.png,sceneC2,V,E3b,19,E,3b,0.967705,-11.6494,-2.9872,60.6739,8.321,0
resnet50,44,resnet50_s44,ON_NEG,on/sceneC2/L2__s20260819__0006.png,sceneC2,V,A3a,10,A,3a,0.546238,-11.6055,-2.8331,61.0412,4.3157,0
resnet50,44,resnet50_s44,ON_NEG,on/sceneC2/L3__s20260819__0001.png,sceneC2,V,D3a,13,D,3a,0.519454,-13.4518,-13.0389,63.5306,6.8638,0
resnet50,44,resnet50_s44,ON_NEG,on/sceneC2/L3__s20260819__0001.png,sceneC2,V,D3b,18,D,3b,0.856033,-13.4518,-13.0389,63.5306,6.8638,0
resnet50,44,resnet50_s44,ON_NEG,on/sceneC2/L3__s20260819__0001.png,sceneC2,V,E3b,19,E,3b,0.877041,-13.4518,-13.0389,63.5306,6.8638,0
resnet50,44,resnet50_s44,ON_NEG,on/sceneC2/L3__s20260819__0002.png,sceneC2,V,B3a,11,B,3a,0.621637,-11.6494,-2.9872,60.6739,8.321,0
resnet50,44,resnet50_s44,ON_NEG,on/sceneC2/L3__s20260819__0002.png,sceneC2,V,C3a,12,C,3a,0.601745,-11.6494,-2.9872,60.6739,8.321,0
resnet50,44,resnet50_s44,ON_NEG,on/sceneC2/L3__s20260819__0002.png,sceneC2,V,D3a,13,D,3a,0.565595,-11.6494,-2.9872,60.6739,8.321,0
resnet50,44,resnet50_s44,ON_NEG,on/sceneC2/L3__s20260819__0002.png,sceneC2,V,A3b,15,A,3b,0.934693,-11.6494,-2.9872,60.6739,8.321,0
resnet50,44,resnet50_s44,ON_NEG,on/sceneC2/L3__s20260819__0002.png,sceneC2,V,D3b,18,D,3b,0.916436,-11.6494,-2.9872,60.6739,8.321,0
resnet50,44,resnet50_s44,ON_NEG,on/sceneC2/L3__s20260819__0002.png,sceneC2,V,E3b,19,E,3b,0.931396,-11.6494,-2.9872,60.6739,8.321,0
resnet50,44,resnet50_s44,ON_NEG,on/sceneC2/L7__s20260819__0000.png,sceneC2,V,E3a,14,E,3a,0.614673,-3.8125,-12.3059,62.9162,2.4832,0
resnet50,44,resnet50_s44,ON_NEG,on/sceneC2/L7__s20260819__0001.png,sceneC2,V,D3b,18,D,3b,0.815914,-13.4518,-13.0389,63.5306,6.8638,0
resnet50,44,resnet50_s44,ON_NEG,on/sceneC2/L7__s20260819__0001.png,sceneC2,V,E3b,19,E,3b,0.848915,-13.4518,-13.0389,63.5306,6.8638,0
resnet50,44,resnet50_s44,ON_NEG,on/sceneC2/L7__s20260819__0002.png,sceneC2,V,B3a,11,B,3a,0.643254,-11.6494,-2.9872,60.6739,8.321,0
resnet50,44,resnet50_s44,ON_NEG,on/sceneC2/L7__s20260819__0002.png,sceneC2,V,C3a,12,C,3a,0.649939,-11.6494,-2.9872,60.6739,8.321,0
resnet50,44,resnet50_s44,ON_NEG,on/sceneC2/L7__s20260819__0002.png,sceneC2,V,D3a,13,D,3a,0.605381,-11.6494,-2.9872,60.6739,8.321,0
resnet50,44,resnet50_s44,ON_NEG,on/sceneC2/L7__s20260819__0002.png,sceneC2,V,A3b,15,A,3b,0.930808,-11.6494,-2.9872,60.6739,8.321,0
resnet50,44,resnet50_s44,ON_NEG,on/sceneC2/L7__s20260819__0002.png,sceneC2,V,D3b,18,D,3b,0.89856,-11.6494,-2.9872,60.6739,8.321,0
resnet50,44,resnet50_s44,ON_NEG,on/sceneC2/L7__s20260819__0002.png,sceneC2,V,E3b,19,E,3b,0.922987,-11.6494,-2.9872,60.6739,8.321,0
resnet50,44,resnet50_s44,ON_NEG,on/sceneC2/L7__s20260819__0004.png,sceneC2,V,A3a,10,A,3a,0.50488,-13.5389,11.6475,61.7574,2.2154,0
resnet50,44,resnet50_s44,ON_NEG,on/sceneC2/L7__s20260819__0005.png,sceneC2,V,E3a,14,E,3a,0.504841,-13.9053,-4.7076,63.4803,4.5522,0
resnet50,44,resnet50_s44,ON_NEG,on/sceneN3/L0__s20260819__0002.png,sceneN3,none_in_fov,C3b,17,C,3b,0.600643,-13.1516,1.5693,63.1068,1.7608,0
resnet50,44,resnet50_s44,ON_NEG,on/sceneN3/L0__s20260819__0005.png,sceneN3,none_in_fov,B3b,16,B,3b,0.52978,-12.2129,-14.4798,63.1796,2.2677,0
resnet50,44,resnet50_s44,ON_NEG,on/sceneN3/L0__s20260819__0005.png,sceneN3,none_in_fov,C3b,17,C,3b,0.67901,-12.2129,-14.4798,63.1796,2.2677,0
resnet50,44,resnet50_s44,ON_NEG,on/sceneN3/L0__s20260819__0006.png,sceneN3,none_in_fov,B3b,16,B,3b,0.601234,-7.7849,2.4667,60.503,4.7311,0
resnet50,44,resnet50_s44,ON_NEG,on/sceneN3/L0__s20260819__0006.png,sceneN3,none_in_fov,C3b,17,C,3b,0.926123,-7.7849,2.4667,60.503,4.7311,0
resnet50,44,resnet50_s44,ON_NEG,on/sceneN3/L0__s20260819__0006.png,sceneN3,none_in_fov,D3b,18,D,3b,0.553138,-7.7849,2.4667,60.503,4.7311,0
resnet50,44,resnet50_s44,ON_NEG,on/sceneN3/L0__s20260819__0007.png,sceneN3,none_in_fov,B3b,16,B,3b,0.509534,-12.6477,6.8749,62.3125,1.3919,0
resnet50,44,resnet50_s44,ON_NEG,on/sceneN3/L0__s20260819__0007.png,sceneN3,none_in_fov,C3b,17,C,3b,0.798343,-12.6477,6.8749,62.3125,1.3919,0
resnet50,44,resnet50_s44,ON_NEG,on/sceneN3/L0__s20260819__0007.png,sceneN3,none_in_fov,D3b,18,D,3b,0.641092,-12.6477,6.8749,62.3125,1.3919,0
resnet50,44,resnet50_s44,ON_NEG,on/sceneN3/L0__s20260819__0007.png,sceneN3,none_in_fov,E3b,19,E,3b,0.571898,-12.6477,6.8749,62.3125,1.3919,0
resnet50,44,resnet50_s44,ON_NEG,on/sceneN3/L5__s20260819__0000.png,sceneN3,none_in_fov,B3b,16,B,3b,0.58453,-16.2467,-6.5053,60.6518,9.1828,0
resnet50,44,resnet50_s44,ON_NEG,on/sceneN3/L5__s20260819__0000.png,sceneN3,none_in_fov,C3b,17,C,3b,0.501501,-16.2467,-6.5053,60.6518,9.1828,0
resnet50,44,resnet50_s44,ON_NEG,on/sceneN3/L5__s20260819__0001.png,sceneN3,none_in_fov,C3b,17,C,3b,0.5697,-12.6534,1.5439,61.04,5.2884,0
resnet50,44,resnet50_s44,ON_NEG,on/sceneN3/L5__s20260819__0002.png,sceneN3,none_in_fov,C3b,17,C,3b,0.876621,-13.1516,1.5693,63.1068,1.7608,0
resnet50,44,resnet50_s44,ON_NEG,on/sceneN3/L5__s20260819__0004.png,sceneN3,none_in_fov,C3b,17,C,3b,0.61845,-7.3546,-7.2186,63.4074,8.0992,0
resnet50,44,resnet50_s44,ON_NEG,on/sceneN3/L5__s20260819__0005.png,sceneN3,none_in_fov,C3b,17,C,3b,0.644968,-12.2129,-14.4798,63.1796,2.2677,0
resnet50,44,resnet50_s44,ON_NEG,on/sceneN3/L5__s20260819__0006.png,sceneN3,none_in_fov,D3a,13,D,3a,0.557116,-7.7849,2.4667,60.503,4.7311,0
resnet50,44,resnet50_s44,ON_NEG,on/sceneN3/L5__s20260819__0006.png,sceneN3,none_in_fov,B3b,16,B,3b,0.630299,-7.7849,2.4667,60.503,4.7311,0
resnet50,44,resnet50_s44,ON_NEG,on/sceneN3/L5__s20260819__0006.png,sceneN3,none_in_fov,C3b,17,C,3b,0.9629,-7.7849,2.4667,60.503,4.7311,0
resnet50,44,resnet50_s44,ON_NEG,on/sceneN3/L5__s20260819__0006.png,sceneN3,none_in_fov,D3b,18,D,3b,0.693416,-7.7849,2.4667,60.503,4.7311,0
resnet50,44,resnet50_s44,ON_NEG,on/sceneN3/L5__s20260819__0007.png,sceneN3,none_in_fov,C3b,17,C,3b,0.830906,-12.6477,6.8749,62.3125,1.3919,0
resnet50,44,resnet50_s44,ON_NEG,on/sceneN3/L5__s20260819__0007.png,sceneN3,none_in_fov,D3b,18,D,3b,0.682336,-12.6477,6.8749,62.3125,1.3919,0
resnet50,44,resnet50_s44,ON_NEG,on/sceneN3/L5__s20260819__0007.png,sceneN3,none_in_fov,E3b,19,E,3b,0.501566,-12.6477,6.8749,62.3125,1.3919,0
resnet50,44,resnet50_s44,ON_NEG,on/sceneN3/L7__s20260819__0002.png,sceneN3,none_in_fov,C3b,17,C,3b,0.725705,-13.1516,1.5693,63.1068,1.7608,0
resnet50,44,resnet50_s44,ON_NEG,on/sceneN3/L7__s20260819__0005.png,sceneN3,none_in_fov,C3b,17,C,3b,0.559879,-12.2129,-14.4798,63.1796,2.2677,0
resnet50,44,resnet50_s44,ON_NEG,on/sceneN3/L7__s20260819__0006.png,sceneN3,none_in_fov,B3b,16,B,3b,0.592125,-7.7849,2.4667,60.503,4.7311,0
resnet50,44,resnet50_s44,ON_NEG,on/sceneN3/L7__s20260819__0006.png,sceneN3,none_in_fov,C3b,17,C,3b,0.900116,-7.7849,2.4667,60.503,4.7311,0
resnet50,44,resnet50_s44,ON_NEG,on/sceneN3/L7__s20260819__0006.png,sceneN3,none_in_fov,D3b,18,D,3b,0.536884,-7.7849,2.4667,60.503,4.7311,0
resnet50,44,resnet50_s44,ON_NEG,on/sceneN3/L7__s20260819__0007.png,sceneN3,none_in_fov,B3b,16,B,3b,0.562738,-12.6477,6.8749,62.3125,1.3919,0
resnet50,44,resnet50_s44,ON_NEG,on/sceneN3/L7__s20260819__0007.png,sceneN3,none_in_fov,C3b,17,C,3b,0.828911,-12.6477,6.8749,62.3125,1.3919,0
resnet50,44,resnet50_s44,ON_NEG,on/sceneN3/L7__s20260819__0007.png,sceneN3,none_in_fov,D3b,18,D,3b,0.678624,-12.6477,6.8749,62.3125,1.3919,0
resnet50,44,resnet50_s44,ON_NEG,on/sceneN3/L7__s20260819__0007.png,sceneN3,none_in_fov,E3b,19,E,3b,0.624655,-12.6477,6.8749,62.3125,1.3919,0
resnet50,44,resnet50_s44,ON_NEG,on/scene14/L0__s20260820__0002.png::boost_h,scene14,none_in_fov,B2,6,B,2,0.61318,-7.0039,2.401,63.1403,11.657,0
resnet50,44,resnet50_s44,ON_NEG,on/scene14/L0__s20260820__0002.png::boost_h,scene14,none_in_fov,C2,7,C,2,0.615193,-7.0039,2.401,63.1403,11.657,0
resnet50,44,resnet50_s44,ON_NEG,on/scene14/L0__s20260820__0002.png::boost_h,scene14,none_in_fov,D2,8,D,2,0.673838,-7.0039,2.401,63.1403,11.657,0
resnet50,44,resnet50_s44,ON_NEG,on/scene14/L0__s20260820__0002.png::boost_h,scene14,none_in_fov,E2,9,E,2,0.57254,-7.0039,2.401,63.1403,11.657,0
resnet50,44,resnet50_s44,ON_NEG,on/scene14/L0__s20260820__0002.png::boost_h,scene14,none_in_fov,A3a,10,A,3a,0.583481,-7.0039,2.401,63.1403,11.657,0
resnet50,44,resnet50_s44,ON_NEG,on/scene14/L0__s20260820__0002.png::boost_h,scene14,none_in_fov,B3a,11,B,3a,0.748448,-7.0039,2.401,63.1403,11.657,0
resnet50,44,resnet50_s44,ON_NEG,on/scene14/L0__s20260820__0002.png::boost_h,scene14,none_in_fov,C3a,12,C,3a,0.88329,-7.0039,2.401,63.1403,11.657,0
resnet50,44,resnet50_s44,ON_NEG,on/scene14/L0__s20260820__0002.png::boost_h,scene14,none_in_fov,D3a,13,D,3a,0.878755,-7.0039,2.401,63.1403,11.657,0
resnet50,44,resnet50_s44,ON_NEG,on/scene14/L0__s20260820__0002.png::boost_h,scene14,none_in_fov,E3a,14,E,3a,0.7413,-7.0039,2.401,63.1403,11.657,0
resnet50,44,resnet50_s44,ON_NEG,on/scene14/L0__s20260820__0002.png::boost_h,scene14,none_in_fov,A3b,15,A,3b,0.607947,-7.0039,2.401,63.1403,11.657,0
resnet50,44,resnet50_s44,ON_NEG,on/scene14/L0__s20260820__0002.png::boost_h,scene14,none_in_fov,E3b,19,E,3b,0.669239,-7.0039,2.401,63.1403,11.657,0
resnet50,44,resnet50_s44,ON_NEG,on/scene14/L0__s20260820__0007.png::boost_h,scene14,H,C3a,12,C,3a,0.619401,-6.1172,5.4847,60.0935,10.4613,0
resnet50,44,resnet50_s44,ON_NEG,on/scene14/L5__s20260820__0002.png::boost_h,scene14,none_in_fov,A2,5,A,2,0.619235,-7.0039,2.401,63.1403,11.657,0
resnet50,44,resnet50_s44,ON_NEG,on/scene14/L5__s20260820__0002.png::boost_h,scene14,none_in_fov,B2,6,B,2,0.810031,-7.0039,2.401,63.1403,11.657,0
resnet50,44,resnet50_s44,ON_NEG,on/scene14/L5__s20260820__0002.png::boost_h,scene14,none_in_fov,C2,7,C,2,0.834203,-7.0039,2.401,63.1403,11.657,0
resnet50,44,resnet50_s44,ON_NEG,on/scene14/L5__s20260820__0002.png::boost_h,scene14,none_in_fov,D2,8,D,2,0.828611,-7.0039,2.401,63.1403,11.657,0
resnet50,44,resnet50_s44,ON_NEG,on/scene14/L5__s20260820__0002.png::boost_h,scene14,none_in_fov,E2,9,E,2,0.737008,-7.0039,2.401,63.1403,11.657,0
resnet50,44,resnet50_s44,ON_NEG,on/scene14/L5__s20260820__0002.png::boost_h,scene14,none_in_fov,A3a,10,A,3a,0.620215,-7.0039,2.401,63.1403,11.657,0
resnet50,44,resnet50_s44,ON_NEG,on/scene14/L5__s20260820__0002.png::boost_h,scene14,none_in_fov,B3a,11,B,3a,0.739884,-7.0039,2.401,63.1403,11.657,0
resnet50,44,resnet50_s44,ON_NEG,on/scene14/L5__s20260820__0002.png::boost_h,scene14,none_in_fov,C3a,12,C,3a,0.827361,-7.0039,2.401,63.1403,11.657,0
resnet50,44,resnet50_s44,ON_NEG,on/scene14/L5__s20260820__0002.png::boost_h,scene14,none_in_fov,D3a,13,D,3a,0.821974,-7.0039,2.401,63.1403,11.657,0
resnet50,44,resnet50_s44,ON_NEG,on/scene14/L5__s20260820__0002.png::boost_h,scene14,none_in_fov,E3a,14,E,3a,0.737531,-7.0039,2.401,63.1403,11.657,0
resnet50,44,resnet50_s44,ON_NEG,on/scene14/L5__s20260820__0002.png::boost_h,scene14,none_in_fov,A3b,15,A,3b,0.713851,-7.0039,2.401,63.1403,11.657,0
resnet50,44,resnet50_s44,ON_NEG,on/scene14/L5__s20260820__0002.png::boost_h,scene14,none_in_fov,C3b,17,C,3b,0.592718,-7.0039,2.401,63.1403,11.657,0
resnet50,44,resnet50_s44,ON_NEG,on/scene14/L5__s20260820__0002.png::boost_h,scene14,none_in_fov,D3b,18,D,3b,0.57398,-7.0039,2.401,63.1403,11.657,0
resnet50,44,resnet50_s44,ON_NEG,on/scene14/L5__s20260820__0002.png::boost_h,scene14,none_in_fov,E3b,19,E,3b,0.784921,-7.0039,2.401,63.1403,11.657,0
resnet50,44,resnet50_s44,ON_NEG,on/scene14/L5__s20260820__0007.png::boost_h,scene14,H,B3a,11,B,3a,0.537211,-6.1172,5.4847,60.0935,10.4613,0
resnet50,44,resnet50_s44,ON_NEG,on/scene14/L5__s20260820__0007.png::boost_h,scene14,H,C3a,12,C,3a,0.629822,-6.1172,5.4847,60.0935,10.4613,0
resnet50,44,resnet50_s44,ON_NEG,on/scene14/L7__s20260820__0002.png::boost_h,scene14,none_in_fov,A2,5,A,2,0.631384,-7.0039,2.401,63.1403,11.657,0
resnet50,44,resnet50_s44,ON_NEG,on/scene14/L7__s20260820__0002.png::boost_h,scene14,none_in_fov,B2,6,B,2,0.775845,-7.0039,2.401,63.1403,11.657,0
resnet50,44,resnet50_s44,ON_NEG,on/scene14/L7__s20260820__0002.png::boost_h,scene14,none_in_fov,C2,7,C,2,0.777509,-7.0039,2.401,63.1403,11.657,0
resnet50,44,resnet50_s44,ON_NEG,on/scene14/L7__s20260820__0002.png::boost_h,scene14,none_in_fov,D2,8,D,2,0.825372,-7.0039,2.401,63.1403,11.657,0
resnet50,44,resnet50_s44,ON_NEG,on/scene14/L7__s20260820__0002.png::boost_h,scene14,none_in_fov,E2,9,E,2,0.734646,-7.0039,2.401,63.1403,11.657,0
resnet50,44,resnet50_s44,ON_NEG,on/scene14/L7__s20260820__0002.png::boost_h,scene14,none_in_fov,A3a,10,A,3a,0.762256,-7.0039,2.401,63.1403,11.657,0
resnet50,44,resnet50_s44,ON_NEG,on/scene14/L7__s20260820__0002.png::boost_h,scene14,none_in_fov,B3a,11,B,3a,0.821315,-7.0039,2.401,63.1403,11.657,0
resnet50,44,resnet50_s44,ON_NEG,on/scene14/L7__s20260820__0002.png::boost_h,scene14,none_in_fov,C3a,12,C,3a,0.907094,-7.0039,2.401,63.1403,11.657,0
resnet50,44,resnet50_s44,ON_NEG,on/scene14/L7__s20260820__0002.png::boost_h,scene14,none_in_fov,D3a,13,D,3a,0.910592,-7.0039,2.401,63.1403,11.657,0
resnet50,44,resnet50_s44,ON_NEG,on/scene14/L7__s20260820__0002.png::boost_h,scene14,none_in_fov,E3a,14,E,3a,0.86382,-7.0039,2.401,63.1403,11.657,0
resnet50,44,resnet50_s44,ON_NEG,on/scene14/L7__s20260820__0002.png::boost_h,scene14,none_in_fov,A3b,15,A,3b,0.825851,-7.0039,2.401,63.1403,11.657,0
resnet50,44,resnet50_s44,ON_NEG,on/scene14/L7__s20260820__0002.png::boost_h,scene14,none_in_fov,B3b,16,B,3b,0.51633,-7.0039,2.401,63.1403,11.657,0
resnet50,44,resnet50_s44,ON_NEG,on/scene14/L7__s20260820__0002.png::boost_h,scene14,none_in_fov,C3b,17,C,3b,0.622365,-7.0039,2.401,63.1403,11.657,0
resnet50,44,resnet50_s44,ON_NEG,on/scene14/L7__s20260820__0002.png::boost_h,scene14,none_in_fov,D3b,18,D,3b,0.599735,-7.0039,2.401,63.1403,11.657,0
resnet50,44,resnet50_s44,ON_NEG,on/scene14/L7__s20260820__0002.png::boost_h,scene14,none_in_fov,E3b,19,E,3b,0.847777,-7.0039,2.401,63.1403,11.657,0
resnet50,44,resnet50_s44,ON_NEG,on/scene14/L7__s20260820__0007.png::boost_h,scene14,H,B3a,11,B,3a,0.621633,-6.1172,5.4847,60.0935,10.4613,0
resnet50,44,resnet50_s44,ON_NEG,on/scene14/L7__s20260820__0007.png::boost_h,scene14,H,C3a,12,C,3a,0.738058,-6.1172,5.4847,60.0935,10.4613,0
resnet50,44,resnet50_s44,ON_NEG,on/scene14/L7__s20260820__0007.png::boost_h,scene14,H,D3a,13,D,3a,0.504177,-6.1172,5.4847,60.0935,10.4613,0
resnet50,44,resnet50_s44,ON_NEG,on/scene05/L0__s20260820__0001.png::boost_e,scene05,V,C3a,12,C,3a,0.604921,-5.7189,0.3564,61.8831,9.8857,0
resnet50,44,resnet50_s44,ON_NEG,on/scene05/L0__s20260820__0001.png::boost_e,scene05,V,D3a,13,D,3a,0.524911,-5.7189,0.3564,61.8831,9.8857,0
resnet50,44,resnet50_s44,ON_NEG,on/scene05/L0__s20260820__0003.png::boost_e,scene05,V,A2,5,A,2,0.87481,-7.8027,0.1237,61.0834,6.3099,0
resnet50,44,resnet50_s44,ON_NEG,on/scene05/L0__s20260820__0003.png::boost_e,scene05,V,E2,9,E,2,0.84692,-7.8027,0.1237,61.0834,6.3099,0
resnet50,44,resnet50_s44,ON_NEG,on/scene05/L0__s20260820__0004.png::boost_e,scene05,V,D2,8,D,2,0.818212,-6.9904,-7.3983,63.483,6.1605,0
resnet50,44,resnet50_s44,ON_NEG,on/scene05/L0__s20260820__0004.png::boost_e,scene05,V,E2,9,E,2,0.634562,-6.9904,-7.3983,63.483,6.1605,0
resnet50,44,resnet50_s44,ON_NEG,on/scene05/L0__s20260820__0005.png::boost_e,scene05,V,A2,5,A,2,0.844977,-9.9958,-4.8864,61.371,6.2772,0
resnet50,44,resnet50_s44,ON_NEG,on/scene05/L0__s20260820__0005.png::boost_e,scene05,V,D2,8,D,2,0.91434,-9.9958,-4.8864,61.371,6.2772,0
resnet50,44,resnet50_s44,ON_NEG,on/scene05/L0__s20260820__0005.png::boost_e,scene05,V,E2,9,E,2,0.829441,-9.9958,-4.8864,61.371,6.2772,0
resnet50,44,resnet50_s44,ON_NEG,on/scene05/L5__s20260820__0001.png::boost_e,scene05,V,B3a,11,B,3a,0.567595,-5.7189,0.3564,61.8831,9.8857,0
resnet50,44,resnet50_s44,ON_NEG,on/scene05/L5__s20260820__0001.png::boost_e,scene05,V,C3a,12,C,3a,0.841556,-5.7189,0.3564,61.8831,9.8857,0
resnet50,44,resnet50_s44,ON_NEG,on/scene05/L5__s20260820__0001.png::boost_e,scene05,V,D3a,13,D,3a,0.814566,-5.7189,0.3564,61.8831,9.8857,0
resnet50,44,resnet50_s44,ON_NEG,on/scene05/L5__s20260820__0002.png::boost_e,scene05,V,E3a,14,E,3a,0.668381,-5.4996,-9.2457,63.6695,7.7708,0
resnet50,44,resnet50_s44,ON_NEG,on/scene05/L5__s20260820__0003.png::boost_e,scene05,V,A2,5,A,2,0.903753,-7.8027,0.1237,61.0834,6.3099,0
resnet50,44,resnet50_s44,ON_NEG,on/scene05/L5__s20260820__0003.png::boost_e,scene05,V,E2,9,E,2,0.913522,-7.8027,0.1237,61.0834,6.3099,0
resnet50,44,resnet50_s44,ON_NEG,on/scene05/L5__s20260820__0004.png::boost_e,scene05,V,D2,8,D,2,0.864154,-6.9904,-7.3983,63.483,6.1605,0
resnet50,44,resnet50_s44,ON_NEG,on/scene05/L5__s20260820__0004.png::boost_e,scene05,V,E2,9,E,2,0.769209,-6.9904,-7.3983,63.483,6.1605,0
resnet50,44,resnet50_s44,ON_NEG,on/scene05/L5__s20260820__0005.png::boost_e,scene05,V,A2,5,A,2,0.602646,-9.9958,-4.8864,61.371,6.2772,0
resnet50,44,resnet50_s44,ON_NEG,on/scene05/L5__s20260820__0005.png::boost_e,scene05,V,D2,8,D,2,0.706822,-9.9958,-4.8864,61.371,6.2772,0
resnet50,44,resnet50_s44,ON_NEG,on/scene05/L5__s20260820__0005.png::boost_e,scene05,V,E2,9,E,2,0.678848,-9.9958,-4.8864,61.371,6.2772,0
resnet50,44,resnet50_s44,ON_NEG,on/scene05/L7__s20260820__0001.png::boost_e,scene05,V,B3a,11,B,3a,0.712179,-5.7189,0.3564,61.8831,9.8857,0
resnet50,44,resnet50_s44,ON_NEG,on/scene05/L7__s20260820__0001.png::boost_e,scene05,V,C3a,12,C,3a,0.852443,-5.7189,0.3564,61.8831,9.8857,0
resnet50,44,resnet50_s44,ON_NEG,on/scene05/L7__s20260820__0001.png::boost_e,scene05,V,D3a,13,D,3a,0.803933,-5.7189,0.3564,61.8831,9.8857,0
resnet50,44,resnet50_s44,ON_NEG,on/scene05/L7__s20260820__0003.png::boost_e,scene05,V,A2,5,A,2,0.892339,-7.8027,0.1237,61.0834,6.3099,0
resnet50,44,resnet50_s44,ON_NEG,on/scene05/L7__s20260820__0003.png::boost_e,scene05,V,E2,9,E,2,0.86781,-7.8027,0.1237,61.0834,6.3099,0
resnet50,44,resnet50_s44,ON_NEG,on/scene05/L7__s20260820__0004.png::boost_e,scene05,V,D2,8,D,2,0.757998,-6.9904,-7.3983,63.483,6.1605,0
resnet50,44,resnet50_s44,ON_NEG,on/scene05/L7__s20260820__0005.png::boost_e,scene05,V,A2,5,A,2,0.748701,-9.9958,-4.8864,61.371,6.2772,0
resnet50,44,resnet50_s44,ON_NEG,on/scene05/L7__s20260820__0005.png::boost_e,scene05,V,D2,8,D,2,0.871535,-9.9958,-4.8864,61.371,6.2772,0
resnet50,44,resnet50_s44,ON_NEG,on/scene05/L7__s20260820__0005.png::boost_e,scene05,V,E2,9,E,2,0.773412,-9.9958,-4.8864,61.371,6.2772,0
resnet50,44,resnet50_s44,ON_NEG,on/scene07/L0__s20260820__0000.png::boost_e,scene07,none_in_fov,B3a,11,B,3a,0.852767,-10.2409,14.1283,61.8254,9.3533,0
resnet50,44,resnet50_s44,ON_NEG,on/scene07/L0__s20260820__0000.png::boost_e,scene07,none_in_fov,C3a,12,C,3a,0.95092,-10.2409,14.1283,61.8254,9.3533,0
resnet50,44,resnet50_s44,ON_NEG,on/scene07/L0__s20260820__0000.png::boost_e,scene07,none_in_fov,D3a,13,D,3a,0.962904,-10.2409,14.1283,61.8254,9.3533,0
resnet50,44,resnet50_s44,ON_NEG,on/scene07/L0__s20260820__0000.png::boost_e,scene07,none_in_fov,B3b,16,B,3b,0.686271,-10.2409,14.1283,61.8254,9.3533,0
resnet50,44,resnet50_s44,ON_NEG,on/scene07/L0__s20260820__0000.png::boost_e,scene07,none_in_fov,C3b,17,C,3b,0.983597,-10.2409,14.1283,61.8254,9.3533,0
resnet50,44,resnet50_s44,ON_NEG,on/scene07/L0__s20260820__0000.png::boost_e,scene07,none_in_fov,D3b,18,D,3b,0.870316,-10.2409,14.1283,61.8254,9.3533,0
resnet50,44,resnet50_s44,ON_NEG,on/scene07/L0__s20260820__0001.png::boost_e,scene07,none_in_fov,B3a,11,B,3a,0.829636,-8.7737,-1.6736,63.801,8.4933,0
resnet50,44,resnet50_s44,ON_NEG,on/scene07/L0__s20260820__0001.png::boost_e,scene07,none_in_fov,C3a,12,C,3a,0.848196,-8.7737,-1.6736,63.801,8.4933,0
resnet50,44,resnet50_s44,ON_NEG,on/scene07/L0__s20260820__0001.png::boost_e,scene07,none_in_fov,D3a,13,D,3a,0.828183,-8.7737,-1.6736,63.801,8.4933,0
resnet50,44,resnet50_s44,ON_NEG,on/scene07/L0__s20260820__0001.png::boost_e,scene07,none_in_fov,A3b,15,A,3b,0.624428,-8.7737,-1.6736,63.801,8.4933,0
resnet50,44,resnet50_s44,ON_NEG,on/scene07/L0__s20260820__0001.png::boost_e,scene07,none_in_fov,B3b,16,B,3b,0.826476,-8.7737,-1.6736,63.801,8.4933,0
resnet50,44,resnet50_s44,ON_NEG,on/scene07/L0__s20260820__0001.png::boost_e,scene07,none_in_fov,C3b,17,C,3b,0.967474,-8.7737,-1.6736,63.801,8.4933,0
resnet50,44,resnet50_s44,ON_NEG,on/scene07/L0__s20260820__0001.png::boost_e,scene07,none_in_fov,D3b,18,D,3b,0.79874,-8.7737,-1.6736,63.801,8.4933,0
resnet50,44,resnet50_s44,ON_NEG,on/scene07/L0__s20260820__0001.png::boost_e,scene07,none_in_fov,E3b,19,E,3b,0.503935,-8.7737,-1.6736,63.801,8.4933,0
resnet50,44,resnet50_s44,ON_NEG,on/scene07/L0__s20260820__0002.png::boost_e,scene07,none_in_fov,C3b,17,C,3b,0.592918,-11.7844,-0.5026,59.071,6.034,0
resnet50,44,resnet50_s44,ON_NEG,on/scene07/L0__s20260820__0003.png::boost_e,scene07,none_in_fov,B3a,11,B,3a,0.914634,-10.8121,7.6338,61.1751,9.743,0
resnet50,44,resnet50_s44,ON_NEG,on/scene07/L0__s20260820__0003.png::boost_e,scene07,none_in_fov,C3a,12,C,3a,0.947933,-10.8121,7.6338,61.1751,9.743,0
resnet50,44,resnet50_s44,ON_NEG,on/scene07/L0__s20260820__0003.png::boost_e,scene07,none_in_fov,D3a,13,D,3a,0.97042,-10.8121,7.6338,61.1751,9.743,0
resnet50,44,resnet50_s44,ON_NEG,on/scene07/L0__s20260820__0003.png::boost_e,scene07,none_in_fov,E3a,14,E,3a,0.615325,-10.8121,7.6338,61.1751,9.743,0
resnet50,44,resnet50_s44,ON_NEG,on/scene07/L0__s20260820__0003.png::boost_e,scene07,none_in_fov,A3b,15,A,3b,0.625582,-10.8121,7.6338,61.1751,9.743,0
resnet50,44,resnet50_s44,ON_NEG,on/scene07/L0__s20260820__0003.png::boost_e,scene07,none_in_fov,B3b,16,B,3b,0.905482,-10.8121,7.6338,61.1751,9.743,0
resnet50,44,resnet50_s44,ON_NEG,on/scene07/L0__s20260820__0003.png::boost_e,scene07,none_in_fov,C3b,17,C,3b,0.996205,-10.8121,7.6338,61.1751,9.743,0
resnet50,44,resnet50_s44,ON_NEG,on/scene07/L0__s20260820__0003.png::boost_e,scene07,none_in_fov,D3b,18,D,3b,0.950007,-10.8121,7.6338,61.1751,9.743,0
resnet50,44,resnet50_s44,ON_NEG,on/scene07/L0__s20260820__0003.png::boost_e,scene07,none_in_fov,E3b,19,E,3b,0.681338,-10.8121,7.6338,61.1751,9.743,0
resnet50,44,resnet50_s44,ON_NEG,on/scene07/L0__s20260820__0004.png::boost_e,scene07,none_in_fov,C3b,17,C,3b,0.940833,-11.296,14.3304,62.4153,11.7361,0
resnet50,44,resnet50_s44,ON_NEG,on/scene07/L0__s20260820__0006.png::boost_e,scene07,none_in_fov,C3a,12,C,3a,0.553366,-7.4676,-1.6241,59.074,6.6363,0
resnet50,44,resnet50_s44,ON_NEG,on/scene07/L0__s20260820__0006.png::boost_e,scene07,none_in_fov,C3b,17,C,3b,0.674492,-7.4676,-1.6241,59.074,6.6363,0
resnet50,44,resnet50_s44,ON_NEG,on/scene07/L0__s20260820__0006.png::boost_e,scene07,none_in_fov,D3b,18,D,3b,0.612457,-7.4676,-1.6241,59.074,6.6363,0
resnet50,44,resnet50_s44,ON_NEG,on/scene07/L0__s20260820__0006.png::boost_e,scene07,none_in_fov,E3b,19,E,3b,0.610937,-7.4676,-1.6241,59.074,6.6363,0
resnet50,44,resnet50_s44,ON_NEG,on/scene07/L0__s20260820__0007.png::boost_e,scene07,none_in_fov,B3a,11,B,3a,0.541372,-8.8831,-5.8973,62.4612,11.793,0
resnet50,44,resnet50_s44,ON_NEG,on/scene07/L0__s20260820__0007.png::boost_e,scene07,none_in_fov,C3a,12,C,3a,0.62203,-8.8831,-5.8973,62.4612,11.793,0
resnet50,44,resnet50_s44,ON_NEG,on/scene07/L0__s20260820__0007.png::boost_e,scene07,none_in_fov,C3b,17,C,3b,0.828277,-8.8831,-5.8973,62.4612,11.793,0
resnet50,44,resnet50_s44,ON_NEG,on/scene07/L5__s20260820__0000.png::boost_e,scene07,none_in_fov,B3a,11,B,3a,0.514288,-10.2409,14.1283,61.8254,9.3533,0
resnet50,44,resnet50_s44,ON_NEG,on/scene07/L5__s20260820__0000.png::boost_e,scene07,none_in_fov,C3a,12,C,3a,0.778837,-10.2409,14.1283,61.8254,9.3533,0
resnet50,44,resnet50_s44,ON_NEG,on/scene07/L5__s20260820__0000.png::boost_e,scene07,none_in_fov,D3a,13,D,3a,0.752529,-10.2409,14.1283,61.8254,9.3533,0
resnet50,44,resnet50_s44,ON_NEG,on/scene07/L5__s20260820__0000.png::boost_e,scene07,none_in_fov,C3b,17,C,3b,0.898594,-10.2409,14.1283,61.8254,9.3533,0
resnet50,44,resnet50_s44,ON_NEG,on/scene07/L5__s20260820__0001.png::boost_e,scene07,none_in_fov,C3b,17,C,3b,0.728451,-8.7737,-1.6736,63.801,8.4933,0
resnet50,44,resnet50_s44,ON_NEG,on/scene07/L5__s20260820__0003.png::boost_e,scene07,none_in_fov,B3a,11,B,3a,0.704741,-10.8121,7.6338,61.1751,9.743,0
resnet50,44,resnet50_s44,ON_NEG,on/scene07/L5__s20260820__0003.png::boost_e,scene07,none_in_fov,C3a,12,C,3a,0.859357,-10.8121,7.6338,61.1751,9.743,0
resnet50,44,resnet50_s44,ON_NEG,on/scene07/L5__s20260820__0003.png::boost_e,scene07,none_in_fov,D3a,13,D,3a,0.870365,-10.8121,7.6338,61.1751,9.743,0
resnet50,44,resnet50_s44,ON_NEG,on/scene07/L5__s20260820__0003.png::boost_e,scene07,none_in_fov,C3b,17,C,3b,0.967627,-10.8121,7.6338,61.1751,9.743,0
resnet50,44,resnet50_s44,ON_NEG,on/scene07/L5__s20260820__0003.png::boost_e,scene07,none_in_fov,D3b,18,D,3b,0.641083,-10.8121,7.6338,61.1751,9.743,0
resnet50,44,resnet50_s44,ON_NEG,on/scene07/L5__s20260820__0004.png::boost_e,scene07,none_in_fov,C3b,17,C,3b,0.72453,-11.296,14.3304,62.4153,11.7361,0
resnet50,44,resnet50_s44,ON_NEG,on/scene07/L5__s20260820__0005.png::boost_e,scene07,none_in_fov,C3b,17,C,3b,0.593295,-13.5151,3.1873,60.3528,6.7166,0
resnet50,44,resnet50_s44,ON_NEG,on/scene07/L5__s20260820__0007.png::boost_e,scene07,none_in_fov,B3a,11,B,3a,0.768695,-8.8831,-5.8973,62.4612,11.793,0
resnet50,44,resnet50_s44,ON_NEG,on/scene07/L5__s20260820__0007.png::boost_e,scene07,none_in_fov,C3a,12,C,3a,0.792341,-8.8831,-5.8973,62.4612,11.793,0
resnet50,44,resnet50_s44,ON_NEG,on/scene07/L5__s20260820__0007.png::boost_e,scene07,none_in_fov,D3a,13,D,3a,0.57116,-8.8831,-5.8973,62.4612,11.793,0
resnet50,44,resnet50_s44,ON_NEG,on/scene07/L5__s20260820__0007.png::boost_e,scene07,none_in_fov,B3b,16,B,3b,0.563645,-8.8831,-5.8973,62.4612,11.793,0
resnet50,44,resnet50_s44,ON_NEG,on/scene07/L5__s20260820__0007.png::boost_e,scene07,none_in_fov,C3b,17,C,3b,0.869895,-8.8831,-5.8973,62.4612,11.793,0
resnet50,44,resnet50_s44,ON_NEG,on/scene07/L7__s20260820__0003.png::boost_e,scene07,none_in_fov,C3b,17,C,3b,0.569231,-10.8121,7.6338,61.1751,9.743,0
resnet50,44,resnet50_s44,ON_NEG,on/scene07/L7__s20260820__0004.png::boost_e,scene07,none_in_fov,C3b,17,C,3b,0.614379,-11.296,14.3304,62.4153,11.7361,0
resnet50,44,resnet50_s44,ON_NEG,on/scene07/L7__s20260820__0006.png::boost_e,scene07,none_in_fov,E3b,19,E,3b,0.513011,-7.4676,-1.6241,59.074,6.6363,0
resnet50,44,resnet50_s44,ON_NEG,on/scene14/L5__s20260820__0002.png::boost_e,scene14,none_in_fov,C3a,12,C,3a,0.663008,-7.0039,2.401,63.1403,11.657,0
resnet50,44,resnet50_s44,ON_NEG,on/scene05/L5__s20260821__0000.png::boost_e2,scene05,V,A3a,10,A,3a,0.704577,-9.2269,3.34,61.3567,7.9689,0
resnet50,44,resnet50_s44,ON_NEG,on/scene05/L5__s20260821__0002.png::boost_e2,scene05,V,E2,9,E,2,0.632415,-15.7704,1.4372,61.5149,5.9617,0
resnet50,44,resnet50_s44,ON_NEG,on/scene07/L0__s20260821__0000.png::boost_e2,scene07,none_in_fov,C3b,17,C,3b,0.709369,-9.0864,4.975,60.5839,4.6498,0
resnet50,44,resnet50_s44,ON_NEG,on/scene07/L0__s20260821__0001.png::boost_e2,scene07,none_in_fov,A3b,15,A,3b,0.616555,-8.6491,14.3681,62.653,6.526,0
resnet50,44,resnet50_s44,ON_NEG,on/scene07/L0__s20260821__0001.png::boost_e2,scene07,none_in_fov,B3b,16,B,3b,0.520585,-8.6491,14.3681,62.653,6.526,0
resnet50,44,resnet50_s44,ON_NEG,on/scene07/L0__s20260821__0001.png::boost_e2,scene07,none_in_fov,C3b,17,C,3b,0.721411,-8.6491,14.3681,62.653,6.526,0
resnet50,44,resnet50_s44,ON_NEG,on/scene07/L0__s20260821__0001.png::boost_e2,scene07,none_in_fov,D3b,18,D,3b,0.633701,-8.6491,14.3681,62.653,6.526,0
resnet50,44,resnet50_s44,ON_NEG,on/scene07/L0__s20260821__0001.png::boost_e2,scene07,none_in_fov,E3b,19,E,3b,0.676303,-8.6491,14.3681,62.653,6.526,0
resnet50,44,resnet50_s44,ON_NEG,on/scene07/L0__s20260821__0002.png::boost_e2,scene07,none_in_fov,B3a,11,B,3a,0.892628,-11.7553,7.174,61.7523,8.5736,0
resnet50,44,resnet50_s44,ON_NEG,on/scene07/L0__s20260821__0002.png::boost_e2,scene07,none_in_fov,C3a,12,C,3a,0.919696,-11.7553,7.174,61.7523,8.5736,0
resnet50,44,resnet50_s44,ON_NEG,on/scene07/L0__s20260821__0002.png::boost_e2,scene07,none_in_fov,D3a,13,D,3a,0.897603,-11.7553,7.174,61.7523,8.5736,0
resnet50,44,resnet50_s44,ON_NEG,on/scene07/L0__s20260821__0002.png::boost_e2,scene07,none_in_fov,B3b,16,B,3b,0.750424,-11.7553,7.174,61.7523,8.5736,0
resnet50,44,resnet50_s44,ON_NEG,on/scene07/L0__s20260821__0002.png::boost_e2,scene07,none_in_fov,C3b,17,C,3b,0.971561,-11.7553,7.174,61.7523,8.5736,0
resnet50,44,resnet50_s44,ON_NEG,on/scene07/L0__s20260821__0002.png::boost_e2,scene07,none_in_fov,D3b,18,D,3b,0.683027,-11.7553,7.174,61.7523,8.5736,0
resnet50,44,resnet50_s44,ON_NEG,on/scene07/L0__s20260821__0003.png::boost_e2,scene07,none_in_fov,A3a,10,A,3a,0.840382,-11.0113,-0.6132,62.5016,7.1387,0
resnet50,44,resnet50_s44,ON_NEG,on/scene07/L0__s20260821__0003.png::boost_e2,scene07,none_in_fov,B3a,11,B,3a,0.945523,-11.0113,-0.6132,62.5016,7.1387,0
resnet50,44,resnet50_s44,ON_NEG,on/scene07/L0__s20260821__0003.png::boost_e2,scene07,none_in_fov,C3a,12,C,3a,0.967673,-11.0113,-0.6132,62.5016,7.1387,0
resnet50,44,resnet50_s44,ON_NEG,on/scene07/L0__s20260821__0003.png::boost_e2,scene07,none_in_fov,D3a,13,D,3a,0.961798,-11.0113,-0.6132,62.5016,7.1387,0
resnet50,44,resnet50_s44,ON_NEG,on/scene07/L0__s20260821__0003.png::boost_e2,scene07,none_in_fov,E3a,14,E,3a,0.757518,-11.0113,-0.6132,62.5016,7.1387,0
resnet50,44,resnet50_s44,ON_NEG,on/scene07/L0__s20260821__0003.png::boost_e2,scene07,none_in_fov,A3b,15,A,3b,0.946792,-11.0113,-0.6132,62.5016,7.1387,0
resnet50,44,resnet50_s44,ON_NEG,on/scene07/L0__s20260821__0003.png::boost_e2,scene07,none_in_fov,B3b,16,B,3b,0.937941,-11.0113,-0.6132,62.5016,7.1387,0
resnet50,44,resnet50_s44,ON_NEG,on/scene07/L0__s20260821__0003.png::boost_e2,scene07,none_in_fov,C3b,17,C,3b,0.987953,-11.0113,-0.6132,62.5016,7.1387,0
resnet50,44,resnet50_s44,ON_NEG,on/scene07/L0__s20260821__0003.png::boost_e2,scene07,none_in_fov,D3b,18,D,3b,0.955419,-11.0113,-0.6132,62.5016,7.1387,0
resnet50,44,resnet50_s44,ON_NEG,on/scene07/L0__s20260821__0003.png::boost_e2,scene07,none_in_fov,E3b,19,E,3b,0.932779,-11.0113,-0.6132,62.5016,7.1387,0
resnet50,44,resnet50_s44,ON_NEG,on/scene07/L0__s20260821__0005.png::boost_e2,scene07,none_in_fov,B3a,11,B,3a,0.871643,-5.0214,-1.8091,62.1167,8.8712,0
resnet50,44,resnet50_s44,ON_NEG,on/scene07/L0__s20260821__0005.png::boost_e2,scene07,none_in_fov,C3a,12,C,3a,0.91105,-5.0214,-1.8091,62.1167,8.8712,0
resnet50,44,resnet50_s44,ON_NEG,on/scene07/L0__s20260821__0005.png::boost_e2,scene07,none_in_fov,D3a,13,D,3a,0.771522,-5.0214,-1.8091,62.1167,8.8712,0
resnet50,44,resnet50_s44,ON_NEG,on/scene07/L0__s20260821__0005.png::boost_e2,scene07,none_in_fov,B3b,16,B,3b,0.830663,-5.0214,-1.8091,62.1167,8.8712,0
resnet50,44,resnet50_s44,ON_NEG,on/scene07/L0__s20260821__0005.png::boost_e2,scene07,none_in_fov,C3b,17,C,3b,0.973207,-5.0214,-1.8091,62.1167,8.8712,0
resnet50,44,resnet50_s44,ON_NEG,on/scene07/L0__s20260821__0005.png::boost_e2,scene07,none_in_fov,D3b,18,D,3b,0.537556,-5.0214,-1.8091,62.1167,8.8712,0
resnet50,44,resnet50_s44,ON_NEG,on/scene07/L0__s20260821__0006.png::boost_e2,scene07,none_in_fov,C3b,17,C,3b,0.589563,-12.1066,0.0159,62.3073,6.0804,0
resnet50,44,resnet50_s44,ON_NEG,on/scene07/L0__s20260821__0007.png::boost_e2,scene07,none_in_fov,C3b,17,C,3b,0.649628,-12.7675,1.6425,64.5249,4.4163,0
resnet50,44,resnet50_s44,ON_NEG,on/scene07/L0__s20260821__0007.png::boost_e2,scene07,none_in_fov,D3b,18,D,3b,0.565672,-12.7675,1.6425,64.5249,4.4163,0
resnet50,44,resnet50_s44,ON_NEG,on/scene07/L5__s20260821__0002.png::boost_e2,scene07,none_in_fov,B3a,11,B,3a,0.822768,-11.7553,7.174,61.7523,8.5736,0
resnet50,44,resnet50_s44,ON_NEG,on/scene07/L5__s20260821__0002.png::boost_e2,scene07,none_in_fov,C3a,12,C,3a,0.882014,-11.7553,7.174,61.7523,8.5736,0
resnet50,44,resnet50_s44,ON_NEG,on/scene07/L5__s20260821__0002.png::boost_e2,scene07,none_in_fov,D3a,13,D,3a,0.650297,-11.7553,7.174,61.7523,8.5736,0
resnet50,44,resnet50_s44,ON_NEG,on/scene07/L5__s20260821__0002.png::boost_e2,scene07,none_in_fov,B3b,16,B,3b,0.757762,-11.7553,7.174,61.7523,8.5736,0
resnet50,44,resnet50_s44,ON_NEG,on/scene07/L5__s20260821__0002.png::boost_e2,scene07,none_in_fov,C3b,17,C,3b,0.918523,-11.7553,7.174,61.7523,8.5736,0
resnet50,44,resnet50_s44,ON_NEG,on/scene07/L5__s20260821__0005.png::boost_e2,scene07,none_in_fov,B3a,11,B,3a,0.776541,-5.0214,-1.8091,62.1167,8.8712,0
resnet50,44,resnet50_s44,ON_NEG,on/scene07/L5__s20260821__0005.png::boost_e2,scene07,none_in_fov,C3a,12,C,3a,0.837089,-5.0214,-1.8091,62.1167,8.8712,0
resnet50,44,resnet50_s44,ON_NEG,on/scene07/L5__s20260821__0005.png::boost_e2,scene07,none_in_fov,D3a,13,D,3a,0.677292,-5.0214,-1.8091,62.1167,8.8712,0
resnet50,44,resnet50_s44,ON_NEG,on/scene07/L5__s20260821__0005.png::boost_e2,scene07,none_in_fov,B3b,16,B,3b,0.709345,-5.0214,-1.8091,62.1167,8.8712,0
resnet50,44,resnet50_s44,ON_NEG,on/scene07/L5__s20260821__0005.png::boost_e2,scene07,none_in_fov,C3b,17,C,3b,0.927137,-5.0214,-1.8091,62.1167,8.8712,0
resnet50,44,resnet50_s44,ON_NEG,on/scene07/L7__s20260821__0002.png::boost_e2,scene07,none_in_fov,B3a,11,B,3a,0.695464,-11.7553,7.174,61.7523,8.5736,0
resnet50,44,resnet50_s44,ON_NEG,on/scene07/L7__s20260821__0002.png::boost_e2,scene07,none_in_fov,C3a,12,C,3a,0.799153,-11.7553,7.174,61.7523,8.5736,0
resnet50,44,resnet50_s44,ON_NEG,on/scene07/L7__s20260821__0002.png::boost_e2,scene07,none_in_fov,B3b,16,B,3b,0.590554,-11.7553,7.174,61.7523,8.5736,0
resnet50,44,resnet50_s44,ON_NEG,on/scene07/L7__s20260821__0002.png::boost_e2,scene07,none_in_fov,C3b,17,C,3b,0.908001,-11.7553,7.174,61.7523,8.5736,0
resnet50,44,resnet50_s44,ON_NEG,on/scene07/L7__s20260821__0003.png::boost_e2,scene07,none_in_fov,A3a,10,A,3a,0.803466,-11.0113,-0.6132,62.5016,7.1387,0
resnet50,44,resnet50_s44,ON_NEG,on/scene07/L7__s20260821__0003.png::boost_e2,scene07,none_in_fov,B3a,11,B,3a,0.882688,-11.0113,-0.6132,62.5016,7.1387,0
resnet50,44,resnet50_s44,ON_NEG,on/scene07/L7__s20260821__0003.png::boost_e2,scene07,none_in_fov,C3a,12,C,3a,0.902233,-11.0113,-0.6132,62.5016,7.1387,0
resnet50,44,resnet50_s44,ON_NEG,on/scene07/L7__s20260821__0003.png::boost_e2,scene07,none_in_fov,D3a,13,D,3a,0.866471,-11.0113,-0.6132,62.5016,7.1387,0
resnet50,44,resnet50_s44,ON_NEG,on/scene07/L7__s20260821__0003.png::boost_e2,scene07,none_in_fov,E3a,14,E,3a,0.623619,-11.0113,-0.6132,62.5016,7.1387,0
resnet50,44,resnet50_s44,ON_NEG,on/scene07/L7__s20260821__0003.png::boost_e2,scene07,none_in_fov,A3b,15,A,3b,0.903679,-11.0113,-0.6132,62.5016,7.1387,0
resnet50,44,resnet50_s44,ON_NEG,on/scene07/L7__s20260821__0003.png::boost_e2,scene07,none_in_fov,B3b,16,B,3b,0.828778,-11.0113,-0.6132,62.5016,7.1387,0
resnet50,44,resnet50_s44,ON_NEG,on/scene07/L7__s20260821__0003.png::boost_e2,scene07,none_in_fov,C3b,17,C,3b,0.93165,-11.0113,-0.6132,62.5016,7.1387,0
resnet50,44,resnet50_s44,ON_NEG,on/scene07/L7__s20260821__0003.png::boost_e2,scene07,none_in_fov,D3b,18,D,3b,0.863185,-11.0113,-0.6132,62.5016,7.1387,0
resnet50,44,resnet50_s44,ON_NEG,on/scene07/L7__s20260821__0003.png::boost_e2,scene07,none_in_fov,E3b,19,E,3b,0.87134,-11.0113,-0.6132,62.5016,7.1387,0
resnet50,44,resnet50_s44,ON_NEG,on/scene07/L7__s20260821__0005.png::boost_e2,scene07,none_in_fov,B3a,11,B,3a,0.582046,-5.0214,-1.8091,62.1167,8.8712,0
resnet50,44,resnet50_s44,ON_NEG,on/scene07/L7__s20260821__0005.png::boost_e2,scene07,none_in_fov,C3a,12,C,3a,0.817514,-5.0214,-1.8091,62.1167,8.8712,0
resnet50,44,resnet50_s44,ON_NEG,on/scene07/L7__s20260821__0005.png::boost_e2,scene07,none_in_fov,D3a,13,D,3a,0.555645,-5.0214,-1.8091,62.1167,8.8712,0
resnet50,44,resnet50_s44,ON_NEG,on/scene07/L7__s20260821__0005.png::boost_e2,scene07,none_in_fov,C3b,17,C,3b,0.731698,-5.0214,-1.8091,62.1167,8.8712,0
resnet50,44,resnet50_s44,ON_NEG,on/scene18/L0__s20260821__0007.png::boost_e2,scene18,E,B2,6,B,2,0.532959,-10.8723,-9.5014,63.9457,6.7865,0
resnet50,44,resnet50_s44,ON_NEG,on/scene18/L0__s20260821__0007.png::boost_e2,scene18,E,C2,7,C,2,0.605107,-10.8723,-9.5014,63.9457,6.7865,0
resnet50,44,resnet50_s44,ON_NEG,on/scene18/L0__s20260821__0007.png::boost_e2,scene18,E,D2,8,D,2,0.543595,-10.8723,-9.5014,63.9457,6.7865,0
resnet50,44,resnet50_s44,ON_NEG,on/scene18/L5__s20260821__0003.png::boost_e2,scene18,E,C3a,12,C,3a,0.608829,-11.9451,-8.9088,61.9543,8.2439,0
resnet50,44,resnet50_s44,ON_NEG,on/scene18/L5__s20260821__0003.png::boost_e2,scene18,E,D3a,13,D,3a,0.585388,-11.9451,-8.9088,61.9543,8.2439,0
resnet50,44,resnet50_s44,ON_NEG,on/scene18/L5__s20260821__0003.png::boost_e2,scene18,E,E3a,14,E,3a,0.547782,-11.9451,-8.9088,61.9543,8.2439,0
resnet50,44,resnet50_s44,ON_NEG,on/scene18/L7__s20260821__0005.png::boost_e2,scene18,E,C2,7,C,2,0.553941,-9.7583,2.6568,60.7358,7.2478,0
resnet50,44,resnet50_s44,ON_NEG,on/scene18/L7__s20260821__0005.png::boost_e2,scene18,E,D2,8,D,2,0.500037,-9.7583,2.6568,60.7358,7.2478,0
resnet50,44,resnet50_s44,ON_NEG,on/scene18/L7__s20260821__0007.png::boost_e2,scene18,E,B2,6,B,2,0.539676,-10.8723,-9.5014,63.9457,6.7865,0
resnet50,44,resnet50_s44,ON_NEG,on/scene18/L7__s20260821__0007.png::boost_e2,scene18,E,C2,7,C,2,0.605947,-10.8723,-9.5014,63.9457,6.7865,0
resnet50,44,resnet50_s44,ON_NEG,on/scene18/L7__s20260821__0007.png::boost_e2,scene18,E,D2,8,D,2,0.551629,-10.8723,-9.5014,63.9457,6.7865,0
convnext_tiny,42,convnext_tiny_s42,OFF,off/scene05/L0__s20260819__0000.png,scene05,off,C3b,17,C,3b,0.501482,-13.6144,1.6463,62.6648,2.8577,0
convnext_tiny,42,convnext_tiny_s42,OFF,off/scene05/L0__s20260819__0001.png,scene05,off,C3b,17,C,3b,0.501458,-15.173,12.161,60.0807,9.829,0
convnext_tiny,42,convnext_tiny_s42,OFF,off/scene05/L0__s20260819__0002.png,scene05,off,C3b,17,C,3b,0.501466,-10.3814,-5.3811,61.849,10.1547,0
convnext_tiny,42,convnext_tiny_s42,OFF,off/scene05/L0__s20260819__0003.png,scene05,off,C3b,17,C,3b,0.50148,-16.5946,2.3699,62.213,5.261,0
convnext_tiny,42,convnext_tiny_s42,OFF,off/scene05/L0__s20260819__0004.png,scene05,off,C3b,17,C,3b,0.501466,-12.9429,6.4312,60.6761,2.7145,0
convnext_tiny,42,convnext_tiny_s42,OFF,off/scene05/L0__s20260819__0005.png,scene05,off,C3b,17,C,3b,0.501472,-7.0259,1.6918,62.8815,1.4988,0
convnext_tiny,42,convnext_tiny_s42,OFF,off/scene05/L0__s20260819__0006.png,scene05,off,C3b,17,C,3b,0.50147,-7.598,-3.6478,63.1397,4.3849,0
convnext_tiny,42,convnext_tiny_s42,OFF,off/scene05/L0__s20260819__0007.png,scene05,off,C3b,17,C,3b,0.501457,-11.0887,-6.1282,60.9132,3.4946,0
convnext_tiny,42,convnext_tiny_s42,OFF,off/scene05/L5__s20260819__0000.png,scene05,off,C3b,17,C,3b,0.501453,-13.6144,1.6463,62.6648,2.8577,0
convnext_tiny,42,convnext_tiny_s42,OFF,off/scene05/L5__s20260819__0001.png,scene05,off,C3b,17,C,3b,0.501441,-15.173,12.161,60.0807,9.829,0
convnext_tiny,42,convnext_tiny_s42,OFF,off/scene05/L5__s20260819__0002.png,scene05,off,C3b,17,C,3b,0.501457,-10.3814,-5.3811,61.849,10.1547,0
convnext_tiny,42,convnext_tiny_s42,OFF,off/scene05/L5__s20260819__0003.png,scene05,off,C3b,17,C,3b,0.501466,-16.5946,2.3699,62.213,5.261,0
convnext_tiny,42,convnext_tiny_s42,OFF,off/scene05/L5__s20260819__0004.png,scene05,off,C3b,17,C,3b,0.501461,-12.9429,6.4312,60.6761,2.7145,0
convnext_tiny,42,convnext_tiny_s42,OFF,off/scene05/L5__s20260819__0005.png,scene05,off,C3b,17,C,3b,0.501441,-7.0259,1.6918,62.8815,1.4988,0
convnext_tiny,42,convnext_tiny_s42,OFF,off/scene05/L5__s20260819__0006.png,scene05,off,C3b,17,C,3b,0.501477,-7.598,-3.6478,63.1397,4.3849,0
convnext_tiny,42,convnext_tiny_s42,OFF,off/scene05/L5__s20260819__0007.png,scene05,off,C3b,17,C,3b,0.501442,-11.0887,-6.1282,60.9132,3.4946,0
convnext_tiny,42,convnext_tiny_s42,OFF,off/scene05/L7__s20260819__0000.png,scene05,off,C3b,17,C,3b,0.501475,-13.6144,1.6463,62.6648,2.8577,0
convnext_tiny,42,convnext_tiny_s42,OFF,off/scene05/L7__s20260819__0001.png,scene05,off,C3b,17,C,3b,0.50147,-15.173,12.161,60.0807,9.829,0
convnext_tiny,42,convnext_tiny_s42,OFF,off/scene05/L7__s20260819__0002.png,scene05,off,C3b,17,C,3b,0.501479,-10.3814,-5.3811,61.849,10.1547,0
convnext_tiny,42,convnext_tiny_s42,OFF,off/scene05/L7__s20260819__0003.png,scene05,off,C3b,17,C,3b,0.501486,-16.5946,2.3699,62.213,5.261,0
convnext_tiny,42,convnext_tiny_s42,OFF,off/scene05/L7__s20260819__0004.png,scene05,off,C3b,17,C,3b,0.50148,-12.9429,6.4312,60.6761,2.7145,0
convnext_tiny,42,convnext_tiny_s42,OFF,off/scene05/L7__s20260819__0005.png,scene05,off,C3b,17,C,3b,0.501479,-7.0259,1.6918,62.8815,1.4988,0
convnext_tiny,42,convnext_tiny_s42,OFF,off/scene05/L7__s20260819__0006.png,scene05,off,C3b,17,C,3b,0.501477,-7.598,-3.6478,63.1397,4.3849,0
convnext_tiny,42,convnext_tiny_s42,OFF,off/scene05/L7__s20260819__0007.png,scene05,off,C3b,17,C,3b,0.501472,-11.0887,-6.1282,60.9132,3.4946,0
convnext_tiny,42,convnext_tiny_s42,OFF,off/scene07/L0__s20260819__0000.png,scene07,off,C3b,17,C,3b,0.501441,-11.6469,5.5321,61.8564,4.6128,0
convnext_tiny,42,convnext_tiny_s42,OFF,off/scene07/L0__s20260819__0001.png,scene07,off,C3b,17,C,3b,0.501446,-12.4971,7.4345,61.4783,11.6559,0
convnext_tiny,42,convnext_tiny_s42,OFF,off/scene07/L0__s20260819__0002.png,scene07,off,C3b,17,C,3b,0.501433,-7.922,-1.0116,61.5513,7.0947,0
convnext_tiny,42,convnext_tiny_s42,OFF,off/scene07/L0__s20260819__0003.png,scene07,off,C3b,17,C,3b,0.501444,-9.8928,4.8712,61.7741,2.4361,0
convnext_tiny,42,convnext_tiny_s42,OFF,off/scene07/L0__s20260819__0004.png,scene07,off,C3b,17,C,3b,0.501429,-12.8155,-12.0811,63.2809,3.8019,0
convnext_tiny,42,convnext_tiny_s42,OFF,off/scene07/L0__s20260819__0005.png,scene07,off,C3b,17,C,3b,0.501441,-9.3221,15.6943,62.9084,4.5788,0
convnext_tiny,42,convnext_tiny_s42,OFF,off/scene07/L0__s20260819__0006.png,scene07,off,C3b,17,C,3b,0.501483,-3.7993,3.5452,60.5677,1.5559,0
convnext_tiny,42,convnext_tiny_s42,OFF,off/scene07/L0__s20260819__0007.png,scene07,off,C3b,17,C,3b,0.501443,-9.7299,-3.7756,59.9335,3.9995,0
convnext_tiny,42,convnext_tiny_s42,OFF,off/scene07/L5__s20260819__0000.png,scene07,off,C3b,17,C,3b,0.50148,-11.6469,5.5321,61.8564,4.6128,0
convnext_tiny,42,convnext_tiny_s42,OFF,off/scene07/L5__s20260819__0001.png,scene07,off,C3b,17,C,3b,0.501426,-12.4971,7.4345,61.4783,11.6559,0
convnext_tiny,42,convnext_tiny_s42,OFF,off/scene07/L5__s20260819__0002.png,scene07,off,C3b,17,C,3b,0.501478,-7.922,-1.0116,61.5513,7.0947,0
convnext_tiny,42,convnext_tiny_s42,OFF,off/scene07/L5__s20260819__0003.png,scene07,off,C3b,17,C,3b,0.501481,-9.8928,4.8712,61.7741,2.4361,0
convnext_tiny,42,convnext_tiny_s42,OFF,off/scene07/L5__s20260819__0004.png,scene07,off,C3b,17,C,3b,0.501425,-12.8155,-12.0811,63.2809,3.8019,0
convnext_tiny,42,convnext_tiny_s42,OFF,off/scene07/L5__s20260819__0005.png,scene07,off,C3b,17,C,3b,0.501426,-9.3221,15.6943,62.9084,4.5788,0
convnext_tiny,42,convnext_tiny_s42,OFF,off/scene07/L5__s20260819__0006.png,scene07,off,C3b,17,C,3b,0.501436,-3.7993,3.5452,60.5677,1.5559,0
convnext_tiny,42,convnext_tiny_s42,OFF,off/scene07/L5__s20260819__0007.png,scene07,off,C3b,17,C,3b,0.501425,-9.7299,-3.7756,59.9335,3.9995,0
convnext_tiny,42,convnext_tiny_s42,OFF,off/scene07/L7__s20260819__0000.png,scene07,off,C3b,17,C,3b,0.501459,-11.6469,5.5321,61.8564,4.6128,0
convnext_tiny,42,convnext_tiny_s42,OFF,off/scene07/L7__s20260819__0001.png,scene07,off,C3b,17,C,3b,0.501471,-12.4971,7.4345,61.4783,11.6559,0
convnext_tiny,42,convnext_tiny_s42,OFF,off/scene07/L7__s20260819__0002.png,scene07,off,C3b,17,C,3b,0.501446,-7.922,-1.0116,61.5513,7.0947,0
convnext_tiny,42,convnext_tiny_s42,OFF,off/scene07/L7__s20260819__0003.png,scene07,off,C3b,17,C,3b,0.501464,-9.8928,4.8712,61.7741,2.4361,0
convnext_tiny,42,convnext_tiny_s42,OFF,off/scene07/L7__s20260819__0004.png,scene07,off,C3b,17,C,3b,0.501438,-12.8155,-12.0811,63.2809,3.8019,0
convnext_tiny,42,convnext_tiny_s42,OFF,off/scene07/L7__s20260819__0005.png,scene07,off,C3b,17,C,3b,0.501464,-9.3221,15.6943,62.9084,4.5788,0
convnext_tiny,42,convnext_tiny_s42,OFF,off/scene07/L7__s20260819__0006.png,scene07,off,C3b,17,C,3b,0.501485,-3.7993,3.5452,60.5677,1.5559,0
convnext_tiny,42,convnext_tiny_s42,OFF,off/scene07/L7__s20260819__0007.png,scene07,off,C3b,17,C,3b,0.501472,-9.7299,-3.7756,59.9335,3.9995,0
convnext_tiny,42,convnext_tiny_s42,OFF,off/scene14/L0__s20260819__0000.png,scene14,off,C3b,17,C,3b,0.501478,-9.8586,1.429,61.6578,4.7439,0
convnext_tiny,42,convnext_tiny_s42,OFF,off/scene14/L0__s20260819__0001.png,scene14,off,C3b,17,C,3b,0.501479,-8.9998,1.6524,61.4065,7.036,0
convnext_tiny,42,convnext_tiny_s42,OFF,off/scene14/L0__s20260819__0002.png,scene14,off,C3b,17,C,3b,0.501476,-13.2604,4.4652,60.6011,1.3141,0
convnext_tiny,42,convnext_tiny_s42,OFF,off/scene14/L0__s20260819__0003.png,scene14,off,C3b,17,C,3b,0.501472,-3.2277,7.0829,62.9059,4.594,0
convnext_tiny,42,convnext_tiny_s42,OFF,off/scene14/L0__s20260819__0004.png,scene14,off,C3b,17,C,3b,0.501477,-9.4161,-17.2604,60.9456,8.4208,0
convnext_tiny,42,convnext_tiny_s42,OFF,off/scene14/L0__s20260819__0005.png,scene14,off,C3b,17,C,3b,0.501478,-11.6875,3.1562,60.5808,4.4487,0
convnext_tiny,42,convnext_tiny_s42,OFF,off/scene14/L0__s20260819__0006.png,scene14,off,C3b,17,C,3b,0.501479,-10.0252,-0.1653,61.7917,6.5633,0
convnext_tiny,42,convnext_tiny_s42,OFF,off/scene14/L0__s20260819__0007.png,scene14,off,C3b,17,C,3b,0.50148,-8.8174,0.2988,62.6318,4.9665,0
convnext_tiny,42,convnext_tiny_s42,OFF,off/scene14/L5__s20260819__0000.png,scene14,off,C3b,17,C,3b,0.501476,-9.8586,1.429,61.6578,4.7439,0
convnext_tiny,42,convnext_tiny_s42,OFF,off/scene14/L5__s20260819__0001.png,scene14,off,C3b,17,C,3b,0.501477,-8.9998,1.6524,61.4065,7.036,0
convnext_tiny,42,convnext_tiny_s42,OFF,off/scene14/L5__s20260819__0002.png,scene14,off,C3b,17,C,3b,0.501476,-13.2604,4.4652,60.6011,1.3141,0
convnext_tiny,42,convnext_tiny_s42,OFF,off/scene14/L5__s20260819__0003.png,scene14,off,C3b,17,C,3b,0.501478,-3.2277,7.0829,62.9059,4.594,0
convnext_tiny,42,convnext_tiny_s42,OFF,off/scene14/L5__s20260819__0004.png,scene14,off,C3b,17,C,3b,0.501477,-9.4161,-17.2604,60.9456,8.4208,0
convnext_tiny,42,convnext_tiny_s42,OFF,off/scene14/L5__s20260819__0005.png,scene14,off,C3b,17,C,3b,0.501478,-11.6875,3.1562,60.5808,4.4487,0
convnext_tiny,42,convnext_tiny_s42,OFF,off/scene14/L5__s20260819__0006.png,scene14,off,C3b,17,C,3b,0.501477,-10.0252,-0.1653,61.7917,6.5633,0
convnext_tiny,42,convnext_tiny_s42,OFF,off/scene14/L5__s20260819__0007.png,scene14,off,C3b,17,C,3b,0.501477,-8.8174,0.2988,62.6318,4.9665,0
convnext_tiny,42,convnext_tiny_s42,OFF,off/scene14/L7__s20260819__0000.png,scene14,off,C3b,17,C,3b,0.50148,-9.8586,1.429,61.6578,4.7439,0
convnext_tiny,42,convnext_tiny_s42,OFF,off/scene14/L7__s20260819__0001.png,scene14,off,C3b,17,C,3b,0.50148,-8.9998,1.6524,61.4065,7.036,0
convnext_tiny,42,convnext_tiny_s42,OFF,off/scene14/L7__s20260819__0002.png,scene14,off,C3b,17,C,3b,0.50148,-13.2604,4.4652,60.6011,1.3141,0
convnext_tiny,42,convnext_tiny_s42,OFF,off/scene14/L7__s20260819__0003.png,scene14,off,C3b,17,C,3b,0.50148,-3.2277,7.0829,62.9059,4.594,0
convnext_tiny,42,convnext_tiny_s42,OFF,off/scene14/L7__s20260819__0004.png,scene14,off,C3b,17,C,3b,0.50148,-9.4161,-17.2604,60.9456,8.4208,0
convnext_tiny,42,convnext_tiny_s42,OFF,off/scene14/L7__s20260819__0005.png,scene14,off,C3b,17,C,3b,0.50148,-11.6875,3.1562,60.5808,4.4487,0
convnext_tiny,42,convnext_tiny_s42,OFF,off/scene14/L7__s20260819__0006.png,scene14,off,C3b,17,C,3b,0.501479,-10.0252,-0.1653,61.7917,6.5633,0
convnext_tiny,42,convnext_tiny_s42,OFF,off/scene14/L7__s20260819__0007.png,scene14,off,C3b,17,C,3b,0.50148,-8.8174,0.2988,62.6318,4.9665,0
convnext_tiny,42,convnext_tiny_s42,OFF,off/scene15/L0__s20260819__0000.png,scene15,off,C3b,17,C,3b,0.501442,-6.6317,-4.2143,61.8616,9.9031,0
convnext_tiny,42,convnext_tiny_s42,OFF,off/scene15/L0__s20260819__0001.png,scene15,off,C3b,17,C,3b,0.501446,-7.5218,-9.2458,61.8359,1.858,0
convnext_tiny,42,convnext_tiny_s42,OFF,off/scene15/L0__s20260819__0002.png,scene15,off,C3b,17,C,3b,0.501443,-8.4908,3.1991,65.8023,4.6673,0
convnext_tiny,42,convnext_tiny_s42,OFF,off/scene15/L0__s20260819__0003.png,scene15,off,C3b,17,C,3b,0.501448,-13.9162,-3.4361,63.7846,1.3693,0
convnext_tiny,42,convnext_tiny_s42,OFF,off/scene15/L0__s20260819__0004.png,scene15,off,C3b,17,C,3b,0.501448,-11.0394,5.5473,63.0915,5.5065,0
convnext_tiny,42,convnext_tiny_s42,OFF,off/scene15/L0__s20260819__0005.png,scene15,off,C3b,17,C,3b,0.501443,-12.9205,6.4099,63.9932,3.0224,0
convnext_tiny,42,convnext_tiny_s42,OFF,off/scene15/L0__s20260819__0006.png,scene15,off,C3b,17,C,3b,0.501438,-9.1914,-18.2162,60.3765,2.2421,0
convnext_tiny,42,convnext_tiny_s42,OFF,off/scene15/L0__s20260819__0007.png,scene15,off,C3b,17,C,3b,0.501445,-15.2404,1.5985,63.4015,5.1525,0
convnext_tiny,42,convnext_tiny_s42,OFF,off/scene15/L4__s20260819__0000.png,scene15,off,C3b,17,C,3b,0.501437,-6.6317,-4.2143,61.8616,9.9031,0
convnext_tiny,42,convnext_tiny_s42,OFF,off/scene15/L4__s20260819__0001.png,scene15,off,C3b,17,C,3b,0.501435,-7.5218,-9.2458,61.8359,1.858,0
convnext_tiny,42,convnext_tiny_s42,OFF,off/scene15/L4__s20260819__0002.png,scene15,off,C3b,17,C,3b,0.501418,-8.4908,3.1991,65.8023,4.6673,0
convnext_tiny,42,convnext_tiny_s42,OFF,off/scene15/L4__s20260819__0003.png,scene15,off,C3b,17,C,3b,0.501419,-13.9162,-3.4361,63.7846,1.3693,0
convnext_tiny,42,convnext_tiny_s42,OFF,off/scene15/L4__s20260819__0004.png,scene15,off,C3b,17,C,3b,0.501417,-11.0394,5.5473,63.0915,5.5065,0
convnext_tiny,42,convnext_tiny_s42,OFF,off/scene15/L4__s20260819__0005.png,scene15,off,C3b,17,C,3b,0.501422,-12.9205,6.4099,63.9932,3.0224,0
convnext_tiny,42,convnext_tiny_s42,OFF,off/scene15/L4__s20260819__0006.png,scene15,off,C3b,17,C,3b,0.501424,-9.1914,-18.2162,60.3765,2.2421,0
convnext_tiny,42,convnext_tiny_s42,OFF,off/scene15/L4__s20260819__0007.png,scene15,off,C3b,17,C,3b,0.501416,-15.2404,1.5985,63.4015,5.1525,0
convnext_tiny,42,convnext_tiny_s42,OFF,off/scene15/L7__s20260819__0000.png,scene15,off,C3b,17,C,3b,0.501448,-6.6317,-4.2143,61.8616,9.9031,0
convnext_tiny,42,convnext_tiny_s42,OFF,off/scene15/L7__s20260819__0001.png,scene15,off,C3b,17,C,3b,0.501449,-7.5218,-9.2458,61.8359,1.858,0
convnext_tiny,42,convnext_tiny_s42,OFF,off/scene15/L7__s20260819__0002.png,scene15,off,C3b,17,C,3b,0.501434,-8.4908,3.1991,65.8023,4.6673,0
convnext_tiny,42,convnext_tiny_s42,OFF,off/scene15/L7__s20260819__0003.png,scene15,off,C3b,17,C,3b,0.501447,-13.9162,-3.4361,63.7846,1.3693,0
convnext_tiny,42,convnext_tiny_s42,OFF,off/scene15/L7__s20260819__0004.png,scene15,off,C3b,17,C,3b,0.501447,-11.0394,5.5473,63.0915,5.5065,0
convnext_tiny,42,convnext_tiny_s42,OFF,off/scene15/L7__s20260819__0005.png,scene15,off,C3b,17,C,3b,0.501451,-12.9205,6.4099,63.9932,3.0224,0
convnext_tiny,42,convnext_tiny_s42,OFF,off/scene15/L7__s20260819__0006.png,scene15,off,C3b,17,C,3b,0.50145,-9.1914,-18.2162,60.3765,2.2421,0
convnext_tiny,42,convnext_tiny_s42,OFF,off/scene15/L7__s20260819__0007.png,scene15,off,C3b,17,C,3b,0.501443,-15.2404,1.5985,63.4015,5.1525,0
convnext_tiny,42,convnext_tiny_s42,OFF,off/scene18/L0__s20260819__0000.png,scene18,off,C3b,17,C,3b,0.501477,-12.8838,-6.5844,62.7703,1.493,0
convnext_tiny,42,convnext_tiny_s42,OFF,off/scene18/L0__s20260819__0001.png,scene18,off,C3b,17,C,3b,0.501478,-14.5053,-0.143,62.9372,1.9928,0
convnext_tiny,42,convnext_tiny_s42,OFF,off/scene18/L0__s20260819__0002.png,scene18,off,C3b,17,C,3b,0.501489,-17.1516,-15.9889,62.3123,10.4512,0
convnext_tiny,42,convnext_tiny_s42,OFF,off/scene18/L0__s20260819__0003.png,scene18,off,C3b,17,C,3b,0.501476,-9.4719,6.5541,59.9925,1.3672,0
convnext_tiny,42,convnext_tiny_s42,OFF,off/scene18/L0__s20260819__0004.png,scene18,off,C3b,17,C,3b,0.501475,-2.8356,-7.7696,59.995,1.673,0
convnext_tiny,42,convnext_tiny_s42,OFF,off/scene18/L0__s20260819__0005.png,scene18,off,C3b,17,C,3b,0.501467,-4.7331,9.0788,60.2528,1.2517,0
convnext_tiny,42,convnext_tiny_s42,OFF,off/scene18/L0__s20260819__0006.png,scene18,off,C3b,17,C,3b,0.50148,-12.0517,-2.6405,64.1763,5.9593,0
convnext_tiny,42,convnext_tiny_s42,OFF,off/scene18/L0__s20260819__0007.png,scene18,off,C3b,17,C,3b,0.501479,-11.7108,4.6011,63.4304,11.2418,0
convnext_tiny,42,convnext_tiny_s42,OFF,off/scene18/L5__s20260819__0000.png,scene18,off,C3b,17,C,3b,0.501478,-12.8838,-6.5844,62.7703,1.493,0
convnext_tiny,42,convnext_tiny_s42,OFF,off/scene18/L5__s20260819__0001.png,scene18,off,C3b,17,C,3b,0.501464,-14.5053,-0.143,62.9372,1.9928,0
convnext_tiny,42,convnext_tiny_s42,OFF,off/scene18/L5__s20260819__0002.png,scene18,off,C3b,17,C,3b,0.501475,-17.1516,-15.9889,62.3123,10.4512,0
convnext_tiny,42,convnext_tiny_s42,OFF,off/scene18/L5__s20260819__0003.png,scene18,off,C3b,17,C,3b,0.501476,-9.4719,6.5541,59.9925,1.3672,0
convnext_tiny,42,convnext_tiny_s42,OFF,off/scene18/L5__s20260819__0004.png,scene18,off,C3b,17,C,3b,0.501474,-2.8356,-7.7696,59.995,1.673,0
convnext_tiny,42,convnext_tiny_s42,OFF,off/scene18/L5__s20260819__0005.png,scene18,off,C3b,17,C,3b,0.501461,-4.7331,9.0788,60.2528,1.2517,0
convnext_tiny,42,convnext_tiny_s42,OFF,off/scene18/L5__s20260819__0006.png,scene18,off,C3b,17,C,3b,0.501479,-12.0517,-2.6405,64.1763,5.9593,0
convnext_tiny,42,convnext_tiny_s42,OFF,off/scene18/L5__s20260819__0007.png,scene18,off,C3b,17,C,3b,0.501477,-11.7108,4.6011,63.4304,11.2418,0
convnext_tiny,42,convnext_tiny_s42,OFF,off/scene18/L7__s20260819__0000.png,scene18,off,C3b,17,C,3b,0.501478,-12.8838,-6.5844,62.7703,1.493,0
convnext_tiny,42,convnext_tiny_s42,OFF,off/scene18/L7__s20260819__0001.png,scene18,off,C3b,17,C,3b,0.501477,-14.5053,-0.143,62.9372,1.9928,0
convnext_tiny,42,convnext_tiny_s42,OFF,off/scene18/L7__s20260819__0002.png,scene18,off,C3b,17,C,3b,0.501486,-17.1516,-15.9889,62.3123,10.4512,0
convnext_tiny,42,convnext_tiny_s42,OFF,off/scene18/L7__s20260819__0003.png,scene18,off,C3b,17,C,3b,0.501476,-9.4719,6.5541,59.9925,1.3672,0
convnext_tiny,42,convnext_tiny_s42,OFF,off/scene18/L7__s20260819__0004.png,scene18,off,C3b,17,C,3b,0.501478,-2.8356,-7.7696,59.995,1.673,0
convnext_tiny,42,convnext_tiny_s42,OFF,off/scene18/L7__s20260819__0005.png,scene18,off,C3b,17,C,3b,0.501472,-4.7331,9.0788,60.2528,1.2517,0
convnext_tiny,42,convnext_tiny_s42,OFF,off/scene18/L7__s20260819__0006.png,scene18,off,C3b,17,C,3b,0.501479,-12.0517,-2.6405,64.1763,5.9593,0
convnext_tiny,42,convnext_tiny_s42,OFF,off/scene18/L7__s20260819__0007.png,scene18,off,C3b,17,C,3b,0.501478,-11.7108,4.6011,63.4304,11.2418,0
convnext_tiny,42,convnext_tiny_s42,OFF,off/sceneC2/L2__s20260819__0000.png,sceneC2,off,C3b,17,C,3b,0.501469,-3.8125,-12.3059,62.9162,2.4832,0
convnext_tiny,42,convnext_tiny_s42,OFF,off/sceneC2/L2__s20260819__0001.png,sceneC2,off,C3b,17,C,3b,0.501474,-13.4518,-13.0389,63.5306,6.8638,0
convnext_tiny,42,convnext_tiny_s42,OFF,off/sceneC2/L2__s20260819__0002.png,sceneC2,off,C3b,17,C,3b,0.501469,-11.6494,-2.9872,60.6739,8.321,0
convnext_tiny,42,convnext_tiny_s42,OFF,off/sceneC2/L2__s20260819__0003.png,sceneC2,off,C3b,17,C,3b,0.501475,-13.0594,-4.2489,62.4769,1.2525,0
convnext_tiny,42,convnext_tiny_s42,OFF,off/sceneC2/L2__s20260819__0004.png,sceneC2,off,C3b,17,C,3b,0.501466,-13.5389,11.6475,61.7574,2.2154,0
convnext_tiny,42,convnext_tiny_s42,OFF,off/sceneC2/L2__s20260819__0005.png,sceneC2,off,C3b,17,C,3b,0.501466,-13.9053,-4.7076,63.4803,4.5522,0
convnext_tiny,42,convnext_tiny_s42,OFF,off/sceneC2/L2__s20260819__0006.png,sceneC2,off,C3b,17,C,3b,0.501462,-11.6055,-2.8331,61.0412,4.3157,0
convnext_tiny,42,convnext_tiny_s42,OFF,off/sceneC2/L2__s20260819__0007.png,sceneC2,off,C3b,17,C,3b,0.501462,-12.5459,-0.5423,62.1216,1.5671,0
convnext_tiny,42,convnext_tiny_s42,OFF,off/sceneC2/L3__s20260819__0000.png,sceneC2,off,C3b,17,C,3b,0.501468,-3.8125,-12.3059,62.9162,2.4832,0
convnext_tiny,42,convnext_tiny_s42,OFF,off/sceneC2/L3__s20260819__0001.png,sceneC2,off,C3b,17,C,3b,0.501472,-13.4518,-13.0389,63.5306,6.8638,0
convnext_tiny,42,convnext_tiny_s42,OFF,off/sceneC2/L3__s20260819__0002.png,sceneC2,off,C3b,17,C,3b,0.50147,-11.6494,-2.9872,60.6739,8.321,0
convnext_tiny,42,convnext_tiny_s42,OFF,off/sceneC2/L3__s20260819__0003.png,sceneC2,off,C3b,17,C,3b,0.501475,-13.0594,-4.2489,62.4769,1.2525,0
convnext_tiny,42,convnext_tiny_s42,OFF,off/sceneC2/L3__s20260819__0004.png,sceneC2,off,C3b,17,C,3b,0.501465,-13.5389,11.6475,61.7574,2.2154,0
convnext_tiny,42,convnext_tiny_s42,OFF,off/sceneC2/L3__s20260819__0005.png,sceneC2,off,C3b,17,C,3b,0.501465,-13.9053,-4.7076,63.4803,4.5522,0
convnext_tiny,42,convnext_tiny_s42,OFF,off/sceneC2/L3__s20260819__0006.png,sceneC2,off,C3b,17,C,3b,0.501462,-11.6055,-2.8331,61.0412,4.3157,0
convnext_tiny,42,convnext_tiny_s42,OFF,off/sceneC2/L3__s20260819__0007.png,sceneC2,off,C3b,17,C,3b,0.50146,-12.5459,-0.5423,62.1216,1.5671,0
convnext_tiny,42,convnext_tiny_s42,OFF,off/sceneC2/L7__s20260819__0000.png,sceneC2,off,C3b,17,C,3b,0.50147,-3.8125,-12.3059,62.9162,2.4832,0
convnext_tiny,42,convnext_tiny_s42,OFF,off/sceneC2/L7__s20260819__0001.png,sceneC2,off,C3b,17,C,3b,0.501474,-13.4518,-13.0389,63.5306,6.8638,0
convnext_tiny,42,convnext_tiny_s42,OFF,off/sceneC2/L7__s20260819__0002.png,sceneC2,off,C3b,17,C,3b,0.50147,-11.6494,-2.9872,60.6739,8.321,0
convnext_tiny,42,convnext_tiny_s42,OFF,off/sceneC2/L7__s20260819__0003.png,sceneC2,off,C3b,17,C,3b,0.501474,-13.0594,-4.2489,62.4769,1.2525,0
convnext_tiny,42,convnext_tiny_s42,OFF,off/sceneC2/L7__s20260819__0004.png,sceneC2,off,C3b,17,C,3b,0.501467,-13.5389,11.6475,61.7574,2.2154,0
convnext_tiny,42,convnext_tiny_s42,OFF,off/sceneC2/L7__s20260819__0005.png,sceneC2,off,C3b,17,C,3b,0.501466,-13.9053,-4.7076,63.4803,4.5522,0
convnext_tiny,42,convnext_tiny_s42,OFF,off/sceneC2/L7__s20260819__0006.png,sceneC2,off,C3b,17,C,3b,0.501461,-11.6055,-2.8331,61.0412,4.3157,0
convnext_tiny,42,convnext_tiny_s42,OFF,off/sceneC2/L7__s20260819__0007.png,sceneC2,off,C3b,17,C,3b,0.501459,-12.5459,-0.5423,62.1216,1.5671,0
convnext_tiny,42,convnext_tiny_s42,OFF,off/sceneN3/L0__s20260819__0000.png,sceneN3,off,C3b,17,C,3b,0.501445,-16.2467,-6.5053,60.6518,9.1828,0
convnext_tiny,42,convnext_tiny_s42,OFF,off/sceneN3/L0__s20260819__0001.png,sceneN3,off,C3b,17,C,3b,0.50143,-12.6534,1.5439,61.04,5.2884,0
convnext_tiny,42,convnext_tiny_s42,OFF,off/sceneN3/L0__s20260819__0002.png,sceneN3,off,C3b,17,C,3b,0.501438,-13.1516,1.5693,63.1068,1.7608,0
convnext_tiny,42,convnext_tiny_s42,OFF,off/sceneN3/L0__s20260819__0003.png,sceneN3,off,C3b,17,C,3b,0.501439,-9.3231,5.7221,62.1685,8.3724,0
convnext_tiny,42,convnext_tiny_s42,OFF,off/sceneN3/L0__s20260819__0004.png,sceneN3,off,C3b,17,C,3b,0.501443,-7.3546,-7.2186,63.4074,8.0992,0
convnext_tiny,42,convnext_tiny_s42,OFF,off/sceneN3/L0__s20260819__0005.png,sceneN3,off,C3b,17,C,3b,0.501448,-12.2129,-14.4798,63.1796,2.2677,0
convnext_tiny,42,convnext_tiny_s42,OFF,off/sceneN3/L0__s20260819__0006.png,sceneN3,off,C3b,17,C,3b,0.501445,-7.7849,2.4667,60.503,4.7311,0
convnext_tiny,42,convnext_tiny_s42,OFF,off/sceneN3/L0__s20260819__0007.png,sceneN3,off,C3b,17,C,3b,0.501439,-12.6477,6.8749,62.3125,1.3919,0
convnext_tiny,42,convnext_tiny_s42,OFF,off/sceneN3/L5__s20260819__0000.png,sceneN3,off,C3b,17,C,3b,0.501445,-16.2467,-6.5053,60.6518,9.1828,0
convnext_tiny,42,convnext_tiny_s42,OFF,off/sceneN3/L5__s20260819__0001.png,sceneN3,off,C3b,17,C,3b,0.501409,-12.6534,1.5439,61.04,5.2884,0
convnext_tiny,42,convnext_tiny_s42,OFF,off/sceneN3/L5__s20260819__0002.png,sceneN3,off,C3b,17,C,3b,0.501434,-13.1516,1.5693,63.1068,1.7608,0
convnext_tiny,42,convnext_tiny_s42,OFF,off/sceneN3/L5__s20260819__0003.png,sceneN3,off,C3b,17,C,3b,0.501431,-9.3231,5.7221,62.1685,8.3724,0
convnext_tiny,42,convnext_tiny_s42,OFF,off/sceneN3/L5__s20260819__0004.png,sceneN3,off,C3b,17,C,3b,0.501442,-7.3546,-7.2186,63.4074,8.0992,0
convnext_tiny,42,convnext_tiny_s42,OFF,off/sceneN3/L5__s20260819__0005.png,sceneN3,off,C3b,17,C,3b,0.501453,-12.2129,-14.4798,63.1796,2.2677,0
convnext_tiny,42,convnext_tiny_s42,OFF,off/sceneN3/L5__s20260819__0006.png,sceneN3,off,C3b,17,C,3b,0.50142,-7.7849,2.4667,60.503,4.7311,0
convnext_tiny,42,convnext_tiny_s42,OFF,off/sceneN3/L5__s20260819__0007.png,sceneN3,off,C3b,17,C,3b,0.501435,-12.6477,6.8749,62.3125,1.3919,0
convnext_tiny,42,convnext_tiny_s42,OFF,off/sceneN3/L7__s20260819__0000.png,sceneN3,off,C3b,17,C,3b,0.501437,-16.2467,-6.5053,60.6518,9.1828,0
convnext_tiny,42,convnext_tiny_s42,OFF,off/sceneN3/L7__s20260819__0001.png,sceneN3,off,C3b,17,C,3b,0.501441,-12.6534,1.5439,61.04,5.2884,0
convnext_tiny,42,convnext_tiny_s42,OFF,off/sceneN3/L7__s20260819__0002.png,sceneN3,off,C3b,17,C,3b,0.501441,-13.1516,1.5693,63.1068,1.7608,0
convnext_tiny,42,convnext_tiny_s42,OFF,off/sceneN3/L7__s20260819__0003.png,sceneN3,off,C3b,17,C,3b,0.501449,-9.3231,5.7221,62.1685,8.3724,0
convnext_tiny,42,convnext_tiny_s42,OFF,off/sceneN3/L7__s20260819__0004.png,sceneN3,off,C3b,17,C,3b,0.501447,-7.3546,-7.2186,63.4074,8.0992,0
convnext_tiny,42,convnext_tiny_s42,OFF,off/sceneN3/L7__s20260819__0005.png,sceneN3,off,C3b,17,C,3b,0.501461,-12.2129,-14.4798,63.1796,2.2677,0
convnext_tiny,42,convnext_tiny_s42,OFF,off/sceneN3/L7__s20260819__0006.png,sceneN3,off,C3b,17,C,3b,0.501455,-7.7849,2.4667,60.503,4.7311,0
convnext_tiny,42,convnext_tiny_s42,OFF,off/sceneN3/L7__s20260819__0007.png,sceneN3,off,C3b,17,C,3b,0.501445,-12.6477,6.8749,62.3125,1.3919,0
convnext_tiny,42,convnext_tiny_s42,OFF,off/scene14/L0__s20260820__0000.png::boost_h,scene14,off,C3b,17,C,3b,0.501479,-8.1284,3.311,58.9789,8.9228,0
convnext_tiny,42,convnext_tiny_s42,OFF,off/scene14/L0__s20260820__0001.png::boost_h,scene14,off,C3b,17,C,3b,0.501478,-10.3828,-4.0507,61.2701,11.2053,0
convnext_tiny,42,convnext_tiny_s42,OFF,off/scene14/L0__s20260820__0002.png::boost_h,scene14,off,C3b,17,C,3b,0.501479,-7.0039,2.401,63.1403,11.657,0
convnext_tiny,42,convnext_tiny_s42,OFF,off/scene14/L0__s20260820__0003.png::boost_h,scene14,off,C3b,17,C,3b,0.501479,-7.2352,-9.0359,60.577,10.095,0
convnext_tiny,42,convnext_tiny_s42,OFF,off/scene14/L0__s20260820__0004.png::boost_h,scene14,off,C3b,17,C,3b,0.501476,-16.0704,-3.7589,60.2149,6.7379,0
convnext_tiny,42,convnext_tiny_s42,OFF,off/scene14/L0__s20260820__0005.png::boost_h,scene14,off,C3b,17,C,3b,0.501477,-12.4022,9.6925,62.3957,8.1602,0
convnext_tiny,42,convnext_tiny_s42,OFF,off/scene14/L0__s20260820__0006.png::boost_h,scene14,off,C3b,17,C,3b,0.501474,-16.5186,9.6527,62.4123,8.239,0
convnext_tiny,42,convnext_tiny_s42,OFF,off/scene14/L0__s20260820__0007.png::boost_h,scene14,off,C3b,17,C,3b,0.501479,-6.1172,5.4847,60.0935,10.4613,0
convnext_tiny,42,convnext_tiny_s42,OFF,off/scene14/L5__s20260820__0000.png::boost_h,scene14,off,C3b,17,C,3b,0.501478,-8.1284,3.311,58.9789,8.9228,0
convnext_tiny,42,convnext_tiny_s42,OFF,off/scene14/L5__s20260820__0001.png::boost_h,scene14,off,C3b,17,C,3b,0.501478,-10.3828,-4.0507,61.2701,11.2053,0
convnext_tiny,42,convnext_tiny_s42,OFF,off/scene14/L5__s20260820__0002.png::boost_h,scene14,off,C3b,17,C,3b,0.501478,-7.0039,2.401,63.1403,11.657,0
convnext_tiny,42,convnext_tiny_s42,OFF,off/scene14/L5__s20260820__0003.png::boost_h,scene14,off,C3b,17,C,3b,0.501477,-7.2352,-9.0359,60.577,10.095,0
convnext_tiny,42,convnext_tiny_s42,OFF,off/scene14/L5__s20260820__0004.png::boost_h,scene14,off,C3b,17,C,3b,0.501472,-16.0704,-3.7589,60.2149,6.7379,0
convnext_tiny,42,convnext_tiny_s42,OFF,off/scene14/L5__s20260820__0005.png::boost_h,scene14,off,C3b,17,C,3b,0.501476,-12.4022,9.6925,62.3957,8.1602,0
convnext_tiny,42,convnext_tiny_s42,OFF,off/scene14/L5__s20260820__0006.png::boost_h,scene14,off,C3b,17,C,3b,0.501474,-16.5186,9.6527,62.4123,8.239,0
convnext_tiny,42,convnext_tiny_s42,OFF,off/scene14/L5__s20260820__0007.png::boost_h,scene14,off,C3b,17,C,3b,0.501478,-6.1172,5.4847,60.0935,10.4613,0
convnext_tiny,42,convnext_tiny_s42,OFF,off/scene14/L7__s20260820__0000.png::boost_h,scene14,off,C3b,17,C,3b,0.501481,-8.1284,3.311,58.9789,8.9228,0
convnext_tiny,42,convnext_tiny_s42,OFF,off/scene14/L7__s20260820__0001.png::boost_h,scene14,off,C3b,17,C,3b,0.50148,-10.3828,-4.0507,61.2701,11.2053,0
convnext_tiny,42,convnext_tiny_s42,OFF,off/scene14/L7__s20260820__0002.png::boost_h,scene14,off,C3b,17,C,3b,0.501482,-7.0039,2.401,63.1403,11.657,0
convnext_tiny,42,convnext_tiny_s42,OFF,off/scene14/L7__s20260820__0003.png::boost_h,scene14,off,C3b,17,C,3b,0.50148,-7.2352,-9.0359,60.577,10.095,0
convnext_tiny,42,convnext_tiny_s42,OFF,off/scene14/L7__s20260820__0004.png::boost_h,scene14,off,C3b,17,C,3b,0.501483,-16.0704,-3.7589,60.2149,6.7379,0
convnext_tiny,42,convnext_tiny_s42,OFF,off/scene14/L7__s20260820__0005.png::boost_h,scene14,off,C3b,17,C,3b,0.50148,-12.4022,9.6925,62.3957,8.1602,0
convnext_tiny,42,convnext_tiny_s42,OFF,off/scene14/L7__s20260820__0006.png::boost_h,scene14,off,C3b,17,C,3b,0.501479,-16.5186,9.6527,62.4123,8.239,0
convnext_tiny,42,convnext_tiny_s42,OFF,off/scene14/L7__s20260820__0007.png::boost_h,scene14,off,C3b,17,C,3b,0.501481,-6.1172,5.4847,60.0935,10.4613,0
convnext_tiny,42,convnext_tiny_s42,OFF,off/scene15/L0__s20260820__0000.png::boost_h,scene15,off,C3b,17,C,3b,0.501438,-13.637,-17.7914,62.7559,10.9914,0
convnext_tiny,42,convnext_tiny_s42,OFF,off/scene15/L0__s20260820__0001.png::boost_h,scene15,off,C3b,17,C,3b,0.501424,-6.8068,-11.8299,63.9125,9.9013,0
convnext_tiny,42,convnext_tiny_s42,OFF,off/scene15/L0__s20260820__0002.png::boost_h,scene15,off,C3b,17,C,3b,0.501439,-8.6096,-4.0107,63.6728,6.6026,0
convnext_tiny,42,convnext_tiny_s42,OFF,off/scene15/L0__s20260820__0003.png::boost_h,scene15,off,C3b,17,C,3b,0.501441,-11.0902,-4.9586,63.1815,7.5147,0
convnext_tiny,42,convnext_tiny_s42,OFF,off/scene15/L0__s20260820__0004.png::boost_h,scene15,off,C3b,17,C,3b,0.501441,-12.6937,-3.4861,58.1207,9.9583,0
convnext_tiny,42,convnext_tiny_s42,OFF,off/scene15/L0__s20260820__0005.png::boost_h,scene15,off,C3b,17,C,3b,0.501444,-5.4058,-7.3396,62.3314,9.8366,0
convnext_tiny,42,convnext_tiny_s42,OFF,off/scene15/L0__s20260820__0006.png::boost_h,scene15,off,C3b,17,C,3b,0.501446,-5.1828,6.8137,59.5209,6.9519,0
convnext_tiny,42,convnext_tiny_s42,OFF,off/scene15/L0__s20260820__0007.png::boost_h,scene15,off,C3b,17,C,3b,0.50144,-9.4753,-12.4083,62.4936,8.3783,0
convnext_tiny,42,convnext_tiny_s42,OFF,off/scene15/L4__s20260820__0000.png::boost_h,scene15,off,C3b,17,C,3b,0.501441,-13.637,-17.7914,62.7559,10.9914,0
convnext_tiny,42,convnext_tiny_s42,OFF,off/scene15/L4__s20260820__0001.png::boost_h,scene15,off,C3b,17,C,3b,0.501429,-6.8068,-11.8299,63.9125,9.9013,0
convnext_tiny,42,convnext_tiny_s42,OFF,off/scene15/L4__s20260820__0002.png::boost_h,scene15,off,C3b,17,C,3b,0.501435,-8.6096,-4.0107,63.6728,6.6026,0
convnext_tiny,42,convnext_tiny_s42,OFF,off/scene15/L4__s20260820__0003.png::boost_h,scene15,off,C3b,17,C,3b,0.50143,-11.0902,-4.9586,63.1815,7.5147,0
convnext_tiny,42,convnext_tiny_s42,OFF,off/scene15/L4__s20260820__0004.png::boost_h,scene15,off,C3b,17,C,3b,0.501418,-12.6937,-3.4861,58.1207,9.9583,0
convnext_tiny,42,convnext_tiny_s42,OFF,off/scene15/L4__s20260820__0005.png::boost_h,scene15,off,C3b,17,C,3b,0.501438,-5.4058,-7.3396,62.3314,9.8366,0
convnext_tiny,42,convnext_tiny_s42,OFF,off/scene15/L4__s20260820__0006.png::boost_h,scene15,off,C3b,17,C,3b,0.501426,-5.1828,6.8137,59.5209,6.9519,0
convnext_tiny,42,convnext_tiny_s42,OFF,off/scene15/L4__s20260820__0007.png::boost_h,scene15,off,C3b,17,C,3b,0.501424,-9.4753,-12.4083,62.4936,8.3783,0
convnext_tiny,42,convnext_tiny_s42,OFF,off/scene15/L7__s20260820__0000.png::boost_h,scene15,off,C3b,17,C,3b,0.501457,-13.637,-17.7914,62.7559,10.9914,0
convnext_tiny,42,convnext_tiny_s42,OFF,off/scene15/L7__s20260820__0001.png::boost_h,scene15,off,C3b,17,C,3b,0.501441,-6.8068,-11.8299,63.9125,9.9013,0
convnext_tiny,42,convnext_tiny_s42,OFF,off/scene15/L7__s20260820__0002.png::boost_h,scene15,off,C3b,17,C,3b,0.501451,-8.6096,-4.0107,63.6728,6.6026,0
convnext_tiny,42,convnext_tiny_s42,OFF,off/scene15/L7__s20260820__0003.png::boost_h,scene15,off,C3b,17,C,3b,0.501445,-11.0902,-4.9586,63.1815,7.5147,0
convnext_tiny,42,convnext_tiny_s42,OFF,off/scene15/L7__s20260820__0004.png::boost_h,scene15,off,C3b,17,C,3b,0.501448,-12.6937,-3.4861,58.1207,9.9583,0
convnext_tiny,42,convnext_tiny_s42,OFF,off/scene15/L7__s20260820__0005.png::boost_h,scene15,off,C3b,17,C,3b,0.501445,-5.4058,-7.3396,62.3314,9.8366,0
convnext_tiny,42,convnext_tiny_s42,OFF,off/scene15/L7__s20260820__0006.png::boost_h,scene15,off,C3b,17,C,3b,0.50146,-5.1828,6.8137,59.5209,6.9519,0
convnext_tiny,42,convnext_tiny_s42,OFF,off/scene15/L7__s20260820__0007.png::boost_h,scene15,off,C3b,17,C,3b,0.501453,-9.4753,-12.4083,62.4936,8.3783,0
convnext_tiny,42,convnext_tiny_s42,OFF,off/scene05/L0__s20260820__0000.png::boost_e,scene05,off,C3b,17,C,3b,0.501474,-10.3105,7.3985,60.3309,7.0354,0
convnext_tiny,42,convnext_tiny_s42,OFF,off/scene05/L0__s20260820__0001.png::boost_e,scene05,off,C3b,17,C,3b,0.501473,-5.7189,0.3564,61.8831,9.8857,0
convnext_tiny,42,convnext_tiny_s42,OFF,off/scene05/L0__s20260820__0002.png::boost_e,scene05,off,C3b,17,C,3b,0.50147,-5.4996,-9.2457,63.6695,7.7708,0
convnext_tiny,42,convnext_tiny_s42,OFF,off/scene05/L0__s20260820__0003.png::boost_e,scene05,off,C3b,17,C,3b,0.501459,-7.8027,0.1237,61.0834,6.3099,0
convnext_tiny,42,convnext_tiny_s42,OFF,off/scene05/L0__s20260820__0004.png::boost_e,scene05,off,C3b,17,C,3b,0.501477,-6.9904,-7.3983,63.483,6.1605,0
convnext_tiny,42,convnext_tiny_s42,OFF,off/scene05/L0__s20260820__0005.png::boost_e,scene05,off,C3b,17,C,3b,0.501479,-9.9958,-4.8864,61.371,6.2772,0
convnext_tiny,42,convnext_tiny_s42,OFF,off/scene05/L0__s20260820__0006.png::boost_e,scene05,off,C3b,17,C,3b,0.501462,-12.8982,-6.3539,61.1324,9.7574,0
convnext_tiny,42,convnext_tiny_s42,OFF,off/scene05/L0__s20260820__0007.png::boost_e,scene05,off,C3b,17,C,3b,0.50147,-11.43,-6.2709,60.486,7.4493,0
convnext_tiny,42,convnext_tiny_s42,OFF,off/scene05/L5__s20260820__0000.png::boost_e,scene05,off,C3b,17,C,3b,0.501465,-10.3105,7.3985,60.3309,7.0354,0
convnext_tiny,42,convnext_tiny_s42,OFF,off/scene05/L5__s20260820__0001.png::boost_e,scene05,off,C3b,17,C,3b,0.50148,-5.7189,0.3564,61.8831,9.8857,0
convnext_tiny,42,convnext_tiny_s42,OFF,off/scene05/L5__s20260820__0002.png::boost_e,scene05,off,C3b,17,C,3b,0.50148,-5.4996,-9.2457,63.6695,7.7708,0
convnext_tiny,42,convnext_tiny_s42,OFF,off/scene05/L5__s20260820__0003.png::boost_e,scene05,off,C3b,17,C,3b,0.501443,-7.8027,0.1237,61.0834,6.3099,0
convnext_tiny,42,convnext_tiny_s42,OFF,off/scene05/L5__s20260820__0004.png::boost_e,scene05,off,C3b,17,C,3b,0.501465,-6.9904,-7.3983,63.483,6.1605,0
convnext_tiny,42,convnext_tiny_s42,OFF,off/scene05/L5__s20260820__0005.png::boost_e,scene05,off,C3b,17,C,3b,0.501481,-9.9958,-4.8864,61.371,6.2772,0
convnext_tiny,42,convnext_tiny_s42,OFF,off/scene05/L5__s20260820__0006.png::boost_e,scene05,off,C3b,17,C,3b,0.501472,-12.8982,-6.3539,61.1324,9.7574,0
convnext_tiny,42,convnext_tiny_s42,OFF,off/scene05/L5__s20260820__0007.png::boost_e,scene05,off,C3b,17,C,3b,0.501473,-11.43,-6.2709,60.486,7.4493,0
convnext_tiny,42,convnext_tiny_s42,OFF,off/scene05/L7__s20260820__0000.png::boost_e,scene05,off,C3b,17,C,3b,0.501481,-10.3105,7.3985,60.3309,7.0354,0
convnext_tiny,42,convnext_tiny_s42,OFF,off/scene05/L7__s20260820__0001.png::boost_e,scene05,off,C3b,17,C,3b,0.50148,-5.7189,0.3564,61.8831,9.8857,0
convnext_tiny,42,convnext_tiny_s42,OFF,off/scene05/L7__s20260820__0002.png::boost_e,scene05,off,C3b,17,C,3b,0.50148,-5.4996,-9.2457,63.6695,7.7708,0
convnext_tiny,42,convnext_tiny_s42,OFF,off/scene05/L7__s20260820__0003.png::boost_e,scene05,off,C3b,17,C,3b,0.50148,-7.8027,0.1237,61.0834,6.3099,0
convnext_tiny,42,convnext_tiny_s42,OFF,off/scene05/L7__s20260820__0004.png::boost_e,scene05,off,C3b,17,C,3b,0.50148,-6.9904,-7.3983,63.483,6.1605,0
convnext_tiny,42,convnext_tiny_s42,OFF,off/scene05/L7__s20260820__0005.png::boost_e,scene05,off,C3b,17,C,3b,0.501478,-9.9958,-4.8864,61.371,6.2772,0
convnext_tiny,42,convnext_tiny_s42,OFF,off/scene05/L7__s20260820__0006.png::boost_e,scene05,off,C3b,17,C,3b,0.50147,-12.8982,-6.3539,61.1324,9.7574,0
convnext_tiny,42,convnext_tiny_s42,OFF,off/scene05/L7__s20260820__0007.png::boost_e,scene05,off,C3b,17,C,3b,0.501477,-11.43,-6.2709,60.486,7.4493,0
convnext_tiny,42,convnext_tiny_s42,OFF,off/scene07/L0__s20260820__0000.png::boost_e,scene07,off,C3b,17,C,3b,0.501458,-10.2409,14.1283,61.8254,9.3533,0
convnext_tiny,42,convnext_tiny_s42,OFF,off/scene07/L0__s20260820__0001.png::boost_e,scene07,off,C3b,17,C,3b,0.501471,-8.7737,-1.6736,63.801,8.4933,0
convnext_tiny,42,convnext_tiny_s42,OFF,off/scene07/L0__s20260820__0002.png::boost_e,scene07,off,C3b,17,C,3b,0.501429,-11.7844,-0.5026,59.071,6.034,0
convnext_tiny,42,convnext_tiny_s42,OFF,off/scene07/L0__s20260820__0003.png::boost_e,scene07,off,C3b,17,C,3b,0.501466,-10.8121,7.6338,61.1751,9.743,0
convnext_tiny,42,convnext_tiny_s42,OFF,off/scene07/L0__s20260820__0004.png::boost_e,scene07,off,C3b,17,C,3b,0.501475,-11.296,14.3304,62.4153,11.7361,0
convnext_tiny,42,convnext_tiny_s42,OFF,off/scene07/L0__s20260820__0005.png::boost_e,scene07,off,C3b,17,C,3b,0.501457,-13.5151,3.1873,60.3528,6.7166,0
convnext_tiny,42,convnext_tiny_s42,OFF,off/scene07/L0__s20260820__0006.png::boost_e,scene07,off,C3b,17,C,3b,0.501448,-7.4676,-1.6241,59.074,6.6363,0
convnext_tiny,42,convnext_tiny_s42,OFF,off/scene07/L0__s20260820__0007.png::boost_e,scene07,off,C3b,17,C,3b,0.501475,-8.8831,-5.8973,62.4612,11.793,0
convnext_tiny,42,convnext_tiny_s42,OFF,off/scene07/L5__s20260820__0000.png::boost_e,scene07,off,C3b,17,C,3b,0.501426,-10.2409,14.1283,61.8254,9.3533,0
convnext_tiny,42,convnext_tiny_s42,OFF,off/scene07/L5__s20260820__0001.png::boost_e,scene07,off,C3b,17,C,3b,0.501427,-8.7737,-1.6736,63.801,8.4933,0
convnext_tiny,42,convnext_tiny_s42,OFF,off/scene07/L5__s20260820__0002.png::boost_e,scene07,off,C3b,17,C,3b,0.501464,-11.7844,-0.5026,59.071,6.034,0
convnext_tiny,42,convnext_tiny_s42,OFF,off/scene07/L5__s20260820__0003.png::boost_e,scene07,off,C3b,17,C,3b,0.501428,-10.8121,7.6338,61.1751,9.743,0
convnext_tiny,42,convnext_tiny_s42,OFF,off/scene07/L5__s20260820__0004.png::boost_e,scene07,off,C3b,17,C,3b,0.501485,-11.296,14.3304,62.4153,11.7361,0
convnext_tiny,42,convnext_tiny_s42,OFF,off/scene07/L5__s20260820__0005.png::boost_e,scene07,off,C3b,17,C,3b,0.501426,-13.5151,3.1873,60.3528,6.7166,0
convnext_tiny,42,convnext_tiny_s42,OFF,off/scene07/L5__s20260820__0006.png::boost_e,scene07,off,C3b,17,C,3b,0.501476,-7.4676,-1.6241,59.074,6.6363,0
convnext_tiny,42,convnext_tiny_s42,OFF,off/scene07/L5__s20260820__0007.png::boost_e,scene07,off,C3b,17,C,3b,0.501428,-8.8831,-5.8973,62.4612,11.793,0
convnext_tiny,42,convnext_tiny_s42,OFF,off/scene07/L7__s20260820__0000.png::boost_e,scene07,off,C3b,17,C,3b,0.50148,-10.2409,14.1283,61.8254,9.3533,0
convnext_tiny,42,convnext_tiny_s42,OFF,off/scene07/L7__s20260820__0001.png::boost_e,scene07,off,C3b,17,C,3b,0.501482,-8.7737,-1.6736,63.801,8.4933,0
convnext_tiny,42,convnext_tiny_s42,OFF,off/scene07/L7__s20260820__0002.png::boost_e,scene07,off,C3b,17,C,3b,0.501434,-11.7844,-0.5026,59.071,6.034,0
convnext_tiny,42,convnext_tiny_s42,OFF,off/scene07/L7__s20260820__0003.png::boost_e,scene07,off,C3b,17,C,3b,0.50148,-10.8121,7.6338,61.1751,9.743,0
convnext_tiny,42,convnext_tiny_s42,OFF,off/scene07/L7__s20260820__0004.png::boost_e,scene07,off,C3b,17,C,3b,0.50149,-11.296,14.3304,62.4153,11.7361,0
convnext_tiny,42,convnext_tiny_s42,OFF,off/scene07/L7__s20260820__0005.png::boost_e,scene07,off,C3b,17,C,3b,0.501479,-13.5151,3.1873,60.3528,6.7166,0
convnext_tiny,42,convnext_tiny_s42,OFF,off/scene07/L7__s20260820__0006.png::boost_e,scene07,off,C3b,17,C,3b,0.501472,-7.4676,-1.6241,59.074,6.6363,0
convnext_tiny,42,convnext_tiny_s42,OFF,off/scene07/L7__s20260820__0007.png::boost_e,scene07,off,C3b,17,C,3b,0.501481,-8.8831,-5.8973,62.4612,11.793,0
convnext_tiny,42,convnext_tiny_s42,OFF,off/scene14/L0__s20260820__0000.png::boost_e,scene14,off,C3b,17,C,3b,0.501479,-8.1284,3.311,58.9789,8.9228,0
convnext_tiny,42,convnext_tiny_s42,OFF,off/scene14/L0__s20260820__0001.png::boost_e,scene14,off,C3b,17,C,3b,0.501479,-10.3828,-4.0507,61.2701,11.2053,0
convnext_tiny,42,convnext_tiny_s42,OFF,off/scene14/L0__s20260820__0002.png::boost_e,scene14,off,C3b,17,C,3b,0.501478,-7.0039,2.401,63.1403,11.657,0
convnext_tiny,42,convnext_tiny_s42,OFF,off/scene14/L0__s20260820__0003.png::boost_e,scene14,off,C3b,17,C,3b,0.501478,-7.2352,-9.0359,60.577,10.095,0
convnext_tiny,42,convnext_tiny_s42,OFF,off/scene14/L0__s20260820__0004.png::boost_e,scene14,off,C3b,17,C,3b,0.501479,-16.0704,-3.7589,60.2149,6.7379,0
convnext_tiny,42,convnext_tiny_s42,OFF,off/scene14/L0__s20260820__0005.png::boost_e,scene14,off,C3b,17,C,3b,0.501477,-12.4022,9.6925,62.3957,8.1602,0
convnext_tiny,42,convnext_tiny_s42,OFF,off/scene14/L0__s20260820__0006.png::boost_e,scene14,off,C3b,17,C,3b,0.501475,-16.5186,9.6527,62.4123,8.239,0
convnext_tiny,42,convnext_tiny_s42,OFF,off/scene14/L0__s20260820__0007.png::boost_e,scene14,off,C3b,17,C,3b,0.501479,-6.1172,5.4847,60.0935,10.4613,0
convnext_tiny,42,convnext_tiny_s42,OFF,off/scene14/L5__s20260820__0000.png::boost_e,scene14,off,C3b,17,C,3b,0.501477,-8.1284,3.311,58.9789,8.9228,0
convnext_tiny,42,convnext_tiny_s42,OFF,off/scene14/L5__s20260820__0001.png::boost_e,scene14,off,C3b,17,C,3b,0.501477,-10.3828,-4.0507,61.2701,11.2053,0
convnext_tiny,42,convnext_tiny_s42,OFF,off/scene14/L5__s20260820__0002.png::boost_e,scene14,off,C3b,17,C,3b,0.501476,-7.0039,2.401,63.1403,11.657,0
convnext_tiny,42,convnext_tiny_s42,OFF,off/scene14/L5__s20260820__0003.png::boost_e,scene14,off,C3b,17,C,3b,0.501478,-7.2352,-9.0359,60.577,10.095,0
convnext_tiny,42,convnext_tiny_s42,OFF,off/scene14/L5__s20260820__0004.png::boost_e,scene14,off,C3b,17,C,3b,0.501476,-16.0704,-3.7589,60.2149,6.7379,0
convnext_tiny,42,convnext_tiny_s42,OFF,off/scene14/L5__s20260820__0005.png::boost_e,scene14,off,C3b,17,C,3b,0.501478,-12.4022,9.6925,62.3957,8.1602,0
convnext_tiny,42,convnext_tiny_s42,OFF,off/scene14/L5__s20260820__0006.png::boost_e,scene14,off,C3b,17,C,3b,0.50147,-16.5186,9.6527,62.4123,8.239,0
convnext_tiny,42,convnext_tiny_s42,OFF,off/scene14/L5__s20260820__0007.png::boost_e,scene14,off,C3b,17,C,3b,0.501478,-6.1172,5.4847,60.0935,10.4613,0
convnext_tiny,42,convnext_tiny_s42,OFF,off/scene14/L7__s20260820__0000.png::boost_e,scene14,off,C3b,17,C,3b,0.501481,-8.1284,3.311,58.9789,8.9228,0
convnext_tiny,42,convnext_tiny_s42,OFF,off/scene14/L7__s20260820__0001.png::boost_e,scene14,off,C3b,17,C,3b,0.50148,-10.3828,-4.0507,61.2701,11.2053,0
convnext_tiny,42,convnext_tiny_s42,OFF,off/scene14/L7__s20260820__0002.png::boost_e,scene14,off,C3b,17,C,3b,0.50148,-7.0039,2.401,63.1403,11.657,0
convnext_tiny,42,convnext_tiny_s42,OFF,off/scene14/L7__s20260820__0003.png::boost_e,scene14,off,C3b,17,C,3b,0.501481,-7.2352,-9.0359,60.577,10.095,0
convnext_tiny,42,convnext_tiny_s42,OFF,off/scene14/L7__s20260820__0004.png::boost_e,scene14,off,C3b,17,C,3b,0.501484,-16.0704,-3.7589,60.2149,6.7379,0
convnext_tiny,42,convnext_tiny_s42,OFF,off/scene14/L7__s20260820__0005.png::boost_e,scene14,off,C3b,17,C,3b,0.501479,-12.4022,9.6925,62.3957,8.1602,0
convnext_tiny,42,convnext_tiny_s42,OFF,off/scene14/L7__s20260820__0006.png::boost_e,scene14,off,C3b,17,C,3b,0.50148,-16.5186,9.6527,62.4123,8.239,0
convnext_tiny,42,convnext_tiny_s42,OFF,off/scene14/L7__s20260820__0007.png::boost_e,scene14,off,C3b,17,C,3b,0.50148,-6.1172,5.4847,60.0935,10.4613,0
convnext_tiny,42,convnext_tiny_s42,OFF,off/scene15/L0__s20260820__0000.png::boost_e,scene15,off,C3b,17,C,3b,0.501438,-13.637,-17.7914,62.7559,10.9914,0
convnext_tiny,42,convnext_tiny_s42,OFF,off/scene15/L0__s20260820__0001.png::boost_e,scene15,off,C3b,17,C,3b,0.501428,-6.8068,-11.8299,63.9125,9.9013,0
convnext_tiny,42,convnext_tiny_s42,OFF,off/scene15/L0__s20260820__0002.png::boost_e,scene15,off,C3b,17,C,3b,0.501436,-8.6096,-4.0107,63.6728,6.6026,0
convnext_tiny,42,convnext_tiny_s42,OFF,off/scene15/L0__s20260820__0003.png::boost_e,scene15,off,C3b,17,C,3b,0.501442,-11.0902,-4.9586,63.1815,7.5147,0
convnext_tiny,42,convnext_tiny_s42,OFF,off/scene15/L0__s20260820__0004.png::boost_e,scene15,off,C3b,17,C,3b,0.501442,-12.6937,-3.4861,58.1207,9.9583,0
convnext_tiny,42,convnext_tiny_s42,OFF,off/scene15/L0__s20260820__0005.png::boost_e,scene15,off,C3b,17,C,3b,0.501444,-5.4058,-7.3396,62.3314,9.8366,0
convnext_tiny,42,convnext_tiny_s42,OFF,off/scene15/L0__s20260820__0006.png::boost_e,scene15,off,C3b,17,C,3b,0.501445,-5.1828,6.8137,59.5209,6.9519,0
convnext_tiny,42,convnext_tiny_s42,OFF,off/scene15/L0__s20260820__0007.png::boost_e,scene15,off,C3b,17,C,3b,0.501437,-9.4753,-12.4083,62.4936,8.3783,0
convnext_tiny,42,convnext_tiny_s42,OFF,off/scene15/L4__s20260820__0000.png::boost_e,scene15,off,C3b,17,C,3b,0.50144,-13.637,-17.7914,62.7559,10.9914,0
convnext_tiny,42,convnext_tiny_s42,OFF,off/scene15/L4__s20260820__0001.png::boost_e,scene15,off,C3b,17,C,3b,0.501436,-6.8068,-11.8299,63.9125,9.9013,0
convnext_tiny,42,convnext_tiny_s42,OFF,off/scene15/L4__s20260820__0002.png::boost_e,scene15,off,C3b,17,C,3b,0.501434,-8.6096,-4.0107,63.6728,6.6026,0
convnext_tiny,42,convnext_tiny_s42,OFF,off/scene15/L4__s20260820__0003.png::boost_e,scene15,off,C3b,17,C,3b,0.50143,-11.0902,-4.9586,63.1815,7.5147,0
convnext_tiny,42,convnext_tiny_s42,OFF,off/scene15/L4__s20260820__0004.png::boost_e,scene15,off,C3b,17,C,3b,0.501419,-12.6937,-3.4861,58.1207,9.9583,0
convnext_tiny,42,convnext_tiny_s42,OFF,off/scene15/L4__s20260820__0005.png::boost_e,scene15,off,C3b,17,C,3b,0.501438,-5.4058,-7.3396,62.3314,9.8366,0
convnext_tiny,42,convnext_tiny_s42,OFF,off/scene15/L4__s20260820__0006.png::boost_e,scene15,off,C3b,17,C,3b,0.501426,-5.1828,6.8137,59.5209,6.9519,0
convnext_tiny,42,convnext_tiny_s42,OFF,off/scene15/L4__s20260820__0007.png::boost_e,scene15,off,C3b,17,C,3b,0.501423,-9.4753,-12.4083,62.4936,8.3783,0
convnext_tiny,42,convnext_tiny_s42,OFF,off/scene15/L7__s20260820__0000.png::boost_e,scene15,off,C3b,17,C,3b,0.501457,-13.637,-17.7914,62.7559,10.9914,0
convnext_tiny,42,convnext_tiny_s42,OFF,off/scene15/L7__s20260820__0001.png::boost_e,scene15,off,C3b,17,C,3b,0.501454,-6.8068,-11.8299,63.9125,9.9013,0
convnext_tiny,42,convnext_tiny_s42,OFF,off/scene15/L7__s20260820__0002.png::boost_e,scene15,off,C3b,17,C,3b,0.501449,-8.6096,-4.0107,63.6728,6.6026,0
convnext_tiny,42,convnext_tiny_s42,OFF,off/scene15/L7__s20260820__0003.png::boost_e,scene15,off,C3b,17,C,3b,0.501446,-11.0902,-4.9586,63.1815,7.5147,0
convnext_tiny,42,convnext_tiny_s42,OFF,off/scene15/L7__s20260820__0004.png::boost_e,scene15,off,C3b,17,C,3b,0.50145,-12.6937,-3.4861,58.1207,9.9583,0
convnext_tiny,42,convnext_tiny_s42,OFF,off/scene15/L7__s20260820__0005.png::boost_e,scene15,off,C3b,17,C,3b,0.501445,-5.4058,-7.3396,62.3314,9.8366,0
convnext_tiny,42,convnext_tiny_s42,OFF,off/scene15/L7__s20260820__0006.png::boost_e,scene15,off,C3b,17,C,3b,0.501459,-5.1828,6.8137,59.5209,6.9519,0
convnext_tiny,42,convnext_tiny_s42,OFF,off/scene15/L7__s20260820__0007.png::boost_e,scene15,off,C3b,17,C,3b,0.501445,-9.4753,-12.4083,62.4936,8.3783,0
convnext_tiny,42,convnext_tiny_s42,OFF,off/scene18/L0__s20260820__0000.png::boost_e,scene18,off,C3b,17,C,3b,0.501479,-7.1653,2.4167,61.1034,9.9477,0
convnext_tiny,42,convnext_tiny_s42,OFF,off/scene18/L0__s20260820__0001.png::boost_e,scene18,off,C3b,17,C,3b,0.501478,-10.1204,15.1866,63.5385,10.0506,0
convnext_tiny,42,convnext_tiny_s42,OFF,off/scene18/L0__s20260820__0002.png::boost_e,scene18,off,C3b,17,C,3b,0.501478,-9.0792,9.5062,64.1649,7.1883,0
convnext_tiny,42,convnext_tiny_s42,OFF,off/scene18/L0__s20260820__0003.png::boost_e,scene18,off,C3b,17,C,3b,0.501478,-8.8448,-3.6128,59.415,8.964,0
convnext_tiny,42,convnext_tiny_s42,OFF,off/scene18/L0__s20260820__0004.png::boost_e,scene18,off,C3b,17,C,3b,0.501488,-16.4348,4.8995,62.3306,10.047,0
convnext_tiny,42,convnext_tiny_s42,OFF,off/scene18/L0__s20260820__0005.png::boost_e,scene18,off,C3b,17,C,3b,0.501478,-10.8924,-2.0965,60.6044,6.3047,0
convnext_tiny,42,convnext_tiny_s42,OFF,off/scene18/L0__s20260820__0006.png::boost_e,scene18,off,C3b,17,C,3b,0.501476,-9.0932,1.6737,60.8772,6.4479,0
convnext_tiny,42,convnext_tiny_s42,OFF,off/scene18/L0__s20260820__0007.png::boost_e,scene18,off,C3b,17,C,3b,0.501479,-10.4272,-1.9559,61.0197,11.0403,0
convnext_tiny,42,convnext_tiny_s42,OFF,off/scene18/L5__s20260820__0000.png::boost_e,scene18,off,C3b,17,C,3b,0.501464,-7.1653,2.4167,61.1034,9.9477,0
convnext_tiny,42,convnext_tiny_s42,OFF,off/scene18/L5__s20260820__0001.png::boost_e,scene18,off,C3b,17,C,3b,0.501464,-10.1204,15.1866,63.5385,10.0506,0
convnext_tiny,42,convnext_tiny_s42,OFF,off/scene18/L5__s20260820__0002.png::boost_e,scene18,off,C3b,17,C,3b,0.501478,-9.0792,9.5062,64.1649,7.1883,0
convnext_tiny,42,convnext_tiny_s42,OFF,off/scene18/L5__s20260820__0003.png::boost_e,scene18,off,C3b,17,C,3b,0.501464,-8.8448,-3.6128,59.415,8.964,0
convnext_tiny,42,convnext_tiny_s42,OFF,off/scene18/L5__s20260820__0004.png::boost_e,scene18,off,C3b,17,C,3b,0.501471,-16.4348,4.8995,62.3306,10.047,0
convnext_tiny,42,convnext_tiny_s42,OFF,off/scene18/L5__s20260820__0005.png::boost_e,scene18,off,C3b,17,C,3b,0.501464,-10.8924,-2.0965,60.6044,6.3047,0
convnext_tiny,42,convnext_tiny_s42,OFF,off/scene18/L5__s20260820__0006.png::boost_e,scene18,off,C3b,17,C,3b,0.501478,-9.0932,1.6737,60.8772,6.4479,0
convnext_tiny,42,convnext_tiny_s42,OFF,off/scene18/L5__s20260820__0007.png::boost_e,scene18,off,C3b,17,C,3b,0.501463,-10.4272,-1.9559,61.0197,11.0403,0
convnext_tiny,42,convnext_tiny_s42,OFF,off/scene18/L7__s20260820__0000.png::boost_e,scene18,off,C3b,17,C,3b,0.501479,-7.1653,2.4167,61.1034,9.9477,0
convnext_tiny,42,convnext_tiny_s42,OFF,off/scene18/L7__s20260820__0001.png::boost_e,scene18,off,C3b,17,C,3b,0.501479,-10.1204,15.1866,63.5385,10.0506,0
convnext_tiny,42,convnext_tiny_s42,OFF,off/scene18/L7__s20260820__0002.png::boost_e,scene18,off,C3b,17,C,3b,0.501478,-9.0792,9.5062,64.1649,7.1883,0
convnext_tiny,42,convnext_tiny_s42,OFF,off/scene18/L7__s20260820__0003.png::boost_e,scene18,off,C3b,17,C,3b,0.501478,-8.8448,-3.6128,59.415,8.964,0
convnext_tiny,42,convnext_tiny_s42,OFF,off/scene18/L7__s20260820__0004.png::boost_e,scene18,off,C3b,17,C,3b,0.501485,-16.4348,4.8995,62.3306,10.047,0
convnext_tiny,42,convnext_tiny_s42,OFF,off/scene18/L7__s20260820__0005.png::boost_e,scene18,off,C3b,17,C,3b,0.50148,-10.8924,-2.0965,60.6044,6.3047,0
convnext_tiny,42,convnext_tiny_s42,OFF,off/scene18/L7__s20260820__0006.png::boost_e,scene18,off,C3b,17,C,3b,0.501476,-9.0932,1.6737,60.8772,6.4479,0
convnext_tiny,42,convnext_tiny_s42,OFF,off/scene18/L7__s20260820__0007.png::boost_e,scene18,off,C3b,17,C,3b,0.501478,-10.4272,-1.9559,61.0197,11.0403,0
convnext_tiny,42,convnext_tiny_s42,OFF,off/scene05/L0__s20260821__0000.png::boost_e2,scene05,off,C3b,17,C,3b,0.501475,-9.2269,3.34,61.3567,7.9689,0
convnext_tiny,42,convnext_tiny_s42,OFF,off/scene05/L0__s20260821__0001.png::boost_e2,scene05,off,C3b,17,C,3b,0.501466,-11.2173,-11.6748,62.7749,7.0431,0
convnext_tiny,42,convnext_tiny_s42,OFF,off/scene05/L0__s20260821__0002.png::boost_e2,scene05,off,C3b,17,C,3b,0.501479,-15.7704,1.4372,61.5149,5.9617,0
convnext_tiny,42,convnext_tiny_s42,OFF,off/scene05/L0__s20260821__0003.png::boost_e2,scene05,off,C3b,17,C,3b,0.501473,-13.9288,9.5381,64.0128,8.7159,0
convnext_tiny,42,convnext_tiny_s42,OFF,off/scene05/L0__s20260821__0004.png::boost_e2,scene05,off,C3b,17,C,3b,0.501465,-5.7278,-7.1228,63.154,4.5329,0
convnext_tiny,42,convnext_tiny_s42,OFF,off/scene05/L0__s20260821__0005.png::boost_e2,scene05,off,C3b,17,C,3b,0.501473,-4.1908,-7.725,63.2632,5.4495,0
convnext_tiny,42,convnext_tiny_s42,OFF,off/scene05/L0__s20260821__0006.png::boost_e2,scene05,off,C3b,17,C,3b,0.501476,-4.6329,-0.5322,62.7745,5.8797,0
convnext_tiny,42,convnext_tiny_s42,OFF,off/scene05/L0__s20260821__0007.png::boost_e2,scene05,off,C3b,17,C,3b,0.501474,-3.79,-2.1479,63.1629,5.4524,0
convnext_tiny,42,convnext_tiny_s42,OFF,off/scene05/L5__s20260821__0000.png::boost_e2,scene05,off,C3b,17,C,3b,0.501462,-9.2269,3.34,61.3567,7.9689,0
convnext_tiny,42,convnext_tiny_s42,OFF,off/scene05/L5__s20260821__0001.png::boost_e2,scene05,off,C3b,17,C,3b,0.501465,-11.2173,-11.6748,62.7749,7.0431,0
convnext_tiny,42,convnext_tiny_s42,OFF,off/scene05/L5__s20260821__0002.png::boost_e2,scene05,off,C3b,17,C,3b,0.501455,-15.7704,1.4372,61.5149,5.9617,0
convnext_tiny,42,convnext_tiny_s42,OFF,off/scene05/L5__s20260821__0003.png::boost_e2,scene05,off,C3b,17,C,3b,0.501464,-13.9288,9.5381,64.0128,8.7159,0
convnext_tiny,42,convnext_tiny_s42,OFF,off/scene05/L5__s20260821__0004.png::boost_e2,scene05,off,C3b,17,C,3b,0.501463,-5.7278,-7.1228,63.154,4.5329,0
convnext_tiny,42,convnext_tiny_s42,OFF,off/scene05/L5__s20260821__0005.png::boost_e2,scene05,off,C3b,17,C,3b,0.501477,-4.1908,-7.725,63.2632,5.4495,0
convnext_tiny,42,convnext_tiny_s42,OFF,off/scene05/L5__s20260821__0006.png::boost_e2,scene05,off,C3b,17,C,3b,0.501472,-4.6329,-0.5322,62.7745,5.8797,0
convnext_tiny,42,convnext_tiny_s42,OFF,off/scene05/L5__s20260821__0007.png::boost_e2,scene05,off,C3b,17,C,3b,0.501477,-3.79,-2.1479,63.1629,5.4524,0
convnext_tiny,42,convnext_tiny_s42,OFF,off/scene05/L7__s20260821__0000.png::boost_e2,scene05,off,C3b,17,C,3b,0.501479,-9.2269,3.34,61.3567,7.9689,0
convnext_tiny,42,convnext_tiny_s42,OFF,off/scene05/L7__s20260821__0001.png::boost_e2,scene05,off,C3b,17,C,3b,0.501477,-11.2173,-11.6748,62.7749,7.0431,0
convnext_tiny,42,convnext_tiny_s42,OFF,off/scene05/L7__s20260821__0002.png::boost_e2,scene05,off,C3b,17,C,3b,0.501489,-15.7704,1.4372,61.5149,5.9617,0
convnext_tiny,42,convnext_tiny_s42,OFF,off/scene05/L7__s20260821__0003.png::boost_e2,scene05,off,C3b,17,C,3b,0.50148,-13.9288,9.5381,64.0128,8.7159,0
convnext_tiny,42,convnext_tiny_s42,OFF,off/scene05/L7__s20260821__0004.png::boost_e2,scene05,off,C3b,17,C,3b,0.501477,-5.7278,-7.1228,63.154,4.5329,0
convnext_tiny,42,convnext_tiny_s42,OFF,off/scene05/L7__s20260821__0005.png::boost_e2,scene05,off,C3b,17,C,3b,0.501479,-4.1908,-7.725,63.2632,5.4495,0
convnext_tiny,42,convnext_tiny_s42,OFF,off/scene05/L7__s20260821__0006.png::boost_e2,scene05,off,C3b,17,C,3b,0.501479,-4.6329,-0.5322,62.7745,5.8797,0
convnext_tiny,42,convnext_tiny_s42,OFF,off/scene05/L7__s20260821__0007.png::boost_e2,scene05,off,C3b,17,C,3b,0.501479,-3.79,-2.1479,63.1629,5.4524,0
convnext_tiny,42,convnext_tiny_s42,OFF,off/scene07/L0__s20260821__0000.png::boost_e2,scene07,off,C3b,17,C,3b,0.501436,-9.0864,4.975,60.5839,4.6498,0
convnext_tiny,42,convnext_tiny_s42,OFF,off/scene07/L0__s20260821__0001.png::boost_e2,scene07,off,C3b,17,C,3b,0.501446,-8.6491,14.3681,62.653,6.526,0
convnext_tiny,42,convnext_tiny_s42,OFF,off/scene07/L0__s20260821__0002.png::boost_e2,scene07,off,C3b,17,C,3b,0.50143,-11.7553,7.174,61.7523,8.5736,0
convnext_tiny,42,convnext_tiny_s42,OFF,off/scene07/L0__s20260821__0003.png::boost_e2,scene07,off,C3b,17,C,3b,0.501447,-11.0113,-0.6132,62.5016,7.1387,0
convnext_tiny,42,convnext_tiny_s42,OFF,off/scene07/L0__s20260821__0004.png::boost_e2,scene07,off,C3b,17,C,3b,0.501453,-13.3275,-0.1348,64.6075,6.5636,0
convnext_tiny,42,convnext_tiny_s42,OFF,off/scene07/L0__s20260821__0005.png::boost_e2,scene07,off,C3b,17,C,3b,0.501473,-5.0214,-1.8091,62.1167,8.8712,0
convnext_tiny,42,convnext_tiny_s42,OFF,off/scene07/L0__s20260821__0006.png::boost_e2,scene07,off,C3b,17,C,3b,0.501457,-12.1066,0.0159,62.3073,6.0804,0
convnext_tiny,42,convnext_tiny_s42,OFF,off/scene07/L0__s20260821__0007.png::boost_e2,scene07,off,C3b,17,C,3b,0.501437,-12.7675,1.6425,64.5249,4.4163,0
convnext_tiny,42,convnext_tiny_s42,OFF,off/scene07/L5__s20260821__0000.png::boost_e2,scene07,off,C3b,17,C,3b,0.501427,-9.0864,4.975,60.5839,4.6498,0
convnext_tiny,42,convnext_tiny_s42,OFF,off/scene07/L5__s20260821__0001.png::boost_e2,scene07,off,C3b,17,C,3b,0.501479,-8.6491,14.3681,62.653,6.526,0
convnext_tiny,42,convnext_tiny_s42,OFF,off/scene07/L5__s20260821__0002.png::boost_e2,scene07,off,C3b,17,C,3b,0.501422,-11.7553,7.174,61.7523,8.5736,0
convnext_tiny,42,convnext_tiny_s42,OFF,off/scene07/L5__s20260821__0003.png::boost_e2,scene07,off,C3b,17,C,3b,0.501475,-11.0113,-0.6132,62.5016,7.1387,0
convnext_tiny,42,convnext_tiny_s42,OFF,off/scene07/L5__s20260821__0004.png::boost_e2,scene07,off,C3b,17,C,3b,0.501472,-13.3275,-0.1348,64.6075,6.5636,0
convnext_tiny,42,convnext_tiny_s42,OFF,off/scene07/L5__s20260821__0005.png::boost_e2,scene07,off,C3b,17,C,3b,0.501447,-5.0214,-1.8091,62.1167,8.8712,0
convnext_tiny,42,convnext_tiny_s42,OFF,off/scene07/L5__s20260821__0006.png::boost_e2,scene07,off,C3b,17,C,3b,0.50147,-12.1066,0.0159,62.3073,6.0804,0
convnext_tiny,42,convnext_tiny_s42,OFF,off/scene07/L5__s20260821__0007.png::boost_e2,scene07,off,C3b,17,C,3b,0.501474,-12.7675,1.6425,64.5249,4.4163,0
convnext_tiny,42,convnext_tiny_s42,OFF,off/scene07/L7__s20260821__0000.png::boost_e2,scene07,off,C3b,17,C,3b,0.501452,-9.0864,4.975,60.5839,4.6498,0
convnext_tiny,42,convnext_tiny_s42,OFF,off/scene07/L7__s20260821__0001.png::boost_e2,scene07,off,C3b,17,C,3b,0.501466,-8.6491,14.3681,62.653,6.526,0
convnext_tiny,42,convnext_tiny_s42,OFF,off/scene07/L7__s20260821__0002.png::boost_e2,scene07,off,C3b,17,C,3b,0.501441,-11.7553,7.174,61.7523,8.5736,0
convnext_tiny,42,convnext_tiny_s42,OFF,off/scene07/L7__s20260821__0003.png::boost_e2,scene07,off,C3b,17,C,3b,0.501475,-11.0113,-0.6132,62.5016,7.1387,0
convnext_tiny,42,convnext_tiny_s42,OFF,off/scene07/L7__s20260821__0004.png::boost_e2,scene07,off,C3b,17,C,3b,0.501478,-13.3275,-0.1348,64.6075,6.5636,0
convnext_tiny,42,convnext_tiny_s42,OFF,off/scene07/L7__s20260821__0005.png::boost_e2,scene07,off,C3b,17,C,3b,0.501481,-5.0214,-1.8091,62.1167,8.8712,0
convnext_tiny,42,convnext_tiny_s42,OFF,off/scene07/L7__s20260821__0006.png::boost_e2,scene07,off,C3b,17,C,3b,0.501476,-12.1066,0.0159,62.3073,6.0804,0
convnext_tiny,42,convnext_tiny_s42,OFF,off/scene07/L7__s20260821__0007.png::boost_e2,scene07,off,C3b,17,C,3b,0.501456,-12.7675,1.6425,64.5249,4.4163,0
convnext_tiny,42,convnext_tiny_s42,OFF,off/scene18/L0__s20260821__0000.png::boost_e2,scene18,off,C3b,17,C,3b,0.501479,-8.1314,-6.8834,61.6424,6.9167,0
convnext_tiny,42,convnext_tiny_s42,OFF,off/scene18/L0__s20260821__0001.png::boost_e2,scene18,off,C3b,17,C,3b,0.501479,-11.4302,-0.5328,63.721,4.691,0
convnext_tiny,42,convnext_tiny_s42,OFF,off/scene18/L0__s20260821__0002.png::boost_e2,scene18,off,C3b,17,C,3b,0.50148,-8.9683,14.9838,61.9861,5.8493,0
convnext_tiny,42,convnext_tiny_s42,OFF,off/scene18/L0__s20260821__0003.png::boost_e2,scene18,off,C3b,17,C,3b,0.501479,-11.9451,-8.9088,61.9543,8.2439,0
convnext_tiny,42,convnext_tiny_s42,OFF,off/scene18/L0__s20260821__0004.png::boost_e2,scene18,off,C3b,17,C,3b,0.501478,-5.9762,12.1226,62.7369,6.2891,0
convnext_tiny,42,convnext_tiny_s42,OFF,off/scene18/L0__s20260821__0005.png::boost_e2,scene18,off,C3b,17,C,3b,0.501479,-9.7583,2.6568,60.7358,7.2478,0
convnext_tiny,42,convnext_tiny_s42,OFF,off/scene18/L0__s20260821__0006.png::boost_e2,scene18,off,C3b,17,C,3b,0.501479,-14.0417,8.7955,61.3845,7.5669,0
convnext_tiny,42,convnext_tiny_s42,OFF,off/scene18/L0__s20260821__0007.png::boost_e2,scene18,off,C3b,17,C,3b,0.501479,-10.8723,-9.5014,63.9457,6.7865,0
convnext_tiny,42,convnext_tiny_s42,OFF,off/scene18/L5__s20260821__0000.png::boost_e2,scene18,off,C3b,17,C,3b,0.50148,-8.1314,-6.8834,61.6424,6.9167,0
convnext_tiny,42,convnext_tiny_s42,OFF,off/scene18/L5__s20260821__0001.png::boost_e2,scene18,off,C3b,17,C,3b,0.501463,-11.4302,-0.5328,63.721,4.691,0
convnext_tiny,42,convnext_tiny_s42,OFF,off/scene18/L5__s20260821__0002.png::boost_e2,scene18,off,C3b,17,C,3b,0.501479,-8.9683,14.9838,61.9861,5.8493,0
convnext_tiny,42,convnext_tiny_s42,OFF,off/scene18/L5__s20260821__0003.png::boost_e2,scene18,off,C3b,17,C,3b,0.501479,-11.9451,-8.9088,61.9543,8.2439,0
convnext_tiny,42,convnext_tiny_s42,OFF,off/scene18/L5__s20260821__0004.png::boost_e2,scene18,off,C3b,17,C,3b,0.501464,-5.9762,12.1226,62.7369,6.2891,0
convnext_tiny,42,convnext_tiny_s42,OFF,off/scene18/L5__s20260821__0005.png::boost_e2,scene18,off,C3b,17,C,3b,0.501478,-9.7583,2.6568,60.7358,7.2478,0
convnext_tiny,42,convnext_tiny_s42,OFF,off/scene18/L5__s20260821__0006.png::boost_e2,scene18,off,C3b,17,C,3b,0.501467,-14.0417,8.7955,61.3845,7.5669,0
convnext_tiny,42,convnext_tiny_s42,OFF,off/scene18/L5__s20260821__0007.png::boost_e2,scene18,off,C3b,17,C,3b,0.501479,-10.8723,-9.5014,63.9457,6.7865,0
convnext_tiny,42,convnext_tiny_s42,OFF,off/scene18/L7__s20260821__0000.png::boost_e2,scene18,off,C3b,17,C,3b,0.50148,-8.1314,-6.8834,61.6424,6.9167,0
convnext_tiny,42,convnext_tiny_s42,OFF,off/scene18/L7__s20260821__0001.png::boost_e2,scene18,off,C3b,17,C,3b,0.501478,-11.4302,-0.5328,63.721,4.691,0
convnext_tiny,42,convnext_tiny_s42,OFF,off/scene18/L7__s20260821__0002.png::boost_e2,scene18,off,C3b,17,C,3b,0.50148,-8.9683,14.9838,61.9861,5.8493,0
convnext_tiny,42,convnext_tiny_s42,OFF,off/scene18/L7__s20260821__0003.png::boost_e2,scene18,off,C3b,17,C,3b,0.501479,-11.9451,-8.9088,61.9543,8.2439,0
convnext_tiny,42,convnext_tiny_s42,OFF,off/scene18/L7__s20260821__0004.png::boost_e2,scene18,off,C3b,17,C,3b,0.501479,-5.9762,12.1226,62.7369,6.2891,0
convnext_tiny,42,convnext_tiny_s42,OFF,off/scene18/L7__s20260821__0005.png::boost_e2,scene18,off,C3b,17,C,3b,0.501478,-9.7583,2.6568,60.7358,7.2478,0
convnext_tiny,42,convnext_tiny_s42,OFF,off/scene18/L7__s20260821__0006.png::boost_e2,scene18,off,C3b,17,C,3b,0.50148,-14.0417,8.7955,61.3845,7.5669,0
convnext_tiny,42,convnext_tiny_s42,OFF,off/scene18/L7__s20260821__0007.png::boost_e2,scene18,off,C3b,17,C,3b,0.501479,-10.8723,-9.5014,63.9457,6.7865,0
convnext_tiny,42,convnext_tiny_s42,ON_NEG,on/scene07/L0__s20260819__0001.png,scene07,none_in_fov,C3b,17,C,3b,0.501439,-12.4971,7.4345,61.4783,11.6559,0
convnext_tiny,42,convnext_tiny_s42,ON_NEG,on/scene07/L0__s20260819__0004.png,scene07,V,C3b,17,C,3b,0.501427,-12.8155,-12.0811,63.2809,3.8019,0
convnext_tiny,42,convnext_tiny_s42,ON_NEG,on/scene07/L0__s20260819__0007.png,scene07,V,C3b,17,C,3b,0.501446,-9.7299,-3.7756,59.9335,3.9995,0
convnext_tiny,42,convnext_tiny_s42,ON_NEG,on/scene07/L5__s20260819__0001.png,scene07,none_in_fov,C3b,17,C,3b,0.50142,-12.4971,7.4345,61.4783,11.6559,0
convnext_tiny,42,convnext_tiny_s42,ON_NEG,on/scene07/L5__s20260819__0004.png,scene07,V,C3b,17,C,3b,0.501423,-12.8155,-12.0811,63.2809,3.8019,0
convnext_tiny,42,convnext_tiny_s42,ON_NEG,on/scene07/L5__s20260819__0007.png,scene07,V,C3b,17,C,3b,0.501422,-9.7299,-3.7756,59.9335,3.9995,0
convnext_tiny,42,convnext_tiny_s42,ON_NEG,on/scene07/L7__s20260819__0001.png,scene07,none_in_fov,C3b,17,C,3b,0.501459,-12.4971,7.4345,61.4783,11.6559,0
convnext_tiny,42,convnext_tiny_s42,ON_NEG,on/scene07/L7__s20260819__0004.png,scene07,V,C3b,17,C,3b,0.501438,-12.8155,-12.0811,63.2809,3.8019,0
convnext_tiny,42,convnext_tiny_s42,ON_NEG,on/scene07/L7__s20260819__0007.png,scene07,V,C3b,17,C,3b,0.501466,-9.7299,-3.7756,59.9335,3.9995,0
convnext_tiny,42,convnext_tiny_s42,ON_NEG,on/scene15/L0__s20260819__0006.png,scene15,V,C3b,17,C,3b,0.501435,-9.1914,-18.2162,60.3765,2.2421,0
convnext_tiny,42,convnext_tiny_s42,ON_NEG,on/scene15/L4__s20260819__0006.png,scene15,V,C3b,17,C,3b,0.501423,-9.1914,-18.2162,60.3765,2.2421,0
convnext_tiny,42,convnext_tiny_s42,ON_NEG,on/scene15/L7__s20260819__0006.png,scene15,V,C3b,17,C,3b,0.501447,-9.1914,-18.2162,60.3765,2.2421,0
convnext_tiny,42,convnext_tiny_s42,ON_NEG,on/sceneN3/L0__s20260819__0000.png,sceneN3,none_in_fov,C3b,17,C,3b,0.501445,-16.2467,-6.5053,60.6518,9.1828,0
convnext_tiny,42,convnext_tiny_s42,ON_NEG,on/sceneN3/L0__s20260819__0001.png,sceneN3,none_in_fov,C3b,17,C,3b,0.50143,-12.6534,1.5439,61.04,5.2884,0
convnext_tiny,42,convnext_tiny_s42,ON_NEG,on/sceneN3/L0__s20260819__0002.png,sceneN3,none_in_fov,C3b,17,C,3b,0.501435,-13.1516,1.5693,63.1068,1.7608,0
convnext_tiny,42,convnext_tiny_s42,ON_NEG,on/sceneN3/L0__s20260819__0003.png,sceneN3,none_in_fov,C3b,17,C,3b,0.501439,-9.3231,5.7221,62.1685,8.3724,0
convnext_tiny,42,convnext_tiny_s42,ON_NEG,on/sceneN3/L0__s20260819__0004.png,sceneN3,none_in_fov,C3b,17,C,3b,0.501443,-7.3546,-7.2186,63.4074,8.0992,0
convnext_tiny,42,convnext_tiny_s42,ON_NEG,on/sceneN3/L0__s20260819__0005.png,sceneN3,none_in_fov,C3b,17,C,3b,0.501446,-12.2129,-14.4798,63.1796,2.2677,0
convnext_tiny,42,convnext_tiny_s42,ON_NEG,on/sceneN3/L0__s20260819__0006.png,sceneN3,none_in_fov,C3b,17,C,3b,0.501445,-7.7849,2.4667,60.503,4.7311,0
convnext_tiny,42,convnext_tiny_s42,ON_NEG,on/sceneN3/L0__s20260819__0007.png,sceneN3,none_in_fov,C3b,17,C,3b,0.501437,-12.6477,6.8749,62.3125,1.3919,0
convnext_tiny,42,convnext_tiny_s42,ON_NEG,on/sceneN3/L5__s20260819__0000.png,sceneN3,none_in_fov,C3b,17,C,3b,0.501445,-16.2467,-6.5053,60.6518,9.1828,0
convnext_tiny,42,convnext_tiny_s42,ON_NEG,on/sceneN3/L5__s20260819__0001.png,sceneN3,none_in_fov,C3b,17,C,3b,0.501409,-12.6534,1.5439,61.04,5.2884,0
convnext_tiny,42,convnext_tiny_s42,ON_NEG,on/sceneN3/L5__s20260819__0002.png,sceneN3,none_in_fov,C3b,17,C,3b,0.501429,-13.1516,1.5693,63.1068,1.7608,0
convnext_tiny,42,convnext_tiny_s42,ON_NEG,on/sceneN3/L5__s20260819__0003.png,sceneN3,none_in_fov,C3b,17,C,3b,0.501431,-9.3231,5.7221,62.1685,8.3724,0
convnext_tiny,42,convnext_tiny_s42,ON_NEG,on/sceneN3/L5__s20260819__0004.png,sceneN3,none_in_fov,C3b,17,C,3b,0.501442,-7.3546,-7.2186,63.4074,8.0992,0
convnext_tiny,42,convnext_tiny_s42,ON_NEG,on/sceneN3/L5__s20260819__0005.png,sceneN3,none_in_fov,C3b,17,C,3b,0.501451,-12.2129,-14.4798,63.1796,2.2677,0
convnext_tiny,42,convnext_tiny_s42,ON_NEG,on/sceneN3/L5__s20260819__0006.png,sceneN3,none_in_fov,C3b,17,C,3b,0.50142,-7.7849,2.4667,60.503,4.7311,0
convnext_tiny,42,convnext_tiny_s42,ON_NEG,on/sceneN3/L5__s20260819__0007.png,sceneN3,none_in_fov,C3b,17,C,3b,0.501433,-12.6477,6.8749,62.3125,1.3919,0
convnext_tiny,42,convnext_tiny_s42,ON_NEG,on/sceneN3/L7__s20260819__0000.png,sceneN3,none_in_fov,C3b,17,C,3b,0.501437,-16.2467,-6.5053,60.6518,9.1828,0
convnext_tiny,42,convnext_tiny_s42,ON_NEG,on/sceneN3/L7__s20260819__0001.png,sceneN3,none_in_fov,C3b,17,C,3b,0.501441,-12.6534,1.5439,61.04,5.2884,0
convnext_tiny,42,convnext_tiny_s42,ON_NEG,on/sceneN3/L7__s20260819__0002.png,sceneN3,none_in_fov,C3b,17,C,3b,0.501438,-13.1516,1.5693,63.1068,1.7608,0
convnext_tiny,42,convnext_tiny_s42,ON_NEG,on/sceneN3/L7__s20260819__0003.png,sceneN3,none_in_fov,C3b,17,C,3b,0.501449,-9.3231,5.7221,62.1685,8.3724,0
convnext_tiny,42,convnext_tiny_s42,ON_NEG,on/sceneN3/L7__s20260819__0004.png,sceneN3,none_in_fov,C3b,17,C,3b,0.501447,-7.3546,-7.2186,63.4074,8.0992,0
convnext_tiny,42,convnext_tiny_s42,ON_NEG,on/sceneN3/L7__s20260819__0005.png,sceneN3,none_in_fov,C3b,17,C,3b,0.501459,-12.2129,-14.4798,63.1796,2.2677,0
convnext_tiny,42,convnext_tiny_s42,ON_NEG,on/sceneN3/L7__s20260819__0006.png,sceneN3,none_in_fov,C3b,17,C,3b,0.501454,-7.7849,2.4667,60.503,4.7311,0
convnext_tiny,42,convnext_tiny_s42,ON_NEG,on/sceneN3/L7__s20260819__0007.png,sceneN3,none_in_fov,C3b,17,C,3b,0.501442,-12.6477,6.8749,62.3125,1.3919,0
convnext_tiny,42,convnext_tiny_s42,ON_NEG,on/scene14/L0__s20260820__0002.png::boost_h,scene14,none_in_fov,C3b,17,C,3b,0.501479,-7.0039,2.401,63.1403,11.657,0
convnext_tiny,42,convnext_tiny_s42,ON_NEG,on/scene14/L5__s20260820__0002.png::boost_h,scene14,none_in_fov,C3b,17,C,3b,0.501477,-7.0039,2.401,63.1403,11.657,0
convnext_tiny,42,convnext_tiny_s42,ON_NEG,on/scene14/L7__s20260820__0002.png::boost_h,scene14,none_in_fov,C3b,17,C,3b,0.501481,-7.0039,2.401,63.1403,11.657,0
convnext_tiny,42,convnext_tiny_s42,ON_NEG,on/scene15/L0__s20260820__0000.png::boost_h,scene15,H,C3b,17,C,3b,0.501438,-13.637,-17.7914,62.7559,10.9914,0
convnext_tiny,42,convnext_tiny_s42,ON_NEG,on/scene15/L0__s20260820__0001.png::boost_h,scene15,H,C3b,17,C,3b,0.501424,-6.8068,-11.8299,63.9125,9.9013,0
convnext_tiny,42,convnext_tiny_s42,ON_NEG,on/scene15/L0__s20260820__0005.png::boost_h,scene15,H,C3b,17,C,3b,0.501444,-5.4058,-7.3396,62.3314,9.8366,0
convnext_tiny,42,convnext_tiny_s42,ON_NEG,on/scene15/L0__s20260820__0007.png::boost_h,scene15,H_weak,C3b,17,C,3b,0.50144,-9.4753,-12.4083,62.4936,8.3783,0
convnext_tiny,42,convnext_tiny_s42,ON_NEG,on/scene15/L4__s20260820__0000.png::boost_h,scene15,H,C3b,17,C,3b,0.501441,-13.637,-17.7914,62.7559,10.9914,0
convnext_tiny,42,convnext_tiny_s42,ON_NEG,on/scene15/L4__s20260820__0001.png::boost_h,scene15,H,C3b,17,C,3b,0.501429,-6.8068,-11.8299,63.9125,9.9013,0
convnext_tiny,42,convnext_tiny_s42,ON_NEG,on/scene15/L4__s20260820__0005.png::boost_h,scene15,H,C3b,17,C,3b,0.501438,-5.4058,-7.3396,62.3314,9.8366,0
convnext_tiny,42,convnext_tiny_s42,ON_NEG,on/scene15/L4__s20260820__0007.png::boost_h,scene15,H_weak,C3b,17,C,3b,0.501424,-9.4753,-12.4083,62.4936,8.3783,0
convnext_tiny,42,convnext_tiny_s42,ON_NEG,on/scene15/L7__s20260820__0000.png::boost_h,scene15,H,C3b,17,C,3b,0.501457,-13.637,-17.7914,62.7559,10.9914,0
convnext_tiny,42,convnext_tiny_s42,ON_NEG,on/scene15/L7__s20260820__0001.png::boost_h,scene15,H,C3b,17,C,3b,0.501441,-6.8068,-11.8299,63.9125,9.9013,0
convnext_tiny,42,convnext_tiny_s42,ON_NEG,on/scene15/L7__s20260820__0005.png::boost_h,scene15,H,C3b,17,C,3b,0.501445,-5.4058,-7.3396,62.3314,9.8366,0
convnext_tiny,42,convnext_tiny_s42,ON_NEG,on/scene15/L7__s20260820__0007.png::boost_h,scene15,H_weak,C3b,17,C,3b,0.501453,-9.4753,-12.4083,62.4936,8.3783,0
convnext_tiny,42,convnext_tiny_s42,ON_NEG,on/scene07/L0__s20260820__0000.png::boost_e,scene07,none_in_fov,C3b,17,C,3b,0.501443,-10.2409,14.1283,61.8254,9.3533,0
convnext_tiny,42,convnext_tiny_s42,ON_NEG,on/scene07/L0__s20260820__0001.png::boost_e,scene07,none_in_fov,C3b,17,C,3b,0.501444,-8.7737,-1.6736,63.801,8.4933,0
convnext_tiny,42,convnext_tiny_s42,ON_NEG,on/scene07/L0__s20260820__0002.png::boost_e,scene07,none_in_fov,C3b,17,C,3b,0.501427,-11.7844,-0.5026,59.071,6.034,0
convnext_tiny,42,convnext_tiny_s42,ON_NEG,on/scene07/L0__s20260820__0003.png::boost_e,scene07,none_in_fov,C3b,17,C,3b,0.50145,-10.8121,7.6338,61.1751,9.743,0
convnext_tiny,42,convnext_tiny_s42,ON_NEG,on/scene07/L0__s20260820__0004.png::boost_e,scene07,none_in_fov,C3b,17,C,3b,0.501471,-11.296,14.3304,62.4153,11.7361,0
convnext_tiny,42,convnext_tiny_s42,ON_NEG,on/scene07/L0__s20260820__0005.png::boost_e,scene07,none_in_fov,C3b,17,C,3b,0.501463,-13.5151,3.1873,60.3528,6.7166,0
convnext_tiny,42,convnext_tiny_s42,ON_NEG,on/scene07/L0__s20260820__0006.png::boost_e,scene07,none_in_fov,C3b,17,C,3b,0.501476,-7.4676,-1.6241,59.074,6.6363,0
convnext_tiny,42,convnext_tiny_s42,ON_NEG,on/scene07/L0__s20260820__0007.png::boost_e,scene07,none_in_fov,C3b,17,C,3b,0.501466,-8.8831,-5.8973,62.4612,11.793,0
convnext_tiny,42,convnext_tiny_s42,ON_NEG,on/scene07/L5__s20260820__0000.png::boost_e,scene07,none_in_fov,C3b,17,C,3b,0.501426,-10.2409,14.1283,61.8254,9.3533,0
convnext_tiny,42,convnext_tiny_s42,ON_NEG,on/scene07/L5__s20260820__0001.png::boost_e,scene07,none_in_fov,C3b,17,C,3b,0.501417,-8.7737,-1.6736,63.801,8.4933,0
convnext_tiny,42,convnext_tiny_s42,ON_NEG,on/scene07/L5__s20260820__0002.png::boost_e,scene07,none_in_fov,C3b,17,C,3b,0.501472,-11.7844,-0.5026,59.071,6.034,0
convnext_tiny,42,convnext_tiny_s42,ON_NEG,on/scene07/L5__s20260820__0003.png::boost_e,scene07,none_in_fov,C3b,17,C,3b,0.501416,-10.8121,7.6338,61.1751,9.743,0
convnext_tiny,42,convnext_tiny_s42,ON_NEG,on/scene07/L5__s20260820__0004.png::boost_e,scene07,none_in_fov,C3b,17,C,3b,0.501483,-11.296,14.3304,62.4153,11.7361,0
convnext_tiny,42,convnext_tiny_s42,ON_NEG,on/scene07/L5__s20260820__0005.png::boost_e,scene07,none_in_fov,C3b,17,C,3b,0.501422,-13.5151,3.1873,60.3528,6.7166,0
convnext_tiny,42,convnext_tiny_s42,ON_NEG,on/scene07/L5__s20260820__0006.png::boost_e,scene07,none_in_fov,C3b,17,C,3b,0.501477,-7.4676,-1.6241,59.074,6.6363,0
convnext_tiny,42,convnext_tiny_s42,ON_NEG,on/scene07/L5__s20260820__0007.png::boost_e,scene07,none_in_fov,C3b,17,C,3b,0.50142,-8.8831,-5.8973,62.4612,11.793,0
convnext_tiny,42,convnext_tiny_s42,ON_NEG,on/scene07/L7__s20260820__0000.png::boost_e,scene07,none_in_fov,C3b,17,C,3b,0.501474,-10.2409,14.1283,61.8254,9.3533,0
convnext_tiny,42,convnext_tiny_s42,ON_NEG,on/scene07/L7__s20260820__0001.png::boost_e,scene07,none_in_fov,C3b,17,C,3b,0.501472,-8.7737,-1.6736,63.801,8.4933,0
convnext_tiny,42,convnext_tiny_s42,ON_NEG,on/scene07/L7__s20260820__0002.png::boost_e,scene07,none_in_fov,C3b,17,C,3b,0.50144,-11.7844,-0.5026,59.071,6.034,0
convnext_tiny,42,convnext_tiny_s42,ON_NEG,on/scene07/L7__s20260820__0003.png::boost_e,scene07,none_in_fov,C3b,17,C,3b,0.501472,-10.8121,7.6338,61.1751,9.743,0
convnext_tiny,42,convnext_tiny_s42,ON_NEG,on/scene07/L7__s20260820__0004.png::boost_e,scene07,none_in_fov,C3b,17,C,3b,0.501484,-11.296,14.3304,62.4153,11.7361,0
convnext_tiny,42,convnext_tiny_s42,ON_NEG,on/scene07/L7__s20260820__0005.png::boost_e,scene07,none_in_fov,C3b,17,C,3b,0.501471,-13.5151,3.1873,60.3528,6.7166,0
convnext_tiny,42,convnext_tiny_s42,ON_NEG,on/scene07/L7__s20260820__0006.png::boost_e,scene07,none_in_fov,C3b,17,C,3b,0.50148,-7.4676,-1.6241,59.074,6.6363,0
convnext_tiny,42,convnext_tiny_s42,ON_NEG,on/scene07/L7__s20260820__0007.png::boost_e,scene07,none_in_fov,C3b,17,C,3b,0.501473,-8.8831,-5.8973,62.4612,11.793,0
convnext_tiny,42,convnext_tiny_s42,ON_NEG,on/scene14/L0__s20260820__0002.png::boost_e,scene14,none_in_fov,C3b,17,C,3b,0.501478,-7.0039,2.401,63.1403,11.657,0
convnext_tiny,42,convnext_tiny_s42,ON_NEG,on/scene14/L5__s20260820__0002.png::boost_e,scene14,none_in_fov,C3b,17,C,3b,0.501476,-7.0039,2.401,63.1403,11.657,0
convnext_tiny,42,convnext_tiny_s42,ON_NEG,on/scene14/L7__s20260820__0002.png::boost_e,scene14,none_in_fov,C3b,17,C,3b,0.50148,-7.0039,2.401,63.1403,11.657,0
convnext_tiny,42,convnext_tiny_s42,ON_NEG,on/scene15/L0__s20260820__0000.png::boost_e,scene15,H,C3b,17,C,3b,0.501438,-13.637,-17.7914,62.7559,10.9914,0
convnext_tiny,42,convnext_tiny_s42,ON_NEG,on/scene15/L0__s20260820__0001.png::boost_e,scene15,H_weak,C3b,17,C,3b,0.501428,-6.8068,-11.8299,63.9125,9.9013,0
convnext_tiny,42,convnext_tiny_s42,ON_NEG,on/scene15/L0__s20260820__0005.png::boost_e,scene15,H,C3b,17,C,3b,0.501444,-5.4058,-7.3396,62.3314,9.8366,0
convnext_tiny,42,convnext_tiny_s42,ON_NEG,on/scene15/L0__s20260820__0007.png::boost_e,scene15,V,C3b,17,C,3b,0.501437,-9.4753,-12.4083,62.4936,8.3783,0
convnext_tiny,42,convnext_tiny_s42,ON_NEG,on/scene15/L4__s20260820__0000.png::boost_e,scene15,H,C3b,17,C,3b,0.50144,-13.637,-17.7914,62.7559,10.9914,0
convnext_tiny,42,convnext_tiny_s42,ON_NEG,on/scene15/L4__s20260820__0001.png::boost_e,scene15,H_weak,C3b,17,C,3b,0.501436,-6.8068,-11.8299,63.9125,9.9013,0
convnext_tiny,42,convnext_tiny_s42,ON_NEG,on/scene15/L4__s20260820__0005.png::boost_e,scene15,H,C3b,17,C,3b,0.501438,-5.4058,-7.3396,62.3314,9.8366,0
convnext_tiny,42,convnext_tiny_s42,ON_NEG,on/scene15/L4__s20260820__0007.png::boost_e,scene15,V,C3b,17,C,3b,0.501423,-9.4753,-12.4083,62.4936,8.3783,0
convnext_tiny,42,convnext_tiny_s42,ON_NEG,on/scene15/L7__s20260820__0000.png::boost_e,scene15,H,C3b,17,C,3b,0.501457,-13.637,-17.7914,62.7559,10.9914,0
convnext_tiny,42,convnext_tiny_s42,ON_NEG,on/scene15/L7__s20260820__0001.png::boost_e,scene15,H_weak,C3b,17,C,3b,0.501454,-6.8068,-11.8299,63.9125,9.9013,0
convnext_tiny,42,convnext_tiny_s42,ON_NEG,on/scene15/L7__s20260820__0005.png::boost_e,scene15,H,C3b,17,C,3b,0.501445,-5.4058,-7.3396,62.3314,9.8366,0
convnext_tiny,42,convnext_tiny_s42,ON_NEG,on/scene15/L7__s20260820__0007.png::boost_e,scene15,V,C3b,17,C,3b,0.501445,-9.4753,-12.4083,62.4936,8.3783,0
convnext_tiny,42,convnext_tiny_s42,ON_NEG,on/scene07/L0__s20260821__0000.png::boost_e2,scene07,none_in_fov,C3b,17,C,3b,0.501428,-9.0864,4.975,60.5839,4.6498,0
convnext_tiny,42,convnext_tiny_s42,ON_NEG,on/scene07/L0__s20260821__0001.png::boost_e2,scene07,none_in_fov,C3b,17,C,3b,0.501466,-8.6491,14.3681,62.653,6.526,0
convnext_tiny,42,convnext_tiny_s42,ON_NEG,on/scene07/L0__s20260821__0002.png::boost_e2,scene07,none_in_fov,C3b,17,C,3b,0.501429,-11.7553,7.174,61.7523,8.5736,0
convnext_tiny,42,convnext_tiny_s42,ON_NEG,on/scene07/L0__s20260821__0003.png::boost_e2,scene07,none_in_fov,C3b,17,C,3b,0.501413,-11.0113,-0.6132,62.5016,7.1387,0
convnext_tiny,42,convnext_tiny_s42,ON_NEG,on/scene07/L0__s20260821__0004.png::boost_e2,scene07,none_in_fov,C3b,17,C,3b,0.501431,-13.3275,-0.1348,64.6075,6.5636,0
convnext_tiny,42,convnext_tiny_s42,ON_NEG,on/scene07/L0__s20260821__0005.png::boost_e2,scene07,none_in_fov,C3b,17,C,3b,0.501456,-5.0214,-1.8091,62.1167,8.8712,0
convnext_tiny,42,convnext_tiny_s42,ON_NEG,on/scene07/L0__s20260821__0006.png::boost_e2,scene07,none_in_fov,C3b,17,C,3b,0.501435,-12.1066,0.0159,62.3073,6.0804,0
convnext_tiny,42,convnext_tiny_s42,ON_NEG,on/scene07/L0__s20260821__0007.png::boost_e2,scene07,none_in_fov,C3b,17,C,3b,0.501435,-12.7675,1.6425,64.5249,4.4163,0
convnext_tiny,42,convnext_tiny_s42,ON_NEG,on/scene07/L5__s20260821__0000.png::boost_e2,scene07,none_in_fov,C3b,17,C,3b,0.501421,-9.0864,4.975,60.5839,4.6498,0
convnext_tiny,42,convnext_tiny_s42,ON_NEG,on/scene07/L5__s20260821__0001.png::boost_e2,scene07,none_in_fov,C3b,17,C,3b,0.501474,-8.6491,14.3681,62.653,6.526,0
convnext_tiny,42,convnext_tiny_s42,ON_NEG,on/scene07/L5__s20260821__0002.png::boost_e2,scene07,none_in_fov,C3b,17,C,3b,0.501419,-11.7553,7.174,61.7523,8.5736,0
convnext_tiny,42,convnext_tiny_s42,ON_NEG,on/scene07/L5__s20260821__0003.png::boost_e2,scene07,none_in_fov,C3b,17,C,3b,0.501459,-11.0113,-0.6132,62.5016,7.1387,0
convnext_tiny,42,convnext_tiny_s42,ON_NEG,on/scene07/L5__s20260821__0004.png::boost_e2,scene07,none_in_fov,C3b,17,C,3b,0.501459,-13.3275,-0.1348,64.6075,6.5636,0
convnext_tiny,42,convnext_tiny_s42,ON_NEG,on/scene07/L5__s20260821__0005.png::boost_e2,scene07,none_in_fov,C3b,17,C,3b,0.501414,-5.0214,-1.8091,62.1167,8.8712,0
convnext_tiny,42,convnext_tiny_s42,ON_NEG,on/scene07/L5__s20260821__0006.png::boost_e2,scene07,none_in_fov,C3b,17,C,3b,0.501461,-12.1066,0.0159,62.3073,6.0804,0
convnext_tiny,42,convnext_tiny_s42,ON_NEG,on/scene07/L5__s20260821__0007.png::boost_e2,scene07,none_in_fov,C3b,17,C,3b,0.50147,-12.7675,1.6425,64.5249,4.4163,0
convnext_tiny,42,convnext_tiny_s42,ON_NEG,on/scene07/L7__s20260821__0000.png::boost_e2,scene07,none_in_fov,C3b,17,C,3b,0.501441,-9.0864,4.975,60.5839,4.6498,0
convnext_tiny,42,convnext_tiny_s42,ON_NEG,on/scene07/L7__s20260821__0001.png::boost_e2,scene07,none_in_fov,C3b,17,C,3b,0.501484,-8.6491,14.3681,62.653,6.526,0
convnext_tiny,42,convnext_tiny_s42,ON_NEG,on/scene07/L7__s20260821__0002.png::boost_e2,scene07,none_in_fov,C3b,17,C,3b,0.50144,-11.7553,7.174,61.7523,8.5736,0
convnext_tiny,42,convnext_tiny_s42,ON_NEG,on/scene07/L7__s20260821__0003.png::boost_e2,scene07,none_in_fov,C3b,17,C,3b,0.501436,-11.0113,-0.6132,62.5016,7.1387,0
convnext_tiny,42,convnext_tiny_s42,ON_NEG,on/scene07/L7__s20260821__0004.png::boost_e2,scene07,none_in_fov,C3b,17,C,3b,0.501458,-13.3275,-0.1348,64.6075,6.5636,0
convnext_tiny,42,convnext_tiny_s42,ON_NEG,on/scene07/L7__s20260821__0005.png::boost_e2,scene07,none_in_fov,C3b,17,C,3b,0.501461,-5.0214,-1.8091,62.1167,8.8712,0
convnext_tiny,42,convnext_tiny_s42,ON_NEG,on/scene07/L7__s20260821__0006.png::boost_e2,scene07,none_in_fov,C3b,17,C,3b,0.501461,-12.1066,0.0159,62.3073,6.0804,0
convnext_tiny,42,convnext_tiny_s42,ON_NEG,on/scene07/L7__s20260821__0007.png::boost_e2,scene07,none_in_fov,C3b,17,C,3b,0.501457,-12.7675,1.6425,64.5249,4.4163,0
convnext_tiny,43,convnext_tiny_s43,OFF,off/scene05/L0__s20260819__0000.png,scene05,off,B3b,16,B,3b,0.580157,-13.6144,1.6463,62.6648,2.8577,0
convnext_tiny,43,convnext_tiny_s43,OFF,off/scene05/L0__s20260819__0000.png,scene05,off,C3b,17,C,3b,0.631783,-13.6144,1.6463,62.6648,2.8577,0
convnext_tiny,43,convnext_tiny_s43,OFF,off/scene05/L0__s20260819__0000.png,scene05,off,D3b,18,D,3b,0.605216,-13.6144,1.6463,62.6648,2.8577,0
convnext_tiny,43,convnext_tiny_s43,OFF,off/scene05/L0__s20260819__0001.png,scene05,off,B3b,16,B,3b,0.580158,-15.173,12.161,60.0807,9.829,0
convnext_tiny,43,convnext_tiny_s43,OFF,off/scene05/L0__s20260819__0001.png,scene05,off,C3b,17,C,3b,0.631814,-15.173,12.161,60.0807,9.829,0
convnext_tiny,43,convnext_tiny_s43,OFF,off/scene05/L0__s20260819__0001.png,scene05,off,D3b,18,D,3b,0.605177,-15.173,12.161,60.0807,9.829,0
convnext_tiny,43,convnext_tiny_s43,OFF,off/scene05/L0__s20260819__0002.png,scene05,off,B3b,16,B,3b,0.58014,-10.3814,-5.3811,61.849,10.1547,0
convnext_tiny,43,convnext_tiny_s43,OFF,off/scene05/L0__s20260819__0002.png,scene05,off,C3b,17,C,3b,0.631803,-10.3814,-5.3811,61.849,10.1547,0
convnext_tiny,43,convnext_tiny_s43,OFF,off/scene05/L0__s20260819__0002.png,scene05,off,D3b,18,D,3b,0.605224,-10.3814,-5.3811,61.849,10.1547,0
convnext_tiny,43,convnext_tiny_s43,OFF,off/scene05/L0__s20260819__0003.png,scene05,off,B3b,16,B,3b,0.580185,-16.5946,2.3699,62.213,5.261,0
convnext_tiny,43,convnext_tiny_s43,OFF,off/scene05/L0__s20260819__0003.png,scene05,off,C3b,17,C,3b,0.631831,-16.5946,2.3699,62.213,5.261,0
convnext_tiny,43,convnext_tiny_s43,OFF,off/scene05/L0__s20260819__0003.png,scene05,off,D3b,18,D,3b,0.605159,-16.5946,2.3699,62.213,5.261,0
convnext_tiny,43,convnext_tiny_s43,OFF,off/scene05/L0__s20260819__0004.png,scene05,off,B3b,16,B,3b,0.58018,-12.9429,6.4312,60.6761,2.7145,0
convnext_tiny,43,convnext_tiny_s43,OFF,off/scene05/L0__s20260819__0004.png,scene05,off,C3b,17,C,3b,0.631824,-12.9429,6.4312,60.6761,2.7145,0
convnext_tiny,43,convnext_tiny_s43,OFF,off/scene05/L0__s20260819__0004.png,scene05,off,D3b,18,D,3b,0.605157,-12.9429,6.4312,60.6761,2.7145,0
convnext_tiny,43,convnext_tiny_s43,OFF,off/scene05/L0__s20260819__0005.png,scene05,off,B3b,16,B,3b,0.580143,-7.0259,1.6918,62.8815,1.4988,0
convnext_tiny,43,convnext_tiny_s43,OFF,off/scene05/L0__s20260819__0005.png,scene05,off,C3b,17,C,3b,0.631796,-7.0259,1.6918,62.8815,1.4988,0
convnext_tiny,43,convnext_tiny_s43,OFF,off/scene05/L0__s20260819__0005.png,scene05,off,D3b,18,D,3b,0.605183,-7.0259,1.6918,62.8815,1.4988,0
convnext_tiny,43,convnext_tiny_s43,OFF,off/scene05/L0__s20260819__0006.png,scene05,off,B3b,16,B,3b,0.580137,-7.598,-3.6478,63.1397,4.3849,0
convnext_tiny,43,convnext_tiny_s43,OFF,off/scene05/L0__s20260819__0006.png,scene05,off,C3b,17,C,3b,0.631809,-7.598,-3.6478,63.1397,4.3849,0
convnext_tiny,43,convnext_tiny_s43,OFF,off/scene05/L0__s20260819__0006.png,scene05,off,D3b,18,D,3b,0.605221,-7.598,-3.6478,63.1397,4.3849,0
convnext_tiny,43,convnext_tiny_s43,OFF,off/scene05/L0__s20260819__0007.png,scene05,off,B3b,16,B,3b,0.580157,-11.0887,-6.1282,60.9132,3.4946,0
convnext_tiny,43,convnext_tiny_s43,OFF,off/scene05/L0__s20260819__0007.png,scene05,off,C3b,17,C,3b,0.631825,-11.0887,-6.1282,60.9132,3.4946,0
convnext_tiny,43,convnext_tiny_s43,OFF,off/scene05/L0__s20260819__0007.png,scene05,off,D3b,18,D,3b,0.605181,-11.0887,-6.1282,60.9132,3.4946,0
convnext_tiny,43,convnext_tiny_s43,OFF,off/scene05/L5__s20260819__0000.png,scene05,off,B3b,16,B,3b,0.580112,-13.6144,1.6463,62.6648,2.8577,0
convnext_tiny,43,convnext_tiny_s43,OFF,off/scene05/L5__s20260819__0000.png,scene05,off,C3b,17,C,3b,0.631773,-13.6144,1.6463,62.6648,2.8577,0
convnext_tiny,43,convnext_tiny_s43,OFF,off/scene05/L5__s20260819__0000.png,scene05,off,D3b,18,D,3b,0.605294,-13.6144,1.6463,62.6648,2.8577,0
convnext_tiny,43,convnext_tiny_s43,OFF,off/scene05/L5__s20260819__0001.png,scene05,off,B3b,16,B,3b,0.580054,-15.173,12.161,60.0807,9.829,0
convnext_tiny,43,convnext_tiny_s43,OFF,off/scene05/L5__s20260819__0001.png,scene05,off,C3b,17,C,3b,0.63174,-15.173,12.161,60.0807,9.829,0
convnext_tiny,43,convnext_tiny_s43,OFF,off/scene05/L5__s20260819__0001.png,scene05,off,D3b,18,D,3b,0.605345,-15.173,12.161,60.0807,9.829,0
convnext_tiny,43,convnext_tiny_s43,OFF,off/scene05/L5__s20260819__0002.png,scene05,off,B3b,16,B,3b,0.580069,-10.3814,-5.3811,61.849,10.1547,0
convnext_tiny,43,convnext_tiny_s43,OFF,off/scene05/L5__s20260819__0002.png,scene05,off,C3b,17,C,3b,0.631762,-10.3814,-5.3811,61.849,10.1547,0
convnext_tiny,43,convnext_tiny_s43,OFF,off/scene05/L5__s20260819__0002.png,scene05,off,D3b,18,D,3b,0.605347,-10.3814,-5.3811,61.849,10.1547,0
convnext_tiny,43,convnext_tiny_s43,OFF,off/scene05/L5__s20260819__0003.png,scene05,off,B3b,16,B,3b,0.580133,-16.5946,2.3699,62.213,5.261,0
convnext_tiny,43,convnext_tiny_s43,OFF,off/scene05/L5__s20260819__0003.png,scene05,off,C3b,17,C,3b,0.631776,-16.5946,2.3699,62.213,5.261,0
convnext_tiny,43,convnext_tiny_s43,OFF,off/scene05/L5__s20260819__0003.png,scene05,off,D3b,18,D,3b,0.605269,-16.5946,2.3699,62.213,5.261,0
convnext_tiny,43,convnext_tiny_s43,OFF,off/scene05/L5__s20260819__0004.png,scene05,off,B3b,16,B,3b,0.580133,-12.9429,6.4312,60.6761,2.7145,0
convnext_tiny,43,convnext_tiny_s43,OFF,off/scene05/L5__s20260819__0004.png,scene05,off,C3b,17,C,3b,0.631764,-12.9429,6.4312,60.6761,2.7145,0
convnext_tiny,43,convnext_tiny_s43,OFF,off/scene05/L5__s20260819__0004.png,scene05,off,D3b,18,D,3b,0.60526,-12.9429,6.4312,60.6761,2.7145,0
convnext_tiny,43,convnext_tiny_s43,OFF,off/scene05/L5__s20260819__0005.png,scene05,off,B3b,16,B,3b,0.580064,-7.0259,1.6918,62.8815,1.4988,0
convnext_tiny,43,convnext_tiny_s43,OFF,off/scene05/L5__s20260819__0005.png,scene05,off,C3b,17,C,3b,0.631757,-7.0259,1.6918,62.8815,1.4988,0
convnext_tiny,43,convnext_tiny_s43,OFF,off/scene05/L5__s20260819__0005.png,scene05,off,D3b,18,D,3b,0.605328,-7.0259,1.6918,62.8815,1.4988,0
convnext_tiny,43,convnext_tiny_s43,OFF,off/scene05/L5__s20260819__0006.png,scene05,off,B3b,16,B,3b,0.580074,-7.598,-3.6478,63.1397,4.3849,0
convnext_tiny,43,convnext_tiny_s43,OFF,off/scene05/L5__s20260819__0006.png,scene05,off,C3b,17,C,3b,0.631768,-7.598,-3.6478,63.1397,4.3849,0
convnext_tiny,43,convnext_tiny_s43,OFF,off/scene05/L5__s20260819__0006.png,scene05,off,D3b,18,D,3b,0.605337,-7.598,-3.6478,63.1397,4.3849,0
convnext_tiny,43,convnext_tiny_s43,OFF,off/scene05/L5__s20260819__0007.png,scene05,off,B3b,16,B,3b,0.58007,-11.0887,-6.1282,60.9132,3.4946,0
convnext_tiny,43,convnext_tiny_s43,OFF,off/scene05/L5__s20260819__0007.png,scene05,off,C3b,17,C,3b,0.631764,-11.0887,-6.1282,60.9132,3.4946,0
convnext_tiny,43,convnext_tiny_s43,OFF,off/scene05/L5__s20260819__0007.png,scene05,off,D3b,18,D,3b,0.605313,-11.0887,-6.1282,60.9132,3.4946,0
convnext_tiny,43,convnext_tiny_s43,OFF,off/scene05/L7__s20260819__0000.png,scene05,off,B3b,16,B,3b,0.580221,-13.6144,1.6463,62.6648,2.8577,0
convnext_tiny,43,convnext_tiny_s43,OFF,off/scene05/L7__s20260819__0000.png,scene05,off,C3b,17,C,3b,0.631823,-13.6144,1.6463,62.6648,2.8577,0
convnext_tiny,43,convnext_tiny_s43,OFF,off/scene05/L7__s20260819__0000.png,scene05,off,D3b,18,D,3b,0.605121,-13.6144,1.6463,62.6648,2.8577,0
convnext_tiny,43,convnext_tiny_s43,OFF,off/scene05/L7__s20260819__0001.png,scene05,off,B3b,16,B,3b,0.58019,-15.173,12.161,60.0807,9.829,0
convnext_tiny,43,convnext_tiny_s43,OFF,off/scene05/L7__s20260819__0001.png,scene05,off,C3b,17,C,3b,0.631828,-15.173,12.161,60.0807,9.829,0
convnext_tiny,43,convnext_tiny_s43,OFF,off/scene05/L7__s20260819__0001.png,scene05,off,D3b,18,D,3b,0.605137,-15.173,12.161,60.0807,9.829,0
convnext_tiny,43,convnext_tiny_s43,OFF,off/scene05/L7__s20260819__0002.png,scene05,off,B3b,16,B,3b,0.58018,-10.3814,-5.3811,61.849,10.1547,0
convnext_tiny,43,convnext_tiny_s43,OFF,off/scene05/L7__s20260819__0002.png,scene05,off,C3b,17,C,3b,0.631808,-10.3814,-5.3811,61.849,10.1547,0
convnext_tiny,43,convnext_tiny_s43,OFF,off/scene05/L7__s20260819__0002.png,scene05,off,D3b,18,D,3b,0.605161,-10.3814,-5.3811,61.849,10.1547,0
convnext_tiny,43,convnext_tiny_s43,OFF,off/scene05/L7__s20260819__0003.png,scene05,off,B3b,16,B,3b,0.580217,-16.5946,2.3699,62.213,5.261,0
convnext_tiny,43,convnext_tiny_s43,OFF,off/scene05/L7__s20260819__0003.png,scene05,off,C3b,17,C,3b,0.631835,-16.5946,2.3699,62.213,5.261,0
convnext_tiny,43,convnext_tiny_s43,OFF,off/scene05/L7__s20260819__0003.png,scene05,off,D3b,18,D,3b,0.605127,-16.5946,2.3699,62.213,5.261,0
convnext_tiny,43,convnext_tiny_s43,OFF,off/scene05/L7__s20260819__0004.png,scene05,off,B3b,16,B,3b,0.58022,-12.9429,6.4312,60.6761,2.7145,0
convnext_tiny,43,convnext_tiny_s43,OFF,off/scene05/L7__s20260819__0004.png,scene05,off,C3b,17,C,3b,0.631849,-12.9429,6.4312,60.6761,2.7145,0
convnext_tiny,43,convnext_tiny_s43,OFF,off/scene05/L7__s20260819__0004.png,scene05,off,D3b,18,D,3b,0.605108,-12.9429,6.4312,60.6761,2.7145,0
convnext_tiny,43,convnext_tiny_s43,OFF,off/scene05/L7__s20260819__0005.png,scene05,off,B3b,16,B,3b,0.580197,-7.0259,1.6918,62.8815,1.4988,0
convnext_tiny,43,convnext_tiny_s43,OFF,off/scene05/L7__s20260819__0005.png,scene05,off,C3b,17,C,3b,0.631827,-7.0259,1.6918,62.8815,1.4988,0
convnext_tiny,43,convnext_tiny_s43,OFF,off/scene05/L7__s20260819__0005.png,scene05,off,D3b,18,D,3b,0.605136,-7.0259,1.6918,62.8815,1.4988,0
convnext_tiny,43,convnext_tiny_s43,OFF,off/scene05/L7__s20260819__0006.png,scene05,off,B3b,16,B,3b,0.58018,-7.598,-3.6478,63.1397,4.3849,0
convnext_tiny,43,convnext_tiny_s43,OFF,off/scene05/L7__s20260819__0006.png,scene05,off,C3b,17,C,3b,0.63181,-7.598,-3.6478,63.1397,4.3849,0
convnext_tiny,43,convnext_tiny_s43,OFF,off/scene05/L7__s20260819__0006.png,scene05,off,D3b,18,D,3b,0.605154,-7.598,-3.6478,63.1397,4.3849,0
convnext_tiny,43,convnext_tiny_s43,OFF,off/scene05/L7__s20260819__0007.png,scene05,off,B3b,16,B,3b,0.58019,-11.0887,-6.1282,60.9132,3.4946,0
convnext_tiny,43,convnext_tiny_s43,OFF,off/scene05/L7__s20260819__0007.png,scene05,off,C3b,17,C,3b,0.631814,-11.0887,-6.1282,60.9132,3.4946,0
convnext_tiny,43,convnext_tiny_s43,OFF,off/scene05/L7__s20260819__0007.png,scene05,off,D3b,18,D,3b,0.605146,-11.0887,-6.1282,60.9132,3.4946,0
convnext_tiny,43,convnext_tiny_s43,OFF,off/scene07/L0__s20260819__0000.png,scene07,off,B3b,16,B,3b,0.580145,-11.6469,5.5321,61.8564,4.6128,0
convnext_tiny,43,convnext_tiny_s43,OFF,off/scene07/L0__s20260819__0000.png,scene07,off,C3b,17,C,3b,0.631825,-11.6469,5.5321,61.8564,4.6128,0
convnext_tiny,43,convnext_tiny_s43,OFF,off/scene07/L0__s20260819__0000.png,scene07,off,D3b,18,D,3b,0.605191,-11.6469,5.5321,61.8564,4.6128,0
convnext_tiny,43,convnext_tiny_s43,OFF,off/scene07/L0__s20260819__0001.png,scene07,off,B3b,16,B,3b,0.580156,-12.4971,7.4345,61.4783,11.6559,0
convnext_tiny,43,convnext_tiny_s43,OFF,off/scene07/L0__s20260819__0001.png,scene07,off,C3b,17,C,3b,0.631819,-12.4971,7.4345,61.4783,11.6559,0
convnext_tiny,43,convnext_tiny_s43,OFF,off/scene07/L0__s20260819__0001.png,scene07,off,D3b,18,D,3b,0.605179,-12.4971,7.4345,61.4783,11.6559,0
convnext_tiny,43,convnext_tiny_s43,OFF,off/scene07/L0__s20260819__0002.png,scene07,off,B3b,16,B,3b,0.580119,-7.922,-1.0116,61.5513,7.0947,0
convnext_tiny,43,convnext_tiny_s43,OFF,off/scene07/L0__s20260819__0002.png,scene07,off,C3b,17,C,3b,0.631821,-7.922,-1.0116,61.5513,7.0947,0
convnext_tiny,43,convnext_tiny_s43,OFF,off/scene07/L0__s20260819__0002.png,scene07,off,D3b,18,D,3b,0.605234,-7.922,-1.0116,61.5513,7.0947,0
convnext_tiny,43,convnext_tiny_s43,OFF,off/scene07/L0__s20260819__0003.png,scene07,off,B3b,16,B,3b,0.580136,-9.8928,4.8712,61.7741,2.4361,0
convnext_tiny,43,convnext_tiny_s43,OFF,off/scene07/L0__s20260819__0003.png,scene07,off,C3b,17,C,3b,0.631823,-9.8928,4.8712,61.7741,2.4361,0
convnext_tiny,43,convnext_tiny_s43,OFF,off/scene07/L0__s20260819__0003.png,scene07,off,D3b,18,D,3b,0.605207,-9.8928,4.8712,61.7741,2.4361,0
convnext_tiny,43,convnext_tiny_s43,OFF,off/scene07/L0__s20260819__0004.png,scene07,off,B3b,16,B,3b,0.580151,-12.8155,-12.0811,63.2809,3.8019,0
convnext_tiny,43,convnext_tiny_s43,OFF,off/scene07/L0__s20260819__0004.png,scene07,off,C3b,17,C,3b,0.63183,-12.8155,-12.0811,63.2809,3.8019,0
convnext_tiny,43,convnext_tiny_s43,OFF,off/scene07/L0__s20260819__0004.png,scene07,off,D3b,18,D,3b,0.605182,-12.8155,-12.0811,63.2809,3.8019,0
convnext_tiny,43,convnext_tiny_s43,OFF,off/scene07/L0__s20260819__0005.png,scene07,off,B3b,16,B,3b,0.580133,-9.3221,15.6943,62.9084,4.5788,0
convnext_tiny,43,convnext_tiny_s43,OFF,off/scene07/L0__s20260819__0005.png,scene07,off,C3b,17,C,3b,0.631817,-9.3221,15.6943,62.9084,4.5788,0
convnext_tiny,43,convnext_tiny_s43,OFF,off/scene07/L0__s20260819__0005.png,scene07,off,D3b,18,D,3b,0.605212,-9.3221,15.6943,62.9084,4.5788,0
convnext_tiny,43,convnext_tiny_s43,OFF,off/scene07/L0__s20260819__0006.png,scene07,off,B3b,16,B,3b,0.580143,-3.7993,3.5452,60.5677,1.5559,0
convnext_tiny,43,convnext_tiny_s43,OFF,off/scene07/L0__s20260819__0006.png,scene07,off,C3b,17,C,3b,0.631797,-3.7993,3.5452,60.5677,1.5559,0
convnext_tiny,43,convnext_tiny_s43,OFF,off/scene07/L0__s20260819__0006.png,scene07,off,D3b,18,D,3b,0.605206,-3.7993,3.5452,60.5677,1.5559,0
convnext_tiny,43,convnext_tiny_s43,OFF,off/scene07/L0__s20260819__0007.png,scene07,off,B3b,16,B,3b,0.580143,-9.7299,-3.7756,59.9335,3.9995,0
convnext_tiny,43,convnext_tiny_s43,OFF,off/scene07/L0__s20260819__0007.png,scene07,off,C3b,17,C,3b,0.63181,-9.7299,-3.7756,59.9335,3.9995,0
convnext_tiny,43,convnext_tiny_s43,OFF,off/scene07/L0__s20260819__0007.png,scene07,off,D3b,18,D,3b,0.605197,-9.7299,-3.7756,59.9335,3.9995,0
convnext_tiny,43,convnext_tiny_s43,OFF,off/scene07/L5__s20260819__0000.png,scene07,off,B3b,16,B,3b,0.580194,-11.6469,5.5321,61.8564,4.6128,0
convnext_tiny,43,convnext_tiny_s43,OFF,off/scene07/L5__s20260819__0000.png,scene07,off,C3b,17,C,3b,0.631755,-11.6469,5.5321,61.8564,4.6128,0
convnext_tiny,43,convnext_tiny_s43,OFF,off/scene07/L5__s20260819__0000.png,scene07,off,D3b,18,D,3b,0.605168,-11.6469,5.5321,61.8564,4.6128,0
convnext_tiny,43,convnext_tiny_s43,OFF,off/scene07/L5__s20260819__0001.png,scene07,off,B3b,16,B,3b,0.580149,-12.4971,7.4345,61.4783,11.6559,0
convnext_tiny,43,convnext_tiny_s43,OFF,off/scene07/L5__s20260819__0001.png,scene07,off,C3b,17,C,3b,0.631782,-12.4971,7.4345,61.4783,11.6559,0
convnext_tiny,43,convnext_tiny_s43,OFF,off/scene07/L5__s20260819__0001.png,scene07,off,D3b,18,D,3b,0.60524,-12.4971,7.4345,61.4783,11.6559,0
convnext_tiny,43,convnext_tiny_s43,OFF,off/scene07/L5__s20260819__0002.png,scene07,off,B3b,16,B,3b,0.580196,-7.922,-1.0116,61.5513,7.0947,0
convnext_tiny,43,convnext_tiny_s43,OFF,off/scene07/L5__s20260819__0002.png,scene07,off,C3b,17,C,3b,0.631759,-7.922,-1.0116,61.5513,7.0947,0
convnext_tiny,43,convnext_tiny_s43,OFF,off/scene07/L5__s20260819__0002.png,scene07,off,D3b,18,D,3b,0.605174,-7.922,-1.0116,61.5513,7.0947,0
convnext_tiny,43,convnext_tiny_s43,OFF,off/scene07/L5__s20260819__0003.png,scene07,off,B3b,16,B,3b,0.580188,-9.8928,4.8712,61.7741,2.4361,0
convnext_tiny,43,convnext_tiny_s43,OFF,off/scene07/L5__s20260819__0003.png,scene07,off,C3b,17,C,3b,0.631756,-9.8928,4.8712,61.7741,2.4361,0
convnext_tiny,43,convnext_tiny_s43,OFF,off/scene07/L5__s20260819__0003.png,scene07,off,D3b,18,D,3b,0.60517,-9.8928,4.8712,61.7741,2.4361,0
convnext_tiny,43,convnext_tiny_s43,OFF,off/scene07/L5__s20260819__0004.png,scene07,off,B3b,16,B,3b,0.580151,-12.8155,-12.0811,63.2809,3.8019,0
convnext_tiny,43,convnext_tiny_s43,OFF,off/scene07/L5__s20260819__0004.png,scene07,off,C3b,17,C,3b,0.6318,-12.8155,-12.0811,63.2809,3.8019,0
convnext_tiny,43,convnext_tiny_s43,OFF,off/scene07/L5__s20260819__0004.png,scene07,off,D3b,18,D,3b,0.605226,-12.8155,-12.0811,63.2809,3.8019,0
convnext_tiny,43,convnext_tiny_s43,OFF,off/scene07/L5__s20260819__0005.png,scene07,off,B3b,16,B,3b,0.580123,-9.3221,15.6943,62.9084,4.5788,0
convnext_tiny,43,convnext_tiny_s43,OFF,off/scene07/L5__s20260819__0005.png,scene07,off,C3b,17,C,3b,0.631786,-9.3221,15.6943,62.9084,4.5788,0
convnext_tiny,43,convnext_tiny_s43,OFF,off/scene07/L5__s20260819__0005.png,scene07,off,D3b,18,D,3b,0.605271,-9.3221,15.6943,62.9084,4.5788,0
convnext_tiny,43,convnext_tiny_s43,OFF,off/scene07/L5__s20260819__0006.png,scene07,off,B3b,16,B,3b,0.580086,-3.7993,3.5452,60.5677,1.5559,0
convnext_tiny,43,convnext_tiny_s43,OFF,off/scene07/L5__s20260819__0006.png,scene07,off,C3b,17,C,3b,0.631789,-3.7993,3.5452,60.5677,1.5559,0
convnext_tiny,43,convnext_tiny_s43,OFF,off/scene07/L5__s20260819__0006.png,scene07,off,D3b,18,D,3b,0.605326,-3.7993,3.5452,60.5677,1.5559,0
convnext_tiny,43,convnext_tiny_s43,OFF,off/scene07/L5__s20260819__0007.png,scene07,off,B3b,16,B,3b,0.580133,-9.7299,-3.7756,59.9335,3.9995,0
convnext_tiny,43,convnext_tiny_s43,OFF,off/scene07/L5__s20260819__0007.png,scene07,off,C3b,17,C,3b,0.631788,-9.7299,-3.7756,59.9335,3.9995,0
convnext_tiny,43,convnext_tiny_s43,OFF,off/scene07/L5__s20260819__0007.png,scene07,off,D3b,18,D,3b,0.605258,-9.7299,-3.7756,59.9335,3.9995,0
convnext_tiny,43,convnext_tiny_s43,OFF,off/scene07/L7__s20260819__0000.png,scene07,off,B3b,16,B,3b,0.580157,-11.6469,5.5321,61.8564,4.6128,0
convnext_tiny,43,convnext_tiny_s43,OFF,off/scene07/L7__s20260819__0000.png,scene07,off,C3b,17,C,3b,0.631824,-11.6469,5.5321,61.8564,4.6128,0
convnext_tiny,43,convnext_tiny_s43,OFF,off/scene07/L7__s20260819__0000.png,scene07,off,D3b,18,D,3b,0.605184,-11.6469,5.5321,61.8564,4.6128,0
convnext_tiny,43,convnext_tiny_s43,OFF,off/scene07/L7__s20260819__0001.png,scene07,off,B3b,16,B,3b,0.580169,-12.4971,7.4345,61.4783,11.6559,0
convnext_tiny,43,convnext_tiny_s43,OFF,off/scene07/L7__s20260819__0001.png,scene07,off,C3b,17,C,3b,0.631816,-12.4971,7.4345,61.4783,11.6559,0
convnext_tiny,43,convnext_tiny_s43,OFF,off/scene07/L7__s20260819__0001.png,scene07,off,D3b,18,D,3b,0.605163,-12.4971,7.4345,61.4783,11.6559,0
convnext_tiny,43,convnext_tiny_s43,OFF,off/scene07/L7__s20260819__0002.png,scene07,off,B3b,16,B,3b,0.580129,-7.922,-1.0116,61.5513,7.0947,0
convnext_tiny,43,convnext_tiny_s43,OFF,off/scene07/L7__s20260819__0002.png,scene07,off,C3b,17,C,3b,0.631817,-7.922,-1.0116,61.5513,7.0947,0
convnext_tiny,43,convnext_tiny_s43,OFF,off/scene07/L7__s20260819__0002.png,scene07,off,D3b,18,D,3b,0.605227,-7.922,-1.0116,61.5513,7.0947,0
convnext_tiny,43,convnext_tiny_s43,OFF,off/scene07/L7__s20260819__0003.png,scene07,off,B3b,16,B,3b,0.580147,-9.8928,4.8712,61.7741,2.4361,0
convnext_tiny,43,convnext_tiny_s43,OFF,off/scene07/L7__s20260819__0003.png,scene07,off,C3b,17,C,3b,0.631821,-9.8928,4.8712,61.7741,2.4361,0
convnext_tiny,43,convnext_tiny_s43,OFF,off/scene07/L7__s20260819__0003.png,scene07,off,D3b,18,D,3b,0.605197,-9.8928,4.8712,61.7741,2.4361,0
convnext_tiny,43,convnext_tiny_s43,OFF,off/scene07/L7__s20260819__0004.png,scene07,off,B3b,16,B,3b,0.580158,-12.8155,-12.0811,63.2809,3.8019,0
convnext_tiny,43,convnext_tiny_s43,OFF,off/scene07/L7__s20260819__0004.png,scene07,off,C3b,17,C,3b,0.631833,-12.8155,-12.0811,63.2809,3.8019,0
convnext_tiny,43,convnext_tiny_s43,OFF,off/scene07/L7__s20260819__0004.png,scene07,off,D3b,18,D,3b,0.605179,-12.8155,-12.0811,63.2809,3.8019,0
convnext_tiny,43,convnext_tiny_s43,OFF,off/scene07/L7__s20260819__0005.png,scene07,off,B3b,16,B,3b,0.580149,-9.3221,15.6943,62.9084,4.5788,0
convnext_tiny,43,convnext_tiny_s43,OFF,off/scene07/L7__s20260819__0005.png,scene07,off,C3b,17,C,3b,0.631811,-9.3221,15.6943,62.9084,4.5788,0
convnext_tiny,43,convnext_tiny_s43,OFF,off/scene07/L7__s20260819__0005.png,scene07,off,D3b,18,D,3b,0.605188,-9.3221,15.6943,62.9084,4.5788,0
convnext_tiny,43,convnext_tiny_s43,OFF,off/scene07/L7__s20260819__0006.png,scene07,off,B3b,16,B,3b,0.580217,-3.7993,3.5452,60.5677,1.5559,0
convnext_tiny,43,convnext_tiny_s43,OFF,off/scene07/L7__s20260819__0006.png,scene07,off,C3b,17,C,3b,0.631828,-3.7993,3.5452,60.5677,1.5559,0
convnext_tiny,43,convnext_tiny_s43,OFF,off/scene07/L7__s20260819__0006.png,scene07,off,D3b,18,D,3b,0.605128,-3.7993,3.5452,60.5677,1.5559,0
convnext_tiny,43,convnext_tiny_s43,OFF,off/scene07/L7__s20260819__0007.png,scene07,off,B3b,16,B,3b,0.580167,-9.7299,-3.7756,59.9335,3.9995,0
convnext_tiny,43,convnext_tiny_s43,OFF,off/scene07/L7__s20260819__0007.png,scene07,off,C3b,17,C,3b,0.631807,-9.7299,-3.7756,59.9335,3.9995,0
convnext_tiny,43,convnext_tiny_s43,OFF,off/scene07/L7__s20260819__0007.png,scene07,off,D3b,18,D,3b,0.605153,-9.7299,-3.7756,59.9335,3.9995,0
convnext_tiny,43,convnext_tiny_s43,OFF,off/scene14/L0__s20260819__0000.png,scene14,off,B3b,16,B,3b,0.580235,-9.8586,1.429,61.6578,4.7439,0
convnext_tiny,43,convnext_tiny_s43,OFF,off/scene14/L0__s20260819__0000.png,scene14,off,C3b,17,C,3b,0.631857,-9.8586,1.429,61.6578,4.7439,0
convnext_tiny,43,convnext_tiny_s43,OFF,off/scene14/L0__s20260819__0000.png,scene14,off,D3b,18,D,3b,0.605087,-9.8586,1.429,61.6578,4.7439,0
convnext_tiny,43,convnext_tiny_s43,OFF,off/scene14/L0__s20260819__0001.png,scene14,off,B3b,16,B,3b,0.580233,-8.9998,1.6524,61.4065,7.036,0
convnext_tiny,43,convnext_tiny_s43,OFF,off/scene14/L0__s20260819__0001.png,scene14,off,C3b,17,C,3b,0.63185,-8.9998,1.6524,61.4065,7.036,0
convnext_tiny,43,convnext_tiny_s43,OFF,off/scene14/L0__s20260819__0001.png,scene14,off,D3b,18,D,3b,0.605093,-8.9998,1.6524,61.4065,7.036,0
convnext_tiny,43,convnext_tiny_s43,OFF,off/scene14/L0__s20260819__0002.png,scene14,off,B3b,16,B,3b,0.580228,-13.2604,4.4652,60.6011,1.3141,0
convnext_tiny,43,convnext_tiny_s43,OFF,off/scene14/L0__s20260819__0002.png,scene14,off,C3b,17,C,3b,0.631866,-13.2604,4.4652,60.6011,1.3141,0
convnext_tiny,43,convnext_tiny_s43,OFF,off/scene14/L0__s20260819__0002.png,scene14,off,D3b,18,D,3b,0.605094,-13.2604,4.4652,60.6011,1.3141,0
convnext_tiny,43,convnext_tiny_s43,OFF,off/scene14/L0__s20260819__0003.png,scene14,off,B3b,16,B,3b,0.580225,-3.2277,7.0829,62.9059,4.594,0
convnext_tiny,43,convnext_tiny_s43,OFF,off/scene14/L0__s20260819__0003.png,scene14,off,C3b,17,C,3b,0.631841,-3.2277,7.0829,62.9059,4.594,0
convnext_tiny,43,convnext_tiny_s43,OFF,off/scene14/L0__s20260819__0003.png,scene14,off,D3b,18,D,3b,0.605098,-3.2277,7.0829,62.9059,4.594,0
convnext_tiny,43,convnext_tiny_s43,OFF,off/scene14/L0__s20260819__0004.png,scene14,off,B3b,16,B,3b,0.580238,-9.4161,-17.2604,60.9456,8.4208,0
convnext_tiny,43,convnext_tiny_s43,OFF,off/scene14/L0__s20260819__0004.png,scene14,off,C3b,17,C,3b,0.631855,-9.4161,-17.2604,60.9456,8.4208,0
convnext_tiny,43,convnext_tiny_s43,OFF,off/scene14/L0__s20260819__0004.png,scene14,off,D3b,18,D,3b,0.605083,-9.4161,-17.2604,60.9456,8.4208,0
convnext_tiny,43,convnext_tiny_s43,OFF,off/scene14/L0__s20260819__0005.png,scene14,off,B3b,16,B,3b,0.58023,-11.6875,3.1562,60.5808,4.4487,0
convnext_tiny,43,convnext_tiny_s43,OFF,off/scene14/L0__s20260819__0005.png,scene14,off,C3b,17,C,3b,0.63186,-11.6875,3.1562,60.5808,4.4487,0
convnext_tiny,43,convnext_tiny_s43,OFF,off/scene14/L0__s20260819__0005.png,scene14,off,D3b,18,D,3b,0.605094,-11.6875,3.1562,60.5808,4.4487,0
convnext_tiny,43,convnext_tiny_s43,OFF,off/scene14/L0__s20260819__0006.png,scene14,off,B3b,16,B,3b,0.580236,-10.0252,-0.1653,61.7917,6.5633,0
convnext_tiny,43,convnext_tiny_s43,OFF,off/scene14/L0__s20260819__0006.png,scene14,off,C3b,17,C,3b,0.631855,-10.0252,-0.1653,61.7917,6.5633,0
convnext_tiny,43,convnext_tiny_s43,OFF,off/scene14/L0__s20260819__0006.png,scene14,off,D3b,18,D,3b,0.605086,-10.0252,-0.1653,61.7917,6.5633,0
convnext_tiny,43,convnext_tiny_s43,OFF,off/scene14/L0__s20260819__0007.png,scene14,off,B3b,16,B,3b,0.580235,-8.8174,0.2988,62.6318,4.9665,0
convnext_tiny,43,convnext_tiny_s43,OFF,off/scene14/L0__s20260819__0007.png,scene14,off,C3b,17,C,3b,0.631856,-8.8174,0.2988,62.6318,4.9665,0
convnext_tiny,43,convnext_tiny_s43,OFF,off/scene14/L0__s20260819__0007.png,scene14,off,D3b,18,D,3b,0.605085,-8.8174,0.2988,62.6318,4.9665,0
convnext_tiny,43,convnext_tiny_s43,OFF,off/scene14/L5__s20260819__0000.png,scene14,off,B3b,16,B,3b,0.580238,-9.8586,1.429,61.6578,4.7439,0
convnext_tiny,43,convnext_tiny_s43,OFF,off/scene14/L5__s20260819__0000.png,scene14,off,C3b,17,C,3b,0.631832,-9.8586,1.429,61.6578,4.7439,0
convnext_tiny,43,convnext_tiny_s43,OFF,off/scene14/L5__s20260819__0000.png,scene14,off,D3b,18,D,3b,0.605117,-9.8586,1.429,61.6578,4.7439,0
convnext_tiny,43,convnext_tiny_s43,OFF,off/scene14/L5__s20260819__0001.png,scene14,off,B3b,16,B,3b,0.580232,-8.9998,1.6524,61.4065,7.036,0
convnext_tiny,43,convnext_tiny_s43,OFF,off/scene14/L5__s20260819__0001.png,scene14,off,C3b,17,C,3b,0.631837,-8.9998,1.6524,61.4065,7.036,0
convnext_tiny,43,convnext_tiny_s43,OFF,off/scene14/L5__s20260819__0001.png,scene14,off,D3b,18,D,3b,0.605114,-8.9998,1.6524,61.4065,7.036,0
convnext_tiny,43,convnext_tiny_s43,OFF,off/scene14/L5__s20260819__0002.png,scene14,off,B3b,16,B,3b,0.580233,-13.2604,4.4652,60.6011,1.3141,0
convnext_tiny,43,convnext_tiny_s43,OFF,off/scene14/L5__s20260819__0002.png,scene14,off,C3b,17,C,3b,0.63183,-13.2604,4.4652,60.6011,1.3141,0
convnext_tiny,43,convnext_tiny_s43,OFF,off/scene14/L5__s20260819__0002.png,scene14,off,D3b,18,D,3b,0.605132,-13.2604,4.4652,60.6011,1.3141,0
convnext_tiny,43,convnext_tiny_s43,OFF,off/scene14/L5__s20260819__0003.png,scene14,off,B3b,16,B,3b,0.580231,-3.2277,7.0829,62.9059,4.594,0
convnext_tiny,43,convnext_tiny_s43,OFF,off/scene14/L5__s20260819__0003.png,scene14,off,C3b,17,C,3b,0.631844,-3.2277,7.0829,62.9059,4.594,0
convnext_tiny,43,convnext_tiny_s43,OFF,off/scene14/L5__s20260819__0003.png,scene14,off,D3b,18,D,3b,0.605119,-3.2277,7.0829,62.9059,4.594,0
convnext_tiny,43,convnext_tiny_s43,OFF,off/scene14/L5__s20260819__0004.png,scene14,off,B3b,16,B,3b,0.580236,-9.4161,-17.2604,60.9456,8.4208,0
convnext_tiny,43,convnext_tiny_s43,OFF,off/scene14/L5__s20260819__0004.png,scene14,off,C3b,17,C,3b,0.631834,-9.4161,-17.2604,60.9456,8.4208,0
convnext_tiny,43,convnext_tiny_s43,OFF,off/scene14/L5__s20260819__0004.png,scene14,off,D3b,18,D,3b,0.605114,-9.4161,-17.2604,60.9456,8.4208,0
convnext_tiny,43,convnext_tiny_s43,OFF,off/scene14/L5__s20260819__0005.png,scene14,off,B3b,16,B,3b,0.580235,-11.6875,3.1562,60.5808,4.4487,0
convnext_tiny,43,convnext_tiny_s43,OFF,off/scene14/L5__s20260819__0005.png,scene14,off,C3b,17,C,3b,0.631836,-11.6875,3.1562,60.5808,4.4487,0
convnext_tiny,43,convnext_tiny_s43,OFF,off/scene14/L5__s20260819__0005.png,scene14,off,D3b,18,D,3b,0.605121,-11.6875,3.1562,60.5808,4.4487,0
convnext_tiny,43,convnext_tiny_s43,OFF,off/scene14/L5__s20260819__0006.png,scene14,off,B3b,16,B,3b,0.580236,-10.0252,-0.1653,61.7917,6.5633,0
convnext_tiny,43,convnext_tiny_s43,OFF,off/scene14/L5__s20260819__0006.png,scene14,off,C3b,17,C,3b,0.631826,-10.0252,-0.1653,61.7917,6.5633,0
convnext_tiny,43,convnext_tiny_s43,OFF,off/scene14/L5__s20260819__0006.png,scene14,off,D3b,18,D,3b,0.605122,-10.0252,-0.1653,61.7917,6.5633,0
convnext_tiny,43,convnext_tiny_s43,OFF,off/scene14/L5__s20260819__0007.png,scene14,off,B3b,16,B,3b,0.580239,-8.8174,0.2988,62.6318,4.9665,0
convnext_tiny,43,convnext_tiny_s43,OFF,off/scene14/L5__s20260819__0007.png,scene14,off,C3b,17,C,3b,0.631833,-8.8174,0.2988,62.6318,4.9665,0
convnext_tiny,43,convnext_tiny_s43,OFF,off/scene14/L5__s20260819__0007.png,scene14,off,D3b,18,D,3b,0.605118,-8.8174,0.2988,62.6318,4.9665,0
convnext_tiny,43,convnext_tiny_s43,OFF,off/scene14/L7__s20260819__0000.png,scene14,off,B3b,16,B,3b,0.580233,-9.8586,1.429,61.6578,4.7439,0
convnext_tiny,43,convnext_tiny_s43,OFF,off/scene14/L7__s20260819__0000.png,scene14,off,C3b,17,C,3b,0.631876,-9.8586,1.429,61.6578,4.7439,0
convnext_tiny,43,convnext_tiny_s43,OFF,off/scene14/L7__s20260819__0000.png,scene14,off,D3b,18,D,3b,0.605074,-9.8586,1.429,61.6578,4.7439,0
convnext_tiny,43,convnext_tiny_s43,OFF,off/scene14/L7__s20260819__0001.png,scene14,off,B3b,16,B,3b,0.580231,-8.9998,1.6524,61.4065,7.036,0
convnext_tiny,43,convnext_tiny_s43,OFF,off/scene14/L7__s20260819__0001.png,scene14,off,C3b,17,C,3b,0.631874,-8.9998,1.6524,61.4065,7.036,0
convnext_tiny,43,convnext_tiny_s43,OFF,off/scene14/L7__s20260819__0001.png,scene14,off,D3b,18,D,3b,0.605075,-8.9998,1.6524,61.4065,7.036,0
convnext_tiny,43,convnext_tiny_s43,OFF,off/scene14/L7__s20260819__0002.png,scene14,off,B3b,16,B,3b,0.580231,-13.2604,4.4652,60.6011,1.3141,0
convnext_tiny,43,convnext_tiny_s43,OFF,off/scene14/L7__s20260819__0002.png,scene14,off,C3b,17,C,3b,0.63188,-13.2604,4.4652,60.6011,1.3141,0
convnext_tiny,43,convnext_tiny_s43,OFF,off/scene14/L7__s20260819__0002.png,scene14,off,D3b,18,D,3b,0.605077,-13.2604,4.4652,60.6011,1.3141,0
convnext_tiny,43,convnext_tiny_s43,OFF,off/scene14/L7__s20260819__0003.png,scene14,off,B3b,16,B,3b,0.580227,-3.2277,7.0829,62.9059,4.594,0
convnext_tiny,43,convnext_tiny_s43,OFF,off/scene14/L7__s20260819__0003.png,scene14,off,C3b,17,C,3b,0.631878,-3.2277,7.0829,62.9059,4.594,0
convnext_tiny,43,convnext_tiny_s43,OFF,off/scene14/L7__s20260819__0003.png,scene14,off,D3b,18,D,3b,0.605076,-3.2277,7.0829,62.9059,4.594,0
convnext_tiny,43,convnext_tiny_s43,OFF,off/scene14/L7__s20260819__0004.png,scene14,off,B3b,16,B,3b,0.580226,-9.4161,-17.2604,60.9456,8.4208,0
convnext_tiny,43,convnext_tiny_s43,OFF,off/scene14/L7__s20260819__0004.png,scene14,off,C3b,17,C,3b,0.631871,-9.4161,-17.2604,60.9456,8.4208,0
convnext_tiny,43,convnext_tiny_s43,OFF,off/scene14/L7__s20260819__0004.png,scene14,off,D3b,18,D,3b,0.605085,-9.4161,-17.2604,60.9456,8.4208,0
convnext_tiny,43,convnext_tiny_s43,OFF,off/scene14/L7__s20260819__0005.png,scene14,off,B3b,16,B,3b,0.58023,-11.6875,3.1562,60.5808,4.4487,0
convnext_tiny,43,convnext_tiny_s43,OFF,off/scene14/L7__s20260819__0005.png,scene14,off,C3b,17,C,3b,0.631878,-11.6875,3.1562,60.5808,4.4487,0
convnext_tiny,43,convnext_tiny_s43,OFF,off/scene14/L7__s20260819__0005.png,scene14,off,D3b,18,D,3b,0.605073,-11.6875,3.1562,60.5808,4.4487,0
convnext_tiny,43,convnext_tiny_s43,OFF,off/scene14/L7__s20260819__0006.png,scene14,off,B3b,16,B,3b,0.580236,-10.0252,-0.1653,61.7917,6.5633,0
convnext_tiny,43,convnext_tiny_s43,OFF,off/scene14/L7__s20260819__0006.png,scene14,off,C3b,17,C,3b,0.631861,-10.0252,-0.1653,61.7917,6.5633,0
convnext_tiny,43,convnext_tiny_s43,OFF,off/scene14/L7__s20260819__0006.png,scene14,off,D3b,18,D,3b,0.605086,-10.0252,-0.1653,61.7917,6.5633,0
convnext_tiny,43,convnext_tiny_s43,OFF,off/scene14/L7__s20260819__0007.png,scene14,off,B3b,16,B,3b,0.580236,-8.8174,0.2988,62.6318,4.9665,0
convnext_tiny,43,convnext_tiny_s43,OFF,off/scene14/L7__s20260819__0007.png,scene14,off,C3b,17,C,3b,0.631867,-8.8174,0.2988,62.6318,4.9665,0
convnext_tiny,43,convnext_tiny_s43,OFF,off/scene14/L7__s20260819__0007.png,scene14,off,D3b,18,D,3b,0.605081,-8.8174,0.2988,62.6318,4.9665,0
convnext_tiny,43,convnext_tiny_s43,OFF,off/scene15/L0__s20260819__0000.png,scene15,off,B3b,16,B,3b,0.580068,-6.6317,-4.2143,61.8616,9.9031,0
convnext_tiny,43,convnext_tiny_s43,OFF,off/scene15/L0__s20260819__0000.png,scene15,off,C3b,17,C,3b,0.631813,-6.6317,-4.2143,61.8616,9.9031,0
convnext_tiny,43,convnext_tiny_s43,OFF,off/scene15/L0__s20260819__0000.png,scene15,off,D3b,18,D,3b,0.605315,-6.6317,-4.2143,61.8616,9.9031,0
convnext_tiny,43,convnext_tiny_s43,OFF,off/scene15/L0__s20260819__0001.png,scene15,off,B3b,16,B,3b,0.58007,-7.5218,-9.2458,61.8359,1.858,0
convnext_tiny,43,convnext_tiny_s43,OFF,off/scene15/L0__s20260819__0001.png,scene15,off,C3b,17,C,3b,0.631816,-7.5218,-9.2458,61.8359,1.858,0
convnext_tiny,43,convnext_tiny_s43,OFF,off/scene15/L0__s20260819__0001.png,scene15,off,D3b,18,D,3b,0.605334,-7.5218,-9.2458,61.8359,1.858,0
convnext_tiny,43,convnext_tiny_s43,OFF,off/scene15/L0__s20260819__0002.png,scene15,off,B3b,16,B,3b,0.580068,-8.4908,3.1991,65.8023,4.6673,0
convnext_tiny,43,convnext_tiny_s43,OFF,off/scene15/L0__s20260819__0002.png,scene15,off,C3b,17,C,3b,0.631808,-8.4908,3.1991,65.8023,4.6673,0
convnext_tiny,43,convnext_tiny_s43,OFF,off/scene15/L0__s20260819__0002.png,scene15,off,D3b,18,D,3b,0.605324,-8.4908,3.1991,65.8023,4.6673,0
convnext_tiny,43,convnext_tiny_s43,OFF,off/scene15/L0__s20260819__0003.png,scene15,off,B3b,16,B,3b,0.580051,-13.9162,-3.4361,63.7846,1.3693,0
convnext_tiny,43,convnext_tiny_s43,OFF,off/scene15/L0__s20260819__0003.png,scene15,off,C3b,17,C,3b,0.631808,-13.9162,-3.4361,63.7846,1.3693,0
convnext_tiny,43,convnext_tiny_s43,OFF,off/scene15/L0__s20260819__0003.png,scene15,off,D3b,18,D,3b,0.605371,-13.9162,-3.4361,63.7846,1.3693,0
convnext_tiny,43,convnext_tiny_s43,OFF,off/scene15/L0__s20260819__0004.png,scene15,off,B3b,16,B,3b,0.580079,-11.0394,5.5473,63.0915,5.5065,0
convnext_tiny,43,convnext_tiny_s43,OFF,off/scene15/L0__s20260819__0004.png,scene15,off,C3b,17,C,3b,0.631804,-11.0394,5.5473,63.0915,5.5065,0
convnext_tiny,43,convnext_tiny_s43,OFF,off/scene15/L0__s20260819__0004.png,scene15,off,D3b,18,D,3b,0.605305,-11.0394,5.5473,63.0915,5.5065,0
convnext_tiny,43,convnext_tiny_s43,OFF,off/scene15/L0__s20260819__0005.png,scene15,off,B3b,16,B,3b,0.580052,-12.9205,6.4099,63.9932,3.0224,0
convnext_tiny,43,convnext_tiny_s43,OFF,off/scene15/L0__s20260819__0005.png,scene15,off,C3b,17,C,3b,0.631782,-12.9205,6.4099,63.9932,3.0224,0
convnext_tiny,43,convnext_tiny_s43,OFF,off/scene15/L0__s20260819__0005.png,scene15,off,D3b,18,D,3b,0.60531,-12.9205,6.4099,63.9932,3.0224,0
convnext_tiny,43,convnext_tiny_s43,OFF,off/scene15/L0__s20260819__0006.png,scene15,off,B3b,16,B,3b,0.580014,-9.1914,-18.2162,60.3765,2.2421,0
convnext_tiny,43,convnext_tiny_s43,OFF,off/scene15/L0__s20260819__0006.png,scene15,off,C3b,17,C,3b,0.631796,-9.1914,-18.2162,60.3765,2.2421,0
convnext_tiny,43,convnext_tiny_s43,OFF,off/scene15/L0__s20260819__0006.png,scene15,off,D3b,18,D,3b,0.60541,-9.1914,-18.2162,60.3765,2.2421,0
convnext_tiny,43,convnext_tiny_s43,OFF,off/scene15/L0__s20260819__0007.png,scene15,off,B3b,16,B,3b,0.580065,-15.2404,1.5985,63.4015,5.1525,0
convnext_tiny,43,convnext_tiny_s43,OFF,off/scene15/L0__s20260819__0007.png,scene15,off,C3b,17,C,3b,0.631805,-15.2404,1.5985,63.4015,5.1525,0
convnext_tiny,43,convnext_tiny_s43,OFF,off/scene15/L0__s20260819__0007.png,scene15,off,D3b,18,D,3b,0.605324,-15.2404,1.5985,63.4015,5.1525,0
convnext_tiny,43,convnext_tiny_s43,OFF,off/scene15/L4__s20260819__0000.png,scene15,off,B3b,16,B,3b,0.579928,-6.6317,-4.2143,61.8616,9.9031,0
convnext_tiny,43,convnext_tiny_s43,OFF,off/scene15/L4__s20260819__0000.png,scene15,off,C3b,17,C,3b,0.631737,-6.6317,-4.2143,61.8616,9.9031,0
convnext_tiny,43,convnext_tiny_s43,OFF,off/scene15/L4__s20260819__0000.png,scene15,off,D3b,18,D,3b,0.605501,-6.6317,-4.2143,61.8616,9.9031,0
convnext_tiny,43,convnext_tiny_s43,OFF,off/scene15/L4__s20260819__0001.png,scene15,off,B3b,16,B,3b,0.579948,-7.5218,-9.2458,61.8359,1.858,0
convnext_tiny,43,convnext_tiny_s43,OFF,off/scene15/L4__s20260819__0001.png,scene15,off,C3b,17,C,3b,0.631743,-7.5218,-9.2458,61.8359,1.858,0
convnext_tiny,43,convnext_tiny_s43,OFF,off/scene15/L4__s20260819__0001.png,scene15,off,D3b,18,D,3b,0.6055,-7.5218,-9.2458,61.8359,1.858,0
convnext_tiny,43,convnext_tiny_s43,OFF,off/scene15/L4__s20260819__0002.png,scene15,off,B3b,16,B,3b,0.579908,-8.4908,3.1991,65.8023,4.6673,0
convnext_tiny,43,convnext_tiny_s43,OFF,off/scene15/L4__s20260819__0002.png,scene15,off,C3b,17,C,3b,0.631785,-8.4908,3.1991,65.8023,4.6673,0
convnext_tiny,43,convnext_tiny_s43,OFF,off/scene15/L4__s20260819__0002.png,scene15,off,D3b,18,D,3b,0.605553,-8.4908,3.1991,65.8023,4.6673,0
convnext_tiny,43,convnext_tiny_s43,OFF,off/scene15/L4__s20260819__0003.png,scene15,off,B3b,16,B,3b,0.579916,-13.9162,-3.4361,63.7846,1.3693,0
convnext_tiny,43,convnext_tiny_s43,OFF,off/scene15/L4__s20260819__0003.png,scene15,off,C3b,17,C,3b,0.631776,-13.9162,-3.4361,63.7846,1.3693,0
convnext_tiny,43,convnext_tiny_s43,OFF,off/scene15/L4__s20260819__0003.png,scene15,off,D3b,18,D,3b,0.605541,-13.9162,-3.4361,63.7846,1.3693,0
convnext_tiny,43,convnext_tiny_s43,OFF,off/scene15/L4__s20260819__0004.png,scene15,off,B3b,16,B,3b,0.579905,-11.0394,5.5473,63.0915,5.5065,0
convnext_tiny,43,convnext_tiny_s43,OFF,off/scene15/L4__s20260819__0004.png,scene15,off,C3b,17,C,3b,0.631785,-11.0394,5.5473,63.0915,5.5065,0
convnext_tiny,43,convnext_tiny_s43,OFF,off/scene15/L4__s20260819__0004.png,scene15,off,D3b,18,D,3b,0.605555,-11.0394,5.5473,63.0915,5.5065,0
convnext_tiny,43,convnext_tiny_s43,OFF,off/scene15/L4__s20260819__0005.png,scene15,off,B3b,16,B,3b,0.579913,-12.9205,6.4099,63.9932,3.0224,0
convnext_tiny,43,convnext_tiny_s43,OFF,off/scene15/L4__s20260819__0005.png,scene15,off,C3b,17,C,3b,0.63177,-12.9205,6.4099,63.9932,3.0224,0
convnext_tiny,43,convnext_tiny_s43,OFF,off/scene15/L4__s20260819__0005.png,scene15,off,D3b,18,D,3b,0.60554,-12.9205,6.4099,63.9932,3.0224,0
convnext_tiny,43,convnext_tiny_s43,OFF,off/scene15/L4__s20260819__0006.png,scene15,off,B3b,16,B,3b,0.579923,-9.1914,-18.2162,60.3765,2.2421,0
convnext_tiny,43,convnext_tiny_s43,OFF,off/scene15/L4__s20260819__0006.png,scene15,off,C3b,17,C,3b,0.631778,-9.1914,-18.2162,60.3765,2.2421,0
convnext_tiny,43,convnext_tiny_s43,OFF,off/scene15/L4__s20260819__0006.png,scene15,off,D3b,18,D,3b,0.605528,-9.1914,-18.2162,60.3765,2.2421,0
convnext_tiny,43,convnext_tiny_s43,OFF,off/scene15/L4__s20260819__0007.png,scene15,off,B3b,16,B,3b,0.579903,-15.2404,1.5985,63.4015,5.1525,0
convnext_tiny,43,convnext_tiny_s43,OFF,off/scene15/L4__s20260819__0007.png,scene15,off,C3b,17,C,3b,0.631788,-15.2404,1.5985,63.4015,5.1525,0
convnext_tiny,43,convnext_tiny_s43,OFF,off/scene15/L4__s20260819__0007.png,scene15,off,D3b,18,D,3b,0.605559,-15.2404,1.5985,63.4015,5.1525,0
convnext_tiny,43,convnext_tiny_s43,OFF,off/scene15/L7__s20260819__0000.png,scene15,off,B3b,16,B,3b,0.580086,-6.6317,-4.2143,61.8616,9.9031,0
convnext_tiny,43,convnext_tiny_s43,OFF,off/scene15/L7__s20260819__0000.png,scene15,off,C3b,17,C,3b,0.63178,-6.6317,-4.2143,61.8616,9.9031,0
convnext_tiny,43,convnext_tiny_s43,OFF,off/scene15/L7__s20260819__0000.png,scene15,off,D3b,18,D,3b,0.605301,-6.6317,-4.2143,61.8616,9.9031,0
convnext_tiny,43,convnext_tiny_s43,OFF,off/scene15/L7__s20260819__0001.png,scene15,off,B3b,16,B,3b,0.579944,-7.5218,-9.2458,61.8359,1.858,0
convnext_tiny,43,convnext_tiny_s43,OFF,off/scene15/L7__s20260819__0001.png,scene15,off,C3b,17,C,3b,0.631728,-7.5218,-9.2458,61.8359,1.858,0
convnext_tiny,43,convnext_tiny_s43,OFF,off/scene15/L7__s20260819__0001.png,scene15,off,D3b,18,D,3b,0.605483,-7.5218,-9.2458,61.8359,1.858,0
convnext_tiny,43,convnext_tiny_s43,OFF,off/scene15/L7__s20260819__0002.png,scene15,off,B3b,16,B,3b,0.579925,-8.4908,3.1991,65.8023,4.6673,0
convnext_tiny,43,convnext_tiny_s43,OFF,off/scene15/L7__s20260819__0002.png,scene15,off,C3b,17,C,3b,0.631742,-8.4908,3.1991,65.8023,4.6673,0
convnext_tiny,43,convnext_tiny_s43,OFF,off/scene15/L7__s20260819__0002.png,scene15,off,D3b,18,D,3b,0.605515,-8.4908,3.1991,65.8023,4.6673,0
convnext_tiny,43,convnext_tiny_s43,OFF,off/scene15/L7__s20260819__0003.png,scene15,off,B3b,16,B,3b,0.579953,-13.9162,-3.4361,63.7846,1.3693,0
convnext_tiny,43,convnext_tiny_s43,OFF,off/scene15/L7__s20260819__0003.png,scene15,off,C3b,17,C,3b,0.631736,-13.9162,-3.4361,63.7846,1.3693,0
convnext_tiny,43,convnext_tiny_s43,OFF,off/scene15/L7__s20260819__0003.png,scene15,off,D3b,18,D,3b,0.605481,-13.9162,-3.4361,63.7846,1.3693,0
convnext_tiny,43,convnext_tiny_s43,OFF,off/scene15/L7__s20260819__0004.png,scene15,off,B3b,16,B,3b,0.58,-11.0394,5.5473,63.0915,5.5065,0
convnext_tiny,43,convnext_tiny_s43,OFF,off/scene15/L7__s20260819__0004.png,scene15,off,C3b,17,C,3b,0.631746,-11.0394,5.5473,63.0915,5.5065,0
convnext_tiny,43,convnext_tiny_s43,OFF,off/scene15/L7__s20260819__0004.png,scene15,off,D3b,18,D,3b,0.605427,-11.0394,5.5473,63.0915,5.5065,0
convnext_tiny,43,convnext_tiny_s43,OFF,off/scene15/L7__s20260819__0005.png,scene15,off,B3b,16,B,3b,0.580077,-12.9205,6.4099,63.9932,3.0224,0
convnext_tiny,43,convnext_tiny_s43,OFF,off/scene15/L7__s20260819__0005.png,scene15,off,C3b,17,C,3b,0.631768,-12.9205,6.4099,63.9932,3.0224,0
convnext_tiny,43,convnext_tiny_s43,OFF,off/scene15/L7__s20260819__0005.png,scene15,off,D3b,18,D,3b,0.605287,-12.9205,6.4099,63.9932,3.0224,0
convnext_tiny,43,convnext_tiny_s43,OFF,off/scene15/L7__s20260819__0006.png,scene15,off,B3b,16,B,3b,0.580014,-9.1914,-18.2162,60.3765,2.2421,0
convnext_tiny,43,convnext_tiny_s43,OFF,off/scene15/L7__s20260819__0006.png,scene15,off,C3b,17,C,3b,0.631745,-9.1914,-18.2162,60.3765,2.2421,0
convnext_tiny,43,convnext_tiny_s43,OFF,off/scene15/L7__s20260819__0006.png,scene15,off,D3b,18,D,3b,0.60542,-9.1914,-18.2162,60.3765,2.2421,0
convnext_tiny,43,convnext_tiny_s43,OFF,off/scene15/L7__s20260819__0007.png,scene15,off,B3b,16,B,3b,0.57998,-15.2404,1.5985,63.4015,5.1525,0
convnext_tiny,43,convnext_tiny_s43,OFF,off/scene15/L7__s20260819__0007.png,scene15,off,C3b,17,C,3b,0.631735,-15.2404,1.5985,63.4015,5.1525,0
convnext_tiny,43,convnext_tiny_s43,OFF,off/scene15/L7__s20260819__0007.png,scene15,off,D3b,18,D,3b,0.605441,-15.2404,1.5985,63.4015,5.1525,0
convnext_tiny,43,convnext_tiny_s43,OFF,off/scene18/L0__s20260819__0000.png,scene18,off,B3b,16,B,3b,0.58023,-12.8838,-6.5844,62.7703,1.493,0
convnext_tiny,43,convnext_tiny_s43,OFF,off/scene18/L0__s20260819__0000.png,scene18,off,C3b,17,C,3b,0.631847,-12.8838,-6.5844,62.7703,1.493,0
convnext_tiny,43,convnext_tiny_s43,OFF,off/scene18/L0__s20260819__0000.png,scene18,off,D3b,18,D,3b,0.605097,-12.8838,-6.5844,62.7703,1.493,0
convnext_tiny,43,convnext_tiny_s43,OFF,off/scene18/L0__s20260819__0001.png,scene18,off,B3b,16,B,3b,0.58023,-14.5053,-0.143,62.9372,1.9928,0
convnext_tiny,43,convnext_tiny_s43,OFF,off/scene18/L0__s20260819__0001.png,scene18,off,C3b,17,C,3b,0.631787,-14.5053,-0.143,62.9372,1.9928,0
convnext_tiny,43,convnext_tiny_s43,OFF,off/scene18/L0__s20260819__0001.png,scene18,off,D3b,18,D,3b,0.605126,-14.5053,-0.143,62.9372,1.9928,0
convnext_tiny,43,convnext_tiny_s43,OFF,off/scene18/L0__s20260819__0002.png,scene18,off,B3b,16,B,3b,0.580239,-17.1516,-15.9889,62.3123,10.4512,0
convnext_tiny,43,convnext_tiny_s43,OFF,off/scene18/L0__s20260819__0002.png,scene18,off,C3b,17,C,3b,0.631854,-17.1516,-15.9889,62.3123,10.4512,0
convnext_tiny,43,convnext_tiny_s43,OFF,off/scene18/L0__s20260819__0002.png,scene18,off,D3b,18,D,3b,0.605085,-17.1516,-15.9889,62.3123,10.4512,0
convnext_tiny,43,convnext_tiny_s43,OFF,off/scene18/L0__s20260819__0003.png,scene18,off,B3b,16,B,3b,0.580238,-9.4719,6.5541,59.9925,1.3672,0
convnext_tiny,43,convnext_tiny_s43,OFF,off/scene18/L0__s20260819__0003.png,scene18,off,C3b,17,C,3b,0.631805,-9.4719,6.5541,59.9925,1.3672,0
convnext_tiny,43,convnext_tiny_s43,OFF,off/scene18/L0__s20260819__0003.png,scene18,off,D3b,18,D,3b,0.605122,-9.4719,6.5541,59.9925,1.3672,0
convnext_tiny,43,convnext_tiny_s43,OFF,off/scene18/L0__s20260819__0004.png,scene18,off,B3b,16,B,3b,0.580241,-2.8356,-7.7696,59.995,1.673,0
convnext_tiny,43,convnext_tiny_s43,OFF,off/scene18/L0__s20260819__0004.png,scene18,off,C3b,17,C,3b,0.631813,-2.8356,-7.7696,59.995,1.673,0
convnext_tiny,43,convnext_tiny_s43,OFF,off/scene18/L0__s20260819__0004.png,scene18,off,D3b,18,D,3b,0.605106,-2.8356,-7.7696,59.995,1.673,0
convnext_tiny,43,convnext_tiny_s43,OFF,off/scene18/L0__s20260819__0005.png,scene18,off,B3b,16,B,3b,0.580193,-4.7331,9.0788,60.2528,1.2517,0
convnext_tiny,43,convnext_tiny_s43,OFF,off/scene18/L0__s20260819__0005.png,scene18,off,C3b,17,C,3b,0.631765,-4.7331,9.0788,60.2528,1.2517,0
convnext_tiny,43,convnext_tiny_s43,OFF,off/scene18/L0__s20260819__0005.png,scene18,off,D3b,18,D,3b,0.605193,-4.7331,9.0788,60.2528,1.2517,0
convnext_tiny,43,convnext_tiny_s43,OFF,off/scene18/L0__s20260819__0006.png,scene18,off,B3b,16,B,3b,0.580231,-12.0517,-2.6405,64.1763,5.9593,0
convnext_tiny,43,convnext_tiny_s43,OFF,off/scene18/L0__s20260819__0006.png,scene18,off,C3b,17,C,3b,0.631852,-12.0517,-2.6405,64.1763,5.9593,0
convnext_tiny,43,convnext_tiny_s43,OFF,off/scene18/L0__s20260819__0006.png,scene18,off,D3b,18,D,3b,0.6051,-12.0517,-2.6405,64.1763,5.9593,0
convnext_tiny,43,convnext_tiny_s43,OFF,off/scene18/L0__s20260819__0007.png,scene18,off,B3b,16,B,3b,0.580242,-11.7108,4.6011,63.4304,11.2418,0
convnext_tiny,43,convnext_tiny_s43,OFF,off/scene18/L0__s20260819__0007.png,scene18,off,C3b,17,C,3b,0.631851,-11.7108,4.6011,63.4304,11.2418,0
convnext_tiny,43,convnext_tiny_s43,OFF,off/scene18/L0__s20260819__0007.png,scene18,off,D3b,18,D,3b,0.60509,-11.7108,4.6011,63.4304,11.2418,0
convnext_tiny,43,convnext_tiny_s43,OFF,off/scene18/L5__s20260819__0000.png,scene18,off,B3b,16,B,3b,0.580225,-12.8838,-6.5844,62.7703,1.493,0
convnext_tiny,43,convnext_tiny_s43,OFF,off/scene18/L5__s20260819__0000.png,scene18,off,C3b,17,C,3b,0.631847,-12.8838,-6.5844,62.7703,1.493,0
convnext_tiny,43,convnext_tiny_s43,OFF,off/scene18/L5__s20260819__0000.png,scene18,off,D3b,18,D,3b,0.605102,-12.8838,-6.5844,62.7703,1.493,0
convnext_tiny,43,convnext_tiny_s43,OFF,off/scene18/L5__s20260819__0001.png,scene18,off,B3b,16,B,3b,0.579972,-14.5053,-0.143,62.9372,1.9928,0
convnext_tiny,43,convnext_tiny_s43,OFF,off/scene18/L5__s20260819__0001.png,scene18,off,C3b,17,C,3b,0.631785,-14.5053,-0.143,62.9372,1.9928,0
convnext_tiny,43,convnext_tiny_s43,OFF,off/scene18/L5__s20260819__0001.png,scene18,off,D3b,18,D,3b,0.605476,-14.5053,-0.143,62.9372,1.9928,0
convnext_tiny,43,convnext_tiny_s43,OFF,off/scene18/L5__s20260819__0002.png,scene18,off,B3b,16,B,3b,0.579936,-17.1516,-15.9889,62.3123,10.4512,0
convnext_tiny,43,convnext_tiny_s43,OFF,off/scene18/L5__s20260819__0002.png,scene18,off,C3b,17,C,3b,0.631762,-17.1516,-15.9889,62.3123,10.4512,0
convnext_tiny,43,convnext_tiny_s43,OFF,off/scene18/L5__s20260819__0002.png,scene18,off,D3b,18,D,3b,0.605526,-17.1516,-15.9889,62.3123,10.4512,0
convnext_tiny,43,convnext_tiny_s43,OFF,off/scene18/L5__s20260819__0003.png,scene18,off,B3b,16,B,3b,0.580196,-9.4719,6.5541,59.9925,1.3672,0
convnext_tiny,43,convnext_tiny_s43,OFF,off/scene18/L5__s20260819__0003.png,scene18,off,C3b,17,C,3b,0.631817,-9.4719,6.5541,59.9925,1.3672,0
convnext_tiny,43,convnext_tiny_s43,OFF,off/scene18/L5__s20260819__0003.png,scene18,off,D3b,18,D,3b,0.605139,-9.4719,6.5541,59.9925,1.3672,0
convnext_tiny,43,convnext_tiny_s43,OFF,off/scene18/L5__s20260819__0004.png,scene18,off,B3b,16,B,3b,0.580107,-2.8356,-7.7696,59.995,1.673,0
convnext_tiny,43,convnext_tiny_s43,OFF,off/scene18/L5__s20260819__0004.png,scene18,off,C3b,17,C,3b,0.631771,-2.8356,-7.7696,59.995,1.673,0
convnext_tiny,43,convnext_tiny_s43,OFF,off/scene18/L5__s20260819__0004.png,scene18,off,D3b,18,D,3b,0.605254,-2.8356,-7.7696,59.995,1.673,0
convnext_tiny,43,convnext_tiny_s43,OFF,off/scene18/L5__s20260819__0005.png,scene18,off,B3b,16,B,3b,0.580029,-4.7331,9.0788,60.2528,1.2517,0
convnext_tiny,43,convnext_tiny_s43,OFF,off/scene18/L5__s20260819__0005.png,scene18,off,C3b,17,C,3b,0.631842,-4.7331,9.0788,60.2528,1.2517,0
convnext_tiny,43,convnext_tiny_s43,OFF,off/scene18/L5__s20260819__0005.png,scene18,off,D3b,18,D,3b,0.605382,-4.7331,9.0788,60.2528,1.2517,0
convnext_tiny,43,convnext_tiny_s43,OFF,off/scene18/L5__s20260819__0006.png,scene18,off,B3b,16,B,3b,0.580229,-12.0517,-2.6405,64.1763,5.9593,0
convnext_tiny,43,convnext_tiny_s43,OFF,off/scene18/L5__s20260819__0006.png,scene18,off,C3b,17,C,3b,0.631861,-12.0517,-2.6405,64.1763,5.9593,0
convnext_tiny,43,convnext_tiny_s43,OFF,off/scene18/L5__s20260819__0006.png,scene18,off,D3b,18,D,3b,0.605092,-12.0517,-2.6405,64.1763,5.9593,0
convnext_tiny,43,convnext_tiny_s43,OFF,off/scene18/L5__s20260819__0007.png,scene18,off,B3b,16,B,3b,0.580235,-11.7108,4.6011,63.4304,11.2418,0
convnext_tiny,43,convnext_tiny_s43,OFF,off/scene18/L5__s20260819__0007.png,scene18,off,C3b,17,C,3b,0.631851,-11.7108,4.6011,63.4304,11.2418,0
convnext_tiny,43,convnext_tiny_s43,OFF,off/scene18/L5__s20260819__0007.png,scene18,off,D3b,18,D,3b,0.605098,-11.7108,4.6011,63.4304,11.2418,0
convnext_tiny,43,convnext_tiny_s43,OFF,off/scene18/L7__s20260819__0000.png,scene18,off,B3b,16,B,3b,0.580231,-12.8838,-6.5844,62.7703,1.493,0
convnext_tiny,43,convnext_tiny_s43,OFF,off/scene18/L7__s20260819__0000.png,scene18,off,C3b,17,C,3b,0.631862,-12.8838,-6.5844,62.7703,1.493,0
convnext_tiny,43,convnext_tiny_s43,OFF,off/scene18/L7__s20260819__0000.png,scene18,off,D3b,18,D,3b,0.605087,-12.8838,-6.5844,62.7703,1.493,0
convnext_tiny,43,convnext_tiny_s43,OFF,off/scene18/L7__s20260819__0001.png,scene18,off,B3b,16,B,3b,0.580232,-14.5053,-0.143,62.9372,1.9928,0
convnext_tiny,43,convnext_tiny_s43,OFF,off/scene18/L7__s20260819__0001.png,scene18,off,C3b,17,C,3b,0.631801,-14.5053,-0.143,62.9372,1.9928,0
convnext_tiny,43,convnext_tiny_s43,OFF,off/scene18/L7__s20260819__0001.png,scene18,off,D3b,18,D,3b,0.605127,-14.5053,-0.143,62.9372,1.9928,0
convnext_tiny,43,convnext_tiny_s43,OFF,off/scene18/L7__s20260819__0002.png,scene18,off,B3b,16,B,3b,0.580242,-17.1516,-15.9889,62.3123,10.4512,0
convnext_tiny,43,convnext_tiny_s43,OFF,off/scene18/L7__s20260819__0002.png,scene18,off,C3b,17,C,3b,0.631855,-17.1516,-15.9889,62.3123,10.4512,0
convnext_tiny,43,convnext_tiny_s43,OFF,off/scene18/L7__s20260819__0002.png,scene18,off,D3b,18,D,3b,0.605089,-17.1516,-15.9889,62.3123,10.4512,0
convnext_tiny,43,convnext_tiny_s43,OFF,off/scene18/L7__s20260819__0003.png,scene18,off,B3b,16,B,3b,0.580237,-9.4719,6.5541,59.9925,1.3672,0
convnext_tiny,43,convnext_tiny_s43,OFF,off/scene18/L7__s20260819__0003.png,scene18,off,C3b,17,C,3b,0.631818,-9.4719,6.5541,59.9925,1.3672,0
convnext_tiny,43,convnext_tiny_s43,OFF,off/scene18/L7__s20260819__0003.png,scene18,off,D3b,18,D,3b,0.605114,-9.4719,6.5541,59.9925,1.3672,0
convnext_tiny,43,convnext_tiny_s43,OFF,off/scene18/L7__s20260819__0004.png,scene18,off,B3b,16,B,3b,0.580239,-2.8356,-7.7696,59.995,1.673,0
convnext_tiny,43,convnext_tiny_s43,OFF,off/scene18/L7__s20260819__0004.png,scene18,off,C3b,17,C,3b,0.631849,-2.8356,-7.7696,59.995,1.673,0
convnext_tiny,43,convnext_tiny_s43,OFF,off/scene18/L7__s20260819__0004.png,scene18,off,D3b,18,D,3b,0.60509,-2.8356,-7.7696,59.995,1.673,0
convnext_tiny,43,convnext_tiny_s43,OFF,off/scene18/L7__s20260819__0005.png,scene18,off,B3b,16,B,3b,0.580192,-4.7331,9.0788,60.2528,1.2517,0
convnext_tiny,43,convnext_tiny_s43,OFF,off/scene18/L7__s20260819__0005.png,scene18,off,C3b,17,C,3b,0.631797,-4.7331,9.0788,60.2528,1.2517,0
convnext_tiny,43,convnext_tiny_s43,OFF,off/scene18/L7__s20260819__0005.png,scene18,off,D3b,18,D,3b,0.605166,-4.7331,9.0788,60.2528,1.2517,0
convnext_tiny,43,convnext_tiny_s43,OFF,off/scene18/L7__s20260819__0006.png,scene18,off,B3b,16,B,3b,0.580236,-12.0517,-2.6405,64.1763,5.9593,0
convnext_tiny,43,convnext_tiny_s43,OFF,off/scene18/L7__s20260819__0006.png,scene18,off,C3b,17,C,3b,0.631862,-12.0517,-2.6405,64.1763,5.9593,0
convnext_tiny,43,convnext_tiny_s43,OFF,off/scene18/L7__s20260819__0006.png,scene18,off,D3b,18,D,3b,0.605087,-12.0517,-2.6405,64.1763,5.9593,0
convnext_tiny,43,convnext_tiny_s43,OFF,off/scene18/L7__s20260819__0007.png,scene18,off,B3b,16,B,3b,0.580241,-11.7108,4.6011,63.4304,11.2418,0
convnext_tiny,43,convnext_tiny_s43,OFF,off/scene18/L7__s20260819__0007.png,scene18,off,C3b,17,C,3b,0.631862,-11.7108,4.6011,63.4304,11.2418,0
convnext_tiny,43,convnext_tiny_s43,OFF,off/scene18/L7__s20260819__0007.png,scene18,off,D3b,18,D,3b,0.605087,-11.7108,4.6011,63.4304,11.2418,0
convnext_tiny,43,convnext_tiny_s43,OFF,off/sceneC2/L2__s20260819__0000.png,sceneC2,off,B3b,16,B,3b,0.58006,-3.8125,-12.3059,62.9162,2.4832,0
convnext_tiny,43,convnext_tiny_s43,OFF,off/sceneC2/L2__s20260819__0000.png,sceneC2,off,C3b,17,C,3b,0.631797,-3.8125,-12.3059,62.9162,2.4832,0
convnext_tiny,43,convnext_tiny_s43,OFF,off/sceneC2/L2__s20260819__0000.png,sceneC2,off,D3b,18,D,3b,0.60531,-3.8125,-12.3059,62.9162,2.4832,0
convnext_tiny,43,convnext_tiny_s43,OFF,off/sceneC2/L2__s20260819__0001.png,sceneC2,off,B3b,16,B,3b,0.579982,-13.4518,-13.0389,63.5306,6.8638,0
convnext_tiny,43,convnext_tiny_s43,OFF,off/sceneC2/L2__s20260819__0001.png,sceneC2,off,C3b,17,C,3b,0.63175,-13.4518,-13.0389,63.5306,6.8638,0
convnext_tiny,43,convnext_tiny_s43,OFF,off/sceneC2/L2__s20260819__0001.png,sceneC2,off,D3b,18,D,3b,0.605412,-13.4518,-13.0389,63.5306,6.8638,0
convnext_tiny,43,convnext_tiny_s43,OFF,off/sceneC2/L2__s20260819__0002.png,sceneC2,off,B3b,16,B,3b,0.579996,-11.6494,-2.9872,60.6739,8.321,0
convnext_tiny,43,convnext_tiny_s43,OFF,off/sceneC2/L2__s20260819__0002.png,sceneC2,off,C3b,17,C,3b,0.631762,-11.6494,-2.9872,60.6739,8.321,0
convnext_tiny,43,convnext_tiny_s43,OFF,off/sceneC2/L2__s20260819__0002.png,sceneC2,off,D3b,18,D,3b,0.605395,-11.6494,-2.9872,60.6739,8.321,0
convnext_tiny,43,convnext_tiny_s43,OFF,off/sceneC2/L2__s20260819__0003.png,sceneC2,off,B3b,16,B,3b,0.58,-13.0594,-4.2489,62.4769,1.2525,0
convnext_tiny,43,convnext_tiny_s43,OFF,off/sceneC2/L2__s20260819__0003.png,sceneC2,off,C3b,17,C,3b,0.631777,-13.0594,-4.2489,62.4769,1.2525,0
convnext_tiny,43,convnext_tiny_s43,OFF,off/sceneC2/L2__s20260819__0003.png,sceneC2,off,D3b,18,D,3b,0.605434,-13.0594,-4.2489,62.4769,1.2525,0
convnext_tiny,43,convnext_tiny_s43,OFF,off/sceneC2/L2__s20260819__0004.png,sceneC2,off,B3b,16,B,3b,0.579948,-13.5389,11.6475,61.7574,2.2154,0
convnext_tiny,43,convnext_tiny_s43,OFF,off/sceneC2/L2__s20260819__0004.png,sceneC2,off,C3b,17,C,3b,0.631732,-13.5389,11.6475,61.7574,2.2154,0
convnext_tiny,43,convnext_tiny_s43,OFF,off/sceneC2/L2__s20260819__0004.png,sceneC2,off,D3b,18,D,3b,0.605402,-13.5389,11.6475,61.7574,2.2154,0
convnext_tiny,43,convnext_tiny_s43,OFF,off/sceneC2/L2__s20260819__0005.png,sceneC2,off,B3b,16,B,3b,0.579945,-13.9053,-4.7076,63.4803,4.5522,0
convnext_tiny,43,convnext_tiny_s43,OFF,off/sceneC2/L2__s20260819__0005.png,sceneC2,off,C3b,17,C,3b,0.631729,-13.9053,-4.7076,63.4803,4.5522,0
convnext_tiny,43,convnext_tiny_s43,OFF,off/sceneC2/L2__s20260819__0005.png,sceneC2,off,D3b,18,D,3b,0.605389,-13.9053,-4.7076,63.4803,4.5522,0
convnext_tiny,43,convnext_tiny_s43,OFF,off/sceneC2/L2__s20260819__0006.png,sceneC2,off,B3b,16,B,3b,0.580003,-11.6055,-2.8331,61.0412,4.3157,0
convnext_tiny,43,convnext_tiny_s43,OFF,off/sceneC2/L2__s20260819__0006.png,sceneC2,off,C3b,17,C,3b,0.631769,-11.6055,-2.8331,61.0412,4.3157,0
convnext_tiny,43,convnext_tiny_s43,OFF,off/sceneC2/L2__s20260819__0006.png,sceneC2,off,D3b,18,D,3b,0.605396,-11.6055,-2.8331,61.0412,4.3157,0
convnext_tiny,43,convnext_tiny_s43,OFF,off/sceneC2/L2__s20260819__0007.png,sceneC2,off,B3b,16,B,3b,0.579967,-12.5459,-0.5423,62.1216,1.5671,0
convnext_tiny,43,convnext_tiny_s43,OFF,off/sceneC2/L2__s20260819__0007.png,sceneC2,off,C3b,17,C,3b,0.63174,-12.5459,-0.5423,62.1216,1.5671,0
convnext_tiny,43,convnext_tiny_s43,OFF,off/sceneC2/L2__s20260819__0007.png,sceneC2,off,D3b,18,D,3b,0.605392,-12.5459,-0.5423,62.1216,1.5671,0
convnext_tiny,43,convnext_tiny_s43,OFF,off/sceneC2/L3__s20260819__0000.png,sceneC2,off,B3b,16,B,3b,0.580061,-3.8125,-12.3059,62.9162,2.4832,0
convnext_tiny,43,convnext_tiny_s43,OFF,off/sceneC2/L3__s20260819__0000.png,sceneC2,off,C3b,17,C,3b,0.631799,-3.8125,-12.3059,62.9162,2.4832,0
convnext_tiny,43,convnext_tiny_s43,OFF,off/sceneC2/L3__s20260819__0000.png,sceneC2,off,D3b,18,D,3b,0.605302,-3.8125,-12.3059,62.9162,2.4832,0
convnext_tiny,43,convnext_tiny_s43,OFF,off/sceneC2/L3__s20260819__0001.png,sceneC2,off,B3b,16,B,3b,0.579983,-13.4518,-13.0389,63.5306,6.8638,0
convnext_tiny,43,convnext_tiny_s43,OFF,off/sceneC2/L3__s20260819__0001.png,sceneC2,off,C3b,17,C,3b,0.631751,-13.4518,-13.0389,63.5306,6.8638,0
convnext_tiny,43,convnext_tiny_s43,OFF,off/sceneC2/L3__s20260819__0001.png,sceneC2,off,D3b,18,D,3b,0.60541,-13.4518,-13.0389,63.5306,6.8638,0
convnext_tiny,43,convnext_tiny_s43,OFF,off/sceneC2/L3__s20260819__0002.png,sceneC2,off,B3b,16,B,3b,0.579997,-11.6494,-2.9872,60.6739,8.321,0
convnext_tiny,43,convnext_tiny_s43,OFF,off/sceneC2/L3__s20260819__0002.png,sceneC2,off,C3b,17,C,3b,0.631763,-11.6494,-2.9872,60.6739,8.321,0
convnext_tiny,43,convnext_tiny_s43,OFF,off/sceneC2/L3__s20260819__0002.png,sceneC2,off,D3b,18,D,3b,0.605391,-11.6494,-2.9872,60.6739,8.321,0
convnext_tiny,43,convnext_tiny_s43,OFF,off/sceneC2/L3__s20260819__0003.png,sceneC2,off,B3b,16,B,3b,0.580003,-13.0594,-4.2489,62.4769,1.2525,0
convnext_tiny,43,convnext_tiny_s43,OFF,off/sceneC2/L3__s20260819__0003.png,sceneC2,off,C3b,17,C,3b,0.631778,-13.0594,-4.2489,62.4769,1.2525,0
convnext_tiny,43,convnext_tiny_s43,OFF,off/sceneC2/L3__s20260819__0003.png,sceneC2,off,D3b,18,D,3b,0.605427,-13.0594,-4.2489,62.4769,1.2525,0
convnext_tiny,43,convnext_tiny_s43,OFF,off/sceneC2/L3__s20260819__0004.png,sceneC2,off,B3b,16,B,3b,0.579952,-13.5389,11.6475,61.7574,2.2154,0
convnext_tiny,43,convnext_tiny_s43,OFF,off/sceneC2/L3__s20260819__0004.png,sceneC2,off,C3b,17,C,3b,0.631729,-13.5389,11.6475,61.7574,2.2154,0
convnext_tiny,43,convnext_tiny_s43,OFF,off/sceneC2/L3__s20260819__0004.png,sceneC2,off,D3b,18,D,3b,0.605398,-13.5389,11.6475,61.7574,2.2154,0
convnext_tiny,43,convnext_tiny_s43,OFF,off/sceneC2/L3__s20260819__0005.png,sceneC2,off,B3b,16,B,3b,0.579947,-13.9053,-4.7076,63.4803,4.5522,0
convnext_tiny,43,convnext_tiny_s43,OFF,off/sceneC2/L3__s20260819__0005.png,sceneC2,off,C3b,17,C,3b,0.631728,-13.9053,-4.7076,63.4803,4.5522,0
convnext_tiny,43,convnext_tiny_s43,OFF,off/sceneC2/L3__s20260819__0005.png,sceneC2,off,D3b,18,D,3b,0.605387,-13.9053,-4.7076,63.4803,4.5522,0
convnext_tiny,43,convnext_tiny_s43,OFF,off/sceneC2/L3__s20260819__0006.png,sceneC2,off,B3b,16,B,3b,0.580004,-11.6055,-2.8331,61.0412,4.3157,0
convnext_tiny,43,convnext_tiny_s43,OFF,off/sceneC2/L3__s20260819__0006.png,sceneC2,off,C3b,17,C,3b,0.63177,-11.6055,-2.8331,61.0412,4.3157,0
convnext_tiny,43,convnext_tiny_s43,OFF,off/sceneC2/L3__s20260819__0006.png,sceneC2,off,D3b,18,D,3b,0.605391,-11.6055,-2.8331,61.0412,4.3157,0
convnext_tiny,43,convnext_tiny_s43,OFF,off/sceneC2/L3__s20260819__0007.png,sceneC2,off,B3b,16,B,3b,0.57997,-12.5459,-0.5423,62.1216,1.5671,0
convnext_tiny,43,convnext_tiny_s43,OFF,off/sceneC2/L3__s20260819__0007.png,sceneC2,off,C3b,17,C,3b,0.631738,-12.5459,-0.5423,62.1216,1.5671,0
convnext_tiny,43,convnext_tiny_s43,OFF,off/sceneC2/L3__s20260819__0007.png,sceneC2,off,D3b,18,D,3b,0.605387,-12.5459,-0.5423,62.1216,1.5671,0
convnext_tiny,43,convnext_tiny_s43,OFF,off/sceneC2/L7__s20260819__0000.png,sceneC2,off,B3b,16,B,3b,0.580078,-3.8125,-12.3059,62.9162,2.4832,0
convnext_tiny,43,convnext_tiny_s43,OFF,off/sceneC2/L7__s20260819__0000.png,sceneC2,off,C3b,17,C,3b,0.631774,-3.8125,-12.3059,62.9162,2.4832,0
convnext_tiny,43,convnext_tiny_s43,OFF,off/sceneC2/L7__s20260819__0000.png,sceneC2,off,D3b,18,D,3b,0.605228,-3.8125,-12.3059,62.9162,2.4832,0
convnext_tiny,43,convnext_tiny_s43,OFF,off/sceneC2/L7__s20260819__0001.png,sceneC2,off,B3b,16,B,3b,0.579997,-13.4518,-13.0389,63.5306,6.8638,0
convnext_tiny,43,convnext_tiny_s43,OFF,off/sceneC2/L7__s20260819__0001.png,sceneC2,off,C3b,17,C,3b,0.631718,-13.4518,-13.0389,63.5306,6.8638,0
convnext_tiny,43,convnext_tiny_s43,OFF,off/sceneC2/L7__s20260819__0001.png,sceneC2,off,D3b,18,D,3b,0.605346,-13.4518,-13.0389,63.5306,6.8638,0
convnext_tiny,43,convnext_tiny_s43,OFF,off/sceneC2/L7__s20260819__0002.png,sceneC2,off,B3b,16,B,3b,0.58001,-11.6494,-2.9872,60.6739,8.321,0
convnext_tiny,43,convnext_tiny_s43,OFF,off/sceneC2/L7__s20260819__0002.png,sceneC2,off,C3b,17,C,3b,0.631734,-11.6494,-2.9872,60.6739,8.321,0
convnext_tiny,43,convnext_tiny_s43,OFF,off/sceneC2/L7__s20260819__0002.png,sceneC2,off,D3b,18,D,3b,0.60533,-11.6494,-2.9872,60.6739,8.321,0
convnext_tiny,43,convnext_tiny_s43,OFF,off/sceneC2/L7__s20260819__0003.png,sceneC2,off,B3b,16,B,3b,0.58002,-13.0594,-4.2489,62.4769,1.2525,0
convnext_tiny,43,convnext_tiny_s43,OFF,off/sceneC2/L7__s20260819__0003.png,sceneC2,off,C3b,17,C,3b,0.631744,-13.0594,-4.2489,62.4769,1.2525,0
convnext_tiny,43,convnext_tiny_s43,OFF,off/sceneC2/L7__s20260819__0003.png,sceneC2,off,D3b,18,D,3b,0.605348,-13.0594,-4.2489,62.4769,1.2525,0
convnext_tiny,43,convnext_tiny_s43,OFF,off/sceneC2/L7__s20260819__0004.png,sceneC2,off,B3b,16,B,3b,0.57998,-13.5389,11.6475,61.7574,2.2154,0
convnext_tiny,43,convnext_tiny_s43,OFF,off/sceneC2/L7__s20260819__0004.png,sceneC2,off,C3b,17,C,3b,0.631699,-13.5389,11.6475,61.7574,2.2154,0
convnext_tiny,43,convnext_tiny_s43,OFF,off/sceneC2/L7__s20260819__0004.png,sceneC2,off,D3b,18,D,3b,0.605342,-13.5389,11.6475,61.7574,2.2154,0
convnext_tiny,43,convnext_tiny_s43,OFF,off/sceneC2/L7__s20260819__0005.png,sceneC2,off,B3b,16,B,3b,0.579979,-13.9053,-4.7076,63.4803,4.5522,0
convnext_tiny,43,convnext_tiny_s43,OFF,off/sceneC2/L7__s20260819__0005.png,sceneC2,off,C3b,17,C,3b,0.63169,-13.9053,-4.7076,63.4803,4.5522,0
convnext_tiny,43,convnext_tiny_s43,OFF,off/sceneC2/L7__s20260819__0005.png,sceneC2,off,D3b,18,D,3b,0.605329,-13.9053,-4.7076,63.4803,4.5522,0
convnext_tiny,43,convnext_tiny_s43,OFF,off/sceneC2/L7__s20260819__0006.png,sceneC2,off,B3b,16,B,3b,0.580016,-11.6055,-2.8331,61.0412,4.3157,0
convnext_tiny,43,convnext_tiny_s43,OFF,off/sceneC2/L7__s20260819__0006.png,sceneC2,off,C3b,17,C,3b,0.63174,-11.6055,-2.8331,61.0412,4.3157,0
convnext_tiny,43,convnext_tiny_s43,OFF,off/sceneC2/L7__s20260819__0006.png,sceneC2,off,D3b,18,D,3b,0.605326,-11.6055,-2.8331,61.0412,4.3157,0
convnext_tiny,43,convnext_tiny_s43,OFF,off/sceneC2/L7__s20260819__0007.png,sceneC2,off,B3b,16,B,3b,0.579996,-12.5459,-0.5423,62.1216,1.5671,0
convnext_tiny,43,convnext_tiny_s43,OFF,off/sceneC2/L7__s20260819__0007.png,sceneC2,off,C3b,17,C,3b,0.631709,-12.5459,-0.5423,62.1216,1.5671,0
convnext_tiny,43,convnext_tiny_s43,OFF,off/sceneC2/L7__s20260819__0007.png,sceneC2,off,D3b,18,D,3b,0.605313,-12.5459,-0.5423,62.1216,1.5671,0
convnext_tiny,43,convnext_tiny_s43,OFF,off/sceneN3/L0__s20260819__0000.png,sceneN3,off,B3b,16,B,3b,0.580188,-16.2467,-6.5053,60.6518,9.1828,0
convnext_tiny,43,convnext_tiny_s43,OFF,off/sceneN3/L0__s20260819__0000.png,sceneN3,off,C3b,17,C,3b,0.631819,-16.2467,-6.5053,60.6518,9.1828,0
convnext_tiny,43,convnext_tiny_s43,OFF,off/sceneN3/L0__s20260819__0000.png,sceneN3,off,D3b,18,D,3b,0.605162,-16.2467,-6.5053,60.6518,9.1828,0
convnext_tiny,43,convnext_tiny_s43,OFF,off/sceneN3/L0__s20260819__0001.png,sceneN3,off,B3b,16,B,3b,0.580166,-12.6534,1.5439,61.04,5.2884,0
convnext_tiny,43,convnext_tiny_s43,OFF,off/sceneN3/L0__s20260819__0001.png,sceneN3,off,C3b,17,C,3b,0.631811,-12.6534,1.5439,61.04,5.2884,0
convnext_tiny,43,convnext_tiny_s43,OFF,off/sceneN3/L0__s20260819__0001.png,sceneN3,off,D3b,18,D,3b,0.605173,-12.6534,1.5439,61.04,5.2884,0
convnext_tiny,43,convnext_tiny_s43,OFF,off/sceneN3/L0__s20260819__0002.png,sceneN3,off,B3b,16,B,3b,0.58016,-13.1516,1.5693,63.1068,1.7608,0
convnext_tiny,43,convnext_tiny_s43,OFF,off/sceneN3/L0__s20260819__0002.png,sceneN3,off,C3b,17,C,3b,0.631815,-13.1516,1.5693,63.1068,1.7608,0
convnext_tiny,43,convnext_tiny_s43,OFF,off/sceneN3/L0__s20260819__0002.png,sceneN3,off,D3b,18,D,3b,0.605177,-13.1516,1.5693,63.1068,1.7608,0
convnext_tiny,43,convnext_tiny_s43,OFF,off/sceneN3/L0__s20260819__0003.png,sceneN3,off,B3b,16,B,3b,0.580134,-9.3231,5.7221,62.1685,8.3724,0
convnext_tiny,43,convnext_tiny_s43,OFF,off/sceneN3/L0__s20260819__0003.png,sceneN3,off,C3b,17,C,3b,0.631795,-9.3231,5.7221,62.1685,8.3724,0
convnext_tiny,43,convnext_tiny_s43,OFF,off/sceneN3/L0__s20260819__0003.png,sceneN3,off,D3b,18,D,3b,0.605202,-9.3231,5.7221,62.1685,8.3724,0
convnext_tiny,43,convnext_tiny_s43,OFF,off/sceneN3/L0__s20260819__0004.png,sceneN3,off,B3b,16,B,3b,0.580124,-7.3546,-7.2186,63.4074,8.0992,0
convnext_tiny,43,convnext_tiny_s43,OFF,off/sceneN3/L0__s20260819__0004.png,sceneN3,off,C3b,17,C,3b,0.631796,-7.3546,-7.2186,63.4074,8.0992,0
convnext_tiny,43,convnext_tiny_s43,OFF,off/sceneN3/L0__s20260819__0004.png,sceneN3,off,D3b,18,D,3b,0.605221,-7.3546,-7.2186,63.4074,8.0992,0
convnext_tiny,43,convnext_tiny_s43,OFF,off/sceneN3/L0__s20260819__0005.png,sceneN3,off,B3b,16,B,3b,0.580143,-12.2129,-14.4798,63.1796,2.2677,0
convnext_tiny,43,convnext_tiny_s43,OFF,off/sceneN3/L0__s20260819__0005.png,sceneN3,off,C3b,17,C,3b,0.631807,-12.2129,-14.4798,63.1796,2.2677,0
convnext_tiny,43,convnext_tiny_s43,OFF,off/sceneN3/L0__s20260819__0005.png,sceneN3,off,D3b,18,D,3b,0.605201,-12.2129,-14.4798,63.1796,2.2677,0
convnext_tiny,43,convnext_tiny_s43,OFF,off/sceneN3/L0__s20260819__0006.png,sceneN3,off,B3b,16,B,3b,0.580117,-7.7849,2.4667,60.503,4.7311,0
convnext_tiny,43,convnext_tiny_s43,OFF,off/sceneN3/L0__s20260819__0006.png,sceneN3,off,C3b,17,C,3b,0.631792,-7.7849,2.4667,60.503,4.7311,0
convnext_tiny,43,convnext_tiny_s43,OFF,off/sceneN3/L0__s20260819__0006.png,sceneN3,off,D3b,18,D,3b,0.605226,-7.7849,2.4667,60.503,4.7311,0
convnext_tiny,43,convnext_tiny_s43,OFF,off/sceneN3/L0__s20260819__0007.png,sceneN3,off,B3b,16,B,3b,0.580167,-12.6477,6.8749,62.3125,1.3919,0
convnext_tiny,43,convnext_tiny_s43,OFF,off/sceneN3/L0__s20260819__0007.png,sceneN3,off,C3b,17,C,3b,0.631811,-12.6477,6.8749,62.3125,1.3919,0
convnext_tiny,43,convnext_tiny_s43,OFF,off/sceneN3/L0__s20260819__0007.png,sceneN3,off,D3b,18,D,3b,0.605169,-12.6477,6.8749,62.3125,1.3919,0
convnext_tiny,43,convnext_tiny_s43,OFF,off/sceneN3/L5__s20260819__0000.png,sceneN3,off,B3b,16,B,3b,0.580099,-16.2467,-6.5053,60.6518,9.1828,0
convnext_tiny,43,convnext_tiny_s43,OFF,off/sceneN3/L5__s20260819__0000.png,sceneN3,off,C3b,17,C,3b,0.631722,-16.2467,-6.5053,60.6518,9.1828,0
convnext_tiny,43,convnext_tiny_s43,OFF,off/sceneN3/L5__s20260819__0000.png,sceneN3,off,D3b,18,D,3b,0.605264,-16.2467,-6.5053,60.6518,9.1828,0
convnext_tiny,43,convnext_tiny_s43,OFF,off/sceneN3/L5__s20260819__0001.png,sceneN3,off,B3b,16,B,3b,0.579895,-12.6534,1.5439,61.04,5.2884,0
convnext_tiny,43,convnext_tiny_s43,OFF,off/sceneN3/L5__s20260819__0001.png,sceneN3,off,C3b,17,C,3b,0.631807,-12.6534,1.5439,61.04,5.2884,0
convnext_tiny,43,convnext_tiny_s43,OFF,off/sceneN3/L5__s20260819__0001.png,sceneN3,off,D3b,18,D,3b,0.605568,-12.6534,1.5439,61.04,5.2884,0
convnext_tiny,43,convnext_tiny_s43,OFF,off/sceneN3/L5__s20260819__0002.png,sceneN3,off,B3b,16,B,3b,0.580048,-13.1516,1.5693,63.1068,1.7608,0
convnext_tiny,43,convnext_tiny_s43,OFF,off/sceneN3/L5__s20260819__0002.png,sceneN3,off,C3b,17,C,3b,0.631725,-13.1516,1.5693,63.1068,1.7608,0
convnext_tiny,43,convnext_tiny_s43,OFF,off/sceneN3/L5__s20260819__0002.png,sceneN3,off,D3b,18,D,3b,0.605318,-13.1516,1.5693,63.1068,1.7608,0
convnext_tiny,43,convnext_tiny_s43,OFF,off/sceneN3/L5__s20260819__0003.png,sceneN3,off,B3b,16,B,3b,0.580049,-9.3231,5.7221,62.1685,8.3724,0
convnext_tiny,43,convnext_tiny_s43,OFF,off/sceneN3/L5__s20260819__0003.png,sceneN3,off,C3b,17,C,3b,0.63173,-9.3231,5.7221,62.1685,8.3724,0
convnext_tiny,43,convnext_tiny_s43,OFF,off/sceneN3/L5__s20260819__0003.png,sceneN3,off,D3b,18,D,3b,0.605324,-9.3231,5.7221,62.1685,8.3724,0
convnext_tiny,43,convnext_tiny_s43,OFF,off/sceneN3/L5__s20260819__0004.png,sceneN3,off,B3b,16,B,3b,0.580065,-7.3546,-7.2186,63.4074,8.0992,0
convnext_tiny,43,convnext_tiny_s43,OFF,off/sceneN3/L5__s20260819__0004.png,sceneN3,off,C3b,17,C,3b,0.631713,-7.3546,-7.2186,63.4074,8.0992,0
convnext_tiny,43,convnext_tiny_s43,OFF,off/sceneN3/L5__s20260819__0004.png,sceneN3,off,D3b,18,D,3b,0.605306,-7.3546,-7.2186,63.4074,8.0992,0
convnext_tiny,43,convnext_tiny_s43,OFF,off/sceneN3/L5__s20260819__0005.png,sceneN3,off,B3b,16,B,3b,0.58005,-12.2129,-14.4798,63.1796,2.2677,0
convnext_tiny,43,convnext_tiny_s43,OFF,off/sceneN3/L5__s20260819__0005.png,sceneN3,off,C3b,17,C,3b,0.63172,-12.2129,-14.4798,63.1796,2.2677,0
convnext_tiny,43,convnext_tiny_s43,OFF,off/sceneN3/L5__s20260819__0005.png,sceneN3,off,D3b,18,D,3b,0.605322,-12.2129,-14.4798,63.1796,2.2677,0
convnext_tiny,43,convnext_tiny_s43,OFF,off/sceneN3/L5__s20260819__0006.png,sceneN3,off,B3b,16,B,3b,0.579904,-7.7849,2.4667,60.503,4.7311,0
convnext_tiny,43,convnext_tiny_s43,OFF,off/sceneN3/L5__s20260819__0006.png,sceneN3,off,C3b,17,C,3b,0.631801,-7.7849,2.4667,60.503,4.7311,0
convnext_tiny,43,convnext_tiny_s43,OFF,off/sceneN3/L5__s20260819__0006.png,sceneN3,off,D3b,18,D,3b,0.605551,-7.7849,2.4667,60.503,4.7311,0
convnext_tiny,43,convnext_tiny_s43,OFF,off/sceneN3/L5__s20260819__0007.png,sceneN3,off,B3b,16,B,3b,0.580052,-12.6477,6.8749,62.3125,1.3919,0
convnext_tiny,43,convnext_tiny_s43,OFF,off/sceneN3/L5__s20260819__0007.png,sceneN3,off,C3b,17,C,3b,0.631713,-12.6477,6.8749,62.3125,1.3919,0
convnext_tiny,43,convnext_tiny_s43,OFF,off/sceneN3/L5__s20260819__0007.png,sceneN3,off,D3b,18,D,3b,0.605313,-12.6477,6.8749,62.3125,1.3919,0
convnext_tiny,43,convnext_tiny_s43,OFF,off/sceneN3/L7__s20260819__0000.png,sceneN3,off,B3b,16,B,3b,0.580132,-16.2467,-6.5053,60.6518,9.1828,0
convnext_tiny,43,convnext_tiny_s43,OFF,off/sceneN3/L7__s20260819__0000.png,sceneN3,off,C3b,17,C,3b,0.631751,-16.2467,-6.5053,60.6518,9.1828,0
convnext_tiny,43,convnext_tiny_s43,OFF,off/sceneN3/L7__s20260819__0000.png,sceneN3,off,D3b,18,D,3b,0.605238,-16.2467,-6.5053,60.6518,9.1828,0
convnext_tiny,43,convnext_tiny_s43,OFF,off/sceneN3/L7__s20260819__0001.png,sceneN3,off,B3b,16,B,3b,0.580132,-12.6534,1.5439,61.04,5.2884,0
convnext_tiny,43,convnext_tiny_s43,OFF,off/sceneN3/L7__s20260819__0001.png,sceneN3,off,C3b,17,C,3b,0.631768,-12.6534,1.5439,61.04,5.2884,0
convnext_tiny,43,convnext_tiny_s43,OFF,off/sceneN3/L7__s20260819__0001.png,sceneN3,off,D3b,18,D,3b,0.605226,-12.6534,1.5439,61.04,5.2884,0
convnext_tiny,43,convnext_tiny_s43,OFF,off/sceneN3/L7__s20260819__0002.png,sceneN3,off,B3b,16,B,3b,0.580179,-13.1516,1.5693,63.1068,1.7608,0
convnext_tiny,43,convnext_tiny_s43,OFF,off/sceneN3/L7__s20260819__0002.png,sceneN3,off,C3b,17,C,3b,0.631817,-13.1516,1.5693,63.1068,1.7608,0
convnext_tiny,43,convnext_tiny_s43,OFF,off/sceneN3/L7__s20260819__0002.png,sceneN3,off,D3b,18,D,3b,0.605166,-13.1516,1.5693,63.1068,1.7608,0
convnext_tiny,43,convnext_tiny_s43,OFF,off/sceneN3/L7__s20260819__0003.png,sceneN3,off,B3b,16,B,3b,0.580167,-9.3231,5.7221,62.1685,8.3724,0
convnext_tiny,43,convnext_tiny_s43,OFF,off/sceneN3/L7__s20260819__0003.png,sceneN3,off,C3b,17,C,3b,0.631805,-9.3231,5.7221,62.1685,8.3724,0
convnext_tiny,43,convnext_tiny_s43,OFF,off/sceneN3/L7__s20260819__0003.png,sceneN3,off,D3b,18,D,3b,0.605182,-9.3231,5.7221,62.1685,8.3724,0
convnext_tiny,43,convnext_tiny_s43,OFF,off/sceneN3/L7__s20260819__0004.png,sceneN3,off,B3b,16,B,3b,0.580151,-7.3546,-7.2186,63.4074,8.0992,0
convnext_tiny,43,convnext_tiny_s43,OFF,off/sceneN3/L7__s20260819__0004.png,sceneN3,off,C3b,17,C,3b,0.631795,-7.3546,-7.2186,63.4074,8.0992,0
convnext_tiny,43,convnext_tiny_s43,OFF,off/sceneN3/L7__s20260819__0004.png,sceneN3,off,D3b,18,D,3b,0.605212,-7.3546,-7.2186,63.4074,8.0992,0
convnext_tiny,43,convnext_tiny_s43,OFF,off/sceneN3/L7__s20260819__0005.png,sceneN3,off,B3b,16,B,3b,0.580152,-12.2129,-14.4798,63.1796,2.2677,0
convnext_tiny,43,convnext_tiny_s43,OFF,off/sceneN3/L7__s20260819__0005.png,sceneN3,off,C3b,17,C,3b,0.631807,-12.2129,-14.4798,63.1796,2.2677,0
convnext_tiny,43,convnext_tiny_s43,OFF,off/sceneN3/L7__s20260819__0005.png,sceneN3,off,D3b,18,D,3b,0.605214,-12.2129,-14.4798,63.1796,2.2677,0
convnext_tiny,43,convnext_tiny_s43,OFF,off/sceneN3/L7__s20260819__0006.png,sceneN3,off,B3b,16,B,3b,0.580096,-7.7849,2.4667,60.503,4.7311,0
convnext_tiny,43,convnext_tiny_s43,OFF,off/sceneN3/L7__s20260819__0006.png,sceneN3,off,C3b,17,C,3b,0.63174,-7.7849,2.4667,60.503,4.7311,0
convnext_tiny,43,convnext_tiny_s43,OFF,off/sceneN3/L7__s20260819__0006.png,sceneN3,off,D3b,18,D,3b,0.60527,-7.7849,2.4667,60.503,4.7311,0
convnext_tiny,43,convnext_tiny_s43,OFF,off/sceneN3/L7__s20260819__0007.png,sceneN3,off,B3b,16,B,3b,0.580181,-12.6477,6.8749,62.3125,1.3919,0
convnext_tiny,43,convnext_tiny_s43,OFF,off/sceneN3/L7__s20260819__0007.png,sceneN3,off,C3b,17,C,3b,0.631813,-12.6477,6.8749,62.3125,1.3919,0
convnext_tiny,43,convnext_tiny_s43,OFF,off/sceneN3/L7__s20260819__0007.png,sceneN3,off,D3b,18,D,3b,0.605164,-12.6477,6.8749,62.3125,1.3919,0
convnext_tiny,43,convnext_tiny_s43,OFF,off/scene14/L0__s20260820__0000.png::boost_h,scene14,off,B3b,16,B,3b,0.580233,-8.1284,3.311,58.9789,8.9228,0
convnext_tiny,43,convnext_tiny_s43,OFF,off/scene14/L0__s20260820__0000.png::boost_h,scene14,off,C3b,17,C,3b,0.631851,-8.1284,3.311,58.9789,8.9228,0
convnext_tiny,43,convnext_tiny_s43,OFF,off/scene14/L0__s20260820__0000.png::boost_h,scene14,off,D3b,18,D,3b,0.60509,-8.1284,3.311,58.9789,8.9228,0
convnext_tiny,43,convnext_tiny_s43,OFF,off/scene14/L0__s20260820__0001.png::boost_h,scene14,off,B3b,16,B,3b,0.580235,-10.3828,-4.0507,61.2701,11.2053,0
convnext_tiny,43,convnext_tiny_s43,OFF,off/scene14/L0__s20260820__0001.png::boost_h,scene14,off,C3b,17,C,3b,0.63186,-10.3828,-4.0507,61.2701,11.2053,0
convnext_tiny,43,convnext_tiny_s43,OFF,off/scene14/L0__s20260820__0001.png::boost_h,scene14,off,D3b,18,D,3b,0.605085,-10.3828,-4.0507,61.2701,11.2053,0
convnext_tiny,43,convnext_tiny_s43,OFF,off/scene14/L0__s20260820__0002.png::boost_h,scene14,off,B3b,16,B,3b,0.580233,-7.0039,2.401,63.1403,11.657,0
convnext_tiny,43,convnext_tiny_s43,OFF,off/scene14/L0__s20260820__0002.png::boost_h,scene14,off,C3b,17,C,3b,0.631866,-7.0039,2.401,63.1403,11.657,0
convnext_tiny,43,convnext_tiny_s43,OFF,off/scene14/L0__s20260820__0002.png::boost_h,scene14,off,D3b,18,D,3b,0.605081,-7.0039,2.401,63.1403,11.657,0
convnext_tiny,43,convnext_tiny_s43,OFF,off/scene14/L0__s20260820__0003.png::boost_h,scene14,off,B3b,16,B,3b,0.580233,-7.2352,-9.0359,60.577,10.095,0
convnext_tiny,43,convnext_tiny_s43,OFF,off/scene14/L0__s20260820__0003.png::boost_h,scene14,off,C3b,17,C,3b,0.631849,-7.2352,-9.0359,60.577,10.095,0
convnext_tiny,43,convnext_tiny_s43,OFF,off/scene14/L0__s20260820__0003.png::boost_h,scene14,off,D3b,18,D,3b,0.605093,-7.2352,-9.0359,60.577,10.095,0
convnext_tiny,43,convnext_tiny_s43,OFF,off/scene14/L0__s20260820__0004.png::boost_h,scene14,off,B3b,16,B,3b,0.580233,-16.0704,-3.7589,60.2149,6.7379,0
convnext_tiny,43,convnext_tiny_s43,OFF,off/scene14/L0__s20260820__0004.png::boost_h,scene14,off,C3b,17,C,3b,0.631856,-16.0704,-3.7589,60.2149,6.7379,0
convnext_tiny,43,convnext_tiny_s43,OFF,off/scene14/L0__s20260820__0004.png::boost_h,scene14,off,D3b,18,D,3b,0.605082,-16.0704,-3.7589,60.2149,6.7379,0
convnext_tiny,43,convnext_tiny_s43,OFF,off/scene14/L0__s20260820__0005.png::boost_h,scene14,off,B3b,16,B,3b,0.580233,-12.4022,9.6925,62.3957,8.1602,0
convnext_tiny,43,convnext_tiny_s43,OFF,off/scene14/L0__s20260820__0005.png::boost_h,scene14,off,C3b,17,C,3b,0.631855,-12.4022,9.6925,62.3957,8.1602,0
convnext_tiny,43,convnext_tiny_s43,OFF,off/scene14/L0__s20260820__0005.png::boost_h,scene14,off,D3b,18,D,3b,0.605085,-12.4022,9.6925,62.3957,8.1602,0
convnext_tiny,43,convnext_tiny_s43,OFF,off/scene14/L0__s20260820__0006.png::boost_h,scene14,off,B3b,16,B,3b,0.580235,-16.5186,9.6527,62.4123,8.239,0
convnext_tiny,43,convnext_tiny_s43,OFF,off/scene14/L0__s20260820__0006.png::boost_h,scene14,off,C3b,17,C,3b,0.631856,-16.5186,9.6527,62.4123,8.239,0
convnext_tiny,43,convnext_tiny_s43,OFF,off/scene14/L0__s20260820__0006.png::boost_h,scene14,off,D3b,18,D,3b,0.605079,-16.5186,9.6527,62.4123,8.239,0
convnext_tiny,43,convnext_tiny_s43,OFF,off/scene14/L0__s20260820__0007.png::boost_h,scene14,off,B3b,16,B,3b,0.580234,-6.1172,5.4847,60.0935,10.4613,0
convnext_tiny,43,convnext_tiny_s43,OFF,off/scene14/L0__s20260820__0007.png::boost_h,scene14,off,C3b,17,C,3b,0.631861,-6.1172,5.4847,60.0935,10.4613,0
convnext_tiny,43,convnext_tiny_s43,OFF,off/scene14/L0__s20260820__0007.png::boost_h,scene14,off,D3b,18,D,3b,0.605084,-6.1172,5.4847,60.0935,10.4613,0
convnext_tiny,43,convnext_tiny_s43,OFF,off/scene14/L5__s20260820__0000.png::boost_h,scene14,off,B3b,16,B,3b,0.580233,-8.1284,3.311,58.9789,8.9228,0
convnext_tiny,43,convnext_tiny_s43,OFF,off/scene14/L5__s20260820__0000.png::boost_h,scene14,off,C3b,17,C,3b,0.631826,-8.1284,3.311,58.9789,8.9228,0
convnext_tiny,43,convnext_tiny_s43,OFF,off/scene14/L5__s20260820__0000.png::boost_h,scene14,off,D3b,18,D,3b,0.605127,-8.1284,3.311,58.9789,8.9228,0
convnext_tiny,43,convnext_tiny_s43,OFF,off/scene14/L5__s20260820__0001.png::boost_h,scene14,off,B3b,16,B,3b,0.580232,-10.3828,-4.0507,61.2701,11.2053,0
convnext_tiny,43,convnext_tiny_s43,OFF,off/scene14/L5__s20260820__0001.png::boost_h,scene14,off,C3b,17,C,3b,0.631833,-10.3828,-4.0507,61.2701,11.2053,0
convnext_tiny,43,convnext_tiny_s43,OFF,off/scene14/L5__s20260820__0001.png::boost_h,scene14,off,D3b,18,D,3b,0.605125,-10.3828,-4.0507,61.2701,11.2053,0
convnext_tiny,43,convnext_tiny_s43,OFF,off/scene14/L5__s20260820__0002.png::boost_h,scene14,off,B3b,16,B,3b,0.580238,-7.0039,2.401,63.1403,11.657,0
convnext_tiny,43,convnext_tiny_s43,OFF,off/scene14/L5__s20260820__0002.png::boost_h,scene14,off,C3b,17,C,3b,0.631851,-7.0039,2.401,63.1403,11.657,0
convnext_tiny,43,convnext_tiny_s43,OFF,off/scene14/L5__s20260820__0002.png::boost_h,scene14,off,D3b,18,D,3b,0.605107,-7.0039,2.401,63.1403,11.657,0
convnext_tiny,43,convnext_tiny_s43,OFF,off/scene14/L5__s20260820__0003.png::boost_h,scene14,off,B3b,16,B,3b,0.580238,-7.2352,-9.0359,60.577,10.095,0
convnext_tiny,43,convnext_tiny_s43,OFF,off/scene14/L5__s20260820__0003.png::boost_h,scene14,off,C3b,17,C,3b,0.631841,-7.2352,-9.0359,60.577,10.095,0
convnext_tiny,43,convnext_tiny_s43,OFF,off/scene14/L5__s20260820__0003.png::boost_h,scene14,off,D3b,18,D,3b,0.605108,-7.2352,-9.0359,60.577,10.095,0
convnext_tiny,43,convnext_tiny_s43,OFF,off/scene14/L5__s20260820__0004.png::boost_h,scene14,off,B3b,16,B,3b,0.580229,-16.0704,-3.7589,60.2149,6.7379,0
convnext_tiny,43,convnext_tiny_s43,OFF,off/scene14/L5__s20260820__0004.png::boost_h,scene14,off,C3b,17,C,3b,0.631802,-16.0704,-3.7589,60.2149,6.7379,0
convnext_tiny,43,convnext_tiny_s43,OFF,off/scene14/L5__s20260820__0004.png::boost_h,scene14,off,D3b,18,D,3b,0.605138,-16.0704,-3.7589,60.2149,6.7379,0
convnext_tiny,43,convnext_tiny_s43,OFF,off/scene14/L5__s20260820__0005.png::boost_h,scene14,off,B3b,16,B,3b,0.580237,-12.4022,9.6925,62.3957,8.1602,0
convnext_tiny,43,convnext_tiny_s43,OFF,off/scene14/L5__s20260820__0005.png::boost_h,scene14,off,C3b,17,C,3b,0.631823,-12.4022,9.6925,62.3957,8.1602,0
convnext_tiny,43,convnext_tiny_s43,OFF,off/scene14/L5__s20260820__0005.png::boost_h,scene14,off,D3b,18,D,3b,0.60512,-12.4022,9.6925,62.3957,8.1602,0
convnext_tiny,43,convnext_tiny_s43,OFF,off/scene14/L5__s20260820__0006.png::boost_h,scene14,off,B3b,16,B,3b,0.580242,-16.5186,9.6527,62.4123,8.239,0
convnext_tiny,43,convnext_tiny_s43,OFF,off/scene14/L5__s20260820__0006.png::boost_h,scene14,off,C3b,17,C,3b,0.631813,-16.5186,9.6527,62.4123,8.239,0
convnext_tiny,43,convnext_tiny_s43,OFF,off/scene14/L5__s20260820__0006.png::boost_h,scene14,off,D3b,18,D,3b,0.60512,-16.5186,9.6527,62.4123,8.239,0
convnext_tiny,43,convnext_tiny_s43,OFF,off/scene14/L5__s20260820__0007.png::boost_h,scene14,off,B3b,16,B,3b,0.580239,-6.1172,5.4847,60.0935,10.4613,0
convnext_tiny,43,convnext_tiny_s43,OFF,off/scene14/L5__s20260820__0007.png::boost_h,scene14,off,C3b,17,C,3b,0.631855,-6.1172,5.4847,60.0935,10.4613,0
convnext_tiny,43,convnext_tiny_s43,OFF,off/scene14/L5__s20260820__0007.png::boost_h,scene14,off,D3b,18,D,3b,0.605101,-6.1172,5.4847,60.0935,10.4613,0
convnext_tiny,43,convnext_tiny_s43,OFF,off/scene14/L7__s20260820__0000.png::boost_h,scene14,off,B3b,16,B,3b,0.580233,-8.1284,3.311,58.9789,8.9228,0
convnext_tiny,43,convnext_tiny_s43,OFF,off/scene14/L7__s20260820__0000.png::boost_h,scene14,off,C3b,17,C,3b,0.631878,-8.1284,3.311,58.9789,8.9228,0
convnext_tiny,43,convnext_tiny_s43,OFF,off/scene14/L7__s20260820__0000.png::boost_h,scene14,off,D3b,18,D,3b,0.605071,-8.1284,3.311,58.9789,8.9228,0
convnext_tiny,43,convnext_tiny_s43,OFF,off/scene14/L7__s20260820__0001.png::boost_h,scene14,off,B3b,16,B,3b,0.58023,-10.3828,-4.0507,61.2701,11.2053,0
convnext_tiny,43,convnext_tiny_s43,OFF,off/scene14/L7__s20260820__0001.png::boost_h,scene14,off,C3b,17,C,3b,0.631878,-10.3828,-4.0507,61.2701,11.2053,0
convnext_tiny,43,convnext_tiny_s43,OFF,off/scene14/L7__s20260820__0001.png::boost_h,scene14,off,D3b,18,D,3b,0.605079,-10.3828,-4.0507,61.2701,11.2053,0
convnext_tiny,43,convnext_tiny_s43,OFF,off/scene14/L7__s20260820__0002.png::boost_h,scene14,off,B3b,16,B,3b,0.580232,-7.0039,2.401,63.1403,11.657,0
convnext_tiny,43,convnext_tiny_s43,OFF,off/scene14/L7__s20260820__0002.png::boost_h,scene14,off,C3b,17,C,3b,0.631894,-7.0039,2.401,63.1403,11.657,0
convnext_tiny,43,convnext_tiny_s43,OFF,off/scene14/L7__s20260820__0002.png::boost_h,scene14,off,D3b,18,D,3b,0.605067,-7.0039,2.401,63.1403,11.657,0
convnext_tiny,43,convnext_tiny_s43,OFF,off/scene14/L7__s20260820__0003.png::boost_h,scene14,off,B3b,16,B,3b,0.580227,-7.2352,-9.0359,60.577,10.095,0
convnext_tiny,43,convnext_tiny_s43,OFF,off/scene14/L7__s20260820__0003.png::boost_h,scene14,off,C3b,17,C,3b,0.631872,-7.2352,-9.0359,60.577,10.095,0
convnext_tiny,43,convnext_tiny_s43,OFF,off/scene14/L7__s20260820__0003.png::boost_h,scene14,off,D3b,18,D,3b,0.605082,-7.2352,-9.0359,60.577,10.095,0
convnext_tiny,43,convnext_tiny_s43,OFF,off/scene14/L7__s20260820__0004.png::boost_h,scene14,off,B3b,16,B,3b,0.58023,-16.0704,-3.7589,60.2149,6.7379,0
convnext_tiny,43,convnext_tiny_s43,OFF,off/scene14/L7__s20260820__0004.png::boost_h,scene14,off,C3b,17,C,3b,0.631862,-16.0704,-3.7589,60.2149,6.7379,0
convnext_tiny,43,convnext_tiny_s43,OFF,off/scene14/L7__s20260820__0004.png::boost_h,scene14,off,D3b,18,D,3b,0.605084,-16.0704,-3.7589,60.2149,6.7379,0
convnext_tiny,43,convnext_tiny_s43,OFF,off/scene14/L7__s20260820__0005.png::boost_h,scene14,off,B3b,16,B,3b,0.580233,-12.4022,9.6925,62.3957,8.1602,0
convnext_tiny,43,convnext_tiny_s43,OFF,off/scene14/L7__s20260820__0005.png::boost_h,scene14,off,C3b,17,C,3b,0.631876,-12.4022,9.6925,62.3957,8.1602,0
convnext_tiny,43,convnext_tiny_s43,OFF,off/scene14/L7__s20260820__0005.png::boost_h,scene14,off,D3b,18,D,3b,0.605071,-12.4022,9.6925,62.3957,8.1602,0
convnext_tiny,43,convnext_tiny_s43,OFF,off/scene14/L7__s20260820__0006.png::boost_h,scene14,off,B3b,16,B,3b,0.580235,-16.5186,9.6527,62.4123,8.239,0
convnext_tiny,43,convnext_tiny_s43,OFF,off/scene14/L7__s20260820__0006.png::boost_h,scene14,off,C3b,17,C,3b,0.631873,-16.5186,9.6527,62.4123,8.239,0
convnext_tiny,43,convnext_tiny_s43,OFF,off/scene14/L7__s20260820__0006.png::boost_h,scene14,off,D3b,18,D,3b,0.605071,-16.5186,9.6527,62.4123,8.239,0
convnext_tiny,43,convnext_tiny_s43,OFF,off/scene14/L7__s20260820__0007.png::boost_h,scene14,off,B3b,16,B,3b,0.580233,-6.1172,5.4847,60.0935,10.4613,0
convnext_tiny,43,convnext_tiny_s43,OFF,off/scene14/L7__s20260820__0007.png::boost_h,scene14,off,C3b,17,C,3b,0.63189,-6.1172,5.4847,60.0935,10.4613,0
convnext_tiny,43,convnext_tiny_s43,OFF,off/scene14/L7__s20260820__0007.png::boost_h,scene14,off,D3b,18,D,3b,0.605069,-6.1172,5.4847,60.0935,10.4613,0
convnext_tiny,43,convnext_tiny_s43,OFF,off/scene15/L0__s20260820__0000.png::boost_h,scene15,off,B3b,16,B,3b,0.580113,-13.637,-17.7914,62.7559,10.9914,0
convnext_tiny,43,convnext_tiny_s43,OFF,off/scene15/L0__s20260820__0000.png::boost_h,scene15,off,C3b,17,C,3b,0.631818,-13.637,-17.7914,62.7559,10.9914,0
convnext_tiny,43,convnext_tiny_s43,OFF,off/scene15/L0__s20260820__0000.png::boost_h,scene15,off,D3b,18,D,3b,0.605247,-13.637,-17.7914,62.7559,10.9914,0
convnext_tiny,43,convnext_tiny_s43,OFF,off/scene15/L0__s20260820__0001.png::boost_h,scene15,off,B3b,16,B,3b,0.580009,-6.8068,-11.8299,63.9125,9.9013,0
convnext_tiny,43,convnext_tiny_s43,OFF,off/scene15/L0__s20260820__0001.png::boost_h,scene15,off,C3b,17,C,3b,0.631804,-6.8068,-11.8299,63.9125,9.9013,0
convnext_tiny,43,convnext_tiny_s43,OFF,off/scene15/L0__s20260820__0001.png::boost_h,scene15,off,D3b,18,D,3b,0.605401,-6.8068,-11.8299,63.9125,9.9013,0
convnext_tiny,43,convnext_tiny_s43,OFF,off/scene15/L0__s20260820__0002.png::boost_h,scene15,off,B3b,16,B,3b,0.580035,-8.6096,-4.0107,63.6728,6.6026,0
convnext_tiny,43,convnext_tiny_s43,OFF,off/scene15/L0__s20260820__0002.png::boost_h,scene15,off,C3b,17,C,3b,0.631794,-8.6096,-4.0107,63.6728,6.6026,0
convnext_tiny,43,convnext_tiny_s43,OFF,off/scene15/L0__s20260820__0002.png::boost_h,scene15,off,D3b,18,D,3b,0.605337,-8.6096,-4.0107,63.6728,6.6026,0
convnext_tiny,43,convnext_tiny_s43,OFF,off/scene15/L0__s20260820__0003.png::boost_h,scene15,off,B3b,16,B,3b,0.580097,-11.0902,-4.9586,63.1815,7.5147,0
convnext_tiny,43,convnext_tiny_s43,OFF,off/scene15/L0__s20260820__0003.png::boost_h,scene15,off,C3b,17,C,3b,0.631826,-11.0902,-4.9586,63.1815,7.5147,0
convnext_tiny,43,convnext_tiny_s43,OFF,off/scene15/L0__s20260820__0003.png::boost_h,scene15,off,D3b,18,D,3b,0.605274,-11.0902,-4.9586,63.1815,7.5147,0
convnext_tiny,43,convnext_tiny_s43,OFF,off/scene15/L0__s20260820__0004.png::boost_h,scene15,off,B3b,16,B,3b,0.580051,-12.6937,-3.4861,58.1207,9.9583,0
convnext_tiny,43,convnext_tiny_s43,OFF,off/scene15/L0__s20260820__0004.png::boost_h,scene15,off,C3b,17,C,3b,0.631811,-12.6937,-3.4861,58.1207,9.9583,0
convnext_tiny,43,convnext_tiny_s43,OFF,off/scene15/L0__s20260820__0004.png::boost_h,scene15,off,D3b,18,D,3b,0.60535,-12.6937,-3.4861,58.1207,9.9583,0
convnext_tiny,43,convnext_tiny_s43,OFF,off/scene15/L0__s20260820__0005.png::boost_h,scene15,off,B3b,16,B,3b,0.58003,-5.4058,-7.3396,62.3314,9.8366,0
convnext_tiny,43,convnext_tiny_s43,OFF,off/scene15/L0__s20260820__0005.png::boost_h,scene15,off,C3b,17,C,3b,0.631811,-5.4058,-7.3396,62.3314,9.8366,0
convnext_tiny,43,convnext_tiny_s43,OFF,off/scene15/L0__s20260820__0005.png::boost_h,scene15,off,D3b,18,D,3b,0.605379,-5.4058,-7.3396,62.3314,9.8366,0
convnext_tiny,43,convnext_tiny_s43,OFF,off/scene15/L0__s20260820__0006.png::boost_h,scene15,off,B3b,16,B,3b,0.580068,-5.1828,6.8137,59.5209,6.9519,0
convnext_tiny,43,convnext_tiny_s43,OFF,off/scene15/L0__s20260820__0006.png::boost_h,scene15,off,C3b,17,C,3b,0.631804,-5.1828,6.8137,59.5209,6.9519,0
convnext_tiny,43,convnext_tiny_s43,OFF,off/scene15/L0__s20260820__0006.png::boost_h,scene15,off,D3b,18,D,3b,0.605302,-5.1828,6.8137,59.5209,6.9519,0
convnext_tiny,43,convnext_tiny_s43,OFF,off/scene15/L0__s20260820__0007.png::boost_h,scene15,off,B3b,16,B,3b,0.580026,-9.4753,-12.4083,62.4936,8.3783,0
convnext_tiny,43,convnext_tiny_s43,OFF,off/scene15/L0__s20260820__0007.png::boost_h,scene15,off,C3b,17,C,3b,0.631802,-9.4753,-12.4083,62.4936,8.3783,0
convnext_tiny,43,convnext_tiny_s43,OFF,off/scene15/L0__s20260820__0007.png::boost_h,scene15,off,D3b,18,D,3b,0.605362,-9.4753,-12.4083,62.4936,8.3783,0
convnext_tiny,43,convnext_tiny_s43,OFF,off/scene15/L4__s20260820__0000.png::boost_h,scene15,off,B3b,16,B,3b,0.579961,-13.637,-17.7914,62.7559,10.9914,0
convnext_tiny,43,convnext_tiny_s43,OFF,off/scene15/L4__s20260820__0000.png::boost_h,scene15,off,C3b,17,C,3b,0.631725,-13.637,-17.7914,62.7559,10.9914,0
convnext_tiny,43,convnext_tiny_s43,OFF,off/scene15/L4__s20260820__0000.png::boost_h,scene15,off,D3b,18,D,3b,0.605441,-13.637,-17.7914,62.7559,10.9914,0
convnext_tiny,43,convnext_tiny_s43,OFF,off/scene15/L4__s20260820__0001.png::boost_h,scene15,off,B3b,16,B,3b,0.579991,-6.8068,-11.8299,63.9125,9.9013,0
convnext_tiny,43,convnext_tiny_s43,OFF,off/scene15/L4__s20260820__0001.png::boost_h,scene15,off,C3b,17,C,3b,0.631743,-6.8068,-11.8299,63.9125,9.9013,0
convnext_tiny,43,convnext_tiny_s43,OFF,off/scene15/L4__s20260820__0001.png::boost_h,scene15,off,D3b,18,D,3b,0.605456,-6.8068,-11.8299,63.9125,9.9013,0
convnext_tiny,43,convnext_tiny_s43,OFF,off/scene15/L4__s20260820__0002.png::boost_h,scene15,off,B3b,16,B,3b,0.579927,-8.6096,-4.0107,63.6728,6.6026,0
convnext_tiny,43,convnext_tiny_s43,OFF,off/scene15/L4__s20260820__0002.png::boost_h,scene15,off,C3b,17,C,3b,0.631752,-8.6096,-4.0107,63.6728,6.6026,0
convnext_tiny,43,convnext_tiny_s43,OFF,off/scene15/L4__s20260820__0002.png::boost_h,scene15,off,D3b,18,D,3b,0.605517,-8.6096,-4.0107,63.6728,6.6026,0
convnext_tiny,43,convnext_tiny_s43,OFF,off/scene15/L4__s20260820__0003.png::boost_h,scene15,off,B3b,16,B,3b,0.57992,-11.0902,-4.9586,63.1815,7.5147,0
convnext_tiny,43,convnext_tiny_s43,OFF,off/scene15/L4__s20260820__0003.png::boost_h,scene15,off,C3b,17,C,3b,0.631737,-11.0902,-4.9586,63.1815,7.5147,0
convnext_tiny,43,convnext_tiny_s43,OFF,off/scene15/L4__s20260820__0003.png::boost_h,scene15,off,D3b,18,D,3b,0.605502,-11.0902,-4.9586,63.1815,7.5147,0
convnext_tiny,43,convnext_tiny_s43,OFF,off/scene15/L4__s20260820__0004.png::boost_h,scene15,off,B3b,16,B,3b,0.579909,-12.6937,-3.4861,58.1207,9.9583,0
convnext_tiny,43,convnext_tiny_s43,OFF,off/scene15/L4__s20260820__0004.png::boost_h,scene15,off,C3b,17,C,3b,0.631766,-12.6937,-3.4861,58.1207,9.9583,0
convnext_tiny,43,convnext_tiny_s43,OFF,off/scene15/L4__s20260820__0004.png::boost_h,scene15,off,D3b,18,D,3b,0.605553,-12.6937,-3.4861,58.1207,9.9583,0
convnext_tiny,43,convnext_tiny_s43,OFF,off/scene15/L4__s20260820__0005.png::boost_h,scene15,off,B3b,16,B,3b,0.579981,-5.4058,-7.3396,62.3314,9.8366,0
convnext_tiny,43,convnext_tiny_s43,OFF,off/scene15/L4__s20260820__0005.png::boost_h,scene15,off,C3b,17,C,3b,0.631731,-5.4058,-7.3396,62.3314,9.8366,0
convnext_tiny,43,convnext_tiny_s43,OFF,off/scene15/L4__s20260820__0005.png::boost_h,scene15,off,D3b,18,D,3b,0.605454,-5.4058,-7.3396,62.3314,9.8366,0
convnext_tiny,43,convnext_tiny_s43,OFF,off/scene15/L4__s20260820__0006.png::boost_h,scene15,off,B3b,16,B,3b,0.579916,-5.1828,6.8137,59.5209,6.9519,0
convnext_tiny,43,convnext_tiny_s43,OFF,off/scene15/L4__s20260820__0006.png::boost_h,scene15,off,C3b,17,C,3b,0.631771,-5.1828,6.8137,59.5209,6.9519,0
convnext_tiny,43,convnext_tiny_s43,OFF,off/scene15/L4__s20260820__0006.png::boost_h,scene15,off,D3b,18,D,3b,0.605541,-5.1828,6.8137,59.5209,6.9519,0
convnext_tiny,43,convnext_tiny_s43,OFF,off/scene15/L4__s20260820__0007.png::boost_h,scene15,off,B3b,16,B,3b,0.57991,-9.4753,-12.4083,62.4936,8.3783,0
convnext_tiny,43,convnext_tiny_s43,OFF,off/scene15/L4__s20260820__0007.png::boost_h,scene15,off,C3b,17,C,3b,0.631774,-9.4753,-12.4083,62.4936,8.3783,0
convnext_tiny,43,convnext_tiny_s43,OFF,off/scene15/L4__s20260820__0007.png::boost_h,scene15,off,D3b,18,D,3b,0.605548,-9.4753,-12.4083,62.4936,8.3783,0
convnext_tiny,43,convnext_tiny_s43,OFF,off/scene15/L7__s20260820__0000.png::boost_h,scene15,off,B3b,16,B,3b,0.580132,-13.637,-17.7914,62.7559,10.9914,0
convnext_tiny,43,convnext_tiny_s43,OFF,off/scene15/L7__s20260820__0000.png::boost_h,scene15,off,C3b,17,C,3b,0.631794,-13.637,-17.7914,62.7559,10.9914,0
convnext_tiny,43,convnext_tiny_s43,OFF,off/scene15/L7__s20260820__0000.png::boost_h,scene15,off,D3b,18,D,3b,0.60519,-13.637,-17.7914,62.7559,10.9914,0
convnext_tiny,43,convnext_tiny_s43,OFF,off/scene15/L7__s20260820__0001.png::boost_h,scene15,off,B3b,16,B,3b,0.580027,-6.8068,-11.8299,63.9125,9.9013,0
convnext_tiny,43,convnext_tiny_s43,OFF,off/scene15/L7__s20260820__0001.png::boost_h,scene15,off,C3b,17,C,3b,0.631739,-6.8068,-11.8299,63.9125,9.9013,0
convnext_tiny,43,convnext_tiny_s43,OFF,off/scene15/L7__s20260820__0001.png::boost_h,scene15,off,D3b,18,D,3b,0.605385,-6.8068,-11.8299,63.9125,9.9013,0
convnext_tiny,43,convnext_tiny_s43,OFF,off/scene15/L7__s20260820__0002.png::boost_h,scene15,off,B3b,16,B,3b,0.580069,-8.6096,-4.0107,63.6728,6.6026,0
convnext_tiny,43,convnext_tiny_s43,OFF,off/scene15/L7__s20260820__0002.png::boost_h,scene15,off,C3b,17,C,3b,0.631766,-8.6096,-4.0107,63.6728,6.6026,0
convnext_tiny,43,convnext_tiny_s43,OFF,off/scene15/L7__s20260820__0002.png::boost_h,scene15,off,D3b,18,D,3b,0.605336,-8.6096,-4.0107,63.6728,6.6026,0
convnext_tiny,43,convnext_tiny_s43,OFF,off/scene15/L7__s20260820__0003.png::boost_h,scene15,off,B3b,16,B,3b,0.580105,-11.0902,-4.9586,63.1815,7.5147,0
convnext_tiny,43,convnext_tiny_s43,OFF,off/scene15/L7__s20260820__0003.png::boost_h,scene15,off,C3b,17,C,3b,0.631787,-11.0902,-4.9586,63.1815,7.5147,0
convnext_tiny,43,convnext_tiny_s43,OFF,off/scene15/L7__s20260820__0003.png::boost_h,scene15,off,D3b,18,D,3b,0.605257,-11.0902,-4.9586,63.1815,7.5147,0
convnext_tiny,43,convnext_tiny_s43,OFF,off/scene15/L7__s20260820__0004.png::boost_h,scene15,off,B3b,16,B,3b,0.580012,-12.6937,-3.4861,58.1207,9.9583,0
convnext_tiny,43,convnext_tiny_s43,OFF,off/scene15/L7__s20260820__0004.png::boost_h,scene15,off,C3b,17,C,3b,0.631727,-12.6937,-3.4861,58.1207,9.9583,0
convnext_tiny,43,convnext_tiny_s43,OFF,off/scene15/L7__s20260820__0004.png::boost_h,scene15,off,D3b,18,D,3b,0.605388,-12.6937,-3.4861,58.1207,9.9583,0
convnext_tiny,43,convnext_tiny_s43,OFF,off/scene15/L7__s20260820__0005.png::boost_h,scene15,off,B3b,16,B,3b,0.579987,-5.4058,-7.3396,62.3314,9.8366,0
convnext_tiny,43,convnext_tiny_s43,OFF,off/scene15/L7__s20260820__0005.png::boost_h,scene15,off,C3b,17,C,3b,0.631719,-5.4058,-7.3396,62.3314,9.8366,0
convnext_tiny,43,convnext_tiny_s43,OFF,off/scene15/L7__s20260820__0005.png::boost_h,scene15,off,D3b,18,D,3b,0.605414,-5.4058,-7.3396,62.3314,9.8366,0
convnext_tiny,43,convnext_tiny_s43,OFF,off/scene15/L7__s20260820__0006.png::boost_h,scene15,off,B3b,16,B,3b,0.580106,-5.1828,6.8137,59.5209,6.9519,0
convnext_tiny,43,convnext_tiny_s43,OFF,off/scene15/L7__s20260820__0006.png::boost_h,scene15,off,C3b,17,C,3b,0.631782,-5.1828,6.8137,59.5209,6.9519,0
convnext_tiny,43,convnext_tiny_s43,OFF,off/scene15/L7__s20260820__0006.png::boost_h,scene15,off,D3b,18,D,3b,0.605246,-5.1828,6.8137,59.5209,6.9519,0
convnext_tiny,43,convnext_tiny_s43,OFF,off/scene15/L7__s20260820__0007.png::boost_h,scene15,off,B3b,16,B,3b,0.580059,-9.4753,-12.4083,62.4936,8.3783,0
convnext_tiny,43,convnext_tiny_s43,OFF,off/scene15/L7__s20260820__0007.png::boost_h,scene15,off,C3b,17,C,3b,0.631757,-9.4753,-12.4083,62.4936,8.3783,0
convnext_tiny,43,convnext_tiny_s43,OFF,off/scene15/L7__s20260820__0007.png::boost_h,scene15,off,D3b,18,D,3b,0.60535,-9.4753,-12.4083,62.4936,8.3783,0
convnext_tiny,43,convnext_tiny_s43,OFF,off/scene05/L0__s20260820__0000.png::boost_e,scene05,off,B3b,16,B,3b,0.58016,-10.3105,7.3985,60.3309,7.0354,0
convnext_tiny,43,convnext_tiny_s43,OFF,off/scene05/L0__s20260820__0000.png::boost_e,scene05,off,C3b,17,C,3b,0.631805,-10.3105,7.3985,60.3309,7.0354,0
convnext_tiny,43,convnext_tiny_s43,OFF,off/scene05/L0__s20260820__0000.png::boost_e,scene05,off,D3b,18,D,3b,0.605185,-10.3105,7.3985,60.3309,7.0354,0
convnext_tiny,43,convnext_tiny_s43,OFF,off/scene05/L0__s20260820__0001.png::boost_e,scene05,off,B3b,16,B,3b,0.580143,-5.7189,0.3564,61.8831,9.8857,0
convnext_tiny,43,convnext_tiny_s43,OFF,off/scene05/L0__s20260820__0001.png::boost_e,scene05,off,C3b,17,C,3b,0.631787,-5.7189,0.3564,61.8831,9.8857,0
convnext_tiny,43,convnext_tiny_s43,OFF,off/scene05/L0__s20260820__0001.png::boost_e,scene05,off,D3b,18,D,3b,0.605212,-5.7189,0.3564,61.8831,9.8857,0
convnext_tiny,43,convnext_tiny_s43,OFF,off/scene05/L0__s20260820__0002.png::boost_e,scene05,off,B3b,16,B,3b,0.580142,-5.4996,-9.2457,63.6695,7.7708,0
convnext_tiny,43,convnext_tiny_s43,OFF,off/scene05/L0__s20260820__0002.png::boost_e,scene05,off,C3b,17,C,3b,0.631791,-5.4996,-9.2457,63.6695,7.7708,0
convnext_tiny,43,convnext_tiny_s43,OFF,off/scene05/L0__s20260820__0002.png::boost_e,scene05,off,D3b,18,D,3b,0.605214,-5.4996,-9.2457,63.6695,7.7708,0
convnext_tiny,43,convnext_tiny_s43,OFF,off/scene05/L0__s20260820__0003.png::boost_e,scene05,off,B3b,16,B,3b,0.580125,-7.8027,0.1237,61.0834,6.3099,0
convnext_tiny,43,convnext_tiny_s43,OFF,off/scene05/L0__s20260820__0003.png::boost_e,scene05,off,C3b,17,C,3b,0.6318,-7.8027,0.1237,61.0834,6.3099,0
convnext_tiny,43,convnext_tiny_s43,OFF,off/scene05/L0__s20260820__0003.png::boost_e,scene05,off,D3b,18,D,3b,0.605248,-7.8027,0.1237,61.0834,6.3099,0
convnext_tiny,43,convnext_tiny_s43,OFF,off/scene05/L0__s20260820__0004.png::boost_e,scene05,off,B3b,16,B,3b,0.580158,-6.9904,-7.3983,63.483,6.1605,0
convnext_tiny,43,convnext_tiny_s43,OFF,off/scene05/L0__s20260820__0004.png::boost_e,scene05,off,C3b,17,C,3b,0.631798,-6.9904,-7.3983,63.483,6.1605,0
convnext_tiny,43,convnext_tiny_s43,OFF,off/scene05/L0__s20260820__0004.png::boost_e,scene05,off,D3b,18,D,3b,0.605188,-6.9904,-7.3983,63.483,6.1605,0
convnext_tiny,43,convnext_tiny_s43,OFF,off/scene05/L0__s20260820__0005.png::boost_e,scene05,off,B3b,16,B,3b,0.580167,-9.9958,-4.8864,61.371,6.2772,0
convnext_tiny,43,convnext_tiny_s43,OFF,off/scene05/L0__s20260820__0005.png::boost_e,scene05,off,C3b,17,C,3b,0.631804,-9.9958,-4.8864,61.371,6.2772,0
convnext_tiny,43,convnext_tiny_s43,OFF,off/scene05/L0__s20260820__0005.png::boost_e,scene05,off,D3b,18,D,3b,0.605181,-9.9958,-4.8864,61.371,6.2772,0
convnext_tiny,43,convnext_tiny_s43,OFF,off/scene05/L0__s20260820__0006.png::boost_e,scene05,off,B3b,16,B,3b,0.580157,-12.8982,-6.3539,61.1324,9.7574,0
convnext_tiny,43,convnext_tiny_s43,OFF,off/scene05/L0__s20260820__0006.png::boost_e,scene05,off,C3b,17,C,3b,0.631812,-12.8982,-6.3539,61.1324,9.7574,0
convnext_tiny,43,convnext_tiny_s43,OFF,off/scene05/L0__s20260820__0006.png::boost_e,scene05,off,D3b,18,D,3b,0.60518,-12.8982,-6.3539,61.1324,9.7574,0
convnext_tiny,43,convnext_tiny_s43,OFF,off/scene05/L0__s20260820__0007.png::boost_e,scene05,off,B3b,16,B,3b,0.580166,-11.43,-6.2709,60.486,7.4493,0
convnext_tiny,43,convnext_tiny_s43,OFF,off/scene05/L0__s20260820__0007.png::boost_e,scene05,off,C3b,17,C,3b,0.631811,-11.43,-6.2709,60.486,7.4493,0
convnext_tiny,43,convnext_tiny_s43,OFF,off/scene05/L0__s20260820__0007.png::boost_e,scene05,off,D3b,18,D,3b,0.60518,-11.43,-6.2709,60.486,7.4493,0
convnext_tiny,43,convnext_tiny_s43,OFF,off/scene05/L5__s20260820__0000.png::boost_e,scene05,off,B3b,16,B,3b,0.58011,-10.3105,7.3985,60.3309,7.0354,0
convnext_tiny,43,convnext_tiny_s43,OFF,off/scene05/L5__s20260820__0000.png::boost_e,scene05,off,C3b,17,C,3b,0.631774,-10.3105,7.3985,60.3309,7.0354,0
convnext_tiny,43,convnext_tiny_s43,OFF,off/scene05/L5__s20260820__0000.png::boost_e,scene05,off,D3b,18,D,3b,0.605296,-10.3105,7.3985,60.3309,7.0354,0
convnext_tiny,43,convnext_tiny_s43,OFF,off/scene05/L5__s20260820__0001.png::boost_e,scene05,off,B3b,16,B,3b,0.580111,-5.7189,0.3564,61.8831,9.8857,0
convnext_tiny,43,convnext_tiny_s43,OFF,off/scene05/L5__s20260820__0001.png::boost_e,scene05,off,C3b,17,C,3b,0.631784,-5.7189,0.3564,61.8831,9.8857,0
convnext_tiny,43,convnext_tiny_s43,OFF,off/scene05/L5__s20260820__0001.png::boost_e,scene05,off,D3b,18,D,3b,0.605293,-5.7189,0.3564,61.8831,9.8857,0
convnext_tiny,43,convnext_tiny_s43,OFF,off/scene05/L5__s20260820__0002.png::boost_e,scene05,off,B3b,16,B,3b,0.580137,-5.4996,-9.2457,63.6695,7.7708,0
convnext_tiny,43,convnext_tiny_s43,OFF,off/scene05/L5__s20260820__0002.png::boost_e,scene05,off,C3b,17,C,3b,0.631779,-5.4996,-9.2457,63.6695,7.7708,0
convnext_tiny,43,convnext_tiny_s43,OFF,off/scene05/L5__s20260820__0002.png::boost_e,scene05,off,D3b,18,D,3b,0.605241,-5.4996,-9.2457,63.6695,7.7708,0
convnext_tiny,43,convnext_tiny_s43,OFF,off/scene05/L5__s20260820__0003.png::boost_e,scene05,off,B3b,16,B,3b,0.580063,-7.8027,0.1237,61.0834,6.3099,0
convnext_tiny,43,convnext_tiny_s43,OFF,off/scene05/L5__s20260820__0003.png::boost_e,scene05,off,C3b,17,C,3b,0.631776,-7.8027,0.1237,61.0834,6.3099,0
convnext_tiny,43,convnext_tiny_s43,OFF,off/scene05/L5__s20260820__0003.png::boost_e,scene05,off,D3b,18,D,3b,0.605353,-7.8027,0.1237,61.0834,6.3099,0
convnext_tiny,43,convnext_tiny_s43,OFF,off/scene05/L5__s20260820__0004.png::boost_e,scene05,off,B3b,16,B,3b,0.580081,-6.9904,-7.3983,63.483,6.1605,0
convnext_tiny,43,convnext_tiny_s43,OFF,off/scene05/L5__s20260820__0004.png::boost_e,scene05,off,C3b,17,C,3b,0.631749,-6.9904,-7.3983,63.483,6.1605,0
convnext_tiny,43,convnext_tiny_s43,OFF,off/scene05/L5__s20260820__0004.png::boost_e,scene05,off,D3b,18,D,3b,0.605325,-6.9904,-7.3983,63.483,6.1605,0
convnext_tiny,43,convnext_tiny_s43,OFF,off/scene05/L5__s20260820__0005.png::boost_e,scene05,off,B3b,16,B,3b,0.580157,-9.9958,-4.8864,61.371,6.2772,0
convnext_tiny,43,convnext_tiny_s43,OFF,off/scene05/L5__s20260820__0005.png::boost_e,scene05,off,C3b,17,C,3b,0.631773,-9.9958,-4.8864,61.371,6.2772,0
convnext_tiny,43,convnext_tiny_s43,OFF,off/scene05/L5__s20260820__0005.png::boost_e,scene05,off,D3b,18,D,3b,0.60523,-9.9958,-4.8864,61.371,6.2772,0
convnext_tiny,43,convnext_tiny_s43,OFF,off/scene05/L5__s20260820__0006.png::boost_e,scene05,off,B3b,16,B,3b,0.580122,-12.8982,-6.3539,61.1324,9.7574,0
convnext_tiny,43,convnext_tiny_s43,OFF,off/scene05/L5__s20260820__0006.png::boost_e,scene05,off,C3b,17,C,3b,0.631775,-12.8982,-6.3539,61.1324,9.7574,0
convnext_tiny,43,convnext_tiny_s43,OFF,off/scene05/L5__s20260820__0006.png::boost_e,scene05,off,D3b,18,D,3b,0.605274,-12.8982,-6.3539,61.1324,9.7574,0
convnext_tiny,43,convnext_tiny_s43,OFF,off/scene05/L5__s20260820__0007.png::boost_e,scene05,off,B3b,16,B,3b,0.580122,-11.43,-6.2709,60.486,7.4493,0
convnext_tiny,43,convnext_tiny_s43,OFF,off/scene05/L5__s20260820__0007.png::boost_e,scene05,off,C3b,17,C,3b,0.631778,-11.43,-6.2709,60.486,7.4493,0
convnext_tiny,43,convnext_tiny_s43,OFF,off/scene05/L5__s20260820__0007.png::boost_e,scene05,off,D3b,18,D,3b,0.605276,-11.43,-6.2709,60.486,7.4493,0
convnext_tiny,43,convnext_tiny_s43,OFF,off/scene05/L7__s20260820__0000.png::boost_e,scene05,off,B3b,16,B,3b,0.580206,-10.3105,7.3985,60.3309,7.0354,0
convnext_tiny,43,convnext_tiny_s43,OFF,off/scene05/L7__s20260820__0000.png::boost_e,scene05,off,C3b,17,C,3b,0.631834,-10.3105,7.3985,60.3309,7.0354,0
convnext_tiny,43,convnext_tiny_s43,OFF,off/scene05/L7__s20260820__0000.png::boost_e,scene05,off,D3b,18,D,3b,0.605126,-10.3105,7.3985,60.3309,7.0354,0
convnext_tiny,43,convnext_tiny_s43,OFF,off/scene05/L7__s20260820__0001.png::boost_e,scene05,off,B3b,16,B,3b,0.580194,-5.7189,0.3564,61.8831,9.8857,0
convnext_tiny,43,convnext_tiny_s43,OFF,off/scene05/L7__s20260820__0001.png::boost_e,scene05,off,C3b,17,C,3b,0.631825,-5.7189,0.3564,61.8831,9.8857,0
convnext_tiny,43,convnext_tiny_s43,OFF,off/scene05/L7__s20260820__0001.png::boost_e,scene05,off,D3b,18,D,3b,0.605148,-5.7189,0.3564,61.8831,9.8857,0
convnext_tiny,43,convnext_tiny_s43,OFF,off/scene05/L7__s20260820__0002.png::boost_e,scene05,off,B3b,16,B,3b,0.580186,-5.4996,-9.2457,63.6695,7.7708,0
convnext_tiny,43,convnext_tiny_s43,OFF,off/scene05/L7__s20260820__0002.png::boost_e,scene05,off,C3b,17,C,3b,0.631833,-5.4996,-9.2457,63.6695,7.7708,0
convnext_tiny,43,convnext_tiny_s43,OFF,off/scene05/L7__s20260820__0002.png::boost_e,scene05,off,D3b,18,D,3b,0.605148,-5.4996,-9.2457,63.6695,7.7708,0
convnext_tiny,43,convnext_tiny_s43,OFF,off/scene05/L7__s20260820__0003.png::boost_e,scene05,off,B3b,16,B,3b,0.580178,-7.8027,0.1237,61.0834,6.3099,0
convnext_tiny,43,convnext_tiny_s43,OFF,off/scene05/L7__s20260820__0003.png::boost_e,scene05,off,C3b,17,C,3b,0.631804,-7.8027,0.1237,61.0834,6.3099,0
convnext_tiny,43,convnext_tiny_s43,OFF,off/scene05/L7__s20260820__0003.png::boost_e,scene05,off,D3b,18,D,3b,0.605162,-7.8027,0.1237,61.0834,6.3099,0
convnext_tiny,43,convnext_tiny_s43,OFF,off/scene05/L7__s20260820__0004.png::boost_e,scene05,off,B3b,16,B,3b,0.580206,-6.9904,-7.3983,63.483,6.1605,0
convnext_tiny,43,convnext_tiny_s43,OFF,off/scene05/L7__s20260820__0004.png::boost_e,scene05,off,C3b,17,C,3b,0.63184,-6.9904,-7.3983,63.483,6.1605,0
convnext_tiny,43,convnext_tiny_s43,OFF,off/scene05/L7__s20260820__0004.png::boost_e,scene05,off,D3b,18,D,3b,0.605123,-6.9904,-7.3983,63.483,6.1605,0
convnext_tiny,43,convnext_tiny_s43,OFF,off/scene05/L7__s20260820__0005.png::boost_e,scene05,off,B3b,16,B,3b,0.58021,-9.9958,-4.8864,61.371,6.2772,0
convnext_tiny,43,convnext_tiny_s43,OFF,off/scene05/L7__s20260820__0005.png::boost_e,scene05,off,C3b,17,C,3b,0.631841,-9.9958,-4.8864,61.371,6.2772,0
convnext_tiny,43,convnext_tiny_s43,OFF,off/scene05/L7__s20260820__0005.png::boost_e,scene05,off,D3b,18,D,3b,0.605121,-9.9958,-4.8864,61.371,6.2772,0
convnext_tiny,43,convnext_tiny_s43,OFF,off/scene05/L7__s20260820__0006.png::boost_e,scene05,off,B3b,16,B,3b,0.580192,-12.8982,-6.3539,61.1324,9.7574,0
convnext_tiny,43,convnext_tiny_s43,OFF,off/scene05/L7__s20260820__0006.png::boost_e,scene05,off,C3b,17,C,3b,0.631829,-12.8982,-6.3539,61.1324,9.7574,0
convnext_tiny,43,convnext_tiny_s43,OFF,off/scene05/L7__s20260820__0006.png::boost_e,scene05,off,D3b,18,D,3b,0.605144,-12.8982,-6.3539,61.1324,9.7574,0
convnext_tiny,43,convnext_tiny_s43,OFF,off/scene05/L7__s20260820__0007.png::boost_e,scene05,off,B3b,16,B,3b,0.580208,-11.43,-6.2709,60.486,7.4493,0
convnext_tiny,43,convnext_tiny_s43,OFF,off/scene05/L7__s20260820__0007.png::boost_e,scene05,off,C3b,17,C,3b,0.631836,-11.43,-6.2709,60.486,7.4493,0
convnext_tiny,43,convnext_tiny_s43,OFF,off/scene05/L7__s20260820__0007.png::boost_e,scene05,off,D3b,18,D,3b,0.605126,-11.43,-6.2709,60.486,7.4493,0
convnext_tiny,43,convnext_tiny_s43,OFF,off/scene07/L0__s20260820__0000.png::boost_e,scene07,off,B3b,16,B,3b,0.580148,-10.2409,14.1283,61.8254,9.3533,0
convnext_tiny,43,convnext_tiny_s43,OFF,off/scene07/L0__s20260820__0000.png::boost_e,scene07,off,C3b,17,C,3b,0.631802,-10.2409,14.1283,61.8254,9.3533,0
convnext_tiny,43,convnext_tiny_s43,OFF,off/scene07/L0__s20260820__0000.png::boost_e,scene07,off,D3b,18,D,3b,0.605186,-10.2409,14.1283,61.8254,9.3533,0
convnext_tiny,43,convnext_tiny_s43,OFF,off/scene07/L0__s20260820__0001.png::boost_e,scene07,off,B3b,16,B,3b,0.580159,-8.7737,-1.6736,63.801,8.4933,0
convnext_tiny,43,convnext_tiny_s43,OFF,off/scene07/L0__s20260820__0001.png::boost_e,scene07,off,C3b,17,C,3b,0.6318,-8.7737,-1.6736,63.801,8.4933,0
convnext_tiny,43,convnext_tiny_s43,OFF,off/scene07/L0__s20260820__0001.png::boost_e,scene07,off,D3b,18,D,3b,0.605181,-8.7737,-1.6736,63.801,8.4933,0
convnext_tiny,43,convnext_tiny_s43,OFF,off/scene07/L0__s20260820__0002.png::boost_e,scene07,off,B3b,16,B,3b,0.580148,-11.7844,-0.5026,59.071,6.034,0
convnext_tiny,43,convnext_tiny_s43,OFF,off/scene07/L0__s20260820__0002.png::boost_e,scene07,off,C3b,17,C,3b,0.63183,-11.7844,-0.5026,59.071,6.034,0
convnext_tiny,43,convnext_tiny_s43,OFF,off/scene07/L0__s20260820__0002.png::boost_e,scene07,off,D3b,18,D,3b,0.605186,-11.7844,-0.5026,59.071,6.034,0
convnext_tiny,43,convnext_tiny_s43,OFF,off/scene07/L0__s20260820__0003.png::boost_e,scene07,off,B3b,16,B,3b,0.580149,-10.8121,7.6338,61.1751,9.743,0
convnext_tiny,43,convnext_tiny_s43,OFF,off/scene07/L0__s20260820__0003.png::boost_e,scene07,off,C3b,17,C,3b,0.631803,-10.8121,7.6338,61.1751,9.743,0
convnext_tiny,43,convnext_tiny_s43,OFF,off/scene07/L0__s20260820__0003.png::boost_e,scene07,off,D3b,18,D,3b,0.605181,-10.8121,7.6338,61.1751,9.743,0
convnext_tiny,43,convnext_tiny_s43,OFF,off/scene07/L0__s20260820__0004.png::boost_e,scene07,off,B3b,16,B,3b,0.580153,-11.296,14.3304,62.4153,11.7361,0
convnext_tiny,43,convnext_tiny_s43,OFF,off/scene07/L0__s20260820__0004.png::boost_e,scene07,off,C3b,17,C,3b,0.631807,-11.296,14.3304,62.4153,11.7361,0
convnext_tiny,43,convnext_tiny_s43,OFF,off/scene07/L0__s20260820__0004.png::boost_e,scene07,off,D3b,18,D,3b,0.605182,-11.296,14.3304,62.4153,11.7361,0
convnext_tiny,43,convnext_tiny_s43,OFF,off/scene07/L0__s20260820__0005.png::boost_e,scene07,off,B3b,16,B,3b,0.580174,-13.5151,3.1873,60.3528,6.7166,0
convnext_tiny,43,convnext_tiny_s43,OFF,off/scene07/L0__s20260820__0005.png::boost_e,scene07,off,C3b,17,C,3b,0.631813,-13.5151,3.1873,60.3528,6.7166,0
convnext_tiny,43,convnext_tiny_s43,OFF,off/scene07/L0__s20260820__0005.png::boost_e,scene07,off,D3b,18,D,3b,0.605153,-13.5151,3.1873,60.3528,6.7166,0
convnext_tiny,43,convnext_tiny_s43,OFF,off/scene07/L0__s20260820__0006.png::boost_e,scene07,off,B3b,16,B,3b,0.580121,-7.4676,-1.6241,59.074,6.6363,0
convnext_tiny,43,convnext_tiny_s43,OFF,off/scene07/L0__s20260820__0006.png::boost_e,scene07,off,C3b,17,C,3b,0.631805,-7.4676,-1.6241,59.074,6.6363,0
convnext_tiny,43,convnext_tiny_s43,OFF,off/scene07/L0__s20260820__0006.png::boost_e,scene07,off,D3b,18,D,3b,0.60523,-7.4676,-1.6241,59.074,6.6363,0
convnext_tiny,43,convnext_tiny_s43,OFF,off/scene07/L0__s20260820__0007.png::boost_e,scene07,off,B3b,16,B,3b,0.580164,-8.8831,-5.8973,62.4612,11.793,0
convnext_tiny,43,convnext_tiny_s43,OFF,off/scene07/L0__s20260820__0007.png::boost_e,scene07,off,C3b,17,C,3b,0.6318,-8.8831,-5.8973,62.4612,11.793,0
convnext_tiny,43,convnext_tiny_s43,OFF,off/scene07/L0__s20260820__0007.png::boost_e,scene07,off,D3b,18,D,3b,0.605174,-8.8831,-5.8973,62.4612,11.793,0
convnext_tiny,43,convnext_tiny_s43,OFF,off/scene07/L5__s20260820__0000.png::boost_e,scene07,off,B3b,16,B,3b,0.58013,-10.2409,14.1283,61.8254,9.3533,0
convnext_tiny,43,convnext_tiny_s43,OFF,off/scene07/L5__s20260820__0000.png::boost_e,scene07,off,C3b,17,C,3b,0.631778,-10.2409,14.1283,61.8254,9.3533,0
convnext_tiny,43,convnext_tiny_s43,OFF,off/scene07/L5__s20260820__0000.png::boost_e,scene07,off,D3b,18,D,3b,0.605265,-10.2409,14.1283,61.8254,9.3533,0
convnext_tiny,43,convnext_tiny_s43,OFF,off/scene07/L5__s20260820__0001.png::boost_e,scene07,off,B3b,16,B,3b,0.580116,-8.7737,-1.6736,63.801,8.4933,0
convnext_tiny,43,convnext_tiny_s43,OFF,off/scene07/L5__s20260820__0001.png::boost_e,scene07,off,C3b,17,C,3b,0.631786,-8.7737,-1.6736,63.801,8.4933,0
convnext_tiny,43,convnext_tiny_s43,OFF,off/scene07/L5__s20260820__0001.png::boost_e,scene07,off,D3b,18,D,3b,0.605284,-8.7737,-1.6736,63.801,8.4933,0
convnext_tiny,43,convnext_tiny_s43,OFF,off/scene07/L5__s20260820__0002.png::boost_e,scene07,off,B3b,16,B,3b,0.5802,-11.7844,-0.5026,59.071,6.034,0
convnext_tiny,43,convnext_tiny_s43,OFF,off/scene07/L5__s20260820__0002.png::boost_e,scene07,off,C3b,17,C,3b,0.631756,-11.7844,-0.5026,59.071,6.034,0
convnext_tiny,43,convnext_tiny_s43,OFF,off/scene07/L5__s20260820__0002.png::boost_e,scene07,off,D3b,18,D,3b,0.605165,-11.7844,-0.5026,59.071,6.034,0
convnext_tiny,43,convnext_tiny_s43,OFF,off/scene07/L5__s20260820__0003.png::boost_e,scene07,off,B3b,16,B,3b,0.580133,-10.8121,7.6338,61.1751,9.743,0
convnext_tiny,43,convnext_tiny_s43,OFF,off/scene07/L5__s20260820__0003.png::boost_e,scene07,off,C3b,17,C,3b,0.631781,-10.8121,7.6338,61.1751,9.743,0
convnext_tiny,43,convnext_tiny_s43,OFF,off/scene07/L5__s20260820__0003.png::boost_e,scene07,off,D3b,18,D,3b,0.605261,-10.8121,7.6338,61.1751,9.743,0
convnext_tiny,43,convnext_tiny_s43,OFF,off/scene07/L5__s20260820__0004.png::boost_e,scene07,off,B3b,16,B,3b,0.580198,-11.296,14.3304,62.4153,11.7361,0
convnext_tiny,43,convnext_tiny_s43,OFF,off/scene07/L5__s20260820__0004.png::boost_e,scene07,off,C3b,17,C,3b,0.631754,-11.296,14.3304,62.4153,11.7361,0
convnext_tiny,43,convnext_tiny_s43,OFF,off/scene07/L5__s20260820__0004.png::boost_e,scene07,off,D3b,18,D,3b,0.605169,-11.296,14.3304,62.4153,11.7361,0
convnext_tiny,43,convnext_tiny_s43,OFF,off/scene07/L5__s20260820__0005.png::boost_e,scene07,off,B3b,16,B,3b,0.58016,-13.5151,3.1873,60.3528,6.7166,0
convnext_tiny,43,convnext_tiny_s43,OFF,off/scene07/L5__s20260820__0005.png::boost_e,scene07,off,C3b,17,C,3b,0.63178,-13.5151,3.1873,60.3528,6.7166,0
convnext_tiny,43,convnext_tiny_s43,OFF,off/scene07/L5__s20260820__0005.png::boost_e,scene07,off,D3b,18,D,3b,0.605221,-13.5151,3.1873,60.3528,6.7166,0
convnext_tiny,43,convnext_tiny_s43,OFF,off/scene07/L5__s20260820__0006.png::boost_e,scene07,off,B3b,16,B,3b,0.580193,-7.4676,-1.6241,59.074,6.6363,0
convnext_tiny,43,convnext_tiny_s43,OFF,off/scene07/L5__s20260820__0006.png::boost_e,scene07,off,C3b,17,C,3b,0.631758,-7.4676,-1.6241,59.074,6.6363,0
convnext_tiny,43,convnext_tiny_s43,OFF,off/scene07/L5__s20260820__0006.png::boost_e,scene07,off,D3b,18,D,3b,0.605176,-7.4676,-1.6241,59.074,6.6363,0
convnext_tiny,43,convnext_tiny_s43,OFF,off/scene07/L5__s20260820__0007.png::boost_e,scene07,off,B3b,16,B,3b,0.580122,-8.8831,-5.8973,62.4612,11.793,0
convnext_tiny,43,convnext_tiny_s43,OFF,off/scene07/L5__s20260820__0007.png::boost_e,scene07,off,C3b,17,C,3b,0.631786,-8.8831,-5.8973,62.4612,11.793,0
convnext_tiny,43,convnext_tiny_s43,OFF,off/scene07/L5__s20260820__0007.png::boost_e,scene07,off,D3b,18,D,3b,0.605277,-8.8831,-5.8973,62.4612,11.793,0
convnext_tiny,43,convnext_tiny_s43,OFF,off/scene07/L7__s20260820__0000.png::boost_e,scene07,off,B3b,16,B,3b,0.580208,-10.2409,14.1283,61.8254,9.3533,0
convnext_tiny,43,convnext_tiny_s43,OFF,off/scene07/L7__s20260820__0000.png::boost_e,scene07,off,C3b,17,C,3b,0.631815,-10.2409,14.1283,61.8254,9.3533,0
convnext_tiny,43,convnext_tiny_s43,OFF,off/scene07/L7__s20260820__0000.png::boost_e,scene07,off,D3b,18,D,3b,0.605118,-10.2409,14.1283,61.8254,9.3533,0
convnext_tiny,43,convnext_tiny_s43,OFF,off/scene07/L7__s20260820__0001.png::boost_e,scene07,off,B3b,16,B,3b,0.580222,-8.7737,-1.6736,63.801,8.4933,0
convnext_tiny,43,convnext_tiny_s43,OFF,off/scene07/L7__s20260820__0001.png::boost_e,scene07,off,C3b,17,C,3b,0.631826,-8.7737,-1.6736,63.801,8.4933,0
convnext_tiny,43,convnext_tiny_s43,OFF,off/scene07/L7__s20260820__0001.png::boost_e,scene07,off,D3b,18,D,3b,0.605116,-8.7737,-1.6736,63.801,8.4933,0
convnext_tiny,43,convnext_tiny_s43,OFF,off/scene07/L7__s20260820__0002.png::boost_e,scene07,off,B3b,16,B,3b,0.580156,-11.7844,-0.5026,59.071,6.034,0
convnext_tiny,43,convnext_tiny_s43,OFF,off/scene07/L7__s20260820__0002.png::boost_e,scene07,off,C3b,17,C,3b,0.631832,-11.7844,-0.5026,59.071,6.034,0
convnext_tiny,43,convnext_tiny_s43,OFF,off/scene07/L7__s20260820__0002.png::boost_e,scene07,off,D3b,18,D,3b,0.605184,-11.7844,-0.5026,59.071,6.034,0
convnext_tiny,43,convnext_tiny_s43,OFF,off/scene07/L7__s20260820__0003.png::boost_e,scene07,off,B3b,16,B,3b,0.580211,-10.8121,7.6338,61.1751,9.743,0
convnext_tiny,43,convnext_tiny_s43,OFF,off/scene07/L7__s20260820__0003.png::boost_e,scene07,off,C3b,17,C,3b,0.631818,-10.8121,7.6338,61.1751,9.743,0
convnext_tiny,43,convnext_tiny_s43,OFF,off/scene07/L7__s20260820__0003.png::boost_e,scene07,off,D3b,18,D,3b,0.605116,-10.8121,7.6338,61.1751,9.743,0
convnext_tiny,43,convnext_tiny_s43,OFF,off/scene07/L7__s20260820__0004.png::boost_e,scene07,off,B3b,16,B,3b,0.580197,-11.296,14.3304,62.4153,11.7361,0
convnext_tiny,43,convnext_tiny_s43,OFF,off/scene07/L7__s20260820__0004.png::boost_e,scene07,off,C3b,17,C,3b,0.631814,-11.296,14.3304,62.4153,11.7361,0
convnext_tiny,43,convnext_tiny_s43,OFF,off/scene07/L7__s20260820__0004.png::boost_e,scene07,off,D3b,18,D,3b,0.605125,-11.296,14.3304,62.4153,11.7361,0
convnext_tiny,43,convnext_tiny_s43,OFF,off/scene07/L7__s20260820__0005.png::boost_e,scene07,off,B3b,16,B,3b,0.580202,-13.5151,3.1873,60.3528,6.7166,0
convnext_tiny,43,convnext_tiny_s43,OFF,off/scene07/L7__s20260820__0005.png::boost_e,scene07,off,C3b,17,C,3b,0.631822,-13.5151,3.1873,60.3528,6.7166,0
convnext_tiny,43,convnext_tiny_s43,OFF,off/scene07/L7__s20260820__0005.png::boost_e,scene07,off,D3b,18,D,3b,0.605114,-13.5151,3.1873,60.3528,6.7166,0
convnext_tiny,43,convnext_tiny_s43,OFF,off/scene07/L7__s20260820__0006.png::boost_e,scene07,off,B3b,16,B,3b,0.580161,-7.4676,-1.6241,59.074,6.6363,0
convnext_tiny,43,convnext_tiny_s43,OFF,off/scene07/L7__s20260820__0006.png::boost_e,scene07,off,C3b,17,C,3b,0.631804,-7.4676,-1.6241,59.074,6.6363,0
convnext_tiny,43,convnext_tiny_s43,OFF,off/scene07/L7__s20260820__0006.png::boost_e,scene07,off,D3b,18,D,3b,0.605173,-7.4676,-1.6241,59.074,6.6363,0
convnext_tiny,43,convnext_tiny_s43,OFF,off/scene07/L7__s20260820__0007.png::boost_e,scene07,off,B3b,16,B,3b,0.580225,-8.8831,-5.8973,62.4612,11.793,0
convnext_tiny,43,convnext_tiny_s43,OFF,off/scene07/L7__s20260820__0007.png::boost_e,scene07,off,C3b,17,C,3b,0.631828,-8.8831,-5.8973,62.4612,11.793,0
convnext_tiny,43,convnext_tiny_s43,OFF,off/scene07/L7__s20260820__0007.png::boost_e,scene07,off,D3b,18,D,3b,0.605113,-8.8831,-5.8973,62.4612,11.793,0
convnext_tiny,43,convnext_tiny_s43,OFF,off/scene14/L0__s20260820__0000.png::boost_e,scene14,off,B3b,16,B,3b,0.580232,-8.1284,3.311,58.9789,8.9228,0
convnext_tiny,43,convnext_tiny_s43,OFF,off/scene14/L0__s20260820__0000.png::boost_e,scene14,off,C3b,17,C,3b,0.631849,-8.1284,3.311,58.9789,8.9228,0
convnext_tiny,43,convnext_tiny_s43,OFF,off/scene14/L0__s20260820__0000.png::boost_e,scene14,off,D3b,18,D,3b,0.605095,-8.1284,3.311,58.9789,8.9228,0
convnext_tiny,43,convnext_tiny_s43,OFF,off/scene14/L0__s20260820__0001.png::boost_e,scene14,off,B3b,16,B,3b,0.580234,-10.3828,-4.0507,61.2701,11.2053,0
convnext_tiny,43,convnext_tiny_s43,OFF,off/scene14/L0__s20260820__0001.png::boost_e,scene14,off,C3b,17,C,3b,0.631855,-10.3828,-4.0507,61.2701,11.2053,0
convnext_tiny,43,convnext_tiny_s43,OFF,off/scene14/L0__s20260820__0001.png::boost_e,scene14,off,D3b,18,D,3b,0.605089,-10.3828,-4.0507,61.2701,11.2053,0
convnext_tiny,43,convnext_tiny_s43,OFF,off/scene14/L0__s20260820__0002.png::boost_e,scene14,off,B3b,16,B,3b,0.580233,-7.0039,2.401,63.1403,11.657,0
convnext_tiny,43,convnext_tiny_s43,OFF,off/scene14/L0__s20260820__0002.png::boost_e,scene14,off,C3b,17,C,3b,0.631849,-7.0039,2.401,63.1403,11.657,0
convnext_tiny,43,convnext_tiny_s43,OFF,off/scene14/L0__s20260820__0002.png::boost_e,scene14,off,D3b,18,D,3b,0.605092,-7.0039,2.401,63.1403,11.657,0
convnext_tiny,43,convnext_tiny_s43,OFF,off/scene14/L0__s20260820__0003.png::boost_e,scene14,off,B3b,16,B,3b,0.580231,-7.2352,-9.0359,60.577,10.095,0
convnext_tiny,43,convnext_tiny_s43,OFF,off/scene14/L0__s20260820__0003.png::boost_e,scene14,off,C3b,17,C,3b,0.631846,-7.2352,-9.0359,60.577,10.095,0
convnext_tiny,43,convnext_tiny_s43,OFF,off/scene14/L0__s20260820__0003.png::boost_e,scene14,off,D3b,18,D,3b,0.6051,-7.2352,-9.0359,60.577,10.095,0
convnext_tiny,43,convnext_tiny_s43,OFF,off/scene14/L0__s20260820__0004.png::boost_e,scene14,off,B3b,16,B,3b,0.580232,-16.0704,-3.7589,60.2149,6.7379,0
convnext_tiny,43,convnext_tiny_s43,OFF,off/scene14/L0__s20260820__0004.png::boost_e,scene14,off,C3b,17,C,3b,0.631857,-16.0704,-3.7589,60.2149,6.7379,0
convnext_tiny,43,convnext_tiny_s43,OFF,off/scene14/L0__s20260820__0004.png::boost_e,scene14,off,D3b,18,D,3b,0.605087,-16.0704,-3.7589,60.2149,6.7379,0
convnext_tiny,43,convnext_tiny_s43,OFF,off/scene14/L0__s20260820__0005.png::boost_e,scene14,off,B3b,16,B,3b,0.580231,-12.4022,9.6925,62.3957,8.1602,0
convnext_tiny,43,convnext_tiny_s43,OFF,off/scene14/L0__s20260820__0005.png::boost_e,scene14,off,C3b,17,C,3b,0.631854,-12.4022,9.6925,62.3957,8.1602,0
convnext_tiny,43,convnext_tiny_s43,OFF,off/scene14/L0__s20260820__0005.png::boost_e,scene14,off,D3b,18,D,3b,0.605091,-12.4022,9.6925,62.3957,8.1602,0
convnext_tiny,43,convnext_tiny_s43,OFF,off/scene14/L0__s20260820__0006.png::boost_e,scene14,off,B3b,16,B,3b,0.580232,-16.5186,9.6527,62.4123,8.239,0
convnext_tiny,43,convnext_tiny_s43,OFF,off/scene14/L0__s20260820__0006.png::boost_e,scene14,off,C3b,17,C,3b,0.631857,-16.5186,9.6527,62.4123,8.239,0
convnext_tiny,43,convnext_tiny_s43,OFF,off/scene14/L0__s20260820__0006.png::boost_e,scene14,off,D3b,18,D,3b,0.605084,-16.5186,9.6527,62.4123,8.239,0
convnext_tiny,43,convnext_tiny_s43,OFF,off/scene14/L0__s20260820__0007.png::boost_e,scene14,off,B3b,16,B,3b,0.580234,-6.1172,5.4847,60.0935,10.4613,0
convnext_tiny,43,convnext_tiny_s43,OFF,off/scene14/L0__s20260820__0007.png::boost_e,scene14,off,C3b,17,C,3b,0.631853,-6.1172,5.4847,60.0935,10.4613,0
convnext_tiny,43,convnext_tiny_s43,OFF,off/scene14/L0__s20260820__0007.png::boost_e,scene14,off,D3b,18,D,3b,0.605089,-6.1172,5.4847,60.0935,10.4613,0
convnext_tiny,43,convnext_tiny_s43,OFF,off/scene14/L5__s20260820__0000.png::boost_e,scene14,off,B3b,16,B,3b,0.580226,-8.1284,3.311,58.9789,8.9228,0
convnext_tiny,43,convnext_tiny_s43,OFF,off/scene14/L5__s20260820__0000.png::boost_e,scene14,off,C3b,17,C,3b,0.631825,-8.1284,3.311,58.9789,8.9228,0
convnext_tiny,43,convnext_tiny_s43,OFF,off/scene14/L5__s20260820__0000.png::boost_e,scene14,off,D3b,18,D,3b,0.605133,-8.1284,3.311,58.9789,8.9228,0
convnext_tiny,43,convnext_tiny_s43,OFF,off/scene14/L5__s20260820__0001.png::boost_e,scene14,off,B3b,16,B,3b,0.580235,-10.3828,-4.0507,61.2701,11.2053,0
convnext_tiny,43,convnext_tiny_s43,OFF,off/scene14/L5__s20260820__0001.png::boost_e,scene14,off,C3b,17,C,3b,0.631833,-10.3828,-4.0507,61.2701,11.2053,0
convnext_tiny,43,convnext_tiny_s43,OFF,off/scene14/L5__s20260820__0001.png::boost_e,scene14,off,D3b,18,D,3b,0.605118,-10.3828,-4.0507,61.2701,11.2053,0
convnext_tiny,43,convnext_tiny_s43,OFF,off/scene14/L5__s20260820__0002.png::boost_e,scene14,off,B3b,16,B,3b,0.580225,-7.0039,2.401,63.1403,11.657,0
convnext_tiny,43,convnext_tiny_s43,OFF,off/scene14/L5__s20260820__0002.png::boost_e,scene14,off,C3b,17,C,3b,0.631834,-7.0039,2.401,63.1403,11.657,0
convnext_tiny,43,convnext_tiny_s43,OFF,off/scene14/L5__s20260820__0002.png::boost_e,scene14,off,D3b,18,D,3b,0.605127,-7.0039,2.401,63.1403,11.657,0
convnext_tiny,43,convnext_tiny_s43,OFF,off/scene14/L5__s20260820__0003.png::boost_e,scene14,off,B3b,16,B,3b,0.580234,-7.2352,-9.0359,60.577,10.095,0
convnext_tiny,43,convnext_tiny_s43,OFF,off/scene14/L5__s20260820__0003.png::boost_e,scene14,off,C3b,17,C,3b,0.631844,-7.2352,-9.0359,60.577,10.095,0
convnext_tiny,43,convnext_tiny_s43,OFF,off/scene14/L5__s20260820__0003.png::boost_e,scene14,off,D3b,18,D,3b,0.605108,-7.2352,-9.0359,60.577,10.095,0
convnext_tiny,43,convnext_tiny_s43,OFF,off/scene14/L5__s20260820__0004.png::boost_e,scene14,off,B3b,16,B,3b,0.580232,-16.0704,-3.7589,60.2149,6.7379,0
convnext_tiny,43,convnext_tiny_s43,OFF,off/scene14/L5__s20260820__0004.png::boost_e,scene14,off,C3b,17,C,3b,0.631815,-16.0704,-3.7589,60.2149,6.7379,0
convnext_tiny,43,convnext_tiny_s43,OFF,off/scene14/L5__s20260820__0004.png::boost_e,scene14,off,D3b,18,D,3b,0.605135,-16.0704,-3.7589,60.2149,6.7379,0
convnext_tiny,43,convnext_tiny_s43,OFF,off/scene14/L5__s20260820__0005.png::boost_e,scene14,off,B3b,16,B,3b,0.580227,-12.4022,9.6925,62.3957,8.1602,0
convnext_tiny,43,convnext_tiny_s43,OFF,off/scene14/L5__s20260820__0005.png::boost_e,scene14,off,C3b,17,C,3b,0.631824,-12.4022,9.6925,62.3957,8.1602,0
convnext_tiny,43,convnext_tiny_s43,OFF,off/scene14/L5__s20260820__0005.png::boost_e,scene14,off,D3b,18,D,3b,0.605128,-12.4022,9.6925,62.3957,8.1602,0
convnext_tiny,43,convnext_tiny_s43,OFF,off/scene14/L5__s20260820__0006.png::boost_e,scene14,off,B3b,16,B,3b,0.580233,-16.5186,9.6527,62.4123,8.239,0
convnext_tiny,43,convnext_tiny_s43,OFF,off/scene14/L5__s20260820__0006.png::boost_e,scene14,off,C3b,17,C,3b,0.631815,-16.5186,9.6527,62.4123,8.239,0
convnext_tiny,43,convnext_tiny_s43,OFF,off/scene14/L5__s20260820__0006.png::boost_e,scene14,off,D3b,18,D,3b,0.605126,-16.5186,9.6527,62.4123,8.239,0
convnext_tiny,43,convnext_tiny_s43,OFF,off/scene14/L5__s20260820__0007.png::boost_e,scene14,off,B3b,16,B,3b,0.580239,-6.1172,5.4847,60.0935,10.4613,0
convnext_tiny,43,convnext_tiny_s43,OFF,off/scene14/L5__s20260820__0007.png::boost_e,scene14,off,C3b,17,C,3b,0.631849,-6.1172,5.4847,60.0935,10.4613,0
convnext_tiny,43,convnext_tiny_s43,OFF,off/scene14/L5__s20260820__0007.png::boost_e,scene14,off,D3b,18,D,3b,0.605101,-6.1172,5.4847,60.0935,10.4613,0
convnext_tiny,43,convnext_tiny_s43,OFF,off/scene14/L7__s20260820__0000.png::boost_e,scene14,off,B3b,16,B,3b,0.580227,-8.1284,3.311,58.9789,8.9228,0
convnext_tiny,43,convnext_tiny_s43,OFF,off/scene14/L7__s20260820__0000.png::boost_e,scene14,off,C3b,17,C,3b,0.631872,-8.1284,3.311,58.9789,8.9228,0
convnext_tiny,43,convnext_tiny_s43,OFF,off/scene14/L7__s20260820__0000.png::boost_e,scene14,off,D3b,18,D,3b,0.60508,-8.1284,3.311,58.9789,8.9228,0
convnext_tiny,43,convnext_tiny_s43,OFF,off/scene14/L7__s20260820__0001.png::boost_e,scene14,off,B3b,16,B,3b,0.580223,-10.3828,-4.0507,61.2701,11.2053,0
convnext_tiny,43,convnext_tiny_s43,OFF,off/scene14/L7__s20260820__0001.png::boost_e,scene14,off,C3b,17,C,3b,0.631868,-10.3828,-4.0507,61.2701,11.2053,0
convnext_tiny,43,convnext_tiny_s43,OFF,off/scene14/L7__s20260820__0001.png::boost_e,scene14,off,D3b,18,D,3b,0.605092,-10.3828,-4.0507,61.2701,11.2053,0
convnext_tiny,43,convnext_tiny_s43,OFF,off/scene14/L7__s20260820__0002.png::boost_e,scene14,off,B3b,16,B,3b,0.58023,-7.0039,2.401,63.1403,11.657,0
convnext_tiny,43,convnext_tiny_s43,OFF,off/scene14/L7__s20260820__0002.png::boost_e,scene14,off,C3b,17,C,3b,0.631876,-7.0039,2.401,63.1403,11.657,0
convnext_tiny,43,convnext_tiny_s43,OFF,off/scene14/L7__s20260820__0002.png::boost_e,scene14,off,D3b,18,D,3b,0.605077,-7.0039,2.401,63.1403,11.657,0
convnext_tiny,43,convnext_tiny_s43,OFF,off/scene14/L7__s20260820__0003.png::boost_e,scene14,off,B3b,16,B,3b,0.580215,-7.2352,-9.0359,60.577,10.095,0
convnext_tiny,43,convnext_tiny_s43,OFF,off/scene14/L7__s20260820__0003.png::boost_e,scene14,off,C3b,17,C,3b,0.631869,-7.2352,-9.0359,60.577,10.095,0
convnext_tiny,43,convnext_tiny_s43,OFF,off/scene14/L7__s20260820__0003.png::boost_e,scene14,off,D3b,18,D,3b,0.6051,-7.2352,-9.0359,60.577,10.095,0
convnext_tiny,43,convnext_tiny_s43,OFF,off/scene14/L7__s20260820__0004.png::boost_e,scene14,off,B3b,16,B,3b,0.58022,-16.0704,-3.7589,60.2149,6.7379,0
convnext_tiny,43,convnext_tiny_s43,OFF,off/scene14/L7__s20260820__0004.png::boost_e,scene14,off,C3b,17,C,3b,0.631856,-16.0704,-3.7589,60.2149,6.7379,0
convnext_tiny,43,convnext_tiny_s43,OFF,off/scene14/L7__s20260820__0004.png::boost_e,scene14,off,D3b,18,D,3b,0.605103,-16.0704,-3.7589,60.2149,6.7379,0
convnext_tiny,43,convnext_tiny_s43,OFF,off/scene14/L7__s20260820__0005.png::boost_e,scene14,off,B3b,16,B,3b,0.580226,-12.4022,9.6925,62.3957,8.1602,0
convnext_tiny,43,convnext_tiny_s43,OFF,off/scene14/L7__s20260820__0005.png::boost_e,scene14,off,C3b,17,C,3b,0.631869,-12.4022,9.6925,62.3957,8.1602,0
convnext_tiny,43,convnext_tiny_s43,OFF,off/scene14/L7__s20260820__0005.png::boost_e,scene14,off,D3b,18,D,3b,0.605078,-12.4022,9.6925,62.3957,8.1602,0
convnext_tiny,43,convnext_tiny_s43,OFF,off/scene14/L7__s20260820__0006.png::boost_e,scene14,off,B3b,16,B,3b,0.580229,-16.5186,9.6527,62.4123,8.239,0
convnext_tiny,43,convnext_tiny_s43,OFF,off/scene14/L7__s20260820__0006.png::boost_e,scene14,off,C3b,17,C,3b,0.631866,-16.5186,9.6527,62.4123,8.239,0
convnext_tiny,43,convnext_tiny_s43,OFF,off/scene14/L7__s20260820__0006.png::boost_e,scene14,off,D3b,18,D,3b,0.605078,-16.5186,9.6527,62.4123,8.239,0
convnext_tiny,43,convnext_tiny_s43,OFF,off/scene14/L7__s20260820__0007.png::boost_e,scene14,off,B3b,16,B,3b,0.580231,-6.1172,5.4847,60.0935,10.4613,0
convnext_tiny,43,convnext_tiny_s43,OFF,off/scene14/L7__s20260820__0007.png::boost_e,scene14,off,C3b,17,C,3b,0.63188,-6.1172,5.4847,60.0935,10.4613,0
convnext_tiny,43,convnext_tiny_s43,OFF,off/scene14/L7__s20260820__0007.png::boost_e,scene14,off,D3b,18,D,3b,0.605072,-6.1172,5.4847,60.0935,10.4613,0
convnext_tiny,43,convnext_tiny_s43,OFF,off/scene15/L0__s20260820__0000.png::boost_e,scene15,off,B3b,16,B,3b,0.580107,-13.637,-17.7914,62.7559,10.9914,0
convnext_tiny,43,convnext_tiny_s43,OFF,off/scene15/L0__s20260820__0000.png::boost_e,scene15,off,C3b,17,C,3b,0.631816,-13.637,-17.7914,62.7559,10.9914,0
convnext_tiny,43,convnext_tiny_s43,OFF,off/scene15/L0__s20260820__0000.png::boost_e,scene15,off,D3b,18,D,3b,0.605257,-13.637,-17.7914,62.7559,10.9914,0
convnext_tiny,43,convnext_tiny_s43,OFF,off/scene15/L0__s20260820__0001.png::boost_e,scene15,off,B3b,16,B,3b,0.58,-6.8068,-11.8299,63.9125,9.9013,0
convnext_tiny,43,convnext_tiny_s43,OFF,off/scene15/L0__s20260820__0001.png::boost_e,scene15,off,C3b,17,C,3b,0.631804,-6.8068,-11.8299,63.9125,9.9013,0
convnext_tiny,43,convnext_tiny_s43,OFF,off/scene15/L0__s20260820__0001.png::boost_e,scene15,off,D3b,18,D,3b,0.605414,-6.8068,-11.8299,63.9125,9.9013,0
convnext_tiny,43,convnext_tiny_s43,OFF,off/scene15/L0__s20260820__0002.png::boost_e,scene15,off,B3b,16,B,3b,0.580025,-8.6096,-4.0107,63.6728,6.6026,0
convnext_tiny,43,convnext_tiny_s43,OFF,off/scene15/L0__s20260820__0002.png::boost_e,scene15,off,C3b,17,C,3b,0.631792,-8.6096,-4.0107,63.6728,6.6026,0
convnext_tiny,43,convnext_tiny_s43,OFF,off/scene15/L0__s20260820__0002.png::boost_e,scene15,off,D3b,18,D,3b,0.60535,-8.6096,-4.0107,63.6728,6.6026,0
convnext_tiny,43,convnext_tiny_s43,OFF,off/scene15/L0__s20260820__0003.png::boost_e,scene15,off,B3b,16,B,3b,0.580089,-11.0902,-4.9586,63.1815,7.5147,0
convnext_tiny,43,convnext_tiny_s43,OFF,off/scene15/L0__s20260820__0003.png::boost_e,scene15,off,C3b,17,C,3b,0.631824,-11.0902,-4.9586,63.1815,7.5147,0
convnext_tiny,43,convnext_tiny_s43,OFF,off/scene15/L0__s20260820__0003.png::boost_e,scene15,off,D3b,18,D,3b,0.605286,-11.0902,-4.9586,63.1815,7.5147,0
convnext_tiny,43,convnext_tiny_s43,OFF,off/scene15/L0__s20260820__0004.png::boost_e,scene15,off,B3b,16,B,3b,0.580044,-12.6937,-3.4861,58.1207,9.9583,0
convnext_tiny,43,convnext_tiny_s43,OFF,off/scene15/L0__s20260820__0004.png::boost_e,scene15,off,C3b,17,C,3b,0.631808,-12.6937,-3.4861,58.1207,9.9583,0
convnext_tiny,43,convnext_tiny_s43,OFF,off/scene15/L0__s20260820__0004.png::boost_e,scene15,off,D3b,18,D,3b,0.605358,-12.6937,-3.4861,58.1207,9.9583,0
convnext_tiny,43,convnext_tiny_s43,OFF,off/scene15/L0__s20260820__0005.png::boost_e,scene15,off,B3b,16,B,3b,0.580028,-5.4058,-7.3396,62.3314,9.8366,0
convnext_tiny,43,convnext_tiny_s43,OFF,off/scene15/L0__s20260820__0005.png::boost_e,scene15,off,C3b,17,C,3b,0.63181,-5.4058,-7.3396,62.3314,9.8366,0
convnext_tiny,43,convnext_tiny_s43,OFF,off/scene15/L0__s20260820__0005.png::boost_e,scene15,off,D3b,18,D,3b,0.605382,-5.4058,-7.3396,62.3314,9.8366,0
convnext_tiny,43,convnext_tiny_s43,OFF,off/scene15/L0__s20260820__0006.png::boost_e,scene15,off,B3b,16,B,3b,0.58006,-5.1828,6.8137,59.5209,6.9519,0
convnext_tiny,43,convnext_tiny_s43,OFF,off/scene15/L0__s20260820__0006.png::boost_e,scene15,off,C3b,17,C,3b,0.631803,-5.1828,6.8137,59.5209,6.9519,0
convnext_tiny,43,convnext_tiny_s43,OFF,off/scene15/L0__s20260820__0006.png::boost_e,scene15,off,D3b,18,D,3b,0.605312,-5.1828,6.8137,59.5209,6.9519,0
convnext_tiny,43,convnext_tiny_s43,OFF,off/scene15/L0__s20260820__0007.png::boost_e,scene15,off,B3b,16,B,3b,0.580009,-9.4753,-12.4083,62.4936,8.3783,0
convnext_tiny,43,convnext_tiny_s43,OFF,off/scene15/L0__s20260820__0007.png::boost_e,scene15,off,C3b,17,C,3b,0.631803,-9.4753,-12.4083,62.4936,8.3783,0
convnext_tiny,43,convnext_tiny_s43,OFF,off/scene15/L0__s20260820__0007.png::boost_e,scene15,off,D3b,18,D,3b,0.605386,-9.4753,-12.4083,62.4936,8.3783,0
convnext_tiny,43,convnext_tiny_s43,OFF,off/scene15/L4__s20260820__0000.png::boost_e,scene15,off,B3b,16,B,3b,0.579958,-13.637,-17.7914,62.7559,10.9914,0
convnext_tiny,43,convnext_tiny_s43,OFF,off/scene15/L4__s20260820__0000.png::boost_e,scene15,off,C3b,17,C,3b,0.631725,-13.637,-17.7914,62.7559,10.9914,0
convnext_tiny,43,convnext_tiny_s43,OFF,off/scene15/L4__s20260820__0000.png::boost_e,scene15,off,D3b,18,D,3b,0.60545,-13.637,-17.7914,62.7559,10.9914,0
convnext_tiny,43,convnext_tiny_s43,OFF,off/scene15/L4__s20260820__0001.png::boost_e,scene15,off,B3b,16,B,3b,0.579987,-6.8068,-11.8299,63.9125,9.9013,0
convnext_tiny,43,convnext_tiny_s43,OFF,off/scene15/L4__s20260820__0001.png::boost_e,scene15,off,C3b,17,C,3b,0.631748,-6.8068,-11.8299,63.9125,9.9013,0
convnext_tiny,43,convnext_tiny_s43,OFF,off/scene15/L4__s20260820__0001.png::boost_e,scene15,off,D3b,18,D,3b,0.60546,-6.8068,-11.8299,63.9125,9.9013,0
convnext_tiny,43,convnext_tiny_s43,OFF,off/scene15/L4__s20260820__0002.png::boost_e,scene15,off,B3b,16,B,3b,0.57993,-8.6096,-4.0107,63.6728,6.6026,0
convnext_tiny,43,convnext_tiny_s43,OFF,off/scene15/L4__s20260820__0002.png::boost_e,scene15,off,C3b,17,C,3b,0.631754,-8.6096,-4.0107,63.6728,6.6026,0
convnext_tiny,43,convnext_tiny_s43,OFF,off/scene15/L4__s20260820__0002.png::boost_e,scene15,off,D3b,18,D,3b,0.605518,-8.6096,-4.0107,63.6728,6.6026,0
convnext_tiny,43,convnext_tiny_s43,OFF,off/scene15/L4__s20260820__0003.png::boost_e,scene15,off,B3b,16,B,3b,0.57992,-11.0902,-4.9586,63.1815,7.5147,0
convnext_tiny,43,convnext_tiny_s43,OFF,off/scene15/L4__s20260820__0003.png::boost_e,scene15,off,C3b,17,C,3b,0.631738,-11.0902,-4.9586,63.1815,7.5147,0
convnext_tiny,43,convnext_tiny_s43,OFF,off/scene15/L4__s20260820__0003.png::boost_e,scene15,off,D3b,18,D,3b,0.605507,-11.0902,-4.9586,63.1815,7.5147,0
convnext_tiny,43,convnext_tiny_s43,OFF,off/scene15/L4__s20260820__0004.png::boost_e,scene15,off,B3b,16,B,3b,0.579908,-12.6937,-3.4861,58.1207,9.9583,0
convnext_tiny,43,convnext_tiny_s43,OFF,off/scene15/L4__s20260820__0004.png::boost_e,scene15,off,C3b,17,C,3b,0.631765,-12.6937,-3.4861,58.1207,9.9583,0
convnext_tiny,43,convnext_tiny_s43,OFF,off/scene15/L4__s20260820__0004.png::boost_e,scene15,off,D3b,18,D,3b,0.605553,-12.6937,-3.4861,58.1207,9.9583,0
convnext_tiny,43,convnext_tiny_s43,OFF,off/scene15/L4__s20260820__0005.png::boost_e,scene15,off,B3b,16,B,3b,0.579982,-5.4058,-7.3396,62.3314,9.8366,0
convnext_tiny,43,convnext_tiny_s43,OFF,off/scene15/L4__s20260820__0005.png::boost_e,scene15,off,C3b,17,C,3b,0.631733,-5.4058,-7.3396,62.3314,9.8366,0
convnext_tiny,43,convnext_tiny_s43,OFF,off/scene15/L4__s20260820__0005.png::boost_e,scene15,off,D3b,18,D,3b,0.605454,-5.4058,-7.3396,62.3314,9.8366,0
convnext_tiny,43,convnext_tiny_s43,OFF,off/scene15/L4__s20260820__0006.png::boost_e,scene15,off,B3b,16,B,3b,0.579917,-5.1828,6.8137,59.5209,6.9519,0
convnext_tiny,43,convnext_tiny_s43,OFF,off/scene15/L4__s20260820__0006.png::boost_e,scene15,off,C3b,17,C,3b,0.631772,-5.1828,6.8137,59.5209,6.9519,0
convnext_tiny,43,convnext_tiny_s43,OFF,off/scene15/L4__s20260820__0006.png::boost_e,scene15,off,D3b,18,D,3b,0.60554,-5.1828,6.8137,59.5209,6.9519,0
convnext_tiny,43,convnext_tiny_s43,OFF,off/scene15/L4__s20260820__0007.png::boost_e,scene15,off,B3b,16,B,3b,0.579909,-9.4753,-12.4083,62.4936,8.3783,0
convnext_tiny,43,convnext_tiny_s43,OFF,off/scene15/L4__s20260820__0007.png::boost_e,scene15,off,C3b,17,C,3b,0.631779,-9.4753,-12.4083,62.4936,8.3783,0
convnext_tiny,43,convnext_tiny_s43,OFF,off/scene15/L4__s20260820__0007.png::boost_e,scene15,off,D3b,18,D,3b,0.605549,-9.4753,-12.4083,62.4936,8.3783,0
convnext_tiny,43,convnext_tiny_s43,OFF,off/scene15/L7__s20260820__0000.png::boost_e,scene15,off,B3b,16,B,3b,0.580127,-13.637,-17.7914,62.7559,10.9914,0
convnext_tiny,43,convnext_tiny_s43,OFF,off/scene15/L7__s20260820__0000.png::boost_e,scene15,off,C3b,17,C,3b,0.631792,-13.637,-17.7914,62.7559,10.9914,0
convnext_tiny,43,convnext_tiny_s43,OFF,off/scene15/L7__s20260820__0000.png::boost_e,scene15,off,D3b,18,D,3b,0.605196,-13.637,-17.7914,62.7559,10.9914,0
convnext_tiny,43,convnext_tiny_s43,OFF,off/scene15/L7__s20260820__0001.png::boost_e,scene15,off,B3b,16,B,3b,0.580025,-6.8068,-11.8299,63.9125,9.9013,0
convnext_tiny,43,convnext_tiny_s43,OFF,off/scene15/L7__s20260820__0001.png::boost_e,scene15,off,C3b,17,C,3b,0.631747,-6.8068,-11.8299,63.9125,9.9013,0
convnext_tiny,43,convnext_tiny_s43,OFF,off/scene15/L7__s20260820__0001.png::boost_e,scene15,off,D3b,18,D,3b,0.605385,-6.8068,-11.8299,63.9125,9.9013,0
convnext_tiny,43,convnext_tiny_s43,OFF,off/scene15/L7__s20260820__0002.png::boost_e,scene15,off,B3b,16,B,3b,0.580067,-8.6096,-4.0107,63.6728,6.6026,0
convnext_tiny,43,convnext_tiny_s43,OFF,off/scene15/L7__s20260820__0002.png::boost_e,scene15,off,C3b,17,C,3b,0.631764,-8.6096,-4.0107,63.6728,6.6026,0
convnext_tiny,43,convnext_tiny_s43,OFF,off/scene15/L7__s20260820__0002.png::boost_e,scene15,off,D3b,18,D,3b,0.605338,-8.6096,-4.0107,63.6728,6.6026,0
convnext_tiny,43,convnext_tiny_s43,OFF,off/scene15/L7__s20260820__0003.png::boost_e,scene15,off,B3b,16,B,3b,0.580098,-11.0902,-4.9586,63.1815,7.5147,0
convnext_tiny,43,convnext_tiny_s43,OFF,off/scene15/L7__s20260820__0003.png::boost_e,scene15,off,C3b,17,C,3b,0.631784,-11.0902,-4.9586,63.1815,7.5147,0
convnext_tiny,43,convnext_tiny_s43,OFF,off/scene15/L7__s20260820__0003.png::boost_e,scene15,off,D3b,18,D,3b,0.605267,-11.0902,-4.9586,63.1815,7.5147,0
convnext_tiny,43,convnext_tiny_s43,OFF,off/scene15/L7__s20260820__0004.png::boost_e,scene15,off,B3b,16,B,3b,0.58002,-12.6937,-3.4861,58.1207,9.9583,0
convnext_tiny,43,convnext_tiny_s43,OFF,off/scene15/L7__s20260820__0004.png::boost_e,scene15,off,C3b,17,C,3b,0.631727,-12.6937,-3.4861,58.1207,9.9583,0
convnext_tiny,43,convnext_tiny_s43,OFF,off/scene15/L7__s20260820__0004.png::boost_e,scene15,off,D3b,18,D,3b,0.605384,-12.6937,-3.4861,58.1207,9.9583,0
convnext_tiny,43,convnext_tiny_s43,OFF,off/scene15/L7__s20260820__0005.png::boost_e,scene15,off,B3b,16,B,3b,0.579988,-5.4058,-7.3396,62.3314,9.8366,0
convnext_tiny,43,convnext_tiny_s43,OFF,off/scene15/L7__s20260820__0005.png::boost_e,scene15,off,C3b,17,C,3b,0.631721,-5.4058,-7.3396,62.3314,9.8366,0
convnext_tiny,43,convnext_tiny_s43,OFF,off/scene15/L7__s20260820__0005.png::boost_e,scene15,off,D3b,18,D,3b,0.605417,-5.4058,-7.3396,62.3314,9.8366,0
convnext_tiny,43,convnext_tiny_s43,OFF,off/scene15/L7__s20260820__0006.png::boost_e,scene15,off,B3b,16,B,3b,0.580101,-5.1828,6.8137,59.5209,6.9519,0
convnext_tiny,43,convnext_tiny_s43,OFF,off/scene15/L7__s20260820__0006.png::boost_e,scene15,off,C3b,17,C,3b,0.63178,-5.1828,6.8137,59.5209,6.9519,0
convnext_tiny,43,convnext_tiny_s43,OFF,off/scene15/L7__s20260820__0006.png::boost_e,scene15,off,D3b,18,D,3b,0.605251,-5.1828,6.8137,59.5209,6.9519,0
convnext_tiny,43,convnext_tiny_s43,OFF,off/scene15/L7__s20260820__0007.png::boost_e,scene15,off,B3b,16,B,3b,0.580046,-9.4753,-12.4083,62.4936,8.3783,0
convnext_tiny,43,convnext_tiny_s43,OFF,off/scene15/L7__s20260820__0007.png::boost_e,scene15,off,C3b,17,C,3b,0.631759,-9.4753,-12.4083,62.4936,8.3783,0
convnext_tiny,43,convnext_tiny_s43,OFF,off/scene15/L7__s20260820__0007.png::boost_e,scene15,off,D3b,18,D,3b,0.605366,-9.4753,-12.4083,62.4936,8.3783,0
convnext_tiny,43,convnext_tiny_s43,OFF,off/scene18/L0__s20260820__0000.png::boost_e,scene18,off,B3b,16,B,3b,0.580242,-7.1653,2.4167,61.1034,9.9477,0
convnext_tiny,43,convnext_tiny_s43,OFF,off/scene18/L0__s20260820__0000.png::boost_e,scene18,off,C3b,17,C,3b,0.631853,-7.1653,2.4167,61.1034,9.9477,0
convnext_tiny,43,convnext_tiny_s43,OFF,off/scene18/L0__s20260820__0000.png::boost_e,scene18,off,D3b,18,D,3b,0.605091,-7.1653,2.4167,61.1034,9.9477,0
convnext_tiny,43,convnext_tiny_s43,OFF,off/scene18/L0__s20260820__0001.png::boost_e,scene18,off,B3b,16,B,3b,0.580241,-10.1204,15.1866,63.5385,10.0506,0
convnext_tiny,43,convnext_tiny_s43,OFF,off/scene18/L0__s20260820__0001.png::boost_e,scene18,off,C3b,17,C,3b,0.631849,-10.1204,15.1866,63.5385,10.0506,0
convnext_tiny,43,convnext_tiny_s43,OFF,off/scene18/L0__s20260820__0001.png::boost_e,scene18,off,D3b,18,D,3b,0.605092,-10.1204,15.1866,63.5385,10.0506,0
convnext_tiny,43,convnext_tiny_s43,OFF,off/scene18/L0__s20260820__0002.png::boost_e,scene18,off,B3b,16,B,3b,0.58024,-9.0792,9.5062,64.1649,7.1883,0
convnext_tiny,43,convnext_tiny_s43,OFF,off/scene18/L0__s20260820__0002.png::boost_e,scene18,off,C3b,17,C,3b,0.631846,-9.0792,9.5062,64.1649,7.1883,0
convnext_tiny,43,convnext_tiny_s43,OFF,off/scene18/L0__s20260820__0002.png::boost_e,scene18,off,D3b,18,D,3b,0.605091,-9.0792,9.5062,64.1649,7.1883,0
convnext_tiny,43,convnext_tiny_s43,OFF,off/scene18/L0__s20260820__0003.png::boost_e,scene18,off,B3b,16,B,3b,0.580235,-8.8448,-3.6128,59.415,8.964,0
convnext_tiny,43,convnext_tiny_s43,OFF,off/scene18/L0__s20260820__0003.png::boost_e,scene18,off,C3b,17,C,3b,0.631838,-8.8448,-3.6128,59.415,8.964,0
convnext_tiny,43,convnext_tiny_s43,OFF,off/scene18/L0__s20260820__0003.png::boost_e,scene18,off,D3b,18,D,3b,0.605103,-8.8448,-3.6128,59.415,8.964,0
convnext_tiny,43,convnext_tiny_s43,OFF,off/scene18/L0__s20260820__0004.png::boost_e,scene18,off,B3b,16,B,3b,0.580237,-16.4348,4.8995,62.3306,10.047,0
convnext_tiny,43,convnext_tiny_s43,OFF,off/scene18/L0__s20260820__0004.png::boost_e,scene18,off,C3b,17,C,3b,0.631846,-16.4348,4.8995,62.3306,10.047,0
convnext_tiny,43,convnext_tiny_s43,OFF,off/scene18/L0__s20260820__0004.png::boost_e,scene18,off,D3b,18,D,3b,0.60509,-16.4348,4.8995,62.3306,10.047,0
convnext_tiny,43,convnext_tiny_s43,OFF,off/scene18/L0__s20260820__0005.png::boost_e,scene18,off,B3b,16,B,3b,0.580239,-10.8924,-2.0965,60.6044,6.3047,0
convnext_tiny,43,convnext_tiny_s43,OFF,off/scene18/L0__s20260820__0005.png::boost_e,scene18,off,C3b,17,C,3b,0.631868,-10.8924,-2.0965,60.6044,6.3047,0
convnext_tiny,43,convnext_tiny_s43,OFF,off/scene18/L0__s20260820__0005.png::boost_e,scene18,off,D3b,18,D,3b,0.605079,-10.8924,-2.0965,60.6044,6.3047,0
convnext_tiny,43,convnext_tiny_s43,OFF,off/scene18/L0__s20260820__0006.png::boost_e,scene18,off,B3b,16,B,3b,0.580194,-9.0932,1.6737,60.8772,6.4479,0
convnext_tiny,43,convnext_tiny_s43,OFF,off/scene18/L0__s20260820__0006.png::boost_e,scene18,off,C3b,17,C,3b,0.631799,-9.0932,1.6737,60.8772,6.4479,0
convnext_tiny,43,convnext_tiny_s43,OFF,off/scene18/L0__s20260820__0006.png::boost_e,scene18,off,D3b,18,D,3b,0.605148,-9.0932,1.6737,60.8772,6.4479,0
convnext_tiny,43,convnext_tiny_s43,OFF,off/scene18/L0__s20260820__0007.png::boost_e,scene18,off,B3b,16,B,3b,0.580241,-10.4272,-1.9559,61.0197,11.0403,0
convnext_tiny,43,convnext_tiny_s43,OFF,off/scene18/L0__s20260820__0007.png::boost_e,scene18,off,C3b,17,C,3b,0.631848,-10.4272,-1.9559,61.0197,11.0403,0
convnext_tiny,43,convnext_tiny_s43,OFF,off/scene18/L0__s20260820__0007.png::boost_e,scene18,off,D3b,18,D,3b,0.605091,-10.4272,-1.9559,61.0197,11.0403,0
convnext_tiny,43,convnext_tiny_s43,OFF,off/scene18/L5__s20260820__0000.png::boost_e,scene18,off,B3b,16,B,3b,0.580027,-7.1653,2.4167,61.1034,9.9477,0
convnext_tiny,43,convnext_tiny_s43,OFF,off/scene18/L5__s20260820__0000.png::boost_e,scene18,off,C3b,17,C,3b,0.631803,-7.1653,2.4167,61.1034,9.9477,0
convnext_tiny,43,convnext_tiny_s43,OFF,off/scene18/L5__s20260820__0000.png::boost_e,scene18,off,D3b,18,D,3b,0.605391,-7.1653,2.4167,61.1034,9.9477,0
convnext_tiny,43,convnext_tiny_s43,OFF,off/scene18/L5__s20260820__0001.png::boost_e,scene18,off,B3b,16,B,3b,0.58,-10.1204,15.1866,63.5385,10.0506,0
convnext_tiny,43,convnext_tiny_s43,OFF,off/scene18/L5__s20260820__0001.png::boost_e,scene18,off,C3b,17,C,3b,0.631798,-10.1204,15.1866,63.5385,10.0506,0
convnext_tiny,43,convnext_tiny_s43,OFF,off/scene18/L5__s20260820__0001.png::boost_e,scene18,off,D3b,18,D,3b,0.605433,-10.1204,15.1866,63.5385,10.0506,0
convnext_tiny,43,convnext_tiny_s43,OFF,off/scene18/L5__s20260820__0002.png::boost_e,scene18,off,B3b,16,B,3b,0.580235,-9.0792,9.5062,64.1649,7.1883,0
convnext_tiny,43,convnext_tiny_s43,OFF,off/scene18/L5__s20260820__0002.png::boost_e,scene18,off,C3b,17,C,3b,0.63186,-9.0792,9.5062,64.1649,7.1883,0
convnext_tiny,43,convnext_tiny_s43,OFF,off/scene18/L5__s20260820__0002.png::boost_e,scene18,off,D3b,18,D,3b,0.605095,-9.0792,9.5062,64.1649,7.1883,0
convnext_tiny,43,convnext_tiny_s43,OFF,off/scene18/L5__s20260820__0003.png::boost_e,scene18,off,B3b,16,B,3b,0.58002,-8.8448,-3.6128,59.415,8.964,0
convnext_tiny,43,convnext_tiny_s43,OFF,off/scene18/L5__s20260820__0003.png::boost_e,scene18,off,C3b,17,C,3b,0.631791,-8.8448,-3.6128,59.415,8.964,0
convnext_tiny,43,convnext_tiny_s43,OFF,off/scene18/L5__s20260820__0003.png::boost_e,scene18,off,D3b,18,D,3b,0.6054,-8.8448,-3.6128,59.415,8.964,0
convnext_tiny,43,convnext_tiny_s43,OFF,off/scene18/L5__s20260820__0004.png::boost_e,scene18,off,B3b,16,B,3b,0.57995,-16.4348,4.8995,62.3306,10.047,0
convnext_tiny,43,convnext_tiny_s43,OFF,off/scene18/L5__s20260820__0004.png::boost_e,scene18,off,C3b,17,C,3b,0.631763,-16.4348,4.8995,62.3306,10.047,0
convnext_tiny,43,convnext_tiny_s43,OFF,off/scene18/L5__s20260820__0004.png::boost_e,scene18,off,D3b,18,D,3b,0.605507,-16.4348,4.8995,62.3306,10.047,0
convnext_tiny,43,convnext_tiny_s43,OFF,off/scene18/L5__s20260820__0005.png::boost_e,scene18,off,B3b,16,B,3b,0.57999,-10.8924,-2.0965,60.6044,6.3047,0
convnext_tiny,43,convnext_tiny_s43,OFF,off/scene18/L5__s20260820__0005.png::boost_e,scene18,off,C3b,17,C,3b,0.631789,-10.8924,-2.0965,60.6044,6.3047,0
convnext_tiny,43,convnext_tiny_s43,OFF,off/scene18/L5__s20260820__0005.png::boost_e,scene18,off,D3b,18,D,3b,0.605447,-10.8924,-2.0965,60.6044,6.3047,0
convnext_tiny,43,convnext_tiny_s43,OFF,off/scene18/L5__s20260820__0006.png::boost_e,scene18,off,B3b,16,B,3b,0.580209,-9.0932,1.6737,60.8772,6.4479,0
convnext_tiny,43,convnext_tiny_s43,OFF,off/scene18/L5__s20260820__0006.png::boost_e,scene18,off,C3b,17,C,3b,0.631846,-9.0932,1.6737,60.8772,6.4479,0
convnext_tiny,43,convnext_tiny_s43,OFF,off/scene18/L5__s20260820__0006.png::boost_e,scene18,off,D3b,18,D,3b,0.60513,-9.0932,1.6737,60.8772,6.4479,0
convnext_tiny,43,convnext_tiny_s43,OFF,off/scene18/L5__s20260820__0007.png::boost_e,scene18,off,B3b,16,B,3b,0.580016,-10.4272,-1.9559,61.0197,11.0403,0
convnext_tiny,43,convnext_tiny_s43,OFF,off/scene18/L5__s20260820__0007.png::boost_e,scene18,off,C3b,17,C,3b,0.631784,-10.4272,-1.9559,61.0197,11.0403,0
convnext_tiny,43,convnext_tiny_s43,OFF,off/scene18/L5__s20260820__0007.png::boost_e,scene18,off,D3b,18,D,3b,0.605413,-10.4272,-1.9559,61.0197,11.0403,0
convnext_tiny,43,convnext_tiny_s43,OFF,off/scene18/L7__s20260820__0000.png::boost_e,scene18,off,B3b,16,B,3b,0.580239,-7.1653,2.4167,61.1034,9.9477,0
convnext_tiny,43,convnext_tiny_s43,OFF,off/scene18/L7__s20260820__0000.png::boost_e,scene18,off,C3b,17,C,3b,0.631868,-7.1653,2.4167,61.1034,9.9477,0
convnext_tiny,43,convnext_tiny_s43,OFF,off/scene18/L7__s20260820__0000.png::boost_e,scene18,off,D3b,18,D,3b,0.605082,-7.1653,2.4167,61.1034,9.9477,0
convnext_tiny,43,convnext_tiny_s43,OFF,off/scene18/L7__s20260820__0001.png::boost_e,scene18,off,B3b,16,B,3b,0.58024,-10.1204,15.1866,63.5385,10.0506,0
convnext_tiny,43,convnext_tiny_s43,OFF,off/scene18/L7__s20260820__0001.png::boost_e,scene18,off,C3b,17,C,3b,0.631864,-10.1204,15.1866,63.5385,10.0506,0
convnext_tiny,43,convnext_tiny_s43,OFF,off/scene18/L7__s20260820__0001.png::boost_e,scene18,off,D3b,18,D,3b,0.605085,-10.1204,15.1866,63.5385,10.0506,0
convnext_tiny,43,convnext_tiny_s43,OFF,off/scene18/L7__s20260820__0002.png::boost_e,scene18,off,B3b,16,B,3b,0.580239,-9.0792,9.5062,64.1649,7.1883,0
convnext_tiny,43,convnext_tiny_s43,OFF,off/scene18/L7__s20260820__0002.png::boost_e,scene18,off,C3b,17,C,3b,0.631863,-9.0792,9.5062,64.1649,7.1883,0
convnext_tiny,43,convnext_tiny_s43,OFF,off/scene18/L7__s20260820__0002.png::boost_e,scene18,off,D3b,18,D,3b,0.605083,-9.0792,9.5062,64.1649,7.1883,0
convnext_tiny,43,convnext_tiny_s43,OFF,off/scene18/L7__s20260820__0003.png::boost_e,scene18,off,B3b,16,B,3b,0.580235,-8.8448,-3.6128,59.415,8.964,0
convnext_tiny,43,convnext_tiny_s43,OFF,off/scene18/L7__s20260820__0003.png::boost_e,scene18,off,C3b,17,C,3b,0.631855,-8.8448,-3.6128,59.415,8.964,0
convnext_tiny,43,convnext_tiny_s43,OFF,off/scene18/L7__s20260820__0003.png::boost_e,scene18,off,D3b,18,D,3b,0.605095,-8.8448,-3.6128,59.415,8.964,0
convnext_tiny,43,convnext_tiny_s43,OFF,off/scene18/L7__s20260820__0004.png::boost_e,scene18,off,B3b,16,B,3b,0.580241,-16.4348,4.8995,62.3306,10.047,0
convnext_tiny,43,convnext_tiny_s43,OFF,off/scene18/L7__s20260820__0004.png::boost_e,scene18,off,C3b,17,C,3b,0.631854,-16.4348,4.8995,62.3306,10.047,0
convnext_tiny,43,convnext_tiny_s43,OFF,off/scene18/L7__s20260820__0004.png::boost_e,scene18,off,D3b,18,D,3b,0.605091,-16.4348,4.8995,62.3306,10.047,0
convnext_tiny,43,convnext_tiny_s43,OFF,off/scene18/L7__s20260820__0005.png::boost_e,scene18,off,B3b,16,B,3b,0.580237,-10.8924,-2.0965,60.6044,6.3047,0
convnext_tiny,43,convnext_tiny_s43,OFF,off/scene18/L7__s20260820__0005.png::boost_e,scene18,off,C3b,17,C,3b,0.631878,-10.8924,-2.0965,60.6044,6.3047,0
convnext_tiny,43,convnext_tiny_s43,OFF,off/scene18/L7__s20260820__0005.png::boost_e,scene18,off,D3b,18,D,3b,0.605075,-10.8924,-2.0965,60.6044,6.3047,0
convnext_tiny,43,convnext_tiny_s43,OFF,off/scene18/L7__s20260820__0006.png::boost_e,scene18,off,B3b,16,B,3b,0.580232,-9.0932,1.6737,60.8772,6.4479,0
convnext_tiny,43,convnext_tiny_s43,OFF,off/scene18/L7__s20260820__0006.png::boost_e,scene18,off,C3b,17,C,3b,0.631844,-9.0932,1.6737,60.8772,6.4479,0
convnext_tiny,43,convnext_tiny_s43,OFF,off/scene18/L7__s20260820__0006.png::boost_e,scene18,off,D3b,18,D,3b,0.605105,-9.0932,1.6737,60.8772,6.4479,0
convnext_tiny,43,convnext_tiny_s43,OFF,off/scene18/L7__s20260820__0007.png::boost_e,scene18,off,B3b,16,B,3b,0.580241,-10.4272,-1.9559,61.0197,11.0403,0
convnext_tiny,43,convnext_tiny_s43,OFF,off/scene18/L7__s20260820__0007.png::boost_e,scene18,off,C3b,17,C,3b,0.631862,-10.4272,-1.9559,61.0197,11.0403,0
convnext_tiny,43,convnext_tiny_s43,OFF,off/scene18/L7__s20260820__0007.png::boost_e,scene18,off,D3b,18,D,3b,0.605087,-10.4272,-1.9559,61.0197,11.0403,0
convnext_tiny,43,convnext_tiny_s43,OFF,off/scene05/L0__s20260821__0000.png::boost_e2,scene05,off,B3b,16,B,3b,0.580186,-9.2269,3.34,61.3567,7.9689,0
convnext_tiny,43,convnext_tiny_s43,OFF,off/scene05/L0__s20260821__0000.png::boost_e2,scene05,off,C3b,17,C,3b,0.631809,-9.2269,3.34,61.3567,7.9689,0
convnext_tiny,43,convnext_tiny_s43,OFF,off/scene05/L0__s20260821__0000.png::boost_e2,scene05,off,D3b,18,D,3b,0.605152,-9.2269,3.34,61.3567,7.9689,0
convnext_tiny,43,convnext_tiny_s43,OFF,off/scene05/L0__s20260821__0001.png::boost_e2,scene05,off,B3b,16,B,3b,0.580192,-11.2173,-11.6748,62.7749,7.0431,0
convnext_tiny,43,convnext_tiny_s43,OFF,off/scene05/L0__s20260821__0001.png::boost_e2,scene05,off,C3b,17,C,3b,0.631816,-11.2173,-11.6748,62.7749,7.0431,0
convnext_tiny,43,convnext_tiny_s43,OFF,off/scene05/L0__s20260821__0001.png::boost_e2,scene05,off,D3b,18,D,3b,0.605142,-11.2173,-11.6748,62.7749,7.0431,0
convnext_tiny,43,convnext_tiny_s43,OFF,off/scene05/L0__s20260821__0002.png::boost_e2,scene05,off,B3b,16,B,3b,0.580208,-15.7704,1.4372,61.5149,5.9617,0
convnext_tiny,43,convnext_tiny_s43,OFF,off/scene05/L0__s20260821__0002.png::boost_e2,scene05,off,C3b,17,C,3b,0.631789,-15.7704,1.4372,61.5149,5.9617,0
convnext_tiny,43,convnext_tiny_s43,OFF,off/scene05/L0__s20260821__0002.png::boost_e2,scene05,off,D3b,18,D,3b,0.605147,-15.7704,1.4372,61.5149,5.9617,0
convnext_tiny,43,convnext_tiny_s43,OFF,off/scene05/L0__s20260821__0003.png::boost_e2,scene05,off,B3b,16,B,3b,0.5802,-13.9288,9.5381,64.0128,8.7159,0
convnext_tiny,43,convnext_tiny_s43,OFF,off/scene05/L0__s20260821__0003.png::boost_e2,scene05,off,C3b,17,C,3b,0.63183,-13.9288,9.5381,64.0128,8.7159,0
convnext_tiny,43,convnext_tiny_s43,OFF,off/scene05/L0__s20260821__0003.png::boost_e2,scene05,off,D3b,18,D,3b,0.605124,-13.9288,9.5381,64.0128,8.7159,0
convnext_tiny,43,convnext_tiny_s43,OFF,off/scene05/L0__s20260821__0004.png::boost_e2,scene05,off,B3b,16,B,3b,0.580129,-5.7278,-7.1228,63.154,4.5329,0
convnext_tiny,43,convnext_tiny_s43,OFF,off/scene05/L0__s20260821__0004.png::boost_e2,scene05,off,C3b,17,C,3b,0.63178,-5.7278,-7.1228,63.154,4.5329,0
convnext_tiny,43,convnext_tiny_s43,OFF,off/scene05/L0__s20260821__0004.png::boost_e2,scene05,off,D3b,18,D,3b,0.605223,-5.7278,-7.1228,63.154,4.5329,0
convnext_tiny,43,convnext_tiny_s43,OFF,off/scene05/L0__s20260821__0005.png::boost_e2,scene05,off,B3b,16,B,3b,0.580155,-4.1908,-7.725,63.2632,5.4495,0
convnext_tiny,43,convnext_tiny_s43,OFF,off/scene05/L0__s20260821__0005.png::boost_e2,scene05,off,C3b,17,C,3b,0.631793,-4.1908,-7.725,63.2632,5.4495,0
convnext_tiny,43,convnext_tiny_s43,OFF,off/scene05/L0__s20260821__0005.png::boost_e2,scene05,off,D3b,18,D,3b,0.605185,-4.1908,-7.725,63.2632,5.4495,0
convnext_tiny,43,convnext_tiny_s43,OFF,off/scene05/L0__s20260821__0006.png::boost_e2,scene05,off,B3b,16,B,3b,0.58017,-4.6329,-0.5322,62.7745,5.8797,0
convnext_tiny,43,convnext_tiny_s43,OFF,off/scene05/L0__s20260821__0006.png::boost_e2,scene05,off,C3b,17,C,3b,0.631797,-4.6329,-0.5322,62.7745,5.8797,0
convnext_tiny,43,convnext_tiny_s43,OFF,off/scene05/L0__s20260821__0006.png::boost_e2,scene05,off,D3b,18,D,3b,0.605176,-4.6329,-0.5322,62.7745,5.8797,0
convnext_tiny,43,convnext_tiny_s43,OFF,off/scene05/L0__s20260821__0007.png::boost_e2,scene05,off,B3b,16,B,3b,0.580173,-3.79,-2.1479,63.1629,5.4524,0
convnext_tiny,43,convnext_tiny_s43,OFF,off/scene05/L0__s20260821__0007.png::boost_e2,scene05,off,C3b,17,C,3b,0.631799,-3.79,-2.1479,63.1629,5.4524,0
convnext_tiny,43,convnext_tiny_s43,OFF,off/scene05/L0__s20260821__0007.png::boost_e2,scene05,off,D3b,18,D,3b,0.60517,-3.79,-2.1479,63.1629,5.4524,0
convnext_tiny,43,convnext_tiny_s43,OFF,off/scene05/L5__s20260821__0000.png::boost_e2,scene05,off,B3b,16,B,3b,0.580063,-9.2269,3.34,61.3567,7.9689,0
convnext_tiny,43,convnext_tiny_s43,OFF,off/scene05/L5__s20260821__0000.png::boost_e2,scene05,off,C3b,17,C,3b,0.631735,-9.2269,3.34,61.3567,7.9689,0
convnext_tiny,43,convnext_tiny_s43,OFF,off/scene05/L5__s20260821__0000.png::boost_e2,scene05,off,D3b,18,D,3b,0.605332,-9.2269,3.34,61.3567,7.9689,0
convnext_tiny,43,convnext_tiny_s43,OFF,off/scene05/L5__s20260821__0001.png::boost_e2,scene05,off,B3b,16,B,3b,0.580167,-11.2173,-11.6748,62.7749,7.0431,0
convnext_tiny,43,convnext_tiny_s43,OFF,off/scene05/L5__s20260821__0001.png::boost_e2,scene05,off,C3b,17,C,3b,0.631775,-11.2173,-11.6748,62.7749,7.0431,0
convnext_tiny,43,convnext_tiny_s43,OFF,off/scene05/L5__s20260821__0001.png::boost_e2,scene05,off,D3b,18,D,3b,0.605216,-11.2173,-11.6748,62.7749,7.0431,0
convnext_tiny,43,convnext_tiny_s43,OFF,off/scene05/L5__s20260821__0002.png::boost_e2,scene05,off,B3b,16,B,3b,0.580019,-15.7704,1.4372,61.5149,5.9617,0
convnext_tiny,43,convnext_tiny_s43,OFF,off/scene05/L5__s20260821__0002.png::boost_e2,scene05,off,C3b,17,C,3b,0.631756,-15.7704,1.4372,61.5149,5.9617,0
convnext_tiny,43,convnext_tiny_s43,OFF,off/scene05/L5__s20260821__0002.png::boost_e2,scene05,off,D3b,18,D,3b,0.605412,-15.7704,1.4372,61.5149,5.9617,0
convnext_tiny,43,convnext_tiny_s43,OFF,off/scene05/L5__s20260821__0003.png::boost_e2,scene05,off,B3b,16,B,3b,0.580189,-13.9288,9.5381,64.0128,8.7159,0
convnext_tiny,43,convnext_tiny_s43,OFF,off/scene05/L5__s20260821__0003.png::boost_e2,scene05,off,C3b,17,C,3b,0.631783,-13.9288,9.5381,64.0128,8.7159,0
convnext_tiny,43,convnext_tiny_s43,OFF,off/scene05/L5__s20260821__0003.png::boost_e2,scene05,off,D3b,18,D,3b,0.605184,-13.9288,9.5381,64.0128,8.7159,0
convnext_tiny,43,convnext_tiny_s43,OFF,off/scene05/L5__s20260821__0004.png::boost_e2,scene05,off,B3b,16,B,3b,0.58011,-5.7278,-7.1228,63.154,4.5329,0
convnext_tiny,43,convnext_tiny_s43,OFF,off/scene05/L5__s20260821__0004.png::boost_e2,scene05,off,C3b,17,C,3b,0.631777,-5.7278,-7.1228,63.154,4.5329,0
convnext_tiny,43,convnext_tiny_s43,OFF,off/scene05/L5__s20260821__0004.png::boost_e2,scene05,off,D3b,18,D,3b,0.605282,-5.7278,-7.1228,63.154,4.5329,0
convnext_tiny,43,convnext_tiny_s43,OFF,off/scene05/L5__s20260821__0005.png::boost_e2,scene05,off,B3b,16,B,3b,0.580143,-4.1908,-7.725,63.2632,5.4495,0
convnext_tiny,43,convnext_tiny_s43,OFF,off/scene05/L5__s20260821__0005.png::boost_e2,scene05,off,C3b,17,C,3b,0.631791,-4.1908,-7.725,63.2632,5.4495,0
convnext_tiny,43,convnext_tiny_s43,OFF,off/scene05/L5__s20260821__0005.png::boost_e2,scene05,off,D3b,18,D,3b,0.605237,-4.1908,-7.725,63.2632,5.4495,0
convnext_tiny,43,convnext_tiny_s43,OFF,off/scene05/L5__s20260821__0006.png::boost_e2,scene05,off,B3b,16,B,3b,0.580151,-4.6329,-0.5322,62.7745,5.8797,0
convnext_tiny,43,convnext_tiny_s43,OFF,off/scene05/L5__s20260821__0006.png::boost_e2,scene05,off,C3b,17,C,3b,0.631786,-4.6329,-0.5322,62.7745,5.8797,0
convnext_tiny,43,convnext_tiny_s43,OFF,off/scene05/L5__s20260821__0006.png::boost_e2,scene05,off,D3b,18,D,3b,0.605239,-4.6329,-0.5322,62.7745,5.8797,0
convnext_tiny,43,convnext_tiny_s43,OFF,off/scene05/L5__s20260821__0007.png::boost_e2,scene05,off,B3b,16,B,3b,0.580168,-3.79,-2.1479,63.1629,5.4524,0
convnext_tiny,43,convnext_tiny_s43,OFF,off/scene05/L5__s20260821__0007.png::boost_e2,scene05,off,C3b,17,C,3b,0.631789,-3.79,-2.1479,63.1629,5.4524,0
convnext_tiny,43,convnext_tiny_s43,OFF,off/scene05/L5__s20260821__0007.png::boost_e2,scene05,off,D3b,18,D,3b,0.605211,-3.79,-2.1479,63.1629,5.4524,0
convnext_tiny,43,convnext_tiny_s43,OFF,off/scene05/L7__s20260821__0000.png::boost_e2,scene05,off,B3b,16,B,3b,0.580217,-9.2269,3.34,61.3567,7.9689,0
convnext_tiny,43,convnext_tiny_s43,OFF,off/scene05/L7__s20260821__0000.png::boost_e2,scene05,off,C3b,17,C,3b,0.631845,-9.2269,3.34,61.3567,7.9689,0
convnext_tiny,43,convnext_tiny_s43,OFF,off/scene05/L7__s20260821__0000.png::boost_e2,scene05,off,D3b,18,D,3b,0.605112,-9.2269,3.34,61.3567,7.9689,0
convnext_tiny,43,convnext_tiny_s43,OFF,off/scene05/L7__s20260821__0001.png::boost_e2,scene05,off,B3b,16,B,3b,0.580217,-11.2173,-11.6748,62.7749,7.0431,0
convnext_tiny,43,convnext_tiny_s43,OFF,off/scene05/L7__s20260821__0001.png::boost_e2,scene05,off,C3b,17,C,3b,0.631842,-11.2173,-11.6748,62.7749,7.0431,0
convnext_tiny,43,convnext_tiny_s43,OFF,off/scene05/L7__s20260821__0001.png::boost_e2,scene05,off,D3b,18,D,3b,0.605114,-11.2173,-11.6748,62.7749,7.0431,0
convnext_tiny,43,convnext_tiny_s43,OFF,off/scene05/L7__s20260821__0002.png::boost_e2,scene05,off,B3b,16,B,3b,0.580226,-15.7704,1.4372,61.5149,5.9617,0
convnext_tiny,43,convnext_tiny_s43,OFF,off/scene05/L7__s20260821__0002.png::boost_e2,scene05,off,C3b,17,C,3b,0.631818,-15.7704,1.4372,61.5149,5.9617,0
convnext_tiny,43,convnext_tiny_s43,OFF,off/scene05/L7__s20260821__0002.png::boost_e2,scene05,off,D3b,18,D,3b,0.60512,-15.7704,1.4372,61.5149,5.9617,0
convnext_tiny,43,convnext_tiny_s43,OFF,off/scene05/L7__s20260821__0003.png::boost_e2,scene05,off,B3b,16,B,3b,0.58022,-13.9288,9.5381,64.0128,8.7159,0
convnext_tiny,43,convnext_tiny_s43,OFF,off/scene05/L7__s20260821__0003.png::boost_e2,scene05,off,C3b,17,C,3b,0.63185,-13.9288,9.5381,64.0128,8.7159,0
convnext_tiny,43,convnext_tiny_s43,OFF,off/scene05/L7__s20260821__0003.png::boost_e2,scene05,off,D3b,18,D,3b,0.605106,-13.9288,9.5381,64.0128,8.7159,0
convnext_tiny,43,convnext_tiny_s43,OFF,off/scene05/L7__s20260821__0004.png::boost_e2,scene05,off,B3b,16,B,3b,0.580186,-5.7278,-7.1228,63.154,4.5329,0
convnext_tiny,43,convnext_tiny_s43,OFF,off/scene05/L7__s20260821__0004.png::boost_e2,scene05,off,C3b,17,C,3b,0.631802,-5.7278,-7.1228,63.154,4.5329,0
convnext_tiny,43,convnext_tiny_s43,OFF,off/scene05/L7__s20260821__0004.png::boost_e2,scene05,off,D3b,18,D,3b,0.605162,-5.7278,-7.1228,63.154,4.5329,0
convnext_tiny,43,convnext_tiny_s43,OFF,off/scene05/L7__s20260821__0005.png::boost_e2,scene05,off,B3b,16,B,3b,0.580203,-4.1908,-7.725,63.2632,5.4495,0
convnext_tiny,43,convnext_tiny_s43,OFF,off/scene05/L7__s20260821__0005.png::boost_e2,scene05,off,C3b,17,C,3b,0.631838,-4.1908,-7.725,63.2632,5.4495,0
convnext_tiny,43,convnext_tiny_s43,OFF,off/scene05/L7__s20260821__0005.png::boost_e2,scene05,off,D3b,18,D,3b,0.605121,-4.1908,-7.725,63.2632,5.4495,0
convnext_tiny,43,convnext_tiny_s43,OFF,off/scene05/L7__s20260821__0006.png::boost_e2,scene05,off,B3b,16,B,3b,0.580211,-4.6329,-0.5322,62.7745,5.8797,0
convnext_tiny,43,convnext_tiny_s43,OFF,off/scene05/L7__s20260821__0006.png::boost_e2,scene05,off,C3b,17,C,3b,0.631845,-4.6329,-0.5322,62.7745,5.8797,0
convnext_tiny,43,convnext_tiny_s43,OFF,off/scene05/L7__s20260821__0006.png::boost_e2,scene05,off,D3b,18,D,3b,0.605116,-4.6329,-0.5322,62.7745,5.8797,0
convnext_tiny,43,convnext_tiny_s43,OFF,off/scene05/L7__s20260821__0007.png::boost_e2,scene05,off,B3b,16,B,3b,0.580214,-3.79,-2.1479,63.1629,5.4524,0
convnext_tiny,43,convnext_tiny_s43,OFF,off/scene05/L7__s20260821__0007.png::boost_e2,scene05,off,C3b,17,C,3b,0.63185,-3.79,-2.1479,63.1629,5.4524,0
convnext_tiny,43,convnext_tiny_s43,OFF,off/scene05/L7__s20260821__0007.png::boost_e2,scene05,off,D3b,18,D,3b,0.605112,-3.79,-2.1479,63.1629,5.4524,0
convnext_tiny,43,convnext_tiny_s43,OFF,off/scene07/L0__s20260821__0000.png::boost_e2,scene07,off,B3b,16,B,3b,0.580133,-9.0864,4.975,60.5839,4.6498,0
convnext_tiny,43,convnext_tiny_s43,OFF,off/scene07/L0__s20260821__0000.png::boost_e2,scene07,off,C3b,17,C,3b,0.631822,-9.0864,4.975,60.5839,4.6498,0
convnext_tiny,43,convnext_tiny_s43,OFF,off/scene07/L0__s20260821__0000.png::boost_e2,scene07,off,D3b,18,D,3b,0.60521,-9.0864,4.975,60.5839,4.6498,0
convnext_tiny,43,convnext_tiny_s43,OFF,off/scene07/L0__s20260821__0001.png::boost_e2,scene07,off,B3b,16,B,3b,0.580133,-8.6491,14.3681,62.653,6.526,0
convnext_tiny,43,convnext_tiny_s43,OFF,off/scene07/L0__s20260821__0001.png::boost_e2,scene07,off,C3b,17,C,3b,0.631811,-8.6491,14.3681,62.653,6.526,0
convnext_tiny,43,convnext_tiny_s43,OFF,off/scene07/L0__s20260821__0001.png::boost_e2,scene07,off,D3b,18,D,3b,0.605214,-8.6491,14.3681,62.653,6.526,0
convnext_tiny,43,convnext_tiny_s43,OFF,off/scene07/L0__s20260821__0002.png::boost_e2,scene07,off,B3b,16,B,3b,0.580158,-11.7553,7.174,61.7523,8.5736,0
convnext_tiny,43,convnext_tiny_s43,OFF,off/scene07/L0__s20260821__0002.png::boost_e2,scene07,off,C3b,17,C,3b,0.63182,-11.7553,7.174,61.7523,8.5736,0
convnext_tiny,43,convnext_tiny_s43,OFF,off/scene07/L0__s20260821__0002.png::boost_e2,scene07,off,D3b,18,D,3b,0.605176,-11.7553,7.174,61.7523,8.5736,0
convnext_tiny,43,convnext_tiny_s43,OFF,off/scene07/L0__s20260821__0003.png::boost_e2,scene07,off,B3b,16,B,3b,0.580151,-11.0113,-0.6132,62.5016,7.1387,0
convnext_tiny,43,convnext_tiny_s43,OFF,off/scene07/L0__s20260821__0003.png::boost_e2,scene07,off,C3b,17,C,3b,0.631816,-11.0113,-0.6132,62.5016,7.1387,0
convnext_tiny,43,convnext_tiny_s43,OFF,off/scene07/L0__s20260821__0003.png::boost_e2,scene07,off,D3b,18,D,3b,0.605188,-11.0113,-0.6132,62.5016,7.1387,0
convnext_tiny,43,convnext_tiny_s43,OFF,off/scene07/L0__s20260821__0004.png::boost_e2,scene07,off,B3b,16,B,3b,0.580171,-13.3275,-0.1348,64.6075,6.5636,0
convnext_tiny,43,convnext_tiny_s43,OFF,off/scene07/L0__s20260821__0004.png::boost_e2,scene07,off,C3b,17,C,3b,0.631809,-13.3275,-0.1348,64.6075,6.5636,0
convnext_tiny,43,convnext_tiny_s43,OFF,off/scene07/L0__s20260821__0004.png::boost_e2,scene07,off,D3b,18,D,3b,0.605159,-13.3275,-0.1348,64.6075,6.5636,0
convnext_tiny,43,convnext_tiny_s43,OFF,off/scene07/L0__s20260821__0005.png::boost_e2,scene07,off,B3b,16,B,3b,0.580156,-5.0214,-1.8091,62.1167,8.8712,0
convnext_tiny,43,convnext_tiny_s43,OFF,off/scene07/L0__s20260821__0005.png::boost_e2,scene07,off,C3b,17,C,3b,0.631798,-5.0214,-1.8091,62.1167,8.8712,0
convnext_tiny,43,convnext_tiny_s43,OFF,off/scene07/L0__s20260821__0005.png::boost_e2,scene07,off,D3b,18,D,3b,0.605192,-5.0214,-1.8091,62.1167,8.8712,0
convnext_tiny,43,convnext_tiny_s43,OFF,off/scene07/L0__s20260821__0006.png::boost_e2,scene07,off,B3b,16,B,3b,0.580163,-12.1066,0.0159,62.3073,6.0804,0
convnext_tiny,43,convnext_tiny_s43,OFF,off/scene07/L0__s20260821__0006.png::boost_e2,scene07,off,C3b,17,C,3b,0.631813,-12.1066,0.0159,62.3073,6.0804,0
convnext_tiny,43,convnext_tiny_s43,OFF,off/scene07/L0__s20260821__0006.png::boost_e2,scene07,off,D3b,18,D,3b,0.605169,-12.1066,0.0159,62.3073,6.0804,0
convnext_tiny,43,convnext_tiny_s43,OFF,off/scene07/L0__s20260821__0007.png::boost_e2,scene07,off,B3b,16,B,3b,0.58016,-12.7675,1.6425,64.5249,4.4163,0
convnext_tiny,43,convnext_tiny_s43,OFF,off/scene07/L0__s20260821__0007.png::boost_e2,scene07,off,C3b,17,C,3b,0.631823,-12.7675,1.6425,64.5249,4.4163,0
convnext_tiny,43,convnext_tiny_s43,OFF,off/scene07/L0__s20260821__0007.png::boost_e2,scene07,off,D3b,18,D,3b,0.605173,-12.7675,1.6425,64.5249,4.4163,0
convnext_tiny,43,convnext_tiny_s43,OFF,off/scene07/L5__s20260821__0000.png::boost_e2,scene07,off,B3b,16,B,3b,0.580129,-9.0864,4.975,60.5839,4.6498,0
convnext_tiny,43,convnext_tiny_s43,OFF,off/scene07/L5__s20260821__0000.png::boost_e2,scene07,off,C3b,17,C,3b,0.63179,-9.0864,4.975,60.5839,4.6498,0
convnext_tiny,43,convnext_tiny_s43,OFF,off/scene07/L5__s20260821__0000.png::boost_e2,scene07,off,D3b,18,D,3b,0.605262,-9.0864,4.975,60.5839,4.6498,0
convnext_tiny,43,convnext_tiny_s43,OFF,off/scene07/L5__s20260821__0001.png::boost_e2,scene07,off,B3b,16,B,3b,0.580194,-8.6491,14.3681,62.653,6.526,0
convnext_tiny,43,convnext_tiny_s43,OFF,off/scene07/L5__s20260821__0001.png::boost_e2,scene07,off,C3b,17,C,3b,0.631756,-8.6491,14.3681,62.653,6.526,0
convnext_tiny,43,convnext_tiny_s43,OFF,off/scene07/L5__s20260821__0001.png::boost_e2,scene07,off,D3b,18,D,3b,0.605173,-8.6491,14.3681,62.653,6.526,0
convnext_tiny,43,convnext_tiny_s43,OFF,off/scene07/L5__s20260821__0002.png::boost_e2,scene07,off,B3b,16,B,3b,0.58015,-11.7553,7.174,61.7523,8.5736,0
convnext_tiny,43,convnext_tiny_s43,OFF,off/scene07/L5__s20260821__0002.png::boost_e2,scene07,off,C3b,17,C,3b,0.63178,-11.7553,7.174,61.7523,8.5736,0
convnext_tiny,43,convnext_tiny_s43,OFF,off/scene07/L5__s20260821__0002.png::boost_e2,scene07,off,D3b,18,D,3b,0.605233,-11.7553,7.174,61.7523,8.5736,0
convnext_tiny,43,convnext_tiny_s43,OFF,off/scene07/L5__s20260821__0003.png::boost_e2,scene07,off,B3b,16,B,3b,0.580193,-11.0113,-0.6132,62.5016,7.1387,0
convnext_tiny,43,convnext_tiny_s43,OFF,off/scene07/L5__s20260821__0003.png::boost_e2,scene07,off,C3b,17,C,3b,0.631753,-11.0113,-0.6132,62.5016,7.1387,0
convnext_tiny,43,convnext_tiny_s43,OFF,off/scene07/L5__s20260821__0003.png::boost_e2,scene07,off,D3b,18,D,3b,0.605168,-11.0113,-0.6132,62.5016,7.1387,0
convnext_tiny,43,convnext_tiny_s43,OFF,off/scene07/L5__s20260821__0004.png::boost_e2,scene07,off,B3b,16,B,3b,0.580193,-13.3275,-0.1348,64.6075,6.5636,0
convnext_tiny,43,convnext_tiny_s43,OFF,off/scene07/L5__s20260821__0004.png::boost_e2,scene07,off,C3b,17,C,3b,0.631754,-13.3275,-0.1348,64.6075,6.5636,0
convnext_tiny,43,convnext_tiny_s43,OFF,off/scene07/L5__s20260821__0004.png::boost_e2,scene07,off,D3b,18,D,3b,0.605168,-13.3275,-0.1348,64.6075,6.5636,0
convnext_tiny,43,convnext_tiny_s43,OFF,off/scene07/L5__s20260821__0005.png::boost_e2,scene07,off,B3b,16,B,3b,0.580106,-5.0214,-1.8091,62.1167,8.8712,0
convnext_tiny,43,convnext_tiny_s43,OFF,off/scene07/L5__s20260821__0005.png::boost_e2,scene07,off,C3b,17,C,3b,0.631784,-5.0214,-1.8091,62.1167,8.8712,0
convnext_tiny,43,convnext_tiny_s43,OFF,off/scene07/L5__s20260821__0005.png::boost_e2,scene07,off,D3b,18,D,3b,0.605307,-5.0214,-1.8091,62.1167,8.8712,0
convnext_tiny,43,convnext_tiny_s43,OFF,off/scene07/L5__s20260821__0006.png::boost_e2,scene07,off,B3b,16,B,3b,0.580194,-12.1066,0.0159,62.3073,6.0804,0
convnext_tiny,43,convnext_tiny_s43,OFF,off/scene07/L5__s20260821__0006.png::boost_e2,scene07,off,C3b,17,C,3b,0.631757,-12.1066,0.0159,62.3073,6.0804,0
convnext_tiny,43,convnext_tiny_s43,OFF,off/scene07/L5__s20260821__0006.png::boost_e2,scene07,off,D3b,18,D,3b,0.605163,-12.1066,0.0159,62.3073,6.0804,0
convnext_tiny,43,convnext_tiny_s43,OFF,off/scene07/L5__s20260821__0007.png::boost_e2,scene07,off,B3b,16,B,3b,0.580198,-12.7675,1.6425,64.5249,4.4163,0
convnext_tiny,43,convnext_tiny_s43,OFF,off/scene07/L5__s20260821__0007.png::boost_e2,scene07,off,C3b,17,C,3b,0.631756,-12.7675,1.6425,64.5249,4.4163,0
convnext_tiny,43,convnext_tiny_s43,OFF,off/scene07/L5__s20260821__0007.png::boost_e2,scene07,off,D3b,18,D,3b,0.605164,-12.7675,1.6425,64.5249,4.4163,0
convnext_tiny,43,convnext_tiny_s43,OFF,off/scene07/L7__s20260821__0000.png::boost_e2,scene07,off,B3b,16,B,3b,0.580143,-9.0864,4.975,60.5839,4.6498,0
convnext_tiny,43,convnext_tiny_s43,OFF,off/scene07/L7__s20260821__0000.png::boost_e2,scene07,off,C3b,17,C,3b,0.631824,-9.0864,4.975,60.5839,4.6498,0
convnext_tiny,43,convnext_tiny_s43,OFF,off/scene07/L7__s20260821__0000.png::boost_e2,scene07,off,D3b,18,D,3b,0.605204,-9.0864,4.975,60.5839,4.6498,0
convnext_tiny,43,convnext_tiny_s43,OFF,off/scene07/L7__s20260821__0001.png::boost_e2,scene07,off,B3b,16,B,3b,0.580156,-8.6491,14.3681,62.653,6.526,0
convnext_tiny,43,convnext_tiny_s43,OFF,off/scene07/L7__s20260821__0001.png::boost_e2,scene07,off,C3b,17,C,3b,0.631806,-8.6491,14.3681,62.653,6.526,0
convnext_tiny,43,convnext_tiny_s43,OFF,off/scene07/L7__s20260821__0001.png::boost_e2,scene07,off,D3b,18,D,3b,0.60518,-8.6491,14.3681,62.653,6.526,0
convnext_tiny,43,convnext_tiny_s43,OFF,off/scene07/L7__s20260821__0002.png::boost_e2,scene07,off,B3b,16,B,3b,0.580167,-11.7553,7.174,61.7523,8.5736,0
convnext_tiny,43,convnext_tiny_s43,OFF,off/scene07/L7__s20260821__0002.png::boost_e2,scene07,off,C3b,17,C,3b,0.631826,-11.7553,7.174,61.7523,8.5736,0
convnext_tiny,43,convnext_tiny_s43,OFF,off/scene07/L7__s20260821__0002.png::boost_e2,scene07,off,D3b,18,D,3b,0.605171,-11.7553,7.174,61.7523,8.5736,0
convnext_tiny,43,convnext_tiny_s43,OFF,off/scene07/L7__s20260821__0003.png::boost_e2,scene07,off,B3b,16,B,3b,0.580164,-11.0113,-0.6132,62.5016,7.1387,0
convnext_tiny,43,convnext_tiny_s43,OFF,off/scene07/L7__s20260821__0003.png::boost_e2,scene07,off,C3b,17,C,3b,0.631813,-11.0113,-0.6132,62.5016,7.1387,0
convnext_tiny,43,convnext_tiny_s43,OFF,off/scene07/L7__s20260821__0003.png::boost_e2,scene07,off,D3b,18,D,3b,0.605175,-11.0113,-0.6132,62.5016,7.1387,0
convnext_tiny,43,convnext_tiny_s43,OFF,off/scene07/L7__s20260821__0004.png::boost_e2,scene07,off,B3b,16,B,3b,0.580198,-13.3275,-0.1348,64.6075,6.5636,0
convnext_tiny,43,convnext_tiny_s43,OFF,off/scene07/L7__s20260821__0004.png::boost_e2,scene07,off,C3b,17,C,3b,0.631816,-13.3275,-0.1348,64.6075,6.5636,0
convnext_tiny,43,convnext_tiny_s43,OFF,off/scene07/L7__s20260821__0004.png::boost_e2,scene07,off,D3b,18,D,3b,0.605119,-13.3275,-0.1348,64.6075,6.5636,0
convnext_tiny,43,convnext_tiny_s43,OFF,off/scene07/L7__s20260821__0005.png::boost_e2,scene07,off,B3b,16,B,3b,0.580219,-5.0214,-1.8091,62.1167,8.8712,0
convnext_tiny,43,convnext_tiny_s43,OFF,off/scene07/L7__s20260821__0005.png::boost_e2,scene07,off,C3b,17,C,3b,0.631829,-5.0214,-1.8091,62.1167,8.8712,0
convnext_tiny,43,convnext_tiny_s43,OFF,off/scene07/L7__s20260821__0005.png::boost_e2,scene07,off,D3b,18,D,3b,0.605121,-5.0214,-1.8091,62.1167,8.8712,0
convnext_tiny,43,convnext_tiny_s43,OFF,off/scene07/L7__s20260821__0006.png::boost_e2,scene07,off,B3b,16,B,3b,0.580178,-12.1066,0.0159,62.3073,6.0804,0
convnext_tiny,43,convnext_tiny_s43,OFF,off/scene07/L7__s20260821__0006.png::boost_e2,scene07,off,C3b,17,C,3b,0.631812,-12.1066,0.0159,62.3073,6.0804,0
convnext_tiny,43,convnext_tiny_s43,OFF,off/scene07/L7__s20260821__0006.png::boost_e2,scene07,off,D3b,18,D,3b,0.605142,-12.1066,0.0159,62.3073,6.0804,0
convnext_tiny,43,convnext_tiny_s43,OFF,off/scene07/L7__s20260821__0007.png::boost_e2,scene07,off,B3b,16,B,3b,0.58017,-12.7675,1.6425,64.5249,4.4163,0
convnext_tiny,43,convnext_tiny_s43,OFF,off/scene07/L7__s20260821__0007.png::boost_e2,scene07,off,C3b,17,C,3b,0.631825,-12.7675,1.6425,64.5249,4.4163,0
convnext_tiny,43,convnext_tiny_s43,OFF,off/scene07/L7__s20260821__0007.png::boost_e2,scene07,off,D3b,18,D,3b,0.605167,-12.7675,1.6425,64.5249,4.4163,0
convnext_tiny,43,convnext_tiny_s43,OFF,off/scene18/L0__s20260821__0000.png::boost_e2,scene18,off,B3b,16,B,3b,0.58024,-8.1314,-6.8834,61.6424,6.9167,0
convnext_tiny,43,convnext_tiny_s43,OFF,off/scene18/L0__s20260821__0000.png::boost_e2,scene18,off,C3b,17,C,3b,0.631867,-8.1314,-6.8834,61.6424,6.9167,0
convnext_tiny,43,convnext_tiny_s43,OFF,off/scene18/L0__s20260821__0000.png::boost_e2,scene18,off,D3b,18,D,3b,0.605084,-8.1314,-6.8834,61.6424,6.9167,0
convnext_tiny,43,convnext_tiny_s43,OFF,off/scene18/L0__s20260821__0001.png::boost_e2,scene18,off,B3b,16,B,3b,0.58024,-11.4302,-0.5328,63.721,4.691,0
convnext_tiny,43,convnext_tiny_s43,OFF,off/scene18/L0__s20260821__0001.png::boost_e2,scene18,off,C3b,17,C,3b,0.631845,-11.4302,-0.5328,63.721,4.691,0
convnext_tiny,43,convnext_tiny_s43,OFF,off/scene18/L0__s20260821__0001.png::boost_e2,scene18,off,D3b,18,D,3b,0.605092,-11.4302,-0.5328,63.721,4.691,0
convnext_tiny,43,convnext_tiny_s43,OFF,off/scene18/L0__s20260821__0002.png::boost_e2,scene18,off,B3b,16,B,3b,0.580241,-8.9683,14.9838,61.9861,5.8493,0
convnext_tiny,43,convnext_tiny_s43,OFF,off/scene18/L0__s20260821__0002.png::boost_e2,scene18,off,C3b,17,C,3b,0.631864,-8.9683,14.9838,61.9861,5.8493,0
convnext_tiny,43,convnext_tiny_s43,OFF,off/scene18/L0__s20260821__0002.png::boost_e2,scene18,off,D3b,18,D,3b,0.605084,-8.9683,14.9838,61.9861,5.8493,0
convnext_tiny,43,convnext_tiny_s43,OFF,off/scene18/L0__s20260821__0003.png::boost_e2,scene18,off,B3b,16,B,3b,0.580241,-11.9451,-8.9088,61.9543,8.2439,0
convnext_tiny,43,convnext_tiny_s43,OFF,off/scene18/L0__s20260821__0003.png::boost_e2,scene18,off,C3b,17,C,3b,0.631855,-11.9451,-8.9088,61.9543,8.2439,0
convnext_tiny,43,convnext_tiny_s43,OFF,off/scene18/L0__s20260821__0003.png::boost_e2,scene18,off,D3b,18,D,3b,0.605087,-11.9451,-8.9088,61.9543,8.2439,0
convnext_tiny,43,convnext_tiny_s43,OFF,off/scene18/L0__s20260821__0004.png::boost_e2,scene18,off,B3b,16,B,3b,0.580242,-5.9762,12.1226,62.7369,6.2891,0
convnext_tiny,43,convnext_tiny_s43,OFF,off/scene18/L0__s20260821__0004.png::boost_e2,scene18,off,C3b,17,C,3b,0.631857,-5.9762,12.1226,62.7369,6.2891,0
convnext_tiny,43,convnext_tiny_s43,OFF,off/scene18/L0__s20260821__0004.png::boost_e2,scene18,off,D3b,18,D,3b,0.605092,-5.9762,12.1226,62.7369,6.2891,0
convnext_tiny,43,convnext_tiny_s43,OFF,off/scene18/L0__s20260821__0005.png::boost_e2,scene18,off,B3b,16,B,3b,0.580234,-9.7583,2.6568,60.7358,7.2478,0
convnext_tiny,43,convnext_tiny_s43,OFF,off/scene18/L0__s20260821__0005.png::boost_e2,scene18,off,C3b,17,C,3b,0.631842,-9.7583,2.6568,60.7358,7.2478,0
convnext_tiny,43,convnext_tiny_s43,OFF,off/scene18/L0__s20260821__0005.png::boost_e2,scene18,off,D3b,18,D,3b,0.605101,-9.7583,2.6568,60.7358,7.2478,0
convnext_tiny,43,convnext_tiny_s43,OFF,off/scene18/L0__s20260821__0006.png::boost_e2,scene18,off,B3b,16,B,3b,0.580238,-14.0417,8.7955,61.3845,7.5669,0
convnext_tiny,43,convnext_tiny_s43,OFF,off/scene18/L0__s20260821__0006.png::boost_e2,scene18,off,C3b,17,C,3b,0.631844,-14.0417,8.7955,61.3845,7.5669,0
convnext_tiny,43,convnext_tiny_s43,OFF,off/scene18/L0__s20260821__0006.png::boost_e2,scene18,off,D3b,18,D,3b,0.605096,-14.0417,8.7955,61.3845,7.5669,0
convnext_tiny,43,convnext_tiny_s43,OFF,off/scene18/L0__s20260821__0007.png::boost_e2,scene18,off,B3b,16,B,3b,0.580242,-10.8723,-9.5014,63.9457,6.7865,0
convnext_tiny,43,convnext_tiny_s43,OFF,off/scene18/L0__s20260821__0007.png::boost_e2,scene18,off,C3b,17,C,3b,0.631855,-10.8723,-9.5014,63.9457,6.7865,0
convnext_tiny,43,convnext_tiny_s43,OFF,off/scene18/L0__s20260821__0007.png::boost_e2,scene18,off,D3b,18,D,3b,0.605089,-10.8723,-9.5014,63.9457,6.7865,0
convnext_tiny,43,convnext_tiny_s43,OFF,off/scene18/L5__s20260821__0000.png::boost_e2,scene18,off,B3b,16,B,3b,0.580231,-8.1314,-6.8834,61.6424,6.9167,0
convnext_tiny,43,convnext_tiny_s43,OFF,off/scene18/L5__s20260821__0000.png::boost_e2,scene18,off,C3b,17,C,3b,0.631881,-8.1314,-6.8834,61.6424,6.9167,0
convnext_tiny,43,convnext_tiny_s43,OFF,off/scene18/L5__s20260821__0000.png::boost_e2,scene18,off,D3b,18,D,3b,0.605077,-8.1314,-6.8834,61.6424,6.9167,0
convnext_tiny,43,convnext_tiny_s43,OFF,off/scene18/L5__s20260821__0001.png::boost_e2,scene18,off,B3b,16,B,3b,0.580027,-11.4302,-0.5328,63.721,4.691,0
convnext_tiny,43,convnext_tiny_s43,OFF,off/scene18/L5__s20260821__0001.png::boost_e2,scene18,off,C3b,17,C,3b,0.631775,-11.4302,-0.5328,63.721,4.691,0
convnext_tiny,43,convnext_tiny_s43,OFF,off/scene18/L5__s20260821__0001.png::boost_e2,scene18,off,D3b,18,D,3b,0.605399,-11.4302,-0.5328,63.721,4.691,0
convnext_tiny,43,convnext_tiny_s43,OFF,off/scene18/L5__s20260821__0002.png::boost_e2,scene18,off,B3b,16,B,3b,0.580233,-8.9683,14.9838,61.9861,5.8493,0
convnext_tiny,43,convnext_tiny_s43,OFF,off/scene18/L5__s20260821__0002.png::boost_e2,scene18,off,C3b,17,C,3b,0.631867,-8.9683,14.9838,61.9861,5.8493,0
convnext_tiny,43,convnext_tiny_s43,OFF,off/scene18/L5__s20260821__0002.png::boost_e2,scene18,off,D3b,18,D,3b,0.605087,-8.9683,14.9838,61.9861,5.8493,0
convnext_tiny,43,convnext_tiny_s43,OFF,off/scene18/L5__s20260821__0003.png::boost_e2,scene18,off,B3b,16,B,3b,0.580234,-11.9451,-8.9088,61.9543,8.2439,0
convnext_tiny,43,convnext_tiny_s43,OFF,off/scene18/L5__s20260821__0003.png::boost_e2,scene18,off,C3b,17,C,3b,0.631872,-11.9451,-8.9088,61.9543,8.2439,0
convnext_tiny,43,convnext_tiny_s43,OFF,off/scene18/L5__s20260821__0003.png::boost_e2,scene18,off,D3b,18,D,3b,0.605084,-11.9451,-8.9088,61.9543,8.2439,0
convnext_tiny,43,convnext_tiny_s43,OFF,off/scene18/L5__s20260821__0004.png::boost_e2,scene18,off,B3b,16,B,3b,0.580028,-5.9762,12.1226,62.7369,6.2891,0
convnext_tiny,43,convnext_tiny_s43,OFF,off/scene18/L5__s20260821__0004.png::boost_e2,scene18,off,C3b,17,C,3b,0.631819,-5.9762,12.1226,62.7369,6.2891,0
convnext_tiny,43,convnext_tiny_s43,OFF,off/scene18/L5__s20260821__0004.png::boost_e2,scene18,off,D3b,18,D,3b,0.605391,-5.9762,12.1226,62.7369,6.2891,0
convnext_tiny,43,convnext_tiny_s43,OFF,off/scene18/L5__s20260821__0005.png::boost_e2,scene18,off,B3b,16,B,3b,0.58023,-9.7583,2.6568,60.7358,7.2478,0
convnext_tiny,43,convnext_tiny_s43,OFF,off/scene18/L5__s20260821__0005.png::boost_e2,scene18,off,C3b,17,C,3b,0.631859,-9.7583,2.6568,60.7358,7.2478,0
convnext_tiny,43,convnext_tiny_s43,OFF,off/scene18/L5__s20260821__0005.png::boost_e2,scene18,off,D3b,18,D,3b,0.605096,-9.7583,2.6568,60.7358,7.2478,0
convnext_tiny,43,convnext_tiny_s43,OFF,off/scene18/L5__s20260821__0006.png::boost_e2,scene18,off,B3b,16,B,3b,0.579958,-14.0417,8.7955,61.3845,7.5669,0
convnext_tiny,43,convnext_tiny_s43,OFF,off/scene18/L5__s20260821__0006.png::boost_e2,scene18,off,C3b,17,C,3b,0.631784,-14.0417,8.7955,61.3845,7.5669,0
convnext_tiny,43,convnext_tiny_s43,OFF,off/scene18/L5__s20260821__0006.png::boost_e2,scene18,off,D3b,18,D,3b,0.605496,-14.0417,8.7955,61.3845,7.5669,0
convnext_tiny,43,convnext_tiny_s43,OFF,off/scene18/L5__s20260821__0007.png::boost_e2,scene18,off,B3b,16,B,3b,0.580231,-10.8723,-9.5014,63.9457,6.7865,0
convnext_tiny,43,convnext_tiny_s43,OFF,off/scene18/L5__s20260821__0007.png::boost_e2,scene18,off,C3b,17,C,3b,0.631871,-10.8723,-9.5014,63.9457,6.7865,0
convnext_tiny,43,convnext_tiny_s43,OFF,off/scene18/L5__s20260821__0007.png::boost_e2,scene18,off,D3b,18,D,3b,0.605083,-10.8723,-9.5014,63.9457,6.7865,0
convnext_tiny,43,convnext_tiny_s43,OFF,off/scene18/L7__s20260821__0000.png::boost_e2,scene18,off,B3b,16,B,3b,0.580238,-8.1314,-6.8834,61.6424,6.9167,0
convnext_tiny,43,convnext_tiny_s43,OFF,off/scene18/L7__s20260821__0000.png::boost_e2,scene18,off,C3b,17,C,3b,0.631877,-8.1314,-6.8834,61.6424,6.9167,0
convnext_tiny,43,convnext_tiny_s43,OFF,off/scene18/L7__s20260821__0000.png::boost_e2,scene18,off,D3b,18,D,3b,0.605078,-8.1314,-6.8834,61.6424,6.9167,0
convnext_tiny,43,convnext_tiny_s43,OFF,off/scene18/L7__s20260821__0001.png::boost_e2,scene18,off,B3b,16,B,3b,0.580239,-11.4302,-0.5328,63.721,4.691,0
convnext_tiny,43,convnext_tiny_s43,OFF,off/scene18/L7__s20260821__0001.png::boost_e2,scene18,off,C3b,17,C,3b,0.63186,-11.4302,-0.5328,63.721,4.691,0
convnext_tiny,43,convnext_tiny_s43,OFF,off/scene18/L7__s20260821__0001.png::boost_e2,scene18,off,D3b,18,D,3b,0.605086,-11.4302,-0.5328,63.721,4.691,0
convnext_tiny,43,convnext_tiny_s43,OFF,off/scene18/L7__s20260821__0002.png::boost_e2,scene18,off,B3b,16,B,3b,0.580239,-8.9683,14.9838,61.9861,5.8493,0
convnext_tiny,43,convnext_tiny_s43,OFF,off/scene18/L7__s20260821__0002.png::boost_e2,scene18,off,C3b,17,C,3b,0.631874,-8.9683,14.9838,61.9861,5.8493,0
convnext_tiny,43,convnext_tiny_s43,OFF,off/scene18/L7__s20260821__0002.png::boost_e2,scene18,off,D3b,18,D,3b,0.605079,-8.9683,14.9838,61.9861,5.8493,0
convnext_tiny,43,convnext_tiny_s43,OFF,off/scene18/L7__s20260821__0003.png::boost_e2,scene18,off,B3b,16,B,3b,0.580241,-11.9451,-8.9088,61.9543,8.2439,0
convnext_tiny,43,convnext_tiny_s43,OFF,off/scene18/L7__s20260821__0003.png::boost_e2,scene18,off,C3b,17,C,3b,0.631863,-11.9451,-8.9088,61.9543,8.2439,0
convnext_tiny,43,convnext_tiny_s43,OFF,off/scene18/L7__s20260821__0003.png::boost_e2,scene18,off,D3b,18,D,3b,0.605085,-11.9451,-8.9088,61.9543,8.2439,0
convnext_tiny,43,convnext_tiny_s43,OFF,off/scene18/L7__s20260821__0004.png::boost_e2,scene18,off,B3b,16,B,3b,0.580238,-5.9762,12.1226,62.7369,6.2891,0
convnext_tiny,43,convnext_tiny_s43,OFF,off/scene18/L7__s20260821__0004.png::boost_e2,scene18,off,C3b,17,C,3b,0.631873,-5.9762,12.1226,62.7369,6.2891,0
convnext_tiny,43,convnext_tiny_s43,OFF,off/scene18/L7__s20260821__0004.png::boost_e2,scene18,off,D3b,18,D,3b,0.605082,-5.9762,12.1226,62.7369,6.2891,0
convnext_tiny,43,convnext_tiny_s43,OFF,off/scene18/L7__s20260821__0005.png::boost_e2,scene18,off,B3b,16,B,3b,0.580239,-9.7583,2.6568,60.7358,7.2478,0
convnext_tiny,43,convnext_tiny_s43,OFF,off/scene18/L7__s20260821__0005.png::boost_e2,scene18,off,C3b,17,C,3b,0.631861,-9.7583,2.6568,60.7358,7.2478,0
convnext_tiny,43,convnext_tiny_s43,OFF,off/scene18/L7__s20260821__0005.png::boost_e2,scene18,off,D3b,18,D,3b,0.605087,-9.7583,2.6568,60.7358,7.2478,0
convnext_tiny,43,convnext_tiny_s43,OFF,off/scene18/L7__s20260821__0006.png::boost_e2,scene18,off,B3b,16,B,3b,0.58024,-14.0417,8.7955,61.3845,7.5669,0
convnext_tiny,43,convnext_tiny_s43,OFF,off/scene18/L7__s20260821__0006.png::boost_e2,scene18,off,C3b,17,C,3b,0.631855,-14.0417,8.7955,61.3845,7.5669,0
convnext_tiny,43,convnext_tiny_s43,OFF,off/scene18/L7__s20260821__0006.png::boost_e2,scene18,off,D3b,18,D,3b,0.605091,-14.0417,8.7955,61.3845,7.5669,0
convnext_tiny,43,convnext_tiny_s43,OFF,off/scene18/L7__s20260821__0007.png::boost_e2,scene18,off,B3b,16,B,3b,0.58024,-10.8723,-9.5014,63.9457,6.7865,0
convnext_tiny,43,convnext_tiny_s43,OFF,off/scene18/L7__s20260821__0007.png::boost_e2,scene18,off,C3b,17,C,3b,0.631863,-10.8723,-9.5014,63.9457,6.7865,0
convnext_tiny,43,convnext_tiny_s43,OFF,off/scene18/L7__s20260821__0007.png::boost_e2,scene18,off,D3b,18,D,3b,0.605086,-10.8723,-9.5014,63.9457,6.7865,0
convnext_tiny,43,convnext_tiny_s43,ON_NEG,on/scene07/L0__s20260819__0001.png,scene07,none_in_fov,B3b,16,B,3b,0.580008,-12.4971,7.4345,61.4783,11.6559,0
convnext_tiny,43,convnext_tiny_s43,ON_NEG,on/scene07/L0__s20260819__0001.png,scene07,none_in_fov,C3b,17,C,3b,0.631776,-12.4971,7.4345,61.4783,11.6559,0
convnext_tiny,43,convnext_tiny_s43,ON_NEG,on/scene07/L0__s20260819__0001.png,scene07,none_in_fov,D3b,18,D,3b,0.605407,-12.4971,7.4345,61.4783,11.6559,0
convnext_tiny,43,convnext_tiny_s43,ON_NEG,on/scene07/L0__s20260819__0003.png,scene07,V,D3b,18,D,3b,0.605401,-9.8928,4.8712,61.7741,2.4361,0
convnext_tiny,43,convnext_tiny_s43,ON_NEG,on/scene07/L0__s20260819__0004.png,scene07,V,C3b,17,C,3b,0.631799,-12.8155,-12.0811,63.2809,3.8019,0
convnext_tiny,43,convnext_tiny_s43,ON_NEG,on/scene07/L0__s20260819__0006.png,scene07,V,D3b,18,D,3b,0.605404,-3.7993,3.5452,60.5677,1.5559,0
convnext_tiny,43,convnext_tiny_s43,ON_NEG,on/scene07/L0__s20260819__0007.png,scene07,V,C3b,17,C,3b,0.631765,-9.7299,-3.7756,59.9335,3.9995,0
convnext_tiny,43,convnext_tiny_s43,ON_NEG,on/scene07/L5__s20260819__0001.png,scene07,none_in_fov,B3b,16,B,3b,0.579926,-12.4971,7.4345,61.4783,11.6559,0
convnext_tiny,43,convnext_tiny_s43,ON_NEG,on/scene07/L5__s20260819__0001.png,scene07,none_in_fov,C3b,17,C,3b,0.63176,-12.4971,7.4345,61.4783,11.6559,0
convnext_tiny,43,convnext_tiny_s43,ON_NEG,on/scene07/L5__s20260819__0001.png,scene07,none_in_fov,D3b,18,D,3b,0.605461,-12.4971,7.4345,61.4783,11.6559,0
convnext_tiny,43,convnext_tiny_s43,ON_NEG,on/scene07/L5__s20260819__0003.png,scene07,V,D3b,18,D,3b,0.605454,-9.8928,4.8712,61.7741,2.4361,0
convnext_tiny,43,convnext_tiny_s43,ON_NEG,on/scene07/L5__s20260819__0004.png,scene07,V,C3b,17,C,3b,0.631802,-12.8155,-12.0811,63.2809,3.8019,0
convnext_tiny,43,convnext_tiny_s43,ON_NEG,on/scene07/L5__s20260819__0006.png,scene07,V,D3b,18,D,3b,0.605528,-3.7993,3.5452,60.5677,1.5559,0
convnext_tiny,43,convnext_tiny_s43,ON_NEG,on/scene07/L5__s20260819__0007.png,scene07,V,C3b,17,C,3b,0.631802,-9.7299,-3.7756,59.9335,3.9995,0
convnext_tiny,43,convnext_tiny_s43,ON_NEG,on/scene07/L7__s20260819__0001.png,scene07,none_in_fov,B3b,16,B,3b,0.580059,-12.4971,7.4345,61.4783,11.6559,0
convnext_tiny,43,convnext_tiny_s43,ON_NEG,on/scene07/L7__s20260819__0001.png,scene07,none_in_fov,C3b,17,C,3b,0.631748,-12.4971,7.4345,61.4783,11.6559,0
convnext_tiny,43,convnext_tiny_s43,ON_NEG,on/scene07/L7__s20260819__0001.png,scene07,none_in_fov,D3b,18,D,3b,0.605342,-12.4971,7.4345,61.4783,11.6559,0
convnext_tiny,43,convnext_tiny_s43,ON_NEG,on/scene07/L7__s20260819__0003.png,scene07,V,D3b,18,D,3b,0.60536,-9.8928,4.8712,61.7741,2.4361,0
convnext_tiny,43,convnext_tiny_s43,ON_NEG,on/scene07/L7__s20260819__0004.png,scene07,V,C3b,17,C,3b,0.631779,-12.8155,-12.0811,63.2809,3.8019,0
convnext_tiny,43,convnext_tiny_s43,ON_NEG,on/scene07/L7__s20260819__0006.png,scene07,V,D3b,18,D,3b,0.605266,-3.7993,3.5452,60.5677,1.5559,0
convnext_tiny,43,convnext_tiny_s43,ON_NEG,on/scene07/L7__s20260819__0007.png,scene07,V,C3b,17,C,3b,0.631743,-9.7299,-3.7756,59.9335,3.9995,0
convnext_tiny,43,convnext_tiny_s43,ON_NEG,on/scene15/L0__s20260819__0000.png,scene15,H,B3b,16,B,3b,0.580067,-6.6317,-4.2143,61.8616,9.9031,0
convnext_tiny,43,convnext_tiny_s43,ON_NEG,on/scene15/L0__s20260819__0000.png,scene15,H,D3b,18,D,3b,0.605316,-6.6317,-4.2143,61.8616,9.9031,0
convnext_tiny,43,convnext_tiny_s43,ON_NEG,on/scene15/L0__s20260819__0001.png,scene15,V,D3b,18,D,3b,0.605366,-7.5218,-9.2458,61.8359,1.858,0
convnext_tiny,43,convnext_tiny_s43,ON_NEG,on/scene15/L0__s20260819__0002.png,scene15,V,B3b,16,B,3b,0.580066,-8.4908,3.1991,65.8023,4.6673,0
convnext_tiny,43,convnext_tiny_s43,ON_NEG,on/scene15/L0__s20260819__0003.png,scene15,V,B3b,16,B,3b,0.58001,-13.9162,-3.4361,63.7846,1.3693,0
convnext_tiny,43,convnext_tiny_s43,ON_NEG,on/scene15/L0__s20260819__0003.png,scene15,V,D3b,18,D,3b,0.605433,-13.9162,-3.4361,63.7846,1.3693,0
convnext_tiny,43,convnext_tiny_s43,ON_NEG,on/scene15/L0__s20260819__0004.png,scene15,V,B3b,16,B,3b,0.580077,-11.0394,5.5473,63.0915,5.5065,0
convnext_tiny,43,convnext_tiny_s43,ON_NEG,on/scene15/L0__s20260819__0005.png,scene15,V,B3b,16,B,3b,0.580037,-12.9205,6.4099,63.9932,3.0224,0
convnext_tiny,43,convnext_tiny_s43,ON_NEG,on/scene15/L0__s20260819__0006.png,scene15,V,C3b,17,C,3b,0.631794,-9.1914,-18.2162,60.3765,2.2421,0
convnext_tiny,43,convnext_tiny_s43,ON_NEG,on/scene15/L0__s20260819__0006.png,scene15,V,D3b,18,D,3b,0.605458,-9.1914,-18.2162,60.3765,2.2421,0
convnext_tiny,43,convnext_tiny_s43,ON_NEG,on/scene15/L0__s20260819__0007.png,scene15,V,B3b,16,B,3b,0.580063,-15.2404,1.5985,63.4015,5.1525,0
convnext_tiny,43,convnext_tiny_s43,ON_NEG,on/scene15/L0__s20260819__0007.png,scene15,V,D3b,18,D,3b,0.605328,-15.2404,1.5985,63.4015,5.1525,0
convnext_tiny,43,convnext_tiny_s43,ON_NEG,on/scene15/L4__s20260819__0000.png,scene15,H,B3b,16,B,3b,0.579928,-6.6317,-4.2143,61.8616,9.9031,0
convnext_tiny,43,convnext_tiny_s43,ON_NEG,on/scene15/L4__s20260819__0000.png,scene15,H,D3b,18,D,3b,0.605501,-6.6317,-4.2143,61.8616,9.9031,0
convnext_tiny,43,convnext_tiny_s43,ON_NEG,on/scene15/L4__s20260819__0001.png,scene15,V,D3b,18,D,3b,0.605499,-7.5218,-9.2458,61.8359,1.858,0
convnext_tiny,43,convnext_tiny_s43,ON_NEG,on/scene15/L4__s20260819__0002.png,scene15,V,B3b,16,B,3b,0.579908,-8.4908,3.1991,65.8023,4.6673,0
convnext_tiny,43,convnext_tiny_s43,ON_NEG,on/scene15/L4__s20260819__0003.png,scene15,V,B3b,16,B,3b,0.579915,-13.9162,-3.4361,63.7846,1.3693,0
convnext_tiny,43,convnext_tiny_s43,ON_NEG,on/scene15/L4__s20260819__0003.png,scene15,V,D3b,18,D,3b,0.605538,-13.9162,-3.4361,63.7846,1.3693,0
convnext_tiny,43,convnext_tiny_s43,ON_NEG,on/scene15/L4__s20260819__0004.png,scene15,V,B3b,16,B,3b,0.579906,-11.0394,5.5473,63.0915,5.5065,0
convnext_tiny,43,convnext_tiny_s43,ON_NEG,on/scene15/L4__s20260819__0005.png,scene15,V,B3b,16,B,3b,0.579913,-12.9205,6.4099,63.9932,3.0224,0
convnext_tiny,43,convnext_tiny_s43,ON_NEG,on/scene15/L4__s20260819__0006.png,scene15,V,C3b,17,C,3b,0.631787,-9.1914,-18.2162,60.3765,2.2421,0
convnext_tiny,43,convnext_tiny_s43,ON_NEG,on/scene15/L4__s20260819__0006.png,scene15,V,D3b,18,D,3b,0.605527,-9.1914,-18.2162,60.3765,2.2421,0
convnext_tiny,43,convnext_tiny_s43,ON_NEG,on/scene15/L4__s20260819__0007.png,scene15,V,B3b,16,B,3b,0.579904,-15.2404,1.5985,63.4015,5.1525,0
convnext_tiny,43,convnext_tiny_s43,ON_NEG,on/scene15/L4__s20260819__0007.png,scene15,V,D3b,18,D,3b,0.605557,-15.2404,1.5985,63.4015,5.1525,0
convnext_tiny,43,convnext_tiny_s43,ON_NEG,on/scene15/L7__s20260819__0000.png,scene15,H,B3b,16,B,3b,0.580085,-6.6317,-4.2143,61.8616,9.9031,0
convnext_tiny,43,convnext_tiny_s43,ON_NEG,on/scene15/L7__s20260819__0000.png,scene15,H,D3b,18,D,3b,0.605302,-6.6317,-4.2143,61.8616,9.9031,0
convnext_tiny,43,convnext_tiny_s43,ON_NEG,on/scene15/L7__s20260819__0001.png,scene15,V,D3b,18,D,3b,0.605482,-7.5218,-9.2458,61.8359,1.858,0
convnext_tiny,43,convnext_tiny_s43,ON_NEG,on/scene15/L7__s20260819__0002.png,scene15,V,B3b,16,B,3b,0.579927,-8.4908,3.1991,65.8023,4.6673,0
convnext_tiny,43,convnext_tiny_s43,ON_NEG,on/scene15/L7__s20260819__0003.png,scene15,V,B3b,16,B,3b,0.579947,-13.9162,-3.4361,63.7846,1.3693,0
convnext_tiny,43,convnext_tiny_s43,ON_NEG,on/scene15/L7__s20260819__0003.png,scene15,V,D3b,18,D,3b,0.605483,-13.9162,-3.4361,63.7846,1.3693,0
convnext_tiny,43,convnext_tiny_s43,ON_NEG,on/scene15/L7__s20260819__0004.png,scene15,V,B3b,16,B,3b,0.580001,-11.0394,5.5473,63.0915,5.5065,0
convnext_tiny,43,convnext_tiny_s43,ON_NEG,on/scene15/L7__s20260819__0005.png,scene15,V,B3b,16,B,3b,0.580063,-12.9205,6.4099,63.9932,3.0224,0
convnext_tiny,43,convnext_tiny_s43,ON_NEG,on/scene15/L7__s20260819__0006.png,scene15,V,C3b,17,C,3b,0.631745,-9.1914,-18.2162,60.3765,2.2421,0
convnext_tiny,43,convnext_tiny_s43,ON_NEG,on/scene15/L7__s20260819__0006.png,scene15,V,D3b,18,D,3b,0.605456,-9.1914,-18.2162,60.3765,2.2421,0
convnext_tiny,43,convnext_tiny_s43,ON_NEG,on/scene15/L7__s20260819__0007.png,scene15,V,B3b,16,B,3b,0.579981,-15.2404,1.5985,63.4015,5.1525,0
convnext_tiny,43,convnext_tiny_s43,ON_NEG,on/scene15/L7__s20260819__0007.png,scene15,V,D3b,18,D,3b,0.605439,-15.2404,1.5985,63.4015,5.1525,0
convnext_tiny,43,convnext_tiny_s43,ON_NEG,on/sceneC2/L2__s20260819__0001.png,sceneC2,V,D3b,18,D,3b,0.60532,-13.4518,-13.0389,63.5306,6.8638,0
convnext_tiny,43,convnext_tiny_s43,ON_NEG,on/sceneC2/L2__s20260819__0002.png,sceneC2,V,D3b,18,D,3b,0.605323,-11.6494,-2.9872,60.6739,8.321,0
convnext_tiny,43,convnext_tiny_s43,ON_NEG,on/sceneC2/L3__s20260819__0001.png,sceneC2,V,D3b,18,D,3b,0.605316,-13.4518,-13.0389,63.5306,6.8638,0
convnext_tiny,43,convnext_tiny_s43,ON_NEG,on/sceneC2/L3__s20260819__0002.png,sceneC2,V,D3b,18,D,3b,0.605318,-11.6494,-2.9872,60.6739,8.321,0
convnext_tiny,43,convnext_tiny_s43,ON_NEG,on/sceneC2/L7__s20260819__0001.png,sceneC2,V,D3b,18,D,3b,0.605253,-13.4518,-13.0389,63.5306,6.8638,0
convnext_tiny,43,convnext_tiny_s43,ON_NEG,on/sceneC2/L7__s20260819__0002.png,sceneC2,V,D3b,18,D,3b,0.605258,-11.6494,-2.9872,60.6739,8.321,0
convnext_tiny,43,convnext_tiny_s43,ON_NEG,on/sceneN3/L0__s20260819__0000.png,sceneN3,none_in_fov,B3b,16,B,3b,0.580188,-16.2467,-6.5053,60.6518,9.1828,0
convnext_tiny,43,convnext_tiny_s43,ON_NEG,on/sceneN3/L0__s20260819__0000.png,sceneN3,none_in_fov,C3b,17,C,3b,0.631819,-16.2467,-6.5053,60.6518,9.1828,0
convnext_tiny,43,convnext_tiny_s43,ON_NEG,on/sceneN3/L0__s20260819__0000.png,sceneN3,none_in_fov,D3b,18,D,3b,0.605163,-16.2467,-6.5053,60.6518,9.1828,0
convnext_tiny,43,convnext_tiny_s43,ON_NEG,on/sceneN3/L0__s20260819__0001.png,sceneN3,none_in_fov,B3b,16,B,3b,0.580164,-12.6534,1.5439,61.04,5.2884,0
convnext_tiny,43,convnext_tiny_s43,ON_NEG,on/sceneN3/L0__s20260819__0001.png,sceneN3,none_in_fov,C3b,17,C,3b,0.631807,-12.6534,1.5439,61.04,5.2884,0
convnext_tiny,43,convnext_tiny_s43,ON_NEG,on/sceneN3/L0__s20260819__0001.png,sceneN3,none_in_fov,D3b,18,D,3b,0.605175,-12.6534,1.5439,61.04,5.2884,0
convnext_tiny,43,convnext_tiny_s43,ON_NEG,on/sceneN3/L0__s20260819__0002.png,sceneN3,none_in_fov,B3b,16,B,3b,0.580135,-13.1516,1.5693,63.1068,1.7608,0
convnext_tiny,43,convnext_tiny_s43,ON_NEG,on/sceneN3/L0__s20260819__0002.png,sceneN3,none_in_fov,C3b,17,C,3b,0.631782,-13.1516,1.5693,63.1068,1.7608,0
convnext_tiny,43,convnext_tiny_s43,ON_NEG,on/sceneN3/L0__s20260819__0002.png,sceneN3,none_in_fov,D3b,18,D,3b,0.605211,-13.1516,1.5693,63.1068,1.7608,0
convnext_tiny,43,convnext_tiny_s43,ON_NEG,on/sceneN3/L0__s20260819__0003.png,sceneN3,none_in_fov,B3b,16,B,3b,0.580133,-9.3231,5.7221,62.1685,8.3724,0
convnext_tiny,43,convnext_tiny_s43,ON_NEG,on/sceneN3/L0__s20260819__0003.png,sceneN3,none_in_fov,C3b,17,C,3b,0.631794,-9.3231,5.7221,62.1685,8.3724,0
convnext_tiny,43,convnext_tiny_s43,ON_NEG,on/sceneN3/L0__s20260819__0003.png,sceneN3,none_in_fov,D3b,18,D,3b,0.605202,-9.3231,5.7221,62.1685,8.3724,0
convnext_tiny,43,convnext_tiny_s43,ON_NEG,on/sceneN3/L0__s20260819__0004.png,sceneN3,none_in_fov,B3b,16,B,3b,0.580124,-7.3546,-7.2186,63.4074,8.0992,0
convnext_tiny,43,convnext_tiny_s43,ON_NEG,on/sceneN3/L0__s20260819__0004.png,sceneN3,none_in_fov,C3b,17,C,3b,0.631796,-7.3546,-7.2186,63.4074,8.0992,0
convnext_tiny,43,convnext_tiny_s43,ON_NEG,on/sceneN3/L0__s20260819__0004.png,sceneN3,none_in_fov,D3b,18,D,3b,0.605221,-7.3546,-7.2186,63.4074,8.0992,0
convnext_tiny,43,convnext_tiny_s43,ON_NEG,on/sceneN3/L0__s20260819__0005.png,sceneN3,none_in_fov,B3b,16,B,3b,0.580122,-12.2129,-14.4798,63.1796,2.2677,0
convnext_tiny,43,convnext_tiny_s43,ON_NEG,on/sceneN3/L0__s20260819__0005.png,sceneN3,none_in_fov,C3b,17,C,3b,0.631779,-12.2129,-14.4798,63.1796,2.2677,0
convnext_tiny,43,convnext_tiny_s43,ON_NEG,on/sceneN3/L0__s20260819__0005.png,sceneN3,none_in_fov,D3b,18,D,3b,0.605228,-12.2129,-14.4798,63.1796,2.2677,0
convnext_tiny,43,convnext_tiny_s43,ON_NEG,on/sceneN3/L0__s20260819__0006.png,sceneN3,none_in_fov,B3b,16,B,3b,0.580113,-7.7849,2.4667,60.503,4.7311,0
convnext_tiny,43,convnext_tiny_s43,ON_NEG,on/sceneN3/L0__s20260819__0006.png,sceneN3,none_in_fov,C3b,17,C,3b,0.631784,-7.7849,2.4667,60.503,4.7311,0
convnext_tiny,43,convnext_tiny_s43,ON_NEG,on/sceneN3/L0__s20260819__0006.png,sceneN3,none_in_fov,D3b,18,D,3b,0.605231,-7.7849,2.4667,60.503,4.7311,0
convnext_tiny,43,convnext_tiny_s43,ON_NEG,on/sceneN3/L0__s20260819__0007.png,sceneN3,none_in_fov,B3b,16,B,3b,0.580133,-12.6477,6.8749,62.3125,1.3919,0
convnext_tiny,43,convnext_tiny_s43,ON_NEG,on/sceneN3/L0__s20260819__0007.png,sceneN3,none_in_fov,C3b,17,C,3b,0.631774,-12.6477,6.8749,62.3125,1.3919,0
convnext_tiny,43,convnext_tiny_s43,ON_NEG,on/sceneN3/L0__s20260819__0007.png,sceneN3,none_in_fov,D3b,18,D,3b,0.605214,-12.6477,6.8749,62.3125,1.3919,0
convnext_tiny,43,convnext_tiny_s43,ON_NEG,on/sceneN3/L5__s20260819__0000.png,sceneN3,none_in_fov,B3b,16,B,3b,0.580099,-16.2467,-6.5053,60.6518,9.1828,0
convnext_tiny,43,convnext_tiny_s43,ON_NEG,on/sceneN3/L5__s20260819__0000.png,sceneN3,none_in_fov,C3b,17,C,3b,0.631722,-16.2467,-6.5053,60.6518,9.1828,0
convnext_tiny,43,convnext_tiny_s43,ON_NEG,on/sceneN3/L5__s20260819__0000.png,sceneN3,none_in_fov,D3b,18,D,3b,0.605265,-16.2467,-6.5053,60.6518,9.1828,0
convnext_tiny,43,convnext_tiny_s43,ON_NEG,on/sceneN3/L5__s20260819__0001.png,sceneN3,none_in_fov,B3b,16,B,3b,0.579895,-12.6534,1.5439,61.04,5.2884,0
convnext_tiny,43,convnext_tiny_s43,ON_NEG,on/sceneN3/L5__s20260819__0001.png,sceneN3,none_in_fov,C3b,17,C,3b,0.631807,-12.6534,1.5439,61.04,5.2884,0
convnext_tiny,43,convnext_tiny_s43,ON_NEG,on/sceneN3/L5__s20260819__0001.png,sceneN3,none_in_fov,D3b,18,D,3b,0.605567,-12.6534,1.5439,61.04,5.2884,0
convnext_tiny,43,convnext_tiny_s43,ON_NEG,on/sceneN3/L5__s20260819__0002.png,sceneN3,none_in_fov,B3b,16,B,3b,0.579986,-13.1516,1.5693,63.1068,1.7608,0
convnext_tiny,43,convnext_tiny_s43,ON_NEG,on/sceneN3/L5__s20260819__0002.png,sceneN3,none_in_fov,C3b,17,C,3b,0.631718,-13.1516,1.5693,63.1068,1.7608,0
convnext_tiny,43,convnext_tiny_s43,ON_NEG,on/sceneN3/L5__s20260819__0002.png,sceneN3,none_in_fov,D3b,18,D,3b,0.605392,-13.1516,1.5693,63.1068,1.7608,0
convnext_tiny,43,convnext_tiny_s43,ON_NEG,on/sceneN3/L5__s20260819__0003.png,sceneN3,none_in_fov,B3b,16,B,3b,0.580049,-9.3231,5.7221,62.1685,8.3724,0
convnext_tiny,43,convnext_tiny_s43,ON_NEG,on/sceneN3/L5__s20260819__0003.png,sceneN3,none_in_fov,C3b,17,C,3b,0.63173,-9.3231,5.7221,62.1685,8.3724,0
convnext_tiny,43,convnext_tiny_s43,ON_NEG,on/sceneN3/L5__s20260819__0003.png,sceneN3,none_in_fov,D3b,18,D,3b,0.605324,-9.3231,5.7221,62.1685,8.3724,0
convnext_tiny,43,convnext_tiny_s43,ON_NEG,on/sceneN3/L5__s20260819__0004.png,sceneN3,none_in_fov,B3b,16,B,3b,0.580065,-7.3546,-7.2186,63.4074,8.0992,0
convnext_tiny,43,convnext_tiny_s43,ON_NEG,on/sceneN3/L5__s20260819__0004.png,sceneN3,none_in_fov,C3b,17,C,3b,0.631713,-7.3546,-7.2186,63.4074,8.0992,0
convnext_tiny,43,convnext_tiny_s43,ON_NEG,on/sceneN3/L5__s20260819__0004.png,sceneN3,none_in_fov,D3b,18,D,3b,0.605306,-7.3546,-7.2186,63.4074,8.0992,0
convnext_tiny,43,convnext_tiny_s43,ON_NEG,on/sceneN3/L5__s20260819__0005.png,sceneN3,none_in_fov,B3b,16,B,3b,0.58001,-12.2129,-14.4798,63.1796,2.2677,0
convnext_tiny,43,convnext_tiny_s43,ON_NEG,on/sceneN3/L5__s20260819__0005.png,sceneN3,none_in_fov,C3b,17,C,3b,0.631719,-12.2129,-14.4798,63.1796,2.2677,0
convnext_tiny,43,convnext_tiny_s43,ON_NEG,on/sceneN3/L5__s20260819__0005.png,sceneN3,none_in_fov,D3b,18,D,3b,0.605372,-12.2129,-14.4798,63.1796,2.2677,0
convnext_tiny,43,convnext_tiny_s43,ON_NEG,on/sceneN3/L5__s20260819__0006.png,sceneN3,none_in_fov,B3b,16,B,3b,0.579904,-7.7849,2.4667,60.503,4.7311,0
convnext_tiny,43,convnext_tiny_s43,ON_NEG,on/sceneN3/L5__s20260819__0006.png,sceneN3,none_in_fov,C3b,17,C,3b,0.631801,-7.7849,2.4667,60.503,4.7311,0
convnext_tiny,43,convnext_tiny_s43,ON_NEG,on/sceneN3/L5__s20260819__0006.png,sceneN3,none_in_fov,D3b,18,D,3b,0.605549,-7.7849,2.4667,60.503,4.7311,0
convnext_tiny,43,convnext_tiny_s43,ON_NEG,on/sceneN3/L5__s20260819__0007.png,sceneN3,none_in_fov,B3b,16,B,3b,0.579994,-12.6477,6.8749,62.3125,1.3919,0
convnext_tiny,43,convnext_tiny_s43,ON_NEG,on/sceneN3/L5__s20260819__0007.png,sceneN3,none_in_fov,C3b,17,C,3b,0.631715,-12.6477,6.8749,62.3125,1.3919,0
convnext_tiny,43,convnext_tiny_s43,ON_NEG,on/sceneN3/L5__s20260819__0007.png,sceneN3,none_in_fov,D3b,18,D,3b,0.605401,-12.6477,6.8749,62.3125,1.3919,0
convnext_tiny,43,convnext_tiny_s43,ON_NEG,on/sceneN3/L7__s20260819__0000.png,sceneN3,none_in_fov,B3b,16,B,3b,0.580132,-16.2467,-6.5053,60.6518,9.1828,0
convnext_tiny,43,convnext_tiny_s43,ON_NEG,on/sceneN3/L7__s20260819__0000.png,sceneN3,none_in_fov,C3b,17,C,3b,0.631751,-16.2467,-6.5053,60.6518,9.1828,0
convnext_tiny,43,convnext_tiny_s43,ON_NEG,on/sceneN3/L7__s20260819__0000.png,sceneN3,none_in_fov,D3b,18,D,3b,0.605238,-16.2467,-6.5053,60.6518,9.1828,0
convnext_tiny,43,convnext_tiny_s43,ON_NEG,on/sceneN3/L7__s20260819__0001.png,sceneN3,none_in_fov,B3b,16,B,3b,0.580129,-12.6534,1.5439,61.04,5.2884,0
convnext_tiny,43,convnext_tiny_s43,ON_NEG,on/sceneN3/L7__s20260819__0001.png,sceneN3,none_in_fov,C3b,17,C,3b,0.631768,-12.6534,1.5439,61.04,5.2884,0
convnext_tiny,43,convnext_tiny_s43,ON_NEG,on/sceneN3/L7__s20260819__0001.png,sceneN3,none_in_fov,D3b,18,D,3b,0.605234,-12.6534,1.5439,61.04,5.2884,0
convnext_tiny,43,convnext_tiny_s43,ON_NEG,on/sceneN3/L7__s20260819__0002.png,sceneN3,none_in_fov,B3b,16,B,3b,0.580154,-13.1516,1.5693,63.1068,1.7608,0
convnext_tiny,43,convnext_tiny_s43,ON_NEG,on/sceneN3/L7__s20260819__0002.png,sceneN3,none_in_fov,C3b,17,C,3b,0.631783,-13.1516,1.5693,63.1068,1.7608,0
convnext_tiny,43,convnext_tiny_s43,ON_NEG,on/sceneN3/L7__s20260819__0002.png,sceneN3,none_in_fov,D3b,18,D,3b,0.605201,-13.1516,1.5693,63.1068,1.7608,0
convnext_tiny,43,convnext_tiny_s43,ON_NEG,on/sceneN3/L7__s20260819__0003.png,sceneN3,none_in_fov,B3b,16,B,3b,0.580166,-9.3231,5.7221,62.1685,8.3724,0
convnext_tiny,43,convnext_tiny_s43,ON_NEG,on/sceneN3/L7__s20260819__0003.png,sceneN3,none_in_fov,C3b,17,C,3b,0.631804,-9.3231,5.7221,62.1685,8.3724,0
convnext_tiny,43,convnext_tiny_s43,ON_NEG,on/sceneN3/L7__s20260819__0003.png,sceneN3,none_in_fov,D3b,18,D,3b,0.605182,-9.3231,5.7221,62.1685,8.3724,0
convnext_tiny,43,convnext_tiny_s43,ON_NEG,on/sceneN3/L7__s20260819__0004.png,sceneN3,none_in_fov,B3b,16,B,3b,0.580151,-7.3546,-7.2186,63.4074,8.0992,0
convnext_tiny,43,convnext_tiny_s43,ON_NEG,on/sceneN3/L7__s20260819__0004.png,sceneN3,none_in_fov,C3b,17,C,3b,0.631795,-7.3546,-7.2186,63.4074,8.0992,0
convnext_tiny,43,convnext_tiny_s43,ON_NEG,on/sceneN3/L7__s20260819__0004.png,sceneN3,none_in_fov,D3b,18,D,3b,0.605213,-7.3546,-7.2186,63.4074,8.0992,0
convnext_tiny,43,convnext_tiny_s43,ON_NEG,on/sceneN3/L7__s20260819__0005.png,sceneN3,none_in_fov,B3b,16,B,3b,0.58013,-12.2129,-14.4798,63.1796,2.2677,0
convnext_tiny,43,convnext_tiny_s43,ON_NEG,on/sceneN3/L7__s20260819__0005.png,sceneN3,none_in_fov,C3b,17,C,3b,0.631778,-12.2129,-14.4798,63.1796,2.2677,0
convnext_tiny,43,convnext_tiny_s43,ON_NEG,on/sceneN3/L7__s20260819__0005.png,sceneN3,none_in_fov,D3b,18,D,3b,0.605243,-12.2129,-14.4798,63.1796,2.2677,0
convnext_tiny,43,convnext_tiny_s43,ON_NEG,on/sceneN3/L7__s20260819__0006.png,sceneN3,none_in_fov,B3b,16,B,3b,0.580083,-7.7849,2.4667,60.503,4.7311,0
convnext_tiny,43,convnext_tiny_s43,ON_NEG,on/sceneN3/L7__s20260819__0006.png,sceneN3,none_in_fov,C3b,17,C,3b,0.631734,-7.7849,2.4667,60.503,4.7311,0
convnext_tiny,43,convnext_tiny_s43,ON_NEG,on/sceneN3/L7__s20260819__0006.png,sceneN3,none_in_fov,D3b,18,D,3b,0.605296,-7.7849,2.4667,60.503,4.7311,0
convnext_tiny,43,convnext_tiny_s43,ON_NEG,on/sceneN3/L7__s20260819__0007.png,sceneN3,none_in_fov,B3b,16,B,3b,0.580147,-12.6477,6.8749,62.3125,1.3919,0
convnext_tiny,43,convnext_tiny_s43,ON_NEG,on/sceneN3/L7__s20260819__0007.png,sceneN3,none_in_fov,C3b,17,C,3b,0.631776,-12.6477,6.8749,62.3125,1.3919,0
convnext_tiny,43,convnext_tiny_s43,ON_NEG,on/sceneN3/L7__s20260819__0007.png,sceneN3,none_in_fov,D3b,18,D,3b,0.60521,-12.6477,6.8749,62.3125,1.3919,0
convnext_tiny,43,convnext_tiny_s43,ON_NEG,on/scene14/L0__s20260820__0002.png::boost_h,scene14,none_in_fov,B3b,16,B,3b,0.580229,-7.0039,2.401,63.1403,11.657,0
convnext_tiny,43,convnext_tiny_s43,ON_NEG,on/scene14/L0__s20260820__0002.png::boost_h,scene14,none_in_fov,C3b,17,C,3b,0.631863,-7.0039,2.401,63.1403,11.657,0
convnext_tiny,43,convnext_tiny_s43,ON_NEG,on/scene14/L0__s20260820__0002.png::boost_h,scene14,none_in_fov,D3b,18,D,3b,0.605089,-7.0039,2.401,63.1403,11.657,0
convnext_tiny,43,convnext_tiny_s43,ON_NEG,on/scene14/L5__s20260820__0002.png::boost_h,scene14,none_in_fov,B3b,16,B,3b,0.580233,-7.0039,2.401,63.1403,11.657,0
convnext_tiny,43,convnext_tiny_s43,ON_NEG,on/scene14/L5__s20260820__0002.png::boost_h,scene14,none_in_fov,C3b,17,C,3b,0.631847,-7.0039,2.401,63.1403,11.657,0
convnext_tiny,43,convnext_tiny_s43,ON_NEG,on/scene14/L5__s20260820__0002.png::boost_h,scene14,none_in_fov,D3b,18,D,3b,0.605116,-7.0039,2.401,63.1403,11.657,0
convnext_tiny,43,convnext_tiny_s43,ON_NEG,on/scene14/L7__s20260820__0002.png::boost_h,scene14,none_in_fov,B3b,16,B,3b,0.58023,-7.0039,2.401,63.1403,11.657,0
convnext_tiny,43,convnext_tiny_s43,ON_NEG,on/scene14/L7__s20260820__0002.png::boost_h,scene14,none_in_fov,C3b,17,C,3b,0.631892,-7.0039,2.401,63.1403,11.657,0
convnext_tiny,43,convnext_tiny_s43,ON_NEG,on/scene14/L7__s20260820__0002.png::boost_h,scene14,none_in_fov,D3b,18,D,3b,0.605069,-7.0039,2.401,63.1403,11.657,0
convnext_tiny,43,convnext_tiny_s43,ON_NEG,on/scene15/L0__s20260820__0000.png::boost_h,scene15,H,C3b,17,C,3b,0.631818,-13.637,-17.7914,62.7559,10.9914,0
convnext_tiny,43,convnext_tiny_s43,ON_NEG,on/scene15/L0__s20260820__0000.png::boost_h,scene15,H,D3b,18,D,3b,0.605248,-13.637,-17.7914,62.7559,10.9914,0
convnext_tiny,43,convnext_tiny_s43,ON_NEG,on/scene15/L0__s20260820__0001.png::boost_h,scene15,H,C3b,17,C,3b,0.631804,-6.8068,-11.8299,63.9125,9.9013,0
convnext_tiny,43,convnext_tiny_s43,ON_NEG,on/scene15/L0__s20260820__0001.png::boost_h,scene15,H,D3b,18,D,3b,0.605402,-6.8068,-11.8299,63.9125,9.9013,0
convnext_tiny,43,convnext_tiny_s43,ON_NEG,on/scene15/L0__s20260820__0002.png::boost_h,scene15,V,D3b,18,D,3b,0.605338,-8.6096,-4.0107,63.6728,6.6026,0
convnext_tiny,43,convnext_tiny_s43,ON_NEG,on/scene15/L0__s20260820__0003.png::boost_h,scene15,H,D3b,18,D,3b,0.605276,-11.0902,-4.9586,63.1815,7.5147,0
convnext_tiny,43,convnext_tiny_s43,ON_NEG,on/scene15/L0__s20260820__0004.png::boost_h,scene15,H,D3b,18,D,3b,0.60535,-12.6937,-3.4861,58.1207,9.9583,0
convnext_tiny,43,convnext_tiny_s43,ON_NEG,on/scene15/L0__s20260820__0005.png::boost_h,scene15,H,C3b,17,C,3b,0.631811,-5.4058,-7.3396,62.3314,9.8366,0
convnext_tiny,43,convnext_tiny_s43,ON_NEG,on/scene15/L0__s20260820__0005.png::boost_h,scene15,H,D3b,18,D,3b,0.605379,-5.4058,-7.3396,62.3314,9.8366,0
convnext_tiny,43,convnext_tiny_s43,ON_NEG,on/scene15/L0__s20260820__0006.png::boost_h,scene15,H,B3b,16,B,3b,0.580067,-5.1828,6.8137,59.5209,6.9519,0
convnext_tiny,43,convnext_tiny_s43,ON_NEG,on/scene15/L0__s20260820__0007.png::boost_h,scene15,H_weak,C3b,17,C,3b,0.631802,-9.4753,-12.4083,62.4936,8.3783,0
convnext_tiny,43,convnext_tiny_s43,ON_NEG,on/scene15/L0__s20260820__0007.png::boost_h,scene15,H_weak,D3b,18,D,3b,0.605363,-9.4753,-12.4083,62.4936,8.3783,0
convnext_tiny,43,convnext_tiny_s43,ON_NEG,on/scene15/L4__s20260820__0000.png::boost_h,scene15,H,C3b,17,C,3b,0.631724,-13.637,-17.7914,62.7559,10.9914,0
convnext_tiny,43,convnext_tiny_s43,ON_NEG,on/scene15/L4__s20260820__0000.png::boost_h,scene15,H,D3b,18,D,3b,0.605441,-13.637,-17.7914,62.7559,10.9914,0
convnext_tiny,43,convnext_tiny_s43,ON_NEG,on/scene15/L4__s20260820__0001.png::boost_h,scene15,H,C3b,17,C,3b,0.631743,-6.8068,-11.8299,63.9125,9.9013,0
convnext_tiny,43,convnext_tiny_s43,ON_NEG,on/scene15/L4__s20260820__0001.png::boost_h,scene15,H,D3b,18,D,3b,0.605455,-6.8068,-11.8299,63.9125,9.9013,0
convnext_tiny,43,convnext_tiny_s43,ON_NEG,on/scene15/L4__s20260820__0002.png::boost_h,scene15,V,D3b,18,D,3b,0.605516,-8.6096,-4.0107,63.6728,6.6026,0
convnext_tiny,43,convnext_tiny_s43,ON_NEG,on/scene15/L4__s20260820__0003.png::boost_h,scene15,H,D3b,18,D,3b,0.605501,-11.0902,-4.9586,63.1815,7.5147,0
convnext_tiny,43,convnext_tiny_s43,ON_NEG,on/scene15/L4__s20260820__0004.png::boost_h,scene15,H,D3b,18,D,3b,0.605553,-12.6937,-3.4861,58.1207,9.9583,0
convnext_tiny,43,convnext_tiny_s43,ON_NEG,on/scene15/L4__s20260820__0005.png::boost_h,scene15,H,C3b,17,C,3b,0.631731,-5.4058,-7.3396,62.3314,9.8366,0
convnext_tiny,43,convnext_tiny_s43,ON_NEG,on/scene15/L4__s20260820__0005.png::boost_h,scene15,H,D3b,18,D,3b,0.605454,-5.4058,-7.3396,62.3314,9.8366,0
convnext_tiny,43,convnext_tiny_s43,ON_NEG,on/scene15/L4__s20260820__0006.png::boost_h,scene15,H,B3b,16,B,3b,0.579916,-5.1828,6.8137,59.5209,6.9519,0
convnext_tiny,43,convnext_tiny_s43,ON_NEG,on/scene15/L4__s20260820__0007.png::boost_h,scene15,H_weak,C3b,17,C,3b,0.631774,-9.4753,-12.4083,62.4936,8.3783,0
convnext_tiny,43,convnext_tiny_s43,ON_NEG,on/scene15/L4__s20260820__0007.png::boost_h,scene15,H_weak,D3b,18,D,3b,0.605548,-9.4753,-12.4083,62.4936,8.3783,0
convnext_tiny,43,convnext_tiny_s43,ON_NEG,on/scene15/L7__s20260820__0000.png::boost_h,scene15,H,C3b,17,C,3b,0.631795,-13.637,-17.7914,62.7559,10.9914,0
convnext_tiny,43,convnext_tiny_s43,ON_NEG,on/scene15/L7__s20260820__0000.png::boost_h,scene15,H,D3b,18,D,3b,0.60519,-13.637,-17.7914,62.7559,10.9914,0
convnext_tiny,43,convnext_tiny_s43,ON_NEG,on/scene15/L7__s20260820__0001.png::boost_h,scene15,H,C3b,17,C,3b,0.631739,-6.8068,-11.8299,63.9125,9.9013,0
convnext_tiny,43,convnext_tiny_s43,ON_NEG,on/scene15/L7__s20260820__0001.png::boost_h,scene15,H,D3b,18,D,3b,0.605383,-6.8068,-11.8299,63.9125,9.9013,0
convnext_tiny,43,convnext_tiny_s43,ON_NEG,on/scene15/L7__s20260820__0002.png::boost_h,scene15,V,D3b,18,D,3b,0.605334,-8.6096,-4.0107,63.6728,6.6026,0
convnext_tiny,43,convnext_tiny_s43,ON_NEG,on/scene15/L7__s20260820__0003.png::boost_h,scene15,H,D3b,18,D,3b,0.605257,-11.0902,-4.9586,63.1815,7.5147,0
convnext_tiny,43,convnext_tiny_s43,ON_NEG,on/scene15/L7__s20260820__0004.png::boost_h,scene15,H,D3b,18,D,3b,0.605387,-12.6937,-3.4861,58.1207,9.9583,0
convnext_tiny,43,convnext_tiny_s43,ON_NEG,on/scene15/L7__s20260820__0005.png::boost_h,scene15,H,C3b,17,C,3b,0.63172,-5.4058,-7.3396,62.3314,9.8366,0
convnext_tiny,43,convnext_tiny_s43,ON_NEG,on/scene15/L7__s20260820__0005.png::boost_h,scene15,H,D3b,18,D,3b,0.605413,-5.4058,-7.3396,62.3314,9.8366,0
convnext_tiny,43,convnext_tiny_s43,ON_NEG,on/scene15/L7__s20260820__0006.png::boost_h,scene15,H,B3b,16,B,3b,0.580106,-5.1828,6.8137,59.5209,6.9519,0
convnext_tiny,43,convnext_tiny_s43,ON_NEG,on/scene15/L7__s20260820__0007.png::boost_h,scene15,H_weak,C3b,17,C,3b,0.631757,-9.4753,-12.4083,62.4936,8.3783,0
convnext_tiny,43,convnext_tiny_s43,ON_NEG,on/scene15/L7__s20260820__0007.png::boost_h,scene15,H_weak,D3b,18,D,3b,0.605349,-9.4753,-12.4083,62.4936,8.3783,0
convnext_tiny,43,convnext_tiny_s43,ON_NEG,on/scene07/L0__s20260820__0000.png::boost_e,scene07,none_in_fov,B3b,16,B,3b,0.579985,-10.2409,14.1283,61.8254,9.3533,0
convnext_tiny,43,convnext_tiny_s43,ON_NEG,on/scene07/L0__s20260820__0000.png::boost_e,scene07,none_in_fov,C3b,17,C,3b,0.631768,-10.2409,14.1283,61.8254,9.3533,0
convnext_tiny,43,convnext_tiny_s43,ON_NEG,on/scene07/L0__s20260820__0000.png::boost_e,scene07,none_in_fov,D3b,18,D,3b,0.605434,-10.2409,14.1283,61.8254,9.3533,0
convnext_tiny,43,convnext_tiny_s43,ON_NEG,on/scene07/L0__s20260820__0001.png::boost_e,scene07,none_in_fov,B3b,16,B,3b,0.57995,-8.7737,-1.6736,63.801,8.4933,0
convnext_tiny,43,convnext_tiny_s43,ON_NEG,on/scene07/L0__s20260820__0001.png::boost_e,scene07,none_in_fov,C3b,17,C,3b,0.631782,-8.7737,-1.6736,63.801,8.4933,0
convnext_tiny,43,convnext_tiny_s43,ON_NEG,on/scene07/L0__s20260820__0001.png::boost_e,scene07,none_in_fov,D3b,18,D,3b,0.605474,-8.7737,-1.6736,63.801,8.4933,0
convnext_tiny,43,convnext_tiny_s43,ON_NEG,on/scene07/L0__s20260820__0002.png::boost_e,scene07,none_in_fov,B3b,16,B,3b,0.579958,-11.7844,-0.5026,59.071,6.034,0
convnext_tiny,43,convnext_tiny_s43,ON_NEG,on/scene07/L0__s20260820__0002.png::boost_e,scene07,none_in_fov,C3b,17,C,3b,0.631803,-11.7844,-0.5026,59.071,6.034,0
convnext_tiny,43,convnext_tiny_s43,ON_NEG,on/scene07/L0__s20260820__0002.png::boost_e,scene07,none_in_fov,D3b,18,D,3b,0.605466,-11.7844,-0.5026,59.071,6.034,0
convnext_tiny,43,convnext_tiny_s43,ON_NEG,on/scene07/L0__s20260820__0003.png::boost_e,scene07,none_in_fov,B3b,16,B,3b,0.579968,-10.8121,7.6338,61.1751,9.743,0
convnext_tiny,43,convnext_tiny_s43,ON_NEG,on/scene07/L0__s20260820__0003.png::boost_e,scene07,none_in_fov,C3b,17,C,3b,0.631768,-10.8121,7.6338,61.1751,9.743,0
convnext_tiny,43,convnext_tiny_s43,ON_NEG,on/scene07/L0__s20260820__0003.png::boost_e,scene07,none_in_fov,D3b,18,D,3b,0.605457,-10.8121,7.6338,61.1751,9.743,0
convnext_tiny,43,convnext_tiny_s43,ON_NEG,on/scene07/L0__s20260820__0004.png::boost_e,scene07,none_in_fov,B3b,16,B,3b,0.580018,-11.296,14.3304,62.4153,11.7361,0
convnext_tiny,43,convnext_tiny_s43,ON_NEG,on/scene07/L0__s20260820__0004.png::boost_e,scene07,none_in_fov,C3b,17,C,3b,0.631767,-11.296,14.3304,62.4153,11.7361,0
convnext_tiny,43,convnext_tiny_s43,ON_NEG,on/scene07/L0__s20260820__0004.png::boost_e,scene07,none_in_fov,D3b,18,D,3b,0.605382,-11.296,14.3304,62.4153,11.7361,0
convnext_tiny,43,convnext_tiny_s43,ON_NEG,on/scene07/L0__s20260820__0005.png::boost_e,scene07,none_in_fov,B3b,16,B,3b,0.579984,-13.5151,3.1873,60.3528,6.7166,0
convnext_tiny,43,convnext_tiny_s43,ON_NEG,on/scene07/L0__s20260820__0005.png::boost_e,scene07,none_in_fov,C3b,17,C,3b,0.631752,-13.5151,3.1873,60.3528,6.7166,0
convnext_tiny,43,convnext_tiny_s43,ON_NEG,on/scene07/L0__s20260820__0005.png::boost_e,scene07,none_in_fov,D3b,18,D,3b,0.605433,-13.5151,3.1873,60.3528,6.7166,0
convnext_tiny,43,convnext_tiny_s43,ON_NEG,on/scene07/L0__s20260820__0006.png::boost_e,scene07,none_in_fov,B3b,16,B,3b,0.579988,-7.4676,-1.6241,59.074,6.6363,0
convnext_tiny,43,convnext_tiny_s43,ON_NEG,on/scene07/L0__s20260820__0006.png::boost_e,scene07,none_in_fov,C3b,17,C,3b,0.631768,-7.4676,-1.6241,59.074,6.6363,0
convnext_tiny,43,convnext_tiny_s43,ON_NEG,on/scene07/L0__s20260820__0006.png::boost_e,scene07,none_in_fov,D3b,18,D,3b,0.605435,-7.4676,-1.6241,59.074,6.6363,0
convnext_tiny,43,convnext_tiny_s43,ON_NEG,on/scene07/L0__s20260820__0007.png::boost_e,scene07,none_in_fov,B3b,16,B,3b,0.580042,-8.8831,-5.8973,62.4612,11.793,0
convnext_tiny,43,convnext_tiny_s43,ON_NEG,on/scene07/L0__s20260820__0007.png::boost_e,scene07,none_in_fov,C3b,17,C,3b,0.631753,-8.8831,-5.8973,62.4612,11.793,0
convnext_tiny,43,convnext_tiny_s43,ON_NEG,on/scene07/L0__s20260820__0007.png::boost_e,scene07,none_in_fov,D3b,18,D,3b,0.605345,-8.8831,-5.8973,62.4612,11.793,0
convnext_tiny,43,convnext_tiny_s43,ON_NEG,on/scene07/L5__s20260820__0000.png::boost_e,scene07,none_in_fov,B3b,16,B,3b,0.579958,-10.2409,14.1283,61.8254,9.3533,0
convnext_tiny,43,convnext_tiny_s43,ON_NEG,on/scene07/L5__s20260820__0000.png::boost_e,scene07,none_in_fov,C3b,17,C,3b,0.631765,-10.2409,14.1283,61.8254,9.3533,0
convnext_tiny,43,convnext_tiny_s43,ON_NEG,on/scene07/L5__s20260820__0000.png::boost_e,scene07,none_in_fov,D3b,18,D,3b,0.605445,-10.2409,14.1283,61.8254,9.3533,0
convnext_tiny,43,convnext_tiny_s43,ON_NEG,on/scene07/L5__s20260820__0001.png::boost_e,scene07,none_in_fov,B3b,16,B,3b,0.579949,-8.7737,-1.6736,63.801,8.4933,0
convnext_tiny,43,convnext_tiny_s43,ON_NEG,on/scene07/L5__s20260820__0001.png::boost_e,scene07,none_in_fov,C3b,17,C,3b,0.63178,-8.7737,-1.6736,63.801,8.4933,0
convnext_tiny,43,convnext_tiny_s43,ON_NEG,on/scene07/L5__s20260820__0001.png::boost_e,scene07,none_in_fov,D3b,18,D,3b,0.605478,-8.7737,-1.6736,63.801,8.4933,0
convnext_tiny,43,convnext_tiny_s43,ON_NEG,on/scene07/L5__s20260820__0002.png::boost_e,scene07,none_in_fov,B3b,16,B,3b,0.579991,-11.7844,-0.5026,59.071,6.034,0
convnext_tiny,43,convnext_tiny_s43,ON_NEG,on/scene07/L5__s20260820__0002.png::boost_e,scene07,none_in_fov,C3b,17,C,3b,0.631752,-11.7844,-0.5026,59.071,6.034,0
convnext_tiny,43,convnext_tiny_s43,ON_NEG,on/scene07/L5__s20260820__0002.png::boost_e,scene07,none_in_fov,D3b,18,D,3b,0.605409,-11.7844,-0.5026,59.071,6.034,0
convnext_tiny,43,convnext_tiny_s43,ON_NEG,on/scene07/L5__s20260820__0003.png::boost_e,scene07,none_in_fov,B3b,16,B,3b,0.579952,-10.8121,7.6338,61.1751,9.743,0
convnext_tiny,43,convnext_tiny_s43,ON_NEG,on/scene07/L5__s20260820__0003.png::boost_e,scene07,none_in_fov,C3b,17,C,3b,0.631774,-10.8121,7.6338,61.1751,9.743,0
convnext_tiny,43,convnext_tiny_s43,ON_NEG,on/scene07/L5__s20260820__0003.png::boost_e,scene07,none_in_fov,D3b,18,D,3b,0.605469,-10.8121,7.6338,61.1751,9.743,0
convnext_tiny,43,convnext_tiny_s43,ON_NEG,on/scene07/L5__s20260820__0004.png::boost_e,scene07,none_in_fov,B3b,16,B,3b,0.580018,-11.296,14.3304,62.4153,11.7361,0
convnext_tiny,43,convnext_tiny_s43,ON_NEG,on/scene07/L5__s20260820__0004.png::boost_e,scene07,none_in_fov,C3b,17,C,3b,0.631728,-11.296,14.3304,62.4153,11.7361,0
convnext_tiny,43,convnext_tiny_s43,ON_NEG,on/scene07/L5__s20260820__0004.png::boost_e,scene07,none_in_fov,D3b,18,D,3b,0.605384,-11.296,14.3304,62.4153,11.7361,0
convnext_tiny,43,convnext_tiny_s43,ON_NEG,on/scene07/L5__s20260820__0005.png::boost_e,scene07,none_in_fov,B3b,16,B,3b,0.579892,-13.5151,3.1873,60.3528,6.7166,0
convnext_tiny,43,convnext_tiny_s43,ON_NEG,on/scene07/L5__s20260820__0005.png::boost_e,scene07,none_in_fov,C3b,17,C,3b,0.631797,-13.5151,3.1873,60.3528,6.7166,0
convnext_tiny,43,convnext_tiny_s43,ON_NEG,on/scene07/L5__s20260820__0005.png::boost_e,scene07,none_in_fov,D3b,18,D,3b,0.605547,-13.5151,3.1873,60.3528,6.7166,0
convnext_tiny,43,convnext_tiny_s43,ON_NEG,on/scene07/L5__s20260820__0006.png::boost_e,scene07,none_in_fov,B3b,16,B,3b,0.580026,-7.4676,-1.6241,59.074,6.6363,0
convnext_tiny,43,convnext_tiny_s43,ON_NEG,on/scene07/L5__s20260820__0006.png::boost_e,scene07,none_in_fov,C3b,17,C,3b,0.631761,-7.4676,-1.6241,59.074,6.6363,0
convnext_tiny,43,convnext_tiny_s43,ON_NEG,on/scene07/L5__s20260820__0006.png::boost_e,scene07,none_in_fov,D3b,18,D,3b,0.605362,-7.4676,-1.6241,59.074,6.6363,0
convnext_tiny,43,convnext_tiny_s43,ON_NEG,on/scene07/L5__s20260820__0007.png::boost_e,scene07,none_in_fov,B3b,16,B,3b,0.579917,-8.8831,-5.8973,62.4612,11.793,0
convnext_tiny,43,convnext_tiny_s43,ON_NEG,on/scene07/L5__s20260820__0007.png::boost_e,scene07,none_in_fov,C3b,17,C,3b,0.631765,-8.8831,-5.8973,62.4612,11.793,0
convnext_tiny,43,convnext_tiny_s43,ON_NEG,on/scene07/L5__s20260820__0007.png::boost_e,scene07,none_in_fov,D3b,18,D,3b,0.6055,-8.8831,-5.8973,62.4612,11.793,0
convnext_tiny,43,convnext_tiny_s43,ON_NEG,on/scene07/L7__s20260820__0000.png::boost_e,scene07,none_in_fov,B3b,16,B,3b,0.580131,-10.2409,14.1283,61.8254,9.3533,0
convnext_tiny,43,convnext_tiny_s43,ON_NEG,on/scene07/L7__s20260820__0000.png::boost_e,scene07,none_in_fov,C3b,17,C,3b,0.631751,-10.2409,14.1283,61.8254,9.3533,0
convnext_tiny,43,convnext_tiny_s43,ON_NEG,on/scene07/L7__s20260820__0000.png::boost_e,scene07,none_in_fov,D3b,18,D,3b,0.605234,-10.2409,14.1283,61.8254,9.3533,0
convnext_tiny,43,convnext_tiny_s43,ON_NEG,on/scene07/L7__s20260820__0001.png::boost_e,scene07,none_in_fov,B3b,16,B,3b,0.580113,-8.7737,-1.6736,63.801,8.4933,0
convnext_tiny,43,convnext_tiny_s43,ON_NEG,on/scene07/L7__s20260820__0001.png::boost_e,scene07,none_in_fov,C3b,17,C,3b,0.631769,-8.7737,-1.6736,63.801,8.4933,0
convnext_tiny,43,convnext_tiny_s43,ON_NEG,on/scene07/L7__s20260820__0001.png::boost_e,scene07,none_in_fov,D3b,18,D,3b,0.605277,-8.7737,-1.6736,63.801,8.4933,0
convnext_tiny,43,convnext_tiny_s43,ON_NEG,on/scene07/L7__s20260820__0002.png::boost_e,scene07,none_in_fov,B3b,16,B,3b,0.57997,-11.7844,-0.5026,59.071,6.034,0
convnext_tiny,43,convnext_tiny_s43,ON_NEG,on/scene07/L7__s20260820__0002.png::boost_e,scene07,none_in_fov,C3b,17,C,3b,0.631779,-11.7844,-0.5026,59.071,6.034,0
convnext_tiny,43,convnext_tiny_s43,ON_NEG,on/scene07/L7__s20260820__0002.png::boost_e,scene07,none_in_fov,D3b,18,D,3b,0.605464,-11.7844,-0.5026,59.071,6.034,0
convnext_tiny,43,convnext_tiny_s43,ON_NEG,on/scene07/L7__s20260820__0003.png::boost_e,scene07,none_in_fov,B3b,16,B,3b,0.580116,-10.8121,7.6338,61.1751,9.743,0
convnext_tiny,43,convnext_tiny_s43,ON_NEG,on/scene07/L7__s20260820__0003.png::boost_e,scene07,none_in_fov,C3b,17,C,3b,0.63175,-10.8121,7.6338,61.1751,9.743,0
convnext_tiny,43,convnext_tiny_s43,ON_NEG,on/scene07/L7__s20260820__0003.png::boost_e,scene07,none_in_fov,D3b,18,D,3b,0.605258,-10.8121,7.6338,61.1751,9.743,0
convnext_tiny,43,convnext_tiny_s43,ON_NEG,on/scene07/L7__s20260820__0004.png::boost_e,scene07,none_in_fov,B3b,16,B,3b,0.580102,-11.296,14.3304,62.4153,11.7361,0
convnext_tiny,43,convnext_tiny_s43,ON_NEG,on/scene07/L7__s20260820__0004.png::boost_e,scene07,none_in_fov,C3b,17,C,3b,0.631751,-11.296,14.3304,62.4153,11.7361,0
convnext_tiny,43,convnext_tiny_s43,ON_NEG,on/scene07/L7__s20260820__0004.png::boost_e,scene07,none_in_fov,D3b,18,D,3b,0.605273,-11.296,14.3304,62.4153,11.7361,0
convnext_tiny,43,convnext_tiny_s43,ON_NEG,on/scene07/L7__s20260820__0005.png::boost_e,scene07,none_in_fov,B3b,16,B,3b,0.580055,-13.5151,3.1873,60.3528,6.7166,0
convnext_tiny,43,convnext_tiny_s43,ON_NEG,on/scene07/L7__s20260820__0005.png::boost_e,scene07,none_in_fov,C3b,17,C,3b,0.631736,-13.5151,3.1873,60.3528,6.7166,0
convnext_tiny,43,convnext_tiny_s43,ON_NEG,on/scene07/L7__s20260820__0005.png::boost_e,scene07,none_in_fov,D3b,18,D,3b,0.605333,-13.5151,3.1873,60.3528,6.7166,0
convnext_tiny,43,convnext_tiny_s43,ON_NEG,on/scene07/L7__s20260820__0006.png::boost_e,scene07,none_in_fov,B3b,16,B,3b,0.580044,-7.4676,-1.6241,59.074,6.6363,0
convnext_tiny,43,convnext_tiny_s43,ON_NEG,on/scene07/L7__s20260820__0006.png::boost_e,scene07,none_in_fov,C3b,17,C,3b,0.631755,-7.4676,-1.6241,59.074,6.6363,0
convnext_tiny,43,convnext_tiny_s43,ON_NEG,on/scene07/L7__s20260820__0006.png::boost_e,scene07,none_in_fov,D3b,18,D,3b,0.605343,-7.4676,-1.6241,59.074,6.6363,0
convnext_tiny,43,convnext_tiny_s43,ON_NEG,on/scene07/L7__s20260820__0007.png::boost_e,scene07,none_in_fov,B3b,16,B,3b,0.580148,-8.8831,-5.8973,62.4612,11.793,0
convnext_tiny,43,convnext_tiny_s43,ON_NEG,on/scene07/L7__s20260820__0007.png::boost_e,scene07,none_in_fov,C3b,17,C,3b,0.631764,-8.8831,-5.8973,62.4612,11.793,0
convnext_tiny,43,convnext_tiny_s43,ON_NEG,on/scene07/L7__s20260820__0007.png::boost_e,scene07,none_in_fov,D3b,18,D,3b,0.60523,-8.8831,-5.8973,62.4612,11.793,0
convnext_tiny,43,convnext_tiny_s43,ON_NEG,on/scene14/L0__s20260820__0002.png::boost_e,scene14,none_in_fov,B3b,16,B,3b,0.580226,-7.0039,2.401,63.1403,11.657,0
convnext_tiny,43,convnext_tiny_s43,ON_NEG,on/scene14/L0__s20260820__0002.png::boost_e,scene14,none_in_fov,C3b,17,C,3b,0.631842,-7.0039,2.401,63.1403,11.657,0
convnext_tiny,43,convnext_tiny_s43,ON_NEG,on/scene14/L0__s20260820__0002.png::boost_e,scene14,none_in_fov,D3b,18,D,3b,0.605104,-7.0039,2.401,63.1403,11.657,0
convnext_tiny,43,convnext_tiny_s43,ON_NEG,on/scene14/L5__s20260820__0002.png::boost_e,scene14,none_in_fov,B3b,16,B,3b,0.58021,-7.0039,2.401,63.1403,11.657,0
convnext_tiny,43,convnext_tiny_s43,ON_NEG,on/scene14/L5__s20260820__0002.png::boost_e,scene14,none_in_fov,C3b,17,C,3b,0.631827,-7.0039,2.401,63.1403,11.657,0
convnext_tiny,43,convnext_tiny_s43,ON_NEG,on/scene14/L5__s20260820__0002.png::boost_e,scene14,none_in_fov,D3b,18,D,3b,0.605151,-7.0039,2.401,63.1403,11.657,0
convnext_tiny,43,convnext_tiny_s43,ON_NEG,on/scene14/L7__s20260820__0002.png::boost_e,scene14,none_in_fov,B3b,16,B,3b,0.580228,-7.0039,2.401,63.1403,11.657,0
convnext_tiny,43,convnext_tiny_s43,ON_NEG,on/scene14/L7__s20260820__0002.png::boost_e,scene14,none_in_fov,C3b,17,C,3b,0.631874,-7.0039,2.401,63.1403,11.657,0
convnext_tiny,43,convnext_tiny_s43,ON_NEG,on/scene14/L7__s20260820__0002.png::boost_e,scene14,none_in_fov,D3b,18,D,3b,0.605078,-7.0039,2.401,63.1403,11.657,0
convnext_tiny,43,convnext_tiny_s43,ON_NEG,on/scene15/L0__s20260820__0000.png::boost_e,scene15,H,C3b,17,C,3b,0.631816,-13.637,-17.7914,62.7559,10.9914,0
convnext_tiny,43,convnext_tiny_s43,ON_NEG,on/scene15/L0__s20260820__0000.png::boost_e,scene15,H,D3b,18,D,3b,0.605258,-13.637,-17.7914,62.7559,10.9914,0
convnext_tiny,43,convnext_tiny_s43,ON_NEG,on/scene15/L0__s20260820__0001.png::boost_e,scene15,H_weak,C3b,17,C,3b,0.631804,-6.8068,-11.8299,63.9125,9.9013,0
convnext_tiny,43,convnext_tiny_s43,ON_NEG,on/scene15/L0__s20260820__0001.png::boost_e,scene15,H_weak,D3b,18,D,3b,0.605414,-6.8068,-11.8299,63.9125,9.9013,0
convnext_tiny,43,convnext_tiny_s43,ON_NEG,on/scene15/L0__s20260820__0002.png::boost_e,scene15,V,D3b,18,D,3b,0.605352,-8.6096,-4.0107,63.6728,6.6026,0
convnext_tiny,43,convnext_tiny_s43,ON_NEG,on/scene15/L0__s20260820__0003.png::boost_e,scene15,H,D3b,18,D,3b,0.605287,-11.0902,-4.9586,63.1815,7.5147,0
convnext_tiny,43,convnext_tiny_s43,ON_NEG,on/scene15/L0__s20260820__0004.png::boost_e,scene15,H,D3b,18,D,3b,0.605359,-12.6937,-3.4861,58.1207,9.9583,0
convnext_tiny,43,convnext_tiny_s43,ON_NEG,on/scene15/L0__s20260820__0005.png::boost_e,scene15,H,C3b,17,C,3b,0.63181,-5.4058,-7.3396,62.3314,9.8366,0
convnext_tiny,43,convnext_tiny_s43,ON_NEG,on/scene15/L0__s20260820__0005.png::boost_e,scene15,H,D3b,18,D,3b,0.605382,-5.4058,-7.3396,62.3314,9.8366,0
convnext_tiny,43,convnext_tiny_s43,ON_NEG,on/scene15/L0__s20260820__0006.png::boost_e,scene15,H,B3b,16,B,3b,0.58006,-5.1828,6.8137,59.5209,6.9519,0
convnext_tiny,43,convnext_tiny_s43,ON_NEG,on/scene15/L0__s20260820__0007.png::boost_e,scene15,V,C3b,17,C,3b,0.631803,-9.4753,-12.4083,62.4936,8.3783,0
convnext_tiny,43,convnext_tiny_s43,ON_NEG,on/scene15/L0__s20260820__0007.png::boost_e,scene15,V,D3b,18,D,3b,0.605387,-9.4753,-12.4083,62.4936,8.3783,0
convnext_tiny,43,convnext_tiny_s43,ON_NEG,on/scene15/L4__s20260820__0000.png::boost_e,scene15,H,C3b,17,C,3b,0.631725,-13.637,-17.7914,62.7559,10.9914,0
convnext_tiny,43,convnext_tiny_s43,ON_NEG,on/scene15/L4__s20260820__0000.png::boost_e,scene15,H,D3b,18,D,3b,0.60545,-13.637,-17.7914,62.7559,10.9914,0
convnext_tiny,43,convnext_tiny_s43,ON_NEG,on/scene15/L4__s20260820__0001.png::boost_e,scene15,H_weak,C3b,17,C,3b,0.631748,-6.8068,-11.8299,63.9125,9.9013,0
convnext_tiny,43,convnext_tiny_s43,ON_NEG,on/scene15/L4__s20260820__0001.png::boost_e,scene15,H_weak,D3b,18,D,3b,0.605459,-6.8068,-11.8299,63.9125,9.9013,0
convnext_tiny,43,convnext_tiny_s43,ON_NEG,on/scene15/L4__s20260820__0002.png::boost_e,scene15,V,D3b,18,D,3b,0.605517,-8.6096,-4.0107,63.6728,6.6026,0
convnext_tiny,43,convnext_tiny_s43,ON_NEG,on/scene15/L4__s20260820__0003.png::boost_e,scene15,H,D3b,18,D,3b,0.605507,-11.0902,-4.9586,63.1815,7.5147,0
convnext_tiny,43,convnext_tiny_s43,ON_NEG,on/scene15/L4__s20260820__0004.png::boost_e,scene15,H,D3b,18,D,3b,0.605552,-12.6937,-3.4861,58.1207,9.9583,0
convnext_tiny,43,convnext_tiny_s43,ON_NEG,on/scene15/L4__s20260820__0005.png::boost_e,scene15,H,C3b,17,C,3b,0.631733,-5.4058,-7.3396,62.3314,9.8366,0
convnext_tiny,43,convnext_tiny_s43,ON_NEG,on/scene15/L4__s20260820__0005.png::boost_e,scene15,H,D3b,18,D,3b,0.605454,-5.4058,-7.3396,62.3314,9.8366,0
convnext_tiny,43,convnext_tiny_s43,ON_NEG,on/scene15/L4__s20260820__0006.png::boost_e,scene15,H,B3b,16,B,3b,0.579917,-5.1828,6.8137,59.5209,6.9519,0
convnext_tiny,43,convnext_tiny_s43,ON_NEG,on/scene15/L4__s20260820__0007.png::boost_e,scene15,V,C3b,17,C,3b,0.631779,-9.4753,-12.4083,62.4936,8.3783,0
convnext_tiny,43,convnext_tiny_s43,ON_NEG,on/scene15/L4__s20260820__0007.png::boost_e,scene15,V,D3b,18,D,3b,0.605548,-9.4753,-12.4083,62.4936,8.3783,0
convnext_tiny,43,convnext_tiny_s43,ON_NEG,on/scene15/L7__s20260820__0000.png::boost_e,scene15,H,C3b,17,C,3b,0.631792,-13.637,-17.7914,62.7559,10.9914,0
convnext_tiny,43,convnext_tiny_s43,ON_NEG,on/scene15/L7__s20260820__0000.png::boost_e,scene15,H,D3b,18,D,3b,0.605196,-13.637,-17.7914,62.7559,10.9914,0
convnext_tiny,43,convnext_tiny_s43,ON_NEG,on/scene15/L7__s20260820__0001.png::boost_e,scene15,H_weak,C3b,17,C,3b,0.631746,-6.8068,-11.8299,63.9125,9.9013,0
convnext_tiny,43,convnext_tiny_s43,ON_NEG,on/scene15/L7__s20260820__0001.png::boost_e,scene15,H_weak,D3b,18,D,3b,0.605384,-6.8068,-11.8299,63.9125,9.9013,0
convnext_tiny,43,convnext_tiny_s43,ON_NEG,on/scene15/L7__s20260820__0002.png::boost_e,scene15,V,D3b,18,D,3b,0.605337,-8.6096,-4.0107,63.6728,6.6026,0
convnext_tiny,43,convnext_tiny_s43,ON_NEG,on/scene15/L7__s20260820__0003.png::boost_e,scene15,H,D3b,18,D,3b,0.605267,-11.0902,-4.9586,63.1815,7.5147,0
convnext_tiny,43,convnext_tiny_s43,ON_NEG,on/scene15/L7__s20260820__0004.png::boost_e,scene15,H,D3b,18,D,3b,0.605383,-12.6937,-3.4861,58.1207,9.9583,0
convnext_tiny,43,convnext_tiny_s43,ON_NEG,on/scene15/L7__s20260820__0005.png::boost_e,scene15,H,C3b,17,C,3b,0.631721,-5.4058,-7.3396,62.3314,9.8366,0
convnext_tiny,43,convnext_tiny_s43,ON_NEG,on/scene15/L7__s20260820__0005.png::boost_e,scene15,H,D3b,18,D,3b,0.605416,-5.4058,-7.3396,62.3314,9.8366,0
convnext_tiny,43,convnext_tiny_s43,ON_NEG,on/scene15/L7__s20260820__0006.png::boost_e,scene15,H,B3b,16,B,3b,0.580101,-5.1828,6.8137,59.5209,6.9519,0
convnext_tiny,43,convnext_tiny_s43,ON_NEG,on/scene15/L7__s20260820__0007.png::boost_e,scene15,V,C3b,17,C,3b,0.631759,-9.4753,-12.4083,62.4936,8.3783,0
convnext_tiny,43,convnext_tiny_s43,ON_NEG,on/scene15/L7__s20260820__0007.png::boost_e,scene15,V,D3b,18,D,3b,0.605365,-9.4753,-12.4083,62.4936,8.3783,0
convnext_tiny,43,convnext_tiny_s43,ON_NEG,on/scene07/L0__s20260821__0000.png::boost_e2,scene07,none_in_fov,B3b,16,B,3b,0.579943,-9.0864,4.975,60.5839,4.6498,0
convnext_tiny,43,convnext_tiny_s43,ON_NEG,on/scene07/L0__s20260821__0000.png::boost_e2,scene07,none_in_fov,C3b,17,C,3b,0.631799,-9.0864,4.975,60.5839,4.6498,0
convnext_tiny,43,convnext_tiny_s43,ON_NEG,on/scene07/L0__s20260821__0000.png::boost_e2,scene07,none_in_fov,D3b,18,D,3b,0.605495,-9.0864,4.975,60.5839,4.6498,0
convnext_tiny,43,convnext_tiny_s43,ON_NEG,on/scene07/L0__s20260821__0001.png::boost_e2,scene07,none_in_fov,B3b,16,B,3b,0.579957,-8.6491,14.3681,62.653,6.526,0
convnext_tiny,43,convnext_tiny_s43,ON_NEG,on/scene07/L0__s20260821__0001.png::boost_e2,scene07,none_in_fov,C3b,17,C,3b,0.631772,-8.6491,14.3681,62.653,6.526,0
convnext_tiny,43,convnext_tiny_s43,ON_NEG,on/scene07/L0__s20260821__0001.png::boost_e2,scene07,none_in_fov,D3b,18,D,3b,0.605481,-8.6491,14.3681,62.653,6.526,0
convnext_tiny,43,convnext_tiny_s43,ON_NEG,on/scene07/L0__s20260821__0002.png::boost_e2,scene07,none_in_fov,B3b,16,B,3b,0.579967,-11.7553,7.174,61.7523,8.5736,0
convnext_tiny,43,convnext_tiny_s43,ON_NEG,on/scene07/L0__s20260821__0002.png::boost_e2,scene07,none_in_fov,C3b,17,C,3b,0.631777,-11.7553,7.174,61.7523,8.5736,0
convnext_tiny,43,convnext_tiny_s43,ON_NEG,on/scene07/L0__s20260821__0002.png::boost_e2,scene07,none_in_fov,D3b,18,D,3b,0.605444,-11.7553,7.174,61.7523,8.5736,0
convnext_tiny,43,convnext_tiny_s43,ON_NEG,on/scene07/L0__s20260821__0003.png::boost_e2,scene07,none_in_fov,B3b,16,B,3b,0.579928,-11.0113,-0.6132,62.5016,7.1387,0
convnext_tiny,43,convnext_tiny_s43,ON_NEG,on/scene07/L0__s20260821__0003.png::boost_e2,scene07,none_in_fov,C3b,17,C,3b,0.631784,-11.0113,-0.6132,62.5016,7.1387,0
convnext_tiny,43,convnext_tiny_s43,ON_NEG,on/scene07/L0__s20260821__0003.png::boost_e2,scene07,none_in_fov,D3b,18,D,3b,0.605505,-11.0113,-0.6132,62.5016,7.1387,0
convnext_tiny,43,convnext_tiny_s43,ON_NEG,on/scene07/L0__s20260821__0004.png::boost_e2,scene07,none_in_fov,B3b,16,B,3b,0.579965,-13.3275,-0.1348,64.6075,6.5636,0
convnext_tiny,43,convnext_tiny_s43,ON_NEG,on/scene07/L0__s20260821__0004.png::boost_e2,scene07,none_in_fov,C3b,17,C,3b,0.631761,-13.3275,-0.1348,64.6075,6.5636,0
convnext_tiny,43,convnext_tiny_s43,ON_NEG,on/scene07/L0__s20260821__0004.png::boost_e2,scene07,none_in_fov,D3b,18,D,3b,0.605448,-13.3275,-0.1348,64.6075,6.5636,0
convnext_tiny,43,convnext_tiny_s43,ON_NEG,on/scene07/L0__s20260821__0005.png::boost_e2,scene07,none_in_fov,B3b,16,B,3b,0.580013,-5.0214,-1.8091,62.1167,8.8712,0
convnext_tiny,43,convnext_tiny_s43,ON_NEG,on/scene07/L0__s20260821__0005.png::boost_e2,scene07,none_in_fov,C3b,17,C,3b,0.631757,-5.0214,-1.8091,62.1167,8.8712,0
convnext_tiny,43,convnext_tiny_s43,ON_NEG,on/scene07/L0__s20260821__0005.png::boost_e2,scene07,none_in_fov,D3b,18,D,3b,0.605392,-5.0214,-1.8091,62.1167,8.8712,0
convnext_tiny,43,convnext_tiny_s43,ON_NEG,on/scene07/L0__s20260821__0006.png::boost_e2,scene07,none_in_fov,B3b,16,B,3b,0.579956,-12.1066,0.0159,62.3073,6.0804,0
convnext_tiny,43,convnext_tiny_s43,ON_NEG,on/scene07/L0__s20260821__0006.png::boost_e2,scene07,none_in_fov,C3b,17,C,3b,0.631776,-12.1066,0.0159,62.3073,6.0804,0
convnext_tiny,43,convnext_tiny_s43,ON_NEG,on/scene07/L0__s20260821__0006.png::boost_e2,scene07,none_in_fov,D3b,18,D,3b,0.605468,-12.1066,0.0159,62.3073,6.0804,0
convnext_tiny,43,convnext_tiny_s43,ON_NEG,on/scene07/L0__s20260821__0007.png::boost_e2,scene07,none_in_fov,B3b,16,B,3b,0.579963,-12.7675,1.6425,64.5249,4.4163,0
convnext_tiny,43,convnext_tiny_s43,ON_NEG,on/scene07/L0__s20260821__0007.png::boost_e2,scene07,none_in_fov,C3b,17,C,3b,0.63179,-12.7675,1.6425,64.5249,4.4163,0
convnext_tiny,43,convnext_tiny_s43,ON_NEG,on/scene07/L0__s20260821__0007.png::boost_e2,scene07,none_in_fov,D3b,18,D,3b,0.605464,-12.7675,1.6425,64.5249,4.4163,0
convnext_tiny,43,convnext_tiny_s43,ON_NEG,on/scene07/L5__s20260821__0000.png::boost_e2,scene07,none_in_fov,B3b,16,B,3b,0.579888,-9.0864,4.975,60.5839,4.6498,0
convnext_tiny,43,convnext_tiny_s43,ON_NEG,on/scene07/L5__s20260821__0000.png::boost_e2,scene07,none_in_fov,C3b,17,C,3b,0.631817,-9.0864,4.975,60.5839,4.6498,0
convnext_tiny,43,convnext_tiny_s43,ON_NEG,on/scene07/L5__s20260821__0000.png::boost_e2,scene07,none_in_fov,D3b,18,D,3b,0.605562,-9.0864,4.975,60.5839,4.6498,0
convnext_tiny,43,convnext_tiny_s43,ON_NEG,on/scene07/L5__s20260821__0001.png::boost_e2,scene07,none_in_fov,B3b,16,B,3b,0.580005,-8.6491,14.3681,62.653,6.526,0
convnext_tiny,43,convnext_tiny_s43,ON_NEG,on/scene07/L5__s20260821__0001.png::boost_e2,scene07,none_in_fov,C3b,17,C,3b,0.631772,-8.6491,14.3681,62.653,6.526,0
convnext_tiny,43,convnext_tiny_s43,ON_NEG,on/scene07/L5__s20260821__0001.png::boost_e2,scene07,none_in_fov,D3b,18,D,3b,0.6054,-8.6491,14.3681,62.653,6.526,0
convnext_tiny,43,convnext_tiny_s43,ON_NEG,on/scene07/L5__s20260821__0002.png::boost_e2,scene07,none_in_fov,B3b,16,B,3b,0.579908,-11.7553,7.174,61.7523,8.5736,0
convnext_tiny,43,convnext_tiny_s43,ON_NEG,on/scene07/L5__s20260821__0002.png::boost_e2,scene07,none_in_fov,C3b,17,C,3b,0.631771,-11.7553,7.174,61.7523,8.5736,0
convnext_tiny,43,convnext_tiny_s43,ON_NEG,on/scene07/L5__s20260821__0002.png::boost_e2,scene07,none_in_fov,D3b,18,D,3b,0.605492,-11.7553,7.174,61.7523,8.5736,0
convnext_tiny,43,convnext_tiny_s43,ON_NEG,on/scene07/L5__s20260821__0003.png::boost_e2,scene07,none_in_fov,B3b,16,B,3b,0.579986,-11.0113,-0.6132,62.5016,7.1387,0
convnext_tiny,43,convnext_tiny_s43,ON_NEG,on/scene07/L5__s20260821__0003.png::boost_e2,scene07,none_in_fov,C3b,17,C,3b,0.631758,-11.0113,-0.6132,62.5016,7.1387,0
convnext_tiny,43,convnext_tiny_s43,ON_NEG,on/scene07/L5__s20260821__0003.png::boost_e2,scene07,none_in_fov,D3b,18,D,3b,0.605419,-11.0113,-0.6132,62.5016,7.1387,0
convnext_tiny,43,convnext_tiny_s43,ON_NEG,on/scene07/L5__s20260821__0004.png::boost_e2,scene07,none_in_fov,B3b,16,B,3b,0.579964,-13.3275,-0.1348,64.6075,6.5636,0
convnext_tiny,43,convnext_tiny_s43,ON_NEG,on/scene07/L5__s20260821__0004.png::boost_e2,scene07,none_in_fov,C3b,17,C,3b,0.631755,-13.3275,-0.1348,64.6075,6.5636,0
convnext_tiny,43,convnext_tiny_s43,ON_NEG,on/scene07/L5__s20260821__0004.png::boost_e2,scene07,none_in_fov,D3b,18,D,3b,0.605448,-13.3275,-0.1348,64.6075,6.5636,0
convnext_tiny,43,convnext_tiny_s43,ON_NEG,on/scene07/L5__s20260821__0005.png::boost_e2,scene07,none_in_fov,B3b,16,B,3b,0.579919,-5.0214,-1.8091,62.1167,8.8712,0
convnext_tiny,43,convnext_tiny_s43,ON_NEG,on/scene07/L5__s20260821__0005.png::boost_e2,scene07,none_in_fov,C3b,17,C,3b,0.631778,-5.0214,-1.8091,62.1167,8.8712,0
convnext_tiny,43,convnext_tiny_s43,ON_NEG,on/scene07/L5__s20260821__0005.png::boost_e2,scene07,none_in_fov,D3b,18,D,3b,0.605497,-5.0214,-1.8091,62.1167,8.8712,0
convnext_tiny,43,convnext_tiny_s43,ON_NEG,on/scene07/L5__s20260821__0006.png::boost_e2,scene07,none_in_fov,B3b,16,B,3b,0.579968,-12.1066,0.0159,62.3073,6.0804,0
convnext_tiny,43,convnext_tiny_s43,ON_NEG,on/scene07/L5__s20260821__0006.png::boost_e2,scene07,none_in_fov,C3b,17,C,3b,0.631755,-12.1066,0.0159,62.3073,6.0804,0
convnext_tiny,43,convnext_tiny_s43,ON_NEG,on/scene07/L5__s20260821__0006.png::boost_e2,scene07,none_in_fov,D3b,18,D,3b,0.605439,-12.1066,0.0159,62.3073,6.0804,0
convnext_tiny,43,convnext_tiny_s43,ON_NEG,on/scene07/L5__s20260821__0007.png::boost_e2,scene07,none_in_fov,B3b,16,B,3b,0.579976,-12.7675,1.6425,64.5249,4.4163,0
convnext_tiny,43,convnext_tiny_s43,ON_NEG,on/scene07/L5__s20260821__0007.png::boost_e2,scene07,none_in_fov,C3b,17,C,3b,0.631752,-12.7675,1.6425,64.5249,4.4163,0
convnext_tiny,43,convnext_tiny_s43,ON_NEG,on/scene07/L5__s20260821__0007.png::boost_e2,scene07,none_in_fov,D3b,18,D,3b,0.605433,-12.7675,1.6425,64.5249,4.4163,0
convnext_tiny,43,convnext_tiny_s43,ON_NEG,on/scene07/L7__s20260821__0000.png::boost_e2,scene07,none_in_fov,B3b,16,B,3b,0.579961,-9.0864,4.975,60.5839,4.6498,0
convnext_tiny,43,convnext_tiny_s43,ON_NEG,on/scene07/L7__s20260821__0000.png::boost_e2,scene07,none_in_fov,C3b,17,C,3b,0.631773,-9.0864,4.975,60.5839,4.6498,0
convnext_tiny,43,convnext_tiny_s43,ON_NEG,on/scene07/L7__s20260821__0000.png::boost_e2,scene07,none_in_fov,D3b,18,D,3b,0.605483,-9.0864,4.975,60.5839,4.6498,0
convnext_tiny,43,convnext_tiny_s43,ON_NEG,on/scene07/L7__s20260821__0001.png::boost_e2,scene07,none_in_fov,B3b,16,B,3b,0.580008,-8.6491,14.3681,62.653,6.526,0
convnext_tiny,43,convnext_tiny_s43,ON_NEG,on/scene07/L7__s20260821__0001.png::boost_e2,scene07,none_in_fov,C3b,17,C,3b,0.631755,-8.6491,14.3681,62.653,6.526,0
convnext_tiny,43,convnext_tiny_s43,ON_NEG,on/scene07/L7__s20260821__0001.png::boost_e2,scene07,none_in_fov,D3b,18,D,3b,0.605407,-8.6491,14.3681,62.653,6.526,0
convnext_tiny,43,convnext_tiny_s43,ON_NEG,on/scene07/L7__s20260821__0002.png::boost_e2,scene07,none_in_fov,B3b,16,B,3b,0.579992,-11.7553,7.174,61.7523,8.5736,0
convnext_tiny,43,convnext_tiny_s43,ON_NEG,on/scene07/L7__s20260821__0002.png::boost_e2,scene07,none_in_fov,C3b,17,C,3b,0.63175,-11.7553,7.174,61.7523,8.5736,0
convnext_tiny,43,convnext_tiny_s43,ON_NEG,on/scene07/L7__s20260821__0002.png::boost_e2,scene07,none_in_fov,D3b,18,D,3b,0.605404,-11.7553,7.174,61.7523,8.5736,0
convnext_tiny,43,convnext_tiny_s43,ON_NEG,on/scene07/L7__s20260821__0003.png::boost_e2,scene07,none_in_fov,B3b,16,B,3b,0.579949,-11.0113,-0.6132,62.5016,7.1387,0
convnext_tiny,43,convnext_tiny_s43,ON_NEG,on/scene07/L7__s20260821__0003.png::boost_e2,scene07,none_in_fov,C3b,17,C,3b,0.631753,-11.0113,-0.6132,62.5016,7.1387,0
convnext_tiny,43,convnext_tiny_s43,ON_NEG,on/scene07/L7__s20260821__0003.png::boost_e2,scene07,none_in_fov,D3b,18,D,3b,0.605474,-11.0113,-0.6132,62.5016,7.1387,0
convnext_tiny,43,convnext_tiny_s43,ON_NEG,on/scene07/L7__s20260821__0004.png::boost_e2,scene07,none_in_fov,B3b,16,B,3b,0.58003,-13.3275,-0.1348,64.6075,6.5636,0
convnext_tiny,43,convnext_tiny_s43,ON_NEG,on/scene07/L7__s20260821__0004.png::boost_e2,scene07,none_in_fov,C3b,17,C,3b,0.631743,-13.3275,-0.1348,64.6075,6.5636,0
convnext_tiny,43,convnext_tiny_s43,ON_NEG,on/scene07/L7__s20260821__0004.png::boost_e2,scene07,none_in_fov,D3b,18,D,3b,0.605364,-13.3275,-0.1348,64.6075,6.5636,0
convnext_tiny,43,convnext_tiny_s43,ON_NEG,on/scene07/L7__s20260821__0005.png::boost_e2,scene07,none_in_fov,B3b,16,B,3b,0.580133,-5.0214,-1.8091,62.1167,8.8712,0
convnext_tiny,43,convnext_tiny_s43,ON_NEG,on/scene07/L7__s20260821__0005.png::boost_e2,scene07,none_in_fov,C3b,17,C,3b,0.631767,-5.0214,-1.8091,62.1167,8.8712,0
convnext_tiny,43,convnext_tiny_s43,ON_NEG,on/scene07/L7__s20260821__0005.png::boost_e2,scene07,none_in_fov,D3b,18,D,3b,0.605253,-5.0214,-1.8091,62.1167,8.8712,0
convnext_tiny,43,convnext_tiny_s43,ON_NEG,on/scene07/L7__s20260821__0006.png::boost_e2,scene07,none_in_fov,B3b,16,B,3b,0.579992,-12.1066,0.0159,62.3073,6.0804,0
convnext_tiny,43,convnext_tiny_s43,ON_NEG,on/scene07/L7__s20260821__0006.png::boost_e2,scene07,none_in_fov,C3b,17,C,3b,0.631746,-12.1066,0.0159,62.3073,6.0804,0
convnext_tiny,43,convnext_tiny_s43,ON_NEG,on/scene07/L7__s20260821__0006.png::boost_e2,scene07,none_in_fov,D3b,18,D,3b,0.605412,-12.1066,0.0159,62.3073,6.0804,0
convnext_tiny,43,convnext_tiny_s43,ON_NEG,on/scene07/L7__s20260821__0007.png::boost_e2,scene07,none_in_fov,B3b,16,B,3b,0.57998,-12.7675,1.6425,64.5249,4.4163,0
convnext_tiny,43,convnext_tiny_s43,ON_NEG,on/scene07/L7__s20260821__0007.png::boost_e2,scene07,none_in_fov,C3b,17,C,3b,0.631761,-12.7675,1.6425,64.5249,4.4163,0
convnext_tiny,43,convnext_tiny_s43,ON_NEG,on/scene07/L7__s20260821__0007.png::boost_e2,scene07,none_in_fov,D3b,18,D,3b,0.605448,-12.7675,1.6425,64.5249,4.4163,0
convnext_tiny,44,convnext_tiny_s44,OFF,off/scene05/L0__s20260819__0000.png,scene05,off,C3b,17,C,3b,0.529562,-13.6144,1.6463,62.6648,2.8577,0
convnext_tiny,44,convnext_tiny_s44,OFF,off/scene05/L0__s20260819__0001.png,scene05,off,C3b,17,C,3b,0.534457,-15.173,12.161,60.0807,9.829,0
convnext_tiny,44,convnext_tiny_s44,OFF,off/scene05/L0__s20260819__0002.png,scene05,off,C3b,17,C,3b,0.540265,-10.3814,-5.3811,61.849,10.1547,0
convnext_tiny,44,convnext_tiny_s44,OFF,off/scene05/L0__s20260819__0003.png,scene05,off,C3b,17,C,3b,0.529093,-16.5946,2.3699,62.213,5.261,0
convnext_tiny,44,convnext_tiny_s44,OFF,off/scene05/L0__s20260819__0004.png,scene05,off,C3b,17,C,3b,0.533426,-12.9429,6.4312,60.6761,2.7145,0
convnext_tiny,44,convnext_tiny_s44,OFF,off/scene05/L0__s20260819__0005.png,scene05,off,C3b,17,C,3b,0.542339,-7.0259,1.6918,62.8815,1.4988,0
convnext_tiny,44,convnext_tiny_s44,OFF,off/scene05/L0__s20260819__0006.png,scene05,off,C3b,17,C,3b,0.550667,-7.598,-3.6478,63.1397,4.3849,0
convnext_tiny,44,convnext_tiny_s44,OFF,off/scene05/L0__s20260819__0006.png,scene05,off,D3b,18,D,3b,0.503957,-7.598,-3.6478,63.1397,4.3849,0
convnext_tiny,44,convnext_tiny_s44,OFF,off/scene05/L0__s20260819__0007.png,scene05,off,C3b,17,C,3b,0.556557,-11.0887,-6.1282,60.9132,3.4946,0
convnext_tiny,44,convnext_tiny_s44,OFF,off/scene05/L0__s20260819__0007.png,scene05,off,D3b,18,D,3b,0.501144,-11.0887,-6.1282,60.9132,3.4946,0
convnext_tiny,44,convnext_tiny_s44,OFF,off/scene05/L5__s20260819__0000.png,scene05,off,C3b,17,C,3b,0.550378,-13.6144,1.6463,62.6648,2.8577,0
convnext_tiny,44,convnext_tiny_s44,OFF,off/scene05/L5__s20260819__0001.png,scene05,off,C3b,17,C,3b,0.557111,-15.173,12.161,60.0807,9.829,0
convnext_tiny,44,convnext_tiny_s44,OFF,off/scene05/L5__s20260819__0001.png,scene05,off,D3b,18,D,3b,0.515082,-15.173,12.161,60.0807,9.829,0
convnext_tiny,44,convnext_tiny_s44,OFF,off/scene05/L5__s20260819__0002.png,scene05,off,C3b,17,C,3b,0.521667,-10.3814,-5.3811,61.849,10.1547,0
convnext_tiny,44,convnext_tiny_s44,OFF,off/scene05/L5__s20260819__0003.png,scene05,off,C3b,17,C,3b,0.54637,-16.5946,2.3699,62.213,5.261,0
convnext_tiny,44,convnext_tiny_s44,OFF,off/scene05/L5__s20260819__0004.png,scene05,off,C3b,17,C,3b,0.536457,-12.9429,6.4312,60.6761,2.7145,0
convnext_tiny,44,convnext_tiny_s44,OFF,off/scene05/L5__s20260819__0006.png,scene05,off,C3b,17,C,3b,0.511148,-7.598,-3.6478,63.1397,4.3849,0
convnext_tiny,44,convnext_tiny_s44,OFF,off/scene05/L5__s20260819__0007.png,scene05,off,C3b,17,C,3b,0.513664,-11.0887,-6.1282,60.9132,3.4946,0
convnext_tiny,44,convnext_tiny_s44,OFF,off/scene05/L7__s20260819__0000.png,scene05,off,C3b,17,C,3b,0.529528,-13.6144,1.6463,62.6648,2.8577,0
convnext_tiny,44,convnext_tiny_s44,OFF,off/scene05/L7__s20260819__0001.png,scene05,off,C3b,17,C,3b,0.528701,-15.173,12.161,60.0807,9.829,0
convnext_tiny,44,convnext_tiny_s44,OFF,off/scene05/L7__s20260819__0002.png,scene05,off,C3b,17,C,3b,0.5291,-10.3814,-5.3811,61.849,10.1547,0
convnext_tiny,44,convnext_tiny_s44,OFF,off/scene05/L7__s20260819__0003.png,scene05,off,C3b,17,C,3b,0.529386,-16.5946,2.3699,62.213,5.261,0
convnext_tiny,44,convnext_tiny_s44,OFF,off/scene05/L7__s20260819__0004.png,scene05,off,C3b,17,C,3b,0.529544,-12.9429,6.4312,60.6761,2.7145,0
convnext_tiny,44,convnext_tiny_s44,OFF,off/scene05/L7__s20260819__0005.png,scene05,off,C3b,17,C,3b,0.533339,-7.0259,1.6918,62.8815,1.4988,0
convnext_tiny,44,convnext_tiny_s44,OFF,off/scene05/L7__s20260819__0006.png,scene05,off,C3b,17,C,3b,0.529371,-7.598,-3.6478,63.1397,4.3849,0
convnext_tiny,44,convnext_tiny_s44,OFF,off/scene05/L7__s20260819__0007.png,scene05,off,C3b,17,C,3b,0.530392,-11.0887,-6.1282,60.9132,3.4946,0
convnext_tiny,44,convnext_tiny_s44,OFF,off/scene07/L0__s20260819__0000.png,scene07,off,C3b,17,C,3b,0.538736,-11.6469,5.5321,61.8564,4.6128,0
convnext_tiny,44,convnext_tiny_s44,OFF,off/scene07/L0__s20260819__0001.png,scene07,off,C3b,17,C,3b,0.55006,-12.4971,7.4345,61.4783,11.6559,0
convnext_tiny,44,convnext_tiny_s44,OFF,off/scene07/L0__s20260819__0002.png,scene07,off,C3b,17,C,3b,0.502906,-7.922,-1.0116,61.5513,7.0947,0
convnext_tiny,44,convnext_tiny_s44,OFF,off/scene07/L0__s20260819__0003.png,scene07,off,C3b,17,C,3b,0.526682,-9.8928,4.8712,61.7741,2.4361,0
convnext_tiny,44,convnext_tiny_s44,OFF,off/scene07/L0__s20260819__0004.png,scene07,off,C3b,17,C,3b,0.547495,-12.8155,-12.0811,63.2809,3.8019,0
convnext_tiny,44,convnext_tiny_s44,OFF,off/scene07/L0__s20260819__0005.png,scene07,off,C3b,17,C,3b,0.520389,-9.3221,15.6943,62.9084,4.5788,0
convnext_tiny,44,convnext_tiny_s44,OFF,off/scene07/L0__s20260819__0006.png,scene07,off,B3b,16,B,3b,0.558424,-3.7993,3.5452,60.5677,1.5559,0
convnext_tiny,44,convnext_tiny_s44,OFF,off/scene07/L0__s20260819__0006.png,scene07,off,C3b,17,C,3b,0.621995,-3.7993,3.5452,60.5677,1.5559,0
convnext_tiny,44,convnext_tiny_s44,OFF,off/scene07/L0__s20260819__0006.png,scene07,off,D3b,18,D,3b,0.590024,-3.7993,3.5452,60.5677,1.5559,0
convnext_tiny,44,convnext_tiny_s44,OFF,off/scene07/L0__s20260819__0006.png,scene07,off,E3b,19,E,3b,0.533021,-3.7993,3.5452,60.5677,1.5559,0
convnext_tiny,44,convnext_tiny_s44,OFF,off/scene07/L0__s20260819__0007.png,scene07,off,C3b,17,C,3b,0.533498,-9.7299,-3.7756,59.9335,3.9995,0
convnext_tiny,44,convnext_tiny_s44,OFF,off/scene07/L5__s20260819__0000.png,scene07,off,C3b,17,C,3b,0.550497,-11.6469,5.5321,61.8564,4.6128,0
convnext_tiny,44,convnext_tiny_s44,OFF,off/scene07/L5__s20260819__0000.png,scene07,off,D3b,18,D,3b,0.508462,-11.6469,5.5321,61.8564,4.6128,0
convnext_tiny,44,convnext_tiny_s44,OFF,off/scene07/L5__s20260819__0001.png,scene07,off,C3b,17,C,3b,0.541592,-12.4971,7.4345,61.4783,11.6559,0
convnext_tiny,44,convnext_tiny_s44,OFF,off/scene07/L5__s20260819__0002.png,scene07,off,C3b,17,C,3b,0.534768,-7.922,-1.0116,61.5513,7.0947,0
convnext_tiny,44,convnext_tiny_s44,OFF,off/scene07/L5__s20260819__0003.png,scene07,off,C3b,17,C,3b,0.546144,-9.8928,4.8712,61.7741,2.4361,0
convnext_tiny,44,convnext_tiny_s44,OFF,off/scene07/L5__s20260819__0003.png,scene07,off,D3b,18,D,3b,0.504702,-9.8928,4.8712,61.7741,2.4361,0
convnext_tiny,44,convnext_tiny_s44,OFF,off/scene07/L5__s20260819__0004.png,scene07,off,C3b,17,C,3b,0.542708,-12.8155,-12.0811,63.2809,3.8019,0
convnext_tiny,44,convnext_tiny_s44,OFF,off/scene07/L5__s20260819__0005.png,scene07,off,C3b,17,C,3b,0.509228,-9.3221,15.6943,62.9084,4.5788,0
convnext_tiny,44,convnext_tiny_s44,OFF,off/scene07/L5__s20260819__0006.png,scene07,off,C3b,17,C,3b,0.524854,-3.7993,3.5452,60.5677,1.5559,0
convnext_tiny,44,convnext_tiny_s44,OFF,off/scene07/L5__s20260819__0007.png,scene07,off,C3b,17,C,3b,0.523792,-9.7299,-3.7756,59.9335,3.9995,0
convnext_tiny,44,convnext_tiny_s44,OFF,off/scene07/L7__s20260819__0000.png,scene07,off,C3b,17,C,3b,0.54466,-11.6469,5.5321,61.8564,4.6128,0
convnext_tiny,44,convnext_tiny_s44,OFF,off/scene07/L7__s20260819__0001.png,scene07,off,C3b,17,C,3b,0.56267,-12.4971,7.4345,61.4783,11.6559,0
convnext_tiny,44,convnext_tiny_s44,OFF,off/scene07/L7__s20260819__0001.png,scene07,off,D3b,18,D,3b,0.502791,-12.4971,7.4345,61.4783,11.6559,0
convnext_tiny,44,convnext_tiny_s44,OFF,off/scene07/L7__s20260819__0002.png,scene07,off,C3b,17,C,3b,0.508745,-7.922,-1.0116,61.5513,7.0947,0
convnext_tiny,44,convnext_tiny_s44,OFF,off/scene07/L7__s20260819__0003.png,scene07,off,C3b,17,C,3b,0.534459,-9.8928,4.8712,61.7741,2.4361,0
convnext_tiny,44,convnext_tiny_s44,OFF,off/scene07/L7__s20260819__0004.png,scene07,off,C3b,17,C,3b,0.550794,-12.8155,-12.0811,63.2809,3.8019,0
convnext_tiny,44,convnext_tiny_s44,OFF,off/scene07/L7__s20260819__0005.png,scene07,off,C3b,17,C,3b,0.550814,-9.3221,15.6943,62.9084,4.5788,0
convnext_tiny,44,convnext_tiny_s44,OFF,off/scene07/L7__s20260819__0006.png,scene07,off,C3b,17,C,3b,0.529391,-3.7993,3.5452,60.5677,1.5559,0
convnext_tiny,44,convnext_tiny_s44,OFF,off/scene07/L7__s20260819__0007.png,scene07,off,C3b,17,C,3b,0.566833,-9.7299,-3.7756,59.9335,3.9995,0
convnext_tiny,44,convnext_tiny_s44,OFF,off/scene07/L7__s20260819__0007.png,scene07,off,D3b,18,D,3b,0.516889,-9.7299,-3.7756,59.9335,3.9995,0
convnext_tiny,44,convnext_tiny_s44,OFF,off/scene14/L0__s20260819__0000.png,scene14,off,C3b,17,C,3b,0.529482,-9.8586,1.429,61.6578,4.7439,0
convnext_tiny,44,convnext_tiny_s44,OFF,off/scene14/L0__s20260819__0001.png,scene14,off,C3b,17,C,3b,0.529483,-8.9998,1.6524,61.4065,7.036,0
convnext_tiny,44,convnext_tiny_s44,OFF,off/scene14/L0__s20260819__0002.png,scene14,off,C3b,17,C,3b,0.52947,-13.2604,4.4652,60.6011,1.3141,0
convnext_tiny,44,convnext_tiny_s44,OFF,off/scene14/L0__s20260819__0003.png,scene14,off,C3b,17,C,3b,0.52948,-3.2277,7.0829,62.9059,4.594,0
convnext_tiny,44,convnext_tiny_s44,OFF,off/scene14/L0__s20260819__0004.png,scene14,off,C3b,17,C,3b,0.529484,-9.4161,-17.2604,60.9456,8.4208,0
convnext_tiny,44,convnext_tiny_s44,OFF,off/scene14/L0__s20260819__0005.png,scene14,off,C3b,17,C,3b,0.529479,-11.6875,3.1562,60.5808,4.4487,0
convnext_tiny,44,convnext_tiny_s44,OFF,off/scene14/L0__s20260819__0006.png,scene14,off,C3b,17,C,3b,0.529482,-10.0252,-0.1653,61.7917,6.5633,0
convnext_tiny,44,convnext_tiny_s44,OFF,off/scene14/L0__s20260819__0007.png,scene14,off,C3b,17,C,3b,0.529483,-8.8174,0.2988,62.6318,4.9665,0
convnext_tiny,44,convnext_tiny_s44,OFF,off/scene14/L5__s20260819__0000.png,scene14,off,C3b,17,C,3b,0.52948,-9.8586,1.429,61.6578,4.7439,0
convnext_tiny,44,convnext_tiny_s44,OFF,off/scene14/L5__s20260819__0001.png,scene14,off,C3b,17,C,3b,0.529525,-8.9998,1.6524,61.4065,7.036,0
convnext_tiny,44,convnext_tiny_s44,OFF,off/scene14/L5__s20260819__0002.png,scene14,off,C3b,17,C,3b,0.529453,-13.2604,4.4652,60.6011,1.3141,0
convnext_tiny,44,convnext_tiny_s44,OFF,off/scene14/L5__s20260819__0003.png,scene14,off,C3b,17,C,3b,0.52948,-3.2277,7.0829,62.9059,4.594,0
convnext_tiny,44,convnext_tiny_s44,OFF,off/scene14/L5__s20260819__0004.png,scene14,off,C3b,17,C,3b,0.529478,-9.4161,-17.2604,60.9456,8.4208,0
convnext_tiny,44,convnext_tiny_s44,OFF,off/scene14/L5__s20260819__0005.png,scene14,off,C3b,17,C,3b,0.529453,-11.6875,3.1562,60.5808,4.4487,0
convnext_tiny,44,convnext_tiny_s44,OFF,off/scene14/L5__s20260819__0006.png,scene14,off,C3b,17,C,3b,0.529479,-10.0252,-0.1653,61.7917,6.5633,0
convnext_tiny,44,convnext_tiny_s44,OFF,off/scene14/L5__s20260819__0007.png,scene14,off,C3b,17,C,3b,0.52948,-8.8174,0.2988,62.6318,4.9665,0
convnext_tiny,44,convnext_tiny_s44,OFF,off/scene14/L7__s20260819__0000.png,scene14,off,C3b,17,C,3b,0.529476,-9.8586,1.429,61.6578,4.7439,0
convnext_tiny,44,convnext_tiny_s44,OFF,off/scene14/L7__s20260819__0001.png,scene14,off,C3b,17,C,3b,0.529417,-8.9998,1.6524,61.4065,7.036,0
convnext_tiny,44,convnext_tiny_s44,OFF,off/scene14/L7__s20260819__0002.png,scene14,off,C3b,17,C,3b,0.529392,-13.2604,4.4652,60.6011,1.3141,0
convnext_tiny,44,convnext_tiny_s44,OFF,off/scene14/L7__s20260819__0003.png,scene14,off,C3b,17,C,3b,0.530329,-3.2277,7.0829,62.9059,4.594,0
convnext_tiny,44,convnext_tiny_s44,OFF,off/scene14/L7__s20260819__0004.png,scene14,off,C3b,17,C,3b,0.529451,-9.4161,-17.2604,60.9456,8.4208,0
convnext_tiny,44,convnext_tiny_s44,OFF,off/scene14/L7__s20260819__0005.png,scene14,off,C3b,17,C,3b,0.52968,-11.6875,3.1562,60.5808,4.4487,0
convnext_tiny,44,convnext_tiny_s44,OFF,off/scene14/L7__s20260819__0006.png,scene14,off,C3b,17,C,3b,0.529485,-10.0252,-0.1653,61.7917,6.5633,0
convnext_tiny,44,convnext_tiny_s44,OFF,off/scene14/L7__s20260819__0007.png,scene14,off,C3b,17,C,3b,0.529486,-8.8174,0.2988,62.6318,4.9665,0
convnext_tiny,44,convnext_tiny_s44,OFF,off/scene18/L0__s20260819__0000.png,scene18,off,C3b,17,C,3b,0.529481,-12.8838,-6.5844,62.7703,1.493,0
convnext_tiny,44,convnext_tiny_s44,OFF,off/scene18/L0__s20260819__0001.png,scene18,off,C3b,17,C,3b,0.529465,-14.5053,-0.143,62.9372,1.9928,0
convnext_tiny,44,convnext_tiny_s44,OFF,off/scene18/L0__s20260819__0002.png,scene18,off,C3b,17,C,3b,0.529487,-17.1516,-15.9889,62.3123,10.4512,0
convnext_tiny,44,convnext_tiny_s44,OFF,off/scene18/L0__s20260819__0003.png,scene18,off,C3b,17,C,3b,0.529472,-9.4719,6.5541,59.9925,1.3672,0
convnext_tiny,44,convnext_tiny_s44,OFF,off/scene18/L0__s20260819__0004.png,scene18,off,C3b,17,C,3b,0.529479,-2.8356,-7.7696,59.995,1.673,0
convnext_tiny,44,convnext_tiny_s44,OFF,off/scene18/L0__s20260819__0005.png,scene18,off,C3b,17,C,3b,0.548424,-4.7331,9.0788,60.2528,1.2517,0
convnext_tiny,44,convnext_tiny_s44,OFF,off/scene18/L0__s20260819__0005.png,scene18,off,D3b,18,D,3b,0.505161,-4.7331,9.0788,60.2528,1.2517,0
convnext_tiny,44,convnext_tiny_s44,OFF,off/scene18/L0__s20260819__0006.png,scene18,off,C3b,17,C,3b,0.529486,-12.0517,-2.6405,64.1763,5.9593,0
convnext_tiny,44,convnext_tiny_s44,OFF,off/scene18/L0__s20260819__0007.png,scene18,off,C3b,17,C,3b,0.529487,-11.7108,4.6011,63.4304,11.2418,0
convnext_tiny,44,convnext_tiny_s44,OFF,off/scene18/L5__s20260819__0000.png,scene18,off,C3b,17,C,3b,0.529486,-12.8838,-6.5844,62.7703,1.493,0
convnext_tiny,44,convnext_tiny_s44,OFF,off/scene18/L5__s20260819__0003.png,scene18,off,C3b,17,C,3b,0.535367,-9.4719,6.5541,59.9925,1.3672,0
convnext_tiny,44,convnext_tiny_s44,OFF,off/scene18/L5__s20260819__0006.png,scene18,off,C3b,17,C,3b,0.529489,-12.0517,-2.6405,64.1763,5.9593,0
convnext_tiny,44,convnext_tiny_s44,OFF,off/scene18/L5__s20260819__0007.png,scene18,off,C3b,17,C,3b,0.529486,-11.7108,4.6011,63.4304,11.2418,0
convnext_tiny,44,convnext_tiny_s44,OFF,off/scene18/L7__s20260819__0000.png,scene18,off,C3b,17,C,3b,0.529485,-12.8838,-6.5844,62.7703,1.493,0
convnext_tiny,44,convnext_tiny_s44,OFF,off/scene18/L7__s20260819__0001.png,scene18,off,C3b,17,C,3b,0.52947,-14.5053,-0.143,62.9372,1.9928,0
convnext_tiny,44,convnext_tiny_s44,OFF,off/scene18/L7__s20260819__0002.png,scene18,off,C3b,17,C,3b,0.529489,-17.1516,-15.9889,62.3123,10.4512,0
convnext_tiny,44,convnext_tiny_s44,OFF,off/scene18/L7__s20260819__0003.png,scene18,off,C3b,17,C,3b,0.529476,-9.4719,6.5541,59.9925,1.3672,0
convnext_tiny,44,convnext_tiny_s44,OFF,off/scene18/L7__s20260819__0004.png,scene18,off,C3b,17,C,3b,0.529482,-2.8356,-7.7696,59.995,1.673,0
convnext_tiny,44,convnext_tiny_s44,OFF,off/scene18/L7__s20260819__0005.png,scene18,off,C3b,17,C,3b,0.529473,-4.7331,9.0788,60.2528,1.2517,0
convnext_tiny,44,convnext_tiny_s44,OFF,off/scene18/L7__s20260819__0006.png,scene18,off,C3b,17,C,3b,0.529488,-12.0517,-2.6405,64.1763,5.9593,0
convnext_tiny,44,convnext_tiny_s44,OFF,off/scene18/L7__s20260819__0007.png,scene18,off,C3b,17,C,3b,0.529488,-11.7108,4.6011,63.4304,11.2418,0
convnext_tiny,44,convnext_tiny_s44,OFF,off/sceneN3/L0__s20260819__0000.png,sceneN3,off,C3b,17,C,3b,0.541195,-16.2467,-6.5053,60.6518,9.1828,0
convnext_tiny,44,convnext_tiny_s44,OFF,off/sceneN3/L0__s20260819__0001.png,sceneN3,off,C3b,17,C,3b,0.543485,-12.6534,1.5439,61.04,5.2884,0
convnext_tiny,44,convnext_tiny_s44,OFF,off/sceneN3/L0__s20260819__0002.png,sceneN3,off,C3b,17,C,3b,0.54152,-13.1516,1.5693,63.1068,1.7608,0
convnext_tiny,44,convnext_tiny_s44,OFF,off/sceneN3/L0__s20260819__0003.png,sceneN3,off,C3b,17,C,3b,0.567406,-9.3231,5.7221,62.1685,8.3724,0
convnext_tiny,44,convnext_tiny_s44,OFF,off/sceneN3/L0__s20260819__0003.png,sceneN3,off,D3b,18,D,3b,0.523195,-9.3231,5.7221,62.1685,8.3724,0
convnext_tiny,44,convnext_tiny_s44,OFF,off/sceneN3/L0__s20260819__0004.png,sceneN3,off,C3b,17,C,3b,0.526092,-7.3546,-7.2186,63.4074,8.0992,0
convnext_tiny,44,convnext_tiny_s44,OFF,off/sceneN3/L0__s20260819__0005.png,sceneN3,off,C3b,17,C,3b,0.527616,-12.2129,-14.4798,63.1796,2.2677,0
convnext_tiny,44,convnext_tiny_s44,OFF,off/sceneN3/L0__s20260819__0006.png,sceneN3,off,C3b,17,C,3b,0.514561,-7.7849,2.4667,60.503,4.7311,0
convnext_tiny,44,convnext_tiny_s44,OFF,off/sceneN3/L0__s20260819__0007.png,sceneN3,off,C3b,17,C,3b,0.554051,-12.6477,6.8749,62.3125,1.3919,0
convnext_tiny,44,convnext_tiny_s44,OFF,off/sceneN3/L0__s20260819__0007.png,sceneN3,off,D3b,18,D,3b,0.505741,-12.6477,6.8749,62.3125,1.3919,0
convnext_tiny,44,convnext_tiny_s44,OFF,off/sceneN3/L5__s20260819__0000.png,sceneN3,off,C3b,17,C,3b,0.550033,-16.2467,-6.5053,60.6518,9.1828,0
convnext_tiny,44,convnext_tiny_s44,OFF,off/sceneN3/L5__s20260819__0000.png,sceneN3,off,D3b,18,D,3b,0.500543,-16.2467,-6.5053,60.6518,9.1828,0
convnext_tiny,44,convnext_tiny_s44,OFF,off/sceneN3/L5__s20260819__0002.png,sceneN3,off,C3b,17,C,3b,0.548133,-13.1516,1.5693,63.1068,1.7608,0
convnext_tiny,44,convnext_tiny_s44,OFF,off/sceneN3/L5__s20260819__0002.png,sceneN3,off,D3b,18,D,3b,0.501196,-13.1516,1.5693,63.1068,1.7608,0
convnext_tiny,44,convnext_tiny_s44,OFF,off/sceneN3/L5__s20260819__0004.png,sceneN3,off,C3b,17,C,3b,0.534268,-7.3546,-7.2186,63.4074,8.0992,0
convnext_tiny,44,convnext_tiny_s44,OFF,off/sceneN3/L5__s20260819__0005.png,sceneN3,off,C3b,17,C,3b,0.539305,-12.2129,-14.4798,63.1796,2.2677,0
convnext_tiny,44,convnext_tiny_s44,OFF,off/sceneN3/L5__s20260819__0007.png,sceneN3,off,C3b,17,C,3b,0.55354,-12.6477,6.8749,62.3125,1.3919,0
convnext_tiny,44,convnext_tiny_s44,OFF,off/sceneN3/L5__s20260819__0007.png,sceneN3,off,D3b,18,D,3b,0.506067,-12.6477,6.8749,62.3125,1.3919,0
convnext_tiny,44,convnext_tiny_s44,OFF,off/sceneN3/L7__s20260819__0000.png,sceneN3,off,C3b,17,C,3b,0.545122,-16.2467,-6.5053,60.6518,9.1828,0
convnext_tiny,44,convnext_tiny_s44,OFF,off/sceneN3/L7__s20260819__0001.png,sceneN3,off,C3b,17,C,3b,0.536215,-12.6534,1.5439,61.04,5.2884,0
convnext_tiny,44,convnext_tiny_s44,OFF,off/sceneN3/L7__s20260819__0002.png,sceneN3,off,C3b,17,C,3b,0.537699,-13.1516,1.5693,63.1068,1.7608,0
convnext_tiny,44,convnext_tiny_s44,OFF,off/sceneN3/L7__s20260819__0003.png,sceneN3,off,C3b,17,C,3b,0.538284,-9.3231,5.7221,62.1685,8.3724,0
convnext_tiny,44,convnext_tiny_s44,OFF,off/sceneN3/L7__s20260819__0004.png,sceneN3,off,C3b,17,C,3b,0.521855,-7.3546,-7.2186,63.4074,8.0992,0
convnext_tiny,44,convnext_tiny_s44,OFF,off/sceneN3/L7__s20260819__0005.png,sceneN3,off,C3b,17,C,3b,0.511857,-12.2129,-14.4798,63.1796,2.2677,0
convnext_tiny,44,convnext_tiny_s44,OFF,off/sceneN3/L7__s20260819__0006.png,sceneN3,off,C3b,17,C,3b,0.53818,-7.7849,2.4667,60.503,4.7311,0
convnext_tiny,44,convnext_tiny_s44,OFF,off/sceneN3/L7__s20260819__0007.png,sceneN3,off,C3b,17,C,3b,0.551516,-12.6477,6.8749,62.3125,1.3919,0
convnext_tiny,44,convnext_tiny_s44,OFF,off/sceneN3/L7__s20260819__0007.png,sceneN3,off,D3b,18,D,3b,0.505357,-12.6477,6.8749,62.3125,1.3919,0
convnext_tiny,44,convnext_tiny_s44,OFF,off/scene14/L0__s20260820__0000.png::boost_h,scene14,off,C3b,17,C,3b,0.529482,-8.1284,3.311,58.9789,8.9228,0
convnext_tiny,44,convnext_tiny_s44,OFF,off/scene14/L0__s20260820__0001.png::boost_h,scene14,off,C3b,17,C,3b,0.529485,-10.3828,-4.0507,61.2701,11.2053,0
convnext_tiny,44,convnext_tiny_s44,OFF,off/scene14/L0__s20260820__0002.png::boost_h,scene14,off,C3b,17,C,3b,0.52949,-7.0039,2.401,63.1403,11.657,0
convnext_tiny,44,convnext_tiny_s44,OFF,off/scene14/L0__s20260820__0003.png::boost_h,scene14,off,C3b,17,C,3b,0.529484,-7.2352,-9.0359,60.577,10.095,0
convnext_tiny,44,convnext_tiny_s44,OFF,off/scene14/L0__s20260820__0004.png::boost_h,scene14,off,C3b,17,C,3b,0.52948,-16.0704,-3.7589,60.2149,6.7379,0
convnext_tiny,44,convnext_tiny_s44,OFF,off/scene14/L0__s20260820__0005.png::boost_h,scene14,off,C3b,17,C,3b,0.529481,-12.4022,9.6925,62.3957,8.1602,0
convnext_tiny,44,convnext_tiny_s44,OFF,off/scene14/L0__s20260820__0006.png::boost_h,scene14,off,C3b,17,C,3b,0.529479,-16.5186,9.6527,62.4123,8.239,0
convnext_tiny,44,convnext_tiny_s44,OFF,off/scene14/L0__s20260820__0007.png::boost_h,scene14,off,C3b,17,C,3b,0.529488,-6.1172,5.4847,60.0935,10.4613,0
convnext_tiny,44,convnext_tiny_s44,OFF,off/scene14/L5__s20260820__0000.png::boost_h,scene14,off,C3b,17,C,3b,0.529477,-8.1284,3.311,58.9789,8.9228,0
convnext_tiny,44,convnext_tiny_s44,OFF,off/scene14/L5__s20260820__0001.png::boost_h,scene14,off,C3b,17,C,3b,0.529479,-10.3828,-4.0507,61.2701,11.2053,0
convnext_tiny,44,convnext_tiny_s44,OFF,off/scene14/L5__s20260820__0002.png::boost_h,scene14,off,C3b,17,C,3b,0.529487,-7.0039,2.401,63.1403,11.657,0
convnext_tiny,44,convnext_tiny_s44,OFF,off/scene14/L5__s20260820__0003.png::boost_h,scene14,off,C3b,17,C,3b,0.529481,-7.2352,-9.0359,60.577,10.095,0
convnext_tiny,44,convnext_tiny_s44,OFF,off/scene14/L5__s20260820__0004.png::boost_h,scene14,off,C3b,17,C,3b,0.529476,-16.0704,-3.7589,60.2149,6.7379,0
convnext_tiny,44,convnext_tiny_s44,OFF,off/scene14/L5__s20260820__0005.png::boost_h,scene14,off,C3b,17,C,3b,0.529477,-12.4022,9.6925,62.3957,8.1602,0
convnext_tiny,44,convnext_tiny_s44,OFF,off/scene14/L5__s20260820__0006.png::boost_h,scene14,off,C3b,17,C,3b,0.529479,-16.5186,9.6527,62.4123,8.239,0
convnext_tiny,44,convnext_tiny_s44,OFF,off/scene14/L5__s20260820__0007.png::boost_h,scene14,off,C3b,17,C,3b,0.529486,-6.1172,5.4847,60.0935,10.4613,0
convnext_tiny,44,convnext_tiny_s44,OFF,off/scene14/L7__s20260820__0000.png::boost_h,scene14,off,C3b,17,C,3b,0.529485,-8.1284,3.311,58.9789,8.9228,0
convnext_tiny,44,convnext_tiny_s44,OFF,off/scene14/L7__s20260820__0001.png::boost_h,scene14,off,C3b,17,C,3b,0.529462,-10.3828,-4.0507,61.2701,11.2053,0
convnext_tiny,44,convnext_tiny_s44,OFF,off/scene14/L7__s20260820__0002.png::boost_h,scene14,off,C3b,17,C,3b,0.52949,-7.0039,2.401,63.1403,11.657,0
convnext_tiny,44,convnext_tiny_s44,OFF,off/scene14/L7__s20260820__0003.png::boost_h,scene14,off,C3b,17,C,3b,0.529484,-7.2352,-9.0359,60.577,10.095,0
convnext_tiny,44,convnext_tiny_s44,OFF,off/scene14/L7__s20260820__0004.png::boost_h,scene14,off,C3b,17,C,3b,0.52939,-16.0704,-3.7589,60.2149,6.7379,0
convnext_tiny,44,convnext_tiny_s44,OFF,off/scene14/L7__s20260820__0005.png::boost_h,scene14,off,C3b,17,C,3b,0.529484,-12.4022,9.6925,62.3957,8.1602,0
convnext_tiny,44,convnext_tiny_s44,OFF,off/scene14/L7__s20260820__0006.png::boost_h,scene14,off,C3b,17,C,3b,0.529483,-16.5186,9.6527,62.4123,8.239,0
convnext_tiny,44,convnext_tiny_s44,OFF,off/scene14/L7__s20260820__0007.png::boost_h,scene14,off,C3b,17,C,3b,0.529489,-6.1172,5.4847,60.0935,10.4613,0
convnext_tiny,44,convnext_tiny_s44,OFF,off/scene15/L7__s20260820__0000.png::boost_h,scene15,off,C3b,17,C,3b,0.532674,-13.637,-17.7914,62.7559,10.9914,0
convnext_tiny,44,convnext_tiny_s44,OFF,off/scene05/L0__s20260820__0000.png::boost_e,scene05,off,C3b,17,C,3b,0.529785,-10.3105,7.3985,60.3309,7.0354,0
convnext_tiny,44,convnext_tiny_s44,OFF,off/scene05/L0__s20260820__0001.png::boost_e,scene05,off,C3b,17,C,3b,0.532812,-5.7189,0.3564,61.8831,9.8857,0
convnext_tiny,44,convnext_tiny_s44,OFF,off/scene05/L0__s20260820__0002.png::boost_e,scene05,off,C3b,17,C,3b,0.543851,-5.4996,-9.2457,63.6695,7.7708,0
convnext_tiny,44,convnext_tiny_s44,OFF,off/scene05/L0__s20260820__0002.png::boost_e,scene05,off,D3b,18,D,3b,0.500511,-5.4996,-9.2457,63.6695,7.7708,0
convnext_tiny,44,convnext_tiny_s44,OFF,off/scene05/L0__s20260820__0003.png::boost_e,scene05,off,C3b,17,C,3b,0.54602,-7.8027,0.1237,61.0834,6.3099,0
convnext_tiny,44,convnext_tiny_s44,OFF,off/scene05/L0__s20260820__0004.png::boost_e,scene05,off,C3b,17,C,3b,0.531544,-6.9904,-7.3983,63.483,6.1605,0
convnext_tiny,44,convnext_tiny_s44,OFF,off/scene05/L0__s20260820__0005.png::boost_e,scene05,off,C3b,17,C,3b,0.528797,-9.9958,-4.8864,61.371,6.2772,0
convnext_tiny,44,convnext_tiny_s44,OFF,off/scene05/L0__s20260820__0006.png::boost_e,scene05,off,C3b,17,C,3b,0.537272,-12.8982,-6.3539,61.1324,9.7574,0
convnext_tiny,44,convnext_tiny_s44,OFF,off/scene05/L0__s20260820__0007.png::boost_e,scene05,off,C3b,17,C,3b,0.534429,-11.43,-6.2709,60.486,7.4493,0
convnext_tiny,44,convnext_tiny_s44,OFF,off/scene05/L5__s20260820__0000.png::boost_e,scene05,off,C3b,17,C,3b,0.533932,-10.3105,7.3985,60.3309,7.0354,0
convnext_tiny,44,convnext_tiny_s44,OFF,off/scene05/L5__s20260820__0001.png::boost_e,scene05,off,C3b,17,C,3b,0.564073,-5.7189,0.3564,61.8831,9.8857,0
convnext_tiny,44,convnext_tiny_s44,OFF,off/scene05/L5__s20260820__0001.png::boost_e,scene05,off,D3b,18,D,3b,0.52444,-5.7189,0.3564,61.8831,9.8857,0
convnext_tiny,44,convnext_tiny_s44,OFF,off/scene05/L5__s20260820__0002.png::boost_e,scene05,off,C3b,17,C,3b,0.546661,-5.4996,-9.2457,63.6695,7.7708,0
convnext_tiny,44,convnext_tiny_s44,OFF,off/scene05/L5__s20260820__0002.png::boost_e,scene05,off,D3b,18,D,3b,0.505324,-5.4996,-9.2457,63.6695,7.7708,0
convnext_tiny,44,convnext_tiny_s44,OFF,off/scene05/L5__s20260820__0004.png::boost_e,scene05,off,C3b,17,C,3b,0.572177,-6.9904,-7.3983,63.483,6.1605,0
convnext_tiny,44,convnext_tiny_s44,OFF,off/scene05/L5__s20260820__0004.png::boost_e,scene05,off,D3b,18,D,3b,0.533269,-6.9904,-7.3983,63.483,6.1605,0
convnext_tiny,44,convnext_tiny_s44,OFF,off/scene05/L5__s20260820__0005.png::boost_e,scene05,off,C3b,17,C,3b,0.535293,-9.9958,-4.8864,61.371,6.2772,0
convnext_tiny,44,convnext_tiny_s44,OFF,off/scene05/L5__s20260820__0006.png::boost_e,scene05,off,C3b,17,C,3b,0.537553,-12.8982,-6.3539,61.1324,9.7574,0
convnext_tiny,44,convnext_tiny_s44,OFF,off/scene05/L5__s20260820__0007.png::boost_e,scene05,off,C3b,17,C,3b,0.533754,-11.43,-6.2709,60.486,7.4493,0
convnext_tiny,44,convnext_tiny_s44,OFF,off/scene05/L7__s20260820__0000.png::boost_e,scene05,off,C3b,17,C,3b,0.529177,-10.3105,7.3985,60.3309,7.0354,0
convnext_tiny,44,convnext_tiny_s44,OFF,off/scene05/L7__s20260820__0001.png::boost_e,scene05,off,C3b,17,C,3b,0.529283,-5.7189,0.3564,61.8831,9.8857,0
convnext_tiny,44,convnext_tiny_s44,OFF,off/scene05/L7__s20260820__0002.png::boost_e,scene05,off,C3b,17,C,3b,0.530732,-5.4996,-9.2457,63.6695,7.7708,0
convnext_tiny,44,convnext_tiny_s44,OFF,off/scene05/L7__s20260820__0003.png::boost_e,scene05,off,C3b,17,C,3b,0.529173,-7.8027,0.1237,61.0834,6.3099,0
convnext_tiny,44,convnext_tiny_s44,OFF,off/scene05/L7__s20260820__0004.png::boost_e,scene05,off,C3b,17,C,3b,0.529295,-6.9904,-7.3983,63.483,6.1605,0
convnext_tiny,44,convnext_tiny_s44,OFF,off/scene05/L7__s20260820__0005.png::boost_e,scene05,off,C3b,17,C,3b,0.529254,-9.9958,-4.8864,61.371,6.2772,0
convnext_tiny,44,convnext_tiny_s44,OFF,off/scene05/L7__s20260820__0006.png::boost_e,scene05,off,C3b,17,C,3b,0.529985,-12.8982,-6.3539,61.1324,9.7574,0
convnext_tiny,44,convnext_tiny_s44,OFF,off/scene05/L7__s20260820__0007.png::boost_e,scene05,off,C3b,17,C,3b,0.52915,-11.43,-6.2709,60.486,7.4493,0
convnext_tiny,44,convnext_tiny_s44,OFF,off/scene07/L0__s20260820__0000.png::boost_e,scene07,off,C3b,17,C,3b,0.54583,-10.2409,14.1283,61.8254,9.3533,0
convnext_tiny,44,convnext_tiny_s44,OFF,off/scene07/L0__s20260820__0001.png::boost_e,scene07,off,B3b,16,B,3b,0.525639,-8.7737,-1.6736,63.801,8.4933,0
convnext_tiny,44,convnext_tiny_s44,OFF,off/scene07/L0__s20260820__0001.png::boost_e,scene07,off,C3b,17,C,3b,0.598507,-8.7737,-1.6736,63.801,8.4933,0
convnext_tiny,44,convnext_tiny_s44,OFF,off/scene07/L0__s20260820__0001.png::boost_e,scene07,off,D3b,18,D,3b,0.564804,-8.7737,-1.6736,63.801,8.4933,0
convnext_tiny,44,convnext_tiny_s44,OFF,off/scene07/L0__s20260820__0002.png::boost_e,scene07,off,C3b,17,C,3b,0.54461,-11.7844,-0.5026,59.071,6.034,0
convnext_tiny,44,convnext_tiny_s44,OFF,off/scene07/L0__s20260820__0003.png::boost_e,scene07,off,C3b,17,C,3b,0.543395,-10.8121,7.6338,61.1751,9.743,0
convnext_tiny,44,convnext_tiny_s44,OFF,off/scene07/L0__s20260820__0004.png::boost_e,scene07,off,C3b,17,C,3b,0.551978,-11.296,14.3304,62.4153,11.7361,0
convnext_tiny,44,convnext_tiny_s44,OFF,off/scene07/L0__s20260820__0005.png::boost_e,scene07,off,B3b,16,B,3b,0.507449,-13.5151,3.1873,60.3528,6.7166,0
convnext_tiny,44,convnext_tiny_s44,OFF,off/scene07/L0__s20260820__0005.png::boost_e,scene07,off,C3b,17,C,3b,0.5782,-13.5151,3.1873,60.3528,6.7166,0
convnext_tiny,44,convnext_tiny_s44,OFF,off/scene07/L0__s20260820__0005.png::boost_e,scene07,off,D3b,18,D,3b,0.527222,-13.5151,3.1873,60.3528,6.7166,0
convnext_tiny,44,convnext_tiny_s44,OFF,off/scene07/L0__s20260820__0006.png::boost_e,scene07,off,C3b,17,C,3b,0.55784,-7.4676,-1.6241,59.074,6.6363,0
convnext_tiny,44,convnext_tiny_s44,OFF,off/scene07/L0__s20260820__0006.png::boost_e,scene07,off,D3b,18,D,3b,0.507772,-7.4676,-1.6241,59.074,6.6363,0
convnext_tiny,44,convnext_tiny_s44,OFF,off/scene07/L0__s20260820__0007.png::boost_e,scene07,off,B3b,16,B,3b,0.508847,-8.8831,-5.8973,62.4612,11.793,0
convnext_tiny,44,convnext_tiny_s44,OFF,off/scene07/L0__s20260820__0007.png::boost_e,scene07,off,C3b,17,C,3b,0.584163,-8.8831,-5.8973,62.4612,11.793,0
convnext_tiny,44,convnext_tiny_s44,OFF,off/scene07/L0__s20260820__0007.png::boost_e,scene07,off,D3b,18,D,3b,0.547957,-8.8831,-5.8973,62.4612,11.793,0
convnext_tiny,44,convnext_tiny_s44,OFF,off/scene07/L5__s20260820__0000.png::boost_e,scene07,off,C3b,17,C,3b,0.522196,-10.2409,14.1283,61.8254,9.3533,0
convnext_tiny,44,convnext_tiny_s44,OFF,off/scene07/L5__s20260820__0002.png::boost_e,scene07,off,C3b,17,C,3b,0.551674,-11.7844,-0.5026,59.071,6.034,0
convnext_tiny,44,convnext_tiny_s44,OFF,off/scene07/L5__s20260820__0002.png::boost_e,scene07,off,D3b,18,D,3b,0.509145,-11.7844,-0.5026,59.071,6.034,0
convnext_tiny,44,convnext_tiny_s44,OFF,off/scene07/L5__s20260820__0003.png::boost_e,scene07,off,C3b,17,C,3b,0.524034,-10.8121,7.6338,61.1751,9.743,0
convnext_tiny,44,convnext_tiny_s44,OFF,off/scene07/L5__s20260820__0004.png::boost_e,scene07,off,C3b,17,C,3b,0.537001,-11.296,14.3304,62.4153,11.7361,0
convnext_tiny,44,convnext_tiny_s44,OFF,off/scene07/L5__s20260820__0005.png::boost_e,scene07,off,C3b,17,C,3b,0.557896,-13.5151,3.1873,60.3528,6.7166,0
convnext_tiny,44,convnext_tiny_s44,OFF,off/scene07/L5__s20260820__0006.png::boost_e,scene07,off,C3b,17,C,3b,0.544434,-7.4676,-1.6241,59.074,6.6363,0
convnext_tiny,44,convnext_tiny_s44,OFF,off/scene07/L5__s20260820__0006.png::boost_e,scene07,off,D3b,18,D,3b,0.50158,-7.4676,-1.6241,59.074,6.6363,0
convnext_tiny,44,convnext_tiny_s44,OFF,off/scene07/L5__s20260820__0007.png::boost_e,scene07,off,C3b,17,C,3b,0.50199,-8.8831,-5.8973,62.4612,11.793,0
convnext_tiny,44,convnext_tiny_s44,OFF,off/scene07/L7__s20260820__0000.png::boost_e,scene07,off,C3b,17,C,3b,0.529034,-10.2409,14.1283,61.8254,9.3533,0
convnext_tiny,44,convnext_tiny_s44,OFF,off/scene07/L7__s20260820__0001.png::boost_e,scene07,off,C3b,17,C,3b,0.529353,-8.7737,-1.6736,63.801,8.4933,0
convnext_tiny,44,convnext_tiny_s44,OFF,off/scene07/L7__s20260820__0002.png::boost_e,scene07,off,C3b,17,C,3b,0.547805,-11.7844,-0.5026,59.071,6.034,0
convnext_tiny,44,convnext_tiny_s44,OFF,off/scene07/L7__s20260820__0003.png::boost_e,scene07,off,C3b,17,C,3b,0.530558,-10.8121,7.6338,61.1751,9.743,0
convnext_tiny,44,convnext_tiny_s44,OFF,off/scene07/L7__s20260820__0004.png::boost_e,scene07,off,C3b,17,C,3b,0.536459,-11.296,14.3304,62.4153,11.7361,0
convnext_tiny,44,convnext_tiny_s44,OFF,off/scene07/L7__s20260820__0005.png::boost_e,scene07,off,C3b,17,C,3b,0.553753,-13.5151,3.1873,60.3528,6.7166,0
convnext_tiny,44,convnext_tiny_s44,OFF,off/scene07/L7__s20260820__0005.png::boost_e,scene07,off,D3b,18,D,3b,0.511251,-13.5151,3.1873,60.3528,6.7166,0
convnext_tiny,44,convnext_tiny_s44,OFF,off/scene07/L7__s20260820__0006.png::boost_e,scene07,off,B3b,16,B,3b,0.506265,-7.4676,-1.6241,59.074,6.6363,0
convnext_tiny,44,convnext_tiny_s44,OFF,off/scene07/L7__s20260820__0006.png::boost_e,scene07,off,C3b,17,C,3b,0.583475,-7.4676,-1.6241,59.074,6.6363,0
convnext_tiny,44,convnext_tiny_s44,OFF,off/scene07/L7__s20260820__0006.png::boost_e,scene07,off,D3b,18,D,3b,0.547316,-7.4676,-1.6241,59.074,6.6363,0
convnext_tiny,44,convnext_tiny_s44,OFF,off/scene07/L7__s20260820__0007.png::boost_e,scene07,off,C3b,17,C,3b,0.529408,-8.8831,-5.8973,62.4612,11.793,0
convnext_tiny,44,convnext_tiny_s44,OFF,off/scene14/L0__s20260820__0000.png::boost_e,scene14,off,C3b,17,C,3b,0.529481,-8.1284,3.311,58.9789,8.9228,0
convnext_tiny,44,convnext_tiny_s44,OFF,off/scene14/L0__s20260820__0001.png::boost_e,scene14,off,C3b,17,C,3b,0.529483,-10.3828,-4.0507,61.2701,11.2053,0
convnext_tiny,44,convnext_tiny_s44,OFF,off/scene14/L0__s20260820__0002.png::boost_e,scene14,off,C3b,17,C,3b,0.529487,-7.0039,2.401,63.1403,11.657,0
convnext_tiny,44,convnext_tiny_s44,OFF,off/scene14/L0__s20260820__0003.png::boost_e,scene14,off,C3b,17,C,3b,0.529479,-7.2352,-9.0359,60.577,10.095,0
convnext_tiny,44,convnext_tiny_s44,OFF,off/scene14/L0__s20260820__0004.png::boost_e,scene14,off,C3b,17,C,3b,0.529472,-16.0704,-3.7589,60.2149,6.7379,0
convnext_tiny,44,convnext_tiny_s44,OFF,off/scene14/L0__s20260820__0005.png::boost_e,scene14,off,C3b,17,C,3b,0.529482,-12.4022,9.6925,62.3957,8.1602,0
convnext_tiny,44,convnext_tiny_s44,OFF,off/scene14/L0__s20260820__0006.png::boost_e,scene14,off,C3b,17,C,3b,0.52948,-16.5186,9.6527,62.4123,8.239,0
convnext_tiny,44,convnext_tiny_s44,OFF,off/scene14/L0__s20260820__0007.png::boost_e,scene14,off,C3b,17,C,3b,0.529486,-6.1172,5.4847,60.0935,10.4613,0
convnext_tiny,44,convnext_tiny_s44,OFF,off/scene14/L5__s20260820__0000.png::boost_e,scene14,off,C3b,17,C,3b,0.529476,-8.1284,3.311,58.9789,8.9228,0
convnext_tiny,44,convnext_tiny_s44,OFF,off/scene14/L5__s20260820__0001.png::boost_e,scene14,off,C3b,17,C,3b,0.529478,-10.3828,-4.0507,61.2701,11.2053,0
convnext_tiny,44,convnext_tiny_s44,OFF,off/scene14/L5__s20260820__0002.png::boost_e,scene14,off,C3b,17,C,3b,0.52948,-7.0039,2.401,63.1403,11.657,0
convnext_tiny,44,convnext_tiny_s44,OFF,off/scene14/L5__s20260820__0003.png::boost_e,scene14,off,C3b,17,C,3b,0.529473,-7.2352,-9.0359,60.577,10.095,0
convnext_tiny,44,convnext_tiny_s44,OFF,off/scene14/L5__s20260820__0004.png::boost_e,scene14,off,C3b,17,C,3b,0.529557,-16.0704,-3.7589,60.2149,6.7379,0
convnext_tiny,44,convnext_tiny_s44,OFF,off/scene14/L5__s20260820__0005.png::boost_e,scene14,off,C3b,17,C,3b,0.529451,-12.4022,9.6925,62.3957,8.1602,0
convnext_tiny,44,convnext_tiny_s44,OFF,off/scene14/L5__s20260820__0006.png::boost_e,scene14,off,C3b,17,C,3b,0.52945,-16.5186,9.6527,62.4123,8.239,0
convnext_tiny,44,convnext_tiny_s44,OFF,off/scene14/L5__s20260820__0007.png::boost_e,scene14,off,C3b,17,C,3b,0.529483,-6.1172,5.4847,60.0935,10.4613,0
convnext_tiny,44,convnext_tiny_s44,OFF,off/scene14/L7__s20260820__0000.png::boost_e,scene14,off,C3b,17,C,3b,0.529567,-8.1284,3.311,58.9789,8.9228,0
convnext_tiny,44,convnext_tiny_s44,OFF,off/scene14/L7__s20260820__0001.png::boost_e,scene14,off,C3b,17,C,3b,0.533954,-10.3828,-4.0507,61.2701,11.2053,0
convnext_tiny,44,convnext_tiny_s44,OFF,off/scene14/L7__s20260820__0002.png::boost_e,scene14,off,C3b,17,C,3b,0.529445,-7.0039,2.401,63.1403,11.657,0
convnext_tiny,44,convnext_tiny_s44,OFF,off/scene14/L7__s20260820__0003.png::boost_e,scene14,off,C3b,17,C,3b,0.533305,-7.2352,-9.0359,60.577,10.095,0
convnext_tiny,44,convnext_tiny_s44,OFF,off/scene14/L7__s20260820__0004.png::boost_e,scene14,off,C3b,17,C,3b,0.532189,-16.0704,-3.7589,60.2149,6.7379,0
convnext_tiny,44,convnext_tiny_s44,OFF,off/scene14/L7__s20260820__0005.png::boost_e,scene14,off,C3b,17,C,3b,0.537686,-12.4022,9.6925,62.3957,8.1602,0
convnext_tiny,44,convnext_tiny_s44,OFF,off/scene14/L7__s20260820__0006.png::boost_e,scene14,off,C3b,17,C,3b,0.530398,-16.5186,9.6527,62.4123,8.239,0
convnext_tiny,44,convnext_tiny_s44,OFF,off/scene14/L7__s20260820__0007.png::boost_e,scene14,off,C3b,17,C,3b,0.529421,-6.1172,5.4847,60.0935,10.4613,0
convnext_tiny,44,convnext_tiny_s44,OFF,off/scene15/L7__s20260820__0000.png::boost_e,scene15,off,C3b,17,C,3b,0.531367,-13.637,-17.7914,62.7559,10.9914,0
convnext_tiny,44,convnext_tiny_s44,OFF,off/scene18/L0__s20260820__0000.png::boost_e,scene18,off,C3b,17,C,3b,0.529485,-7.1653,2.4167,61.1034,9.9477,0
convnext_tiny,44,convnext_tiny_s44,OFF,off/scene18/L0__s20260820__0001.png::boost_e,scene18,off,C3b,17,C,3b,0.529484,-10.1204,15.1866,63.5385,10.0506,0
convnext_tiny,44,convnext_tiny_s44,OFF,off/scene18/L0__s20260820__0002.png::boost_e,scene18,off,C3b,17,C,3b,0.529482,-9.0792,9.5062,64.1649,7.1883,0
convnext_tiny,44,convnext_tiny_s44,OFF,off/scene18/L0__s20260820__0003.png::boost_e,scene18,off,C3b,17,C,3b,0.529475,-8.8448,-3.6128,59.415,8.964,0
convnext_tiny,44,convnext_tiny_s44,OFF,off/scene18/L0__s20260820__0004.png::boost_e,scene18,off,C3b,17,C,3b,0.529484,-16.4348,4.8995,62.3306,10.047,0
convnext_tiny,44,convnext_tiny_s44,OFF,off/scene18/L0__s20260820__0005.png::boost_e,scene18,off,C3b,17,C,3b,0.529485,-10.8924,-2.0965,60.6044,6.3047,0
convnext_tiny,44,convnext_tiny_s44,OFF,off/scene18/L0__s20260820__0006.png::boost_e,scene18,off,C3b,17,C,3b,0.529397,-9.0932,1.6737,60.8772,6.4479,0
convnext_tiny,44,convnext_tiny_s44,OFF,off/scene18/L0__s20260820__0007.png::boost_e,scene18,off,C3b,17,C,3b,0.529485,-10.4272,-1.9559,61.0197,11.0403,0
convnext_tiny,44,convnext_tiny_s44,OFF,off/scene18/L5__s20260820__0002.png::boost_e,scene18,off,C3b,17,C,3b,0.529483,-9.0792,9.5062,64.1649,7.1883,0
convnext_tiny,44,convnext_tiny_s44,OFF,off/scene18/L5__s20260820__0003.png::boost_e,scene18,off,B3b,16,B,3b,0.500109,-8.8448,-3.6128,59.415,8.964,0
convnext_tiny,44,convnext_tiny_s44,OFF,off/scene18/L5__s20260820__0003.png::boost_e,scene18,off,C3b,17,C,3b,0.587458,-8.8448,-3.6128,59.415,8.964,0
convnext_tiny,44,convnext_tiny_s44,OFF,off/scene18/L5__s20260820__0003.png::boost_e,scene18,off,D3b,18,D,3b,0.55302,-8.8448,-3.6128,59.415,8.964,0
convnext_tiny,44,convnext_tiny_s44,OFF,off/scene18/L5__s20260820__0006.png::boost_e,scene18,off,C3b,17,C,3b,0.529396,-9.0932,1.6737,60.8772,6.4479,0
convnext_tiny,44,convnext_tiny_s44,OFF,off/scene18/L5__s20260820__0007.png::boost_e,scene18,off,C3b,17,C,3b,0.524861,-10.4272,-1.9559,61.0197,11.0403,0
convnext_tiny,44,convnext_tiny_s44,OFF,off/scene18/L7__s20260820__0000.png::boost_e,scene18,off,C3b,17,C,3b,0.529487,-7.1653,2.4167,61.1034,9.9477,0
convnext_tiny,44,convnext_tiny_s44,OFF,off/scene18/L7__s20260820__0001.png::boost_e,scene18,off,C3b,17,C,3b,0.529486,-10.1204,15.1866,63.5385,10.0506,0
convnext_tiny,44,convnext_tiny_s44,OFF,off/scene18/L7__s20260820__0002.png::boost_e,scene18,off,C3b,17,C,3b,0.529485,-9.0792,9.5062,64.1649,7.1883,0
convnext_tiny,44,convnext_tiny_s44,OFF,off/scene18/L7__s20260820__0003.png::boost_e,scene18,off,C3b,17,C,3b,0.529486,-8.8448,-3.6128,59.415,8.964,0
convnext_tiny,44,convnext_tiny_s44,OFF,off/scene18/L7__s20260820__0004.png::boost_e,scene18,off,C3b,17,C,3b,0.529487,-16.4348,4.8995,62.3306,10.047,0
convnext_tiny,44,convnext_tiny_s44,OFF,off/scene18/L7__s20260820__0005.png::boost_e,scene18,off,C3b,17,C,3b,0.529486,-10.8924,-2.0965,60.6044,6.3047,0
convnext_tiny,44,convnext_tiny_s44,OFF,off/scene18/L7__s20260820__0006.png::boost_e,scene18,off,C3b,17,C,3b,0.529484,-9.0932,1.6737,60.8772,6.4479,0
convnext_tiny,44,convnext_tiny_s44,OFF,off/scene18/L7__s20260820__0007.png::boost_e,scene18,off,C3b,17,C,3b,0.529486,-10.4272,-1.9559,61.0197,11.0403,0
convnext_tiny,44,convnext_tiny_s44,OFF,off/scene05/L0__s20260821__0000.png::boost_e2,scene05,off,C3b,17,C,3b,0.528702,-9.2269,3.34,61.3567,7.9689,0
convnext_tiny,44,convnext_tiny_s44,OFF,off/scene05/L0__s20260821__0001.png::boost_e2,scene05,off,C3b,17,C,3b,0.536139,-11.2173,-11.6748,62.7749,7.0431,0
convnext_tiny,44,convnext_tiny_s44,OFF,off/scene05/L0__s20260821__0002.png::boost_e2,scene05,off,C3b,17,C,3b,0.529279,-15.7704,1.4372,61.5149,5.9617,0
convnext_tiny,44,convnext_tiny_s44,OFF,off/scene05/L0__s20260821__0003.png::boost_e2,scene05,off,C3b,17,C,3b,0.530765,-13.9288,9.5381,64.0128,8.7159,0
convnext_tiny,44,convnext_tiny_s44,OFF,off/scene05/L0__s20260821__0004.png::boost_e2,scene05,off,C3b,17,C,3b,0.540938,-5.7278,-7.1228,63.154,4.5329,0
convnext_tiny,44,convnext_tiny_s44,OFF,off/scene05/L0__s20260821__0005.png::boost_e2,scene05,off,C3b,17,C,3b,0.534595,-4.1908,-7.725,63.2632,5.4495,0
convnext_tiny,44,convnext_tiny_s44,OFF,off/scene05/L0__s20260821__0006.png::boost_e2,scene05,off,C3b,17,C,3b,0.529539,-4.6329,-0.5322,62.7745,5.8797,0
convnext_tiny,44,convnext_tiny_s44,OFF,off/scene05/L0__s20260821__0007.png::boost_e2,scene05,off,C3b,17,C,3b,0.529345,-3.79,-2.1479,63.1629,5.4524,0
convnext_tiny,44,convnext_tiny_s44,OFF,off/scene05/L5__s20260821__0000.png::boost_e2,scene05,off,C3b,17,C,3b,0.545517,-9.2269,3.34,61.3567,7.9689,0
convnext_tiny,44,convnext_tiny_s44,OFF,off/scene05/L5__s20260821__0000.png::boost_e2,scene05,off,D3b,18,D,3b,0.502763,-9.2269,3.34,61.3567,7.9689,0
convnext_tiny,44,convnext_tiny_s44,OFF,off/scene05/L5__s20260821__0001.png::boost_e2,scene05,off,C3b,17,C,3b,0.534664,-11.2173,-11.6748,62.7749,7.0431,0
convnext_tiny,44,convnext_tiny_s44,OFF,off/scene05/L5__s20260821__0003.png::boost_e2,scene05,off,C3b,17,C,3b,0.536533,-13.9288,9.5381,64.0128,8.7159,0
convnext_tiny,44,convnext_tiny_s44,OFF,off/scene05/L5__s20260821__0004.png::boost_e2,scene05,off,C3b,17,C,3b,0.522888,-5.7278,-7.1228,63.154,4.5329,0
convnext_tiny,44,convnext_tiny_s44,OFF,off/scene05/L5__s20260821__0005.png::boost_e2,scene05,off,C3b,17,C,3b,0.538833,-4.1908,-7.725,63.2632,5.4495,0
convnext_tiny,44,convnext_tiny_s44,OFF,off/scene05/L5__s20260821__0006.png::boost_e2,scene05,off,C3b,17,C,3b,0.542169,-4.6329,-0.5322,62.7745,5.8797,0
convnext_tiny,44,convnext_tiny_s44,OFF,off/scene05/L5__s20260821__0007.png::boost_e2,scene05,off,C3b,17,C,3b,0.535129,-3.79,-2.1479,63.1629,5.4524,0
convnext_tiny,44,convnext_tiny_s44,OFF,off/scene05/L7__s20260821__0000.png::boost_e2,scene05,off,C3b,17,C,3b,0.529325,-9.2269,3.34,61.3567,7.9689,0
convnext_tiny,44,convnext_tiny_s44,OFF,off/scene05/L7__s20260821__0001.png::boost_e2,scene05,off,C3b,17,C,3b,0.52947,-11.2173,-11.6748,62.7749,7.0431,0
convnext_tiny,44,convnext_tiny_s44,OFF,off/scene05/L7__s20260821__0002.png::boost_e2,scene05,off,C3b,17,C,3b,0.529467,-15.7704,1.4372,61.5149,5.9617,0
convnext_tiny,44,convnext_tiny_s44,OFF,off/scene05/L7__s20260821__0003.png::boost_e2,scene05,off,C3b,17,C,3b,0.529516,-13.9288,9.5381,64.0128,8.7159,0
convnext_tiny,44,convnext_tiny_s44,OFF,off/scene05/L7__s20260821__0004.png::boost_e2,scene05,off,C3b,17,C,3b,0.532741,-5.7278,-7.1228,63.154,4.5329,0
convnext_tiny,44,convnext_tiny_s44,OFF,off/scene05/L7__s20260821__0005.png::boost_e2,scene05,off,C3b,17,C,3b,0.529398,-4.1908,-7.725,63.2632,5.4495,0
convnext_tiny,44,convnext_tiny_s44,OFF,off/scene05/L7__s20260821__0006.png::boost_e2,scene05,off,C3b,17,C,3b,0.529391,-4.6329,-0.5322,62.7745,5.8797,0
convnext_tiny,44,convnext_tiny_s44,OFF,off/scene05/L7__s20260821__0007.png::boost_e2,scene05,off,C3b,17,C,3b,0.529386,-3.79,-2.1479,63.1629,5.4524,0
convnext_tiny,44,convnext_tiny_s44,OFF,off/scene07/L0__s20260821__0000.png::boost_e2,scene07,off,C3b,17,C,3b,0.524317,-9.0864,4.975,60.5839,4.6498,0
convnext_tiny,44,convnext_tiny_s44,OFF,off/scene07/L0__s20260821__0001.png::boost_e2,scene07,off,C3b,17,C,3b,0.518591,-8.6491,14.3681,62.653,6.526,0
convnext_tiny,44,convnext_tiny_s44,OFF,off/scene07/L0__s20260821__0002.png::boost_e2,scene07,off,C3b,17,C,3b,0.556583,-11.7553,7.174,61.7523,8.5736,0
convnext_tiny,44,convnext_tiny_s44,OFF,off/scene07/L0__s20260821__0003.png::boost_e2,scene07,off,C3b,17,C,3b,0.544085,-11.0113,-0.6132,62.5016,7.1387,0
convnext_tiny,44,convnext_tiny_s44,OFF,off/scene07/L0__s20260821__0004.png::boost_e2,scene07,off,C3b,17,C,3b,0.571177,-13.3275,-0.1348,64.6075,6.5636,0
convnext_tiny,44,convnext_tiny_s44,OFF,off/scene07/L0__s20260821__0004.png::boost_e2,scene07,off,D3b,18,D,3b,0.514871,-13.3275,-0.1348,64.6075,6.5636,0
convnext_tiny,44,convnext_tiny_s44,OFF,off/scene07/L0__s20260821__0005.png::boost_e2,scene07,off,B3b,16,B,3b,0.538046,-5.0214,-1.8091,62.1167,8.8712,0
convnext_tiny,44,convnext_tiny_s44,OFF,off/scene07/L0__s20260821__0005.png::boost_e2,scene07,off,C3b,17,C,3b,0.608897,-5.0214,-1.8091,62.1167,8.8712,0
convnext_tiny,44,convnext_tiny_s44,OFF,off/scene07/L0__s20260821__0005.png::boost_e2,scene07,off,D3b,18,D,3b,0.577343,-5.0214,-1.8091,62.1167,8.8712,0
convnext_tiny,44,convnext_tiny_s44,OFF,off/scene07/L0__s20260821__0006.png::boost_e2,scene07,off,C3b,17,C,3b,0.563655,-12.1066,0.0159,62.3073,6.0804,0
convnext_tiny,44,convnext_tiny_s44,OFF,off/scene07/L0__s20260821__0007.png::boost_e2,scene07,off,C3b,17,C,3b,0.556247,-12.7675,1.6425,64.5249,4.4163,0
convnext_tiny,44,convnext_tiny_s44,OFF,off/scene07/L5__s20260821__0000.png::boost_e2,scene07,off,C3b,17,C,3b,0.518411,-9.0864,4.975,60.5839,4.6498,0
convnext_tiny,44,convnext_tiny_s44,OFF,off/scene07/L5__s20260821__0001.png::boost_e2,scene07,off,C3b,17,C,3b,0.540856,-8.6491,14.3681,62.653,6.526,0
convnext_tiny,44,convnext_tiny_s44,OFF,off/scene07/L5__s20260821__0002.png::boost_e2,scene07,off,C3b,17,C,3b,0.552211,-11.7553,7.174,61.7523,8.5736,0
convnext_tiny,44,convnext_tiny_s44,OFF,off/scene07/L5__s20260821__0003.png::boost_e2,scene07,off,C3b,17,C,3b,0.547602,-11.0113,-0.6132,62.5016,7.1387,0
convnext_tiny,44,convnext_tiny_s44,OFF,off/scene07/L5__s20260821__0003.png::boost_e2,scene07,off,D3b,18,D,3b,0.504892,-11.0113,-0.6132,62.5016,7.1387,0
convnext_tiny,44,convnext_tiny_s44,OFF,off/scene07/L5__s20260821__0004.png::boost_e2,scene07,off,C3b,17,C,3b,0.560275,-13.3275,-0.1348,64.6075,6.5636,0
convnext_tiny,44,convnext_tiny_s44,OFF,off/scene07/L5__s20260821__0004.png::boost_e2,scene07,off,D3b,18,D,3b,0.519243,-13.3275,-0.1348,64.6075,6.5636,0
convnext_tiny,44,convnext_tiny_s44,OFF,off/scene07/L5__s20260821__0005.png::boost_e2,scene07,off,C3b,17,C,3b,0.542962,-5.0214,-1.8091,62.1167,8.8712,0
convnext_tiny,44,convnext_tiny_s44,OFF,off/scene07/L5__s20260821__0006.png::boost_e2,scene07,off,C3b,17,C,3b,0.554623,-12.1066,0.0159,62.3073,6.0804,0
convnext_tiny,44,convnext_tiny_s44,OFF,off/scene07/L5__s20260821__0006.png::boost_e2,scene07,off,D3b,18,D,3b,0.512207,-12.1066,0.0159,62.3073,6.0804,0
convnext_tiny,44,convnext_tiny_s44,OFF,off/scene07/L5__s20260821__0007.png::boost_e2,scene07,off,C3b,17,C,3b,0.552857,-12.7675,1.6425,64.5249,4.4163,0
convnext_tiny,44,convnext_tiny_s44,OFF,off/scene07/L5__s20260821__0007.png::boost_e2,scene07,off,D3b,18,D,3b,0.510254,-12.7675,1.6425,64.5249,4.4163,0
convnext_tiny,44,convnext_tiny_s44,OFF,off/scene07/L7__s20260821__0000.png::boost_e2,scene07,off,C3b,17,C,3b,0.530486,-9.0864,4.975,60.5839,4.6498,0
convnext_tiny,44,convnext_tiny_s44,OFF,off/scene07/L7__s20260821__0001.png::boost_e2,scene07,off,C3b,17,C,3b,0.571678,-8.6491,14.3681,62.653,6.526,0
convnext_tiny,44,convnext_tiny_s44,OFF,off/scene07/L7__s20260821__0001.png::boost_e2,scene07,off,D3b,18,D,3b,0.524034,-8.6491,14.3681,62.653,6.526,0
convnext_tiny,44,convnext_tiny_s44,OFF,off/scene07/L7__s20260821__0002.png::boost_e2,scene07,off,C3b,17,C,3b,0.563744,-11.7553,7.174,61.7523,8.5736,0
convnext_tiny,44,convnext_tiny_s44,OFF,off/scene07/L7__s20260821__0002.png::boost_e2,scene07,off,D3b,18,D,3b,0.503385,-11.7553,7.174,61.7523,8.5736,0
convnext_tiny,44,convnext_tiny_s44,OFF,off/scene07/L7__s20260821__0003.png::boost_e2,scene07,off,C3b,17,C,3b,0.552444,-11.0113,-0.6132,62.5016,7.1387,0
convnext_tiny,44,convnext_tiny_s44,OFF,off/scene07/L7__s20260821__0004.png::boost_e2,scene07,off,C3b,17,C,3b,0.553767,-13.3275,-0.1348,64.6075,6.5636,0
convnext_tiny,44,convnext_tiny_s44,OFF,off/scene07/L7__s20260821__0004.png::boost_e2,scene07,off,D3b,18,D,3b,0.511207,-13.3275,-0.1348,64.6075,6.5636,0
convnext_tiny,44,convnext_tiny_s44,OFF,off/scene07/L7__s20260821__0005.png::boost_e2,scene07,off,C3b,17,C,3b,0.529282,-5.0214,-1.8091,62.1167,8.8712,0
convnext_tiny,44,convnext_tiny_s44,OFF,off/scene07/L7__s20260821__0006.png::boost_e2,scene07,off,B3b,16,B,3b,0.501609,-12.1066,0.0159,62.3073,6.0804,0
convnext_tiny,44,convnext_tiny_s44,OFF,off/scene07/L7__s20260821__0006.png::boost_e2,scene07,off,C3b,17,C,3b,0.575012,-12.1066,0.0159,62.3073,6.0804,0
convnext_tiny,44,convnext_tiny_s44,OFF,off/scene07/L7__s20260821__0006.png::boost_e2,scene07,off,D3b,18,D,3b,0.531397,-12.1066,0.0159,62.3073,6.0804,0
convnext_tiny,44,convnext_tiny_s44,OFF,off/scene07/L7__s20260821__0007.png::boost_e2,scene07,off,C3b,17,C,3b,0.5644,-12.7675,1.6425,64.5249,4.4163,0
convnext_tiny,44,convnext_tiny_s44,OFF,off/scene07/L7__s20260821__0007.png::boost_e2,scene07,off,D3b,18,D,3b,0.503105,-12.7675,1.6425,64.5249,4.4163,0
convnext_tiny,44,convnext_tiny_s44,OFF,off/scene18/L0__s20260821__0000.png::boost_e2,scene18,off,C3b,17,C,3b,0.529488,-8.1314,-6.8834,61.6424,6.9167,0
convnext_tiny,44,convnext_tiny_s44,OFF,off/scene18/L0__s20260821__0001.png::boost_e2,scene18,off,C3b,17,C,3b,0.529483,-11.4302,-0.5328,63.721,4.691,0
convnext_tiny,44,convnext_tiny_s44,OFF,off/scene18/L0__s20260821__0002.png::boost_e2,scene18,off,C3b,17,C,3b,0.529487,-8.9683,14.9838,61.9861,5.8493,0
convnext_tiny,44,convnext_tiny_s44,OFF,off/scene18/L0__s20260821__0003.png::boost_e2,scene18,off,C3b,17,C,3b,0.529486,-11.9451,-8.9088,61.9543,8.2439,0
convnext_tiny,44,convnext_tiny_s44,OFF,off/scene18/L0__s20260821__0004.png::boost_e2,scene18,off,C3b,17,C,3b,0.529487,-5.9762,12.1226,62.7369,6.2891,0
convnext_tiny,44,convnext_tiny_s44,OFF,off/scene18/L0__s20260821__0005.png::boost_e2,scene18,off,C3b,17,C,3b,0.529485,-9.7583,2.6568,60.7358,7.2478,0
convnext_tiny,44,convnext_tiny_s44,OFF,off/scene18/L0__s20260821__0006.png::boost_e2,scene18,off,C3b,17,C,3b,0.529485,-14.0417,8.7955,61.3845,7.5669,0
convnext_tiny,44,convnext_tiny_s44,OFF,off/scene18/L0__s20260821__0007.png::boost_e2,scene18,off,C3b,17,C,3b,0.529486,-10.8723,-9.5014,63.9457,6.7865,0
convnext_tiny,44,convnext_tiny_s44,OFF,off/scene18/L5__s20260821__0000.png::boost_e2,scene18,off,C3b,17,C,3b,0.529489,-8.1314,-6.8834,61.6424,6.9167,0
convnext_tiny,44,convnext_tiny_s44,OFF,off/scene18/L5__s20260821__0001.png::boost_e2,scene18,off,C3b,17,C,3b,0.556851,-11.4302,-0.5328,63.721,4.691,0
convnext_tiny,44,convnext_tiny_s44,OFF,off/scene18/L5__s20260821__0001.png::boost_e2,scene18,off,D3b,18,D,3b,0.517773,-11.4302,-0.5328,63.721,4.691,0
convnext_tiny,44,convnext_tiny_s44,OFF,off/scene18/L5__s20260821__0002.png::boost_e2,scene18,off,C3b,17,C,3b,0.529488,-8.9683,14.9838,61.9861,5.8493,0
convnext_tiny,44,convnext_tiny_s44,OFF,off/scene18/L5__s20260821__0003.png::boost_e2,scene18,off,C3b,17,C,3b,0.529489,-11.9451,-8.9088,61.9543,8.2439,0
convnext_tiny,44,convnext_tiny_s44,OFF,off/scene18/L5__s20260821__0005.png::boost_e2,scene18,off,C3b,17,C,3b,0.529487,-9.7583,2.6568,60.7358,7.2478,0
convnext_tiny,44,convnext_tiny_s44,OFF,off/scene18/L5__s20260821__0007.png::boost_e2,scene18,off,C3b,17,C,3b,0.529489,-10.8723,-9.5014,63.9457,6.7865,0
convnext_tiny,44,convnext_tiny_s44,OFF,off/scene18/L7__s20260821__0000.png::boost_e2,scene18,off,C3b,17,C,3b,0.529489,-8.1314,-6.8834,61.6424,6.9167,0
convnext_tiny,44,convnext_tiny_s44,OFF,off/scene18/L7__s20260821__0001.png::boost_e2,scene18,off,C3b,17,C,3b,0.529486,-11.4302,-0.5328,63.721,4.691,0
convnext_tiny,44,convnext_tiny_s44,OFF,off/scene18/L7__s20260821__0002.png::boost_e2,scene18,off,C3b,17,C,3b,0.529488,-8.9683,14.9838,61.9861,5.8493,0
convnext_tiny,44,convnext_tiny_s44,OFF,off/scene18/L7__s20260821__0003.png::boost_e2,scene18,off,C3b,17,C,3b,0.529487,-11.9451,-8.9088,61.9543,8.2439,0
convnext_tiny,44,convnext_tiny_s44,OFF,off/scene18/L7__s20260821__0004.png::boost_e2,scene18,off,C3b,17,C,3b,0.529488,-5.9762,12.1226,62.7369,6.2891,0
convnext_tiny,44,convnext_tiny_s44,OFF,off/scene18/L7__s20260821__0005.png::boost_e2,scene18,off,C3b,17,C,3b,0.529488,-9.7583,2.6568,60.7358,7.2478,0
convnext_tiny,44,convnext_tiny_s44,OFF,off/scene18/L7__s20260821__0006.png::boost_e2,scene18,off,C3b,17,C,3b,0.529488,-14.0417,8.7955,61.3845,7.5669,0
convnext_tiny,44,convnext_tiny_s44,OFF,off/scene18/L7__s20260821__0007.png::boost_e2,scene18,off,C3b,17,C,3b,0.529488,-10.8723,-9.5014,63.9457,6.7865,0
convnext_tiny,44,convnext_tiny_s44,ON_NEG,on/sceneN3/L0__s20260819__0000.png,sceneN3,none_in_fov,C3b,17,C,3b,0.541192,-16.2467,-6.5053,60.6518,9.1828,0
convnext_tiny,44,convnext_tiny_s44,ON_NEG,on/sceneN3/L0__s20260819__0001.png,sceneN3,none_in_fov,C3b,17,C,3b,0.543456,-12.6534,1.5439,61.04,5.2884,0
convnext_tiny,44,convnext_tiny_s44,ON_NEG,on/sceneN3/L0__s20260819__0002.png,sceneN3,none_in_fov,C3b,17,C,3b,0.541513,-13.1516,1.5693,63.1068,1.7608,0
convnext_tiny,44,convnext_tiny_s44,ON_NEG,on/sceneN3/L0__s20260819__0003.png,sceneN3,none_in_fov,C3b,17,C,3b,0.567412,-9.3231,5.7221,62.1685,8.3724,0
convnext_tiny,44,convnext_tiny_s44,ON_NEG,on/sceneN3/L0__s20260819__0003.png,sceneN3,none_in_fov,D3b,18,D,3b,0.523201,-9.3231,5.7221,62.1685,8.3724,0
convnext_tiny,44,convnext_tiny_s44,ON_NEG,on/sceneN3/L0__s20260819__0004.png,sceneN3,none_in_fov,C3b,17,C,3b,0.5261,-7.3546,-7.2186,63.4074,8.0992,0
convnext_tiny,44,convnext_tiny_s44,ON_NEG,on/sceneN3/L0__s20260819__0005.png,sceneN3,none_in_fov,C3b,17,C,3b,0.52757,-12.2129,-14.4798,63.1796,2.2677,0
convnext_tiny,44,convnext_tiny_s44,ON_NEG,on/sceneN3/L0__s20260819__0006.png,sceneN3,none_in_fov,C3b,17,C,3b,0.514526,-7.7849,2.4667,60.503,4.7311,0
convnext_tiny,44,convnext_tiny_s44,ON_NEG,on/sceneN3/L0__s20260819__0007.png,sceneN3,none_in_fov,C3b,17,C,3b,0.554034,-12.6477,6.8749,62.3125,1.3919,0
convnext_tiny,44,convnext_tiny_s44,ON_NEG,on/sceneN3/L0__s20260819__0007.png,sceneN3,none_in_fov,D3b,18,D,3b,0.505705,-12.6477,6.8749,62.3125,1.3919,0
convnext_tiny,44,convnext_tiny_s44,ON_NEG,on/sceneN3/L5__s20260819__0000.png,sceneN3,none_in_fov,C3b,17,C,3b,0.550086,-16.2467,-6.5053,60.6518,9.1828,0
convnext_tiny,44,convnext_tiny_s44,ON_NEG,on/sceneN3/L5__s20260819__0000.png,sceneN3,none_in_fov,D3b,18,D,3b,0.50043,-16.2467,-6.5053,60.6518,9.1828,0
convnext_tiny,44,convnext_tiny_s44,ON_NEG,on/sceneN3/L5__s20260819__0002.png,sceneN3,none_in_fov,C3b,17,C,3b,0.561705,-13.1516,1.5693,63.1068,1.7608,0
convnext_tiny,44,convnext_tiny_s44,ON_NEG,on/sceneN3/L5__s20260819__0002.png,sceneN3,none_in_fov,D3b,18,D,3b,0.512872,-13.1516,1.5693,63.1068,1.7608,0
convnext_tiny,44,convnext_tiny_s44,ON_NEG,on/sceneN3/L5__s20260819__0004.png,sceneN3,none_in_fov,C3b,17,C,3b,0.534227,-7.3546,-7.2186,63.4074,8.0992,0
convnext_tiny,44,convnext_tiny_s44,ON_NEG,on/sceneN3/L5__s20260819__0005.png,sceneN3,none_in_fov,C3b,17,C,3b,0.559159,-12.2129,-14.4798,63.1796,2.2677,0
convnext_tiny,44,convnext_tiny_s44,ON_NEG,on/sceneN3/L5__s20260819__0005.png,sceneN3,none_in_fov,D3b,18,D,3b,0.510093,-12.2129,-14.4798,63.1796,2.2677,0
convnext_tiny,44,convnext_tiny_s44,ON_NEG,on/sceneN3/L5__s20260819__0007.png,sceneN3,none_in_fov,B3b,16,B,3b,0.523848,-12.6477,6.8749,62.3125,1.3919,0
convnext_tiny,44,convnext_tiny_s44,ON_NEG,on/sceneN3/L5__s20260819__0007.png,sceneN3,none_in_fov,C3b,17,C,3b,0.604888,-12.6477,6.8749,62.3125,1.3919,0
convnext_tiny,44,convnext_tiny_s44,ON_NEG,on/sceneN3/L5__s20260819__0007.png,sceneN3,none_in_fov,D3b,18,D,3b,0.561998,-12.6477,6.8749,62.3125,1.3919,0
convnext_tiny,44,convnext_tiny_s44,ON_NEG,on/sceneN3/L7__s20260819__0000.png,sceneN3,none_in_fov,C3b,17,C,3b,0.545754,-16.2467,-6.5053,60.6518,9.1828,0
convnext_tiny,44,convnext_tiny_s44,ON_NEG,on/sceneN3/L7__s20260819__0001.png,sceneN3,none_in_fov,C3b,17,C,3b,0.536588,-12.6534,1.5439,61.04,5.2884,0
convnext_tiny,44,convnext_tiny_s44,ON_NEG,on/sceneN3/L7__s20260819__0002.png,sceneN3,none_in_fov,C3b,17,C,3b,0.537691,-13.1516,1.5693,63.1068,1.7608,0
convnext_tiny,44,convnext_tiny_s44,ON_NEG,on/sceneN3/L7__s20260819__0003.png,sceneN3,none_in_fov,C3b,17,C,3b,0.538283,-9.3231,5.7221,62.1685,8.3724,0
convnext_tiny,44,convnext_tiny_s44,ON_NEG,on/sceneN3/L7__s20260819__0004.png,sceneN3,none_in_fov,C3b,17,C,3b,0.522019,-7.3546,-7.2186,63.4074,8.0992,0
convnext_tiny,44,convnext_tiny_s44,ON_NEG,on/sceneN3/L7__s20260819__0005.png,sceneN3,none_in_fov,C3b,17,C,3b,0.511824,-12.2129,-14.4798,63.1796,2.2677,0
convnext_tiny,44,convnext_tiny_s44,ON_NEG,on/sceneN3/L7__s20260819__0006.png,sceneN3,none_in_fov,C3b,17,C,3b,0.551046,-7.7849,2.4667,60.503,4.7311,0
convnext_tiny,44,convnext_tiny_s44,ON_NEG,on/sceneN3/L7__s20260819__0006.png,sceneN3,none_in_fov,D3b,18,D,3b,0.507629,-7.7849,2.4667,60.503,4.7311,0
convnext_tiny,44,convnext_tiny_s44,ON_NEG,on/sceneN3/L7__s20260819__0007.png,sceneN3,none_in_fov,C3b,17,C,3b,0.551516,-12.6477,6.8749,62.3125,1.3919,0
convnext_tiny,44,convnext_tiny_s44,ON_NEG,on/sceneN3/L7__s20260819__0007.png,sceneN3,none_in_fov,D3b,18,D,3b,0.505345,-12.6477,6.8749,62.3125,1.3919,0
convnext_tiny,44,convnext_tiny_s44,ON_NEG,on/scene14/L0__s20260820__0002.png::boost_h,scene14,none_in_fov,C3b,17,C,3b,0.529489,-7.0039,2.401,63.1403,11.657,0
convnext_tiny,44,convnext_tiny_s44,ON_NEG,on/scene14/L5__s20260820__0002.png::boost_h,scene14,none_in_fov,C3b,17,C,3b,0.529486,-7.0039,2.401,63.1403,11.657,0
convnext_tiny,44,convnext_tiny_s44,ON_NEG,on/scene14/L7__s20260820__0002.png::boost_h,scene14,none_in_fov,C3b,17,C,3b,0.529489,-7.0039,2.401,63.1403,11.657,0
convnext_tiny,44,convnext_tiny_s44,ON_NEG,on/scene15/L7__s20260820__0000.png::boost_h,scene15,H,C3b,17,C,3b,0.532672,-13.637,-17.7914,62.7559,10.9914,0
convnext_tiny,44,convnext_tiny_s44,ON_NEG,on/scene07/L7__s20260820__0000.png::boost_e,scene07,none_in_fov,C3b,17,C,3b,0.545993,-10.2409,14.1283,61.8254,9.3533,0
convnext_tiny,44,convnext_tiny_s44,ON_NEG,on/scene07/L7__s20260820__0000.png::boost_e,scene07,none_in_fov,D3b,18,D,3b,0.507165,-10.2409,14.1283,61.8254,9.3533,0
convnext_tiny,44,convnext_tiny_s44,ON_NEG,on/scene07/L7__s20260820__0001.png::boost_e,scene07,none_in_fov,C3b,17,C,3b,0.540059,-8.7737,-1.6736,63.801,8.4933,0
convnext_tiny,44,convnext_tiny_s44,ON_NEG,on/scene07/L7__s20260820__0001.png::boost_e,scene07,none_in_fov,D3b,18,D,3b,0.503623,-8.7737,-1.6736,63.801,8.4933,0
convnext_tiny,44,convnext_tiny_s44,ON_NEG,on/scene07/L7__s20260820__0003.png::boost_e,scene07,none_in_fov,C3b,17,C,3b,0.546879,-10.8121,7.6338,61.1751,9.743,0
convnext_tiny,44,convnext_tiny_s44,ON_NEG,on/scene07/L7__s20260820__0003.png::boost_e,scene07,none_in_fov,D3b,18,D,3b,0.509226,-10.8121,7.6338,61.1751,9.743,0
convnext_tiny,44,convnext_tiny_s44,ON_NEG,on/scene07/L7__s20260820__0004.png::boost_e,scene07,none_in_fov,C3b,17,C,3b,0.575466,-11.296,14.3304,62.4153,11.7361,0
convnext_tiny,44,convnext_tiny_s44,ON_NEG,on/scene07/L7__s20260820__0004.png::boost_e,scene07,none_in_fov,D3b,18,D,3b,0.544651,-11.296,14.3304,62.4153,11.7361,0
convnext_tiny,44,convnext_tiny_s44,ON_NEG,on/scene07/L7__s20260820__0007.png::boost_e,scene07,none_in_fov,C3b,17,C,3b,0.555059,-8.8831,-5.8973,62.4612,11.793,0
convnext_tiny,44,convnext_tiny_s44,ON_NEG,on/scene07/L7__s20260820__0007.png::boost_e,scene07,none_in_fov,D3b,18,D,3b,0.516742,-8.8831,-5.8973,62.4612,11.793,0
convnext_tiny,44,convnext_tiny_s44,ON_NEG,on/scene14/L0__s20260820__0002.png::boost_e,scene14,none_in_fov,C3b,17,C,3b,0.529485,-7.0039,2.401,63.1403,11.657,0
convnext_tiny,44,convnext_tiny_s44,ON_NEG,on/scene14/L5__s20260820__0002.png::boost_e,scene14,none_in_fov,C3b,17,C,3b,0.52942,-7.0039,2.401,63.1403,11.657,0
convnext_tiny,44,convnext_tiny_s44,ON_NEG,on/scene14/L7__s20260820__0002.png::boost_e,scene14,none_in_fov,C3b,17,C,3b,0.529468,-7.0039,2.401,63.1403,11.657,0
convnext_tiny,44,convnext_tiny_s44,ON_NEG,on/scene15/L7__s20260820__0000.png::boost_e,scene15,H,C3b,17,C,3b,0.531383,-13.637,-17.7914,62.7559,10.9914,0
convnext_tiny,44,convnext_tiny_s44,ON_NEG,on/scene07/L7__s20260821__0005.png::boost_e2,scene07,none_in_fov,C3b,17,C,3b,0.528445,-5.0214,-1.8091,62.1167,8.8712,0
